time,seconds_elapsed,z,y,x
1789453811652244000,0.069243896484375,0.17470870912075043,0.6857836842536926,-0.19569802284240723
1789453811662183700,0.07918359375,0.1985141783952713,0.7942739725112915,-0.19160474836826324
1789453811672123000,0.089122802734375,0.1588551551103592,0.9404125809669495,-0.2905718982219696
1789453811682061800,0.099061767578125,0.17153632640838623,0.8853017091751099,-0.44796714186668396
1789453811692000800,0.109000732421875,0.23570756614208221,0.8491441607475281,-0.5678889155387878
1789453811701940700,0.118940673828125,0.24232712388038635,0.8706870079040527,-0.7464101910591125
1789453811711879700,0.128879638671875,0.2883894443511963,0.9180958271026611,-0.7440254092216492
1789453811721819000,0.13881884765625,0.39053043723106384,0.9976122975349426,-0.4872303903102875
1789453811731758800,0.1487587890625,0.4531852900981903,0.9794888496398926,-0.09700579941272736
1789453811741697800,0.15869775390625,0.35107356309890747,1.2441918849945068,0.139093816280365
1789453811751636700,0.16863671875,0.16175131499767303,0.997602105140686,0.17351490259170532
1789453811761576000,0.178575927734375,0.11962305009365082,0.4878714680671692,0.22283345460891724
1789453811771516000,0.188515869140625,0.11493656784296036,0.4269556999206543,0.2656715214252472
1789453811781454800,0.198454833984375,0.1463243067264557,0.434225857257843,0.19742029905319214
1789453811791393800,0.208393798828125,0.24562840163707733,0.7102289199829102,0.1340523213148117
1789453811801334000,0.218333984375,0.38375988602638245,0.8771122097969055,0.028113650158047676
1789453811811273000,0.22827294921875,0.5543994307518005,0.776355504989624,-0.14916419982910156
1789453811821212000,0.2382119140625,0.7580782771110535,0.6855981945991516,-0.3169231116771698
1789453811831151900,0.24815185546875,0.9409352540969849,0.7950264811515808,-0.389377236366272
1789453811841090800,0.2580908203125,1.1601916551589966,0.7804672122001648,-0.4652709364891052
1789453811851029800,0.26802978515625,1.4575836658477783,0.8268538117408752,-0.5143520832061768
1789453811860968700,0.27796875,1.8032398223876953,0.9725481867790222,-0.49796217679977417
1789453811870908700,0.28790869140625,2.228757619857788,1.1388612985610962,-0.4028172492980957
1789453811880848000,0.297847900390625,2.891815662384033,1.4608569145202637,-0.26264041662216187
1789453811890786800,0.307786865234375,3.8330941200256348,1.540001630783081,-0.04382861778140068
1789453811900726800,0.317726806640625,4.255388259887695,1.0431119203567505,0.3900836706161499
1789453811910665700,0.327665771484375,3.789440155029297,0.19038136303424835,0.6408592462539673
1789453811920605000,0.33760498046875,1.519073724746704,-0.5029017925262451,0.30428946018218994
1789453811930545000,0.347544921875,-0.5095952153205872,-0.8311446309089661,0.3556331396102905
1789453811940483800,0.35748388671875,-1.2416123151779175,-1.0996372699737549,0.42435574531555176
1789453811950422800,0.3674228515625,-1.2136120796203613,-1.534862756729126,0.18912869691848755
1789453811960362000,0.377362060546875,-0.7058799862861633,-1.8022737503051758,-0.15131357312202454
1789453811970302000,0.387302001953125,-0.17472857236862183,-1.6526371240615845,-0.4691970944404602
1789453811980241000,0.397240966796875,-0.18410849571228027,-0.870022177696228,-0.4771229326725006
1789453811990179800,0.407179931640625,-0.5247353911399841,0.35219141840934753,-0.41097861528396606
1789453812000119800,0.417119873046875,-0.6589831709861755,0.31496042013168335,-0.4982501268386841
1789453812010058800,0.427058837890625,-0.5823760628700256,-0.5838515758514404,-0.7291435599327087
1789453812019998000,0.436998046875,-0.39090675115585327,-1.4016023874282837,-0.8669189810752869
1789453812029937700,0.446937744140625,-0.09435594081878662,-1.8651715517044067,-0.8080255389213562
1789453812039876900,0.456876953125,0.2108050286769867,-2.0618362426757812,-0.5458685159683228
1789453812049815800,0.46681591796875,0.4743124842643738,-2.0957725048065186,-0.12194634228944778
1789453812059754800,0.476754638671875,0.6764799356460571,-2.025974750518799,0.4053414463996887
1789453812069694700,0.48669482421875,0.7952598929405212,-1.7607512474060059,0.9331686496734619
1789453812079634000,0.496634033203125,0.8255389928817749,-1.267295241355896,1.3560967445373535
1789453812089572900,0.50657275390625,0.7596144080162048,-0.8774794340133667,1.489151120185852
1789453812099512800,0.516512939453125,0.5957277417182922,-1.0451568365097046,1.1510844230651855
1789453812109451800,0.52645166015625,0.42285680770874023,-1.2530052661895752,0.5658416152000427
1789453812119391000,0.536390869140625,0.25842177867889404,-0.7191131114959717,-0.18340198695659637
1789453812129331000,0.5463310546875,0.24645398557186127,-0.2660389244556427,-0.5448867678642273
1789453812139270000,0.556269775390625,0.2873130142688751,0.12430217862129211,-0.8438335061073303
1789453812149208800,0.566208740234375,0.28817489743232727,0.2738824188709259,-1.163849949836731
1789453812159149000,0.576149169921875,0.257746160030365,0.18042626976966858,-1.470845341682434
1789453812169088000,0.586087890625,0.17169713973999023,0.07479563355445862,-1.654852032661438
1789453812179027000,0.59602685546875,0.02965584024786949,0.07002884149551392,-1.6260669231414795
1789453812188966700,0.605966552734375,-0.05790436640381813,0.13940179347991943,-1.4157278537750244
1789453812198905900,0.61590576171875,-0.03325734660029411,-0.0830531194806099,-1.0113043785095215
1789453812208844800,0.6258447265625,0.07245314121246338,-0.415533185005188,-0.5795806050300598
1789453812218783700,0.63578369140625,0.14251556992530823,-0.7441542148590088,-0.20894502103328705
1789453812228723700,0.6457236328125,0.13634301722049713,-1.014724850654602,0.10469327121973038
1789453812238663000,0.655662841796875,0.021940546110272408,-1.0209547281265259,0.3863012492656708
1789453812248601900,0.665601806640625,-0.1429188847541809,-0.7621667385101318,0.6846962571144104
1789453812258541800,0.675541748046875,-0.27382925152778625,-0.362922728061676,0.9945031404495239
1789453812268480800,0.685480712890625,-0.33100053668022156,0.05937301367521286,1.2519824504852295
1789453812278420200,0.695420166015625,-0.32556796073913574,0.37717440724372864,1.3775558471679688
1789453812288360200,0.705360107421875,-0.28664278984069824,0.4353104829788208,1.3014274835586548
1789453812298299100,0.715299072265625,-0.20383551716804504,0.05182887986302376,0.8682950139045715
1789453812308238000,0.725238037109375,-0.09377811849117279,-0.3733961582183838,0.29406657814979553
1789453812318178300,0.73517822265625,-0.08663871139287949,-0.21992190182209015,0.04403570666909218
1789453812328117200,0.7451171875,-0.1804509162902832,0.12003317475318909,-0.007216908503323793
1789453812338056200,0.75505615234375,-0.24539290368556976,0.28607621788978577,0.038026999682188034
1789453812347996200,0.76499609375,-0.2916831374168396,0.34608712792396545,0.20932833850383759
1789453812357935000,0.77493505859375,-0.2618490755558014,0.320983350276947,0.4186032712459564
1789453812367874000,0.7848740234375,-0.14348185062408447,0.3056720197200775,0.5249539613723755
1789453812377814000,0.79481396484375,-0.009967993944883347,0.24094043672084808,0.5195037722587585
1789453812387753200,0.804753173828125,0.08336789160966873,0.2323930859565735,0.4113374948501587
1789453812397692200,0.814692138671875,0.14657776057720184,0.30160385370254517,0.29099562764167786
1789453812407632100,0.824632080078125,0.21057897806167603,0.3182046413421631,0.24036023020744324
1789453812417571000,0.834571044921875,0.26866304874420166,0.3379780948162079,0.27844688296318054
1789453812427510000,0.844510009765625,0.24533306062221527,0.28994226455688477,0.3805443048477173
1789453812437450200,0.8544501953125,0.12664581835269928,0.17565588653087616,0.5011482238769531
1789453812447389200,0.86438916015625,-0.026249127462506294,0.13062632083892822,0.6154384016990662
1789453812457328000,0.874328125,-0.12534135580062866,0.1740877777338028,0.6812599897384644
1789453812467268400,0.884268310546875,-0.13321787118911743,0.19592536985874176,0.6811846494674683
1789453812477207300,0.894207275390625,-0.10554283857345581,0.06268315017223358,0.5776204466819763
1789453812487146200,0.904146240234375,-0.080940842628479,-0.11655540019273758,0.44216009974479675
1789453812497086000,0.9140859375,-0.02735271491110325,-0.2099391371011734,0.3048349916934967
1789453812507025200,0.924025146484375,-0.0006480172742158175,-0.25328588485717773,0.16289351880550385
1789453812516964000,0.933964111328125,-0.04628714174032211,-0.23620730638504028,0.05959722027182579
1789453812526904000,0.943904052734375,-0.10571249574422836,-0.18013674020767212,-0.0026593704242259264
1789453812536843000,0.953843017578125,-0.12442919611930847,-0.14625893533229828,-0.052714280784130096
1789453812546782200,0.9637822265625,-0.11873070150613785,-0.1301514059305191,-0.07803992927074432
1789453812556722200,0.97372216796875,-0.11492504924535751,-0.08841674029827118,-0.06388390064239502
1789453812566661000,0.9836611328125,-0.11009959131479263,-0.03539713844656944,-0.041448526084423065
1789453812576600000,0.99360009765625,-0.1064438670873642,-0.052623264491558075,-0.00027952040545642376
1789453812586539000,1.0035390625,-0.07959640026092529,-0.12958593666553497,0.047050077468156815
1789453812596479200,1.013479248046875,-0.02866264618933201,-0.25970959663391113,0.07394028455018997
1789453812606418200,1.023418212890625,0.03111913800239563,-0.3687058091163635,0.07860368490219116
1789453812616357000,1.033357177734375,0.0684254989027977,-0.4455646276473999,0.05162079632282257
1789453812626297300,1.04329736328125,0.044066812843084335,-0.42139118909835815,0.009591486304998398
1789453812636236300,1.053236328125,-0.009995889849960804,-0.25867071747779846,-0.06637997925281525
1789453812646175200,1.06317529296875,-0.060365237295627594,-0.053614433854818344,-0.14758898317813873
1789453812656115000,1.073114990234375,-0.10271988809108734,0.08760207891464233,-0.19554612040519714
1789453812666054100,1.08305419921875,-0.14478978514671326,0.13216395676136017,-0.20617058873176575
1789453812675993000,1.0929931640625,-0.15083089470863342,0.09562965482473373,-0.21786852180957794
1789453812685933000,1.10293310546875,-0.12056820094585419,0.04076158255338669,-0.24927541613578796
1789453812695872000,1.1128720703125,-0.07977283000946045,-0.014018312096595764,-0.2834579050540924
1789453812705811000,1.12281103515625,-0.05474020168185234,-0.09892822802066803,-0.3051849901676178
1789453812715751200,1.132751220703125,-0.03911836817860603,-0.18369291722774506,-0.28896206617355347
1789453812725690000,1.142690185546875,-0.028811831027269363,-0.2353903204202652,-0.2524966895580292
1789453812735629000,1.152629150390625,-0.02843499183654785,-0.2470877319574356,-0.21308349072933197
1789453812745569300,1.1625693359375,-0.013225899077951908,-0.185995414853096,-0.19115182757377625
1789453812755508200,1.17250830078125,0.010752935893833637,-0.1197652667760849,-0.18118815124034882
1789453812765447200,1.182447265625,0.02432882972061634,-0.061486393213272095,-0.18275734782218933
1789453812775387100,1.19238720703125,0.032470911741256714,-0.018660100176930428,-0.19171862304210663
1789453812785326300,1.202326416015625,0.01788116618990898,-0.004259658046066761,-0.2312658131122589
1789453812795265300,1.212265380859375,-0.010041811503469944,0.010437795892357826,-0.27627429366111755
1789453812805205000,1.222205078125,0.005762382876127958,-0.003023693338036537,-0.30239561200141907
1789453812815144000,1.23214404296875,0.028986211866140366,-0.12877069413661957,-0.30959784984588623
1789453812825083100,1.242083251953125,0.04747636616230011,-0.3216681480407715,-0.24783098697662354
1789453812835023000,1.252023193359375,0.09048108756542206,-0.47760769724845886,-0.1313142329454422
1789453812844962000,1.261962158203125,0.042473163455724716,-0.5245993733406067,-0.045621324330568314
1789453812854902000,1.271902099609375,0.016488170251250267,-0.41309627890586853,0.0231311097741127
1789453812864841200,1.28184130859375,0.04099392890930176,-0.12144812196493149,0.02259374037384987
1789453812874780200,1.2917802734375,-0.018827591091394424,0.15202070772647858,0.03130333870649338
1789453812884719000,1.301718994140625,-0.07682672888040543,0.25853538513183594,0.11002250015735626
1789453812894659000,1.3116591796875,-0.07537663727998734,0.22948536276817322,0.2452825903892517
1789453812904598300,1.321598388671875,-0.05055110901594162,0.04048561677336693,0.36843910813331604
1789453812914538200,1.331538330078125,0.05732502415776253,-0.199132040143013,0.46521225571632385
1789453812924477200,1.341477294921875,0.19061900675296783,-0.4018569886684418,0.45812445878982544
1789453812934416100,1.351416015625,0.3044068515300751,-0.49184492230415344,0.3620850145816803
1789453812944356000,1.361356201171875,0.4119250476360321,-0.3138118088245392,0.18829642236232758
1789453812954295000,1.371294921875,0.4726584255695343,-0.09718842804431915,0.04141058027744293
1789453812964234200,1.381234130859375,0.484994113445282,0.009468982927501202,-0.013353439047932625
1789453812974174000,1.391174072265625,0.5323863625526428,0.03601191192865372,0.016555458307266235
1789453812984113200,1.401113037109375,0.5491120219230652,-0.10112664848566055,0.10178107768297195
1789453812994052000,1.411052001953125,0.5831024646759033,-0.2736097276210785,0.19848045706748962
1789453813003992000,1.420991943359375,0.6092514395713806,-0.39213284850120544,0.2343606948852539
1789453813013931000,1.430930908203125,0.6876722574234009,-0.39037302136421204,0.17423531413078308
1789453813023870200,1.4408701171875,0.744111955165863,-0.32995569705963135,0.06392217427492142
1789453813033810200,1.45081005859375,0.762189507484436,-0.27808505296707153,-0.07513531297445297
1789453813043749000,1.4607490234375,0.8148375749588013,-0.21946805715560913,-0.2300194799900055
1789453813053688000,1.47068798828125,0.930670976638794,-0.1507451832294464,-0.35333502292633057
1789453813063628300,1.480628173828125,1.094480037689209,-0.187269389629364,-0.3877882957458496
1789453813073567200,1.490567138671875,1.3261287212371826,-0.3272011876106262,-0.3197048604488373
1789453813083506200,1.500506103515625,1.6003391742706299,-0.5449676513671875,-0.19892990589141846
1789453813093446100,1.510446044921875,1.8564902544021606,-0.8475538492202759,-0.10408302396535873
1789453813103385000,1.520385009765625,2.081538200378418,-1.1543132066726685,-0.034828636795282364
1789453813113324300,1.53032421875,2.274928092956543,-1.3853509426116943,-0.02320074290037155
1789453813123264000,1.540263916015625,2.4483842849731445,-1.4801732301712036,-0.07179244607686996
1789453813133203000,1.550202880859375,1.7702324390411377,-1.6421866416931152,-0.26470568776130676
1789453813143142100,1.56014208984375,1.1262621879577637,-1.8130455017089844,-0.5023075342178345
1789453813153082000,1.57008203125,0.9389774799346924,-1.836995005607605,-0.772823691368103
1789453813163021000,1.58002099609375,1.0156784057617188,-1.9846934080123901,-1.2383556365966797
1789453813172960000,1.5899599609375,1.4462792873382568,-2.3582942485809326,-1.79636812210083
1789453813182900200,1.599900146484375,2.3292717933654785,-2.2334866523742676,-2.2063076496124268
1789453813192839200,1.609839111328125,3.6469178199768066,-2.3719732761383057,-2.847200870513916
1789453813202778000,1.619778076171875,4.659215450286865,-1.9096235036849976,-3.350135564804077
1789453813212718300,1.62971826171875,5.368073463439941,-1.5106358528137207,-3.7853660583496094
1789453813222657300,1.6396572265625,6.222062587738037,-1.7930629253387451,-4.121073246002197
1789453813232596200,1.64959619140625,6.97200345993042,-2.1190593242645264,-4.181242942810059
1789453813242536200,1.6595361328125,7.2952351570129395,-2.3199856281280518,-4.047300338745117
1789453813252475100,1.66947509765625,7.339727878570557,-2.5058469772338867,-3.8833000659942627
1789453813262415000,1.6794150390625,7.074540138244629,-2.6021692752838135,-3.624509334564209
1789453813272354000,1.68935400390625,6.608186721801758,-2.9310948848724365,-3.1982243061065674
1789453813282293200,1.699293212890625,5.985294342041016,-3.6022756099700928,-2.5288004875183105
1789453813292233200,1.709233154296875,5.157214641571045,-4.134427070617676,-1.5112433433532715
1789453813302172200,1.719172119140625,4.319073677062988,-4.5595879554748535,-0.30408915877342224
1789453813312111000,1.729111083984375,3.8719170093536377,-5.810491561889648,0.8799031972885132
1789453813322051300,1.73905126953125,3.8917477130889893,-7.044229030609131,1.9916977882385254
1789453813331990300,1.748990234375,3.978335380554199,-7.00111198425293,2.7822718620300293
1789453813341929200,1.75892919921875,3.936598539352417,-6.313272476196289,2.853743314743042
1789453813351869200,1.768869140625,3.839608669281006,-6.192117691040039,2.8917794227600098
1789453813361808400,1.778808349609375,3.529907464981079,-6.362722873687744,3.026468515396118
1789453813371747300,1.788747314453125,3.1830430030822754,-6.326661586761475,3.0292670726776123
1789453813381687000,1.79868701171875,2.7578794956207275,-5.783977508544922,3.048961877822876
1789453813391626200,1.808626220703125,2.6597719192504883,-4.204948425292969,2.07405948638916
1789453813401566200,1.818566162109375,2.898256301879883,-1.969282865524292,0.868572473526001
1789453813411505200,1.828505126953125,3.0223186016082764,-1.2188727855682373,0.05168000981211662
1789453813421444000,1.838444091796875,2.5187010765075684,-1.0756888389587402,-0.6578285098075867
1789453813431384300,1.84838427734375,1.9493194818496704,-0.93308025598526,-1.2884770631790161
1789453813441323300,1.8583232421875,1.8675847053527832,-0.4266994595527649,-1.6050876379013062
1789453813451262200,1.86826220703125,2.153855800628662,-0.19266194105148315,-1.7329140901565552
1789453813461202200,1.8782021484375,2.292724370956421,-0.12677347660064697,-1.624163269996643
1789453813471141400,1.888141357421875,2.2582597732543945,-0.21137677133083344,-1.2060065269470215
1789453813481080300,1.898080322265625,2.3103983402252197,-0.30904653668403625,-0.72785484790802
1789453813491020300,1.908020263671875,2.216264247894287,-0.37476134300231934,-0.35262399911880493
1789453813500959200,1.917959228515625,2.0303685665130615,-0.4777880311012268,-0.020130744203925133
1789453813510898200,1.927898193359375,1.841031551361084,-0.6145405769348145,0.30184194445610046
1789453813520838100,1.937838134765625,1.66537606716156,-0.6924837231636047,0.6486064195632935
1789453813530777000,1.947777099609375,1.5200127363204956,-0.7563833594322205,1.0519760847091675
1789453813540717000,1.957717041015625,1.4677834510803223,-0.9403656721115112,1.4044684171676636
1789453813550656300,1.96765625,1.4732247591018677,-1.0783137083053589,1.6275036334991455
1789453813560595200,1.97759521484375,1.4772624969482422,-1.337111473083496,1.7259423732757568
1789453813570535200,1.98753515625,1.4803011417388916,-1.421468734741211,1.7534162998199463
1789453813580474000,1.99747412109375,1.5347566604614258,-1.3360340595245361,1.6228907108306885
1789453813590413300,2.007413330078125,1.3387573957443237,-0.5779008269309998,0.8656569123268127
1789453813600353300,2.017353271484375,1.3706763982772827,-1.1524261236190796,0.7406004667282104
1789453813610292200,2.027292236328125,0.7747759819030762,-0.10760068893432617,-0.4529506266117096
1789453813620231200,2.037231201171875,0.29074451327323914,-0.08481260389089584,-1.329514980316162
1789453813630171400,2.04717138671875,-0.20172323286533356,0.08351275324821472,-1.532623052597046
1789453813640110300,2.0571103515625,-0.5084937810897827,0.4015919864177704,-1.6432416439056396
1789453813650050000,2.067050048828125,-0.7184997200965881,0.6898610591888428,-1.5709762573242188
1789453813659989000,2.076989013671875,-1.177121639251709,0.7542631030082703,-1.6955366134643555
1789453813669928200,2.08692822265625,-1.5777866840362549,0.7409536838531494,-1.9133321046829224
1789453813679868200,2.0968681640625,-1.9129152297973633,0.6188320517539978,-1.8184412717819214
1789453813689807000,2.10680712890625,-2.133589744567871,0.6180450916290283,-1.5634279251098633
1789453813699746000,2.11674609375,-2.1388487815856934,0.6715080142021179,-1.3318969011306763
1789453813709686300,2.126686279296875,-1.9641450643539429,0.6213170289993286,-1.4751838445663452
1789453813719625200,2.136625244140625,-1.8563603162765503,0.13461101055145264,-1.6627917289733887
1789453813729564200,2.146564208984375,-1.728176236152649,-0.4599711298942566,-1.6451187133789062
1789453813739504400,2.15650439453125,-1.718559980392456,-1.0842094421386719,-1.5352681875228882
1789453813749443300,2.166443359375,-1.6530648469924927,-2.1598310470581055,-1.2933738231658936
1789453813759383300,2.17638330078125,-1.5498906373977661,-3.2886314392089844,-0.6981358528137207
1789453813769322200,2.186322265625,-1.9281647205352783,-3.9456043243408203,-0.0187059473246336
1789453813779261200,2.19626123046875,-2.626648426055908,-4.2634429931640625,0.5084890723228455
1789453813789201200,2.206201171875,-2.7579431533813477,-4.491568088531494,0.7431015372276306
1789453813799140000,2.21614013671875,-2.7329745292663574,-3.810657024383545,0.5816599130630493
1789453813809079300,2.226079345703125,-2.9926040172576904,-2.664607524871826,0.6218398213386536
1789453813819019300,2.236019287109375,-3.510136127471924,-1.8354984521865845,0.28741514682769775
1789453813828958200,2.245958251953125,-4.219624996185303,-2.120608329772949,0.029753781855106354
1789453813838897200,2.255897216796875,-5.33596134185791,-2.138619899749756,0.7063472270965576
1789453813848837000,2.265837158203125,-5.21471643447876,-2.157928228378296,0.8873851895332336
1789453813858776300,2.2757763671875,-4.04190731048584,-0.9842929244041443,0.573172926902771
1789453813868716300,2.28571630859375,-2.7533016204833984,0.5063891410827637,-0.03782068192958832
1789453813878655200,2.2956552734375,-1.789046049118042,-0.33171573281288147,0.35469910502433777
1789453813888594200,2.30559423828125,-1.6319416761398315,-1.290203332901001,1.2668997049331665
1789453813898534400,2.315534423828125,-1.5361336469650269,-2.677799940109253,2.3506267070770264
1789453813908473300,2.325473388671875,-1.1666227579116821,-3.0535197257995605,3.0067086219787598
1789453813918412300,2.335412353515625,-0.7240618467330933,-2.4798853397369385,2.7572977542877197
1789453813928352000,2.34535205078125,-0.41550880670547485,-1.4703805446624756,1.93975031375885
1789453813938291200,2.355291259765625,-0.06254887580871582,-0.4893810451030731,0.9385823607444763
1789453813948231200,2.365231201171875,-0.11769974231719971,0.12970590591430664,0.03527835011482239
1789453813958170000,2.375170166015625,-0.34502696990966797,0.5475178360939026,-0.4928398132324219
1789453813968109000,2.385109130859375,-0.29824188351631165,0.9045944809913635,-0.6831985712051392
1789453813978049300,2.39504931640625,-0.01468011923134327,1.1500136852264404,-0.7201300859451294
1789453813987988200,2.40498828125,0.33000457286834717,0.9368395805358887,-0.6369699835777283
1789453813997927200,2.41492724609375,0.8585679531097412,0.8432987928390503,-0.3556344509124756
1789453814007867400,2.424867431640625,1.5306951999664307,1.0157359838485718,-0.3271830976009369
1789453814017806300,2.434806396484375,2.350696086883545,1.4699846506118774,-0.6651109457015991
1789453814027746300,2.444746337890625,3.189180612564087,1.8778126239776611,-0.8993759155273438
1789453814037685200,2.454685302734375,3.3940558433532715,1.0889264345169067,-0.5885892510414124
1789453814047624200,2.464624267578125,3.124880075454712,0.8032546639442444,-0.35372936725616455
1789453814057564200,2.474564208984375,2.921170949935913,0.8140096664428711,-0.39170050621032715
1789453814067503000,2.484503173828125,2.839491128921509,0.8512952327728271,-0.5383296608924866
1789453814077442000,2.494442138671875,3.05012583732605,0.34847530722618103,-1.048943042755127
1789453814087382300,2.50438232421875,2.9635539054870605,1.0628728866577148,-1.1583552360534668
1789453814097321200,2.5143212890625,2.907167673110962,1.5534734725952148,-1.267288088798523
1789453814107261200,2.52426123046875,2.217947483062744,1.85093355178833,-1.560372233390808
1789453814117200100,2.5342001953125,0.9723671078681946,1.5717215538024902,-1.3522874116897583
1789453814127139300,2.544139404296875,0.1496892273426056,0.8132895231246948,-0.6580812335014343
1789453814137079300,2.554079345703125,0.17818069458007812,0.7345943450927734,-0.5632064938545227
1789453814147018200,2.564018310546875,0.19721563160419464,0.6236047148704529,-0.6707212328910828
1789453814156957200,2.573957275390625,0.16931064426898956,0.7815911769866943,-0.7168933749198914
1789453814166897400,2.5838974609375,0.10490955412387848,1.1969321966171265,-0.7024672627449036
1789453814176836400,2.59383642578125,0.04928367957472801,1.381911277770996,-0.7545599341392517
1789453814186776000,2.603776123046875,0.10658984631299973,1.5311822891235352,-0.745643138885498
1789453814196715000,2.613715087890625,0.22853799164295197,1.1292917728424072,-0.9025187492370605
1789453814206654200,2.623654296875,0.49324873089790344,0.5123156905174255,-1.1251145601272583
1789453814216594200,2.63359423828125,0.5288533568382263,0.8257503509521484,-1.0506587028503418
1789453814226533000,2.643533203125,0.48528218269348145,1.8058098554611206,-0.28568464517593384
1789453814236472000,2.65347216796875,0.3787373900413513,0.7408632636070251,-0.3096524775028229
1789453814246412300,2.663412353515625,0.16592098772525787,-1.320196509361267,-0.6933141350746155
1789453814256351200,2.673351318359375,0.454595148563385,-2.7138962745666504,-1.377152442932129
1789453814266291200,2.683291259765625,0.8197440505027771,-2.1322057247161865,-0.5978249311447144
1789453814276230100,2.693230224609375,0.8188369274139404,-1.8862468004226685,0.015995360910892487
1789453814286170000,2.703170166015625,0.3413885831832886,-1.1356995105743408,0.4728875458240509
1789453814296109800,2.71310986328125,-0.07188987731933594,-0.3006443381309509,0.4567963778972626
1789453814306049000,2.723049072265625,-0.14312463998794556,0.3732272982597351,-0.08534437417984009
1789453814315988000,2.732988037109375,-0.0674518346786499,0.06287669390439987,-0.418235182762146
1789453814325928000,2.742927978515625,-0.0413278229534626,0.20883630216121674,-0.5575302243232727
1789453814335867000,2.752866943359375,-0.04165751487016678,0.48112592101097107,-0.6546661853790283
1789453814345807000,2.76280712890625,-0.10791536420583725,0.44841164350509644,-0.5208620429039001
1789453814355746000,2.77274609375,-0.17839017510414124,0.3399316072463989,-0.24088655412197113
1789453814365685000,2.78268505859375,-0.19922487437725067,0.11670222133398056,0.06611838936805725
1789453814375625000,2.792625,-0.11377006024122238,0.051751915365457535,0.3283475637435913
1789453814385564200,2.802564208984375,-0.02884690836071968,0.02934541180729866,0.5950956344604492
1789453814395503000,2.812503173828125,-0.03643152117729187,-0.1466149538755417,0.8792809844017029
1789453814405443000,2.822443115234375,-0.1390247344970703,-0.5231302380561829,1.142660140991211
1789453814415382000,2.832382080078125,-0.42452093958854675,-0.8482968807220459,1.115678310394287
1789453814425322000,2.842322021484375,-0.692413866519928,-1.08632493019104,0.7086794376373291
1789453814435261000,2.852260986328125,-0.610500156879425,-1.5881396532058716,0.7107482552528381
1789453814445200000,2.862199951171875,-0.7749130725860596,-2.771479606628418,0.6966001987457275
1789453814455140000,2.87214013671875,-0.944042980670929,-4.124725341796875,0.6960399150848389
1789453814465079000,2.8820791015625,-1.2318830490112305,-5.006784915924072,0.6576139330863953
1789453814475019000,2.89201904296875,-1.3755708932876587,-5.058259010314941,0.5085496306419373
1789453814484958000,2.9019580078125,-0.7741504311561584,-4.006073951721191,0.3523597717285156
1789453814494897200,2.911897216796875,0.19259577989578247,-1.8672810792922974,0.20340949296951294
1789453814504837000,2.921837158203125,1.0872248411178589,-0.07817606627941132,-0.2583964765071869
1789453814514776000,2.931776123046875,1.0498582124710083,1.721584677696228,-0.47680220007896423
1789453814524715800,2.9417158203125,0.9744814038276672,1.9854620695114136,-0.9950125813484192
1789453814534655000,2.951655029296875,1.037725806236267,2.0159151554107666,-1.3188729286193848
1789453814544594200,2.96159423828125,1.1446243524551392,1.66770339012146,-1.3688069581985474
1789453814554534000,2.971533935546875,1.5018595457077026,0.48761290311813354,-1.1384836435317993
1789453814564472800,2.981472900390625,1.5219322443008423,0.038267582654953,-0.872576892375946
1789453814574412000,2.991412109375,1.1408710479736328,0.20902380347251892,-0.8261575698852539
1789453814584352000,3.00135205078125,1.4999312162399292,1.0916558504104614,-0.9641151428222656
1789453814594291000,3.011291015625,1.7358144521713257,2.781440496444702,-0.9693616032600403
1789453814604231200,3.021231201171875,3.3441922664642334,4.175933361053467,-0.27458178997039795
1789453814614170000,3.031170166015625,3.850816249847412,5.402586936950684,-1.0129332542419434
1789453814624109000,3.041109130859375,3.1055381298065186,3.623324394226074,-1.5056430101394653
1789453814634049000,3.051049072265625,2.444444417953491,1.2968275547027588,-2.1520802974700928
1789453814643988000,3.060988037109375,2.813429117202759,1.1927794218063354,-2.192272424697876
1789453814653928000,3.070927978515625,3.218881607055664,1.7604252099990845,-1.516261339187622
1789453814663867000,3.080866943359375,2.4291329383850098,0.37685632705688477,-1.9469330310821533
1789453814673806000,3.09080615234375,1.4729664325714111,-1.0643173456192017,-2.3490867614746094
1789453814683746000,3.10074609375,1.2872413396835327,-1.0723457336425781,-2.1532411575317383
1789453814693685000,3.11068505859375,1.729705810546875,-1.3804571628570557,-1.9691969156265259
1789453814703625000,3.120625,1.8341400623321533,-2.1491281986236572,-1.7319766283035278
1789453814713564000,3.13056396484375,1.6307451725006104,-1.747174859046936,-1.4593464136123657
1789453814723503000,3.140503173828125,1.7844247817993164,-1.0212714672088623,-0.7160353660583496
1789453814733443000,3.150443115234375,2.0095534324645996,-0.01969495788216591,0.12726184725761414
1789453814743382000,3.160382080078125,2.2703170776367188,0.48309680819511414,1.0284976959228516
1789453814753322200,3.170322265625,2.1343469619750977,1.3305150270462036,1.2681171894073486
1789453814763261200,3.18026123046875,1.4765040874481201,1.0635600090026855,0.25820714235305786
1789453814773200100,3.1902001953125,1.2633856534957886,0.9659992456436157,0.6206152439117432
1789453814783139800,3.200139892578125,0.21677666902542114,0.17812566459178925,-0.22582761943340302
1789453814793078800,3.210078857421875,-0.3169049918651581,-0.339005708694458,-0.7346387505531311
1789453814803019000,3.22001904296875,-0.5172072052955627,-0.40541428327560425,-0.9953065514564514
1789453814812958000,3.2299580078125,-0.7168920636177063,-0.47597625851631165,-1.3031338453292847
1789453814822897000,3.23989697265625,-0.9246407747268677,-0.5355298519134521,-1.7536128759384155
1789453814832837000,3.249837158203125,-1.1483529806137085,-0.6809133887290955,-2.039179563522339
1789453814842776000,3.259776123046875,-1.4150546789169312,-1.0786677598953247,-2.2935311794281006
1789453814852716000,3.269716064453125,-1.6559425592422485,-1.4385054111480713,-2.5551958084106445
1789453814862655000,3.279655029296875,-1.8225771188735962,-1.2257134914398193,-2.3459017276763916
1789453814872594200,3.28959423828125,-1.808792233467102,-0.8752830624580383,-1.9705135822296143
1789453814882534100,3.2995341796875,-1.837572693824768,0.13958531618118286,-1.3706239461898804
1789453814892473000,3.30947314453125,-1.2713274955749512,0.49922531843185425,-1.3366124629974365
1789453814902413000,3.3194130859375,-0.7899984121322632,-0.05867021158337593,-1.0774024724960327
1789453814912352000,3.32935205078125,-0.580325722694397,-0.32013624906539917,-0.49078792333602905
1789453814922291000,3.339291015625,-0.32612380385398865,-0.31284719705581665,-0.310425341129303
1789453814932231000,3.34923095703125,-0.24200525879859924,-0.34527677297592163,-0.5902585387229919
1789453814942169900,3.359169921875,-0.25677594542503357,-0.3924371004104614,-0.8831140995025635
1789453814952110000,3.369110107421875,-0.351178377866745,-0.1798403412103653,-0.8201239705085754
1789453814962049000,3.379049072265625,-0.3854082524776459,-0.11630584299564362,-0.8008192777633667
1789453814971988000,3.388988037109375,-0.34420046210289,-0.1871235966682434,-0.8628369569778442
1789453814981928200,3.39892822265625,-0.30383679270744324,-0.2335566133260727,-0.8130542039871216
1789453814991867100,3.4088671875,-0.2696014642715454,-0.26037946343421936,-0.6890887022018433
1789453815001806800,3.418806884765625,-0.23806537687778473,-0.5210944414138794,-0.8527591228485107
1789453815011746000,3.42874609375,-0.23083467781543732,-0.5210054516792297,-0.8615142107009888
1789453815021685200,3.438685302734375,-0.29691967368125916,-0.32314586639404297,-0.721551239490509
1789453815031625000,3.448625,-0.33971288800239563,-0.23559604585170746,-0.6215972304344177
1789453815041564000,3.45856396484375,-0.3683679699897766,-0.12108170986175537,-0.550592839717865
1789453815051503900,3.46850390625,-0.3416270315647125,-0.1745871752500534,-0.5221205353736877
1789453815061443000,3.478443115234375,-0.3482731878757477,-0.23823300004005432,-0.5252074003219604
1789453815071382000,3.488382080078125,-0.44786301255226135,-0.1597958654165268,-0.44144806265830994
1789453815081322000,3.498322021484375,-0.5608393549919128,-0.039436161518096924,-0.2804506719112396
1789453815091261000,3.508260986328125,-0.6114276051521301,0.01771906018257141,-0.17919346690177917
1789453815101201200,3.518201171875,-0.6345440745353699,-0.037068821489810944,-0.15754781663417816
1789453815111140000,3.52814013671875,-0.6594640016555786,-0.20999298989772797,-0.21190713346004486
1789453815121079000,3.5380791015625,-0.6507301330566406,-0.3727933466434479,-0.29794052243232727
1789453815131019000,3.54801904296875,-0.6292101740837097,-0.35935503244400024,-0.26457077264785767
1789453815140958000,3.5579580078125,-0.6097842454910278,-0.31603550910949707,-0.13604636490345
1789453815150898000,3.56789794921875,-0.6550469994544983,-0.28579652309417725,-0.04651652276515961
1789453815160836900,3.5778369140625,-0.6730137467384338,-0.3653685748577118,-0.10282693058252335
1789453815170777000,3.587777099609375,-0.7136196494102478,-0.2825266122817993,-0.10338067263364792
1789453815180716000,3.597716064453125,-0.6961749196052551,-0.2733334004878998,-0.03565329313278198
1789453815190655000,3.607655029296875,-0.7555275559425354,-0.25175952911376953,0.03822154551744461
1789453815200595000,3.617594970703125,-0.7660741806030273,-0.3489031195640564,-0.022093195468187332
1789453815210534100,3.6275341796875,-0.7741130590438843,-0.15619558095932007,-0.001906039658933878
1789453815220474000,3.63747412109375,-0.686120331287384,-0.11192824691534042,0.07872168719768524
1789453815230413000,3.6474130859375,-0.6629511713981628,0.0693126767873764,0.12403713166713715
1789453815240352000,3.65735205078125,-0.6922627687454224,0.3493075668811798,0.11587560176849365
1789453815250292000,3.6672919921875,-0.6782142519950867,0.2555852234363556,0.05302371084690094
1789453815260231000,3.67723095703125,-0.5450439453125,0.1938670128583908,0.06089814752340317
1789453815270171400,3.68717138671875,-0.46066680550575256,0.32704055309295654,0.1817096620798111
1789453815280110600,3.697110595703125,-0.5006256699562073,0.45316892862319946,0.38303321599960327
1789453815290050600,3.707050537109375,-0.4924479126930237,0.373347669839859,0.2877381443977356
1789453815299989500,3.716989501953125,-0.5068297982215881,0.2654038965702057,0.29906246066093445
1789453815309928400,3.726928466796875,-0.4213868975639343,0.2352319061756134,0.39017894864082336
1789453815319868700,3.73686865234375,-0.2931887209415436,0.2544335424900055,0.41374659538269043
1789453815329807600,3.7468076171875,-0.21338622272014618,0.37644848227500916,0.468262642621994
1789453815339747300,3.756747314453125,-0.18686646223068237,0.3941020369529724,0.5245776176452637
1789453815349686500,3.7666865234375,-0.22242049872875214,0.23543794453144073,0.5251410603523254
1789453815359625500,3.77662548828125,-0.28996041417121887,0.14517968893051147,0.5381761193275452
1789453815369565400,3.7865654296875,-0.3362762928009033,0.09039144963026047,0.5316511392593384
1789453815379504400,3.79650439453125,-0.34669244289398193,0.09274301677942276,0.49178704619407654
1789453815389444600,3.806444580078125,-0.320272833108902,0.17003540694713593,0.5219108462333679
1789453815399383600,3.816383544921875,-0.3177580237388611,0.08997572958469391,0.4861353039741516
1789453815409323500,3.826323486328125,-0.3164225220680237,0.09918671101331711,0.4718002676963806
1789453815419262500,3.836262451171875,-0.30673661828041077,0.0294457096606493,0.4088117182254791
1789453815429201700,3.84620166015625,-0.20559526979923248,0.0483124777674675,0.3675512671470642
1789453815439141600,3.8561416015625,-0.07156208902597427,0.0250319205224514,0.2819112241268158
1789453815449080600,3.86608056640625,0.008333991281688213,0.028408370912075043,0.23502376675605774
1789453815459020500,3.8760205078125,0.0938132032752037,0.07370235025882721,0.21531158685684204
1789453815468959500,3.88595947265625,0.1651989221572876,0.09067825973033905,0.21220384538173676
1789453815478899500,3.8958994140625,0.2800341546535492,0.20874790847301483,0.20925411581993103
1789453815488838400,3.90583837890625,0.37057220935821533,0.21902330219745636,0.190174400806427
1789453815498777600,3.915777587890625,0.407131552696228,0.18508930504322052,0.1872137486934662
1789453815508717600,3.925717529296875,0.40326687693595886,0.06867911666631699,0.14128020405769348
1789453815518656500,3.935656494140625,0.39117637276649475,0.011557774618268013,0.1525280624628067
1789453815528596500,3.945596435546875,0.40589839220046997,0.08725787699222565,0.1833125501871109
1789453815538535700,3.95553564453125,0.4005046784877777,0.14400184154510498,0.24761269986629486
1789453815548475400,3.965475341796875,0.4371708035469055,0.22363124787807465,0.3438073992729187
1789453815558414300,3.975414306640625,0.4371119439601898,0.191829651594162,0.4246250092983246
1789453815568353500,3.985353515625,0.4277437627315521,0.018535271286964417,0.40182945132255554
1789453815578293500,3.99529345703125,0.4577959477901459,-0.07001190632581711,0.3936764597892761
1789453815588232400,4.005232421875,0.47125473618507385,-0.1928250789642334,0.3990000784397125
1789453815598172400,4.01517236328125,0.23295028507709503,-0.19508105516433716,0.4121329188346863
1789453815608111600,4.025111572265625,0.2931130826473236,-0.035642996430397034,0.5019301176071167
1789453815618051600,4.035051513671875,0.4195706248283386,0.014554660767316818,0.49172040820121765
1789453815627990500,4.044990478515625,0.5010011196136475,0.035719797015190125,0.5250875949859619
1789453815637930500,4.054930419921875,0.5420370101928711,0.0557829849421978,0.6105942726135254
1789453815647869700,4.06486962890625,0.5992722511291504,0.015152784064412117,0.6214581727981567
1789453815657808600,4.07480859375,0.6183884739875793,-0.0469990000128746,0.5905658006668091
1789453815667748400,4.084748291015625,0.6300464272499084,-0.08038293570280075,0.5866209864616394
1789453815677687300,4.094687255859375,0.6061410903930664,-0.0686732828617096,0.5792195200920105
1789453815687627500,4.10462744140625,0.5579509735107422,-0.09029603749513626,0.5881555080413818
1789453815697566500,4.11456640625,0.5799785256385803,-0.10639617592096329,0.6151331067085266
1789453815707505400,4.12450537109375,0.6199526786804199,-0.15599079430103302,0.6012178063392639
1789453815717445600,4.134445556640625,0.6117054224014282,-0.1288268119096756,0.556763231754303
1789453815727384600,4.144384521484375,0.647005558013916,0.02306935004889965,0.5764702558517456
1789453815737324500,4.154324462890625,0.6646124720573425,0.08085435628890991,0.6289121508598328
1789453815747263500,4.164263427734375,0.706540584564209,0.1421867161989212,0.7107996940612793
1789453815757203500,4.174203369140625,0.81927490234375,0.11955037713050842,0.6524085998535156
1789453815767142700,4.184142578125,0.8550249934196472,0.06955532729625702,0.48103946447372437
1789453815777082400,4.194082275390625,0.8628416657447815,0.15869133174419403,0.43425998091697693
1789453815787021300,4.204021240234375,0.83404940366745,0.18007388710975647,0.3974306583404541
1789453815796960500,4.21396044921875,0.8257416486740112,0.11352549493312836,0.3618992865085602
1789453815806900500,4.223900390625,0.8893304467201233,0.06078556925058365,0.35476794838905334
1789453815816839400,4.23383935546875,0.9991322755813599,0.1719120889902115,0.29220256209373474
1789453815826779600,4.243779541015625,1.0269536972045898,0.3101745545864105,0.30376866459846497
1789453815836718600,4.253718505859375,1.0531033277511597,0.2828198969364166,0.3661345839500427
1789453815846658600,4.263658447265625,1.022093415260315,0.09636787325143814,0.3655673861503601
1789453815856597500,4.273597412109375,0.9564704895019531,0.04496539384126663,0.39866676926612854
1789453815866537500,4.283537353515625,0.9659110307693481,0.11480323225259781,0.4613981246948242
1789453815876476400,4.293476318359375,1.0126559734344482,0.1696968376636505,0.4755544364452362
1789453815886415400,4.303415283203125,1.0621397495269775,0.13019229471683502,0.5137776732444763
1789453815896355600,4.31335546875,1.0351346731185913,-0.05633123964071274,0.5168086290359497
1789453815906294500,4.32329443359375,0.9088200926780701,-0.15310952067375183,0.6136743426322937
1789453815916234500,4.333234375,0.8462187647819519,-0.07825738191604614,0.7526980042457581
1789453815926173400,4.34317333984375,0.7996569275856018,-0.0350310280919075,0.7603078484535217
1789453815936113700,4.35311376953125,0.7887789607048035,0.021399758756160736,0.8066340684890747
1789453815946052600,4.363052490234375,0.8091318011283875,0.0044359201565384865,0.7817485928535461
1789453815955992600,4.37299267578125,0.7870344519615173,0.051156021654605865,0.7593045234680176
1789453815965931500,4.382931640625,0.7749238610267639,0.07196972519159317,0.7505223751068115
1789453815975870700,4.39287060546875,0.7677226662635803,0.04121926799416542,0.5990537405014038
1789453815985810400,4.402810546875,0.732811689376831,0.04228753596544266,0.5114680528640747
1789453815995749400,4.412749267578125,0.6730834245681763,0.020918596535921097,0.4625582695007324
1789453816005689600,4.422689697265625,0.6410742402076721,0.03211858868598938,0.41367068886756897
1789453816015628500,4.432628662109375,0.6005768775939941,0.03664463013410568,0.4658569097518921
1789453816025568500,4.442568603515625,0.6341570019721985,-0.04639560356736183,0.41306066513061523
1789453816035507500,4.452507568359375,0.6484821438789368,0.0027338573709130287,0.3952814042568207
1789453816045446400,4.4624462890625,0.623249888420105,0.021609880030155182,0.4331236183643341
1789453816055386600,4.47238671875,0.6236230134963989,0.027895208448171616,0.48042774200439453
1789453816065325600,4.48232568359375,0.6244431138038635,0.0045235902070999146,0.49507641792297363
1789453816075265300,4.492265380859375,0.6051549315452576,-0.015442128293216228,0.44516265392303467
1789453816085204500,4.50220458984375,0.5748262405395508,-0.09164116531610489,0.3448601961135864
1789453816095144400,4.51214453125,0.5369097590446472,-0.11062151193618774,0.3092587888240814
1789453816105083400,4.52208349609375,0.5286583304405212,-0.09854299575090408,0.3703247308731079
1789453816115023600,4.532023681640625,0.5725546479225159,-0.017493419349193573,0.3379231095314026
1789453816124962600,4.541962646484375,0.5998218059539795,0.12388160824775696,0.18721334636211395
1789453816134901500,4.551901611328125,0.6768656969070435,0.14084993302822113,0.04410625621676445
1789453816144841500,4.561841552734375,0.7485507130622864,0.18287140130996704,0.0696851909160614
1789453816154780700,4.57178076171875,0.7292241454124451,0.18012303113937378,0.11678691953420639
1789453816164720600,4.581720703125,0.6501821875572205,0.2204652726650238,0.09668327867984772
1789453816174659600,4.59165966796875,0.6011342406272888,0.25833356380462646,0.06341400742530823
1789453816184599300,4.601599365234375,0.6039462685585022,0.2879589796066284,0.07876163721084595
1789453816194538500,4.61153857421875,0.6237056255340576,0.2158978283405304,0.05347199738025665
1789453816204478500,4.621478515625,0.6436038613319397,0.22889894247055054,0.07782072573900223
1789453816214417400,4.63141748046875,0.6986455917358398,0.228718101978302,0.0966828316450119
1789453816224357600,4.641357666015625,0.7349608540534973,0.2622606158256531,0.07899612188339233
1789453816234296600,4.651296630859375,0.748504638671875,0.29813551902770996,0.11921677738428116
1789453816244235500,4.661235595703125,0.7854631543159485,0.29050692915916443,0.1398763209581375
1789453816254175500,4.671175537109375,0.83467036485672,0.32476770877838135,0.1601589471101761
1789453816264114700,4.68111474609375,0.833404004573822,0.36510202288627625,0.18113408982753754
1789453816274054100,4.69105419921875,0.8280025720596313,0.424813836812973,0.19063544273376465
1789453816283993000,4.7009931640625,0.8027066588401794,0.47658100724220276,0.18000352382659912
1789453816293933000,4.71093310546875,0.7882829308509827,0.5278050899505615,0.16307701170444489
1789453816303872000,4.7208720703125,0.762893557548523,0.5151799321174622,0.11799725890159607
1789453816313812000,4.73081201171875,0.685040295124054,0.4583435356616974,0.0627121701836586
1789453816323751200,4.740751220703125,0.5842317342758179,0.4588240385055542,0.031137045472860336
1789453816333690000,4.750690185546875,0.5014737248420715,0.4781695008277893,0.018987705931067467
1789453816343630000,4.760630126953125,0.413362979888916,0.5087504982948303,0.014804295264184475
1789453816353569000,4.770569091796875,0.35584455728530884,0.5030689239501953,0.012681490741670132
1789453816363509200,4.78050927734375,0.27626824378967285,0.4928514361381531,0.01059170812368393
1789453816373448200,4.7904482421875,0.23174764215946198,0.43412449955940247,-0.017403975129127502
1789453816383388200,4.80038818359375,0.15696166455745697,0.296706885099411,-0.05340695008635521
1789453816393327000,4.8103271484375,0.14192599058151245,0.2312122881412506,-0.05677717924118042
1789453816403267000,4.82026708984375,0.12717680633068085,0.18876999616622925,-0.05202843248844147
1789453816413206000,4.8302060546875,0.07360385358333588,0.11335115134716034,-0.08233759552240372
1789453816423146000,4.84014599609375,0.029793033376336098,0.16716869175434113,-0.10036462545394897
1789453816433085200,4.850085205078125,0.017567792907357216,0.2770901024341583,-0.08279415220022202
1789453816443024100,4.860024169921875,-0.02269626408815384,0.28897494077682495,-0.06412417441606522
1789453816452964000,4.869964111328125,-0.01825437881052494,0.33679601550102234,-0.06649837642908096
1789453816462903000,4.879903076171875,-0.016794942319393158,0.33742663264274597,-0.08528027683496475
1789453816472843300,4.88984326171875,-0.022312479093670845,0.2831817865371704,-0.1225229874253273
1789453816482782200,4.8997822265625,-0.048919323831796646,0.1962631344795227,-0.17870371043682098
1789453816492722000,4.909721923828125,-0.10697223991155624,0.18241655826568604,-0.2152388095855713
1789453816502660900,4.919660888671875,-0.1934758573770523,0.18466970324516296,-0.2384771853685379
1789453816512601000,4.92960107421875,-0.27685704827308655,0.1352880448102951,-0.27594760060310364
1789453816522540000,4.9395400390625,-0.3557155132293701,0.06904371082782745,-0.33379656076431274
1789453816532480000,4.94947998046875,-0.4333876669406891,0.03296693414449692,-0.35679110884666443
1789453816542419200,4.959419189453125,-0.47754546999931335,0.06609054654836655,-0.3605952262878418
1789453816552359200,4.969359130859375,-0.4881003499031067,0.13772904872894287,-0.3616405129432678
1789453816562298000,4.979298095703125,-0.48500722646713257,0.2258843183517456,-0.3709791600704193
1789453816572237000,4.989237060546875,-0.4620228111743927,0.2811813950538635,-0.36760175228118896
1789453816582177300,4.99917724609375,-0.4289633333683014,0.31223100423812866,-0.3399519622325897
1789453816592116200,5.0091162109375,-0.41589173674583435,0.30056291818618774,-0.3240784704685211
1789453816602056000,5.019055908203125,-0.3983609080314636,0.26216182112693787,-0.3195578455924988
1789453816611995000,5.028994873046875,-0.41689491271972656,0.20813773572444916,-0.3288962244987488
1789453816621935000,5.03893505859375,-0.4570850431919098,0.19294577836990356,-0.3397117257118225
1789453816631874000,5.0488740234375,-0.49960318207740784,0.15287025272846222,-0.32275936007499695
1789453816641814000,5.05881396484375,-0.5383878350257874,0.1550339311361313,-0.2826032042503357
1789453816651753200,5.068753173828125,-0.5476471185684204,0.15586963295936584,-0.2289743274450302
1789453816661693200,5.078693115234375,-0.5434172749519348,0.10804793983697891,-0.19366899132728577
1789453816671632100,5.088632080078125,-0.4937330484390259,0.02246220037341118,-0.1581733077764511
1789453816681571000,5.098571044921875,-0.4413171410560608,-0.09194116294384003,-0.17532947659492493
1789453816691511000,5.108510986328125,-0.43288612365722656,-0.1317378431558609,-0.23700109124183655
1789453816701450000,5.118449951171875,-0.4705624282360077,-0.11860380321741104,-0.29751646518707275
1789453816711390000,5.128389892578125,-0.4994705319404602,-0.10685500502586365,-0.29543814063072205
1789453816721329200,5.1383291015625,-0.5336533784866333,-0.0649561956524849,-0.22810447216033936
1789453816731269000,5.14826904296875,-0.5768117904663086,-0.04921238496899605,-0.16835591197013855
1789453816741208000,5.1582080078125,-0.6079314351081848,-0.029088161885738373,-0.15129631757736206
1789453816751148000,5.16814794921875,-0.6103357672691345,-0.006436911877244711,-0.15786340832710266
1789453816761087200,5.178087158203125,-0.6009959578514099,0.022233933210372925,-0.1537250131368637
1789453816771027200,5.188027099609375,-0.5957809686660767,0.030541397631168365,-0.12721110880374908
1789453816780966100,5.197966064453125,-0.5802777409553528,0.056631218641996384,-0.10959106683731079
1789453816790906000,5.207906005859375,-0.5634843707084656,0.12309759855270386,-0.10049451142549515
1789453816800845000,5.217844970703125,-0.5175850987434387,0.15162111818790436,-0.10205645114183426
1789453816810784000,5.227783935546875,-0.47527068853378296,0.06015405058860779,-0.12724941968917847
1789453816820724000,5.237723876953125,-0.46182164549827576,-0.02330850064754486,-0.15348027646541595
1789453816830663200,5.2476630859375,-0.46888089179992676,-0.0063686678186059,-0.17438209056854248
1789453816840603100,5.25760302734375,-0.4647779166698456,0.057959672063589096,-0.1861441284418106
1789453816850542000,5.2675419921875,-0.45914319157600403,0.036640267819166183,-0.18820461630821228
1789453816860482000,5.27748193359375,-0.4568594694137573,0.03402349725365639,-0.1781577169895172
1789453816870421200,5.287421142578125,-0.44058728218078613,0.08743319660425186,-0.18225179612636566
1789453816880361000,5.29736083984375,-0.3828316628932953,0.12099117040634155,-0.22575479745864868
1789453816890300200,5.307300048828125,-0.36023128032684326,0.09591484814882278,-0.3038879632949829
1789453816900240100,5.317240234375,-0.3860263526439667,0.07869895547628403,-0.3778093755245209
1789453816910179000,5.327178955078125,-0.4083159267902374,0.10625840723514557,-0.42980122566223145
1789453816920119000,5.337119140625,-0.4417532682418823,0.1042867973446846,-0.45838263630867004
1789453816930058000,5.34705810546875,-0.46758273243904114,0.14208984375,-0.44880643486976624
1789453816939997200,5.3569970703125,-0.5026674866676331,0.10681163519620895,-0.44185924530029297
1789453816949937200,5.366937255859375,-0.5347002744674683,0.09085451066493988,-0.4303562641143799
1789453816959876000,5.3768759765625,-0.5739294290542603,0.07051055878400803,-0.41587623953819275
1789453816969816300,5.38681640625,-0.5980899333953857,0.09520365297794342,-0.3997337520122528
1789453816979755300,5.39675537109375,-0.6146513223648071,0.15084989368915558,-0.3681611120700836
1789453816989695000,5.406695068359375,-0.5942147970199585,0.1788322627544403,-0.35065534710884094
1789453816999634000,5.416634033203125,-0.584523618221283,0.1348002701997757,-0.37012016773223877
1789453817009574100,5.42657421875,-0.5467724800109863,0.04744378849864006,-0.3978878855705261
1789453817019513000,5.43651318359375,-0.548206090927124,-0.039573609828948975,-0.4305099844932556
1789453817029453000,5.446453125,-0.5277660489082336,-0.007454291917383671,-0.4438798427581787
1789453817039392000,5.45639208984375,-0.517503559589386,-0.02770509198307991,-0.4528425931930542
1789453817049332200,5.466332275390625,-0.5020148754119873,-0.028695788234472275,-0.4713558256626129
1789453817059271200,5.476271240234375,-0.5126391053199768,-0.03630328178405762,-0.47897225618362427
1789453817069210000,5.486210205078125,-0.5062706470489502,0.03312186151742935,-0.44309574365615845
1789453817079150000,5.496150146484375,-0.4595514237880707,0.09904759377241135,-0.4097544550895691
1789453817089089300,5.50608935546875,-0.461505651473999,0.0616978295147419,-0.40583643317222595
1789453817099029000,5.516029052734375,-0.4243048429489136,0.08372747898101807,-0.4093852937221527
1789453817108968000,5.525968017578125,-0.45398151874542236,0.02586684189736843,-0.4558885991573334
1789453817118908200,5.535908203125,-0.48184266686439514,0.010762900114059448,-0.4734441637992859
1789453817128847000,5.54584716796875,-0.5141337513923645,0.003796336706727743,-0.49924564361572266
1789453817138787000,5.555787109375,-0.5323746204376221,0.004392723087221384,-0.5366625785827637
1789453817148726000,5.56572607421875,-0.546201229095459,-0.010995287448167801,-0.5575588345527649
1789453817158666200,5.575666259765625,-0.5470983982086182,-0.051527224481105804,-0.5646206140518188
1789453817168605200,5.585605224609375,-0.5330864787101746,-0.059712983667850494,-0.5388489365577698
1789453817178545000,5.595544921875,-0.49371278285980225,-0.10277897864580154,-0.5181936621665955
1789453817188484000,5.605484130859375,-0.47673726081848145,-0.0658465251326561,-0.45527729392051697
1789453817198424000,5.615424072265625,-0.41407012939453125,-0.09701835364103317,-0.4477344751358032
1789453817208363000,5.625363037109375,-0.3877626359462738,-0.05735083669424057,-0.44871798157691956
1789453817218302000,5.635302001953125,-0.3679967224597931,-0.12752118706703186,-0.502862274646759
1789453817228242200,5.6452421875,-0.3833213448524475,-0.19515882432460785,-0.5496042370796204
1789453817238181000,5.65518115234375,-0.4193238615989685,-0.22479598224163055,-0.562106728553772
1789453817248121000,5.66512109375,-0.4540940821170807,-0.25599172711372375,-0.5817025303840637
1789453817258060000,5.67506005859375,-0.46894165873527527,-0.20189012587070465,-0.5906119346618652
1789453817268000000,5.685,-0.46827054023742676,-0.14499542117118835,-0.6036548018455505
1789453817277939200,5.694939208984375,-0.4183345437049866,-0.12889693677425385,-0.5968185067176819
1789453817287879000,5.70487890625,-0.38051873445510864,-0.13361100852489471,-0.5655196905136108
1789453817297817900,5.71481787109375,-0.32613125443458557,-0.17397956550121307,-0.5628325343132019
1789453817307757800,5.7247578125,-0.35003021359443665,-0.21735021471977234,-0.5902412533760071
1789453817317697000,5.734697021484375,-0.37799251079559326,-0.27036741375923157,-0.6263067126274109
1789453817327637000,5.744636962890625,-0.38410019874572754,-0.2785550355911255,-0.642662525177002
1789453817337576000,5.754575927734375,-0.4303465485572815,-0.27060216665267944,-0.6370531320571899
1789453817347516200,5.76451611328125,-0.46352794766426086,-0.2552647590637207,-0.6183760762214661
1789453817357455000,5.774455078125,-0.4529935419559479,-0.25115495920181274,-0.6215903759002686
1789453817367394000,5.78439404296875,-0.4947876036167145,-0.1190565750002861,-0.6036608815193176
1789453817377333800,5.794333740234375,-0.40155526995658875,-0.17335134744644165,-0.6342983841896057
1789453817387273000,5.80427294921875,-0.3953312039375305,-0.034544993191957474,-0.6141344904899597
1789453817397213000,5.814212890625,-0.3367462754249573,-0.002857123501598835,-0.6297653317451477
1789453817407151900,5.82415185546875,-0.30230653285980225,0.0799378901720047,-0.6365596055984497
1789453817417092000,5.834092041015625,-0.34088101983070374,0.1578095406293869,-0.6080382466316223
1789453817427031000,5.844031005859375,-0.3279004991054535,0.008540160022675991,-0.6359995603561401
1789453817436971000,5.853970947265625,-0.4127900302410126,0.08174464851617813,-0.6116573810577393
1789453817446910000,5.863909912109375,-0.4407987594604492,0.07249469310045242,-0.6502130031585693
1789453817456850200,5.87385009765625,-0.4164510667324066,-0.005864766892045736,-0.716292142868042
1789453817466789000,5.8837890625,-0.4239068627357483,-0.03358427807688713,-0.7558323740959167
1789453817476728800,5.893728759765625,-0.42128247022628784,-0.0033921527210623026,-0.7610567808151245
1789453817486667800,5.903667724609375,-0.4240665137767792,0.07334017008543015,-0.7824579477310181
1789453817496608000,5.91360791015625,-0.365989089012146,0.10392654687166214,-0.8122748732566833
1789453817506547000,5.923546875,-0.27047669887542725,0.06384623795747757,-0.8436141610145569
1789453817516487000,5.93348681640625,-0.24101413786411285,0.10233903676271439,-0.7945922613143921
1789453817526426000,5.943426025390625,-0.2681754231452942,0.17924952507019043,-0.7571895122528076
1789453817536365000,5.953364990234375,-0.3198795020580292,0.23680344223976135,-0.7614886164665222
1789453817546305000,5.963304931640625,-0.3591848313808441,0.2626883089542389,-0.72637939453125
1789453817556244000,5.973243896484375,-0.3268548846244812,0.23972396552562714,-0.7433748841285706
1789453817566184000,5.983183837890625,-0.35291391611099243,0.3373463749885559,-0.700232744216919
1789453817576123000,5.993122802734375,-0.4982057809829712,0.7826314568519592,-0.5494630932807922
1789453817586062800,6.003062744140625,-0.4036867618560791,0.5104643702507019,-0.5789429545402527
1789453817596001800,6.013001708984375,-0.33803296089172363,0.40339353680610657,-0.47575843334198
1789453817605942000,6.02294189453125,-0.28743448853492737,0.29838827252388,-0.35600167512893677
1789453817615881000,6.032880859375,-0.2784804701805115,0.22280797362327576,-0.3242097795009613
1789453817625821000,6.042821044921875,-0.3572317361831665,0.533420979976654,-0.11006977409124374
1789453817635760000,6.052760009765625,-0.2166934460401535,0.22410538792610168,-0.14196011424064636
1789453817645700000,6.0627001953125,-0.18827217817306519,0.29576921463012695,-0.1415955275297165
1789453817655639000,6.07263916015625,-0.169963538646698,0.3241017162799835,-0.0631684809923172
1789453817665579000,6.0825791015625,-0.15877561271190643,0.3136754333972931,0.028305506333708763
1789453817675518000,6.09251806640625,-0.14518381655216217,0.2679401636123657,0.09934533387422562
1789453817685458000,6.1024580078125,-0.11252174526453018,0.24243080615997314,0.19817018508911133
1789453817695396900,6.11239697265625,-0.12652228772640228,0.24048550426959991,0.1893180012702942
1789453817705335800,6.122335693359375,-0.07572462409734726,0.13268953561782837,0.23659098148345947
1789453817715276000,6.132276123046875,-0.07679731398820877,0.06937175244092941,0.3279549181461334
1789453817725215000,6.142215087890625,-0.06665918976068497,0.04059043526649475,0.39326998591423035
1789453817735155000,6.152155029296875,-0.06596306711435318,-0.007681196555495262,0.3827727735042572
1789453817745094100,6.16209423828125,-0.06586479395627975,-0.052513912320137024,0.4407718777656555
1789453817755033900,6.172033935546875,-0.0514497272670269,-0.061757706105709076,0.49269038438796997
1789453817764972800,6.181972900390625,-0.015167354606091976,-0.060672469437122345,0.5099735260009766
1789453817774913000,6.1919130859375,0.012943243607878685,-0.07970251888036728,0.5142914652824402
1789453817784852000,6.20185205078125,0.04143347591161728,-0.08281681686639786,0.49168920516967773
1789453817794792000,6.2117919921875,0.07024917751550674,-0.06451725959777832,0.46700868010520935
1789453817804731000,6.22173095703125,0.12800301611423492,-0.04948185756802559,0.418319433927536
1789453817814671000,6.231671142578125,0.18770752847194672,0.022293008863925934,0.39973536133766174
1789453817824610000,6.241610107421875,0.2898581624031067,0.09674114733934402,0.366804838180542
1789453817834550000,6.251550048828125,0.40676969289779663,0.1371045708656311,0.33658215403556824
1789453817844489000,6.261489013671875,0.4963970184326172,0.16127488017082214,0.34801268577575684
1789453817854429000,6.271428955078125,0.571175754070282,0.16619834303855896,0.3535265326499939
1789453817864367900,6.281367919921875,0.6409114599227905,0.15516407787799835,0.353821337223053
1789453817874307800,6.291307861328125,0.7003758549690247,0.12557178735733032,0.38254421949386597
1789453817884247000,6.3012470703125,0.7446823120117188,0.08870059251785278,0.39679986238479614
1789453817894186000,6.31118603515625,0.755145788192749,0.07623665779829025,0.44278082251548767
1789453817904126000,6.3211259765625,0.7840237617492676,0.04228854551911354,0.4952144920825958
1789453817914065000,6.33106494140625,0.835795521736145,0.011677351780235767,0.5418741703033447
1789453817924005000,6.341005126953125,0.8722872138023376,-0.009120071306824684,0.6092811822891235
1789453817933944000,6.350944091796875,0.9027329683303833,-0.04340808466076851,0.6991567015647888
1789453817943883800,6.3608837890625,0.9416284561157227,-0.10251987725496292,0.7379437685012817
1789453817953823000,6.370822998046875,0.9389125108718872,-0.13135264813899994,0.7671983242034912
1789453817963763000,6.380762939453125,0.9255263805389404,-0.15296046435832977,0.8070098757743835
1789453817973702000,6.390701904296875,0.9345377087593079,-0.18313317000865936,0.8461084365844727
1789453817983641900,6.400641845703125,0.9295480251312256,-0.21839261054992676,0.8875818848609924
1789453817993581000,6.4105810546875,0.9026586413383484,-0.2011859267950058,0.9144614338874817
1789453818003521000,6.42052099609375,0.9003642797470093,-0.17124934494495392,0.9030007719993591
1789453818013460000,6.4304599609375,0.9293502569198608,-0.1599481850862503,0.8833510875701904
1789453818023400200,6.440400146484375,0.9640677571296692,-0.15910769999027252,0.8754875659942627
1789453818033339100,6.450339111328125,1.0034704208374023,-0.16587938368320465,0.8923474550247192
1789453818043278800,6.46027880859375,1.0450814962387085,-0.2078271061182022,0.8780220746994019
1789453818053217800,6.4702177734375,1.0981805324554443,-0.2537832260131836,0.8367987275123596
1789453818063158000,6.480157958984375,1.1394950151443481,-0.24893096089363098,0.8276795148849487
1789453818073097000,6.490096923828125,1.1656174659729004,-0.21686241030693054,0.8326500654220581
1789453818083037000,6.500036865234375,1.1805248260498047,-0.241278275847435,0.7753944993019104
1789453818092975900,6.509975830078125,1.1673249006271362,-0.28530004620552063,0.7178951501846313
1789453818102915000,6.5199150390625,1.1394959688186646,-0.28288906812667847,0.7149821519851685
1789453818112855000,6.52985498046875,1.1427100896835327,-0.24221184849739075,0.7250304818153381
1789453818122794000,6.5397939453125,1.1683847904205322,-0.23287241160869598,0.7178034782409668
1789453818132734000,6.54973388671875,1.1995575428009033,-0.24221296608448029,0.6923741698265076
1789453818142673000,6.5596728515625,1.241058111190796,-0.22008556127548218,0.6634067296981812
1789453818152612900,6.56961279296875,1.2658884525299072,-0.17768795788288116,0.6323239207267761
1789453818162551800,6.5795517578125,1.272402286529541,-0.18235595524311066,0.5744220018386841
1789453818172492000,6.589491943359375,1.2712576389312744,-0.17683084309101105,0.5435543060302734
1789453818182431000,6.599430908203125,1.2497541904449463,-0.16460026800632477,0.5171812772750854
1789453818192371000,6.609370849609375,1.1996937990188599,-0.14353984594345093,0.5095377564430237
1789453818202310100,6.61931005859375,1.143477439880371,-0.14376354217529297,0.48830920457839966
1789453818212250000,6.62925,1.1314162015914917,-0.07355950772762299,0.4533197283744812
1789453818222189000,6.63918896484375,1.1450843811035156,-0.03811921924352646,0.4236561357975006
1789453818232128800,6.649128662109375,1.1363816261291504,-0.05529075115919113,0.3798367381095886
1789453818242068000,6.65906787109375,1.1075718402862549,-0.018804647028446198,0.32896289229393005
1789453818252008000,6.669008056640625,1.0331065654754639,0.005047822371125221,0.30870386958122253
1789453818261947000,6.67894677734375,1.0100618600845337,-0.03228064253926277,0.30971720814704895
1789453818271887000,6.68888720703125,0.9970911741256714,-0.046919822692871094,0.29519352316856384
1789453818281826300,6.698826416015625,1.0195591449737549,-0.08536414802074432,0.27653968334198
1789453818291766500,6.7087666015625,0.8355904817581177,-0.07814057171344757,0.2891947031021118
1789453818301705500,6.71870556640625,0.7536007761955261,-0.09724821895360947,0.262578547000885
1789453818311645200,6.728645263671875,0.6985514760017395,-0.05814870074391365,0.30600523948669434
1789453818321584400,6.73858447265625,0.7116140127182007,-0.07250447571277618,0.37249982357025146
1789453818331523300,6.7485234375,0.8053735494613647,-0.19984547793865204,0.3768870532512665
1789453818341463300,6.75846337890625,0.7956681847572327,-0.21697679162025452,0.41033557057380676
1789453818351402200,6.76840234375,0.7031279802322388,-0.23850493133068085,0.42914170026779175
1789453818361342500,6.778342529296875,0.6249974966049194,-0.2799959182739258,0.3957251310348511
1789453818371281400,6.788281494140625,0.534507155418396,-0.2649863362312317,0.3837062120437622
1789453818381221400,6.798221435546875,0.4764513373374939,-0.25492146611213684,0.3396055996417999
1789453818391160300,6.808160400390625,0.4378933012485504,-0.24598175287246704,0.31245121359825134
1789453818401100300,6.818100341796875,0.39513012766838074,-0.2551313042640686,0.2814951539039612
1789453818411039200,6.828039306640625,0.33104366064071655,-0.25849419832229614,0.263868510723114
1789453818420979200,6.837979248046875,0.2696511447429657,-0.3063890039920807,0.24019356071949005
1789453818430918400,6.84791845703125,0.2270440012216568,-0.304887980222702,0.233102485537529
1789453818440858400,6.8578583984375,0.20190535485744476,-0.3343507945537567,0.2534593939781189
1789453818450797300,6.86779736328125,0.19227689504623413,-0.33655300736427307,0.23527470231056213
1789453818460737300,6.8777373046875,0.19999366998672485,-0.2388285994529724,0.22128857672214508
1789453818470676500,6.887676513671875,0.190036341547966,-0.18961378931999207,0.22708484530448914
1789453818480616400,6.897616455078125,0.1653967797756195,-0.186221182346344,0.2318444401025772
1789453818490555400,6.907555419921875,0.1212468296289444,-0.16529497504234314,0.1990407109260559
1789453818500495400,6.917495361328125,0.06734178960323334,-0.1165897473692894,0.14964866638183594
1789453818510434300,6.927434326171875,0.021656274795532227,-0.11012504994869232,0.09910888969898224
1789453818520374300,6.937374267578125,-0.03682008385658264,-0.10922728478908539,0.03730544447898865
1789453818530313200,6.947313232421875,-0.07541658729314804,-0.11239106208086014,-0.01755482703447342
1789453818540253400,6.95725341796875,-0.11281882226467133,-0.14273564517498016,-0.046590469777584076
1789453818550192400,6.9671923828125,-0.1868678480386734,-0.15594887733459473,-0.06179860234260559
1789453818560132400,6.97713232421875,-0.20966504514217377,-0.16712670028209686,-0.08871276676654816
1789453818570071600,6.987071533203125,-0.3006174862384796,-0.21903307735919952,-0.14200887084007263
1789453818580010500,6.997010498046875,-0.39474451541900635,-0.25591814517974854,-0.19610567390918732
1789453818589950200,7.0069501953125,-0.47757601737976074,-0.24254772067070007,-0.2276420146226883
1789453818599889200,7.01688916015625,-0.5548322200775146,-0.18223245441913605,-0.25962337851524353
1789453818609829400,7.026829345703125,-0.6237568259239197,-0.12422619014978409,-0.30179890990257263
1789453818619768300,7.036768310546875,-0.6693123579025269,-0.11237964779138565,-0.32334575057029724
1789453818629708300,7.046708251953125,-0.7016465663909912,-0.037732429802417755,-0.32875028252601624
1789453818639647200,7.056647216796875,-0.7065025568008423,0.0559927299618721,-0.3400591313838959
1789453818649587500,7.06658740234375,-0.7048012018203735,0.09418944269418716,-0.3516156077384949
1789453818659526400,7.0765263671875,-0.7126657962799072,0.11674641817808151,-0.320376455783844
1789453818669466400,7.08646630859375,-0.7249607443809509,0.13203004002571106,-0.2673438489437103
1789453818679405600,7.096405517578125,-0.7137341499328613,0.08292641490697861,-0.21200336515903473
1789453818689345300,7.10634521484375,-0.677173912525177,-0.01845475658774376,-0.1399461030960083
1789453818699284200,7.1162841796875,-0.595281720161438,-0.1254967898130417,-0.07264403253793716
1789453818709224400,7.126224365234375,-0.5357373356819153,-0.2133655995130539,-0.052495233714580536
1789453818719163400,7.136163330078125,-0.5151047706604004,-0.25880900025367737,-0.058795470744371414
1789453818729103400,7.146103271484375,-0.5130394697189331,-0.24570049345493317,-0.06542984396219254
1789453818739042300,7.156042236328125,-0.5085791945457458,-0.2106676697731018,-0.04691368341445923
1789453818748982500,7.165982421875,-0.5108826756477356,-0.1861380636692047,-0.018084581941366196
1789453818758921500,7.17592138671875,-0.5490934252738953,-0.16743335127830505,-0.010853566229343414
1789453818768861200,7.185861083984375,-0.5999383330345154,-0.143000066280365,-0.008028772659599781
1789453818778800000,7.195800048828125,-0.6372523903846741,-0.13969933986663818,0.01493380032479763
1789453818788740400,7.205740234375,-0.6503355503082275,-0.1475963592529297,0.026450956240296364
1789453818798679300,7.21567919921875,-0.6662372946739197,-0.17191235721111298,-0.012801642529666424
1789453818808619300,7.225619384765625,-0.6661894917488098,-0.12807850539684296,-0.07099112868309021
1789453818818558500,7.235558349609375,-0.6604756712913513,-0.11411847919225693,-0.0770929679274559
1789453818828498400,7.24549853515625,-0.6379302740097046,-0.07103799283504486,-0.06769103556871414
1789453818838437400,7.255437255859375,-0.6271964311599731,0.0076336488127708435,-0.09515035152435303
1789453818848377300,7.26537744140625,-0.6084398031234741,0.0349920429289341,-0.17701920866966248
1789453818858316500,7.275316650390625,-0.5947471261024475,0.019822411239147186,-0.28193336725234985
1789453818868256300,7.28525634765625,-0.605121374130249,0.020024416968226433,-0.36647042632102966
1789453818878195200,7.2951953125,-0.6022207140922546,0.09732719510793686,-0.4066937565803528
1789453818888134100,7.305134033203125,-0.6032266020774841,0.16775934398174286,-0.4452269971370697
1789453818898074400,7.315074462890625,-0.6384756565093994,0.15564487874507904,-0.5049081444740295
1789453818908013300,7.325013427734375,-0.6916060447692871,0.14030972123146057,-0.548094630241394
1789453818917953300,7.334953369140625,-0.7260937094688416,0.14159522950649261,-0.5304772853851318
1789453818927892500,7.344892578125,-0.7242210507392883,0.10604660958051682,-0.5268161296844482
1789453818937832400,7.35483251953125,-0.6964373588562012,0.08383957296609879,-0.5243372321128845
1789453818947771400,7.364771484375,-0.6756581664085388,0.08931472152471542,-0.5454255938529968
1789453818957711400,7.37471142578125,-0.6601990461349487,0.1219291239976883,-0.5607070922851562
1789453818967650300,7.384650390625,-0.6691965460777283,0.14768975973129272,-0.5715239644050598
1789453818977590300,7.39459033203125,-0.6824505925178528,0.15945559740066528,-0.5842727422714233
1789453818987529200,7.404529296875,-0.68283611536026,0.16887988150119781,-0.5989645719528198
1789453818997469400,7.414469482421875,-0.6685871481895447,0.15837423503398895,-0.5936179757118225
1789453819007408400,7.424408447265625,-0.6892129778862,0.08794358372688293,-0.5886258482933044
1789453819017348400,7.434348388671875,-0.7325934767723083,0.051796767860651016,-0.5965802073478699
1789453819027287300,7.444287353515625,-0.7282624840736389,0.11172808706760406,-0.572741687297821
1789453819037227500,7.4542275390625,-0.7121817469596863,0.11747891455888748,-0.5707901120185852
1789453819047166500,7.46416650390625,-0.7150121927261353,0.0704762190580368,-0.5824558138847351
1789453819057106200,7.474106201171875,-0.7105966806411743,0.06886181235313416,-0.5793188214302063
1789453819067045400,7.48404541015625,-0.6890141367912292,0.0422818697988987,-0.5669918656349182
1789453819076985300,7.4939853515625,-0.6874465942382812,0.05046816170215607,-0.5669580698013306
1789453819086924300,7.50392431640625,-0.6790654063224792,0.04987703263759613,-0.5936983227729797
1789453819096864500,7.513864501953125,-0.7299959659576416,0.0074182553216814995,-0.6329562664031982
1789453819106803500,7.523803466796875,-0.7239595055580139,0.09755676984786987,-0.5712481737136841
1789453819116743400,7.533743408203125,-0.8331304788589478,-0.09533412754535675,-0.6411087512969971
1789453819126682400,7.543682373046875,-0.8190086483955383,0.048392824828624725,-0.5601333975791931
1789453819136622300,7.553622314453125,-0.8721221685409546,-0.06859397888183594,-0.5896990299224854
1789453819146561300,7.563561279296875,-0.9759997129440308,-0.09507005661725998,-0.5629014372825623
1789453819156501200,7.573501220703125,-1.0076377391815186,-0.09442024677991867,-0.535203754901886
1789453819166440200,7.583440185546875,-1.0112758874893188,-0.29819628596305847,-0.6225631833076477
1789453819176380400,7.59338037109375,-0.9304644465446472,-0.1556444615125656,-0.5356128215789795
1789453819186319400,7.6033193359375,-0.893520176410675,-0.2403651773929596,-0.5318621397018433
1789453819196259300,7.61325927734375,-0.9131444692611694,-0.2201339453458786,-0.5092058181762695
1789453819206198500,7.623198486328125,-0.9096896648406982,-0.2346941977739334,-0.5228471755981445
1789453819216138200,7.63313818359375,-0.9321046471595764,-0.23349177837371826,-0.5195475220680237
1789453819226077400,7.643077392578125,-0.8971480131149292,-0.24564601480960846,-0.5523816347122192
1789453819236017200,7.65301708984375,-0.8746948838233948,-0.15021030604839325,-0.530583381652832
1789453819245956400,7.662956298828125,-0.8349190950393677,-0.18054556846618652,-0.5421367287635803
1789453819255896300,7.672896240234375,-0.8011794686317444,-0.19381503760814667,-0.5342487096786499
1789453819265835300,7.682835205078125,-0.7853325605392456,-0.21978816390037537,-0.5294290781021118
1789453819275776000,7.69277587890625,-0.8360418081283569,-0.17383825778961182,-0.4998008906841278
1789453819285715000,7.70271484375,-0.8689786195755005,-0.22501006722450256,-0.5028561353683472
1789453819295654700,7.712654541015625,-0.9127045273780823,-0.1889420747756958,-0.4545370638370514
1789453819305593900,7.72259375,-0.9012070298194885,-0.1718262881040573,-0.4301612079143524
1789453819315533800,7.732533935546875,-0.8258299827575684,-0.2155042588710785,-0.42887917160987854
1789453819325472800,7.74247265625,-0.7841954827308655,-0.1657417118549347,-0.4005590081214905
1789453819335413000,7.7524130859375,-0.7046995759010315,-0.19591985642910004,-0.43348047137260437
1789453819345352000,7.76235205078125,-0.7019703984260559,-0.10301569849252701,-0.4291535019874573
1789453819355291000,7.772290771484375,-0.6752884387969971,-0.09484565258026123,-0.44928592443466187
1789453819365230800,7.78223095703125,-0.7158697247505188,0.02165619283914566,-0.40335094928741455
1789453819375170000,7.792170166015625,-0.6856138110160828,-0.0333910807967186,-0.44512447714805603
1789453819385110000,7.802110107421875,-0.7207812070846558,0.07863199710845947,-0.40128716826438904
1789453819395049000,7.812049072265625,-0.6593902707099915,-0.06894334405660629,-0.43798738718032837
1789453819404989000,7.821989013671875,-0.6599450707435608,-0.09445196390151978,-0.4470174014568329
1789453819414928000,7.831927978515625,-0.693846583366394,0.05507148057222366,-0.40242674946784973
1789453819424867800,7.841867919921875,-0.6081136465072632,-0.023651225492358208,-0.4260851740837097
1789453819434806800,7.851806884765625,-0.5552826523780823,0.03372764587402344,-0.3517603278160095
1789453819444747000,7.8617470703125,-0.5182747840881348,0.08613647520542145,-0.26369425654411316
1789453819454686000,7.87168603515625,-0.5079421997070312,0.10739702731370926,-0.26938596367836
1789453819464626000,7.8816259765625,-0.530895471572876,0.22723685204982758,-0.2960268259048462
1789453819474564900,7.89156494140625,-0.5723174810409546,0.3173840343952179,-0.2532852292060852
1789453819484504800,7.9015048828125,-0.521108090877533,0.3665899634361267,-0.2458587884902954
1789453819494443800,7.91144384765625,-0.5371115803718567,0.4502459764480591,-0.16981914639472961
1789453819504383700,7.9213837890625,-0.5361530184745789,0.3743014931678772,-0.05451507493853569
1789453819514323000,7.931322998046875,-0.4066578447818756,0.1242263987660408,-0.0073097459971904755
1789453819524263000,7.941262939453125,-0.3385723829269409,0.12966644763946533,-0.006639245897531509
1789453819534201900,7.951201904296875,-0.3106728494167328,0.250953733921051,0.02315114066004753
1789453819544141800,7.961141845703125,-0.2413814216852188,0.3088323771953583,0.10179571807384491
1789453819554081000,7.9710810546875,-0.15503481030464172,0.301906555891037,0.11905699968338013
1789453819564021000,7.98102099609375,-0.10550425201654434,0.3096091151237488,0.13673056662082672
1789453819573960000,7.9909599609375,-0.10346800088882446,0.3316963016986847,0.18308953940868378
1789453819583900000,8.00089990234375,-0.07974108308553696,0.3872857391834259,0.21603210270404816
1789453819593838800,8.0108388671875,-0.03855476900935173,0.34484267234802246,0.22467832267284393
1789453819603778800,8.02077880859375,-0.02570352889597416,0.28611740469932556,0.2696269452571869
1789453819613717800,8.0307177734375,-0.029784556478261948,0.23806333541870117,0.29839786887168884
1789453819623658000,8.040657958984376,-0.03548972308635712,0.20235423743724823,0.35090795159339905
1789453819633597000,8.050596923828126,-0.04716182500123978,0.1906358003616333,0.42262208461761475
1789453819643537000,8.060536865234376,-0.0215840395539999,0.16122174263000488,0.4446067214012146
1789453819653476000,8.07047607421875,0.03516685590147972,0.1555398851633072,0.4527466595172882
1789453819663415800,8.080415771484375,0.11716975271701813,0.18914316594600677,0.48228415846824646
1789453819673354800,8.090354736328125,0.2017783671617508,0.18827098608016968,0.4910014867782593
1789453819683294700,8.100294677734375,0.2694425880908966,0.1804358810186386,0.5225098133087158
1789453819693234000,8.11023388671875,0.3442174792289734,0.14975866675376892,0.5320726633071899
1789453819703174000,8.120173828125,0.4162783622741699,0.13422517478466034,0.5217651128768921
1789453819713112800,8.13011279296875,0.4842424988746643,0.07432775944471359,0.5478516221046448
1789453819723053000,8.140052978515625,0.5562410950660706,0.008461480028927326,0.5561150908470154
1789453819732992000,8.149991943359375,0.6123768091201782,-0.04635170102119446,0.5672204494476318
1789453819742932000,8.159931884765625,0.6893317103385925,-0.055288709700107574,0.6188021302223206
1789453819752871000,8.169870849609374,0.7996185421943665,-0.04082002118229866,0.6453730463981628
1789453819762811000,8.179810791015624,0.9128047227859497,-0.006128257140517235,0.6388740539550781
1789453819772749800,8.189749755859374,0.9878155589103699,0.042016368359327316,0.6432639956474304
1789453819782689800,8.199689697265624,1.0556694269180298,0.13034671545028687,0.6609267592430115
1789453819792629000,8.20962890625,1.134412407875061,0.15957757830619812,0.6390371918678284
1789453819802569000,8.21956884765625,1.1826647520065308,0.18107841908931732,0.6043578386306763
1789453819812508000,8.2295078125,1.169412612915039,0.2621903121471405,0.5814562439918518
1789453819822447900,8.23944775390625,1.161567211151123,0.24109049141407013,0.5904836654663086
1789453819832387000,8.249386962890625,1.1774300336837769,0.1798766702413559,0.5958970785140991
1789453819842326800,8.259326904296875,1.1653026342391968,0.10015615075826645,0.5858738422393799
1789453819852265700,8.269265625,1.1662791967391968,0.08545949310064316,0.6281925439834595
1789453819862206000,8.2792060546875,1.195067286491394,0.12831421196460724,0.6735842227935791
1789453819872145000,8.289144775390625,1.2742127180099487,0.20392829179763794,0.7138850092887878
1789453819882084900,8.2990849609375,1.3673614263534546,0.25641414523124695,0.7253336906433105
1789453819892023800,8.30902392578125,1.454820156097412,0.2999784052371979,0.7375607490539551
1789453819901964000,8.318964111328125,1.4897582530975342,0.31254884600639343,0.7364941835403442
1789453819911903000,8.328903076171875,1.475372076034546,0.3362989127635956,0.706767201423645
1789453819921842700,8.3388427734375,1.4349218606948853,0.3204481899738312,0.6318081021308899
1789453819931782000,8.348781982421874,1.3749197721481323,0.2725030183792114,0.6082096099853516
1789453819941721900,8.358721923828124,1.3196437358856201,0.23636554181575775,0.6128453612327576
1789453819951660800,8.368660888671876,1.2831783294677734,0.2616834044456482,0.626410186290741
1789453819961600800,8.378600830078126,1.2823643684387207,0.2563820481300354,0.6218808889389038
1789453819971540000,8.3885400390625,1.3175897598266602,0.22002564370632172,0.5864678025245667
1789453819981480000,8.39847998046875,1.3419957160949707,0.14612476527690887,0.48203784227371216
1789453819991419000,8.4084189453125,1.341673731803894,0.11275960505008698,0.4158143401145935
1789453820001359000,8.418359130859375,1.3706461191177368,0.12326609343290329,0.4247496426105499
1789453820011298000,8.428298095703125,1.4023493528366089,0.1354396790266037,0.4384891390800476
1789453820021237800,8.43823779296875,1.4588021039962769,0.03306340426206589,0.3737834095954895
1789453820031176700,8.4481767578125,1.450942039489746,0.004771579056978226,0.38677912950515747
1789453820041117000,8.458116943359375,1.3666554689407349,-0.04334189370274544,0.4345703125
1789453820051055900,8.468055908203125,1.2796903848648071,-0.06405862420797348,0.4257347583770752
1789453820060995800,8.477995849609375,1.227881669998169,-0.04707931727170944,0.3970547914505005
1789453820070934800,8.487934814453125,1.2547662258148193,-0.02432180941104889,0.45006686449050903
1789453820080875000,8.497875,1.1274619102478027,-0.0035339267924427986,0.5786859393119812
1789453820090814000,8.50781396484375,1.1956359148025513,-0.15118010342121124,0.5333371162414551
1789453820100753700,8.517753662109374,1.2435898780822754,-0.2111038714647293,0.4973451793193817
1789453820110692900,8.52769287109375,1.1796373128890991,-0.2180643081665039,0.5087289214134216
1789453820120632800,8.5376328125,1.0471376180648804,-0.18048006296157837,0.5364671945571899
1789453820130571800,8.54757177734375,0.909598708152771,-0.15994203090667725,0.5244443416595459
1789453820140512000,8.557511962890626,0.8545617461204529,-0.18167085945606232,0.48021113872528076
1789453820150451000,8.567450927734376,0.8442191481590271,-0.20187784731388092,0.490460604429245
1789453820160391000,8.577390869140626,0.7903119921684265,-0.2163100391626358,0.5493573546409607
1789453820170329900,8.587329833984375,0.7606361508369446,-0.24101564288139343,0.5784473419189453
1789453820180270000,8.59727001953125,0.7467585206031799,-0.3038976490497589,0.518930971622467
1789453820190209000,8.607208984375,0.7309046983718872,-0.2669154107570648,0.527971625328064
1789453820200148700,8.617148681640625,0.7225694060325623,-0.27380651235580444,0.5998870730400085
1789453820210087700,8.627087646484375,0.6995381116867065,-0.25959107279777527,0.6109088063240051
1789453820220028000,8.63702783203125,0.6441694498062134,-0.3022657036781311,0.5762953758239746
1789453820229966800,8.646966796875,0.5594156980514526,-0.29937005043029785,0.5593898892402649
1789453820239906800,8.65690673828125,0.5373384356498718,-0.25827494263648987,0.5498810410499573
1789453820249846000,8.666845947265625,0.5195053815841675,-0.2429865002632141,0.5311220288276672
1789453820259786000,8.676785888671875,0.5156166553497314,-0.22491450607776642,0.5102629065513611
1789453820269725000,8.686724853515624,0.4948226809501648,-0.1854051798582077,0.49207380414009094
1789453820279664400,8.696664306640624,0.4643731415271759,-0.14805735647678375,0.45675650238990784
1789453820289603300,8.706603271484376,0.4362618625164032,-0.1204446405172348,0.39084911346435547
1789453820299543300,8.716543212890626,0.4090619683265686,-0.08151794224977493,0.3336940109729767
1789453820309482200,8.726482177734376,0.3899836242198944,-0.022874869406223297,0.27394866943359375
1789453820319422200,8.736422119140625,0.38435205817222595,-0.009317347779870033,0.19470897316932678
1789453820329361200,8.746361083984375,0.3469412922859192,-0.06932315975427628,0.1587536334991455
1789453820339300000,8.756300048828125,0.21532326936721802,-0.028674572706222534,0.12975944578647614
1789453820349240300,8.766240234375,0.15516486763954163,0.04050156846642494,0.044542551040649414
1789453820359179300,8.77617919921875,0.0880092978477478,-0.0691395252943039,-0.04278469830751419
1789453820369119200,8.786119140625,-0.0002832838799804449,-0.16197678446769714,-0.08922703564167023
1789453820379058400,8.796058349609375,-0.09754813462495804,-0.12073696404695511,-0.09368481487035751
1789453820388998100,8.805998046875,-0.1763651818037033,-0.05623040720820427,-0.11329846829175949
1789453820398937300,8.815937255859374,-0.2565416693687439,0.03620278090238571,-0.14359542727470398
1789453820408877300,8.825877197265624,-0.3513994812965393,0.12748822569847107,-0.17691263556480408
1789453820418816300,8.835816162109374,-0.423897385597229,0.1347075253725052,-0.22242286801338196
1789453820428756200,8.845756103515624,-0.49443838000297546,0.1420338749885559,-0.25600239634513855
1789453820438695200,8.855695068359376,-0.547730565071106,0.10555500537157059,-0.2594026029109955
1789453820448635400,8.865635498046874,-0.5726748108863831,0.05860108509659767,-0.24497678875923157
1789453820458574300,8.87557421875,-0.5964363813400269,0.021783897653222084,-0.2685070037841797
1789453820468514300,8.885514404296876,-0.6104126572608948,0.0011057830415666103,-0.32060855627059937
1789453820478453200,8.895453369140625,-0.6035776138305664,0.005253173410892487,-0.3682459890842438
1789453820488393200,8.905393310546875,-0.5902132987976074,0.08791209757328033,-0.3900756537914276
1789453820498332200,8.915332275390625,-0.593805193901062,0.18731793761253357,-0.40823036432266235
1789453820508272000,8.925272216796875,-0.6168295741081238,0.18491947650909424,-0.4484773874282837
1789453820518211300,8.93521142578125,-0.6498984098434448,0.1546325981616974,-0.47997453808784485
1789453820528151300,8.9451513671875,-0.6807063817977905,0.14219003915786743,-0.4563341736793518
1789453820538090200,8.95509033203125,-0.6843867301940918,0.17269858717918396,-0.3866477608680725
1789453820548030500,8.965030517578125,-0.6281170845031738,0.22879940271377563,-0.31584814190864563
1789453820557969400,8.974969482421875,-0.5633725523948669,0.27942898869514465,-0.2724827826023102
1789453820567909000,8.9849091796875,-0.5416802763938904,0.23587140440940857,-0.29936790466308594
1789453820577848300,8.994848388671874,-0.5590052008628845,0.24540375173091888,-0.3675779104232788
1789453820587788300,9.004788330078124,-0.6077266931533813,0.3127223253250122,-0.4294852018356323
1789453820597727200,9.014727294921874,-0.6533553600311279,0.34576767683029175,-0.49843350052833557
1789453820607667200,9.024667236328124,-0.6877610087394714,0.38387006521224976,-0.5684655904769897
1789453820617606100,9.034606201171876,-0.6705349087715149,0.49013495445251465,-0.5939138531684875
1789453820627546400,9.04454638671875,-0.5792276263237,0.5689173936843872,-0.5594006180763245
1789453820637485300,9.0544853515625,-0.48836952447891235,0.48418834805488586,-0.5795779228210449
1789453820647425300,9.06442529296875,-0.4560731053352356,0.35296133160591125,-0.6157444715499878
1789453820657364500,9.074364501953125,-0.4780164659023285,0.22408592700958252,-0.6683461666107178
1789453820667304200,9.08430419921875,-0.5372132062911987,0.20980072021484375,-0.6916035413742065
1789453820677243100,9.0942431640625,-0.5945332050323486,0.28613609075546265,-0.6905458569526672
1789453820687183400,9.104183349609375,-0.6355647444725037,0.35597002506256104,-0.7134397029876709
1789453820697122300,9.114122314453125,-0.6277493834495544,0.4233412742614746,-0.745340883731842
1789453820707062300,9.124062255859375,-0.5849739909172058,0.4499014914035797,-0.7494671940803528
1789453820717001200,9.134001220703125,-0.5660802721977234,0.3390527069568634,-0.7775362730026245
1789453820726941400,9.14394140625,-0.5950637459754944,0.17715196311473846,-0.8391951322555542
1789453820736880400,9.15388037109375,-0.6299833059310913,0.17088422179222107,-0.861457884311676
1789453820746820000,9.163820068359374,-0.6280402541160583,0.21206119656562805,-0.874092161655426
1789453820756759000,9.173759033203124,-0.6178724765777588,0.2939028739929199,-0.878817617893219
1789453820766699300,9.18369921875,-0.6201923489570618,0.33968794345855713,-0.8807252645492554
1789453820776638200,9.19363818359375,-0.6229991912841797,0.3092266023159027,-0.8819864988327026
1789453820786578200,9.203578125,-0.6207959651947021,0.22752270102500916,-0.8684390187263489
1789453820796517400,9.213517333984376,-0.6339067816734314,0.13341321051120758,-0.8625791072845459
1789453820806457300,9.223457275390626,-0.6436222791671753,0.07328008115291595,-0.838818371295929
1789453820816396300,9.233396240234375,-0.5884373784065247,-0.028340306133031845,-0.7292571663856506
1789453820826336300,9.243336181640625,-0.5220288038253784,0.00893622636795044,-0.6452314853668213
1789453820836275500,9.253275390625,-0.5024908185005188,0.0869174599647522,-0.6710931062698364
1789453820846215200,9.263215087890625,-0.5324497818946838,0.11906953155994415,-0.7360720634460449
1789453820856154000,9.273154052734375,-0.6380825638771057,0.13373534381389618,-0.7760228514671326
1789453820866094300,9.28309423828125,-0.7001984119415283,0.1683303415775299,-0.7796084880828857
1789453820876033300,9.293033203125,-0.7311436533927917,0.14448733627796173,-0.7474037408828735
1789453820885973200,9.30297314453125,-0.7655197381973267,0.08760087937116623,-0.79332435131073
1789453820895912200,9.312912109375,-0.7104899287223816,0.1765669882297516,-0.8288288712501526
1789453820905852400,9.322852294921875,-0.6578600406646729,-0.009975725784897804,-0.8480374813079834
1789453820915791400,9.332791259765624,-0.6275909543037415,-0.006866317708045244,-0.7242380380630493
1789453820925731000,9.34273095703125,-0.6824925541877747,-0.12649977207183838,-0.6872422099113464
1789453820935670300,9.352670166015624,-0.7856691479682922,-0.12646904587745667,-0.6796939969062805
1789453820945610200,9.3626103515625,-0.8996415138244629,-0.18390411138534546,-0.6189281344413757
1789453820955549200,9.372549072265626,-0.9119284152984619,-0.17259246110916138,-0.5947343111038208
1789453820965489200,9.3824892578125,-0.8901965022087097,-0.28060442209243774,-0.6333072781562805
1789453820975428400,9.392428466796876,-0.8213041424751282,-0.3234631419181824,-0.672396183013916
1789453820985368300,9.402368408203126,-0.8326082229614258,-0.407732754945755,-0.6779142022132874
1789453820995307300,9.412307373046875,-0.8345043659210205,-0.3549406826496124,-0.6140784621238708
1789453821005247200,9.422247314453125,-0.8688415288925171,-0.3459184169769287,-0.58775794506073
1789453821015186400,9.4321865234375,-0.8878012299537659,-0.3293813467025757,-0.6030310988426208
1789453821025126100,9.442126220703125,-0.8219543099403381,-0.34036049246788025,-0.6302584409713745
1789453821035065000,9.452065185546875,-0.7493105530738831,-0.3285931646823883,-0.6392415761947632
1789453821045005300,9.46200537109375,-0.660706639289856,-0.32639792561531067,-0.6552279591560364
1789453821054944300,9.4719443359375,-0.5964757204055786,-0.34441590309143066,-0.6708590984344482
1789453821064884200,9.48188427734375,-0.5581064820289612,-0.3140239119529724,-0.5904638171195984
1789453821074823400,9.491823486328125,-0.5994436740875244,-0.18360669910907745,-0.5285654664039612
1789453821084763400,9.501763427734375,-0.5957165956497192,-0.199066624045372,-0.5503999590873718
1789453821094702300,9.511702392578124,-0.6706413626670837,-0.15863889455795288,-0.52784663438797
1789453821104642000,9.52164208984375,-0.8112019300460815,-0.10903060436248779,-0.46337923407554626
1789453821114581200,9.531581298828126,-0.8971941471099854,-0.15368996560573578,-0.4462140202522278
1789453821124521200,9.541521240234376,-0.9548976421356201,-0.22812318801879883,-0.38888946175575256
1789453821134461200,9.551461181640626,-0.9597543478012085,-0.2563456594944,-0.339756041765213
1789453821144400400,9.561400390625,-0.9319754242897034,-0.14307130873203278,-0.2654426395893097
1789453821154339300,9.57133935546875,-0.7614930868148804,-0.20695306360721588,-0.34371650218963623
1789453821164279300,9.581279296875,-0.6353052854537964,-0.16587993502616882,-0.32709091901779175
1789453821174218200,9.59121826171875,-0.5455112457275391,-0.19678977131843567,-0.2883724570274353
1789453821184158200,9.601158203125,-0.4844262897968292,-0.16554155945777893,-0.28362321853637695
1789453821194097400,9.611097412109375,-0.5277629494667053,0.04066081717610359,-0.21660731732845306
1789453821204037000,9.621037109375,-0.5407708883285522,0.07285497337579727,-0.16925524175167084
1789453821213977300,9.630977294921875,-0.5472767353057861,0.12260095030069351,-0.14468598365783691
1789453821223916300,9.640916259765625,-0.5861924290657043,0.27783501148223877,-0.17881307005882263
1789453821233856300,9.650856201171875,-0.5770231485366821,0.27728480100631714,-0.16417387127876282
1789453821243795200,9.660795166015625,-0.5290492177009583,0.1415375918149948,-0.03524890914559364
1789453821253734400,9.670734375,-0.43319252133369446,-0.012314927764236927,0.062318239361047745
1789453821263674400,9.68067431640625,-0.3327617943286896,-0.10581451654434204,0.04957447946071625
1789453821273614000,9.690614013671874,-0.2894790768623352,-0.01982242800295353,0.061631545424461365
1789453821283554000,9.700553955078124,-0.26760682463645935,0.0625012069940567,0.09201022237539291
1789453821293494000,9.710493896484374,-0.24140478670597076,0.11517773568630219,0.16093310713768005
1789453821303433000,9.720432861328124,-0.2422008067369461,0.19007115066051483,0.2538880705833435
1789453821313373200,9.730373291015624,-0.26161226630210876,0.22244754433631897,0.3344796597957611
1789453821323312000,9.74031201171875,-0.27135223150253296,0.22018146514892578,0.4018288552761078
1789453821333251800,9.750251953125,-0.2719481289386749,0.166499525308609,0.4198451042175293
1789453821343190800,9.760190673828125,-0.33005937933921814,0.06960785388946533,0.4433368444442749
1789453821353131000,9.770131103515626,-0.3735089600086212,0.003187625203281641,0.5041744112968445
1789453821363070000,9.780070068359375,-0.3392029404640198,-0.053615469485521317,0.5423833131790161
1789453821373010000,9.790010009765625,-0.251514732837677,-0.04953226447105408,0.546617865562439
1789453821382948900,9.799948974609375,-0.12985166907310486,-0.04842891916632652,0.5321664810180664
1789453821392889000,9.80988916015625,0.016420412808656693,-0.09050950407981873,0.49976295232772827
1789453821402828000,9.819828125,0.09292344748973846,-0.08246701955795288,0.5080299377441406
1789453821412768000,9.82976806640625,0.1332019567489624,-0.03711574897170067,0.5383121371269226
1789453821422707200,9.839707275390625,0.1645718663930893,-0.013284718617796898,0.5824201703071594
1789453821432647000,9.84964697265625,0.22809816896915436,-0.037476517260074615,0.6200416088104248
1789453821442585900,9.8595859375,0.29914677143096924,-0.15047070384025574,0.6287272572517395
1789453821452525800,9.86952587890625,0.328184574842453,-0.2724429666996002,0.642885684967041
1789453821462465000,9.879465087890624,0.3529210686683655,-0.30850750207901,0.6641635894775391
1789453821472405000,9.889405029296874,0.42474788427352905,-0.2877299189567566,0.706732988357544
1789453821482344000,9.899343994140626,0.5612178444862366,-0.2183588296175003,0.761498749256134
1789453821492284200,9.9092841796875,0.7373051047325134,-0.13476866483688354,0.7820412516593933
1789453821502223000,9.91922314453125,0.9166597127914429,-0.022678617388010025,0.7847451567649841
1789453821512162800,9.929162841796876,1.0166985988616943,0.10345670580863953,0.7668875455856323
1789453821522101800,9.939101806640625,1.0202046632766724,0.2405272126197815,0.7810342311859131
1789453821532042000,9.9490419921875,0.9913881421089172,0.32053980231285095,0.8166961073875427
1789453821541981000,9.95898095703125,0.9755154252052307,0.23789075016975403,0.8368120789527893
1789453821551921000,9.9689208984375,1.002199411392212,0.15984481573104858,0.8900516629219055
1789453821561860000,9.978860107421875,1.0355733633041382,0.07045263051986694,0.903850793838501
1789453821571800000,9.988800048828125,1.0830848217010498,0.0516250841319561,0.9468539357185364
1789453821581739000,9.998739013671875,1.1424109935760498,0.09024171531200409,0.9983842968940735
1789453821591679000,10.008678955078125,1.22529935836792,0.11034346371889114,0.9974823594093323
1789453821601618200,10.0186181640625,1.300369381904602,0.05219414457678795,0.954024076461792
1789453821611558000,10.028557861328125,1.3435403108596802,-0.04270057752728462,0.9035215377807617
1789453821621496800,10.038496826171874,1.346032977104187,-0.07520791888237,0.8921937346458435
1789453821631437000,10.04843701171875,1.3984217643737793,-0.09487645328044891,0.8922834992408752
1789453821641376000,10.0583759765625,1.462410807609558,-0.15895265340805054,0.8588699102401733
1789453821651316000,10.06831591796875,1.5367233753204346,-0.14113201200962067,0.8250999450683594
1789453821661255000,10.0782548828125,1.5280550718307495,-0.1557522416114807,0.8031235337257385
1789453821671195100,10.088195068359376,1.4297263622283936,-0.1363440603017807,0.805286705493927
1789453821681134000,10.098134033203126,1.4053469896316528,-0.14522837102413177,0.7376469373703003
1789453821691073800,10.10807373046875,1.3554060459136963,-0.209721177816391,0.670691967010498
1789453821701013000,10.118012939453125,1.3304921388626099,-0.24965688586235046,0.6509891152381897
1789453821710953000,10.127952880859375,1.3728965520858765,-0.2817056477069855,0.6501227617263794
1789453821720892000,10.137891845703125,1.4022592306137085,-0.39056819677352905,0.572671115398407
1789453821730832000,10.147831787109375,1.3104289770126343,-0.27699699997901917,0.6557875871658325
1789453821740771000,10.15777099609375,1.1867585182189941,-0.2754688858985901,0.6974780559539795
1789453821750711000,10.1677109375,1.2070962190628052,-0.35449475049972534,0.678956151008606
1789453821760650000,10.17764990234375,1.2039810419082642,-0.3680534362792969,0.6892279386520386
1789453821770590000,10.18758984375,1.1428778171539307,-0.25394734740257263,0.7810086607933044
1789453821780529000,10.19752880859375,1.1312379837036133,-0.3609749972820282,0.7215410470962524
1789453821790468900,10.20746875,1.0989856719970703,-0.32149598002433777,0.7461807727813721
1789453821800407800,10.21740771484375,1.0111123323440552,-0.275040864944458,0.8245970606803894
1789453821810348000,10.22734814453125,0.9656241536140442,-0.2860361337661743,0.8806045651435852
1789453821820287000,10.237286865234376,0.9484915137290955,-0.28145337104797363,0.887120246887207
1789453821830227000,10.24722705078125,0.9226685166358948,-0.302090585231781,0.8464651107788086
1789453821840166000,10.257165771484376,0.9178588390350342,-0.24864335358142853,0.8117417693138123
1789453821850106000,10.267106201171876,0.9079455733299255,-0.2782861590385437,0.7582597732543945
1789453821860045000,10.277045166015625,0.8334295749664307,-0.2884035110473633,0.7126941680908203
1789453821869984800,10.28698486328125,0.7662675976753235,-0.352276086807251,0.6992011070251465
1789453821879924000,10.296924072265625,0.698241651058197,-0.33758875727653503,0.7082138061523438
1789453821889864000,10.306864013671875,0.6995170712471008,-0.27499330043792725,0.7024304866790771
1789453821899803000,10.316802978515625,0.7877603769302368,-0.28693464398384094,0.6975693702697754
1789453821909743000,10.3267431640625,0.8249545693397522,-0.3278350830078125,0.6820946931838989
1789453821919682000,10.33668212890625,0.7966704368591309,-0.24793387949466705,0.6890556812286377
1789453821929622000,10.3466220703125,0.7139301896095276,-0.18698179721832275,0.6946167349815369
1789453821939561000,10.35656103515625,0.6539574265480042,-0.18186692893505096,0.6856802701950073
1789453821949501000,10.3665009765625,0.6057223081588745,-0.13432276248931885,0.6355910897254944
1789453821959440000,10.37643994140625,0.5264357328414917,-0.11629662662744522,0.5329778790473938
1789453821969379800,10.3863798828125,0.42981135845184326,-0.09379427134990692,0.43142229318618774
1789453821979318800,10.39631884765625,0.2949238419532776,0.019969582557678223,0.36043307185173035
1789453821989259000,10.406259033203124,0.2659805715084076,0.09997031092643738,0.2914484143257141
1789453821999198000,10.416197998046876,0.22048500180244446,0.1399344950914383,0.19730167090892792
1789453822009138000,10.426137939453126,0.13815753161907196,0.12933892011642456,0.09677004814147949
1789453822019077000,10.4360771484375,0.05193635821342468,0.14951395988464355,0.01147991232573986
1789453822029017000,10.44601708984375,0.015828518196940422,0.11811817437410355,-0.05649631470441818
1789453822038956000,10.4559560546875,-0.0829814150929451,0.055530428886413574,-0.11930723488330841
1789453822048896000,10.46589599609375,-0.19073320925235748,0.05749380961060524,-0.1669275164604187
1789453822058835000,10.4758349609375,-0.29655924439430237,0.06383959203958511,-0.19742044806480408
1789453822068775000,10.48577490234375,-0.39167359471321106,0.07117526978254318,-0.21336477994918823
1789453822078713900,10.4957138671875,-0.48779240250587463,0.11633768677711487,-0.2202855348587036
1789453822088654000,10.505654052734375,-0.588127851486206,0.13463768362998962,-0.26778727769851685
1789453822098593000,10.515593017578125,-0.6910712718963623,0.11986114084720612,-0.3684401214122772
1789453822108533000,10.525532958984375,-0.784533679485321,0.1448315978050232,-0.45947161316871643
1789453822118472000,10.535471923828124,-0.8380736112594604,0.2152879238128662,-0.4946487545967102
1789453822128412000,10.545411865234374,-0.9123822450637817,0.25915277004241943,-0.5049661993980408
1789453822138350800,10.555350830078124,-0.9967056512832642,0.28031665086746216,-0.5404160618782043
1789453822148290800,10.565290771484374,-1.1097415685653687,0.24240541458129883,-0.6227818131446838
1789453822158230000,10.57522998046875,-1.2294607162475586,0.1976962685585022,-0.6580497622489929
1789453822168170000,10.585169921875,-1.298858642578125,0.2235993891954422,-0.5700829029083252
1789453822178109000,10.59510888671875,-1.3219072818756104,0.23647445440292358,-0.39186760783195496
1789453822188049200,10.605049072265626,-1.3006484508514404,0.29537123441696167,-0.2645551562309265
1789453822197988000,10.614988037109375,-1.2092463970184326,0.35539036989212036,-0.1977497637271881
1789453822207928000,10.624927978515625,-1.1005525588989258,0.3403635025024414,-0.154362753033638
1789453822217867000,10.634866943359375,-1.0281636714935303,0.3141452372074127,-0.13985304534435272
1789453822227807000,10.644806884765625,-0.9782506823539734,0.31017470359802246,-0.1355684995651245
1789453822237746000,10.654745849609375,-0.9136663675308228,0.3394407331943512,-0.14075607061386108
1789453822247686000,10.664685791015625,-0.819116473197937,0.4514189064502716,-0.14784692227840424
1789453822257624800,10.674624755859375,-0.7045331597328186,0.49331679940223694,-0.18924522399902344
1789453822267565000,10.68456494140625,-0.5972659587860107,0.4466094672679901,-0.25400635600090027
1789453822277503500,10.69450341796875,-0.4665377736091614,0.3694220185279846,-0.28211015462875366
1789453822287443500,10.704443359375,-0.4329712688922882,0.15687544643878937,-0.3394969403743744
1789453822297382700,10.714382568359374,-0.5128408074378967,-0.1151944175362587,-0.41613179445266724
1789453822307322600,10.724322509765624,-0.6479778289794922,-0.242678701877594,-0.46437838673591614
1789453822317262300,10.734262451171874,-0.7345633506774902,-0.0823926255106926,-0.4485781192779541
1789453822327201500,10.744201416015626,-0.7785216569900513,0.20127949118614197,-0.4525124430656433
1789453822337140500,10.754140380859376,-0.7734363079071045,0.3000470995903015,-0.5237317681312561
1789453822347080400,10.76408056640625,-0.7013096213340759,0.23246188461780548,-0.6195663809776306
1789453822357019400,10.774019287109375,-0.598483145236969,-0.013343079015612602,-0.6996851563453674
1789453822366959600,10.783959716796875,-0.5575878024101257,-0.21088668704032898,-0.7580465078353882
1789453822376899600,10.793899658203125,-0.5321394205093384,-0.2503986656665802,-0.7791866660118103
1789453822386838500,10.803838623046875,-0.5282469391822815,-0.2091439664363861,-0.8147000670433044
1789453822396778500,10.813778564453125,-0.5266045928001404,-0.129428893327713,-0.8465756773948669
1789453822406717400,10.823717529296875,-0.5119699239730835,-0.08106213063001633,-0.8732214570045471
1789453822416657400,10.833657470703125,-0.5325630903244019,-0.03426133841276169,-0.8573370575904846
1789453822426596400,10.843596435546875,-0.5736364126205444,0.018305685371160507,-0.8128602504730225
1789453822436536600,10.85353662109375,-0.6097709536552429,-0.03409121185541153,-0.8005316853523254
1789453822446475500,10.8634755859375,-0.614916980266571,-0.10253670066595078,-0.8381199836730957
1789453822456415500,10.87341552734375,-0.5761421322822571,-0.10206957906484604,-0.809786856174469
1789453822466354700,10.883354736328124,-0.5844011306762695,0.04667554050683975,-0.669662594795227
1789453822476294400,10.89329443359375,-0.6216822266578674,0.07417800277471542,-0.5817809700965881
1789453822486233600,10.903233642578124,-0.6666602492332458,0.030708875507116318,-0.5501635074615479
1789453822496173600,10.913173583984374,-0.6734204292297363,-0.00392739987000823,-0.5236855745315552
1789453822506112500,10.923112548828126,-0.6115623116493225,-0.10481815785169601,-0.5599652528762817
1789453822516052500,10.933052490234376,-0.533301055431366,-0.1820402443408966,-0.6348951458930969
1789453822525991400,10.942991455078126,-0.52765953540802,-0.17550921440124512,-0.6168349385261536
1789453822535931600,10.952931640625,-0.5707949995994568,-0.059218812733888626,-0.4887171685695648
1789453822545870600,10.96287060546875,-0.7383867502212524,-0.06892944872379303,-0.4576188027858734
1789453822555810600,10.972810546875,-0.8625079393386841,-0.09249655902385712,-0.43226417899131775
1789453822565749500,10.98274951171875,-0.947830319404602,-0.15593451261520386,-0.434444397687912
1789453822575689500,10.992689453125,-0.9076828956604004,-0.04789192974567413,-0.3822336494922638
1789453822585628400,11.00262841796875,-0.8695867657661438,-0.1198037639260292,-0.43369415402412415
1789453822595568400,11.012568359375,-0.8350083231925964,-0.2525636851787567,-0.5381572246551514
1789453822605507600,11.022507568359375,-0.8730059266090393,-0.31154686212539673,-0.5844190716743469
1789453822615447600,11.032447509765625,-0.8202537298202515,-0.13308048248291016,-0.5034453868865967
1789453822625386500,11.042386474609375,-0.8077136278152466,-0.23496857285499573,-0.5853559970855713
1789453822635326700,11.05232666015625,-0.8553128242492676,-0.11481712013483047,-0.5807806849479675
1789453822645265700,11.062265625,-0.7263148427009583,-0.047123413532972336,-0.6195386648178101
1789453822655205400,11.072205322265624,-0.7529941201210022,-0.08601488918066025,-0.713612973690033
1789453822665144300,11.082144287109376,-0.6887964606285095,-0.013383947312831879,-0.7346433401107788
1789453822675084500,11.09208447265625,-0.6778125762939453,-0.03373822197318077,-0.7260663509368896
1789453822685023500,11.1020234375,-0.6728832721710205,-0.09244240075349808,-0.7736928462982178
1789453822694963500,11.11196337890625,-0.6964373588562012,0.0006356113590300083,-0.7780460715293884
1789453822704902400,11.12190234375,-0.6691815257072449,0.06222943961620331,-0.7805688381195068
1789453822714842600,11.131842529296875,-0.6088947653770447,0.01861485466361046,-0.8095634579658508
1789453822724781600,11.141781494140625,-0.6499797701835632,0.09182067215442657,-0.8047598004341125
1789453822734721500,11.151721435546875,-0.6278846263885498,-0.011807452887296677,-0.8769879341125488
1789453822744660700,11.16166064453125,-0.7460471987724304,0.01934714987874031,-0.8686585426330566
1789453822754600400,11.171600341796875,-0.7978757619857788,-0.05242210999131203,-0.8439728617668152
1789453822764539400,11.181539306640625,-0.8423210382461548,-0.028240511193871498,-0.7092571258544922
1789453822774479600,11.191479736328125,-0.8275095820426941,0.038209084421396255,-0.5802893042564392
1789453822784418600,11.20141845703125,-0.6834699511528015,-0.08516419678926468,-0.568591833114624
1789453822794358500,11.211358642578125,-0.6429915428161621,-0.055172745138406754,-0.45466285943984985
1789453822804297500,11.22129736328125,-0.6453032493591309,0.03004523739218712,-0.3011641502380371
1789453822814237700,11.23123779296875,-0.6361398696899414,0.09497576951980591,-0.1937045454978943
1789453822824176600,11.2411767578125,-0.6248041391372681,0.16325952112674713,-0.13740378618240356
1789453822834116400,11.251116455078124,-0.6249634027481079,0.28185006976127625,-0.1005973070859909
1789453822844055300,11.26105517578125,-0.7063615918159485,0.5250819325447083,0.055587995797395706
1789453822853995500,11.27099560546875,-0.6282303333282471,0.16565769910812378,0.1938161700963974
1789453822863934500,11.2809345703125,-0.5554766058921814,0.057995378971099854,0.3470305800437927
1789453822873874400,11.29087451171875,-0.40264469385147095,-0.018724165856838226,0.4017353653907776
1789453822883813600,11.300813720703125,-0.2893734276294708,0.04216789826750755,0.3933124840259552
1789453822893753600,11.310753662109375,-0.23325423896312714,0.17828738689422607,0.38363856077194214
1789453822903692500,11.320692626953125,-0.17913818359375,0.18656453490257263,0.42284414172172546
1789453822913632500,11.330632568359375,-0.13366684317588806,0.11571966111660004,0.45107710361480713
1789453822923571700,11.34057177734375,-0.11529768258333206,0.11662697792053223,0.4619135558605194
1789453822933511400,11.350511474609375,-0.09623531252145767,0.12701942026615143,0.46468937397003174
1789453822943450400,11.360450439453125,-0.10683224350214005,0.1313311606645584,0.46495282649993896
1789453822953390600,11.370390625,-0.123075932264328,0.08540281653404236,0.5145241022109985
1789453822963329500,11.38032958984375,-0.13983698189258575,0.05868707597255707,0.5484844446182251
1789453822973269500,11.39026953125,-0.17997267842292786,-0.01879839599132538,0.5472175478935242
1789453822983208400,11.40020849609375,-0.18490011990070343,-0.06237814575433731,0.5553166270256042
1789453822993148700,11.410148681640624,-0.11707501113414764,-0.07327846437692642,0.5488768219947815
1789453823003088400,11.42008837890625,0.05595715343952179,-0.09651326388120651,0.509867787361145
1789453823013027300,11.43002734375,0.222876638174057,-0.1133795902132988,0.487606942653656
1789453823022967600,11.439967529296876,0.38167864084243774,-0.10071023553609848,0.47422271966934204
1789453823032906500,11.449906494140626,0.4922139346599579,-0.08577069640159607,0.45690417289733887
1789453823042846500,11.459846435546876,0.571839451789856,-0.015474768355488777,0.4680830240249634
1789453823052785400,11.469785400390625,0.6786497831344604,0.05946391820907593,0.4878290593624115
1789453823062725600,11.4797255859375,0.8305498361587524,0.1278965175151825,0.5206455588340759
1789453823072664600,11.48966455078125,0.9963241815567017,0.2021409124135971,0.5416358113288879
1789453823082604300,11.499604248046875,1.1198012828826904,0.27489304542541504,0.5435735583305359
1789453823092543500,11.50954345703125,1.221980333328247,0.33812180161476135,0.5755301713943481
1789453823102483500,11.5194833984375,1.306942343711853,0.3237702250480652,0.5991339683532715
1789453823112422400,11.52942236328125,1.3428627252578735,0.3123500645160675,0.6318027377128601
1789453823122362600,11.539362548828125,1.3556551933288574,0.3633395731449127,0.6414542198181152
1789453823132301600,11.549301513671875,1.3682745695114136,0.36056190729141235,0.6136846542358398
1789453823142241500,11.559241455078125,1.359765887260437,0.3015066385269165,0.612309455871582
1789453823152180500,11.569180419921874,1.4003782272338867,0.26342132687568665,0.6153952479362488
1789453823162120700,11.57912060546875,1.4582079648971558,0.2129981964826584,0.5691565275192261
1789453823172059600,11.5890595703125,1.4973831176757812,0.2301367074251175,0.5637801885604858
1789453823181999400,11.598999267578124,1.5646547079086304,0.234754741191864,0.5584579706192017
1789453823191938300,11.608938232421876,1.5725369453430176,0.2569809854030609,0.5319379568099976
1789453823201878500,11.61887841796875,1.5468577146530151,0.31298860907554626,0.5658738017082214
1789453823211817500,11.6288173828125,1.5542343854904175,0.2570608854293823,0.5691018104553223
1789453823221757400,11.63875732421875,1.5405404567718506,0.1898653507232666,0.5172834992408752
1789453823231696600,11.648696533203125,1.571900486946106,0.20570610463619232,0.5496302843093872
1789453823241636600,11.65863671875,1.5192781686782837,0.08226002007722855,0.5701447129249573
1789453823251575600,11.668575439453125,1.4650975465774536,0.042065732181072235,0.5961100459098816
1789453823261515500,11.678515625,1.411814570426941,-0.0059836991131305695,0.6541740894317627
1789453823271454500,11.688454345703125,1.3812345266342163,-0.080569788813591,0.6405379176139832
1789453823281394200,11.698394287109375,1.3204469680786133,-0.10866685956716537,0.6558351516723633
1789453823291333400,11.70833349609375,1.3400777578353882,-0.10312562435865402,0.7056117653846741
1789453823301273300,11.7182734375,1.4058260917663574,-0.1821160763502121,0.6653088331222534
1789453823311212300,11.72821240234375,1.476549506187439,-0.2445317804813385,0.5861154794692993
1789453823321152500,11.738152587890625,1.5254805088043213,-0.2798686623573303,0.5213336944580078
1789453823331091500,11.748091552734374,1.4658411741256714,-0.2444630265235901,0.5663022398948669
1789453823341031400,11.758031494140624,1.4603221416473389,-0.2897234261035919,0.5133100748062134
1789453823350970400,11.767970458984376,1.355470061302185,-0.2236970067024231,0.5123598575592041
1789453823360910300,11.777910400390626,1.2794193029403687,-0.27861708402633667,0.3529156744480133
1789453823370849300,11.787849365234376,1.1862845420837402,-0.20992432534694672,0.4049205482006073
1789453823380789200,11.797789306640626,1.108183741569519,-0.18054988980293274,0.43440112471580505
1789453823390728200,11.807728271484375,1.089712142944336,-0.16860800981521606,0.3449162542819977
1789453823400668400,11.81766845703125,1.0529611110687256,-0.205344095826149,0.2758876383304596
1789453823410607400,11.827607421875,1.0051357746124268,-0.20584850013256073,0.31955069303512573
1789453823420547300,11.83754736328125,0.9151976108551025,-0.18850746750831604,0.4055483341217041
1789453823430486500,11.847486572265625,0.8309268951416016,-0.15641024708747864,0.4758989214897156
1789453823440426200,11.85742626953125,0.8221644759178162,-0.18327338993549347,0.5889986157417297
1789453823450365200,11.867365234375,0.8627579808235168,-0.31975987553596497,0.6316384673118591
1789453823460305400,11.877305419921875,0.8555980920791626,-0.3633422255516052,0.6411345601081848
1789453823470244400,11.887244384765625,0.7910771369934082,-0.4022717773914337,0.6926997303962708
1789453823480184300,11.897184326171875,0.6989562511444092,-0.3371615707874298,0.7401885986328125
1789453823490123300,11.907123291015624,0.6055424213409424,-0.3557696044445038,0.7425550818443298
1789453823500063500,11.9170634765625,0.555229127407074,-0.4214309751987457,0.6697300672531128
1789453823510002400,11.92700244140625,0.5447235107421875,-0.3796164095401764,0.6240866780281067
1789453823519942400,11.9369423828125,0.525640606880188,-0.24162322282791138,0.6287755370140076
1789453823529881300,11.94688134765625,0.5401881337165833,-0.20549984276294708,0.6160762310028076
1789453823539821300,11.9568212890625,0.5163177847862244,-0.19587218761444092,0.5381765365600586
1789453823549760300,11.96676025390625,0.43236297369003296,-0.0913604274392128,0.46195387840270996
1789453823559700200,11.9767001953125,0.30373385548591614,0.04920503497123718,0.38565322756767273
1789453823569639400,11.986639404296875,0.21600958704948425,0.1194634884595871,0.304146409034729
1789453823579579400,11.996579345703125,0.14465494453907013,0.1551251858472824,0.18339937925338745
1789453823589518300,12.006518310546875,0.052856042981147766,0.09616866707801819,0.03232596442103386
1789453823599458600,12.01645849609375,-0.10794955492019653,0.04581534117460251,-0.09106319397687912
1789453823609397500,12.0263974609375,-0.2009788453578949,0.0628044456243515,-0.1383281797170639
1789453823619337200,12.036337158203125,-0.2975405752658844,-0.002727815881371498,-0.1776357889175415
1789453823629276200,12.046276123046875,-0.38433006405830383,-0.12103235721588135,-0.271742582321167
1789453823639216400,12.05621630859375,-0.4712603986263275,-0.18461495637893677,-0.3632797598838806
1789453823649156400,12.06615625,-0.5805461406707764,-0.2509641647338867,-0.40906402468681335
1789453823659095300,12.07609521484375,-0.6806533336639404,-0.24499815702438354,-0.44405627250671387
1789453823669035500,12.086035400390625,-0.7662052512168884,-0.08300447463989258,-0.4789426028728485
1789453823678974500,12.095974365234374,-0.8547158241271973,-0.025922181084752083,-0.5229225754737854
1789453823688914200,12.1059140625,-0.9328769445419312,0.07183686643838882,-0.5567111372947693
1789453823698853400,12.115853271484376,-0.9486697912216187,0.16619408130645752,-0.5743378400802612
1789453823708793300,12.12579345703125,-0.9587439894676208,0.23955218493938446,-0.5872243642807007
1789453823718732300,12.135732177734376,-1.0116686820983887,0.2593523859977722,-0.5765742063522339
1789453823728672300,12.14567236328125,-1.097867488861084,0.24553510546684265,-0.5819564461708069
1789453823738611500,12.155611572265625,-1.18938148021698,0.31726792454719543,-0.5015022158622742
1789453823748551400,12.165551513671875,-1.2631521224975586,0.3851769268512726,-0.30131083726882935
1789453823758490400,12.175490478515625,-1.2825114727020264,0.3329721689224243,-0.06384903192520142
1789453823768430300,12.185430419921875,-1.2246055603027344,0.28234654664993286,0.1025969386100769
1789453823778369500,12.19536962890625,-1.0998610258102417,0.27731695771217346,0.18947194516658783
1789453823788309200,12.205309326171875,-1.0109457969665527,0.2482568323612213,0.1781761348247528
1789453823798248200,12.215248291015625,-0.9297124743461609,0.2736620604991913,0.11324075609445572
1789453823808188400,12.2251884765625,-0.8389982581138611,0.31784895062446594,0.09457625448703766
1789453823818127400,12.23512744140625,-0.7829768061637878,0.26474419236183167,0.019479641690850258
1789453823828067300,12.2450673828125,-0.7869734168052673,0.24742326140403748,-0.06172573193907738
1789453823838006300,12.25500634765625,-0.7435318827629089,0.372141569852829,-0.08565177023410797
1789453823847946500,12.264946533203124,-0.6692416667938232,0.3630058467388153,-0.12585511803627014
1789453823857885400,12.274885498046874,-0.6454487442970276,0.16130730509757996,-0.23771868646144867
1789453823867825200,12.2848251953125,-0.6625299453735352,-0.04420722648501396,-0.3603835999965668
1789453823877764400,12.294764404296876,-0.6461639404296875,-0.0792812779545784,-0.4010635316371918
1789453823887704300,12.304704345703126,-0.587840735912323,0.04057108983397484,-0.4015690088272095
1789453823897643300,12.314643310546876,-0.5177181363105774,0.20805886387825012,-0.4261690676212311
1789453823907583200,12.324583251953126,-0.4074457287788391,0.30782967805862427,-0.465774804353714
1789453823917522400,12.3345224609375,-0.2550998628139496,0.2337428778409958,-0.49711930751800537
1789453823927462400,12.34446240234375,-0.16538327932357788,0.06205181032419205,-0.5354541540145874
1789453823937401300,12.3544013671875,-0.1751200407743454,-0.16861136257648468,-0.610625147819519
1789453823947341600,12.364341552734375,-0.32053446769714355,-0.25831007957458496,-0.6511493921279907
1789453823957280500,12.374280517578125,-0.4963352382183075,-0.1566108912229538,-0.6157220005989075
1789453823967220200,12.38422021484375,-0.6099888682365417,-0.0035773885902017355,-0.5595255494117737
1789453823977159200,12.3941591796875,-0.6737203598022461,0.042132843285799026,-0.5540043115615845
1789453823987099400,12.404099365234375,-0.7297266125679016,-0.056608647108078,-0.6335470676422119
1789453823997038300,12.414038330078125,-0.707269012928009,-0.21155032515525818,-0.7304109334945679
1789453824006978300,12.423978271484375,-0.771831750869751,-0.4278501272201538,-0.8411685824394226
1789453824016917200,12.433917236328124,-0.7582156658172607,-0.479627788066864,-0.8938900828361511
1789453824026857500,12.443857421875,-0.8012526035308838,-0.3548067808151245,-0.8710348010063171
1789453824036796400,12.45379638671875,-0.7922075390815735,-0.17550134658813477,-0.8336872458457947
1789453824046736100,12.463736083984376,-0.7817056179046631,-0.0890231654047966,-0.8464855551719666
1789453824056675300,12.47367529296875,-0.7846494913101196,-0.002275223843753338,-0.8309385776519775
1789453824066615300,12.483615234375,-0.741950511932373,0.009936967864632607,-0.8479740023612976
1789453824076554200,12.49355419921875,-0.7428184747695923,0.015110569074749947,-0.8396188020706177
1789453824086494500,12.503494384765625,-0.6661530137062073,-0.0636068806052208,-0.8499974012374878
1789453824096433400,12.513433349609375,-0.6376699209213257,-0.1062086671590805,-0.8454505801200867
1789453824106373400,12.523373291015625,-0.7041166424751282,-0.035980310291051865,-0.8103373050689697
1789453824116312300,12.533312255859375,-0.696270763874054,-0.0574188306927681,-0.8115619421005249
1789453824126252300,12.543252197265625,-0.7738462090492249,-0.0528605654835701,-0.8093533515930176
1789453824136191500,12.55319140625,-0.8105354309082031,-0.02554820105433464,-0.759139895439148
1789453824146131200,12.563131103515625,-0.8054008483886719,-0.09909965097904205,-0.7656233310699463
1789453824156070100,12.573070068359375,-0.7818694710731506,-0.09010692685842514,-0.7936584949493408
1789453824166010400,12.58301025390625,-0.693153977394104,-0.1488080620765686,-0.8087111711502075
1789453824175949300,12.59294921875,-0.715865433216095,-0.2705014646053314,-0.8516033887863159
1789453824185889300,12.60288916015625,-0.8225727081298828,-0.22109609842300415,-0.8327902555465698
1789453824195828500,12.612828369140624,-0.8825963735580444,-0.28017663955688477,-0.8214358687400818
1789453824205768400,12.6227685546875,-0.888087272644043,-0.27267664670944214,-0.7886680364608765
1789453824215707400,12.632707275390626,-0.8507362604141235,-0.27335718274116516,-0.7672621011734009
1789453824225647400,12.6426474609375,-0.7950527667999268,-0.3362131118774414,-0.784590482711792
1789453824235587300,12.65258740234375,-0.7193002700805664,-0.37035199999809265,-0.7817437052726746
1789453824245526300,12.6625263671875,-0.6683300137519836,-0.41449683904647827,-0.7888740301132202
1789453824255466500,12.672466552734376,-0.6795247197151184,-0.3119513988494873,-0.7938804626464844
1789453824265405400,12.682405517578125,-0.7753316760063171,-0.12735117971897125,-0.7761771082878113
1789453824275345400,12.692345458984375,-0.7829474806785583,0.005621435586363077,-0.7260199785232544
1789453824285284600,12.70228466796875,-0.8151025176048279,0.044950999319553375,-0.6611651182174683
1789453824295224300,12.712224365234375,-0.8018919229507446,-0.14053761959075928,-0.6826222538948059
1789453824305163300,12.722163330078125,-0.7937942743301392,-0.20162974298000336,-0.6012325882911682
1789453824315103500,12.732103515625,-0.7982804775238037,-0.16490085422992706,-0.488329142332077
1789453824325042400,12.74204248046875,-0.7590886354446411,-0.25202298164367676,-0.465092271566391
1789453824334982400,12.751982421875,-0.7498252987861633,-0.181028351187706,-0.3286196291446686
1789453824344921600,12.761921630859375,-0.7305469512939453,-0.327985554933548,-0.219016432762146
1789453824354861600,12.771861572265625,-0.7633074522018433,-0.42480361461639404,-0.20496271550655365
1789453824364800500,12.781800537109374,-0.8255999088287354,-0.322746217250824,-0.1255272924900055
1789453824374740500,12.791740478515624,-0.8595247864723206,-0.11160416156053543,0.0022528166882693768
1789453824384679700,12.8016796875,-0.7183628678321838,-0.1939602792263031,-0.04727984964847565
1789453824394619400,12.811619384765624,-0.6526468396186829,0.05738977715373039,-0.0033463449217379093
1789453824404558300,12.821558349609376,-0.6916056871414185,0.27092576026916504,0.21614526212215424
1789453824414498600,12.83149853515625,-0.5265873074531555,-0.030757997184991837,0.21596013009548187
1789453824424437500,12.8414375,-0.46109244227409363,0.04421504586935043,0.29952293634414673
1789453824434377500,12.85137744140625,-0.4463121294975281,0.12054460495710373,0.3889268934726715
1789453824444316400,12.86131640625,-0.3605490028858185,0.19420470297336578,0.42069172859191895
1789453824454256600,12.871256591796875,-0.17106036841869354,0.18013854324817657,0.3557555377483368
1789453824464195600,12.881195556640625,-0.06163853406906128,0.18571093678474426,0.3282277584075928
1789453824474135300,12.89113525390625,-0.0345793180167675,0.2261020839214325,0.42654484510421753
1789453824484074200,12.90107421875,0.012629739008843899,0.1591680645942688,0.5323980450630188
1789453824494014500,12.911014404296875,0.012120556086301804,0.08665811270475388,0.5904509425163269
1789453824503953400,12.920953369140625,-0.010560521855950356,0.06694645434617996,0.6576406359672546
1789453824513893400,12.930893310546875,-0.013641714118421078,-0.008342679589986801,0.6815384030342102
1789453824523832600,12.94083251953125,-0.009462682530283928,-0.06981243193149567,0.6712636351585388
1789453824533772500,12.9507724609375,0.02849537879228592,-0.0724160373210907,0.6427806615829468
1789453824543711500,12.96071142578125,0.14081500470638275,-0.06965646892786026,0.6092642545700073
1789453824553651500,12.9706513671875,0.2825217545032501,-0.09699691087007523,0.5831223726272583
1789453824563590400,12.98059033203125,0.4220471680164337,-0.11706063896417618,0.5669300556182861
1789453824573530400,12.9905302734375,0.5675243139266968,-0.09431561827659607,0.5615568161010742
1789453824583469300,13.00046923828125,0.6727221012115479,-0.06828508526086807,0.5397761464118958
1789453824593409500,13.010409423828126,0.6950753927230835,0.043925631791353226,0.5811373591423035
1789453824603348500,13.020348388671875,0.7349833846092224,0.16216012835502625,0.6384688019752502
1789453824613288400,13.030288330078125,0.8159471154212952,0.17269021272659302,0.6464930772781372
1789453824623227400,13.040227294921875,0.8890596628189087,0.11222527921199799,0.6950252056121826
1789453824633167600,13.050167724609375,0.9123861789703369,0.10431806743144989,0.7761539220809937
1789453824643106600,13.0601064453125,0.9791660308837891,0.18898607790470123,0.8401339650154114
1789453824653046300,13.07004638671875,1.069817066192627,0.3013903498649597,0.878311038017273
1789453824662985500,13.0799853515625,1.145763874053955,0.44752731919288635,0.913790225982666
1789453824672925400,13.089925537109375,1.2444366216659546,0.5202951431274414,0.9509136080741882
1789453824682864400,13.099864501953125,1.3135069608688354,0.4888419210910797,0.9739547371864319
1789453824692804600,13.1098046875,1.32262122631073,0.42780670523643494,0.9856869578361511
1789453824702743600,13.11974365234375,1.3356598615646362,0.38708510994911194,0.9627646207809448
1789453824712683500,13.12968359375,1.3744453191757202,0.3014373779296875,0.9044516086578369
1789453824722622500,13.13962255859375,1.4247294664382935,0.2312183380126953,0.8874281644821167
1789453824732562400,13.1495625,1.4544662237167358,0.18775352835655212,0.8436153531074524
1789453824742501400,13.15950146484375,1.492480993270874,0.2202712595462799,0.8601202964782715
1789453824752441300,13.16944140625,1.5315186977386475,0.20208671689033508,0.8459206819534302
1789453824762381600,13.179381591796876,1.5691592693328857,0.11013762652873993,0.7978772521018982
1789453824772320500,13.189320556640626,1.573096752166748,0.06511107832193375,0.7481287717819214
1789453824782260500,13.199260498046876,1.5965368747711182,0.0669177696108818,0.6764790415763855
1789453824792199400,13.209199462890625,1.6113965511322021,0.044713445007801056,0.6424685120582581
1789453824802139600,13.2191396484375,1.5830544233322144,0.01616302691400051,0.6717771291732788
1789453824812078600,13.22907861328125,1.56430983543396,-0.01911722496151924,0.7163446545600891
1789453824822018300,13.239018310546875,1.5466536283493042,-0.003294585272669792,0.7234132289886475
1789453824831957500,13.24895751953125,1.5265125036239624,-0.04275326058268547,0.703693151473999
1789453824841897500,13.2588974609375,1.474563479423523,-0.04114844277501106,0.6761307716369629
1789453824851836400,13.26883642578125,1.4040359258651733,-0.058897875249385834,0.6561583876609802
1789453824861776400,13.2787763671875,1.3721925020217896,-0.07610748708248138,0.6413869261741638
1789453824871715600,13.288715576171874,1.3457285165786743,-0.04569358751177788,0.6462475061416626
1789453824881655600,13.298655517578124,1.3525158166885376,-0.023644477128982544,0.6924373507499695
1789453824891594500,13.308594482421874,1.409529209136963,-0.0058908285573124886,0.7226071357727051
1789453824901534500,13.318534423828124,1.4440118074417114,-0.03392086550593376,0.6760875582695007
1789453824911473400,13.328473388671876,1.4177031517028809,-0.010972865857183933,0.6595419049263
1789453824921413400,13.338413330078126,1.3268775939941406,-0.06910381466150284,0.7057019472122192
1789453824931352300,13.348352294921876,1.2194801568984985,-0.12430564314126968,0.6961284875869751
1789453824941292500,13.35829248046875,1.1175686120986938,-0.09681356698274612,0.6330869197845459
1789453824951231500,13.3682314453125,1.0312650203704834,-0.05381663888692856,0.6239567399024963
1789453824961171500,13.37817138671875,1.02940034866333,-0.054029159247875214,0.6327579021453857
1789453824971110700,13.388110595703125,1.0398516654968262,-0.0346529446542263,0.6341213583946228
1789453824981050400,13.39805029296875,1.0335520505905151,-0.001086461590602994,0.6582189798355103
1789453824990989600,13.407989501953125,0.9715328812599182,-0.007591305300593376,0.6352414488792419
1789453825000929300,13.41792919921875,0.8669947981834412,0.028452184051275253,0.5966615676879883
1789453825010868500,13.427868408203125,0.7839850783348083,0.08412288129329681,0.5862433910369873
1789453825020808400,13.437808349609375,0.7411595582962036,0.01632971689105034,0.5536931753158569
1789453825030747400,13.447747314453125,0.7174820303916931,-0.08456191420555115,0.4950588345527649
1789453825040687600,13.4576875,0.6663669347763062,-0.0921921357512474,0.47768837213516235
1789453825050626600,13.46762646484375,0.5966090559959412,-0.021680515259504318,0.4801499545574188
1789453825060566500,13.47756640625,0.5247105956077576,0.015288420021533966,0.4240992069244385
1789453825070505500,13.48750537109375,0.404279500246048,0.05340597778558731,0.3176845908164978
1789453825080445400,13.497445556640624,0.2715126872062683,-0.014702236279845238,0.17325207591056824
1789453825090384400,13.50738427734375,0.13061292469501495,0.04215298593044281,0.08838986605405807
1789453825100324400,13.517324462890626,0.014821086078882217,0.10253483802080154,0.07837530970573425
1789453825110263600,13.527263671875,-0.06940922141075134,0.1366553157567978,0.04145435616374016
1789453825120203500,13.53720361328125,-0.13240042328834534,0.09742270410060883,-0.051651086658239365
1789453825130142500,13.547142578125,-0.20397339761257172,-0.047238703817129135,-0.14871369302272797
1789453825140082400,13.55708251953125,-0.27139824628829956,-0.12800812721252441,-0.19650544226169586
1789453825150021600,13.567021728515625,-0.3575253486633301,-0.14008010923862457,-0.22393903136253357
1789453825159961300,13.57696142578125,-0.44061172008514404,-0.10177133232355118,-0.24193747341632843
1789453825169900500,13.586900634765625,-0.5185145139694214,-0.03889903798699379,-0.2837044596672058
1789453825179840500,13.596840576171875,-0.613437831401825,-0.0048033869825303555,-0.3566119372844696
1789453825189779500,13.606779541015625,-0.7064428925514221,0.03316663205623627,-0.42799586057662964
1789453825199719400,13.616719482421875,-0.7962172627449036,0.03727935254573822,-0.4746576249599457
1789453825209658400,13.626658447265624,-0.8391268849372864,0.09456498920917511,-0.4890919029712677
1789453825219598600,13.6365986328125,-0.8537907600402832,0.15465176105499268,-0.4650622010231018
1789453825229537500,13.64653759765625,-0.8240267634391785,0.1586955189704895,-0.4294496774673462
1789453825239477500,13.6564775390625,-0.7832870483398438,0.17191758751869202,-0.4107774496078491
1789453825249416400,13.66641650390625,-0.7781403660774231,0.20575189590454102,-0.3988760709762573
1789453825259356400,13.6763564453125,-0.7733772993087769,0.2206040769815445,-0.377492219209671
1789453825269295400,13.68629541015625,-0.7610269784927368,0.1955699324607849,-0.3511509597301483
1789453825279235300,13.6962353515625,-0.7225666642189026,0.14505723118782043,-0.296214759349823
1789453825289174500,13.706174560546875,-0.6726888418197632,0.10242719203233719,-0.23613803088665009
1789453825299114800,13.71611474609375,-0.5971991419792175,0.1676703840494156,-0.20935727655887604
1789453825309053700,13.7260537109375,-0.5124143958091736,0.2487606704235077,-0.2065555453300476
1789453825318993700,13.73599365234375,-0.488063246011734,0.34591493010520935,-0.2705470323562622
1789453825328932600,13.7459326171875,-0.4569091796875,0.39247411489486694,-0.347347617149353
1789453825338872600,13.75587255859375,-0.4146709144115448,0.38232266902923584,-0.37351155281066895
1789453825348811500,13.7658115234375,-0.3670225143432617,0.35060328245162964,-0.3834526538848877
1789453825358751500,13.77575146484375,-0.3344951868057251,0.2607692778110504,-0.42830801010131836
1789453825368691700,13.785691650390625,-0.34881097078323364,0.12007317692041397,-0.48990386724472046
1789453825378630700,13.795630615234375,-0.4124908745288849,0.006721587385982275,-0.5438686013221741
1789453825388570600,13.805570556640625,-0.5271298289299011,-0.01742807775735855,-0.5537924766540527
1789453825398509600,13.815509521484374,-0.6484040021896362,0.06597387045621872,-0.5464232563972473
1789453825408449500,13.825449462890624,-0.7437138557434082,0.1587996780872345,-0.5434706211090088
1789453825418388500,13.835388427734374,-0.7825957536697388,0.18442940711975098,-0.5447483658790588
1789453825428328400,13.845328369140624,-0.7068238854408264,0.0969935953617096,-0.5303303599357605
1789453825438267600,13.855267578125,-0.6067612171173096,-0.058953657746315,-0.5510175824165344
1789453825448207600,13.86520751953125,-0.5799610018730164,-0.19061417877674103,-0.5996411442756653
1789453825458146600,13.875146484375,-0.6290014982223511,-0.2781107425689697,-0.6273977160453796
1789453825468086500,13.88508642578125,-0.705303430557251,-0.29984134435653687,-0.6558049917221069
1789453825478025700,13.895025634765625,-0.7790610194206238,-0.28965553641319275,-0.6899864077568054
1789453825487965700,13.904965576171875,-0.8495217561721802,-0.26811179518699646,-0.7142536640167236
1789453825497904600,13.914904541015625,-0.9206910133361816,-0.22728502750396729,-0.7242251038551331
1789453825507844600,13.9248447265625,-0.9785770773887634,-0.08330132067203522,-0.6890944838523865
1789453825517783600,13.934783447265625,-0.9805033206939697,0.08714818209409714,-0.6459372043609619
1789453825527723500,13.9447236328125,-0.9567303657531738,0.13926000893115997,-0.6534435749053955
1789453825537662500,13.954662353515625,-0.9078392386436462,0.10316406935453415,-0.7165815234184265
1789453825547602700,13.964602783203125,-0.8776223659515381,-0.02044037915766239,-0.7829798460006714
1789453825557541600,13.974541748046875,-0.8720403909683228,-0.1095699891448021,-0.7960399985313416
1789453825567481600,13.984481689453125,-0.913300096988678,-0.127711683511734,-0.7565951943397522
1789453825577420800,13.9944208984375,-0.9600012898445129,-0.06776366382837296,-0.7018209099769592
1789453825587360500,14.004360595703124,-1.0095512866973877,0.019809523597359657,-0.6791609525680542
1789453825597299500,14.014299560546876,-1.0450334548950195,0.05353046953678131,-0.6640815734863281
1789453825607239400,14.024239501953126,-1.0469809770584106,-0.02944757603108883,-0.6720234155654907
1789453825617178600,14.0341787109375,-1.0893402099609375,-0.059510406106710434,-0.665503978729248
1789453825627118600,14.04411865234375,-1.116507887840271,-0.07531055063009262,-0.645752489566803
1789453825637057500,14.0540576171875,-1.1103261709213257,-0.1505991816520691,-0.6258544325828552
1789453825646997800,14.063997802734375,-1.108974575996399,-0.17901334166526794,-0.6275244951248169
1789453825656936700,14.073936767578125,-1.1210399866104126,-0.23428404331207275,-0.649944007396698
1789453825666876700,14.083876708984375,-1.1245267391204834,-0.2603175640106201,-0.6654048562049866
1789453825676815600,14.093815673828125,-1.093313217163086,-0.27204984426498413,-0.6768162250518799
1789453825686755600,14.103755615234375,-1.0404869318008423,-0.308756560087204,-0.711542010307312
1789453825696694500,14.113694580078125,-0.9999596476554871,-0.26356539130210876,-0.7260085344314575
1789453825706634500,14.123634521484375,-0.9588119983673096,-0.23852960765361786,-0.7435308694839478
1789453825716573400,14.133573486328125,-0.9239118099212646,-0.22594085335731506,-0.7527206540107727
1789453825726513700,14.143513671875,-0.9360873103141785,-0.17294177412986755,-0.7454591393470764
1789453825736452600,14.15345263671875,-0.9396279454231262,-0.21529003977775574,-0.7553135752677917
1789453825746392600,14.163392578125,-0.946657657623291,-0.27572911977767944,-0.7944972515106201
1789453825756331800,14.173331787109374,-1.004725456237793,-0.16481913626194,-0.7577794194221497
1789453825766271500,14.183271484375,-0.9992157816886902,-0.22606489062309265,-0.7778539061546326
1789453825776210400,14.19321044921875,-1.029835820198059,-0.2898595631122589,-0.7635061144828796
1789453825786150700,14.203150634765626,-1.0660109519958496,-0.3224230110645294,-0.7149258255958557
1789453825796089600,14.213089599609376,-1.0232986211776733,-0.35437560081481934,-0.6719785928726196
1789453825806029600,14.223029541015626,-0.9495225548744202,-0.29221978783607483,-0.6294510364532471
1789453825815968500,14.232968505859375,-0.8530359864234924,-0.3557651937007904,-0.6290648579597473
1789453825825908700,14.24290869140625,-0.8367956876754761,-0.3045111894607544,-0.5457684993743896
1789453825835847700,14.25284765625,-0.7666128873825073,-0.3605009615421295,-0.5250885486602783
1789453825845787600,14.26278759765625,-0.7732964158058167,-0.33669883012771606,-0.42321187257766724
1789453825855726600,14.2727265625,-0.7912106513977051,-0.31111302971839905,-0.31133756041526794
1789453825865666600,14.28266650390625,-0.7465869784355164,-0.3384598195552826,-0.25688403844833374
1789453825875605500,14.29260546875,-0.6872693300247192,-0.20583200454711914,-0.16323637962341309
1789453825885545500,14.30254541015625,-0.691690981388092,0.11430230736732483,-0.06858598440885544
1789453825895484700,14.312484619140625,-0.6326979398727417,0.1470929980278015,-0.09273126721382141
1789453825905424600,14.322424560546875,-0.5881767272949219,0.3480563163757324,-0.017653904855251312
1789453825915363600,14.332363525390624,-0.5233047604560852,0.42415082454681396,0.10790082812309265
1789453825925303800,14.3423037109375,-0.44125890731811523,0.33404341340065,0.20578527450561523
1789453825935242800,14.35224267578125,-0.3310360014438629,0.3341371417045593,0.3009171187877655
1789453825945182500,14.362182373046876,-0.21504585444927216,0.39746078848838806,0.330887109041214
1789453825955121400,14.372121337890626,-0.15127591788768768,0.402103990316391,0.31565383076667786
1789453825965061600,14.3820615234375,-0.09002746641635895,0.39742475748062134,0.3065183758735657
1789453825975001600,14.392001708984376,-0.031033124774694443,0.37652239203453064,0.3305501937866211
1789453825984940500,14.4019404296875,-0.004794763866811991,0.3319983184337616,0.3541924059391022
1789453825994880800,14.411880859375,-0.016004007309675217,0.28611260652542114,0.36968719959259033
1789453826004819700,14.42181982421875,-0.06557657569646835,0.24939653277397156,0.40241938829421997
1789453826014759400,14.431759521484375,-0.08177605271339417,0.20872926712036133,0.438948392868042
1789453826024698400,14.441698486328125,-0.05967293679714203,0.19723494350910187,0.4699671268463135
1789453826034638600,14.451638671875,0.03636730834841728,0.17940987646579742,0.49162501096725464
1789453826044577500,14.46157763671875,0.14730967581272125,0.1649235039949417,0.5025578737258911
1789453826054517500,14.471517578125,0.26694366335868835,0.16922610998153687,0.5183759927749634
1789453826064456700,14.481456787109375,0.3763735890388489,0.10911611467599869,0.5068082213401794
1789453826074396700,14.491396728515625,0.47156375646591187,0.06951064616441727,0.505429208278656
1789453826084335600,14.501335693359374,0.5480784177780151,0.10170114785432816,0.5422141551971436
1789453826094275800,14.51127587890625,0.6315597295761108,0.1340811848640442,0.5905444025993347
1789453826104214800,14.52121484375,0.7102704644203186,0.1592932641506195,0.6469203233718872
1789453826114154500,14.531154541015624,0.7831057906150818,0.1834617257118225,0.7045449614524841
1789453826124093400,14.541093505859376,0.8414398431777954,0.2023703157901764,0.7487348318099976
1789453826134033700,14.55103369140625,0.888765811920166,0.2534835934638977,0.7850757837295532
1789453826143972600,14.56097265625,0.9447643160820007,0.3095909059047699,0.8359676003456116
1789453826153912600,14.57091259765625,1.037153959274292,0.3369460999965668,0.8922663331031799
1789453826163851500,14.5808515625,1.1312553882598877,0.3772725760936737,0.925281822681427
1789453826173791700,14.590791748046875,1.2226018905639648,0.4566480815410614,0.9537608623504639
1789453826183730700,14.600730712890625,1.3374741077423096,0.5417221784591675,0.9361327886581421
1789453826193670400,14.61067041015625,1.4405429363250732,0.5748212337493896,0.8875551819801331
1789453826203609600,14.620609619140625,1.5334150791168213,0.5563610196113586,0.8435401916503906
1789453826213549600,14.630549560546875,1.5952177047729492,0.5131597518920898,0.8125409483909607
1789453826223488500,14.640488525390625,1.6162399053573608,0.4611279368400574,0.7913369536399841
1789453826233428500,14.650428466796875,1.6510099172592163,0.37696483731269836,0.8003253936767578
1789453826243367700,14.66036767578125,1.6754790544509888,0.3201717138290405,0.774696946144104
1789453826253307600,14.6703076171875,1.678449034690857,0.3723782002925873,0.7263815999031067
1789453826263246600,14.68024658203125,1.6603550910949707,0.44048765301704407,0.6707377433776855
1789453826273186600,14.6901865234375,1.651668667793274,0.4318036139011383,0.6099444627761841
1789453826283125200,14.700125244140626,1.6547672748565674,0.38442811369895935,0.5440735816955566
1789453826293065000,14.71006494140625,1.647404432296753,0.273534893989563,0.49004653096199036
1789453826303004000,14.72000390625,1.638044834136963,0.12872500717639923,0.41550371050834656
1789453826312944000,14.729944091796876,1.6104832887649536,0.05707745999097824,0.3738899528980255
1789453826322883000,14.739883056640625,1.5574227571487427,0.03023412823677063,0.37262412905693054
1789453826332823000,14.749822998046875,1.522377371788025,0.0061668758280575275,0.4170856177806854
1789453826342762000,14.759761962890625,1.5305354595184326,-0.04111849144101143,0.4250457286834717
1789453826352702200,14.7697021484375,1.5578395128250122,-0.08909826725721359,0.4254539906978607
1789453826362641200,14.77964111328125,1.5631202459335327,-0.12378993630409241,0.4383988082408905
1789453826372581000,14.7895810546875,1.534023642539978,-0.14914031326770782,0.4537964165210724
1789453826382520300,14.799520263671875,1.4370261430740356,-0.14300817251205444,0.49916836619377136
1789453826392460000,14.8094599609375,1.328527808189392,-0.1508253514766693,0.5682126879692078
1789453826402399000,14.81939892578125,1.2249209880828857,-0.15107467770576477,0.6249549388885498
1789453826412339200,14.829339111328125,1.2005867958068848,-0.1031004935503006,0.6888058185577393
1789453826422278100,14.839278076171874,1.240373969078064,-0.09272421151399612,0.7380290031433105
1789453826432218000,14.849218017578124,1.2668527364730835,-0.0740586519241333,0.6944043040275574
1789453826442157000,14.859156982421876,1.2324767112731934,-0.05425874888896942,0.6190467476844788
1789453826452097300,14.86909716796875,1.1610618829727173,-0.05810461938381195,0.6206830143928528
1789453826462036200,14.8790361328125,1.1182341575622559,0.00905674509704113,0.6444879174232483
1789453826471976000,14.888975830078126,1.0715538263320923,0.0439649261534214,0.6669170260429382
1789453826481915000,14.898914794921875,1.0260615348815918,0.011617010459303856,0.642103374004364
1789453826491855000,14.908855224609376,0.9736412763595581,-0.044037993997335434,0.5901208519935608
1789453826501794000,14.9187939453125,0.9510212540626526,-0.09935139119625092,0.5255370140075684
1789453826511734000,14.928734130859375,0.8885720372200012,-0.1293622851371765,0.4460664391517639
1789453826521673200,14.938673095703125,0.799111545085907,-0.09355098009109497,0.41605857014656067
1789453826531613200,14.94861328125,0.7294374108314514,-0.05389783903956413,0.4371020793914795
1789453826541552000,14.95855224609375,0.6442358493804932,0.0026259608566761017,0.41472840309143066
1789453826551492000,14.9684921875,0.5434055924415588,0.04483626410365105,0.3178953230381012
1789453826561431300,14.978431396484375,0.41214993596076965,0.031093869358301163,0.1713946908712387
1789453826571371000,14.98837109375,0.28573179244995117,0.0032068449072539806,0.03147326782345772
1789453826581310000,14.99831005859375,0.13028661906719208,-0.011662891134619713,-0.06938551366329193
1789453826591250200,15.008250244140624,-0.0025326749309897423,-0.028771836310625076,-0.13469047844409943
1789453826601189000,15.018189208984374,-0.10835373401641846,-0.024433571845293045,-0.15649370849132538
1789453826611129000,15.028129150390624,-0.2046901136636734,-0.040857285261154175,-0.13768433034420013
1789453826621068000,15.038068115234376,-0.28886502981185913,-0.0856395959854126,-0.1339752972126007
1789453826631008300,15.04800830078125,-0.35634180903434753,-0.1301194578409195,-0.15060514211654663
1789453826640947200,15.057947265625,-0.411994606256485,-0.16980846226215363,-0.17215697467327118
1789453826650887000,15.067886962890626,-0.4784325063228607,-0.20957744121551514,-0.2030048966407776
1789453826660826000,15.077826171875,-0.5394554734230042,-0.21167239546775818,-0.2408263236284256
1789453826670766000,15.08776611328125,-0.5839909315109253,-0.1890791952610016,-0.2858952581882477
1789453826680706000,15.0977060546875,-0.6490867137908936,-0.1101863905787468,-0.3344860374927521
1789453826690645000,15.10764501953125,-0.7062323093414307,-0.03569883853197098,-0.3446255028247833
1789453826700585200,15.117585205078125,-0.7338749766349792,-0.002788923680782318,-0.31881436705589294
1789453826710524200,15.127524169921875,-0.7822116017341614,0.0717494934797287,-0.27878013253211975
1789453826720464000,15.1374638671875,-0.8128629326820374,0.1403043568134308,-0.2322641909122467
1789453826730403000,15.147403076171875,-0.7885815501213074,0.1664653867483139,-0.1807437390089035
1789453826740343000,15.157343017578125,-0.7157518267631531,0.1555435061454773,-0.15079861879348755
1789453826750282000,15.167281982421875,-0.6059502363204956,0.03151397034525871,-0.1370074450969696
1789453826760222200,15.17722216796875,-0.5630285143852234,-0.10798594355583191,-0.1586768478155136
1789453826770161200,15.1871611328125,-0.5740606188774109,-0.10763413459062576,-0.17465154826641083
1789453826780101000,15.19710107421875,-0.5839084982872009,0.08295898139476776,-0.1419260948896408
1789453826790040000,15.2070400390625,-0.5535630583763123,0.3544919490814209,-0.064075767993927
1789453826799980300,15.216980224609374,-0.4801279604434967,0.5143057107925415,-0.052537791430950165
1789453826809919200,15.226919189453126,-0.3983081877231598,0.44604918360710144,-0.1749686300754547
1789453826819859000,15.23685888671875,-0.3310978412628174,0.23686513304710388,-0.3632623255252838
1789453826829798000,15.2467978515625,-0.32057303190231323,0.08618082106113434,-0.47559499740600586
1789453826839738000,15.256738037109375,-0.3375219404697418,0.027540437877178192,-0.48089420795440674
1789453826849677000,15.266677001953125,-0.405605673789978,-0.003934130538254976,-0.437095582485199
1789453826859617000,15.276616943359375,-0.5321385860443115,0.07312078028917313,-0.4226583242416382
1789453826869556200,15.28655615234375,-0.6598089337348938,0.17927198112010956,-0.44478118419647217
1789453826879496200,15.29649609375,-0.7373883128166199,0.19646233320236206,-0.507229208946228
1789453826889435100,15.30643505859375,-0.8020690083503723,0.17461510002613068,-0.5864741802215576
1789453826899375000,15.316375,-0.8465223908424377,0.11009039729833603,-0.6663193106651306
1789453826909314000,15.32631396484375,-0.8836716413497925,0.011625606566667557,-0.7432737350463867
1789453826919254000,15.33625390625,-0.906801700592041,-0.09856045991182327,-0.8064546585083008
1789453826929193000,15.34619287109375,-0.9226531386375427,-0.17651304602622986,-0.8544317483901978
1789453826939133200,15.35613330078125,-0.903269350528717,-0.14208605885505676,-0.8750587701797485
1789453826949072100,15.366072021484374,-0.8547497391700745,-0.10305584967136383,-0.8665183186531067
1789453826959012000,15.37601220703125,-0.742287814617157,-0.16133072972297668,-0.8436323404312134
1789453826968951000,15.385950927734376,-0.6353722810745239,-0.25248435139656067,-0.8201885223388672
1789453826978891000,15.39589111328125,-0.6071171164512634,-0.25282230973243713,-0.7850043773651123
1789453826988830200,15.405830322265626,-0.6694068312644958,-0.10826460272073746,-0.7060142159461975
1789453826998770000,15.41577001953125,-0.7143329977989197,0.08712421357631683,-0.6468455791473389
1789453827008709000,15.425709228515625,-0.7539640069007874,0.2581569254398346,-0.6155539751052856
1789453827018649000,15.435649169921875,-0.7878300547599792,0.3433589041233063,-0.6460534930229187
1789453827028588000,15.445588134765625,-0.8032519221305847,0.2798616886138916,-0.7067373991012573
1789453827038528300,15.4555283203125,-0.857613205909729,0.13414119184017181,-0.7960564494132996
1789453827048467200,15.46546728515625,-0.9177731871604919,0.03440207615494728,-0.8429040908813477
1789453827058407200,15.4754072265625,-0.9840174913406372,0.0608503594994545,-0.8375220894813538
1789453827068346000,15.48534619140625,-1.0675156116485596,0.17927339673042297,-0.8104798197746277
1789453827078286000,15.4952861328125,-1.1228277683258057,0.26099374890327454,-0.7709693908691406
1789453827088225000,15.50522509765625,-1.1736829280853271,0.18762311339378357,-0.797694206237793
1789453827098165000,15.5151650390625,-1.1936887502670288,-0.02975587360560894,-0.8898425698280334
1789453827108104000,15.52510400390625,-1.1574996709823608,-0.20221099257469177,-0.9648350477218628
1789453827118044200,15.535044189453124,-1.0987962484359741,-0.24299901723861694,-0.9779511094093323
1789453827127983000,15.544983154296874,-1.0434690713882446,-0.22045747935771942,-0.9632741212844849
1789453827137923000,15.554923095703124,-1.0255048274993896,-0.1953890472650528,-0.9712042808532715
1789453827147862300,15.5648623046875,-1.04983651638031,-0.0970132052898407,-0.9958840608596802
1789453827157802000,15.574802001953126,-1.0938606262207031,0.05527956038713455,-0.9513226747512817
1789453827167741200,15.5847412109375,-1.0192724466323853,0.16643217206001282,-0.8223572373390198
1789453827177681200,15.59468115234375,-0.8073659539222717,0.06670112907886505,-0.7467356324195862
1789453827187620000,15.6046201171875,-0.7498190402984619,-0.28278496861457825,-0.8286212086677551
1789453827197560000,15.61456005859375,-0.8600431084632874,-0.43750232458114624,-0.8955567479133606
1789453827207499000,15.6244990234375,-0.9939023852348328,-0.4202551543712616,-0.8304538726806641
1789453827217439200,15.634439208984375,-1.0967289209365845,-0.21333488821983337,-0.6893727779388428
1789453827227378200,15.644378173828125,-1.0827363729476929,-0.07609260082244873,-0.6125754714012146
1789453827237318100,15.654318115234375,-1.0161837339401245,0.024026131257414818,-0.5519444346427917
1789453827247257000,15.664257080078125,-0.9065245985984802,-0.0010680374689400196,-0.5266398787498474
1789453827257197000,15.674197021484375,-0.7589580416679382,-0.2551112473011017,-0.5582095384597778
1789453827267136000,15.684135986328124,-0.7144813537597656,-0.347063809633255,-0.4848788380622864
1789453827277076000,15.694075927734374,-0.6591063141822815,-0.3866954445838928,-0.40291664004325867
1789453827287015400,15.704015380859374,-0.6408660411834717,-0.1946500837802887,-0.32163670659065247
1789453827296955600,15.71395556640625,-0.5363229513168335,-0.11065297573804855,-0.36294135451316833
1789453827306894600,15.72389453125,-0.4269810616970062,-0.1311665028333664,-0.368717223405838
1789453827316834600,15.73383447265625,-0.4305498003959656,-0.23595726490020752,-0.3299006521701813
1789453827326773500,15.7437734375,-0.5330985188484192,-0.1343776434659958,-0.16958342492580414
1789453827336713500,15.75371337890625,-0.5321013927459717,-0.14586934447288513,-0.10880289226770401
1789453827346652400,15.76365234375,-0.567419707775116,-0.011637251824140549,-0.04712861031293869
1789453827356592400,15.77359228515625,-0.5731630325317383,0.08346633613109589,-0.02513350546360016
1789453827366531600,15.783531494140625,-0.42481914162635803,0.2275657206773758,0.007089145947247744
1789453827376471600,15.793471435546875,-0.13959774374961853,0.4850509464740753,0.09842421859502792
1789453827386410500,15.803410400390625,0.19665057957172394,0.5528630018234253,0.011925539933145046
1789453827396350700,15.813350830078125,0.33067840337753296,0.7573453783988953,0.045822545886039734
1789453827406289700,15.82328955078125,0.3263417184352875,0.761333167552948,0.1986784040927887
1789453827416229400,15.8332294921875,0.19475094974040985,0.5891163349151611,0.3751002848148346
1789453827426168300,15.843168212890625,0.10182100534439087,0.2996208965778351,0.42922770977020264
1789453827436108500,15.853108642578125,0.02432119846343994,-0.00947529822587967,0.41230127215385437
1789453827446047500,15.863047607421874,-0.0026568896137177944,-0.15611854195594788,0.38626036047935486
1789453827455987500,15.872987548828124,-0.0023042175453156233,-0.25044578313827515,0.3820617198944092
1789453827465926400,15.882926513671874,-0.009077169001102448,-0.32464703917503357,0.3644840717315674
1789453827475866600,15.89286669921875,-0.05733674392104149,-0.314512699842453,0.5508583784103394
1789453827485805600,15.9028056640625,-0.1125430092215538,-0.45267030596733093,0.72198885679245
1789453827495745500,15.91274560546875,-0.12045975774526596,-0.6654489636421204,0.8010988831520081
1789453827505684700,15.922684814453126,-0.09371282905340195,-0.7335846424102783,0.7746334671974182
1789453827515624400,15.93262451171875,-0.01958771049976349,-0.632566511631012,0.7289099097251892
1789453827525563400,15.9425634765625,0.135749951004982,-0.4996132552623749,0.7253692746162415
1789453827535503600,15.952503662109375,0.31496113538742065,-0.27270516753196716,0.7821731567382812
1789453827545442600,15.962442626953125,0.48648202419281006,0.032730892300605774,0.8703309893608093
1789453827555382500,15.972382568359375,0.6751063466072083,0.2808037996292114,0.9708698987960815
1789453827565322500,15.982322509765625,0.8544870615005493,0.4271697998046875,1.035277247428894
1789453827575261700,15.99226171875,0.9497830867767334,0.42083075642585754,1.0233097076416016
1789453827585201400,16.002201416015627,0.9466618299484253,0.45308539271354675,1.0164438486099243
1789453827595140400,16.012140380859375,0.8779916167259216,0.4763000011444092,1.0353754758834839
1789453827605079300,16.022079345703126,0.7667971849441528,0.41662147641181946,0.9823563098907471
1789453827615019500,16.03201953125,0.6410236358642578,0.36820751428604126,0.8703835010528564
1789453827624959500,16.04195947265625,0.5848016738891602,0.4339761435985565,0.7309651374816895
1789453827634898400,16.0518984375,0.6346555948257446,0.5356491208076477,0.6302244067192078
1789453827644838700,16.061838623046874,0.8083475232124329,0.5765388011932373,0.5168400406837463
1789453827654777600,16.071777587890626,0.9828162789344788,0.5143064856529236,0.3964020311832428
1789453827664717300,16.08171728515625,1.0741355419158936,0.5132417678833008,0.3061877191066742
1789453827674656500,16.091656494140626,1.1477043628692627,0.5259910821914673,0.2969934642314911
1789453827684596500,16.101596435546874,1.2308926582336426,0.45781606435775757,0.26986515522003174
1789453827694535400,16.111535400390625,1.2784254550933838,0.3714292645454407,0.26624923944473267
1789453827704475400,16.121475341796874,1.290595531463623,0.2901304364204407,0.29441800713539124
1789453827714414600,16.13141455078125,1.2950719594955444,0.2147129625082016,0.31785497069358826
1789453827724354600,16.1413544921875,1.3167823553085327,0.17231889069080353,0.39026710391044617
1789453827734293500,16.15129345703125,1.3884468078613281,0.15450696647167206,0.44987553358078003
1789453827744233700,16.161233642578125,1.4672420024871826,0.1505282074213028,0.510227620601654
1789453827754172700,16.171172607421877,1.5725996494293213,0.18924206495285034,0.5184434056282043
1789453827764112400,16.1811123046875,1.7097867727279663,0.2331235110759735,0.5169331431388855
1789453827774051300,16.19105126953125,1.7913968563079834,0.262956440448761,0.525974452495575
1789453827783991600,16.200991455078125,1.877880334854126,0.2624845504760742,0.5024046897888184
1789453827793930500,16.210930419921876,1.9102849960327148,0.2844080924987793,0.4651234745979309
1789453827803870500,16.220870361328124,1.8260422945022583,0.2944585680961609,0.5168404579162598
1789453827813809400,16.230809326171876,1.662583351135254,0.21483385562896729,0.6139674186706543
1789453827823749600,16.24074951171875,1.4937349557876587,0.13225027918815613,0.7232528924942017
1789453827833688600,16.2506884765625,1.3436421155929565,0.07699141651391983,0.8154208064079285
1789453827843628300,16.260628173828124,1.2882064580917358,0.07964099943637848,0.83399498462677
1789453827853567500,16.2705673828125,1.3076637983322144,0.013183895498514175,0.8257479071617126
1789453827863507500,16.280507568359376,1.2809134721755981,-0.10938569903373718,0.8474926352500916
1789453827873446400,16.2904462890625,1.2615749835968018,-0.16170941293239594,0.8021000027656555
1789453827883386600,16.30038671875,1.2536861896514893,-0.09693709015846252,0.7320919036865234
1789453827893325600,16.31032568359375,1.2512022256851196,0.019440364092588425,0.740621030330658
1789453827903265500,16.320265625,1.2807737588882446,0.02091948315501213,0.7573621869087219
1789453827913204500,16.33020458984375,1.3188570737838745,0.015520455315709114,0.7050459384918213
1789453827923144700,16.340144775390623,1.3036311864852905,0.042776841670274734,0.6342777609825134
1789453827933083600,16.350083740234375,1.205051302909851,0.043441228568553925,0.5839429497718811
1789453827943023400,16.3600234375,1.0760247707366943,-0.0011334286537021399,0.5444570779800415
1789453827952962300,16.36996240234375,0.9894602298736572,0.005736508872359991,0.5292971134185791
1789453827962902500,16.379902587890626,0.965571939945221,0.08329521864652634,0.5220243334770203
1789453827972841500,16.389841552734374,0.9491801261901855,0.11579016596078873,0.4627944231033325
1789453827982781400,16.399781494140626,0.9111406207084656,0.10076966881752014,0.3709617257118225
1789453827992720600,16.409720703125,0.8357151746749878,0.1470833271741867,0.31133368611335754
1789453828002660600,16.41966064453125,0.7113549113273621,0.1808636635541916,0.2435397356748581
1789453828012599600,16.429599609375,0.572297215461731,0.2141735851764679,0.14321210980415344
1789453828022539500,16.43953955078125,0.4492650032043457,0.1801900565624237,0.05205821990966797
1789453828032478500,16.449478515625,0.34002169966697693,0.12110266834497452,0.004918421618640423
1789453828042418400,16.45941845703125,0.2504318952560425,0.06432513147592545,-0.06100333854556084
1789453828052357400,16.469357421875,0.1661866456270218,-0.06669445335865021,-0.1310427188873291
1789453828062297600,16.479297607421874,0.09172758460044861,-0.1518855094909668,-0.15603169798851013
1789453828072236500,16.489236572265625,-0.02440330944955349,-0.1698761284351349,-0.13248777389526367
1789453828082176500,16.499176513671873,-0.16744250059127808,-0.115519680082798,-0.1511072814464569
1789453828092115500,16.509115478515625,-0.3008798062801361,-0.0483076237142086,-0.20516279339790344
1789453828102055400,16.519055419921877,-0.43015870451927185,-0.03636680915951729,-0.2527790367603302
1789453828111994600,16.52899462890625,-0.529705286026001,-0.05192097648978233,-0.27325645089149475
1789453828121934300,16.538934326171876,-0.6008937358856201,-0.09363380074501038,-0.3069928288459778
1789453828131873500,16.54887353515625,-0.6534580588340759,-0.109951451420784,-0.36361822485923767
1789453828141813500,16.5588134765625,-0.7306021451950073,-0.027446184307336807,-0.42701661586761475
1789453828151752400,16.56875244140625,-0.8245832920074463,0.09674582630395889,-0.4837665855884552
1789453828161692700,16.578692626953124,-0.9424142837524414,0.18897828459739685,-0.5237126350402832
1789453828171631600,16.588631591796876,-1.0604251623153687,0.2461336851119995,-0.5103453993797302
1789453828181571600,16.598571533203124,-1.1882967948913574,0.2860209047794342,-0.4616451859474182
1789453828191510500,16.608510498046876,-1.2393815517425537,0.2368108183145523,-0.41832903027534485
1789453828201450500,16.618450439453124,-1.1767737865447998,0.13615478575229645,-0.3926883637905121
1789453828211389400,16.628389404296875,-1.0518871545791626,-0.015106502920389175,-0.37508082389831543
1789453828221329400,16.638329345703124,-0.9376327395439148,-0.07694430649280548,-0.36460262537002563
1789453828231268400,16.648268310546875,-0.8772075176239014,-0.022322144359350204,-0.33093520998954773
1789453828241208600,16.65820849609375,-0.8355151414871216,0.05574309825897217,-0.2871896028518677
1789453828251147500,16.6681474609375,-0.7923314571380615,0.13718922436237335,-0.2690263092517853
1789453828261087500,16.67808740234375,-0.7309216260910034,0.24838204681873322,-0.27780941128730774
1789453828271026700,16.688026611328127,-0.6156902313232422,0.2593202590942383,-0.29609358310699463
1789453828280966400,16.69796630859375,-0.5055339336395264,0.1916797012090683,-0.3388117551803589
1789453828290905000,16.707905029296874,-0.43204668164253235,0.08007925748825073,-0.39480558037757874
1789453828300845000,16.717844970703126,-0.4242265820503235,-0.0480443574488163,-0.3977057635784149
1789453828310784000,16.727783935546874,-0.5024264454841614,-0.09225958585739136,-0.3705769181251526
1789453828320724000,16.737723876953126,-0.5838360786437988,-0.01236928254365921,-0.36999183893203735
1789453828330663200,16.7476630859375,-0.6104124188423157,0.05236797407269478,-0.40332287549972534
1789453828340603100,16.75760302734375,-0.5961852669715881,-0.017986081540584564,-0.4518989324569702
1789453828350542000,16.7675419921875,-0.5813089609146118,-0.07721749693155289,-0.5160103440284729
1789453828360482000,16.77748193359375,-0.5351843237876892,-0.08462907373905182,-0.5423966646194458
1789453828370421200,16.787421142578125,-0.47889244556427,-0.10855859518051147,-0.5086817741394043
1789453828380361000,16.79736083984375,-0.4508672058582306,-0.15606272220611572,-0.4592319428920746
1789453828390300200,16.807300048828125,-0.4523002803325653,-0.17879490554332733,-0.4416854679584503
1789453828400240000,16.817240234375,-0.49759823083877563,-0.21756280958652496,-0.4479854702949524
1789453828410179000,16.827178955078125,-0.5399929881095886,-0.23652592301368713,-0.4688127636909485
1789453828420119000,16.837119140625,-0.587638258934021,-0.19580058753490448,-0.47274571657180786
1789453828430058000,16.84705810546875,-0.6375961899757385,-0.21464130282402039,-0.487938791513443
1789453828439998200,16.856998291015625,-0.6437435746192932,-0.3387400805950165,-0.503829300403595
1789453828449937200,16.866937255859376,-0.6917433142662048,-0.4280272424221039,-0.5183300375938416
1789453828459877000,16.876877197265625,-0.7632600665092468,-0.40276503562927246,-0.5346056818962097
1789453828469816300,16.88681640625,-0.8441631197929382,-0.2894677519798279,-0.5479061007499695
1789453828479756000,16.896756103515624,-0.886090874671936,-0.1709514856338501,-0.5407459139823914
1789453828489695000,16.906695068359376,-0.9054928421974182,-0.1149185374379158,-0.5542493462562561
1789453828499635000,16.916635009765624,-0.9078068733215332,-0.090741828083992,-0.6072249412536621
1789453828509574100,16.92657421875,-0.8987697958946228,-0.07622229307889938,-0.6483142971992493
1789453828519514000,16.93651416015625,-0.9075534343719482,-0.08968643844127655,-0.6511867642402649
1789453828529453000,16.946453125,-0.9537003040313721,-0.06338268518447876,-0.6761351227760315
1789453828539393300,16.956393310546876,-0.9775364398956299,-0.09235654771327972,-0.6561824679374695
1789453828549332200,16.966332275390624,-1.0048127174377441,-0.11435488611459732,-0.6547166705131531
1789453828559272000,16.97627197265625,-0.9835227727890015,-0.1410088688135147,-0.6704862713813782
1789453828569211000,16.9862109375,-0.9701274633407593,-0.1480339765548706,-0.6955295205116272
1789453828579151000,16.996151123046875,-0.9372515082359314,-0.16805562376976013,-0.7109625339508057
1789453828589090000,17.006090087890627,-0.927517831325531,-0.2669500410556793,-0.7648178339004517
1789453828599030000,17.016030029296875,-0.927361786365509,-0.34386053681373596,-0.8097320795059204
1789453828608969200,17.02596923828125,-0.9440209269523621,-0.3446795642375946,-0.8170778155326843
1789453828618909200,17.0359091796875,-0.9856919050216675,-0.28563863039016724,-0.8305670022964478
1789453828628848000,17.04584814453125,-1.0141652822494507,-0.26332584023475647,-0.8352600932121277
1789453828638788000,17.0557880859375,-0.997094988822937,-0.2697616219520569,-0.855262815952301
1789453828648727300,17.065727294921874,-0.9520209431648254,-0.28699982166290283,-0.8789169788360596
1789453828658667000,17.0756669921875,-0.8268792629241943,-0.32256847620010376,-0.93208909034729
1789453828668606000,17.08560595703125,-0.7320133447647095,-0.37676721811294556,-0.9649518728256226
1789453828678546200,17.095546142578126,-0.7606436610221863,-0.3584952652454376,-0.9839252829551697
1789453828688485000,17.105485107421874,-0.8225679397583008,-0.26536092162132263,-1.0095179080963135
1789453828698425000,17.115425048828126,-0.9060497879981995,-0.1509762853384018,-1.0093830823898315
1789453828708364000,17.125364013671874,-0.9916021227836609,-0.0020013528410345316,-0.9184162616729736
1789453828718304300,17.13530419921875,-0.9273991584777832,0.0031020627357065678,-0.8495117425918579
1789453828728243200,17.1452431640625,-0.8427116274833679,-0.06990087032318115,-0.7840163111686707
1789453828738183000,17.155182861328125,-0.7984656095504761,-0.09706298261880875,-0.749764621257782
1789453828748121900,17.165121826171877,-0.7569420337677002,-0.1268056035041809,-0.7286534905433655
1789453828758062000,17.17506201171875,-0.7421082258224487,-0.13014601171016693,-0.6481229662895203
1789453828768001000,17.1850009765625,-0.8057247400283813,0.03434261307120323,-0.43724000453948975
1789453828777941000,17.19494091796875,-0.8029587864875793,-0.03141988813877106,-0.35664182901382446
1789453828787880200,17.204880126953125,-0.8251539468765259,-0.03246203064918518,-0.26866546273231506
1789453828797820200,17.214820068359376,-0.8565840721130371,0.016246652230620384,-0.1598558872938156
1789453828807759000,17.224759033203124,-0.8074499368667603,-0.05504636466503143,-0.1900118887424469
1789453828817699000,17.234698974609376,-0.7826423048973083,0.17628566920757294,-0.12645049393177032
1789453828827638300,17.24463818359375,-0.808784544467926,0.3576676547527313,0.08132415264844894
1789453828837578000,17.254577880859376,-0.69642174243927,0.18801099061965942,0.16921672224998474
1789453828847517000,17.264516845703124,-0.5159702897071838,0.05480040982365608,0.22533047199249268
1789453828857457200,17.27445703125,-0.3960864841938019,0.12542904913425446,0.24811513721942902
1789453828867396000,17.28439599609375,-0.36135345697402954,0.2559378147125244,0.2738691568374634
1789453828877336000,17.294336181640624,-0.31198030710220337,0.30651018023490906,0.3155534863471985
1789453828887275000,17.30427490234375,-0.25723880529403687,0.29576224088668823,0.3437971770763397
1789453828897215200,17.31421533203125,-0.2667348384857178,0.2253677248954773,0.33801865577697754
1789453828907154200,17.324154296875,-0.32205066084861755,0.1727471798658371,0.38175347447395325
1789453828917094000,17.334093994140623,-0.30447831749916077,0.1441355049610138,0.4411417245864868
1789453828927033000,17.344033203125,-0.24344778060913086,0.12028805166482925,0.4763904809951782
1789453828936973000,17.35397314453125,-0.2009333372116089,0.07729531079530716,0.5245572328567505
1789453828946912000,17.363912109375,-0.15337079763412476,0.03648744896054268,0.5762394666671753
1789453828956852200,17.373852294921875,-0.08784317970275879,0.05291116237640381,0.6125271916389465
1789453828966791200,17.383791259765626,0.038694966584444046,0.1008610874414444,0.6482466459274292
1789453828976731100,17.393731201171875,0.22794798016548157,0.11049933731555939,0.6647939682006836
1789453828986670000,17.403670166015626,0.3969070017337799,0.09656962007284164,0.6542322635650635
1789453828996610000,17.413610107421874,0.5327953100204468,0.14700376987457275,0.6694010496139526
1789453829006549000,17.423549072265626,0.648461103439331,0.2437448650598526,0.6890605688095093
1789453829016489000,17.433489013671874,0.7785650491714478,0.2779955267906189,0.7348429560661316
1789453829026428000,17.443427978515626,0.8910829424858093,0.2917974591255188,0.8098332285881042
1789453829036368100,17.4533681640625,1.0144778490066528,0.21369734406471252,0.815824568271637
1789453829046307000,17.46330712890625,1.0622875690460205,0.16068142652511597,0.770841658115387
1789453829056247000,17.4732470703125,1.0383566617965698,0.1804221123456955,0.7680418491363525
1789453829066186200,17.483186279296874,1.023003339767456,0.2060515582561493,0.7693396806716919
1789453829076126200,17.493126220703125,1.110732913017273,0.17480599880218506,0.7685868144035339
1789453829086065200,17.503065185546873,1.195800542831421,0.17976218461990356,0.8064677119255066
1789453829096005000,17.513005126953125,1.3233915567398071,0.24785283207893372,0.8604446649551392
1789453829105944000,17.522944091796877,1.4779317378997803,0.33175671100616455,0.8965113162994385
1789453829115884000,17.532884033203125,1.6242908239364624,0.3691975772380829,0.8932401537895203
1789453829125823000,17.542822998046876,1.6788642406463623,0.31918635964393616,0.8236926198005676
1789453829135763200,17.55276318359375,1.643417477607727,0.3340374827384949,0.8282077312469482
1789453829145702100,17.5627021484375,1.6095900535583496,0.3548010289669037,0.8141876459121704
1789453829155642000,17.57264208984375,1.5616347789764404,0.3927132785320282,0.8299279808998108
1789453829165581000,17.5825810546875,1.5634703636169434,0.36336156725883484,0.8417270183563232
1789453829175521000,17.59252099609375,1.5958876609802246,0.2928067147731781,0.8010544180870056
1789453829185460000,17.6024599609375,1.6189723014831543,0.19362947344779968,0.7130813002586365
1789453829195400000,17.61239990234375,1.6175956726074219,0.1559247076511383,0.6872797608375549
1789453829205339100,17.622339111328124,1.6428018808364868,0.07366958260536194,0.6943686008453369
1789453829215279000,17.632279052734376,1.6756151914596558,0.025213370099663734,0.6944924592971802
1789453829225218000,17.642218017578124,1.6845130920410156,-0.02704651653766632,0.6485182642936707
1789453829235158300,17.652158203125,1.7017508745193481,-0.05305494740605354,0.624352753162384
1789453829245097200,17.66209716796875,1.7124742269515991,-0.07321754842996597,0.6204705238342285
1789453829255037200,17.672037109375,1.7283780574798584,-0.05543135851621628,0.572762668132782
1789453829264976100,17.68197607421875,1.6823397874832153,-0.08014025539159775,0.5396942496299744
1789453829274916000,17.691916015625,1.6141797304153442,-0.09340599924325943,0.5345967411994934
1789453829284855000,17.70185498046875,1.5897883176803589,-0.10497080534696579,0.5503291487693787
1789453829294795300,17.711795166015627,1.596735954284668,-0.056798212230205536,0.5733969211578369
1789453829304734200,17.721734130859375,1.6344010829925537,-0.0007516529876738787,0.5472769141197205
1789453829314674200,17.731674072265626,1.6640143394470215,-0.08391977846622467,0.44208845496177673
1789453829324613400,17.74161328125,1.6271357536315918,-0.1763778030872345,0.3635707497596741
1789453829334553300,17.75155322265625,1.5153740644454956,-0.0907430574297905,0.4002012014389038
1789453829344492300,17.7614921875,1.378333568572998,0.07809580862522125,0.48694127798080444
1789453829354432000,17.771431884765626,1.3405275344848633,0.12413733452558517,0.5499063730239868
1789453829364371200,17.78137109375,1.369128942489624,0.0934164896607399,0.5326969027519226
1789453829374311200,17.791311279296874,1.3883599042892456,0.04244891181588173,0.4927779734134674
1789453829384250000,17.80125,1.36409592628479,0.06398340314626694,0.46465715765953064
1789453829394190300,17.8111904296875,1.248136281967163,0.08656354248523712,0.4911138117313385
1789453829404129300,17.82112939453125,1.1178021430969238,0.028705114498734474,0.5039612054824829
1789453829414069200,17.8310693359375,1.0202339887619019,-0.06766749918460846,0.47014808654785156
1789453829424008200,17.84100830078125,0.9220868945121765,-0.11018941551446915,0.4028887152671814
1789453829433948200,17.8509482421875,0.8416826128959656,-0.08814936131238937,0.3349964916706085
1789453829443887400,17.860887451171877,0.7540498375892639,-0.028551612049341202,0.2750721275806427
1789453829453827000,17.8708271484375,0.6917712688446045,-0.16195040941238403,0.14784784615039825
1789453829463766300,17.880766357421876,0.5388271808624268,-0.1962912678718567,0.03069116361439228
1789453829473706200,17.890706298828125,0.3542110323905945,-0.12385249882936478,-0.011141238734126091
1789453829483645200,17.900645263671876,0.2207299917936325,-0.10500017553567886,-0.02856038138270378
1789453829493585200,17.910585205078124,0.13529525697231293,-0.07827375084161758,-0.05791507288813591
1789453829503524400,17.9205244140625,0.046164803206920624,-0.16023558378219604,-0.10634561628103256
1789453829513464300,17.93046435546875,-0.0515441820025444,-0.21892152726650238,-0.10039745271205902
1789453829523403300,17.9404033203125,-0.14955052733421326,-0.18478810787200928,-0.027301516383886337
1789453829533343200,17.95034326171875,-0.22888317704200745,-0.18725472688674927,0.01882709562778473
1789453829543282200,17.9602822265625,-0.3129420876502991,-0.12142466008663177,0.022657988592982292
1789453829553222100,17.97022216796875,-0.40049484372138977,-0.14230038225650787,0.0030089188367128372
1789453829563161000,17.9801611328125,-0.4527822434902191,-0.24030646681785583,-0.04798077046871185
1789453829573101300,17.990101318359375,-0.5095080733299255,-0.36986473202705383,-0.10986623913049698
1789453829583040300,18.000040283203123,-0.5811536908149719,-0.41196611523628235,-0.16605734825134277
1789453829592980200,18.009980224609375,-0.6594008207321167,-0.4227314293384552,-0.22538112103939056
1789453829602919200,18.019919189453127,-0.7661535143852234,-0.39275455474853516,-0.2685287296772003
1789453829612859100,18.029859130859375,-0.874286413192749,-0.2784135937690735,-0.28057342767715454
1789453829622798000,18.039798095703127,-0.9375267028808594,-0.09755787253379822,-0.2514432966709137
1789453829632738000,18.049738037109375,-0.9670443534851074,-0.05263566970825195,-0.1962098628282547
1789453829642677200,18.05967724609375,-0.9984928965568542,-0.0576949268579483,-0.1895454227924347
1789453829652617200,18.0696171875,-1.0325555801391602,0.03874506056308746,-0.21172982454299927
1789453829662556200,18.07955615234375,-1.0074994564056396,0.10453572124242783,-0.19083791971206665
1789453829672496400,18.089496337890626,-0.9124476909637451,0.08989685773849487,-0.14641958475112915
1789453829682435300,18.099435302734374,-0.8181793689727783,0.10658722370862961,-0.09565461426973343
1789453829692375300,18.109375244140626,-0.7767131328582764,0.11948011815547943,-0.07464174181222916
1789453829702314200,18.119314208984374,-0.7844662666320801,0.1391572505235672,-0.10228324681520462
1789453829712254200,18.129254150390626,-0.7924421429634094,0.19651667773723602,-0.13288350403308868
1789453829722193200,18.139193115234374,-0.7965933680534363,0.33075618743896484,-0.09950961172580719
1789453829732133000,18.149133056640625,-0.8006134033203125,0.3609289824962616,-0.0841200053691864
1789453829742072000,18.159072021484373,-0.7818204164505005,0.2740474045276642,-0.16843056678771973
1789453829752012300,18.16901220703125,-0.734639048576355,0.1740366816520691,-0.24507369101047516
1789453829761951200,18.178951171875,-0.6377080678939819,0.10669291019439697,-0.24696780741214752
1789453829771891200,18.18889111328125,-0.5700928568840027,0.08404139429330826,-0.2180488109588623
1789453829781830400,18.198830322265625,-0.5837721824645996,0.07766418904066086,-0.23092491924762726
1789453829791770000,18.20877001953125,-0.6922181844711304,-0.027787934988737106,-0.3340694308280945
1789453829801709000,18.218708984375,-0.896794319152832,-0.03955654799938202,-0.43817105889320374
1789453829811649300,18.228649169921876,-1.0145713090896606,0.12971211969852448,-0.41047871112823486
1789453829821588200,18.238588134765624,-0.9375208020210266,0.2246491014957428,-0.3548215925693512
1789453829831528200,18.248528076171876,-0.7974910140037537,0.1436282843351364,-0.40208524465560913
1789453829841467100,18.258467041015624,-0.634448766708374,-0.040663886815309525,-0.5515782833099365
1789453829851407400,18.268407470703124,-0.5443881154060364,-0.3257771134376526,-0.73848956823349
1789453829861346300,18.27834619140625,-0.5626258254051208,-0.5595888495445251,-0.8390464782714844
1789453829871286300,18.288286376953124,-0.6047285199165344,-0.548087477684021,-0.7999408841133118
1789453829881225200,18.29822509765625,-0.5723985433578491,-0.30209988355636597,-0.6926508545875549
1789453829891165200,18.308165283203124,-0.4384170174598694,-0.08954954892396927,-0.6177515387535095
1789453829901104000,18.318104248046875,-0.3529588580131531,-0.14442281424999237,-0.6827878355979919
1789453829911044000,18.328044189453124,-0.4775758981704712,-0.2902551293373108,-0.8633639812469482
1789453829920983300,18.3379833984375,-0.6758024096488953,-0.15548542141914368,-0.9364938735961914
1789453829930923300,18.34792333984375,-0.8225724101066589,0.18555578589439392,-0.8194136023521423
1789453829940862200,18.3578623046875,-0.8951265811920166,0.3871263861656189,-0.6833536028862
1789453829950802400,18.367802490234375,-0.9586317539215088,0.3713631331920624,-0.6687269806861877
1789453829960741400,18.377741455078127,-1.0284292697906494,0.17909115552902222,-0.774600088596344
1789453829970681000,18.38768115234375,-1.1071819067001343,0.014817532151937485,-0.8902243971824646
1789453829980620000,18.3976201171875,-1.1116557121276855,-0.040127597749233246,-0.8918932676315308
1789453829990560300,18.407560302734375,-1.1144706010818481,-0.22166356444358826,-0.8989141583442688
1789453830000499200,18.417499267578126,-1.1323614120483398,-0.3994685709476471,-1.0003337860107422
1789453830010439200,18.427439208984374,-1.2231675386428833,-0.14969679713249207,-1.0125706195831299
1789453830020378000,18.437378173828126,-1.3634181022644043,0.04553089290857315,-0.8746452331542969
1789453830030318300,18.447318359375,-1.4449955224990845,0.09029489755630493,-0.7543252110481262
1789453830040257300,18.45725732421875,-1.367691993713379,0.013784125447273254,-0.7034140229225159
1789453830050197200,18.467197265625,-1.216038465499878,-0.35488447546958923,-0.8082661032676697
1789453830060136200,18.47713623046875,-1.0712429285049438,-0.5917567014694214,-0.9717044830322266
1789453830070076200,18.487076171875,-1.0186785459518433,-0.6028836369514465,-1.049017071723938
1789453830080015000,18.49701513671875,-1.0767720937728882,-0.42915263772010803,-0.9409714937210083
1789453830089955300,18.506955322265625,-1.1560724973678589,-0.16594362258911133,-0.7329527735710144
1789453830099894300,18.516894287109373,-1.1562801599502563,-0.017276503145694733,-0.6613572835922241
1789453830109833200,18.526833251953125,-1.1455891132354736,0.0920017808675766,-0.6828660368919373
1789453830119773200,18.536773193359377,-1.119680404663086,-0.08512535691261292,-0.7472702860832214
1789453830129712000,18.546712158203125,-1.1856619119644165,-0.20902200043201447,-0.6965247988700867
1789453830139652400,18.55665234375,-1.254754900932312,-0.24333789944648743,-0.5735759735107422
1789453830149591300,18.56659130859375,-1.2068531513214111,-0.223308265209198,-0.4798732101917267
1789453830159531000,18.576531005859376,-1.072546362876892,-0.13920381665229797,-0.3843172490596771
1789453830169470200,18.58647021484375,-0.9079395532608032,-0.049033716320991516,-0.3410760462284088
1789453830179410200,18.59641015625,-0.7613905668258667,-0.16222907602787018,-0.42998775839805603
1789453830189349000,18.60634912109375,-0.8423349261283875,-0.08265355974435806,-0.3235151171684265
1789453830199289300,18.616289306640624,-0.890365719795227,-0.05989238992333412,-0.14543119072914124
1789453830209228300,18.626228271484376,-0.8960638642311096,-0.13504652678966522,-0.08331135660409927
1789453830219168300,18.636168212890624,-0.9238638877868652,-0.07440578192472458,-0.006902490742504597
1789453830229107200,18.646107177734375,-0.8521803617477417,-0.22574388980865479,-0.003932266961783171
1789453830239047200,18.656047119140624,-0.8255012035369873,-0.1543969362974167,0.029006022959947586
1789453830248986400,18.665986328125,-0.7503345608711243,-0.01896987482905388,0.024351883679628372
1789453830258926000,18.675926025390623,-0.6363766193389893,0.12573601305484772,0.036058053374290466
1789453830268865000,18.685864990234375,-0.45294320583343506,0.05159600079059601,0.07642758637666702
1789453830278805200,18.69580517578125,-0.36221998929977417,0.007490183692425489,0.13655713200569153
1789453830288744400,18.705744384765627,-0.3336562514305115,0.1143985241651535,0.20346079766750336
1789453830298684400,18.715684326171875,-0.29808083176612854,0.24597615003585815,0.2566441595554352
1789453830308623400,18.725623291015626,-0.23649415373802185,0.2472747266292572,0.2744620442390442
1789453830318563600,18.7355634765625,-0.13236041367053986,0.21160174906253815,0.2171092927455902
1789453830328502500,18.74550244140625,-0.05247543752193451,0.1637362241744995,0.16541174054145813
1789453830338442200,18.755442138671874,-0.043896373361349106,0.05830738693475723,0.17059870064258575
1789453830348381200,18.765381103515626,-0.09864616394042969,0.005899305455386639,0.26282504200935364
1789453830358321400,18.7753212890625,-0.15250219404697418,-0.0862378478050232,0.360604465007782
1789453830368260400,18.78526025390625,-0.14622938632965088,-0.054003480821847916,0.4275129437446594
1789453830378200300,18.795200439453126,0.009360193274915218,-0.053897980600595474,0.38705483078956604
1789453830388139300,18.80513916015625,0.12294241786003113,-0.01042960025370121,0.352878212928772
1789453830398079500,18.81507958984375,0.1655210256576538,0.16137653589248657,0.4979671537876129
1789453830408018400,18.825018310546874,0.2704581022262573,0.21090281009674072,0.5483400821685791
1789453830417958100,18.834958251953125,0.3441618084907532,0.1692749708890915,0.5370410084724426
1789453830427897300,18.8448974609375,0.3475530743598938,0.18598496913909912,0.58826744556427
1789453830437837300,18.85483740234375,0.40357506275177,0.18256773054599762,0.6125657558441162
1789453830447776300,18.8647763671875,0.508259654045105,0.17926593124866486,0.6392391920089722
1789453830457716200,18.87471630859375,0.6007376313209534,0.20713967084884644,0.7020708322525024
1789453830467655400,18.884655517578125,0.7513566613197327,0.18078796565532684,0.735209047794342
1789453830477595400,18.894595458984377,0.8876492381095886,0.16786402463912964,0.7223299145698547
1789453830487534300,18.904534423828125,0.9229339957237244,0.24189883470535278,0.7919891476631165
1789453830497474300,18.914474365234376,0.9153110384941101,0.2354944944381714,0.8165891766548157
1789453830507413500,18.92441357421875,0.8851262331008911,0.21709097921848297,0.8260918855667114
1789453830517353200,18.934353271484376,0.9091934561729431,0.21332210302352905,0.8333579897880554
1789453830527292200,18.944292236328124,0.9890704154968262,0.2673451006412506,0.8470458388328552
1789453830537232400,18.954232421875,1.1834851503372192,0.40675291419029236,0.9003047943115234
1789453830547171300,18.96417138671875,1.3668326139450073,0.39577242732048035,0.8479193449020386
1789453830557111300,18.974111328125,1.4603796005249023,0.43380120396614075,0.8437467217445374
1789453830567050500,18.984050537109376,1.5312724113464355,0.5328090190887451,0.8288910984992981
1789453830576990500,18.993990478515624,1.635980248451233,0.6080690622329712,0.6739615797996521
1789453830586929400,19.003929443359375,1.6544734239578247,0.66657954454422,0.5155389308929443
1789453830596869000,19.013869140625,1.6009057760238647,0.7243666648864746,0.5146986246109009
1789453830606808300,19.023808349609375,1.6121426820755005,0.5610858798027039,0.5592442750930786
1789453830616748300,19.033748291015623,1.7035291194915771,0.37030407786369324,0.5853762030601501
1789453830626687200,19.043687255859375,1.779371738433838,0.08412504196166992,0.5342711806297302
1789453830636627500,19.05362744140625,1.7054308652877808,-0.01740126870572567,0.5603556632995605
1789453830646566400,19.06356640625,1.7040185928344727,0.026311324909329414,0.6544438004493713
1789453830656506400,19.07350634765625,1.7772058248519897,0.14284580945968628,0.6651053428649902
1789453830666445300,19.0834453125,1.8833214044570923,0.20989806950092316,0.6183679103851318
1789453830676385300,19.09338525390625,1.9382355213165283,0.03814516216516495,0.438213050365448
1789453830686324500,19.103324462890626,1.8724216222763062,-0.040652982890605927,0.2831723093986511
1789453830696264200,19.11326416015625,1.7085533142089844,-0.017865462228655815,0.37943169474601746
1789453830706203400,19.123203369140626,1.5909310579299927,-0.001435622340068221,0.5703648924827576
1789453830716143400,19.133143310546874,1.5285049676895142,0.03509746119379997,0.559728741645813
1789453830726082300,19.143082275390626,1.4944509267807007,0.12535305321216583,0.4711725115776062
1789453830736022300,19.153022216796874,1.4890472888946533,0.1317470818758011,0.5679636001586914
1789453830745961500,19.16296142578125,1.4709089994430542,-0.07394269853830338,0.673267662525177
1789453830755901400,19.1729013671875,1.347164511680603,-0.39595749974250793,0.5609781742095947
1789453830765840400,19.18284033203125,1.0572612285614014,-0.3202723264694214,0.6368939280509949
1789453830775780400,19.1927802734375,1.0060997009277344,0.12466053664684296,0.9498264193534851
1789453830785719300,19.20271923828125,1.2990002632141113,0.1294153332710266,0.9591419100761414
1789453830795659300,19.2126591796875,1.3770503997802734,-0.12801773846149445,0.7491208910942078
1789453830805598200,19.22259814453125,1.1679624319076538,-0.18234196305274963,0.6734008193016052
1789453830815538400,19.232538330078125,0.9008367657661438,-0.16711053252220154,0.6946091651916504
1789453830825477400,19.242477294921876,0.7387495636940002,-0.1100246012210846,0.7375728487968445
1789453830835417300,19.252417236328125,0.7517213821411133,-0.10986721515655518,0.7094285488128662
1789453830845356500,19.2623564453125,0.8812775015830994,-0.007624998223036528,0.6674960255622864
1789453830855295500,19.27229541015625,1.046796441078186,-0.08588363975286484,0.6067105531692505
1789453830865235500,19.2822353515625,1.0434150695800781,-0.251269668340683,0.5123296976089478
1789453830875174400,19.29217431640625,0.8282866477966309,-0.12827929854393005,0.4814029932022095
1789453830885114400,19.3021142578125,0.5688031315803528,0.04729359224438667,0.4952215850353241
1789453830895053300,19.31205322265625,0.4292173683643341,0.17914381623268127,0.4543432593345642
1789453830904993300,19.3219931640625,0.40453413128852844,0.18047647178173065,0.38801056146621704
1789453830914932200,19.33193212890625,0.41972824931144714,-0.05423291027545929,0.26777154207229614
1789453830924872400,19.34187255859375,0.315768837928772,-0.319376677274704,0.09837400913238525
1789453830934811400,19.351811279296875,0.20830926299095154,-0.5456302165985107,0.0002215986605733633
1789453830944751400,19.36175146484375,0.043770648539066315,-0.6107248067855835,-0.009585492312908173
1789453830954690600,19.371690673828127,-0.1514797955751419,-0.3345731198787689,0.050812073051929474
1789453830964630300,19.38163037109375,-0.2950651943683624,0.12796922028064728,0.12558963894844055
1789453830974569200,19.3915693359375,-0.4356301426887512,0.24024280905723572,0.11357863247394562
1789453830984509200,19.40150927734375,-0.48519182205200195,0.02027076482772827,-0.024654872715473175
1789453830994448400,19.411448486328126,-0.47688817977905273,-0.4229324758052826,-0.2159552127122879
1789453831004388400,19.421388427734374,-0.4686371684074402,-0.5162184238433838,-0.29021212458610535
1789453831014327300,19.431327392578126,-0.6106246709823608,-0.35313892364501953,-0.250410795211792
1789453831024267500,19.441267578125,-0.7765979766845703,-0.19172394275665283,-0.2981801927089691
1789453831034206500,19.45120654296875,-0.9433073401451111,0.17080403864383698,-0.4205069839954376
1789453831044146200,19.461146240234374,-1.0309346914291382,0.49728310108184814,-0.5742328763008118
1789453831054085400,19.47108544921875,-0.9839627146720886,0.6533393859863281,-0.6513452529907227
1789453831064025300,19.481025390625,-0.8755499720573425,0.6509044170379639,-0.5560299158096313
1789453831073964300,19.49096435546875,-0.7719182968139648,0.5594810843467712,-0.3650830388069153
1789453831083904300,19.500904296875,-0.7080082893371582,0.5509730577468872,-0.23318172991275787
1789453831093843500,19.510843505859373,-0.6935293078422546,0.5346553325653076,-0.16370458900928497
1789453831103783400,19.520783447265625,-0.6689749360084534,0.2014363706111908,-0.18627673387527466
1789453831113722400,19.530722412109377,-0.6826121807098389,-0.029461998492479324,-0.2756471335887909
1789453831123662300,19.540662353515625,-0.7258872389793396,-0.05797060579061508,-0.2895866334438324
1789453831133601500,19.5506015625,-0.7551328539848328,0.021787947043776512,-0.29464977979660034
1789453831143541200,19.560541259765625,-0.7621731758117676,0.23878097534179688,-0.33092764019966125
1789453831153480200,19.570480224609376,-0.7331098914146423,0.54069584608078,-0.3718990385532379
1789453831163420400,19.58042041015625,-0.6827572584152222,0.6467117667198181,-0.41003817319869995
1789453831173359400,19.590359375,-0.6338123083114624,0.5452919006347656,-0.462505578994751
1789453831183299300,19.60029931640625,-0.5538381338119507,0.3497421145439148,-0.5072067379951477
1789453831193238300,19.61023828125,-0.49031686782836914,0.0900593176484108,-0.5514714121818542
1789453831203178500,19.620178466796876,-0.528132975101471,0.026798058301210403,-0.5777664184570312
1789453831213117400,19.630117431640624,-0.5821458697319031,0.1567549854516983,-0.5841766595840454
1789453831223057200,19.64005712890625,-0.617858350276947,0.1384500116109848,-0.6818147897720337
1789453831232996400,19.649996337890624,-0.6183894276618958,0.14861805737018585,-0.7555494904518127
1789453831242936300,19.659936279296875,-0.5856693387031555,0.02130192518234253,-0.7929975390434265
1789453831252875300,19.669875244140623,-0.6192681789398193,-0.11210165172815323,-0.8382079601287842
1789453831262815200,19.679815185546875,-0.6645464301109314,-0.2374262809753418,-0.8757822513580322
1789453831272754400,19.68975439453125,-0.6618629693984985,-0.2743629813194275,-0.8657414317131042
1789453831282694400,19.6996943359375,-0.6041398048400879,-0.2338927835226059,-0.7487117052078247
1789453831292633900,19.7096337890625,-0.5802283883094788,-0.16790591180324554,-0.6843663454055786
1789453831302573600,19.719573486328127,-0.5116674304008484,-0.13040514290332794,-0.7101132869720459
1789453831312512500,19.729512451171875,-0.49009543657302856,-0.12828563153743744,-0.7734943628311157
1789453831322452700,19.73945263671875,-0.5595903396606445,-0.28294631838798523,-0.8777709603309631
1789453831332391700,19.7493916015625,-0.7686770558357239,-0.2780309319496155,-0.9503966569900513
1789453831342331600,19.75933154296875,-0.958827018737793,-0.10750234872102737,-0.8913836479187012
1789453831352270600,19.7692705078125,-1.1272335052490234,0.07551352679729462,-0.7681388854980469
1789453831362210800,19.7792109375,-1.2612419128417969,0.24907970428466797,-0.7108132839202881
1789453831372149800,19.789149658203126,-1.2817176580429077,0.205949604511261,-0.7532985210418701
1789453831382089700,19.79908984375,-1.2530361413955688,-0.02415577322244644,-0.8744907379150391
1789453831392029000,19.80902880859375,-1.2351919412612915,-0.19877946376800537,-0.9844837188720703
1789453831401967900,19.8189677734375,-1.1858789920806885,-0.1692814826965332,-0.9549143314361572
1789453831411907600,19.828907470703125,-1.138183832168579,-0.16322635114192963,-0.8664992451667786
1789453831421846500,19.838846435546873,-1.1346266269683838,-0.2867802381515503,-0.929678738117218
1789453831431786800,19.848786865234374,-1.171623945236206,-0.31259310245513916,-1.039115309715271
1789453831441725700,19.8587255859375,-1.171873688697815,-0.21416079998016357,-1.0245778560638428
1789453831451665700,19.868665771484373,-1.1407707929611206,-0.023911286145448685,-0.900569498538971
1789453831461604900,19.87860498046875,-1.025702714920044,-0.019685382023453712,-0.8309283256530762
1789453831471544800,19.888544921875,-0.9492686986923218,-0.25787800550460815,-0.9061266779899597
1789453831481483800,19.89848388671875,-0.9005346894264221,-0.4077253043651581,-1.0288019180297852
1789453831491423500,19.908423583984376,-0.9172925353050232,-0.3056480288505554,-1.0139172077178955
1789453831501362700,19.91836279296875,-0.9471409916877747,-0.18526434898376465,-0.9159955382347107
1789453831511302700,19.928302734375,-0.9501005411148071,-0.11839848011732101,-0.8438204526901245
1789453831521241600,19.93824169921875,-0.9527735114097595,-0.019414108246564865,-0.7951205372810364
1789453831531181800,19.948181884765624,-0.8976069092750549,-0.09836535900831223,-0.8377863168716431
1789453831541120800,19.958120849609376,-0.927931010723114,-0.15550294518470764,-0.8167707920074463
1789453831551060700,19.968060791015624,-0.9604362845420837,-0.2784276306629181,-0.7427995800971985
1789453831560999700,19.977999755859376,-0.990833580493927,-0.4135984778404236,-0.6665021181106567
1789453831570940000,19.98793994140625,-1.0112098455429077,-0.4002813696861267,-0.6188022494316101
1789453831580878800,19.99787890625,-0.9516477584838867,-0.4537123739719391,-0.6218270659446716
1789453831590818600,20.007818603515624,-0.913364052772522,-0.46532490849494934,-0.5660398602485657
1789453831600757800,20.0177578125,-0.8806580305099487,-0.4744390547275543,-0.4569791853427887
1789453831610697700,20.02769775390625,-0.8281671404838562,-0.4449275732040405,-0.37437838315963745
1789453831620636700,20.03763671875,-0.7441838383674622,-0.2721211910247803,-0.2856825888156891
1789453831630576600,20.04757666015625,-0.6163058280944824,-0.21782344579696655,-0.2466152459383011
1789453831640515800,20.057515869140627,-0.6182454228401184,-0.2714509963989258,-0.19015702605247498
1789453831650455800,20.067455810546875,-0.6909951567649841,-0.2004343420267105,-0.08249635994434357
1789453831660394800,20.077394775390626,-0.6805398464202881,-0.04718034714460373,0.024227427318692207
1789453831670334700,20.087334716796875,-0.6840716600418091,0.3979499936103821,0.14688189327716827
1789453831680273700,20.097273681640626,-0.5429726243019104,0.3276555836200714,0.04055652394890785
1789453831690213600,20.107213623046874,-0.4314911961555481,0.35003361105918884,0.14749930799007416
1789453831700152600,20.117152587890626,-0.30983054637908936,0.17448067665100098,0.27583327889442444
1789453831710092800,20.1270927734375,-0.2658821940422058,0.1389445960521698,0.33456113934516907
1789453831720031700,20.13703173828125,-0.21928057074546814,0.20183034241199493,0.3975435495376587
1789453831729971700,20.1469716796875,-0.14838559925556183,0.19730950891971588,0.34150567650794983
1789453831739910700,20.15691064453125,-0.0843363031744957,0.18998634815216064,0.29096871614456177
1789453831749850600,20.1668505859375,-0.05133144557476044,0.29836732149124146,0.30887937545776367
1789453831759789800,20.176789794921874,-0.07676276564598083,0.342747300863266,0.35890844464302063
1789453831769729500,20.1867294921875,-0.10544374585151672,0.3186255991458893,0.4427420496940613
1789453831779668700,20.196668701171873,-0.15541769564151764,0.21133698523044586,0.4511032998561859
1789453831789608700,20.206608642578125,-0.24297945201396942,0.10992604494094849,0.4591639041900635
1789453831799547600,20.216547607421877,-0.2811308205127716,0.020142631605267525,0.47161149978637695
1789453831809488000,20.22648779296875,-0.25242888927459717,-0.05370492488145828,0.4736662209033966
1789453831819426800,20.2364267578125,-0.1390613168478012,-0.08095012605190277,0.46842166781425476
1789453831829366800,20.24636669921875,0.053709518164396286,-0.056943755596876144,0.4403071999549866
1789453831839305700,20.2563056640625,0.2449343353509903,-0.018600095063447952,0.461945116519928
1789453831849245700,20.26624560546875,0.37033411860466003,-0.004074097611010075,0.5057803392410278
1789453831859184600,20.2761845703125,0.4381675124168396,0.007082150783389807,0.5604065656661987
1789453831869123600,20.28612353515625,0.48861342668533325,0.03908257186412811,0.6170247197151184
1789453831879063600,20.2960634765625,0.5380722880363464,0.10473454743623734,0.6881593465805054
1789453831889002800,20.306002685546876,0.65170818567276,0.22089651226997375,0.7799291014671326
1789453831898942700,20.315942626953124,0.8795384168624878,0.36671629548072815,0.8167590498924255
1789453831908881700,20.325881591796875,1.0958149433135986,0.49758222699165344,0.8185937404632568
1789453831918822000,20.33582177734375,1.2377235889434814,0.6731457710266113,0.8464400172233582
1789453831928760800,20.3457607421875,1.3446717262268066,0.7727064490318298,0.8152422308921814
1789453831938700800,20.35570068359375,1.3797581195831299,0.7703633904457092,0.7705330848693848
1789453831948639700,20.3656396484375,1.355993390083313,0.6531161069869995,0.74933922290802
1789453831958579700,20.375579833984375,1.3455314636230469,0.4996927082538605,0.7040303349494934
1789453831968518700,20.3855185546875,1.3641102313995361,0.41577214002609253,0.6406292915344238
1789453831978458600,20.395458740234375,1.3917754888534546,0.4429212212562561,0.6188709735870361
1789453831988397800,20.405397705078126,1.4380888938903809,0.5240446925163269,0.6525466442108154
1789453831998337800,20.415337890625,1.5171517133712769,0.49417978525161743,0.6358475685119629
1789453832008276700,20.42527685546875,1.5616475343704224,0.43256333470344543,0.584160327911377
1789453832018216700,20.435216796875,1.5779340267181396,0.4245988726615906,0.590133786201477
1789453832028156000,20.445156005859374,1.6075152158737183,0.394311785697937,0.6145625114440918
1789453832038095600,20.455095703125,1.7003833055496216,0.33351314067840576,0.6214861869812012
1789453832048034600,20.46503466796875,1.7549225091934204,0.23267248272895813,0.6128774881362915
1789453832057974800,20.474974853515626,1.7684292793273926,0.17320622503757477,0.6364315748214722
1789453832067913700,20.484913818359374,1.8062208890914917,0.11354389786720276,0.6312143206596375
1789453832077853700,20.494853759765626,1.828073501586914,0.0666927695274353,0.6064253449440002
1789453832087792600,20.504792724609374,1.8238917589187622,0.06111957132816315,0.6235955357551575
1789453832097732900,20.51473291015625,1.8126790523529053,0.016777675598859787,0.6170952916145325
1789453832107671800,20.524671875,1.7449432611465454,-0.06255283951759338,0.5828341245651245
1789453832117611500,20.534611572265625,1.6425583362579346,-0.12680533528327942,0.5899205207824707
1789453832127550700,20.54455078125,1.6016658544540405,-0.17296911776065826,0.6160892844200134
1789453832137490700,20.55449072265625,1.5774390697479248,-0.14793486893177032,0.6202555298805237
1789453832147429600,20.5644296875,1.5848441123962402,-0.09554576873779297,0.6037409901618958
1789453832157369600,20.57436962890625,1.5736924409866333,-0.11164217442274094,0.5883455276489258
1789453832167308800,20.584308837890624,1.543134331703186,-0.06778404116630554,0.5907235145568848
1789453832177248800,20.594248779296876,1.4760370254516602,-0.11490894109010696,0.6295103430747986
1789453832187187700,20.604187744140624,1.3718788623809814,-0.12717971205711365,0.6490435004234314
1789453832197128000,20.6141279296875,1.2750916481018066,-0.14071735739707947,0.6679328083992004
1789453832207067000,20.62406689453125,1.2548636198043823,-0.12698689103126526,0.6401959657669067
1789453832217006600,20.634006591796876,1.2444453239440918,-0.136439248919487,0.6670368909835815
1789453832226945500,20.643945556640624,1.2247810363769531,-0.1254512071609497,0.727920413017273
1789453832236884700,20.653884765625,1.2064076662063599,-0.16902105510234833,0.7251096963882446
1789453832246824700,20.66382470703125,1.169347882270813,-0.1966545283794403,0.6836128234863281
1789453832256763600,20.673763671875,1.0858343839645386,-0.1911715865135193,0.689760148525238
1789453832266703600,20.68370361328125,1.0088223218917847,-0.19923532009124756,0.684059202671051
1789453832276642800,20.693642822265623,0.9172953367233276,-0.19482459127902985,0.6574574112892151
1789453832286582800,20.703582763671875,0.8486977219581604,-0.27290380001068115,0.6265304684638977
1789453832296521700,20.713521728515627,0.8178918957710266,-0.33180493116378784,0.5517337322235107
1789453832306461700,20.723461669921875,0.7562611699104309,-0.3435298204421997,0.5380580425262451
1789453832316400600,20.733400634765626,0.6443508863449097,-0.3038085103034973,0.5458986163139343
1789453832326340600,20.743340576171875,0.5393946766853333,-0.17584045231342316,0.5296119451522827
1789453832336279600,20.753279541015626,0.40043413639068604,-0.10296624898910522,0.44477590918540955
1789453832346219500,20.763219482421874,0.30947345495224,-0.14430975914001465,0.3042307198047638
1789453832356158500,20.773158447265626,0.18915955722332,-0.15471526980400085,0.19012784957885742
1789453832366098700,20.7830986328125,0.0687614232301712,-0.12693852186203003,0.14225493371486664
1789453832376037600,20.79303759765625,0.012050478719174862,-0.11325626075267792,0.08988679945468903
1789453832385977600,20.8029775390625,-0.0846685990691185,-0.13154980540275574,0.022185055539011955
1789453832395916800,20.812916748046874,-0.18257012963294983,-0.15394914150238037,-0.03253784403204918
1789453832405856500,20.8228564453125,-0.2742289900779724,-0.171040877699852,-0.10312855988740921
1789453832415795500,20.83279541015625,-0.35430651903152466,-0.05577047914266586,-0.15988051891326904
1789453832425735700,20.842735595703125,-0.41410091519355774,0.01856326311826706,-0.22846978902816772
1789453832435674600,20.852674560546873,-0.5210039615631104,0.0159139484167099,-0.29474470019340515
1789453832445614600,20.862614501953125,-0.6039515137672424,0.01898188143968582,-0.3619984984397888
1789453832455553500,20.872553466796877,-0.6659552454948425,0.015220166184008121,-0.40768635272979736
1789453832465493800,20.88249365234375,-0.7150658369064331,0.0509771928191185,-0.42379555106163025
1789453832475432700,20.8924326171875,-0.7381913661956787,0.1346323937177658,-0.40013018250465393
1789453832485372400,20.902372314453125,-0.7535787224769592,0.2472614049911499,-0.3546562194824219
1789453832495311600,20.9123115234375,-0.7523073554039001,0.3371817171573639,-0.3192202150821686
1789453832505251600,20.92225146484375,-0.7333922386169434,0.36793774366378784,-0.31422170996665955
1789453832515190500,20.9321904296875,-0.7247923612594604,0.3300068974494934,-0.32073473930358887
1789453832525129500,20.94212939453125,-0.7508760690689087,0.24896493554115295,-0.330703467130661
1789453832535069700,20.952069580078124,-0.758102297782898,0.14371760189533234,-0.32427406311035156
1789453832545008600,20.962008544921876,-0.7448327541351318,0.0900237113237381,-0.3006165027618408
1789453832554948600,20.971948486328124,-0.6953874230384827,0.12208683043718338,-0.24920953810214996
1789453832564887600,20.981887451171875,-0.6708469390869141,0.22346045076847076,-0.25965240597724915
1789453832574827800,20.991827880859375,-0.6557979583740234,0.33659231662750244,-0.3381922245025635
1789453832584766700,21.0017666015625,-0.6162121891975403,0.39374762773513794,-0.4461124539375305
1789453832594706400,21.01170654296875,-0.5767601132392883,0.41134899854660034,-0.5144020915031433
1789453832604645400,21.021645263671875,-0.5225338339805603,0.38694462180137634,-0.5205180644989014
1789453832614585600,21.031585693359375,-0.49450385570526123,0.24237652122974396,-0.5361497402191162
1789453832624524500,21.041524658203127,-0.5081378221511841,0.0894813984632492,-0.5437124967575073
1789453832634464500,21.051464599609375,-0.567772388458252,0.10377325117588043,-0.49827897548675537
1789453832644403700,21.06140380859375,-0.6240398287773132,0.1962479203939438,-0.47591206431388855
1789453832654343700,21.07134375,-0.641985297203064,0.2138972282409668,-0.5044891238212585
1789453832664282600,21.08128271484375,-0.667413055896759,0.1574965864419937,-0.5669087171554565
1789453832674222600,21.09122265625,-0.7194546461105347,0.09485238045454025,-0.6281619071960449
1789453832684161500,21.10116162109375,-0.7565553188323975,0.03886321932077408,-0.65840744972229
1789453832694101500,21.1111015625,-0.7854559421539307,-0.01648392528295517,-0.6681234240531921
1789453832704040400,21.12104052734375,-0.7958590388298035,-0.08067841082811356,-0.631130576133728
1789453832713980700,21.130980712890626,-0.7710208296775818,-0.15478965640068054,-0.6088426113128662
1789453832723919600,21.140919677734374,-0.6936975717544556,-0.21579846739768982,-0.6075265407562256
1789453832733859600,21.150859619140626,-0.5916438698768616,-0.2499210238456726,-0.6000920534133911
1789453832743798500,21.160798583984374,-0.5582575798034668,-0.2407340556383133,-0.5955933332443237
1789453832753738800,21.17073876953125,-0.5963162779808044,-0.16684117913246155,-0.5840615630149841
1789453832763677700,21.180677734375,-0.6637652516365051,-0.15178312361240387,-0.5760907530784607
1789453832773617400,21.190617431640625,-0.7121429443359375,-0.20152351260185242,-0.5942591428756714
1789453832783556600,21.200556640625,-0.790221631526947,-0.2639633119106293,-0.6404576301574707
1789453832793496600,21.21049658203125,-0.8954769372940063,-0.22988177835941315,-0.648495078086853
1789453832803435500,21.220435546875,-0.9557211995124817,-0.10336794704198837,-0.6204493641853333
1789453832813375700,21.230375732421876,-1.0469616651535034,-0.03692208230495453,-0.5821597576141357
1789453832823314700,21.240314697265624,-1.1490259170532227,-0.08001306653022766,-0.5895311832427979
1789453832833254700,21.250254638671876,-1.240216612815857,-0.16971072554588318,-0.6616243124008179
1789453832843193600,21.260193603515624,-1.3061631917953491,-0.18252025544643402,-0.7241575717926025
1789453832853132500,21.270132568359376,-1.2944974899291992,-0.09889805316925049,-0.7185065746307373
1789453832863072500,21.280072509765624,-1.2848491668701172,-0.009058419615030289,-0.6807339787483215
1789453832873011700,21.29001171875,-1.3105140924453735,0.0151787418872118,-0.6369941830635071
1789453832882951400,21.299951416015624,-1.3064717054367065,-0.1251053512096405,-0.6370095014572144
1789453832892890600,21.309890625,-1.289482831954956,-0.2900988459587097,-0.6810342073440552
1789453832902830600,21.31983056640625,-1.2442610263824463,-0.38122186064720154,-0.7180528044700623
1789453832912769500,21.32976953125,-1.1928987503051758,-0.3581943213939667,-0.7485976815223694
1789453832922709800,21.339709716796875,-1.1460845470428467,-0.30344706773757935,-0.7412635684013367
1789453832932648700,21.349648681640623,-1.0981074571609497,-0.31173110008239746,-0.7448082566261292
1789453832942588700,21.359588623046875,-1.0638610124588013,-0.340915709733963,-0.7793687582015991
1789453832952527600,21.369527587890627,-1.0337835550308228,-0.28879204392433167,-0.8062871694564819
1789453832962467600,21.379467529296875,-1.0195229053497314,-0.2906245291233063,-0.8181295394897461
1789453832972406500,21.389406494140626,-0.9732002019882202,-0.34550240635871887,-0.8766945600509644
1789453832982346500,21.399346435546875,-0.9787533283233643,-0.27390438318252563,-0.870255708694458
1789453832992285400,21.409285400390626,-0.978033185005188,-0.28926974534988403,-0.908130943775177
1789453833002225700,21.4192255859375,-1.0183995962142944,-0.29188072681427,-0.9143686294555664
1789453833012164600,21.42916455078125,-0.988557755947113,-0.28975552320480347,-0.8595280051231384
1789453833022104600,21.4391044921875,-0.9044967293739319,-0.45479580760002136,-0.8994486331939697
1789453833032043800,21.449043701171874,-0.8478126525878906,-0.33608779311180115,-0.883370041847229
1789453833041983500,21.4589833984375,-0.7196199893951416,-0.3357357084751129,-0.9252249002456665
1789453833051922400,21.46892236328125,-0.700535774230957,-0.2874877452850342,-0.8772914409637451
1789453833061862700,21.478862548828126,-0.7572413086891174,-0.24938754737377167,-0.755103349685669
1789453833071801600,21.488801513671874,-0.8211475610733032,-0.11790781468153,-0.5953429937362671
1789453833081741600,21.498741455078125,-0.7416121959686279,-0.26211151480674744,-0.5307636857032776
1789453833091680500,21.508680419921873,-0.7071817517280579,-0.20371133089065552,-0.40085306763648987
1789453833101620700,21.518620849609373,-0.6885010600090027,-0.0045234449207782745,-0.2601507008075714
1789453833111559700,21.5285595703125,-0.5743891000747681,0.0026588342152535915,-0.23923422396183014
1789453833121498600,21.53849853515625,-0.518663227558136,0.1421121507883072,-0.2922803461551666
1789453833131438600,21.5484384765625,-0.4693792760372162,0.18784740567207336,-0.2010023593902588
1789453833141377800,21.558377685546876,-0.37493976950645447,0.08797593414783478,-0.023605480790138245
1789453833151317500,21.5683173828125,-0.31228119134902954,0.06056162342429161,0.07312985509634018
1789453833161256400,21.57825634765625,-0.2482759654521942,0.14413811266422272,0.1004360169172287
1789453833171196700,21.58819677734375,-0.17015905678272247,0.26746031641960144,0.072731152176857
1789453833181135600,21.598135498046876,-0.07260552048683167,0.29641106724739075,0.07389667630195618
1789453833191075600,21.60807568359375,0.022701557725667953,0.24172836542129517,0.13106994330883026
1789453833201014500,21.6180146484375,0.04224734380841255,0.2089734673500061,0.19202189147472382
1789453833210954800,21.627954833984376,0.043943244963884354,0.18448197841644287,0.2977752089500427
1789453833220893700,21.637893798828124,0.05186016112565994,0.0742807611823082,0.4052523076534271
1789453833230833400,21.64783349609375,0.030628375709056854,0.09245523810386658,0.47933265566825867
1789453833240772600,21.657772705078123,0.011980252340435982,0.09216775000095367,0.5415375232696533
1789453833250712600,21.667712646484375,0.004158548079431057,0.07444360852241516,0.6068044304847717
1789453833260651500,21.677651611328123,0.018794013187289238,0.09671943634748459,0.6831024885177612
1789453833270591500,21.687591552734375,0.051095496863126755,0.054530173540115356,0.7389239072799683
1789453833280530700,21.69753076171875,0.07745878398418427,0.015995433554053307,0.8144155740737915
1789453833290470100,21.70747021484375,0.1416420340538025,-0.0079296063631773,0.8764392733573914
1789453833300409300,21.717409423828126,0.2669135630130768,-0.03958144038915634,0.8741478323936462
1789453833310349300,21.727349365234375,0.4251527190208435,0.048671722412109375,0.903518795967102
1789453833320288300,21.737288330078126,0.612748920917511,0.21650569140911102,0.9328184723854065
1789453833330228200,21.747228271484374,0.7770816683769226,0.4105244278907776,1.0180667638778687
1789453833340167200,21.757167236328126,0.9477304816246033,0.34717705845832825,1.048682689666748
1789453833350107100,21.767107177734374,0.9856525659561157,0.23224756121635437,1.0623942613601685
1789453833360046000,21.777046142578126,0.9801602363586426,0.18632052838802338,1.0290987491607666
1789453833369986300,21.786986328125,1.0128483772277832,0.2978835105895996,0.9670267701148987
1789453833379925200,21.79692529296875,1.1281365156173706,0.45478519797325134,0.9436620473861694
1789453833389865200,21.806865234375,1.3097970485687256,0.5480219125747681,0.9250761270523071
1789453833399804200,21.81680419921875,1.4712979793548584,0.6381922960281372,0.9263728857040405
1789453833409744400,21.826744384765625,1.573672890663147,0.5913172364234924,0.8940610289573669
1789453833419683300,21.836683349609373,1.6245815753936768,0.40095195174217224,0.7930872440338135
1789453833429622300,21.846622314453125,1.591457724571228,0.26605433225631714,0.7005799412727356
1789453833439562200,21.856562255859377,1.5035921335220337,0.29317039251327515,0.63497394323349
1789453833449501200,21.866501220703125,1.5144679546356201,0.39285704493522644,0.579531729221344
1789453833459441200,21.876441162109376,1.6244158744812012,0.5223948955535889,0.5715895295143127
1789453833469380000,21.886380126953124,1.7880069017410278,0.47963789105415344,0.5515024065971375
1789453833479320300,21.8963203125,1.831918478012085,0.32913240790367126,0.5191399455070496
1789453833489259300,21.90625927734375,1.754188060760498,0.30223047733306885,0.524484395980835
1789453833499199200,21.91619921875,1.6646336317062378,0.3354218304157257,0.5788301825523376
1789453833509138200,21.92613818359375,1.622529149055481,0.21176433563232422,0.5913928151130676
1789453833519078100,21.936078125,1.675968885421753,0.011420439928770065,0.5276741981506348
1789453833529017000,21.94601708984375,1.7318798303604126,-0.026307499036192894,0.5119748711585999
1789453833538957000,21.95595703125,1.751874566078186,0.08354350924491882,0.5159673094749451
1789453833548896300,21.965896240234375,1.7702789306640625,0.11337437480688095,0.536453127861023
1789453833558836200,21.975836181640624,1.8381283283233643,0.12309493869543076,0.6116950511932373
1789453833568775200,21.985775146484375,1.8374987840652466,0.017663320526480675,0.601030170917511
1789453833578715400,21.99571533203125,1.738973617553711,-0.0839114636182785,0.5354403853416443
1789453833588654300,22.005654296875,1.5378581285476685,-0.08582068234682083,0.6980817914009094
1789453833598594300,22.01559423828125,1.3707748651504517,-0.12626366317272186,0.8148537874221802
1789453833608533200,22.025533203125,1.321350336074829,-0.07775072753429413,0.7252203226089478
1789453833618473200,22.03547314453125,1.3101142644882202,-0.09427507221698761,0.5999115109443665
1789453833628412200,22.045412109375,1.2747162580490112,-0.23995691537857056,0.5500534176826477
1789453833638352100,22.05535205078125,1.164002537727356,-0.41317662596702576,0.5832372307777405
1789453833648291000,22.065291015625,0.937368631362915,-0.3956040143966675,0.6798439025878906
1789453833658231300,22.075231201171874,0.7957691550254822,-0.33672404289245605,0.7680734395980835
1789453833668170200,22.085170166015626,0.8171184062957764,-0.16323186457157135,0.8876616358757019
1789453833678110200,22.095110107421874,1.0241955518722534,-0.17072463035583496,0.8706590533256531
1789453833688049400,22.10504931640625,1.1577805280685425,-0.10250455886125565,0.7312321662902832
1789453833697989000,22.114989013671874,1.0760880708694458,-0.028490936383605003,0.704757034778595
1789453833707928000,22.124927978515625,0.9403806328773499,-0.3510940372943878,0.6667358875274658
1789453833717868300,22.134868408203126,0.730671226978302,-0.675550639629364,0.5397275686264038
1789453833727807200,22.14480712890625,0.4568668603897095,-0.35922273993492126,0.6065627932548523
1789453833737746200,22.15474609375,0.3836296796798706,-0.17197459936141968,0.7711049318313599
1789453833747686100,22.16468603515625,0.45397788286209106,-0.18646885454654694,0.7572472095489502
1789453833757625000,22.174625,0.5393403172492981,-0.14040297269821167,0.6132415533065796
1789453833767565300,22.1845654296875,0.4293235242366791,-0.1927463412284851,0.3723497986793518
1789453833777504300,22.194504150390625,0.31268712878227234,-0.32017040252685547,0.1394309401512146
1789453833787444200,22.2044443359375,0.19203607738018036,-0.03297004848718643,0.07949889451265335
1789453833797383400,22.214383544921876,0.05531871318817139,0.01769791916012764,0.12957671284675598
1789453833807323100,22.2243232421875,-0.001149357296526432,-0.06479749083518982,0.048050958663225174
1789453833817262000,22.234261962890624,-0.0674472376704216,-0.24023990333080292,-0.11530061066150665
1789453833827202300,22.244202392578124,-0.14473456144332886,-0.6765855550765991,-0.274967223405838
1789453833837141200,22.254141357421876,-0.27503907680511475,-0.6024448871612549,-0.3223757743835449
1789453833847081200,22.264081298828124,-0.41744229197502136,-0.2969624996185303,-0.30737873911857605
1789453833857020200,22.274020263671876,-0.549842894077301,-0.00986238569021225,-0.30843672156333923
1789453833866960400,22.28396044921875,-0.6379075050354004,0.2862723171710968,-0.3154067397117615
1789453833876899300,22.2938994140625,-0.6690261363983154,0.25472232699394226,-0.3548700213432312
1789453833886839000,22.303839111328124,-0.7131968140602112,0.16592560708522797,-0.41902264952659607
1789453833896778000,22.313778076171875,-0.7405691742897034,0.07036812603473663,-0.4537346065044403
1789453833906718200,22.32371826171875,-0.7989331483840942,0.06501118093729019,-0.43341097235679626
1789453833916657200,22.3336572265625,-0.8532716035842896,0.17987684905529022,-0.4017472565174103
1789453833926597000,22.34359716796875,-0.8390511274337769,0.24524971842765808,-0.38425561785697937
1789453833936536300,22.353536376953127,-0.8206931352615356,0.36629655957221985,-0.3605805039405823
1789453833946476300,22.363476318359375,-0.8018741607666016,0.47486990690231323,-0.29304036498069763
1789453833956415200,22.373415283203126,-0.7516358494758606,0.4550604522228241,-0.22487014532089233
1789453833966355200,22.383355224609375,-0.6335765719413757,0.33687469363212585,-0.20328496396541595
1789453833976294400,22.39329443359375,-0.5459883213043213,0.07240689545869827,-0.21480335295200348
1789453833986234000,22.403234130859374,-0.5743371844291687,-0.0819174274802208,-0.248331218957901
1789453833996173000,22.413173095703126,-0.6082962155342102,-0.09960415959358215,-0.28665900230407715
1789453834006113300,22.42311328125,-0.6706304550170898,0.04206402972340584,-0.28663158416748047
1789453834016052200,22.43305224609375,-0.7069162726402283,0.21241340041160583,-0.2534714937210083
1789453834025992200,22.4429921875,-0.7083133459091187,0.3003981113433838,-0.2509140372276306
1789453834035931100,22.45293115234375,-0.6711359024047852,0.5392398834228516,-0.20998169481754303
1789453834045871400,22.462871337890626,-0.5493907928466797,0.7127515077590942,-0.1507663130760193
1789453834055810300,22.472810302734374,-0.45144957304000854,0.5482884645462036,-0.2602055072784424
1789453834065750000,22.48275,-0.3564873933792114,0.14176736772060394,-0.4694522023200989
1789453834075689200,22.492689208984373,-0.4349379539489746,-0.39994099736213684,-0.6435251832008362
1789453834085629200,22.502629150390625,-0.7106848359107971,-0.4644012153148651,-0.6982800364494324
1789453834095568100,22.512568115234377,-0.8472291231155396,-0.11043019592761993,-0.5936566591262817
1789453834105507000,22.522507080078125,-0.8130530714988708,0.22001269459724426,-0.4781034588813782
1789453834115447300,22.532447265625,-0.7731163501739502,0.14945875108242035,-0.5074111223220825
1789453834125386200,22.54238623046875,-0.8057901263237,-0.26885831356048584,-0.6849233508110046
1789453834135326200,22.552326171875,-0.9781137108802795,-0.5909027457237244,-0.911369264125824
1789453834145265200,22.56226513671875,-1.0135688781738281,-0.453705757856369,-0.9014266729354858
1789453834155205400,22.572205322265624,-0.8286544680595398,-0.19007734954357147,-0.6943297982215881
1789453834165144300,22.582144287109376,-0.6094134449958801,-0.13653795421123505,-0.5312649607658386
1789453834175084000,22.592083984375,-0.43117016553878784,-0.1979229897260666,-0.5140631198883057
1789453834185023200,22.602023193359376,-0.3675669729709625,-0.37312623858451843,-0.6503857970237732
1789453834194963200,22.611963134765624,-0.4485699534416199,-0.35280275344848633,-0.6971925497055054
1789453834204902100,22.621902099609375,-0.5485906004905701,-0.3713729679584503,-0.6574710011482239
1789453834214842400,22.63184228515625,-0.7751700282096863,-0.38569867610931396,-0.6486984491348267
1789453834224781300,22.64178125,-0.928805947303772,-0.21903963387012482,-0.6385666728019714
1789453834234721300,22.65172119140625,-1.0092064142227173,-0.1553821563720703,-0.7001453042030334
1789453834244660200,22.66166015625,-1.0465583801269531,-0.013268956914544106,-0.7454952001571655
1789453834254600200,22.67160009765625,-1.0703349113464355,-0.19340665638446808,-0.8052794337272644
1789453834264539100,22.6815390625,-1.0920222997665405,-0.3361915349960327,-0.8719798922538757
1789453834274479000,22.69147900390625,-1.1170991659164429,-0.1789012998342514,-0.877612292766571
1789453834284418000,22.70141796875,-1.1532173156738281,-0.18068082630634308,-0.8672001361846924
1789453834294358000,22.71135791015625,-1.2999821901321411,-0.05695895478129387,-0.9328923225402832
1789453834304297200,22.721297119140626,-1.4094247817993164,0.11235710233449936,-0.9537440538406372
1789453834314237200,22.7312373046875,-1.372682809829712,0.013996207155287266,-0.8911119699478149
1789453834324176100,22.741176025390626,-1.284862756729126,-0.20682911574840546,-0.8993017077445984
1789453834334116000,22.7511162109375,-1.2210689783096313,-0.3977355659008026,-1.0194804668426514
1789453834344055300,22.76105517578125,-1.1770588159561157,-0.4227506220340729,-1.01627516746521
1789453834353995000,22.7709951171875,-1.1507997512817383,-0.3286585807800293,-0.8492900133132935
1789453834363934000,22.780933837890625,-1.0940037965774536,-0.38491785526275635,-0.7514979243278503
1789453834373873000,22.790872802734373,-1.0448309183120728,-0.35414358973503113,-0.7786422967910767
1789453834383813000,22.800813232421874,-1.0155678987503052,-0.24522456526756287,-0.8128788471221924
1789453834393752000,22.810751953125,-0.9600763320922852,-0.2914617955684662,-0.8632523417472839
1789453834403692000,22.820692138671873,-0.9400961995124817,-0.26238059997558594,-0.848002552986145
1789453834413631200,22.83063134765625,-0.9773236513137817,-0.09915471076965332,-0.7700799703598022
1789453834423571200,22.8405712890625,-1.023716926574707,-0.025524968281388283,-0.6716607213020325
1789453834433510100,22.85051025390625,-1.1039080619812012,-0.0035586440935730934,-0.5616501569747925
1789453834443450000,22.8604501953125,-1.147870421409607,-0.00009147496894001961,-0.4485595226287842
1789453834453389000,22.87038916015625,-1.1501610279083252,-0.0008751878049224615,-0.37253233790397644
1789453834463329000,22.8803291015625,-1.0540685653686523,-0.06151110306382179,-0.3392314016819
1789453834473268000,22.89026806640625,-1.0007011890411377,0.01753038726747036,-0.2508451044559479
1789453834483208200,22.900208251953124,-0.8530741333961487,-0.022816237062215805,-0.2223370522260666
1789453834493147100,22.910147216796876,-0.7618666887283325,-0.007194288540631533,-0.22161482274532318
1789453834503087000,22.920087158203124,-0.7655370831489563,0.09239329397678375,-0.12511543929576874
1789453834513026000,22.930026123046876,-0.7728380560874939,0.08376874774694443,-0.03807305544614792
1789453834522966300,22.93996630859375,-0.8566051721572876,0.18112432956695557,0.024942664429545403
1789453834532905200,22.9499052734375,-0.7948355674743652,0.13059988617897034,-0.009568635374307632
1789453834542845000,22.959844970703124,-0.7829850316047668,0.36501264572143555,0.10089795291423798
1789453834552784100,22.9697841796875,-0.6689189672470093,0.4946749806404114,0.19590796530246735
1789453834562724000,22.97972412109375,-0.4118919372558594,0.3198949098587036,0.16465763747692108
1789453834572663000,22.9896630859375,-0.24528054893016815,0.2838689386844635,0.1954280138015747
1789453834582603000,22.99960302734375,-0.1753816306591034,0.3832128345966339,0.2238101214170456
1789453834592542200,23.009542236328127,-0.11048892885446548,0.41626888513565063,0.20862916111946106
1789453834602482200,23.019482177734375,-0.06389426440000534,0.3591480553150177,0.1905505657196045
1789453834612421000,23.029421142578126,-0.029979843646287918,0.31489232182502747,0.2018917351961136
1789453834622360000,23.039360107421874,-0.03328615799546242,0.31220757961273193,0.19278265535831451
1789453834632300000,23.049300048828126,-0.05138089880347252,0.2694864273071289,0.18158367276191711
1789453834642239000,23.059239013671874,-0.08242217451334,0.21877585351467133,0.1699398010969162
1789453834652179000,23.069178955078126,-0.09536546468734741,0.1765097975730896,0.16346454620361328
1789453834662118100,23.0791181640625,-0.06992188841104507,0.16331250965595245,0.17878730595111847
1789453834672058000,23.08905810546875,-0.020227840170264244,0.15776807069778442,0.20706555247306824
1789453834681997000,23.0989970703125,0.05262799188494682,0.15932868421077728,0.2661970257759094
1789453834691937300,23.108937255859374,0.15026262402534485,0.1332484632730484,0.3008902072906494
1789453834701876200,23.118876220703125,0.2726447582244873,0.05841204896569252,0.36065739393234253
1789453834711816200,23.128816162109374,0.43190619349479675,0.0304811242967844,0.39150702953338623
1789453834721755100,23.138755126953125,0.6261239051818848,0.07813040167093277,0.3953651487827301
1789453834731695000,23.148695068359373,0.8110882639884949,0.20815624296665192,0.4610847532749176
1789453834741634000,23.158634033203125,0.9790887236595154,0.2808155417442322,0.511012613773346
1789453834751574000,23.168573974609377,1.077238917350769,0.3525679111480713,0.6142850518226624
1789453834761513000,23.178512939453125,1.1495400667190552,0.3093368113040924,0.640378475189209
1789453834771453200,23.188453125,1.269019365310669,0.2634499967098236,0.6567580103874207
1789453834781392100,23.19839208984375,1.3511797189712524,0.21242570877075195,0.6844930052757263
1789453834791332000,23.20833203125,1.3966033458709717,0.2499208301305771,0.733062207698822
1789453834801271300,23.218271240234376,1.4086190462112427,0.32338863611221313,0.7681717276573181
1789453834811211000,23.2282109375,1.4345483779907227,0.3973618745803833,0.7947952151298523
1789453834821150000,23.23814990234375,1.4468170404434204,0.5459694266319275,0.8588128685951233
1789453834831090200,23.248090087890624,1.530289649963379,0.6557376980781555,0.8812015652656555
1789453834841029000,23.258029052734376,1.6176966428756714,0.5993460416793823,0.8272318243980408
1789453834850969000,23.267968994140624,1.6327120065689087,0.49035993218421936,0.7827358245849609
1789453834860908000,23.277907958984375,1.631746530532837,0.4192359745502472,0.7761730551719666
1789453834870847000,23.287846923828123,1.5942200422286987,0.3384624421596527,0.7407026886940002
1789453834880787200,23.297787109375,1.5393750667572021,0.2770369052886963,0.7537626028060913
1789453834890726100,23.30772607421875,1.5142308473587036,0.27254718542099,0.8025960922241211
1789453834900666000,23.317666015625,1.5569077730178833,0.24321965873241425,0.8128021359443665
1789453834910605300,23.327605224609375,1.5868388414382935,0.13366809487342834,0.7841829061508179
1789453834920545000,23.337544921875,1.5835541486740112,0.03449437394738197,0.7167242169380188
1789453834930484000,23.34748388671875,1.5929030179977417,-0.037058476358652115,0.6879128217697144
1789453834940424200,23.357424072265626,1.634658694267273,-0.08768090605735779,0.7074993252754211
1789453834950363100,23.367363037109374,1.6788923740386963,-0.13767804205417633,0.6810477375984192
1789453834960303000,23.37730322265625,1.6694046258926392,-0.1565159112215042,0.711838960647583
1789453834970242000,23.387241943359374,1.6416568756103516,-0.19098374247550964,0.7741456031799316
1789453834980182300,23.397182373046874,1.6375473737716675,-0.20379167795181274,0.7512006163597107
1789453834990121200,23.407121337890626,1.6050664186477661,-0.18975098431110382,0.735386848449707
1789453835000061000,23.41706103515625,1.5802481174468994,-0.2490747720003128,0.7507911324501038
1789453835010000000,23.426999755859374,1.5377836227416992,-0.26725929975509644,0.7540116906166077
1789453835019940000,23.436940185546874,1.4595681428909302,-0.2457878142595291,0.7953138947486877
1789453835029879000,23.446879150390625,1.3758554458618164,-0.2942148745059967,0.8305966258049011
1789453835039819000,23.456819091796874,1.3275009393692017,-0.28585439920425415,0.7988339066505432
1789453835049758200,23.46675830078125,1.3056098222732544,-0.26847368478775024,0.7326526045799255
1789453835059697200,23.476697265625,1.2942370176315308,-0.23656795918941498,0.6953009963035583
1789453835069637000,23.48663720703125,1.2562916278839111,-0.16953466832637787,0.7015479207038879
1789453835079576000,23.496576171875,1.2032582759857178,-0.21645264327526093,0.7189996242523193
1789453835089516300,23.506516357421877,1.1616510152816772,-0.18984998762607574,0.7513951659202576
1789453835099455200,23.516455322265625,1.1481064558029175,-0.21271376311779022,0.7007801532745361
1789453835109395000,23.52639501953125,1.0978806018829346,-0.18426744639873505,0.6021695733070374
1789453835119334000,23.536333984375,1.0301846265792847,-0.08603647351264954,0.5914921760559082
1789453835129274000,23.546274169921876,0.9837433695793152,-0.0032355713192373514,0.6063514947891235
1789453835139213000,23.556213134765624,0.9604617357254028,0.0017072558403015137,0.5718342661857605
1789453835149153000,23.566153076171876,0.9015436768531799,-0.09193621575832367,0.49204885959625244
1789453835159092200,23.57609228515625,0.8171685934066772,-0.13346394896507263,0.42627328634262085
1789453835169032200,23.5860322265625,0.7203264832496643,-0.08102607727050781,0.38005581498146057
1789453835178971100,23.59597119140625,0.5822352170944214,-0.014076337218284607,0.2980397641658783
1789453835188911000,23.6059111328125,0.4852416217327118,-0.007882839068770409,0.17348811030387878
1789453835198850000,23.61585009765625,0.3961082696914673,-0.006193329580128193,0.04835843667387962
1789453835208790000,23.6257900390625,0.28840693831443787,-0.031256645917892456,-0.04199668765068054
1789453835218729000,23.63572900390625,0.1624990701675415,0.0012781289406120777,-0.10641536116600037
1789453835228669200,23.645669189453123,0.042463503777980804,0.07227981090545654,-0.15313923358917236
1789453835238608100,23.655608154296875,-0.0811079666018486,0.12353526055812836,-0.1745246797800064
1789453835248548000,23.665548095703127,-0.19738303124904633,0.08528784662485123,-0.15907464921474457
1789453835258487000,23.675487060546875,-0.27325862646102905,0.08931481838226318,-0.11892776191234589
1789453835268426200,23.68542626953125,-0.3420659601688385,0.06292416900396347,-0.10891173779964447
1789453835278366200,23.6953662109375,-0.4057381749153137,0.029455162584781647,-0.14059269428253174
1789453835288305200,23.70530517578125,-0.48027998208999634,-0.06790060549974442,-0.2023864984512329
1789453835298245600,23.71524560546875,-0.5613862872123718,-0.1668223887681961,-0.27002841234207153
1789453835308184800,23.725184814453126,-0.6280853748321533,-0.15818414092063904,-0.3026657700538635
1789453835318124800,23.735124755859374,-0.6615713834762573,-0.05818856880068779,-0.30443865060806274
1789453835328063700,23.745063720703126,-0.6887077689170837,0.04198245331645012,-0.30458924174308777
1789453835338004000,23.75500390625,-0.7070513963699341,0.21002605557441711,-0.3207554221153259
1789453835347943000,23.76494287109375,-0.7043431997299194,0.22188055515289307,-0.3457573652267456
1789453835357882600,23.774882568359374,-0.7199192047119141,0.15333957970142365,-0.3639337122440338
1789453835367821600,23.784821533203125,-0.7504886388778687,0.10438533127307892,-0.35454413294792175
1789453835377761800,23.79476171875,-0.7619622945785522,0.010974154807627201,-0.3189896047115326
1789453835387700700,23.80470068359375,-0.7926887273788452,-0.02585766837000847,-0.27689340710639954
1789453835397640700,23.814640625,-0.8480193614959717,0.04880271852016449,-0.21568678319454193
1789453835407579600,23.82457958984375,-0.8626919984817505,0.1649133712053299,-0.16344814002513885
1789453835417519900,23.834519775390625,-0.8434666395187378,0.3651990592479706,-0.12397263944149017
1789453835427458800,23.844458740234376,-0.793318510055542,0.45307788252830505,-0.094129279255867
1789453835437397800,23.854397705078124,-0.7570638060569763,0.29580116271972656,-0.1744198501110077
1789453835447338000,23.864337890625,-0.7194060683250427,0.18184660375118256,-0.30067726969718933
1789453835457277000,23.87427685546875,-0.6651085019111633,0.19023847579956055,-0.3552646040916443
1789453835467216600,23.884216552734376,-0.6297176480293274,0.22930821776390076,-0.3485984802246094
1789453835477155600,23.894155517578124,-0.6299615502357483,0.2407371699810028,-0.34301647543907166
1789453835487095800,23.904095703125,-0.7111919522285461,0.1897990107536316,-0.38934439420700073
1789453835497034800,23.91403466796875,-0.8510920405387878,0.11317000538110733,-0.47235536575317383
1789453835506974700,23.923974609375,-0.9870890974998474,0.05308271944522858,-0.5473699569702148
1789453835516913700,23.93391357421875,-1.0870455503463745,0.06844756007194519,-0.5854460000991821
1789453835526854000,23.94385400390625,-1.1007102727890015,0.10145783424377441,-0.5976914167404175
1789453835536792800,23.953792724609375,-1.041624903678894,0.07534847408533096,-0.6014717817306519
1789453835546732500,23.963732666015623,-0.965768039226532,-0.06289183348417282,-0.6206263303756714
1789453835556671700,23.973671630859375,-0.9216082692146301,-0.26205819845199585,-0.6665093898773193
1789453835566611700,23.98361181640625,-0.8681954741477966,-0.39774101972579956,-0.6900584697723389
1789453835576550700,23.993550537109375,-0.8864871263504028,-0.3904937505722046,-0.6817667484283447
1789453835586491000,24.003490966796875,-0.7733495831489563,-0.3002455532550812,-0.6319727301597595
1789453835596429800,24.013429931640626,-0.5925601124763489,-0.2173708826303482,-0.6244386434555054
1789453835606368800,24.02336865234375,-0.5580243468284607,-0.15677185356616974,-0.6515180468559265
1789453835616308700,24.033308837890626,-0.5870594382286072,-0.16608518362045288,-0.6883423924446106
1789453835626247700,24.04324755859375,-0.6934758424758911,-0.13989487290382385,-0.7488070726394653
1789453835636188000,24.05318798828125,-0.7840733528137207,-0.07815402001142502,-0.7608293294906616
1789453835646126800,24.063126953125,-0.8635110259056091,-0.010651994496583939,-0.7650644183158875
1789453835656066600,24.073066650390626,-1.0268298387527466,0.04162931814789772,-0.7754369378089905
1789453835666005800,24.083005859375,-1.1151014566421509,0.061892054975032806,-0.7792990207672119
1789453835675945700,24.09294580078125,-1.1488152742385864,0.08070089668035507,-0.7637535929679871
1789453835685884700,24.102884765625,-1.1596421003341675,0.10611861944198608,-0.767365574836731
1789453835695825000,24.112824951171874,-1.1040302515029907,0.0396122932434082,-0.8055092096328735
1789453835705763800,24.122763916015625,-1.0715795755386353,-0.0729207694530487,-0.8541932702064514
1789453835715703800,24.132703857421873,-1.060370683670044,-0.12057963013648987,-0.8634496331214905
1789453835725642800,24.142642822265625,-1.0560431480407715,-0.11946431547403336,-0.8586140871047974
1789453835735582700,24.152582763671877,-1.0557336807250977,-0.13627205789089203,-0.8477854132652283
1789453835745521700,24.162521728515625,-1.0449341535568237,-0.16437417268753052,-0.8338435292243958
1789453835755461600,24.172461669921876,-1.0293376445770264,-0.2610604763031006,-0.8624639511108398
1789453835765400600,24.182400634765624,-1.022148609161377,-0.30062317848205566,-0.9182500243186951
1789453835775340800,24.1923408203125,-1.063622236251831,-0.30783554911613464,-0.9298861622810364
1789453835785279700,24.20227978515625,-1.0779516696929932,-0.28078243136405945,-0.8661898374557495
1789453835795218700,24.21221875,-1.0760996341705322,-0.2762473225593567,-0.7736114263534546
1789453835805159000,24.222158935546876,-1.02040433883667,-0.3616850674152374,-0.7431060075759888
1789453835815097900,24.232097900390624,-0.9846876859664917,-0.4401729702949524,-0.7706271409988403
1789453835825037800,24.242037841796876,-0.9986836314201355,-0.42591652274131775,-0.7779998183250427
1789453835834976800,24.251976806640624,-1.0656732320785522,-0.368995726108551,-0.7234225869178772
1789453835844916700,24.261916748046875,-1.1456202268600464,-0.2635360062122345,-0.6794861555099487
1789453835854855700,24.271855712890623,-1.266319990158081,-0.11255235224962234,-0.5856203436851501
1789453835864795600,24.281795654296875,-1.242715835571289,-0.27074721455574036,-0.5613083839416504
1789453835874734800,24.29173486328125,-1.255117654800415,-0.49475526809692383,-0.5566784739494324
1789453835884674800,24.3016748046875,-1.2392138242721558,-0.5628981590270996,-0.45671525597572327
1789453835894613800,24.31161376953125,-1.1007590293884277,-0.6606367230415344,-0.40627577900886536
1789453835904553700,24.3215537109375,-1.0268317461013794,-0.46334922313690186,-0.28492406010627747
1789453835914493000,24.331492919921875,-0.882110059261322,-0.3680298924446106,-0.2975604832172394
1789453835924432600,24.3414326171875,-0.8277908563613892,-0.1489710509777069,-0.26048555970191956
1789453835934371600,24.35137158203125,-0.8380517363548279,-0.03797314688563347,-0.23445500433444977
1789453835944311800,24.361311767578126,-0.9642246961593628,0.11638125032186508,-0.15498648583889008
1789453835954250800,24.371250732421874,-0.9578658938407898,0.1180792823433876,-0.06164348125457764
1789453835964189700,24.381189697265626,-0.8006663918495178,-0.05045533925294876,0.02099025808274746
1789453835974129700,24.391129638671874,-0.6145162582397461,0.0040550390258431435,0.13035908341407776
1789453835984068900,24.40106884765625,-0.46671372652053833,0.1375795155763626,0.17787528038024902
1789453835994008800,24.4110087890625,-0.3398018777370453,0.39688244462013245,0.2373066544532776
1789453836003947800,24.42094775390625,-0.21902373433113098,0.4171609580516815,0.20016871392726898
1789453836013887700,24.4308876953125,-0.12231609970331192,0.40508511662483215,0.20002304017543793
1789453836023827000,24.440826904296873,-0.1211341843008995,0.5129114389419556,0.2549545466899872
1789453836033766700,24.4507666015625,-0.12318828701972961,0.6149184703826904,0.2923929989337921
1789453836043705600,24.46070556640625,-0.11094542592763901,0.6130539178848267,0.29192161560058594
1789453836053645800,24.470645751953125,-0.11952054500579834,0.48470208048820496,0.32272133231163025
1789453836063584800,24.480584716796876,-0.11469089984893799,0.34700629115104675,0.36352649331092834
1789453836073524700,24.490524658203125,-0.08666405826807022,0.22730331122875214,0.3987576961517334
1789453836083463700,24.500463623046876,-0.05854145437479019,0.06965488195419312,0.4038197100162506
1789453836093404000,24.51040380859375,-0.0832446739077568,-0.050755687057971954,0.4079103171825409
1789453836103342800,24.5203427734375,-0.061250656843185425,-0.12659434974193573,0.4473211467266083
1789453836113282600,24.530282470703124,0.0410245843231678,-0.17100735008716583,0.43086814880371094
1789453836123221800,24.5402216796875,0.15762977302074432,-0.1777600646018982,0.42460519075393677
1789453836133160700,24.55016064453125,0.32720947265625,-0.10371620208024979,0.43088385462760925
1789453836143100700,24.5601005859375,0.5423951745033264,-0.013211525976657867,0.39435648918151855
1789453836153039600,24.57003955078125,0.7187369465827942,0.15691040456295013,0.40768349170684814
1789453836162979800,24.579979736328124,0.9061636924743652,0.3200627863407135,0.4598565697669983
1789453836172918800,24.589918701171875,1.080854892730713,0.38550278544425964,0.475084513425827
1789453836182858800,24.599858642578123,1.2342649698257446,0.4263076186180115,0.4643869698047638
1789453836192797700,24.609797607421875,1.3695505857467651,0.4713083803653717,0.4595376253128052
1789453836202738000,24.619738037109375,1.4433016777038574,0.5052662491798401,0.4897697865962982
1789453836212676900,24.6296767578125,1.4691814184188843,0.5419206619262695,0.528602659702301
1789453836222616600,24.639616455078126,1.4380677938461304,0.4284875690937042,0.5213781595230103
1789453836232555800,24.6495556640625,1.3533315658569336,0.3951064348220825,0.6159893870353699
1789453836242495700,24.659495849609375,1.3916341066360474,0.49128708243370056,0.7002425789833069
1789453836252434700,24.6694345703125,1.5598872900009155,0.5688226222991943,0.7190048098564148
1789453836262375000,24.679375,1.6865171194076538,0.5979962348937988,0.7871460318565369
1789453836272313900,24.68931396484375,1.7806562185287476,0.6515673398971558,0.8420026302337646
1789453836282252800,24.699252685546874,1.8479256629943848,0.633997917175293,0.771842896938324
1789453836292191700,24.709191650390625,1.7506928443908691,0.5844343304634094,0.7383373975753784
1789453836302131000,24.719130859375,1.642754316329956,0.5198343396186829,0.7500840425491333
1789453836312071000,24.72907080078125,1.5946112871170044,0.44583895802497864,0.7456868886947632
1789453836322009900,24.739009765625,1.5918726921081543,0.36620667576789856,0.720111608505249
1789453836331949800,24.74894970703125,1.6064226627349854,0.29167813062667847,0.7342867851257324
1789453836341889000,24.758888916015625,1.6421374082565308,0.21007508039474487,0.7535032629966736
1789453836351828700,24.768828857421877,1.6635289192199707,0.11599519103765488,0.6462497711181641
1789453836361767700,24.778767578125,1.6274197101593018,0.06939816474914551,0.5660839676856995
1789453836371708000,24.7887080078125,1.5743080377578735,0.08364740759134293,0.5482927560806274
1789453836381646800,24.798646728515624,1.5502233505249023,0.16176503896713257,0.535711944103241
1789453836391586800,24.8085869140625,1.5682909488677979,0.16859552264213562,0.5871298313140869
1789453836401525800,24.81852587890625,1.6071611642837524,0.08670011162757874,0.5428691506385803
1789453836411466000,24.828466064453124,1.6185195446014404,0.06799300760030746,0.45066148042678833
1789453836421405000,24.838405029296876,1.608275294303894,0.07255663722753525,0.4526938498020172
1789453836431344600,24.8483447265625,1.6105890274047852,-0.09613410383462906,0.4334045648574829
1789453836441283800,24.858283935546876,1.5808773040771484,-0.15840674936771393,0.3783728778362274
1789453836451222800,24.868222900390624,1.55107843875885,-0.10495790094137192,0.3854813873767853
1789453836461162800,24.878162841796875,1.5265263319015503,-0.06764467805624008,0.4510917663574219
1789453836471101700,24.888101806640623,1.5520577430725098,0.008429314941167831,0.46518707275390625
1789453836481042000,24.8980419921875,1.574898600578308,0.10450887680053711,0.4432559013366699
1789453836490980900,24.90798095703125,1.577972650527954,0.10586708784103394,0.41298508644104004
1789453836500920800,24.9179208984375,1.5278990268707275,0.0077703832648694515,0.4282076358795166
1789453836510859800,24.92785986328125,1.4386283159255981,-0.023360904306173325,0.447785347700119
1789453836520800000,24.937800048828127,1.3503416776657104,-0.007723692804574966,0.5054730772972107
1789453836530739000,24.947739013671875,1.3445065021514893,0.11139869689941406,0.5077897906303406
1789453836540678700,24.9576787109375,1.3707209825515747,0.18485204875469208,0.4650290012359619
1789453836550617900,24.967617919921874,1.3757447004318237,0.13043248653411865,0.3979716897010803
1789453836560557800,24.977557861328126,1.3120498657226562,-0.03279421105980873,0.32000696659088135
1789453836570496800,24.987496826171874,1.141409993171692,-0.1103353425860405,0.2651969790458679
1789453836580437000,24.99743701171875,0.9171397089958191,-0.04269377142190933,0.2879762649536133
1789453836590376000,25.0073759765625,0.758593738079071,-0.04916898161172867,0.31442731618881226
1789453836600315000,25.01731494140625,0.691687822341919,-0.011941328644752502,0.25299927592277527
1789453836610254800,25.0272548828125,0.6525446772575378,-0.14405621588230133,0.11198649555444717
1789453836620194000,25.037194091796874,0.5204372406005859,-0.30460280179977417,0.016824709251523018
1789453836630133800,25.0471337890625,0.3027230203151703,-0.2924526631832123,0.001558938529342413
1789453836640072700,25.05707275390625,0.10438072681427002,-0.27134695649147034,-0.003659497480839491
1789453836650012700,25.0670126953125,-0.04918592795729637,-0.2140655666589737,-0.014414140954613686
1789453836659951900,25.076951904296877,-0.16931326687335968,-0.25851038098335266,-0.015939706936478615
1789453836669891800,25.086891845703125,-0.2874199151992798,-0.24802446365356445,-0.022567247971892357
1789453836679830800,25.096830810546876,-0.3868533670902252,-0.20317873358726501,-0.021671747788786888
1789453836689771000,25.10677099609375,-0.4760042726993561,-0.2776263356208801,-0.030121425166726112
1789453836699710000,25.1167099609375,-0.5754202008247375,-0.3306531012058258,-0.05471165105700493
1789453836709650000,25.12664990234375,-0.6461688876152039,-0.35005661845207214,-0.10709363222122192
1789453836719588900,25.1365888671875,-0.6987925171852112,-0.2742079496383667,-0.1670662760734558
1789453836729528800,25.14652880859375,-0.761343777179718,-0.1301908791065216,-0.18463727831840515
1789453836739467800,25.1564677734375,-0.850217878818512,0.014463400468230247,-0.18674354255199432
1789453836749406700,25.16640673828125,-0.9151340126991272,0.052418772131204605,-0.19044214487075806
1789453836759347000,25.176346923828124,-0.9534210562705994,0.017816126346588135,-0.22415105998516083
1789453836769286000,25.186285888671875,-0.96771639585495,-0.06732034683227539,-0.21342943608760834
1789453836779225900,25.196225830078124,-0.9675104022026062,-0.15086764097213745,-0.15824462473392487
1789453836789164800,25.206164794921875,-0.9723895788192749,-0.1163829043507576,-0.061303962022066116
1789453836799105000,25.21610498046875,-0.9416681528091431,-0.08545790612697601,0.037331175059080124
1789453836809044000,25.2260439453125,-0.850233793258667,-0.15472325682640076,0.055941078811883926
1789453836818983700,25.235983642578127,-0.7870382070541382,-0.18903425335884094,-0.005046667996793985
1789453836828922600,25.245922607421875,-0.7478958964347839,-0.1476985365152359,-0.07693098485469818
1789453836838862800,25.25586279296875,-0.7083118557929993,-0.0593886524438858,-0.10087886452674866
1789453836848801800,25.2658017578125,-0.6669907569885254,0.02673611231148243,-0.1263493299484253
1789453836858741800,25.27574169921875,-0.6597119569778442,0.0923360213637352,-0.2150021344423294
1789453836868681000,25.285680908203126,-0.6968942284584045,0.18200519680976868,-0.3264133334159851
1789453836878620000,25.295619873046874,-0.7373611330986023,0.29068607091903687,-0.418990820646286
1789453836888559900,25.305559814453126,-0.7542711496353149,0.30346500873565674,-0.5001255869865417
1789453836898498800,25.315498779296874,-0.797219455242157,0.22275084257125854,-0.591530978679657
1789453836908439000,25.32543896484375,-0.8570753335952759,0.12720248103141785,-0.6802437901496887
1789453836918378000,25.3353779296875,-0.8956719636917114,0.04633273929357529,-0.7458630800247192
1789453836928317700,25.345317626953126,-0.9613825082778931,-0.04759056121110916,-0.7856035232543945
1789453836938256600,25.355256591796874,-1.0330795049667358,-0.09593842178583145,-0.770723819732666
1789453836948196900,25.36519677734375,-1.0561357736587524,-0.13114593923091888,-0.7283891439437866
1789453836958135800,25.3751357421875,-1.0277503728866577,-0.14296790957450867,-0.7180285453796387
1789453836968075800,25.38507568359375,-0.9449931383132935,-0.07934419065713882,-0.7281730771064758
1789453836978015000,25.395014892578125,-0.8390190601348877,-0.046974267810583115,-0.7610183358192444
1789453836987955000,25.404954833984377,-0.776472806930542,-0.13478215038776398,-0.814983069896698
1789453836997894000,25.414893798828125,-0.7960284948348999,-0.2046482264995575,-0.8684180378913879
1789453837007833900,25.424833740234376,-0.8007529377937317,-0.11932773888111115,-0.838448703289032
1789453837017772800,25.434772705078124,-0.7422571778297424,0.045012325048446655,-0.7179996371269226
1789453837027711700,25.444711669921876,-0.6648896932601929,0.10720539093017578,-0.6531170606613159
1789453837037651700,25.454651611328124,-0.6208387613296509,-0.000021889805793762207,-0.6936615705490112
1789453837047590700,25.464590576171876,-0.6518493890762329,-0.1080266535282135,-0.7696852087974548
1789453837057531000,25.47453076171875,-0.7366542220115662,0.062014780938625336,-0.7441866397857666
1789453837067469800,25.4844697265625,-0.8236218690872192,0.3170500099658966,-0.6399022936820984
1789453837077409800,25.494409912109376,-0.9275439977645874,0.45034196972846985,-0.6215617656707764
1789453837087349000,25.504348876953124,-0.9577924609184265,0.35783812403678894,-0.6995052695274353
1789453837097289000,25.5142890625,-0.9625347852706909,0.14952948689460754,-0.7945098280906677
1789453837107228000,25.524227783203123,-1.0153779983520508,0.09062382578849792,-0.8019430041313171
1789453837117167900,25.53416796875,-1.1521276235580444,0.11090067028999329,-0.72398841381073
1789453837127106800,25.54410693359375,-1.3018919229507446,0.16179074347019196,-0.6772030591964722
1789453837137046800,25.554046875,-1.3777940273284912,0.14528043568134308,-0.7256823778152466
1789453837146985700,25.56398583984375,-1.388070821762085,0.03253285959362984,-0.850666880607605
1789453837156925000,25.573925048828126,-1.3455718755722046,-0.05128933861851692,-0.927926778793335
1789453837166865000,25.583864990234375,-1.2651093006134033,-0.18253178894519806,-0.8939539194107056
1789453837176803800,25.593803955078126,-1.2042675018310547,-0.29779037833213806,-0.8060478568077087
1789453837186743800,25.603743896484374,-1.1781057119369507,-0.2938350439071655,-0.8212235569953918
1789453837196683000,25.61368310546875,-1.141080617904663,-0.25125589966773987,-0.7886048555374146
1789453837206622700,25.623622802734374,-1.0900800228118896,-0.2616105377674103,-0.7492499947547913
1789453837216562000,25.63356201171875,-1.068893313407898,-0.27833977341651917,-0.6533150672912598
1789453837226502000,25.643501953125,-1.0197343826293945,-0.42719343304634094,-0.6445292830467224
1789453837236440800,25.65344091796875,-1.0091112852096558,-0.4844353199005127,-0.7684552073478699
1789453837246380800,25.663380859375,-1.0577694177627563,-0.351864755153656,-0.8115105628967285
1789453837256319700,25.67331982421875,-1.1420831680297852,-0.25291603803634644,-0.7617465257644653
1789453837266260000,25.683260009765625,-1.121772050857544,-0.40355563163757324,-0.7363319993019104
1789453837276199000,25.693198974609373,-1.1357958316802979,-0.3656333386898041,-0.608033299446106
1789453837286139000,25.703138916015625,-0.9725602865219116,-0.4589212238788605,-0.5469984412193298
1789453837296078600,25.71307861328125,-0.8397493958473206,-0.5803901553153992,-0.5599374771118164
1789453837306017500,25.723017578125,-0.8185762166976929,-0.5637688040733337,-0.5193146467208862
1789453837315957500,25.73295751953125,-0.8299393653869629,-0.39314591884613037,-0.41168737411499023
1789453837325896400,25.742896484375,-0.8125462532043457,-0.30888909101486206,-0.3715095818042755
1789453837335836700,25.752836669921876,-0.7718170285224915,-0.2684380114078522,-0.35294678807258606
1789453837345775600,25.762775634765624,-0.7981703877449036,-0.11210326105356216,-0.24480566382408142
1789453837355715600,25.772715576171876,-0.75625079870224,-0.1644776612520218,-0.18366046249866486
1789453837365654800,25.78265478515625,-0.6130326390266418,-0.2848019301891327,-0.2544017434120178
1789453837375594500,25.792594482421876,-0.47366026043891907,-0.2064102292060852,-0.20253786444664001
1789453837385533700,25.80253369140625,-0.3574620187282562,-0.0836704671382904,-0.05260748788714409
1789453837395473400,25.812473388671876,-0.23454073071479797,-0.055109359323978424,-0.0036611235700547695
1789453837405412600,25.82241259765625,-0.13296829164028168,0.06963976472616196,0.07044772803783417
1789453837415352600,25.8323525390625,-0.03130181133747101,0.15259920060634613,0.1327594816684723
1789453837425291500,25.84229150390625,-0.07088170945644379,0.14931020140647888,0.20786088705062866
1789453837435230500,25.85223046875,-0.11835379153490067,0.12539926171302795,0.3082408308982849
1789453837445170700,25.862170654296875,-0.13266827166080475,0.03603477030992508,0.2915177643299103
1789453837455109600,25.872109619140623,-0.18468540906906128,0.06324565410614014,0.30969029664993286
1789453837465049600,25.882049560546875,-0.1656254380941391,0.06900287419557571,0.35497230291366577
1789453837474988800,25.89198876953125,-0.17796708643436432,0.007335940841585398,0.3514505922794342
1789453837484928500,25.901928466796875,-0.16407178342342377,0.00800306349992752,0.43024927377700806
1789453837494867500,25.911867431640626,-0.14275214076042175,-0.004201116971671581,0.4579295217990875
1789453837504807700,25.9218076171875,-0.10870388895273209,0.02082141302525997,0.4850192070007324
1789453837514746600,25.93174658203125,-0.075960174202919,0.05016415938735008,0.5203224420547485
1789453837524686600,25.9416865234375,0.016663506627082825,0.0724545493721962,0.5386572480201721
1789453837534625500,25.95162548828125,0.16631720960140228,0.050200287252664566,0.5147021412849426
1789453837544565800,25.961565673828126,0.2912628948688507,0.07636957615613937,0.531035840511322
1789453837554504700,25.971504638671874,0.47754910588264465,0.20792390406131744,0.5932477712631226
1789453837564444400,25.9814443359375,0.7042826414108276,0.273909330368042,0.6807754635810852
1789453837574383600,25.991383544921874,0.8784085512161255,0.21063537895679474,0.7312145829200745
1789453837584322800,26.00132275390625,0.9351187348365784,0.13198024034500122,0.7520277500152588
1789453837594262500,26.011262451171874,0.8999476432800293,0.17985199391841888,0.8332757353782654
1789453837604201500,26.021201416015625,0.9208097457885742,0.19338537752628326,0.8972368836402893
1789453837614141700,26.0311416015625,0.9858364462852478,0.19563646614551544,0.8873487114906311
1789453837624080600,26.04108056640625,1.0541023015975952,0.2513974905014038,0.8495038151741028
1789453837634020600,26.0510205078125,1.0918419361114502,0.34605488181114197,0.8519102334976196
1789453837643959600,26.06095947265625,1.1526224613189697,0.3569336235523224,0.8646923303604126
1789453837653899800,26.070899658203125,1.2400500774383545,0.34128156304359436,0.8960751295089722
1789453837663838700,26.080838623046876,1.3593610525131226,0.3793383836746216,0.9318462014198303
1789453837673778400,26.0907783203125,1.5225930213928223,0.4352055490016937,0.9287593364715576
1789453837683717400,26.10071728515625,1.6515007019042969,0.4830700159072876,0.8955926299095154
1789453837693657600,26.11065771484375,1.6953644752502441,0.5221535563468933,0.841911256313324
1789453837703596500,26.120596435546876,1.6978164911270142,0.5222504734992981,0.8017419576644897
1789453837713535500,26.130535400390624,1.6815115213394165,0.4587719440460205,0.7604862451553345
1789453837723475700,26.140475830078124,1.6872258186340332,0.3969562351703644,0.6879057288169861
1789453837733414700,26.15041455078125,1.6924030780792236,0.3878072202205658,0.6696369647979736
1789453837743354600,26.160354736328124,1.7206171751022339,0.36884525418281555,0.6978707313537598
1789453837753293600,26.17029345703125,1.7994483709335327,0.2993146479129791,0.681553304195404
1789453837763233500,26.180233642578123,1.8153681755065918,0.21675851941108704,0.6255795359611511
1789453837773172700,26.1901728515625,1.8107725381851196,0.20200935006141663,0.5641778707504272
1789453837783112400,26.200112548828123,1.8467854261398315,0.20034566521644592,0.4853173792362213
1789453837793051400,26.210051513671875,1.8601746559143066,0.1499776393175125,0.4162837862968445
1789453837802991600,26.21999169921875,1.8377039432525635,0.0685778483748436,0.42855748534202576
1789453837812930600,26.2299306640625,1.8250880241394043,-0.03714437037706375,0.4007427990436554
1789453837822869500,26.239869384765626,1.7564690113067627,0.009213011711835861,0.4007377326488495
1789453837832809700,26.249809814453126,1.6499146223068237,0.07626111060380936,0.551887571811676
1789453837842748700,26.259748779296874,1.5850919485092163,0.06797734647989273,0.62040776014328
1789453837852688600,26.269688720703126,1.5597811937332153,0.09840326756238937,0.620709240436554
1789453837862627600,26.279627685546874,1.5555206537246704,0.03515559062361717,0.5881693959236145
1789453837872567600,26.289567626953126,1.5111933946609497,0.0037177735939621925,0.5554521679878235
1789453837882506500,26.299506591796874,1.4251705408096313,0.04103824868798256,0.5866290330886841
1789453837892446500,26.309446533203126,1.3703869581222534,0.013161038979887962,0.5337395668029785
1789453837902385700,26.3193857421875,1.3183592557907104,-0.010060127824544907,0.43197083473205566
1789453837912325600,26.32932568359375,1.2840317487716675,0.00784334447234869,0.424669474363327
1789453837922264600,26.3392646484375,1.2619448900222778,0.03280914947390556,0.529697597026825
1789453837932204500,26.34920458984375,1.234449863433838,0.0766553059220314,0.5730752348899841
1789453837942143700,26.359143798828125,1.2083202600479126,0.10642838478088379,0.4912165701389313
1789453837952082700,26.369082763671877,1.1740227937698364,0.059989020228385925,0.3830612301826477
1789453837962022700,26.379022705078125,1.1305725574493408,0.017732910811901093,0.3677118122577667
1789453837971961600,26.388961669921876,1.0368067026138306,0.015836825594305992,0.4389386475086212
1789453837981901600,26.398901611328125,0.9222926497459412,0.003306386061012745,0.5099195837974548
1789453837991840500,26.408840576171876,0.8694266080856323,0.01956571266055107,0.5232527256011963
1789453838001780500,26.418780517578124,0.7927834987640381,-0.05434126779437065,0.47186216711997986
1789453838011719700,26.4287197265625,0.6218602061271667,0.030001576989889145,0.3965170979499817
1789453838021659600,26.43865966796875,0.4574180245399475,0.12890951335430145,0.3052060902118683
1789453838031598600,26.4485986328125,0.3275805115699768,0.005543265491724014,0.1981281340122223
1789453838041538600,26.45853857421875,0.21915312111377716,-0.09165465831756592,0.11432751268148422
1789453838051477800,26.468477783203124,0.09575098007917404,-0.06568844616413116,0.09476836025714874
1789453838061417500,26.47841748046875,-0.021634772419929504,-0.16563448309898376,0.07465590536594391
1789453838071356400,26.4883564453125,-0.12154265493154526,-0.2888665795326233,0.025496385991573334
1789453838081295600,26.498295654296875,-0.251013845205307,-0.34575942158699036,-0.05456169694662094
1789453838091235600,26.508235595703123,-0.39819344878196716,-0.31621578335762024,-0.10774165391921997
1789453838101174500,26.518174560546875,-0.5176833868026733,-0.3031412661075592,-0.13304434716701508
1789453838111114500,26.528114501953127,-0.5784101486206055,-0.3772526979446411,-0.14584513008594513
1789453838121053700,26.5380537109375,-0.6011942625045776,-0.18310265243053436,-0.1465766876935959
1789453838130993700,26.54799365234375,-0.6473856568336487,-0.1781461536884308,-0.19744597375392914
1789453838140932600,26.5579326171875,-0.6934589147567749,-0.21931569278240204,-0.30257290601730347
1789453838150872800,26.567872802734374,-0.7610046863555908,-0.007867613807320595,-0.35135549306869507
1789453838160811800,26.577811767578126,-0.7983115315437317,0.09016840904951096,-0.29239872097969055
1789453838170751500,26.58775146484375,-0.8515688180923462,0.12040683627128601,-0.28002408146858215
1789453838180690400,26.5976904296875,-0.9064807891845703,0.1498693823814392,-0.2882431447505951
1789453838190629400,26.60762939453125,-0.9628474712371826,0.07812723517417908,-0.3197023868560791
1789453838200569600,26.617569580078126,-1.025064468383789,-0.042582400143146515,-0.33683130145072937
1789453838210508500,26.627508544921874,-1.0819021463394165,-0.12104538828134537,-0.2812160551548004
1789453838220448500,26.637448486328125,-1.089306354522705,-0.14201699197292328,-0.1816742867231369
1789453838230387700,26.6473876953125,-1.027161955833435,-0.08880250155925751,-0.09715115278959274
1789453838240327700,26.65732763671875,-0.9243896007537842,-0.016124302521348,-0.07938440889120102
1789453838250266600,26.6672666015625,-0.8445969223976135,0.13279350101947784,-0.09749031066894531
1789453838260206600,26.67720654296875,-0.7605786919593811,0.24602364003658295,-0.08956580609083176
1789453838270145500,26.6871455078125,-0.6896438598632812,0.17755798995494843,-0.11622336506843567
1789453838280085500,26.69708544921875,-0.642358660697937,0.1198161318898201,-0.16986368596553802
1789453838290024400,26.7070244140625,-0.6639878749847412,0.14580324292182922,-0.23733294010162354
1789453838299964700,26.716964599609376,-0.7179970741271973,0.13298171758651733,-0.2953382134437561
1789453838309903600,26.726903564453124,-0.7583988308906555,0.09576146304607391,-0.34065109491348267
1789453838319842600,26.736842529296876,-0.7513600587844849,-0.05390205979347229,-0.38180091977119446
1789453838329782500,26.746782470703124,-0.7369614243507385,-0.314290314912796,-0.4638523757457733
1789453838339721700,26.7567216796875,-0.7891223430633545,-0.4517728388309479,-0.5735071897506714
1789453838349661700,26.76666162109375,-0.8591617941856384,-0.4509281814098358,-0.6633598208427429
1789453838359600600,26.7766005859375,-0.9687607288360596,-0.3884507119655609,-0.7022305130958557
1789453838369540600,26.78654052734375,-1.0744973421096802,-0.33494216203689575,-0.7027387619018555
1789453838379479600,26.7964794921875,-1.0996026992797852,-0.3394695222377777,-0.7155222296714783
1789453838389419500,26.80641943359375,-1.0312812328338623,-0.33078429102897644,-0.7539728283882141
1789453838399358500,26.8163583984375,-0.9170766472816467,-0.3029758036136627,-0.7614179253578186
1789453838409298700,26.826298583984375,-0.8049017786979675,-0.2882139980792999,-0.7155905961990356
1789453838419237600,26.836237548828127,-0.7627421021461487,-0.27206993103027344,-0.6660027503967285
1789453838429176600,26.846176513671875,-0.7739216685295105,-0.21649609506130219,-0.6482356190681458
1789453838439116500,26.856116455078126,-0.7915337085723877,-0.2094525694847107,-0.6711500287055969
1789453838449055700,26.8660556640625,-0.8265810608863831,-0.33974799513816833,-0.736614465713501
1789453838458995500,26.875995361328126,-0.8241099119186401,-0.42896148562431335,-0.786065399646759
1789453838468934700,26.8859345703125,-0.8643073439598083,-0.38107338547706604,-0.801051914691925
1789453838478874600,26.89587451171875,-0.9250809550285339,-0.15921634435653687,-0.7972608804702759
1789453838488813600,26.9058134765625,-0.9583016633987427,-0.05768227577209473,-0.7683141231536865
1789453838498753500,26.91575341796875,-1.0527304410934448,-0.004724254831671715,-0.7417389750480652
1789453838508692500,26.9256923828125,-1.1786717176437378,-0.01611173525452614,-0.7439015507698059
1789453838518632700,26.9356328125,-1.2554740905761719,-0.13973061740398407,-0.7645740509033203
1789453838528571600,26.945571533203125,-1.279469609260559,-0.24296867847442627,-0.8017911911010742
1789453838538511600,26.95551171875,-1.2503795623779297,-0.2572146952152252,-0.8972993493080139
1789453838548450800,26.965450927734373,-1.152718186378479,-0.21454493701457977,-0.9837221503257751
1789453838558389800,26.9753896484375,-1.0622036457061768,-0.21021996438503265,-1.026341199874878
1789453838568329500,26.98532958984375,-1.0076671838760376,-0.24967896938323975,-1.0154707431793213
1789453838578268400,26.995268310546876,-1.0394760370254517,-0.28082355856895447,-0.9972181916236877
1789453838588208600,27.005208740234377,-1.066981315612793,-0.28567102551460266,-0.9505540728569031
1789453838598147600,27.015147705078125,-1.133758544921875,-0.21689702570438385,-0.8720584511756897
1789453838608087600,27.025087646484376,-1.189972162246704,-0.11584384739398956,-0.8030438423156738
1789453838618026500,27.035026611328124,-1.1435457468032837,-0.06331326812505722,-0.7606047987937927
1789453838627966700,27.044966796875,-1.073922038078308,-0.06329678744077682,-0.7666064500808716
1789453838637905700,27.05490576171875,-0.8809528946876526,-0.0963900238275528,-0.8586125373840332
1789453838647845600,27.064845703125,-0.8433069586753845,0.0034886891953647137,-0.8731916546821594
1789453838657784600,27.07478466796875,-0.8502037525177002,0.05046525225043297,-0.812709391117096
1789453838667723800,27.084723876953124,-0.9779980182647705,0.04973488673567772,-0.6701483726501465
1789453838677663500,27.09466357421875,-1.1123273372650146,-0.0461714044213295,-0.515300452709198
1789453838687602400,27.1046025390625,-1.197660207748413,-0.3127405047416687,-0.4156847298145294
1789453838697542700,27.114542724609375,-1.2912801504135132,-0.5562503337860107,-0.29572156071662903
1789453838707481600,27.124481689453123,-1.3631733655929565,-0.7286939024925232,-0.21138443052768707
1789453838717421600,27.134421630859375,-1.2872098684310913,-0.9628414511680603,-0.19836610555648804
1789453838727360500,27.144360595703127,-1.1615667343139648,-0.894499659538269,-0.16105493903160095
1789453838737300700,27.15430078125,-0.9777117371559143,-0.9034901857376099,-0.1785692274570465
1789453838747239700,27.16423974609375,-0.8675408959388733,-0.7841646075248718,-0.2138286679983139
1789453838757179400,27.174179443359375,-0.7544801235198975,-0.5922215580940247,-0.25658732652664185
1789453838767118600,27.18411865234375,-0.6697781682014465,-0.32078540325164795,-0.23566217720508575
1789453838777057500,27.1940576171875,-0.630668580532074,0.03788328543305397,-0.17476420104503632
1789453838786997500,27.20399755859375,-0.4711075723171234,0.14769800007343292,-0.1814108043909073
1789453838796936400,27.2139365234375,-0.3789142668247223,0.3975142240524292,-0.12277571856975555
1789453838806876700,27.223876708984374,-0.3244314193725586,0.41998669505119324,-0.043707117438316345
1789453838816815600,27.233815673828126,-0.27396875619888306,0.3885755240917206,-0.034797511994838715
1789453838826755600,27.243755615234374,-0.20617598295211792,0.4019598662853241,0.030924823135137558
1789453838836694500,27.253694580078125,-0.13902810215950012,0.45465609431266785,0.05602511763572693
1789453838846634800,27.263634765625,-0.0031233716290444136,0.7117305397987366,0.15006732940673828
1789453838856573700,27.27357373046875,0.12622742354869843,0.8717668056488037,0.1993294209241867
1789453838866513400,27.283513427734373,0.23322661221027374,0.9913647770881653,0.24844707548618317
1789453838876452600,27.29345263671875,0.2740265130996704,0.9493169188499451,0.33226343989372253
1789453838886392600,27.303392578125,0.25584521889686584,0.7802916765213013,0.442060649394989
1789453838896331500,27.31333154296875,0.17809610068798065,0.4454215168952942,0.4828836917877197
1789453838906270500,27.3232705078125,0.0937565267086029,0.05836356058716774,0.49385371804237366
1789453838916210700,27.333210693359376,0.054517507553100586,-0.08957769721746445,0.55461585521698
1789453838926149600,27.343149658203124,0.07866864651441574,-0.21460747718811035,0.5397473573684692
1789453838936089600,27.353089599609376,0.11516274511814117,-0.24997025728225708,0.532805860042572
1789453838946028800,27.36302880859375,0.13370895385742188,-0.23062370717525482,0.5520308017730713
1789453838955968500,27.372968505859376,0.11361488699913025,-0.2441783994436264,0.5952140092849731
1789453838965907500,27.382907470703124,0.11089157313108444,-0.27372869849205017,0.6382510662078857
1789453838975847400,27.392847412109376,0.15245552361011505,-0.25208571553230286,0.6821995973587036
1789453838985786600,27.40278662109375,0.2763049900531769,-0.14438384771347046,0.7613052725791931
1789453838995726600,27.4127265625,0.49534785747528076,0.10030899941921234,0.8654367327690125
1789453839005665500,27.42266552734375,0.8297675251960754,0.32876884937286377,0.9121578335762024
1789453839015604500,27.4326044921875,1.1315830945968628,0.5861865282058716,0.9332647323608398
1789453839025544700,27.442544677734375,1.2827813625335693,0.8014388084411621,0.9775269627571106
1789453839035483600,27.452483642578127,1.3329415321350098,0.9124532341957092,0.9808689951896667
1789453839045423600,27.462423583984375,1.26350998878479,0.8644058704376221,0.9927850961685181
1789453839055362800,27.47236279296875,1.1071231365203857,0.7284911870956421,0.998024046421051
1789453839065302500,27.482302490234375,0.9986729621887207,0.5178033113479614,0.9609066247940063
1789453839075241500,27.492241455078126,0.9699340462684631,0.37816688418388367,0.8997132778167725
1789453839085181700,27.502181640625,1.0271730422973633,0.4360596239566803,0.9098925590515137
1789453839095120600,27.51212060546875,1.175286054611206,0.6099637746810913,0.9167104959487915
1789453839105060600,27.522060546875,1.3576228618621826,0.6707688570022583,0.8277071714401245
1789453839114999600,27.53199951171875,1.4554364681243896,0.6327692866325378,0.7182698845863342
1789453839124939800,27.541939697265626,1.4606859683990479,0.5580562949180603,0.6140413284301758
1789453839134878700,27.551878662109374,1.4506224393844604,0.4823695123195648,0.4894954264163971
1789453839144817700,27.561817626953125,1.4247026443481445,0.4830769896507263,0.45470401644706726
1789453839154757400,27.57175732421875,1.4543037414550781,0.3896317183971405,0.4920511245727539
1789453839164696600,27.581696533203125,1.5329532623291016,0.2937164008617401,0.5651622414588928
1789453839174636500,27.591636474609373,1.6474652290344238,0.1922726184129715,0.6616557836532593
1789453839184575500,27.601575439453125,1.7189786434173584,0.05771760642528534,0.7337369918823242
1789453839194515700,27.611515625,1.7104735374450684,0.02155374176800251,0.8054652214050293
1789453839204454700,27.62145458984375,1.6950408220291138,0.04742928221821785,0.8050119876861572
1789453839214394600,27.63139453125,1.6890273094177246,0.05521503463387489,0.7748860120773315
1789453839224333600,27.64133349609375,1.7070258855819702,-0.023550033569335938,0.7519688606262207
1789453839234273800,27.651273681640625,1.718544602394104,0.056986887007951736,0.7637631893157959
1789453839244212700,27.661212646484376,1.7551844120025635,0.24634934961795807,0.8272084593772888
1789453839254151700,27.671151611328124,1.815843939781189,0.2991603910923004,0.8565461039543152
1789453839264091400,27.68109130859375,1.8156946897506714,0.1994139701128006,0.759264349937439
1789453839274030600,27.691030517578124,1.7378484010696411,-0.005855563096702099,0.5614500641822815
1789453839283970600,27.700970458984376,1.6315081119537354,-0.1707187294960022,0.3930959403514862
1789453839293909500,27.710909423828124,1.4302748441696167,-0.2273780107498169,0.3664446175098419
1789453839303849500,27.720849365234375,1.1615147590637207,-0.1435087025165558,0.517978847026825
1789453839313788400,27.730788330078123,1.1006524562835693,0.04097912460565567,0.6458017826080322
1789453839323728600,27.740728759765624,1.3038482666015625,0.16992130875587463,0.5631294846534729
1789453839333667600,27.75066748046875,1.561416745185852,0.17044275999069214,0.406375527381897
1789453839343607600,27.760607666015623,1.5704123973846436,0.10269436240196228,0.35734933614730835
1789453839353546500,27.77054638671875,1.290391445159912,0.02304001897573471,0.4261643588542938
1789453839363486500,27.780486572265627,0.9303680658340454,0.016992677003145218,0.5664312243461609
1789453839373425400,27.79042529296875,0.8508918881416321,0.15695138275623322,0.6750767230987549
1789453839383364400,27.8003642578125,1.0381680727005005,0.21589474380016327,0.6810916066169739
1789453839393304600,27.8103046875,1.2805769443511963,0.2520327866077423,0.632074773311615
1789453839403243500,27.820243408203126,1.3723371028900146,0.032053954899311066,0.5433840751647949
1789453839413183500,27.83018359375,1.2651687860488892,-0.1746283769607544,0.47844502329826355
1789453839423122400,27.840122314453126,1.0303466320037842,-0.09789911657571793,0.5404329299926758
1789453839433062700,27.850062744140626,0.9026501178741455,-0.06576461344957352,0.6844332218170166
1789453839443001600,27.860001708984374,0.8644803762435913,-0.010820189490914345,0.7696816921234131
1789453839452941300,27.86994140625,0.7392672896385193,0.005154781509190798,0.7085860967636108
1789453839462880300,27.87988037109375,0.6071315407752991,-0.04855986312031746,0.5112078785896301
1789453839472820500,27.889820556640625,0.5260398387908936,-0.26679685711860657,0.22575242817401886
1789453839482759400,27.899759521484373,0.42589062452316284,-0.4548220634460449,0.04678132385015488
1789453839492699400,27.909699462890625,0.3325982391834259,-0.41548746824264526,0.01998220384120941
1789453839502638600,27.919638671875,0.14913320541381836,-0.13811327517032623,0.017772894352674484
1789453839512577500,27.92957763671875,-0.11597035825252533,0.2634357511997223,-0.014072653837502003
1789453839522517500,27.939517578125,-0.2229781448841095,0.5143718719482422,-0.05962882936000824
1789453839532456400,27.94945654296875,-0.2736045718193054,0.4701346457004547,-0.17318974435329437
1789453839542396700,27.959396728515625,-0.3173612952232361,0.14522267878055573,-0.31349942088127136
1789453839552335600,27.969335693359376,-0.34959086775779724,-0.20036055147647858,-0.41723939776420593
1789453839562275300,27.979275390625,-0.40597984194755554,-0.36236628890037537,-0.4756118059158325
1789453839572214300,27.98921435546875,-0.497096449136734,-0.325562983751297,-0.5063009858131409
1789453839582154500,27.999154541015624,-0.6521737575531006,-0.12095341831445694,-0.5456753969192505
1789453839592093400,28.009093505859376,-0.7720226645469666,0.06147178262472153,-0.6004888415336609
1789453839602033400,28.019033447265624,-0.89777672290802,0.20176663994789124,-0.699634850025177
1789453839611972600,28.02897265625,-1.0164296627044678,0.2743343114852905,-0.7510018944740295
1789453839621912600,28.03891259765625,-1.122380256652832,0.36555972695350647,-0.7528244853019714
1789453839631851500,28.0488515625,-1.28391432762146,0.46723440289497375,-0.6859335899353027
1789453839641791500,28.05879150390625,-1.4472054243087769,0.3807011544704437,-0.6067445874214172
1789453839651730400,28.06873046875,-1.4500670433044434,0.19828233122825623,-0.5796799659729004
1789453839661669400,28.07866943359375,-1.3056340217590332,-0.10896465182304382,-0.6107207536697388
1789453839671609300,28.088609375,-1.2044570446014404,-0.4846203029155731,-0.6421647071838379
1789453839681548300,28.09854833984375,-1.2920347452163696,-0.6045583486557007,-0.5621777176856995
1789453839691488500,28.108488525390626,-1.4149409532546997,-0.30417320132255554,-0.4134252667427063
1789453839701427500,28.118427490234374,-1.3598687648773193,0.26828452944755554,-0.32483869791030884
1789453839711367400,28.128367431640626,-1.2650104761123657,0.7632037401199341,-0.28944823145866394
1789453839721306600,28.138306640625,-1.1476503610610962,0.7457073330879211,-0.397178590297699
1789453839731246600,28.14824658203125,-0.9119886159896851,0.3675038516521454,-0.5985862612724304
1789453839741185500,28.158185546875,-0.6032833456993103,0.04115237295627594,-0.6387414336204529
1789453839751125500,28.16812548828125,-0.3626752197742462,-0.1004505604505539,-0.4501134157180786
1789453839761064400,28.178064453125,-0.30464470386505127,-0.1787937432527542,-0.2514488101005554
1789453839771004400,28.18800439453125,-0.310381144285202,-0.16321665048599243,-0.14713014662265778
1789453839780943400,28.197943359375,-0.3514908254146576,-0.14292214810848236,-0.15063856542110443
1789453839790882600,28.207882568359373,-0.42183345556259155,-0.10416809469461441,-0.23746240139007568
1789453839800822500,28.217822509765625,-0.4552258849143982,-0.013754142448306084,-0.3555740416049957
1789453839810761500,28.227761474609373,-0.4944228231906891,0.028439918532967567,-0.48492431640625
1789453839820701400,28.237701416015625,-0.5542020201683044,-0.07062408328056335,-0.5880770683288574
1789453839830640600,28.247640625,-0.6842889189720154,-0.21145576238632202,-0.6641119122505188
1789453839840580400,28.257580322265625,-0.7546861171722412,-0.20577462017536163,-0.6587197780609131
1789453839850519300,28.267519287109376,-0.7034295797348022,-0.18874317407608032,-0.5609439611434937
1789453839860459500,28.27745947265625,-0.5830627679824829,-0.1889902502298355,-0.4899914562702179
1789453839870398500,28.2873984375,-0.543016791343689,-0.1937386691570282,-0.5161120295524597
1789453839880338400,28.29733837890625,-0.5555210113525391,-0.24444186687469482,-0.6213202476501465
1789453839890277400,28.30727734375,-0.5824623703956604,-0.22900432348251343,-0.72365403175354
1789453839900217600,28.317217529296876,-0.6697694063186646,-0.10736016929149628,-0.7739678621292114
1789453839910156500,28.327156494140624,-0.7893021702766418,-0.052828215062618256,-0.7800496816635132
1789453839920096500,28.337096435546876,-0.8420585989952087,-0.1626555174589157,-0.7952287793159485
1789453839930035500,28.347035400390624,-0.934908390045166,-0.28605201840400696,-0.8572766780853271
1789453839939974700,28.356974609375,-0.9790192246437073,-0.28636541962623596,-0.9038755893707275
1789453839949914400,28.366914306640624,-0.9718055725097656,-0.13662464916706085,-0.8429344892501831
1789453839959853300,28.376853271484375,-1.010115623474121,0.0005908068269491196,-0.7569761276245117
1789453839969793500,28.38679345703125,-1.0614277124404907,0.04101759195327759,-0.758145809173584
1789453839979732500,28.396732421875,-1.0842528343200684,0.0011560330167412758,-0.8468437194824219
1789453839989672400,28.40667236328125,-1.071126937866211,-0.06176966801285744,-0.9200178384780884
1789453839999611400,28.416611328125,-1.0163311958312988,-0.09627161920070648,-0.8697613477706909
1789453840009551600,28.426551513671875,-0.9785853624343872,-0.12320869415998459,-0.7754380106925964
1789453840019490600,28.436490478515626,-0.9428540468215942,-0.12993355095386505,-0.7661405801773071
1789453840029430300,28.44643017578125,-0.9057024121284485,-0.09000957012176514,-0.7444387078285217
1789453840039369500,28.456369384765626,-0.8574013113975525,-0.12046798318624496,-0.7445489764213562
1789453840049309400,28.466309326171874,-0.8157633543014526,-0.2141587883234024,-0.7596485614776611
1789453840059248400,28.476248291015626,-0.857509434223175,-0.25308501720428467,-0.7561623454093933
1789453840069188400,28.486188232421874,-0.9074674248695374,-0.20387564599514008,-0.7476285099983215
1789453840079127600,28.49612744140625,-0.9571554660797119,-0.14136862754821777,-0.7306086421012878
1789453840089067500,28.506067626953126,-0.9546023011207581,-0.11807449907064438,-0.7239336967468262
1789453840099006500,28.51600634765625,-0.9681987762451172,-0.11191360652446747,-0.6959426999092102
1789453840108945400,28.5259453125,-0.9484607577323914,-0.2250441461801529,-0.7127357721328735
1789453840118885600,28.5358857421875,-0.9533262252807617,-0.24649013578891754,-0.7193133234977722
1789453840128824600,28.545824462890625,-0.9630302786827087,-0.18050232529640198,-0.7045631408691406
1789453840138764300,28.555764404296873,-0.8938414454460144,-0.22977179288864136,-0.6735971570014954
1789453840148703500,28.565703369140625,-0.8770304918289185,-0.20333778858184814,-0.621993362903595
1789453840158643500,28.5756435546875,-0.9818634986877441,-0.0792388916015625,-0.5377949476242065
1789453840168582400,28.58558251953125,-0.9355471134185791,-0.13845375180244446,-0.5214484930038452
1789453840178522600,28.595522705078125,-0.9136863350868225,-0.05891011655330658,-0.45215240120887756
1789453840188461600,28.605461669921876,-0.8451709151268005,-0.011412639170885086,-0.34298408031463623
1789453840198401500,28.615401611328124,-0.7959825396537781,0.012165911495685577,-0.3001234233379364
1789453840208340500,28.625340576171876,-0.754672110080719,0.06756418943405151,-0.2667529582977295
1789453840218280400,28.635280517578124,-0.8081862926483154,0.16475552320480347,-0.18283990025520325
1789453840228219400,28.645219482421876,-0.7796958088874817,0.2658456563949585,-0.18283990025520325
1789453840238159400,28.655159423828124,-0.7225674986839294,0.36643925309181213,-0.1401410698890686
1789453840248098300,28.665098388671876,-0.6291860938072205,0.36386823654174805,-0.10907690227031708
1789453840258038500,28.67503857421875,-0.655193567276001,0.35904014110565186,0.0052215903997421265
1789453840267977500,28.6849775390625,-0.5743740797042847,0.09893985092639923,0.09445266425609589
1789453840277917400,28.69491748046875,-0.47701939940452576,-0.043984800577163696,0.19437658786773682
1789453840287856600,28.704856689453123,-0.37140989303588867,-0.018401144072413445,0.2161436676979065
1789453840297795600,28.714795654296875,-0.2371436506509781,0.11365177482366562,0.2027418315410614
1789453840307735800,28.72473583984375,-0.10040390491485596,0.22024905681610107,0.18414631485939026
1789453840317674800,28.7346748046875,0.04444191977381706,0.28236421942710876,0.20603179931640625
1789453840327614500,28.744614501953127,0.18659266829490662,0.2720623016357422,0.2674325704574585
1789453840337553400,28.754553466796875,0.23902463912963867,0.261128693819046,0.30715420842170715
1789453840347493600,28.76449365234375,0.20956182479858398,0.2720431387424469,0.3511491119861603
1789453840357432600,28.7744326171875,0.11319458484649658,0.2720959782600403,0.43413713574409485
1789453840367372500,28.78437255859375,0.011735871434211731,0.1521889865398407,0.4910893738269806
1789453840377311700,28.794311767578126,-0.03582281619310379,0.08498107641935349,0.5429052114486694
1789453840387251700,28.804251708984374,0.04753705486655235,0.07141919434070587,0.5773124694824219
1789453840397190700,28.814190673828126,0.25839662551879883,0.04951956868171692,0.5986756086349487
1789453840407130400,28.82413037109375,0.40261372923851013,0.026822512969374657,0.5788124203681946
1789453840417069600,28.834069580078125,0.4606001079082489,-0.07883536070585251,0.6131335496902466
1789453840427009500,28.844009521484374,0.4873960614204407,-0.1938176155090332,0.7038487792015076
1789453840436948500,28.853948486328125,0.523342490196228,-0.18571172654628754,0.8251054286956787
1789453840446887400,28.863887451171873,0.6048656105995178,-0.025836845859885216,0.9527089595794678
1789453840456827600,28.87382763671875,0.8040183782577515,0.1703035533428192,1.0666288137435913
1789453840466766600,28.8837666015625,1.0407217741012573,0.2887282073497772,1.0610013008117676
1789453840476706600,28.89370654296875,1.2343937158584595,0.3959212601184845,1.03732430934906
1789453840486645800,28.903645751953125,1.2911843061447144,0.47983187437057495,1.025449275970459
1789453840496585700,28.913585693359376,1.3157265186309814,0.5397370457649231,1.0233409404754639
1789453840506524700,28.923524658203124,1.3169918060302734,0.5529718995094299,1.0420563220977783
1789453840516464600,28.933464599609376,1.3671284914016724,0.5876762270927429,1.02078115940094
1789453840526403600,28.943403564453124,1.4524215459823608,0.6717010736465454,0.9413180351257324
1789453840536343600,28.953343505859376,1.569104790687561,0.7086070775985718,0.8079149723052979
1789453840546282500,28.963282470703124,1.6198081970214844,0.6749785542488098,0.6653860807418823
1789453840556222700,28.97322265625,1.6105543375015259,0.5871561169624329,0.5555276274681091
1789453840566161700,28.98316162109375,1.5594857931137085,0.47289931774139404,0.4612724781036377
1789453840576101600,28.9931015625,1.502521276473999,0.40943190455436707,0.43201717734336853
1789453840586040600,29.00304052734375,1.4824106693267822,0.3726608455181122,0.45558029413223267
1789453840595980500,29.01298046875,1.5302317142486572,0.28350794315338135,0.4134143888950348
1789453840605919500,29.02291943359375,1.574477195739746,0.17358888685703278,0.3472047448158264
1789453840615858400,29.0328583984375,1.642444133758545,0.1316869705915451,0.32267647981643677
1789453840625798700,29.042798583984375,1.7601736783981323,0.18850845098495483,0.35589438676834106
1789453840635737600,29.052737548828127,1.891805648803711,0.14549164474010468,0.3638724088668823
1789453840645677600,29.062677490234375,1.936769723892212,0.08175713568925858,0.3576725721359253
1789453840655616500,29.072616455078126,1.9121012687683105,0.0716886818408966,0.3765437602996826
1789453840665556700,29.082556640625,1.8645085096359253,0.08506787568330765,0.3863130211830139
1789453840675495700,29.09249560546875,1.806749939918518,0.12197228521108627,0.4509897232055664
1789453840685435600,29.102435546875,1.775435447692871,-0.03080979734659195,0.5064759254455566
1789453840695374600,29.11237451171875,1.708422064781189,-0.24673320353031158,0.44986557960510254
1789453840705314600,29.122314453125,1.5629887580871582,-0.3423745036125183,0.4282124638557434
1789453840715253500,29.13225341796875,1.3774206638336182,-0.24986590445041656,0.5277149081230164
1789453840725193500,29.142193359375,1.327654242515564,-0.10350948572158813,0.6808155179023743
1789453840735132700,29.152132568359374,1.376085877418518,-0.09781839698553085,0.6956245303153992
1789453840745072600,29.16207275390625,1.4346648454666138,-0.14008541405200958,0.5918195843696594
1789453840755011600,29.172011474609373,1.4321568012237549,-0.19007155299186707,0.5341019630432129
1789453840764951800,29.181951904296874,1.3282135725021362,-0.21983715891838074,0.5705593228340149
1789453840774890800,29.191890869140625,1.1522557735443115,-0.19499146938323975,0.6194706559181213
1789453840784829700,29.20182958984375,1.0709172487258911,-0.11500954627990723,0.6513489484786987
1789453840794769400,29.211769287109377,1.1558064222335815,0.008373303338885307,0.6634085178375244
1789453840804708600,29.22170849609375,1.3008989095687866,0.07343299686908722,0.6330758929252625
1789453840814648600,29.231648681640625,1.2732577323913574,-0.11140190809965134,0.549136757850647
1789453840824587500,29.24158740234375,1.0523935556411743,-0.26945969462394714,0.47753846645355225
1789453840834527500,29.251527587890624,0.7913157343864441,-0.23846513032913208,0.4883093535900116
1789453840844466700,29.261466796875,0.6690952777862549,-0.12154517322778702,0.5565550327301025
1789453840854406700,29.27140673828125,0.7361418008804321,-0.09923107177019119,0.5749517679214478
1789453840864345600,29.281345703125,0.807946503162384,-0.07666131854057312,0.5102348327636719
1789453840874285800,29.291285888671876,0.7780150771141052,-0.09492227435112,0.3788052201271057
1789453840884224800,29.301224853515624,0.6550852060317993,-0.05023470148444176,0.2263251394033432
1789453840894164500,29.31116455078125,0.4950052797794342,-0.048109088093042374,0.07924257963895798
1789453840904103400,29.321103515625,0.3529120683670044,-0.31231144070625305,-0.06065007299184799
1789453840914043600,29.331043701171875,0.12386669963598251,-0.20311909914016724,-0.09860672801733017
1789453840923982600,29.340982666015623,-0.024578699842095375,-0.14731921255588531,-0.03701208159327507
1789453840933922600,29.350922607421875,-0.09575790911912918,-0.17567437887191772,0.0014147970359772444
1789453840943861500,29.360861572265627,-0.1644783914089203,-0.2052288055419922,-0.004316325765103102
1789453840953800700,29.37080078125,-0.23646216094493866,-0.35048946738243103,-0.07715921103954315
1789453840963740700,29.38074072265625,-0.3223608136177063,-0.42281612753868103,-0.18390430510044098
1789453840973679600,29.3906796875,-0.42260533571243286,-0.24504391849040985,-0.24023257195949554
1789453840983619600,29.40061962890625,-0.5504785776138306,-0.12997910380363464,-0.25828853249549866
1789453840993558500,29.41055859375,-0.6288935542106628,-0.02845366857945919,-0.27230197191238403
1789453841003498500,29.42049853515625,-0.6622110605239868,-0.1635345220565796,-0.3372913599014282
1789453841013437400,29.4304375,-0.7055434584617615,-0.360795259475708,-0.4935840368270874
1789453841023377700,29.440377685546874,-0.7717834115028381,-0.32022517919540405,-0.5814385414123535
1789453841033316600,29.450316650390626,-0.8084450364112854,0.024455601349473,-0.5030565857887268
1789453841043256600,29.460256591796874,-0.8639628887176514,0.34874898195266724,-0.3535435199737549
1789453841053195500,29.470195556640626,-0.8423455953598022,0.40750303864479065,-0.26160377264022827
1789453841063135700,29.4801357421875,-0.7729081511497498,0.12247076630592346,-0.3051568567752838
1789453841073074700,29.49007470703125,-0.7871083617210388,-0.17073377966880798,-0.42319267988204956
1789453841083014400,29.500014404296873,-0.8996074795722961,-0.20741748809814453,-0.41086408495903015
1789453841092953600,29.50995361328125,-0.9389055967330933,0.017139721661806107,-0.2341926395893097
1789453841102893600,29.5198935546875,-0.8928366303443909,0.3268027901649475,-0.019200177863240242
1789453841112832500,29.52983251953125,-0.7821892499923706,0.4634474217891693,0.06252991408109665
1789453841122771500,29.539771484375,-0.6877341270446777,0.4440806210041046,-0.031013086438179016
1789453841132711700,29.549711669921876,-0.6600400805473328,0.3478865623474121,-0.1385321319103241
1789453841142650600,29.559650634765624,-0.6814106106758118,0.2701137363910675,-0.18331317603588104
1789453841152590600,29.569590576171876,-0.639069139957428,0.19079194962978363,-0.2596290409564972
1789453841162529800,29.57952978515625,-0.6294767260551453,0.023707088083028793,-0.4140881299972534
1789453841172469500,29.589469482421876,-0.6811903715133667,0.0624687485396862,-0.5000421404838562
1789453841182408400,29.599408447265624,-0.6831802725791931,0.4468685984611511,-0.44853687286376953
1789453841192348400,29.609348388671876,-0.6447018980979919,0.5604432821273804,-0.48559707403182983
1789453841202287600,29.61928759765625,-0.7056283950805664,0.2248154729604721,-0.7017660737037659
1789453841212227600,29.6292275390625,-0.9235054850578308,-0.27834343910217285,-0.9823290109634399
1789453841222166500,29.63916650390625,-1.1020879745483398,-0.2336508184671402,-1.0853712558746338
1789453841232106800,29.649106689453124,-1.0885839462280273,0.3454797565937042,-0.8574180006980896
1789453841242045700,29.659045654296875,-1.0170786380767822,0.6632211804389954,-0.6160120368003845
1789453841251985700,29.668985595703123,-0.9123494625091553,0.26672637462615967,-0.7117948532104492
1789453841261924600,29.678924560546875,-0.7876027226448059,-0.5087422132492065,-1.0501229763031006
1789453841271864600,29.688864501953127,-0.7537068724632263,-0.8618305921554565,-1.2381058931350708
1789453841281803500,29.698803466796875,-0.6692212820053101,-0.8086634874343872,-1.0814415216445923
1789453841291742500,29.708742431640626,-0.5540745854377747,-0.5953406095504761,-0.7809322476387024
1789453841301682200,29.71868212890625,-0.5294731259346008,-0.4018440842628479,-0.68949955701828
1789453841311621400,29.728621337890626,-0.5704464912414551,-0.3271298408508301,-0.8792497515678406
1789453841321561300,29.738561279296874,-0.6536287069320679,-0.3056218922138214,-1.0380934476852417
1789453841331500300,29.748500244140626,-0.7445186376571655,-0.23551219701766968,-1.0085837841033936
1789453841341440500,29.7584404296875,-0.9131763577461243,-0.09664299339056015,-0.8888707756996155
1789453841351379500,29.76837939453125,-1.1079227924346924,0.1468932181596756,-0.7432184219360352
1789453841361319400,29.7783193359375,-1.2823406457901,0.34561988711357117,-0.594024121761322
1789453841371258400,29.78825830078125,-1.3867117166519165,0.014945810660719872,-0.5859895348548889
1789453841381198300,29.7981982421875,-1.460068702697754,-0.39954671263694763,-0.7815907597541809
1789453841391137300,29.80813720703125,-1.4383416175842285,-0.566924512386322,-0.9052129983901978
1789453841401077200,29.8180771484375,-1.3536230325698853,-0.44768810272216797,-0.8453110456466675
1789453841411016400,29.828016357421873,-1.2687524557113647,-0.18360275030136108,-0.7087162137031555
1789453841420956400,29.837956298828125,-1.3134580850601196,-0.3829089105129242,-0.6805412769317627
1789453841430895400,29.847895263671877,-1.4440256357192993,-0.5457644462585449,-0.7845028638839722
1789453841440835300,29.85783544921875,-1.5090211629867554,-0.5110881924629211,-0.7746909856796265
1789453841450774500,29.8677744140625,-1.4254379272460938,-0.4767172038555145,-0.7019727230072021
1789453841460713500,29.87771337890625,-1.382129430770874,-0.3881921172142029,-0.6734340190887451
1789453841470653200,29.887653076171876,-1.23348867893219,-0.3949810266494751,-0.6843199729919434
1789453841480592100,29.897592041015624,-1.0700690746307373,-0.37239980697631836,-0.6905658841133118
1789453841490532400,29.907532470703124,-0.946434736251831,-0.48702695965766907,-0.7204951047897339
1789453841500471300,29.91747119140625,-0.9684209823608398,-0.5562766194343567,-0.7062930464744568
1789453841510411300,29.927411376953124,-1.0890247821807861,-0.5189091563224792,-0.6374400854110718
1789453841520350500,29.9373505859375,-1.1695878505706787,-0.42781010270118713,-0.5531536936759949
1789453841530290400,29.94729052734375,-1.210220217704773,-0.36445698142051697,-0.48864150047302246
1789453841540229400,29.9572294921875,-1.2897467613220215,-0.199550598859787,-0.38018134236335754
1789453841550169300,29.96716943359375,-1.2832118272781372,-0.04966488853096962,-0.29488661885261536
1789453841560108500,29.977108642578123,-1.13514244556427,0.02308947779238224,-0.292898565530777
1789453841570048300,29.98704833984375,-0.8638734817504883,0.14842960238456726,-0.30482348799705505
1789453841579987200,29.9969873046875,-0.7088055610656738,0.18702013790607452,-0.27667441964149475
1789453841589927400,30.006927490234375,-0.7827861309051514,0.17841950058937073,-0.2154093235731125
1789453841599866400,30.016866455078127,-0.7834881544113159,0.026276033371686935,-0.11020060628652573
1789453841609806300,30.026806396484375,-0.6773457527160645,-0.09009961038827896,-0.1008770689368248
1789453841619745300,30.036745361328126,-0.6095949411392212,0.027535676956176758,-0.07183317095041275
1789453841629684500,30.0466845703125,-0.6328933238983154,0.1763858050107956,-0.07644395530223846
1789453841639624400,30.05662451171875,-0.7245017886161804,0.2790631949901581,0.0034969488624483347
1789453841649563400,30.0665634765625,-0.78281170129776,0.052546992897987366,0.046896010637283325
1789453841659503400,30.07650341796875,-0.6758455634117126,-0.022729117423295975,0.2295590341091156
1789453841669442300,30.0864423828125,-0.40898585319519043,-0.17147515714168549,0.310249000787735
1789453841679382300,30.09638232421875,-0.2455841302871704,0.058787859976291656,0.19536611437797546
1789453841689321200,30.1063212890625,-0.04208284243941307,0.47568172216415405,0.165398970246315
1789453841699261400,30.116261474609374,0.1432316154241562,0.5223624110221863,0.1370951533317566
1789453841709200400,30.126200439453125,0.16369645297527313,0.4148923456668854,0.07719314843416214
1789453841719140400,30.136140380859374,0.10346505790948868,0.4863404333591461,0.18014563620090485
1789453841729079300,30.146079345703125,0.07539063692092896,0.4951304495334625,0.2008083164691925
1789453841739019500,30.15601953125,-0.020464789122343063,0.3594628870487213,0.18663524091243744
1789453841748958500,30.16595849609375,-0.1719200313091278,0.1936870962381363,0.26084282994270325
1789453841758898200,30.175898193359377,-0.15833045542240143,0.06308167427778244,0.27210429310798645
1789453841768837400,30.18583740234375,-0.03686339780688286,0.07884646207094193,0.2262014001607895
1789453841778777300,30.19577734375,0.1275724172592163,0.24278560280799866,0.26649317145347595
1789453841788716300,30.20571630859375,0.35863640904426575,0.3809347450733185,0.3245517313480377
1789453841798656500,30.215656494140624,0.47008997201919556,0.3048032224178314,0.34571772813796997
1789453841808595500,30.225595458984376,0.48704206943511963,0.2827027440071106,0.4827391505241394
1789453841818534400,30.235534423828124,0.5188679099082947,0.19742460548877716,0.6155986785888672
1789453841828474400,30.245474365234376,0.6046164035797119,0.15859836339950562,0.6842377185821533
1789453841838413300,30.255413330078124,0.7976002097129822,0.23953688144683838,0.6983716487884521
1789453841848353300,30.265353271484376,0.9694481492042542,0.41161975264549255,0.7023223042488098
1789453841858292200,30.275292236328124,1.0647825002670288,0.6538313031196594,0.7577157616615295
1789453841868232200,30.285232177734375,1.1888517141342163,0.7315433025360107,0.777227520942688
1789453841878171400,30.29517138671875,1.254678726196289,0.5625941753387451,0.7713121175765991
1789453841888111400,30.305111328125,1.2184975147247314,0.3570672571659088,0.7637660503387451
1789453841898050300,30.31505029296875,1.223907470703125,0.3301256597042084,0.7535431981086731
1789453841907990500,30.324990478515623,1.3235429525375366,0.3721507489681244,0.7144790291786194
1789453841917929500,30.334929443359375,1.4180585145950317,0.40619874000549316,0.6120240092277527
1789453841927869400,30.344869384765627,1.4333834648132324,0.4500443637371063,0.5828529000282288
1789453841937808400,30.354808349609375,1.5025699138641357,0.41343948245048523,0.5031729340553284
1789453841947748400,30.364748291015626,1.5335601568222046,0.30536413192749023,0.4750596582889557
1789453841957687300,30.374687255859374,1.6006391048431396,0.28734490275382996,0.5901116728782654
1789453841967627300,30.384627197265626,1.7002131938934326,0.1713666170835495,0.5595134496688843
1789453841977566200,30.394566162109374,1.720203161239624,0.11513742059469223,0.5317842960357666
1789453841987505400,30.40450537109375,1.7645015716552734,0.1855003535747528,0.5746340751647949
1789453841997445400,30.4144453125,1.875083565711975,0.25873783230781555,0.5137275457382202
1789453842007384300,30.42438427734375,1.9605501890182495,0.36581024527549744,0.5212607979774475
1789453842017324500,30.434324462890626,2.0286571979522705,0.34861767292022705,0.5554909706115723
1789453842027263500,30.444263427734374,2.0157854557037354,0.20215924084186554,0.5401486754417419
1789453842037203200,30.454203125,1.9212466478347778,0.00542594026774168,0.5740832090377808
1789453842047142100,30.46414208984375,1.804762601852417,-0.13609088957309723,0.6842973232269287
1789453842057082400,30.474082275390625,1.736757755279541,-0.18136276304721832,0.7179269194602966
1789453842067021300,30.484021240234377,1.722378134727478,-0.11887698620557785,0.6933730840682983
1789453842076961300,30.493961181640625,1.7270865440368652,-0.11397863179445267,0.6546241044998169
1789453842086900200,30.503900146484376,1.6753370761871338,-0.14385075867176056,0.6715008020401001
1789453842096840400,30.51384033203125,1.6136391162872314,-0.07813673466444016,0.7778418660163879
1789453842106779400,30.523779296875,1.648681640625,-0.066501185297966,0.8417171835899353
1789453842116719400,30.53371923828125,1.6217507123947144,-0.22911299765110016,0.7463957071304321
1789453842126658600,30.543658447265624,1.4114469289779663,-0.5386921763420105,0.6569709777832031
1789453842136598300,30.553598388671876,1.112017035484314,-0.5742139220237732,0.6939167380332947
1789453842146537200,30.563537109375,0.9198243021965027,-0.2190880924463272,0.7839235067367554
1789453842156477400,30.5734775390625,0.9933651089668274,0.246307834982872,0.91441410779953
1789453842166416400,30.58341650390625,1.3620611429214478,0.21928507089614868,0.8737051486968994
1789453842176355300,30.593355224609375,1.6830322742462158,-0.29412710666656494,0.534808337688446
1789453842186295300,30.60329541015625,1.5223137140274048,-0.5285595655441284,0.3910422921180725
1789453842196234200,30.613234130859375,1.039563775062561,-0.7862992286682129,0.524985134601593
1789453842206174500,30.623174560546875,0.5925687551498413,-0.3394235372543335,0.7887263894081116
1789453842216113400,30.633113525390623,0.519977867603302,-0.2311045080423355,0.8633662462234497
1789453842226053000,30.64305322265625,0.8393341898918152,-0.35304245352745056,0.670818030834198
1789453842235992300,30.652992431640627,1.1404316425323486,-0.3110734522342682,0.45681121945381165
1789453842245932300,30.662932373046875,1.0938835144042969,-0.34100696444511414,0.3314751982688904
1789453842255871200,30.672871337890626,0.7818789482116699,-0.18237203359603882,0.34101277589797974
1789453842265811500,30.6828115234375,0.36389246582984924,-0.1004772037267685,0.4174935817718506
1789453842275750400,30.69275048828125,0.1217418760061264,-0.03939627856016159,0.4685913920402527
1789453842285690400,30.7026904296875,0.06456661224365234,-0.024949558079242706,0.4242320656776428
1789453842295629800,30.7126298828125,0.13101300597190857,0.018320683389902115,0.33422788977622986
1789453842305569800,30.72256982421875,0.16016805171966553,-0.09108757972717285,0.19682210683822632
1789453842315508700,30.7325087890625,0.07626276463270187,-0.26289740204811096,0.01883479580283165
1789453842325448700,30.74244873046875,-0.08923269063234329,-0.2093152403831482,-0.13387776911258698
1789453842335388000,30.752387939453126,-0.2595199942588806,0.07395880669355392,-0.1644820123910904
1789453842345326800,30.762326904296874,-0.39994168281555176,0.1366446614265442,-0.18406853079795837
1789453842355266800,30.772266845703125,-0.553250789642334,0.057073142379522324,-0.2893803119659424
1789453842365205800,30.782205810546873,-0.6577345728874207,-0.3669922351837158,-0.4936622083187103
1789453842375146000,30.79214599609375,-0.8278056383132935,-0.5108620524406433,-0.6508044600486755
1789453842385085000,30.8020849609375,-0.9787039756774902,-0.3573196232318878,-0.709189236164093
1789453842395025000,30.81202490234375,-1.0571242570877075,0.0959748923778534,-0.6975110173225403
1789453842404963800,30.8219638671875,-1.0793102979660034,0.5431587100028992,-0.6337686777114868
1789453842414903800,30.83190380859375,-1.1123201847076416,0.6126278042793274,-0.6569943428039551
1789453842424842800,30.8418427734375,-1.1474207639694214,0.35837915539741516,-0.7636216282844543
1789453842434782700,30.85178271484375,-1.1806840896606445,-0.012715021148324013,-0.8268219232559204
1789453842444722000,30.861721923828124,-1.2437275648117065,-0.2963048219680786,-0.7810960412025452
1789453842454662000,30.871661865234376,-1.3811506032943726,-0.2317122370004654,-0.6968956589698792
1789453842464600800,30.881600830078124,-1.4191303253173828,0.00015793228521943092,-0.5937069654464722
1789453842474541000,30.891541015625,-1.380322813987732,0.233773872256279,-0.4567227363586426
1789453842484480000,30.90147998046875,-1.2318531274795532,0.41344916820526123,-0.27615898847579956
1789453842494419000,30.9114189453125,-1.0573749542236328,0.5129190683364868,-0.1751072108745575
1789453842504358700,30.921358642578124,-0.8763203024864197,0.4063147008419037,-0.2066730260848999
1789453842514297900,30.9312978515625,-0.7635220885276794,0.19895271956920624,-0.2826985716819763
1789453842524237800,30.94123779296875,-0.6950392127037048,0.11891740560531616,-0.2991124987602234
1789453842534176800,30.9511767578125,-0.5509571433067322,0.12459685653448105,-0.25504782795906067
1789453842544116700,30.96111669921875,-0.46452564001083374,-0.03429883345961571,-0.2662585377693176
1789453842554056000,30.971055908203127,-0.5116468667984009,-0.1616474688053131,-0.31928128004074097
1789453842563996000,30.980995849609375,-0.5697339773178101,-0.1573384404182434,-0.332023024559021
1789453842573934800,30.990934814453126,-0.5839216709136963,-0.04328083619475365,-0.2923789620399475
1789453842583874800,31.000874755859375,-0.5298268795013428,0.07909104228019714,-0.23471803963184357
1789453842593814000,31.01081396484375,-0.5087644457817078,-0.011806903406977654,-0.26321572065353394
1789453842603753700,31.020753662109374,-0.45266690850257874,-0.07525909692049026,-0.3484257161617279
1789453842613692700,31.030692626953126,-0.35324472188949585,-0.11435776203870773,-0.42333030700683594
1789453842623632000,31.0406318359375,-0.29749563336372375,-0.3021520972251892,-0.5029941201210022
1789453842633571800,31.05057177734375,-0.34944674372673035,-0.4290059208869934,-0.6319838166236877
1789453842643510800,31.0605107421875,-0.4370983839035034,-0.3462945520877838,-0.7053984999656677
1789453842653450800,31.07045068359375,-0.5635260939598083,-0.322182834148407,-0.7430952787399292
1789453842663390000,31.080389892578125,-0.5333805084228516,-0.26144710183143616,-0.7136776447296143
1789453842673330000,31.090329833984374,-0.4598178565502167,-0.26812976598739624,-0.6502805352210999
1789453842683268900,31.100268798828125,-0.3935040831565857,-0.34545597434043884,-0.6302549242973328
1789453842693208800,31.110208740234373,-0.4273741543292999,-0.3624080717563629,-0.6810783743858337
1789453842703147800,31.120147705078125,-0.5210352540016174,-0.310878723859787,-0.7387145757675171
1789453842713087700,31.130087646484377,-0.680364727973938,-0.21538016200065613,-0.7388697862625122
1789453842723026700,31.140026611328125,-0.8635162711143494,-0.12708711624145508,-0.6891529560089111
1789453842732967000,31.149966796875,-1.0033198595046997,-0.1158491000533104,-0.6366066932678223
1789453842742905900,31.15990576171875,-1.0511724948883057,-0.016685165464878082,-0.6291085481643677
1789453842752845800,31.169845703125,-1.0341546535491943,0.059657271951436996,-0.6593868136405945
1789453842762785000,31.179784912109376,-1.0535653829574585,0.07192283868789673,-0.6870299577713013
1789453842772724000,31.189723876953124,-1.0609405040740967,0.1346149891614914,-0.6599131226539612
1789453842782664000,31.199663818359376,-1.0688972473144531,0.15075956284999847,-0.6284770369529724
1789453842792603000,31.209602783203124,-1.1125239133834839,0.0022718198597431183,-0.6617873311042786
1789453842802542800,31.21954296875,-1.178128957748413,-0.06294727325439453,-0.7509641647338867
1789453842812481800,31.229481689453124,-1.2625831365585327,-0.08965291827917099,-0.7912572622299194
1789453842822421800,31.239421875,-1.303507685661316,-0.11137760430574417,-0.7031485438346863
1789453842832360700,31.249360595703124,-1.310297966003418,-0.13410261273384094,-0.6359836459159851
1789453842842301000,31.259301025390624,-1.2410633563995361,-0.21356038749217987,-0.6559109687805176
1789453842852240000,31.269239990234375,-1.1653627157211304,-0.31228217482566833,-0.7134014368057251
1789453842862179800,31.279179931640623,-1.126544713973999,-0.3582756221294403,-0.7415948510169983
1789453842872119000,31.289119140625,-1.0793603658676147,-0.3421373963356018,-0.7195214629173279
1789453842882058800,31.299058837890627,-0.9913799166679382,-0.3213357925415039,-0.7297608256340027
1789453842891997700,31.308997802734375,-0.9218953251838684,-0.2580026090145111,-0.7513598799705505
1789453842901937000,31.31893701171875,-0.938025712966919,-0.1421518325805664,-0.7592739462852478
1789453842911876900,31.328876953125,-0.9546435475349426,-0.07437358051538467,-0.7586097717285156
1789453842921815800,31.33881591796875,-1.0373764038085938,-0.006700902245938778,-0.6472867131233215
1789453842931755800,31.348755859375,-1.0723987817764282,-0.06592267751693726,-0.5388113260269165
1789453842941694700,31.35869482421875,-0.9912126660346985,-0.2581788897514343,-0.532595157623291
1789453842951635000,31.368635009765626,-0.9554400444030762,-0.31842145323753357,-0.5100637674331665
1789453842961574000,31.378573974609374,-0.9147968292236328,-0.32992860674858093,-0.41831567883491516
1789453842971513900,31.388513916015626,-0.8836775422096252,-0.2533408999443054,-0.288360595703125
1789453842981453000,31.398453125,-0.8474542498588562,-0.16380664706230164,-0.15110749006271362
1789453842991392800,31.408392822265625,-0.81960129737854,-0.06693124026060104,-0.0386110283434391
1789453843001331700,31.418331787109373,-0.7787826061248779,-0.01594255119562149,0.01855510286986828
1789453843011272000,31.42827197265625,-0.7292968034744263,-0.0700148418545723,0.018227534368634224
1789453843021211000,31.4382109375,-0.7456528544425964,0.0783352330327034,0.04836273193359375
1789453843031150800,31.44815087890625,-0.6966677308082581,0.2365163415670395,0.1003180742263794
1789453843041089800,31.45808984375,-0.5515366792678833,0.1737794131040573,0.1632905751466751
1789453843051028700,31.46802880859375,-0.4251651465892792,0.20941224694252014,0.21727150678634644
1789453843060969000,31.477968994140625,-0.2593912184238434,0.19888272881507874,0.24234722554683685
1789453843070908000,31.487907958984376,-0.14336875081062317,0.19092760980129242,0.23935890197753906
1789453843080847600,31.49784765625,-0.07841219753026962,0.2142784744501114,0.19069361686706543
1789453843090786800,31.507786865234376,-0.004114795476198196,0.2528972625732422,0.19468648731708527
1789453843100726800,31.517726806640624,0.060297295451164246,0.35460126399993896,0.18620026111602783
1789453843110665700,31.527665771484376,0.16462263464927673,0.4695156216621399,0.2027592658996582
1789453843120606000,31.53760595703125,0.2466532438993454,0.41993626952171326,0.21994133293628693
1789453843130545000,31.547544921875,0.25637003779411316,0.505771279335022,0.25338611006736755
1789453843140484900,31.55748486328125,0.274356484413147,0.5048952102661133,0.2641206681728363
1789453843150423800,31.567423828125,0.2490207552909851,0.4782734811306,0.33528566360473633
1789453843160364000,31.577364013671875,0.20310145616531372,0.451099157333374,0.4070791006088257
1789453843170303000,31.587302978515623,0.19860045611858368,0.36455094814300537,0.4069960117340088
1789453843180242000,31.597241943359375,0.23807935416698456,0.3425893485546112,0.4401629567146301
1789453843190181600,31.607181640625,0.3716592490673065,0.3119978904724121,0.47271665930747986
1789453843200120800,31.617120849609375,0.5758137106895447,0.269032746553421,0.5047499537467957
1789453843210060800,31.627060791015627,0.7839046120643616,0.261709064245224,0.5675249695777893
1789453843219999700,31.636999755859375,0.9416368007659912,0.25512826442718506,0.6343282461166382
1789453843229940000,31.64693994140625,1.0399510860443115,0.3433002233505249,0.7565958499908447
1789453843239879000,31.65687890625,1.1388384103775024,0.3835715353488922,0.8431658744812012
1789453843249819000,31.66681884765625,1.2439019680023193,0.3525816798210144,0.9056612253189087
1789453843259757800,31.6767578125,1.322695255279541,0.316647469997406,0.9503283500671387
1789453843269697800,31.68669775390625,1.3970850706100464,0.24725507199764252,0.9275668859481812
1789453843279636700,31.69663671875,1.4054555892944336,0.3130449056625366,0.9381652474403381
1789453843289576000,31.706575927734374,1.4177170991897583,0.41177496314048767,0.9427871704101562
1789453843299515100,31.71651513671875,1.4388009309768677,0.5072969198226929,0.9274502396583557
1789453843309454000,31.7264541015625,1.4550248384475708,0.5615563988685608,0.901646614074707
1789453843319394000,31.73639404296875,1.486748218536377,0.5749642848968506,0.8433067798614502
1789453843329333200,31.746333251953125,1.5327298641204834,0.5157651305198669,0.7367830276489258
1789453843339273200,31.756273193359377,1.5700184106826782,0.41467493772506714,0.5919801592826843
1789453843349212200,31.766212158203125,1.582641839981079,0.35285818576812744,0.5637879371643066
1789453843359152400,31.77615234375,1.5835413932800293,0.3222779929637909,0.5319644212722778
1789453843369091300,31.78609130859375,1.5928219556808472,0.39973628520965576,0.5262764692306519
1789453843379031300,31.79603125,1.6216862201690674,0.4134528934955597,0.537467896938324
1789453843388970200,31.80597021484375,1.657562255859375,0.29382315278053284,0.5196207165718079
1789453843398909400,31.815909423828124,1.6651653051376343,0.19454185664653778,0.5394293069839478
1789453843408849200,31.82584912109375,1.6262894868850708,0.10881629586219788,0.6084288954734802
1789453843418788000,31.8357880859375,1.6015034914016724,-0.017512522637844086,0.619880199432373
1789453843428728000,31.84572802734375,1.5437463521957397,-0.04653405398130417,0.6593101620674133
1789453843438667300,31.855667236328124,1.5531771183013916,-0.03368648514151573,0.766955554485321
1789453843448607200,31.865607177734375,1.6067625284194946,-0.10826990753412247,0.725861668586731
1789453843458546200,31.875546142578123,1.6134960651397705,-0.12169639766216278,0.6326313018798828
1789453843468486400,31.885486328125,1.5543749332427979,-0.20582590997219086,0.6107105612754822
1789453843478425300,31.89542529296875,1.478081464767456,-0.24394001066684723,0.6514694094657898
1789453843488365000,31.905364990234375,1.394158124923706,-0.18327133357524872,0.7487765550613403
1789453843498304300,31.91530419921875,1.34251070022583,-0.16767990589141846,0.8433455228805542
1789453843508244200,31.925244140625,1.330328106880188,-0.1311783492565155,0.8280578851699829
1789453843518183200,31.93518310546875,1.339379906654358,-0.13297760486602783,0.7017701268196106
1789453843528122000,31.9451220703125,1.2995944023132324,-0.1893407553434372,0.6055466532707214
1789453843538062300,31.955062255859374,1.2016167640686035,-0.1887742429971695,0.6268645524978638
1789453843548001300,31.965001220703126,1.0933313369750977,-0.15899904072284698,0.734131395816803
1789453843557941200,31.974941162109374,1.060084342956543,-0.0574016347527504,0.823540210723877
1789453843567880200,31.984880126953126,1.128614902496338,-0.04490501433610916,0.8323166966438293
1789453843577820400,31.9948203125,1.1793330907821655,-0.09517145156860352,0.7704939842224121
1789453843587759400,32.00475927734375,1.1439372301101685,-0.20503775775432587,0.6942790746688843
1789453843597699000,32.014698974609374,0.9952963590621948,-0.2103089988231659,0.6697037816047668
1789453843607638000,32.02463793945312,0.7921869158744812,-0.2492619901895523,0.6904120445251465
1789453843617577200,32.0345771484375,0.6358601450920105,-0.22985853254795074,0.6798190474510193
1789453843627517200,32.04451708984375,0.5761419534683228,-0.18194186687469482,0.6654028296470642
1789453843637456100,32.0544560546875,0.5593598484992981,-0.1777292788028717,0.6377905607223511
1789453843647396400,32.06439624023437,0.4971691966056824,-0.23697954416275024,0.5149951577186584
1789453843657335300,32.07433520507813,0.37096184492111206,-0.2916426360607147,0.3303787112236023
1789453843667275300,32.08427514648437,0.195943683385849,-0.220646470785141,0.1923031210899353
1789453843677214200,32.09421411132813,0.043922919780015945,-0.15842759609222412,0.09062663465738297
1789453843687154200,32.104154296875,-0.08517221361398697,-0.09007517993450165,-0.004552340134978294
1789453843697093400,32.11409326171875,-0.1862684041261673,-0.12633410096168518,-0.10144592821598053
1789453843707033000,32.124033203125,-0.267723023891449,-0.19033943116664886,-0.1760285645723343
1789453843716972000,32.13397192382813,-0.3385171890258789,-0.26366567611694336,-0.23103326559066772
1789453843726912300,32.143912353515624,-0.45959779620170593,-0.14591719210147858,-0.25907742977142334
1789453843736851200,32.15385131835937,-0.5541538000106812,0.03364859148859978,-0.28247469663619995
1789453843746790100,32.1637900390625,-0.6319221258163452,0.16637201607227325,-0.3236469030380249
1789453843756730400,32.17373046875,-0.6973365545272827,0.24788455665111542,-0.36667293310165405
1789453843766669300,32.18366943359375,-0.7412360906600952,0.27237337827682495,-0.39767664670944214
1789453843776609300,32.193609375,-0.7538478970527649,0.25654393434524536,-0.4152657985687256
1789453843786548200,32.20354833984375,-0.7304285764694214,0.2073899507522583,-0.4025249779224396
1789453843796488200,32.21348828125,-0.7293933033943176,0.2643423080444336,-0.4196145236492157
1789453843806427100,32.22342724609375,-0.7864193320274353,0.33886340260505676,-0.45179829001426697
1789453843816367000,32.2333671875,-0.8304752111434937,0.47873562574386597,-0.44818413257598877
1789453843826306000,32.24330615234375,-0.8530182838439941,0.4937201738357544,-0.3674083352088928
1789453843836245200,32.253245361328126,-0.8368396759033203,0.3470330536365509,-0.3183943033218384
1789453843846185200,32.26318530273438,-0.7620978355407715,0.14311186969280243,-0.3531099557876587
1789453843856124200,32.273124267578126,-0.6880915760993958,0.057864151895046234,-0.41144558787345886
1789453843866064400,32.283064453125,-0.6095871329307556,0.11802548915147781,-0.3912058174610138
1789453843876003300,32.29300341796875,-0.5401723980903625,0.18860964477062225,-0.34203481674194336
1789453843885943300,32.302943359375,-0.4772011339664459,0.2038130909204483,-0.375641793012619
1789453843895882200,32.31288232421875,-0.4483009874820709,0.2266664057970047,-0.47666212916374207
1789453843905822200,32.322822265625,-0.44998782873153687,0.23454509675502777,-0.5651451349258423
1789453843915761200,32.33276123046875,-0.5103505253791809,0.1794068068265915,-0.6351284384727478
1789453843925701000,32.342701171875,-0.6241843700408936,0.20253317058086395,-0.6532744765281677
1789453843935640300,32.35264038085938,-0.7518614530563354,0.252986341714859,-0.6686347723007202
1789453843945579300,32.362579345703125,-0.8685574531555176,0.3199177086353302,-0.7006124258041382
1789453843955519200,32.37251928710938,-0.8844397664070129,0.4054076075553894,-0.711360514163971
1789453843965458200,32.382458251953125,-0.8397146463394165,0.3361417055130005,-0.7531071901321411
1789453843975398400,32.3923984375,-0.7824466228485107,0.13127632439136505,-0.8352764844894409
1789453843985337300,32.40233740234375,-0.7151000499725342,-0.07203179597854614,-0.9073081016540527
1789453843995277000,32.412277099609376,-0.6637550592422485,-0.26273423433303833,-0.9535561203956604
1789453844005216000,32.422216064453124,-0.707352340221405,-0.3352595567703247,-0.9299511909484863
1789453844015156200,32.43215625,-0.8264255523681641,-0.3049125373363495,-0.8886139988899231
1789453844025095200,32.44209521484375,-0.8778657913208008,-0.24512431025505066,-0.8652474284172058
1789453844035035100,32.45203515625,-0.8746629953384399,-0.24209344387054443,-0.8754271864891052
1789453844044974300,32.461974365234376,-0.7450072169303894,-0.24957053363323212,-0.8687988519668579
1789453844054913300,32.471913330078124,-0.6085431575775146,-0.24538883566856384,-0.8337090611457825
1789453844064853200,32.481853271484376,-0.5520814657211304,-0.23645712435245514,-0.7883386611938477
1789453844074792200,32.49179223632812,-0.5610520839691162,-0.225438192486763,-0.7678954005241394
1789453844084732400,32.501732421875,-0.7176986336708069,-0.17919400334358215,-0.7944346070289612
1789453844094671400,32.51167138671875,-0.8347657322883606,-0.10146347433328629,-0.8116728067398071
1789453844104611000,32.521611083984375,-0.8858923316001892,0.028509438037872314,-0.7770516872406006
1789453844114550000,32.53155004882812,-0.8954108357429504,0.15399108827114105,-0.7274377942085266
1789453844124490200,32.541490234375,-0.9549737572669983,0.09460765868425369,-0.7210121154785156
1789453844134429200,32.55142919921875,-1.0773248672485352,-0.049830567091703415,-0.7653936743736267
1789453844144369200,32.561369140625,-1.172892451286316,-0.07108791917562485,-0.772687554359436
1789453844154308400,32.571308349609374,-1.2729390859603882,0.049651261419057846,-0.7499284148216248
1789453844164247300,32.58124731445312,-1.3046451807022095,0.13141509890556335,-0.7495976686477661
1789453844174187300,32.591187255859374,-1.2669621706008911,-0.000972833251580596,-0.8205853700637817
1789453844184126200,32.60112622070312,-1.1999921798706055,-0.20243297517299652,-0.9543194770812988
1789453844194066200,32.611066162109374,-1.1129889488220215,-0.4568609595298767,-1.0622351169586182
1789453844204005000,32.62100512695312,-1.0549936294555664,-0.4943161904811859,-1.0878267288208008
1789453844213945000,32.630945068359374,-1.0062901973724365,-0.38282307982444763,-1.0333731174468994
1789453844223884000,32.64088403320312,-0.9547173976898193,-0.2814037799835205,-1.0038820505142212
1789453844233824300,32.65082421875,-0.8950773477554321,-0.2282194048166275,-1.0026235580444336
1789453844243763200,32.66076318359375,-0.8040826916694641,-0.2707631587982178,-1.0779892206192017
1789453844253703200,32.670703125,-0.8153243660926819,-0.23153704404830933,-1.0903966426849365
1789453844263642400,32.68064233398437,-0.8601336479187012,-0.06759656965732574,-1.016979694366455
1789453844273581300,32.69058129882813,-0.8288102149963379,-0.010716416873037815,-0.9565926194190979
1789453844283521300,32.70052124023437,-0.7906327247619629,-0.04646749049425125,-0.9217555522918701
1789453844293460200,32.71046020507813,-0.844041645526886,-0.08659367263317108,-0.8514936566352844
1789453844303400000,32.72039990234375,-0.9137464165687561,-0.15194071829319,-0.7284632921218872
1789453844313339000,32.7303388671875,-0.9328321814537048,-0.27549877762794495,-0.6483432054519653
1789453844323279000,32.74027905273437,-0.8964589834213257,-0.3262687623500824,-0.6913855075836182
1789453844333218000,32.75021801757813,-0.7910526394844055,-0.26153647899627686,-0.7097252607345581
1789453844343158000,32.76015795898437,-0.7699252367019653,-0.13772158324718475,-0.5691601634025574
1789453844353097200,32.77009716796875,-0.817467212677002,-0.03547138720750809,-0.2882896065711975
1789453844363037200,32.780037109375,-0.8102025985717773,-0.07272981107234955,-0.17785711586475372
1789453844372976000,32.78997607421875,-0.8168559074401855,-0.015429806895554066,-0.06739731132984161
1789453844382915000,32.7999150390625,-0.8470630645751953,0.1869717538356781,0.09617270529270172
1789453844392855000,32.80985498046875,-0.7573978900909424,0.14063450694084167,0.07781057804822922
1789453844402794200,32.81979418945313,-0.7402769327163696,0.30319198966026306,0.18691176176071167
1789453844412734000,32.82973388671875,-0.6596123576164246,0.3226565420627594,0.33090391755104065
1789453844422673000,32.8396728515625,-0.5310176610946655,0.3521342873573303,0.4799288213253021
1789453844432613000,32.84961303710938,-0.39664652943611145,0.2194671779870987,0.4746442437171936
1789453844442552000,32.859552001953126,-0.3590797185897827,0.260070264339447,0.5211541652679443
1789453844452492000,32.86949194335938,-0.3576849699020386,0.20032815635204315,0.5665952563285828
1789453844462431200,32.87943115234375,-0.332065612077713,0.1599053591489792,0.5952527523040771
1789453844472371200,32.88937109375,-0.24105562269687653,0.2592790126800537,0.6310235261917114
1789453844482310100,32.89931005859375,-0.1693606674671173,0.2225620001554489,0.6142925024032593
1789453844492249000,32.9092490234375,-0.13447770476341248,0.1464206576347351,0.6471864581108093
1789453844502189000,32.91918896484375,-0.15192434191703796,0.14075984060764313,0.6860057711601257
1789453844512128000,32.9291279296875,-0.2422693520784378,0.14363481104373932,0.6814541816711426
1789453844522068000,32.93906787109375,-0.26314717531204224,0.11382444202899933,0.6971103549003601
1789453844532007000,32.9490068359375,-0.1219615787267685,0.10373345762491226,0.6579973101615906
1789453844541947100,32.95894702148438,0.1168304979801178,0.09282488375902176,0.5628196597099304
1789453844551886000,32.968885986328125,0.3774336874485016,0.06802338361740112,0.46882209181785583
1789453844561826000,32.97882592773438,0.6188292503356934,0.1289658397436142,0.4101681113243103
1789453844571765200,32.98876513671875,0.8013995289802551,0.2801867425441742,0.3996713161468506
1789453844581705200,32.99870532226562,0.9333956837654114,0.42093613743782043,0.4268006682395935
1789453844591644200,33.00864404296875,1.0183192491531372,0.4665353000164032,0.4151318371295929
1789453844601584000,33.01858422851563,1.1103538274765015,0.38867273926734924,0.4146559238433838
1789453844611523000,33.028523193359376,1.194563865661621,0.32468679547309875,0.4316105544567108
1789453844621462000,33.0384619140625,1.2823909521102905,0.31701555848121643,0.43330803513526917
1789453844631402000,33.048402099609376,1.3568871021270752,0.37822726368904114,0.45085787773132324
1789453844641341200,33.058341064453124,1.4228036403656006,0.4207395911216736,0.4814802408218384
1789453844651281200,33.06828125,1.4945473670959473,0.43530458211898804,0.5558676719665527
1789453844661220000,33.07822021484375,1.571384072303772,0.4446069896221161,0.6182868480682373
1789453844671160000,33.08816015625,1.6774319410324097,0.48520514369010925,0.6814928650856018
1789453844681099300,33.098099365234376,1.7781018018722534,0.535184383392334,0.742071807384491
1789453844691039000,33.1080390625,1.8728035688400269,0.5516101717948914,0.7947409152984619
1789453844700978000,33.11797802734375,1.9204790592193604,0.47706350684165955,0.8218042254447937
1789453844710918100,33.12791821289063,1.882983684539795,0.36736008524894714,0.8174160718917847
1789453844720857000,33.137857177734375,1.8226433992385864,0.27365943789482117,0.8499055504798889
1789453844730796000,33.14779614257812,1.783398151397705,0.20281949639320374,0.8808260560035706
1789453844740736000,33.157736083984375,1.772392988204956,0.10361354053020477,0.8422113060951233
1789453844750675200,33.16767529296875,1.7750152349472046,0.05906786769628525,0.8141961097717285
1789453844760615200,33.177615234375,1.809428334236145,0.004336707293987274,0.7863767147064209
1789453844770554000,33.18755419921875,1.856488823890686,-0.08904214948415756,0.7284079194068909
1789453844780494300,33.197494384765626,1.8664354085922241,-0.09775467962026596,0.6966347694396973
1789453844790433300,33.207433349609374,1.8684675693511963,-0.13548485934734344,0.6577575206756592
1789453844800373000,33.217373046875,1.830213189125061,-0.039806533604860306,0.6034162640571594
1789453844810312000,33.22731201171875,1.8066766262054443,0.016591493040323257,0.6025805473327637
1789453844820252200,33.237252197265626,1.784419298171997,-0.0765078216791153,0.5490975975990295
1789453844830191000,33.247191162109374,1.7024950981140137,-0.14607083797454834,0.5738722085952759
1789453844840130000,33.25713012695312,1.6154528856277466,-0.19251716136932373,0.6395937204360962
1789453844850070000,33.267070068359374,1.563921332359314,-0.18654832243919373,0.6175986528396606
1789453844860009200,33.27700927734375,1.5511419773101807,-0.09662642329931259,0.5871787071228027
1789453844869949200,33.28694921875,1.5558749437332153,-0.04863903671503067,0.5545892119407654
1789453844879888100,33.29688818359375,1.5528372526168823,-0.03095165081322193,0.5397769212722778
1789453844889828000,33.306828125,1.4922277927398682,-0.0813702791929245,0.5146511197090149
1789453844899767000,33.31676708984375,1.3646363019943237,-0.11528616398572922,0.537205159664154
1789453844909707000,33.32670703125,1.25199556350708,-0.15105795860290527,0.6145506501197815
1789453844919646000,33.33664599609375,1.2060848474502563,-0.18590223789215088,0.6498963832855225
1789453844929586200,33.346586181640625,1.1722345352172852,-0.2372967153787613,0.6309471726417542
1789453844939525000,33.35652514648437,1.0873008966445923,-0.26500290632247925,0.5839240550994873
1789453844949464000,33.36646411132813,0.9973036646842957,-0.2175946831703186,0.5389276742935181
1789453844959404000,33.37640405273437,0.9340937733650208,-0.23623494803905487,0.4836396872997284
1789453844969343200,33.38634326171875,0.8494383096694946,-0.27941492199897766,0.39465707540512085
1789453844979283200,33.396283203125,0.7509476542472839,-0.335953027009964,0.3072097897529602
1789453844989222100,33.40622216796875,0.6248244047164917,-0.23192013800144196,0.24964432418346405
1789453844999162000,33.416162109375,0.47211363911628723,-0.12801824510097504,0.19273895025253296
1789453845009101000,33.42610107421875,0.32869794964790344,-0.1067034900188446,0.08022183179855347
1789453845019041000,33.436041015625,0.19927363097667694,-0.049189064651727676,-0.018484504893422127
1789453845028980000,33.44597998046875,0.10336004942655563,-0.12639570236206055,-0.06135400012135506
1789453845038920200,33.45592016601562,-0.0006465082988142967,-0.12850092351436615,-0.04352094233036041
1789453845048859100,33.46585913085938,-0.09388736635446548,-0.2632652223110199,-0.06370575726032257
1789453845058799000,33.47579907226562,-0.1744554489850998,-0.2684336304664612,-0.10728945583105087
1789453845068738000,33.48573803710938,-0.28267043828964233,-0.23046167194843292,-0.13195879757404327
1789453845078677200,33.49567724609375,-0.38625437021255493,-0.27778148651123047,-0.19504348933696747
1789453845088617000,33.50561694335938,-0.48175129294395447,-0.1690271496772766,-0.27251458168029785
1789453845098556200,33.51555615234375,-0.5588958859443665,0.09554484486579895,-0.27155131101608276
1789453845108496100,33.52549609375,-0.5938466191291809,0.11281275004148483,-0.24842220544815063
1789453845118435000,33.53543505859375,-0.6918994188308716,-0.17705050110816956,-0.33425799012184143
1789453845128375000,33.545375,-0.8582345247268677,-0.2879752516746521,-0.49284815788269043
1789453845138314000,33.55531396484375,-0.9787601232528687,-0.16266368329524994,-0.5780927538871765
1789453845148254200,33.56525415039062,-1.0296311378479004,0.07568448036909103,-0.49076589941978455
1789453845158193200,33.57519311523438,-0.9664241075515747,0.12050441652536392,-0.2924855649471283
1789453845168133000,33.58513305664062,-0.8532410264015198,-0.0004329055082052946,-0.24942287802696228
1789453845178072300,33.595072265625,-0.7543312311172485,-0.17631444334983826,-0.3704051971435547
1789453845188011300,33.60501123046875,-0.6823373436927795,-0.27766087651252747,-0.4741082191467285
1789453845197951000,33.61495092773438,-0.6239264607429504,-0.3271346688270569,-0.44230687618255615
1789453845207890000,33.624889892578125,-0.6172919869422913,-0.3387942910194397,-0.36608436703681946
1789453845217830100,33.634830078125,-0.6833016276359558,-0.31242793798446655,-0.32294008135795593
1789453845227769000,33.64476904296875,-0.783318281173706,-0.23733843863010406,-0.29783767461776733
1789453845237709000,33.654708984375,-0.825171709060669,0.034429166465997696,-0.20622704923152924
1789453845247648000,33.66464794921875,-0.6967586278915405,0.24237383902072906,-0.08953718841075897
1789453845257588200,33.67458813476563,-0.5247237682342529,0.12448795884847641,-0.1704791784286499
1789453845267527200,33.684527099609376,-0.4860548973083496,-0.0987105444073677,-0.43361058831214905
1789453845277467100,33.69446704101563,-0.6523293852806091,-0.42407506704330444,-0.6696526408195496
1789453845287406000,33.704406005859376,-1.001556396484375,-0.5718392729759216,-0.7226307392120361
1789453845297346000,33.71434594726563,-1.334045648574829,-0.23365220427513123,-0.5501718521118164
1789453845307284700,33.72428466796875,-1.520493745803833,0.12380395829677582,-0.40393105149269104
1789453845317223700,33.7342236328125,-1.5735853910446167,0.4123883545398712,-0.4481046497821808
1789453845327164000,33.744163818359375,-1.5214778184890747,0.4500162899494171,-0.5989978909492493
1789453845337102800,33.75410278320312,-1.3963137865066528,0.03972596302628517,-0.7961700558662415
1789453845347042800,33.764042724609375,-1.2220572233200073,-0.2547386586666107,-0.8293159008026123
1789453845356981800,33.77398168945312,-1.025882363319397,-0.2534904479980469,-0.7030069828033447
1789453845366922000,33.783921875,-0.8680636882781982,-0.03197422996163368,-0.6381421089172363
1789453845376861000,33.79386083984375,-0.7377637624740601,0.040400635451078415,-0.775644063949585
1789453845386800600,33.803800537109375,-0.6489236354827881,-0.163360595703125,-1.010957956314087
1789453845396739800,33.81373974609375,-0.7478097081184387,-0.5915886759757996,-1.2246606349945068
1789453845406679800,33.8236796875,-0.8314462304115295,-0.7637925744056702,-1.1988093852996826
1789453845416618800,33.83361865234375,-0.9100068211555481,-0.5839029550552368,-0.9150415062904358
1789453845426557700,33.8435576171875,-1.0184694528579712,-0.24224939942359924,-0.6529715061187744
1789453845436498000,33.853497802734374,-1.0084913969039917,-0.17814737558364868,-0.5922375917434692
1789453845446436900,33.86343676757812,-0.8825203776359558,-0.5669137835502625,-0.8866816163063049
1789453845456376800,33.873376953125,-0.7024369239807129,-0.5665643811225891,-1.264902114868164
1789453845466315800,33.88331567382812,-0.736682653427124,-0.23310407996177673,-1.2500866651535034
1789453845476256000,33.893256103515625,-1.0288454294204712,0.20944058895111084,-0.8741122484207153
1789453845486195000,33.90319482421875,-1.251155138015747,0.5665656924247742,-0.5421014428138733
1789453845496134700,33.913134765625,-1.334165096282959,0.6541410684585571,-0.44782555103302
1789453845506073900,33.92307397460937,-1.2676950693130493,0.3865024745464325,-0.5945008397102356
1789453845516013800,33.933013916015625,-1.2027714252471924,-0.003966492600739002,-0.8737412691116333
1789453845525952800,33.94295288085937,-1.2043098211288452,-0.3127839267253876,-1.0707656145095825
1789453845535893000,33.95289306640625,-1.2380776405334473,-0.41267910599708557,-1.0607273578643799
1789453845545832000,33.96283203125,-1.2794113159179688,-0.270931601524353,-0.8863670825958252
1789453845555772000,33.97277197265625,-1.2804758548736572,-0.14074164628982544,-0.7178390622138977
1789453845565710800,33.9827109375,-1.2458676099777222,-0.07540252059698105,-0.6599429845809937
1789453845575649800,33.99264990234375,-1.195436716079712,-0.13107377290725708,-0.7007313966751099
1789453845585589800,34.00258984375,-1.1513786315917969,-0.25548815727233887,-0.7846643328666687
1789453845595529000,34.01252905273437,-1.1579930782318115,-0.241751566529274,-0.7833012938499451
1789453845605468700,34.02246875,-1.1801495552062988,-0.1883012056350708,-0.734955906867981
1789453845615407900,34.03240795898437,-1.1217315196990967,-0.16845320165157318,-0.745941698551178
1789453845625347800,34.042347900390624,-1.0786434412002563,-0.17115139961242676,-0.7773138284683228
1789453845635286800,34.05228686523437,-1.0049985647201538,-0.1622188836336136,-0.8125882148742676
1789453845645227000,34.06222705078125,-0.9476432204246521,-0.08737584203481674,-0.7512325644493103
1789453845655166000,34.072166015625,-0.9066060781478882,-0.04064163193106651,-0.6016294956207275
1789453845665106000,34.08210595703125,-0.9022782444953918,0.02635951340198517,-0.4288806617259979
1789453845675044900,34.092044921875,-0.864913284778595,0.013092176988720894,-0.382432222366333
1789453845684984800,34.10198486328125,-0.7810981869697571,-0.003858439391478896,-0.3226909935474396
1789453845694923800,34.111923828125,-0.8247250318527222,0.10583609342575073,-0.12332461029291153
1789453845704862700,34.12186279296875,-0.7293185591697693,0.02118637040257454,-0.06519922614097595
1789453845714802700,34.131802734375,-0.7087892889976501,0.12180566042661667,-0.028106456622481346
1789453845724742000,34.14174194335938,-0.79729163646698,0.4823392629623413,0.11575345695018768
1789453845734681900,34.15168188476562,-0.6738226413726807,0.5997775197029114,0.18959864974021912
1789453845744620800,34.16162084960938,-0.6090522408485413,0.6449941396713257,0.34863725304603577
1789453845754561000,34.17156103515625,-0.6066210865974426,0.618745744228363,0.5191277861595154
1789453845764500000,34.1815,-0.4472680985927582,0.3146953582763672,0.5738183856010437
1789453845774440000,34.19143994140625,-0.3496517837047577,0.2480076551437378,0.5322344899177551
1789453845784379000,34.20137890625,-0.27425846457481384,0.17585082352161407,0.4737229645252228
1789453845794318800,34.21131884765625,-0.1841040700674057,0.14130163192749023,0.4689559042453766
1789453845804257800,34.2212578125,-0.1484459787607193,0.1020323783159256,0.5012578368186951
1789453845814197800,34.23119775390625,-0.1514819860458374,0.09387750923633575,0.5705130696296692
1789453845824136700,34.24113671875,-0.18655376136302948,-0.06189882010221481,0.5478765964508057
1789453845834076000,34.25107592773438,-0.21298083662986755,-0.11516337096691132,0.5398261547088623
1789453845844015900,34.26101586914063,-0.1549803912639618,-0.05457885563373566,0.510418176651001
1789453845853954800,34.270954833984376,-0.03321746736764908,0.06363727152347565,0.5463594198226929
1789453845863895000,34.28089501953125,0.13929526507854462,0.19534847140312195,0.5964133739471436
1789453845873834000,34.290833984375,0.3191286623477936,0.28824540972709656,0.641217052936554
1789453845883773700,34.30077368164063,0.474413126707077,0.3569137156009674,0.6620073914527893
1789453845893712600,34.310712646484376,0.5792441964149475,0.3743981719017029,0.6603186726570129
1789453845903652900,34.32065283203125,0.6670789122581482,0.3779897093772888,0.6611870527267456
1789453845913591800,34.330591796875,0.746665358543396,0.3465803861618042,0.7135376334190369
1789453845923531800,34.34053173828125,0.8703691959381104,0.2626488506793976,0.8035202026367188
1789453845933471000,34.35047094726563,1.0168664455413818,0.254658043384552,0.8663489818572998
1789453845943411000,34.36041088867187,1.127786636352539,0.28639620542526245,0.8628242015838623
1789453845953350000,34.37034985351563,1.208943486213684,0.34636446833610535,0.8536136150360107
1789453845963288800,34.380288818359375,1.2595698833465576,0.422603964805603,0.864066481590271
1789453845973229000,34.39022900390625,1.264963150024414,0.4660944640636444,0.8861891031265259
1789453845983168000,34.40016796875,1.34848153591156,0.4478694498538971,0.9670389294624329
1789453845993107700,34.41010766601563,1.4746363162994385,0.29418855905532837,0.9622519016265869
1789453846003046700,34.420046630859375,1.5645419359207153,0.20996712148189545,0.920511782169342
1789453846012987000,34.42998681640625,1.6309865713119507,0.22052495181560516,0.9273862242698669
1789453846022925800,34.43992578125,1.664151906967163,0.29329854249954224,0.9465373158454895
1789453846032865800,34.44986572265625,1.670709490776062,0.3961961567401886,0.9645160436630249
1789453846042805000,34.459804931640626,1.6860278844833374,0.4581890106201172,0.9480831027030945
1789453846052745000,34.46974487304688,1.6566669940948486,0.44337865710258484,0.9085633754730225
1789453846062684000,34.479683837890626,1.6185768842697144,0.36618319153785706,0.873846709728241
1789453846072623600,34.48962353515625,1.633172869682312,0.25464150309562683,0.8166707754135132
1789453846082562800,34.499562744140626,1.6660298109054565,0.196372851729393,0.741886556148529
1789453846092502800,34.50950268554688,1.642075777053833,0.19277331233024597,0.7437350749969482
1789453846102441700,34.519441650390625,1.6611902713775635,0.22170016169548035,0.75625079870224
1789453846112380700,34.52938061523437,1.7366193532943726,0.20537018775939941,0.7010557055473328
1789453846122321000,34.53932080078125,1.8115581274032593,0.1464095562696457,0.5995482802391052
1789453846132259800,34.549259765625,1.815482497215271,0.010752130299806595,0.5355096459388733
1789453846142199800,34.55919970703125,1.7572484016418457,-0.0666247010231018,0.5729646682739258
1789453846152139000,34.569138916015625,1.670623540878296,-0.1128811463713646,0.6529697775840759
1789453846162079000,34.57907885742188,1.607201337814331,-0.09100907295942307,0.7420606017112732
1789453846172018000,34.589017822265625,1.5731134414672852,-0.13685059547424316,0.75694739818573
1789453846181958000,34.5989580078125,1.5596307516098022,-0.1880420297384262,0.7306317687034607
1789453846191896800,34.608896728515624,1.5015578269958496,-0.16320165991783142,0.7084305882453918
1789453846201836800,34.6188369140625,1.42756187915802,-0.11007964611053467,0.6710594892501831
1789453846211775700,34.628775634765624,1.3175081014633179,-0.03360510990023613,0.6995713114738464
1789453846221716000,34.63871606445313,1.2403450012207031,-0.01916845142841339,0.7874214053153992
1789453846231655000,34.648655029296876,1.2522565126419067,-0.03311888873577118,0.8373919129371643
1789453846241593900,34.65859375,1.3433187007904053,-0.04736175760626793,0.8050212860107422
1789453846251533800,34.668533935546876,1.383333444595337,-0.026054073125123978,0.6910334825515747
1789453846261473000,34.67847314453125,1.2892340421676636,-0.023799104616045952,0.5871790051460266
1789453846271412700,34.688412841796875,1.1254605054855347,0.011615078896284103,0.5689323544502258
1789453846281351700,34.6983515625,0.9916396737098694,0.06680070608854294,0.6070913076400757
1789453846291292000,34.7082919921875,0.9228909611701965,0.08691396564245224,0.6075080633163452
1789453846301231600,34.71823168945313,0.9328247904777527,0.04145265370607376,0.5445685386657715
1789453846311171600,34.72817163085937,0.9254984855651855,0.00430422043427825,0.46577492356300354
1789453846321110500,34.73811059570313,0.8780947923660278,0.03123055398464203,0.41074392199516296
1789453846331050800,34.74805078125,0.7628193497657776,0.031201258301734924,0.35947778820991516
1789453846340989700,34.75798974609375,0.5946792364120483,0.07607343047857285,0.2720996141433716
1789453846350929400,34.76792944335938,0.46520859003067017,0.12454402446746826,0.19300027191638947
1789453846360868600,34.77786865234375,0.320289671421051,0.08655128628015518,0.11204013228416443
1789453846370807600,34.7878076171875,0.16124995052814484,0.018224161118268967,0.015245946124196053
1789453846380747500,34.79774755859375,0.051455795764923096,-0.06509064137935638,-0.09447378665208817
1789453846390686500,34.8076865234375,-0.10900072008371353,-0.07342766970396042,-0.1660182625055313
1789453846400626700,34.81762670898438,-0.2827332019805908,0.007029199972748756,-0.19325098395347595
1789453846410565600,34.827565673828126,-0.42428475618362427,0.23525704443454742,-0.1697741597890854
1789453846420505600,34.83750561523438,-0.5065142512321472,0.30967840552330017,-0.1414358764886856
1789453846430444500,34.847444580078125,-0.5387960076332092,0.13981907069683075,-0.17280179262161255
1789453846440384500,34.85738452148438,-0.5803307294845581,-0.10382385551929474,-0.27850401401519775
1789453846450323500,34.867323486328125,-0.635492205619812,-0.20327028632164001,-0.3975302577018738
1789453846460263400,34.87726342773438,-0.6931873559951782,-0.0711212083697319,-0.46782922744750977
1789453846470202600,34.88720263671875,-0.7501329183578491,0.11922477185726166,-0.4566996097564697
1789453846480142600,34.897142578125,-0.794633150100708,0.250935822725296,-0.43319612741470337
1789453846490081500,34.90708154296875,-0.7758706212043762,0.3159995377063751,-0.3967755138874054
1789453846500020500,34.9170205078125,-0.7830785512924194,0.22121372818946838,-0.4222775399684906
1789453846509960700,34.926960693359376,-0.8121142387390137,0.08957155793905258,-0.46105077862739563
1789453846519899600,34.936899658203124,-0.8603508472442627,0.09292919933795929,-0.428812175989151
1789453846529839600,34.946839599609376,-0.8722264170646667,0.14507842063903809,-0.3534676134586334
1789453846539778800,34.95677880859375,-0.8253529667854309,0.22395765781402588,-0.298021525144577
1789453846549718500,34.966718505859376,-0.7234976887702942,0.18185387551784515,-0.3219156563282013
1789453846559657500,34.976657470703124,-0.6299782395362854,0.1110677421092987,-0.417999267578125
1789453846569597400,34.986597412109376,-0.6136903762817383,0.05490593984723091,-0.5016664862632751
1789453846579536600,34.99653662109375,-0.67556232213974,-0.0404776856303215,-0.5971385836601257
1789453846589476600,35.0064765625,-0.7307541966438293,0.08337422460317612,-0.6456549763679504
1789453846599415600,35.01641552734375,-0.7279220223426819,0.371795654296875,-0.5934056639671326
1789453846609355800,35.02635571289063,-0.7052143216133118,0.4920589327812195,-0.5365644693374634
1789453846619294700,35.036294677734375,-0.6750900149345398,0.32599782943725586,-0.5793084502220154
1789453846629234400,35.046234375,-0.6466692686080933,0.0193023644387722,-0.6920690536499023
1789453846639173600,35.056173583984375,-0.6586478352546692,-0.2108035534620285,-0.7408410310745239
1789453846649112600,35.06611254882812,-0.699306845664978,-0.3490106761455536,-0.730292558670044
1789453846659052500,35.076052490234375,-0.7952927947044373,-0.3735760748386383,-0.7164856195449829
1789453846668991500,35.08599145507812,-0.8767123222351074,-0.30628570914268494,-0.7151979804039001
1789453846678931700,35.095931640625,-0.9495193362236023,-0.2699887752532959,-0.7584290504455566
1789453846688870700,35.10587060546875,-0.9660993814468384,-0.29465818405151367,-0.8059931397438049
1789453846698810600,35.115810546875,-0.915996789932251,-0.3624570965766907,-0.8190264105796814
1789453846708749600,35.12574951171875,-0.8383874893188477,-0.4235801100730896,-0.7986425757408142
1789453846718689800,35.135689697265626,-0.7476034760475159,-0.4155783951282501,-0.7415239810943604
1789453846728628700,35.145628662109374,-0.6701409220695496,-0.33902478218078613,-0.6619961261749268
1789453846738568400,35.155568359375,-0.642546534538269,-0.2653351426124573,-0.617839515209198
1789453846748507400,35.16550732421875,-0.6617556810379028,-0.25394800305366516,-0.6194475293159485
1789453846758447600,35.175447509765625,-0.7346832752227783,-0.25178003311157227,-0.6686709523200989
1789453846768386600,35.18538647460937,-0.8481581211090088,-0.17772231996059418,-0.6938530206680298
1789453846778326500,35.195326416015625,-0.9607957601547241,-0.10133682936429977,-0.6861596703529358
1789453846788265700,35.205265625,-1.0749398469924927,0.03386600315570831,-0.6771025061607361
1789453846798204700,35.21520458984375,-1.1123186349868774,0.11274649202823639,-0.6525589823722839
1789453846808144600,35.22514453125,-1.1237608194351196,0.0999651849269867,-0.6393440961837769
1789453846818083600,35.23508349609375,-1.189025640487671,0.050339870154857635,-0.6529462337493896
1789453846828023600,35.2450234375,-1.2313719987869263,-0.020988639444112778,-0.6929919123649597
1789453846837962800,35.25496264648437,-1.3051637411117554,-0.042479634284973145,-0.7347634434700012
1789453846847902500,35.26490234375,-1.3796526193618774,-0.03536420315504074,-0.7744876742362976
1789453846857841400,35.27484130859375,-1.3790161609649658,-0.06652490049600601,-0.8043760061264038
1789453846867781600,35.28478173828125,-1.320113182067871,-0.2203272432088852,-0.8637964725494385
1789453846877720600,35.29472045898437,-1.2558513879776,-0.38356268405914307,-0.9442859292030334
1789453846887660500,35.30466064453125,-1.2298901081085205,-0.3707837760448456,-0.9801387190818787
1789453846897599700,35.314599853515624,-1.20600163936615,-0.27934548258781433,-0.975489616394043
1789453846907539700,35.324539794921876,-1.1707346439361572,-0.19202151894569397,-0.9515509605407715
1789453846917478700,35.334478759765624,-1.154537320137024,-0.18067960441112518,-0.9509627223014832
1789453846927418600,35.344418701171875,-1.1268888711929321,-0.1504359394311905,-0.9694602489471436
1789453846937357600,35.35435766601562,-1.1806079149246216,-0.10585468262434006,-0.9581770896911621
1789453846947296500,35.36429663085938,-1.1425566673278809,-0.19619841873645782,-0.9142469167709351
1789453846957236500,35.37423657226562,-1.132127285003662,-0.25941675901412964,-0.870133101940155
1789453846967175400,35.38417553710938,-1.1401914358139038,-0.31130552291870117,-0.8762972950935364
1789453846977115600,35.39411572265625,-1.1950762271881104,-0.31191569566726685,-0.8090304732322693
1789453846987054600,35.4040546875,-1.229349970817566,-0.3056737780570984,-0.6510352492332458
1789453846996994600,35.41399462890625,-1.1612000465393066,-0.3445054590702057,-0.5582479238510132
1789453847006933800,35.42393383789062,-1.068509817123413,-0.29969778656959534,-0.49005961418151855
1789453847016873500,35.43387353515625,-0.9317476749420166,-0.2794371247291565,-0.41255825757980347
1789453847026812700,35.44381274414062,-0.8155179619789124,-0.18035875260829926,-0.2793639898300171
1789453847036752600,35.453752685546874,-0.6905003190040588,-0.0452972911298275,-0.21897614002227783
1789453847046691600,35.46369165039062,-0.7338656187057495,0.16383622586727142,-0.060376912355422974
1789453847056631600,35.473631591796874,-0.7640071511268616,0.23199115693569183,-0.03021477349102497
1789453847066570500,35.48357055664062,-0.7576320767402649,0.2005714476108551,-0.030192403122782707
1789453847076510700,35.4935107421875,-0.7508248686790466,0.18889905512332916,0.09361216425895691
1789453847086449700,35.50344970703125,-0.6622806191444397,0.21127653121948242,0.30742430686950684
1789453847096388600,35.513388671875,-0.4429388642311096,-0.001939327223226428,0.25712963938713074
1789453847106328600,35.52332861328125,-0.30909398198127747,0.10881861299276352,0.3243393003940582
1789453847116267800,35.53326782226563,-0.16544029116630554,0.20391446352005005,0.23378852009773254
1789453847126207500,35.54320751953125,-0.015233485028147697,0.26857227087020874,0.16392076015472412
1789453847136146400,35.553146484375,0.02064417116343975,0.2935689687728882,0.19456787407398224
1789453847146086700,35.56308666992187,-0.03285766765475273,0.3148108720779419,0.2678578197956085
1789453847156025600,35.57302563476563,-0.07694832980632782,0.2166595458984375,0.3100071847438812
1789453847165965600,35.58296557617187,-0.1558348834514618,0.08173367381095886,0.3095366060733795
1789453847175904500,35.59290454101563,-0.2033124715089798,0.028179049491882324,0.33000263571739197
1789453847185844700,35.6028447265625,-0.12214996665716171,0.015318378806114197,0.3215382993221283
1789453847195783700,35.61278369140625,0.0056345174089074135,0.036580294370651245,0.32671427726745605
1789453847205723600,35.6227236328125,0.1818806529045105,0.19740088284015656,0.3715786635875702
1789453847215662600,35.63266259765625,0.36685922741889954,0.3039246201515198,0.39186784625053406
1789453847225602600,35.6426025390625,0.48646631836891174,0.34761562943458557,0.4799231290817261
1789453847235541500,35.65254150390625,0.5850792527198792,0.34623029828071594,0.5625243782997131
1789453847245481500,35.6624814453125,0.6731752753257751,0.2978379726409912,0.6026262640953064
1789453847255420700,35.67242065429687,0.7723358869552612,0.2656395435333252,0.6426201462745667
1789453847265359600,35.68235961914063,0.8903964757919312,0.27619123458862305,0.6838685274124146
1789453847275299600,35.69229956054688,1.0207046270370483,0.29298391938209534,0.7308272123336792
1789453847285238500,35.70223852539063,1.130125880241394,0.29826924204826355,0.7572438716888428
1789453847295178800,35.7121787109375,1.2603310346603394,0.3407477140426636,0.7529003024101257
1789453847305117200,35.7221171875,1.3873385190963745,0.35808542370796204,0.7391453385353088
1789453847315057200,35.73205712890625,1.4608441591262817,0.44427770376205444,0.7386738061904907
1789453847324996000,35.74199609375,1.5028371810913086,0.4771941006183624,0.7269063591957092
1789453847334935800,35.751935791015626,1.5258084535598755,0.48799142241477966,0.7241127490997314
1789453847344875000,35.761875,1.5228445529937744,0.5286035537719727,0.7424001693725586
1789453847354815000,35.77181494140625,1.5720657110214233,0.5577980875968933,0.7651275396347046
1789453847364754000,35.78175390625,1.6347038745880127,0.5100817084312439,0.7555239200592041
1789453847374694100,35.79169409179688,1.6651654243469238,0.42563310265541077,0.7270141243934631
1789453847384633000,35.801633056640625,1.6852786540985107,0.34003084897994995,0.7170435190200806
1789453847394572000,35.81157202148437,1.6936709880828857,0.23537211120128632,0.7014407515525818
1789453847404512000,35.821511962890625,1.7337992191314697,0.17639747262001038,0.6807029843330383
1789453847414451200,35.831451171875,1.7890167236328125,0.18249842524528503,0.6922944784164429
1789453847424391000,35.841390869140625,1.8479048013687134,0.21007280051708221,0.7093437314033508
1789453847434330000,35.851330078125,1.8781112432479858,0.2043389230966568,0.6741306185722351
1789453847444269800,35.861269775390625,1.8636361360549927,0.10854688286781311,0.6162683963775635
1789453847454209000,35.871208984375,1.8329014778137207,0.04694988206028938,0.5962812304496765
1789453847464149000,35.88114892578125,1.8412535190582275,0.0952063575387001,0.6339636445045471
1789453847474088000,35.891087890625,1.875142216682434,0.08905335515737534,0.5756077170372009
1789453847484028200,35.901028076171876,1.8442816734313965,0.10466187447309494,0.5074872374534607
1789453847493967000,35.910967041015624,1.76474130153656,0.04994666948914528,0.5072460770606995
1789453847503907000,35.920906982421876,1.7274447679519653,0.009404569864273071,0.534332275390625
1789453847513846000,35.930845947265624,1.6980074644088745,0.0614532046020031,0.6197931170463562
1789453847523786000,35.940785888671876,1.6890202760696411,0.08465573191642761,0.7145305871963501
1789453847533725000,35.950724853515624,1.717179536819458,0.012728688307106495,0.6946006417274475
1789453847543665000,35.960664794921875,1.6955679655075073,-0.05873776972293854,0.6488339304924011
1789453847553604000,35.97060400390625,1.6106895208358765,-0.10272391885519028,0.6736537218093872
1789453847563543000,35.98054296875,1.4862322807312012,-0.12321747839450836,0.6721034646034241
1789453847573483000,35.99048291015625,1.359203815460205,-0.10705898702144623,0.6349543929100037
1789453847583422000,36.000421875,1.2588329315185547,-0.15645502507686615,0.5896188616752625
1789453847593362200,36.010362060546875,1.1643366813659668,-0.15471547842025757,0.649182915687561
1789453847603301000,36.02030102539062,1.1222095489501953,-0.15383876860141754,0.7572651505470276
1789453847613240800,36.03024072265625,1.1289888620376587,-0.16946473717689514,0.7540585994720459
1789453847623180000,36.04017993164062,1.1589679718017578,-0.18376031517982483,0.6765174865722656
1789453847633120000,36.0501201171875,1.1296889781951904,-0.15698443353176117,0.6085674166679382
1789453847643059000,36.06005883789062,1.0504316091537476,-0.1532544046640396,0.5198548436164856
1789453847652999000,36.0699990234375,0.9184119701385498,-0.12045382708311081,0.4830232560634613
1789453847662938000,36.079938232421874,0.7216544151306152,-0.1301937997341156,0.48319104313850403
1789453847672878000,36.089878173828126,0.5970855951309204,-0.142092764377594,0.43509772419929504
1789453847682817000,36.099817138671874,0.46871107816696167,-0.1432805359363556,0.3377930223941803
1789453847692757200,36.10975732421875,0.37713462114334106,-0.09247957170009613,0.24580681324005127
1789453847702696200,36.1196962890625,0.2764633893966675,-0.08700437843799591,0.1320301741361618
1789453847712635100,36.12963525390625,0.13083671033382416,-0.093397356569767,0.010391578078269958
1789453847722574800,36.13957495117187,-0.012760395184159279,-0.19159768521785736,-0.12781023979187012
1789453847732513800,36.149513671875,-0.16022440791130066,-0.2620641589164734,-0.2157738357782364
1789453847742454000,36.1594541015625,-0.3219725489616394,-0.2517009973526001,-0.2595607340335846
1789453847752393000,36.16939306640625,-0.47098129987716675,-0.2208041399717331,-0.3031429648399353
1789453847762333000,36.1793330078125,-0.5954601168632507,-0.15346583724021912,-0.3495655953884125
1789453847772272000,36.18927221679687,-0.6879318356513977,-0.10588250309228897,-0.3895447254180908
1789453847782212000,36.199212158203125,-0.7370147109031677,-0.01038474403321743,-0.4042040705680847
1789453847792151000,36.20915112304687,-0.7592233419418335,-0.003560393350198865,-0.403246134519577
1789453847802091000,36.219091064453124,-0.7962444424629211,-0.004261337220668793,-0.40824729204177856
1789453847812030000,36.22903002929687,-0.8572109341621399,0.013044305145740509,-0.4167330861091614
1789453847821970000,36.238969970703124,-0.8970621824264526,0.006172818597406149,-0.42727574706077576
1789453847831908900,36.24890893554687,-0.9036189913749695,0.0006976313889026642,-0.38147130608558655
1789453847841849000,36.25884912109375,-0.9135797619819641,0.031224383041262627,-0.36670488119125366
1789453847851788000,36.2687880859375,-0.9129374623298645,-0.02857191674411297,-0.38627883791923523
1789453847861727000,36.27872705078125,-0.9071725010871887,0.029450373724102974,-0.39045441150665283
1789453847871667000,36.2886669921875,-0.8780149221420288,0.1473512351512909,-0.3274804651737213
1789453847881606100,36.29860620117187,-0.8249466419219971,0.23731094598770142,-0.25458812713623047
1789453847891546000,36.30854614257812,-0.7328653335571289,0.2775304615497589,-0.24172350764274597
1789453847901485000,36.31848510742188,-0.5908123254776001,0.17987793684005737,-0.29415979981422424
1789453847911425000,36.32842504882812,-0.46933552622795105,0.03650135546922684,-0.3437047302722931
1789453847921364000,36.33836401367188,-0.4219256639480591,-0.030251573771238327,-0.37750929594039917
1789453847931304000,36.34830395507812,-0.4568737745285034,-0.026060622185468674,-0.4023846685886383
1789453847941243000,36.35824291992188,-0.5286771059036255,-0.045321401208639145,-0.43908941745758057
1789453847951183000,36.36818310546875,-0.6268331408500671,-0.06364519894123077,-0.4873807430267334
1789453847961122000,36.3781220703125,-0.7102407217025757,-0.023283926770091057,-0.522888720035553
1789453847971062000,36.38806201171875,-0.7558038234710693,-0.03000277653336525,-0.5931525826454163
1789453847981001000,36.3980009765625,-0.7925426363945007,-0.1577753871679306,-0.7008615136146545
1789453847990941000,36.40794091796875,-0.8754264712333679,-0.3055083155632019,-0.7820225954055786
1789453848000880000,36.41788012695312,-0.9726041555404663,-0.3581102788448334,-0.8102832436561584
1789453848010819000,36.42781909179688,-1.0006591081619263,-0.23682573437690735,-0.7453839778900146
1789453848020759000,36.43775903320312,-0.9592360258102417,-0.13612602651119232,-0.6421909928321838
1789453848030698000,36.44769799804688,-0.87109375,-0.12732496857643127,-0.5704430341720581
1789453848040638000,36.45763793945312,-0.7431812882423401,-0.13398152589797974,-0.4973129332065582
1789453848050577000,36.46757690429688,-0.68515545129776,-0.18035395443439484,-0.4758586585521698
1789453848060517000,36.47751708984375,-0.7364298105239868,-0.21716924011707306,-0.5351275205612183
1789453848070456000,36.4874560546875,-0.8450828194618225,-0.24516186118125916,-0.6151149272918701
1789453848080396000,36.49739599609375,-0.8974629640579224,-0.2201763540506363,-0.6261329650878906
1789453848090335200,36.50733520507813,-0.9142494201660156,-0.17405696213245392,-0.5881291031837463
1789453848100275000,36.51727490234375,-0.9213638305664062,-0.1921859085559845,-0.5831878781318665
1789453848110214000,36.5272138671875,-0.9591382145881653,-0.2669576406478882,-0.6052827835083008
1789453848120153900,36.53715380859375,-1.0378215312957764,-0.22181065380573273,-0.621556282043457
1789453848130093000,36.54709301757813,-1.1159660816192627,-0.027722207829356194,-0.5947508215904236
1789453848140033000,36.55703295898437,-1.165545105934143,0.14052459597587585,-0.5344744324684143
1789453848149972000,36.56697192382813,-1.2177562713623047,0.23860274255275726,-0.5239790081977844
1789453848159912200,36.576912109375,-1.2931774854660034,0.20019756257534027,-0.6148013472557068
1789453848169851100,36.58685107421875,-1.3321245908737183,0.08119375258684158,-0.7130190134048462
1789453848179790000,36.5967900390625,-1.3164825439453125,0.004690457135438919,-0.7614696025848389
1789453848189730000,36.60672998046875,-1.2603068351745605,-0.06181102246046066,-0.7723221182823181
1789453848199669200,36.61666918945313,-1.2239933013916016,-0.06123817712068558,-0.8042033910751343
1789453848209609000,36.62660888671875,-1.2132195234298706,-0.09695044904947281,-0.8525984287261963
1789453848219548000,36.6365478515625,-1.185844898223877,-0.16084128618240356,-0.8804369568824768
1789453848229487900,36.64648779296875,-1.165636420249939,-0.20555855333805084,-0.8826048374176025
1789453848239427000,36.656427001953126,-1.1514263153076172,-0.19173941016197205,-0.8943605422973633
1789453848249367000,36.66636694335938,-1.1438267230987549,-0.15094229578971863,-0.8994173407554626
1789453848259306000,36.676305908203126,-1.1400176286697388,-0.13720011711120605,-0.8659680485725403
1789453848269246200,36.68624609375,-1.1404424905776978,-0.10841062664985657,-0.8608760833740234
1789453848279185200,36.69618505859375,-1.1059637069702148,-0.11891253292560577,-0.834528923034668
1789453848289124900,36.70612475585938,-1.1077125072479248,-0.13123856484889984,-0.776288628578186
1789453848299063800,36.716063720703126,-1.1011627912521362,-0.2052278369665146,-0.7460843920707703
1789453848309004500,36.726004638671874,-1.1164844036102295,-0.13749109208583832,-0.7098602056503296
1789453848318943500,36.73594360351562,-1.1217381954193115,-0.04004894942045212,-0.575183629989624
1789453848328882400,36.74588232421875,-1.0474028587341309,-0.0949883759021759,-0.5392557978630066
1789453848338822400,36.75582250976562,-1.0037208795547485,-0.11332237720489502,-0.4926254153251648
1789453848348761600,36.76576171875,-0.9043055772781372,-0.21586567163467407,-0.506190299987793
1789453848358701600,36.77570166015625,-0.8399508595466614,-0.18437698483467102,-0.4669767916202545
1789453848368640500,36.785640625,-0.722357988357544,-0.15268898010253906,-0.38827893137931824
1789453848378580500,36.79558056640625,-0.6098503470420837,-0.1833568811416626,-0.3354476988315582
1789453848388519400,36.80551953125,-0.5789548754692078,-0.0506647489964962,-0.2735394239425659
1789453848398459400,36.81545947265625,-0.5116932392120361,-0.07451122254133224,-0.2987864315509796
1789453848408398300,36.8253984375,-0.5250192284584045,0.03132608160376549,-0.21788737177848816
1789453848418338600,36.83533862304687,-0.5372096300125122,0.22415892779827118,-0.11240141838788986
1789453848428277500,36.84527758789063,-0.4691011309623718,0.22756576538085938,-0.14613550901412964
1789453848438217500,36.85521752929687,-0.4054774045944214,0.34349608421325684,-0.1141032800078392
1789453848448156400,36.86515649414063,-0.2565091550350189,0.2921118140220642,-0.0496283695101738
1789453848458096400,36.87509643554687,-0.09262223541736603,0.24689853191375732,-0.0617353655397892
1789453848468035600,36.88503564453125,0.06814408302307129,0.25259557366371155,-0.02659475989639759
1789453848477975300,36.89497534179687,0.1736910194158554,0.3727502226829529,-0.03984744846820831
1789453848487914500,36.90491455078125,0.27384471893310547,0.3996488153934479,-0.0018955109408125281
1789453848497853400,36.914853515625,0.3578245937824249,0.2688106596469879,0.021961884573101997
1789453848507793400,36.92479345703125,0.3025861382484436,0.2039969265460968,0.10235595703125
1789453848517732400,36.934732421875,0.22607006132602692,0.13520453870296478,0.214002326130867
1789453848527672600,36.94467260742187,0.20547759532928467,0.03184516355395317,0.23805347084999084
1789453848537611500,36.95461157226563,0.2018037736415863,0.05339333042502403,0.313404381275177
1789453848547551500,36.96455151367188,0.27635911107063293,0.11298566311597824,0.3969149887561798
1789453848557490700,36.97449072265625,0.4210087060928345,0.08999565243721008,0.4547191560268402
1789453848567430400,36.98443041992188,0.5265597701072693,0.011470436118543148,0.5233202576637268
1789453848577369300,36.994369384765626,0.5629993081092834,-0.06321737915277481,0.5868536829948425
1789453848587309300,37.00430932617188,0.6081879734992981,-0.09292091429233551,0.6635549068450928
1789453848597248500,37.01424853515625,0.6722210049629211,-0.07770414650440216,0.750501275062561
1789453848607188500,37.0241884765625,0.7660958766937256,-0.03064907342195511,0.8128929734230042
1789453848617127400,37.03412744140625,0.8638251423835754,0.053019724786281586,0.8747531175613403
1789453848627067600,37.04406762695312,0.9813801050186157,0.16697575151920319,0.9482073783874512
1789453848637006600,37.05400659179688,1.0830411911010742,0.30326300859451294,1.034959077835083
1789453848646946300,37.0639462890625,1.1709308624267578,0.39499130845069885,1.1167136430740356
1789453848656885500,37.07388549804688,1.2306946516036987,0.41091540455818176,1.1485568284988403
1789453848666824700,37.08382470703125,1.296777606010437,0.4311833679676056,1.1269869804382324
1789453848676764400,37.09376440429688,1.3682961463928223,0.46468034386634827,1.1097733974456787
1789453848686703400,37.103703369140625,1.4445005655288696,0.5252304077148438,1.0858352184295654
1789453848696643300,37.11364331054688,1.5108617544174194,0.5117567181587219,1.0534693002700806
1789453848706582500,37.12358251953125,1.52798330783844,0.45850616693496704,0.999640941619873
1789453848716522500,37.1335224609375,1.5120059251785278,0.35582080483436584,0.9170203804969788
1789453848726461400,37.14346142578125,1.5174732208251953,0.24939323961734772,0.8553423285484314
1789453848736401700,37.15340161132813,1.564679503440857,0.21646486222743988,0.8158561587333679
1789453848746340600,37.163340576171876,1.6372783184051514,0.21046213805675507,0.75593501329422
1789453848756280300,37.1732802734375,1.7232563495635986,0.14428789913654327,0.6441298723220825
1789453848766219300,37.18321923828125,1.7696094512939453,0.0835769921541214,0.5444652438163757
1789453848776159500,37.19315942382813,1.7813374996185303,0.06181177869439125,0.5242151021957397
1789453848786098400,37.203098388671876,1.7883840799331665,0.10033469647169113,0.5638325214385986
1789453848796038400,37.21303833007813,1.8126630783081055,0.17031218111515045,0.6049213409423828
1789453848805977600,37.2229775390625,1.84587824344635,0.11121360957622528,0.6101534366607666
1789453848815917600,37.23291748046875,1.8483301401138306,0.020430181175470352,0.5960394740104675
1789453848825856500,37.2428564453125,1.843414068222046,-0.08624866604804993,0.5453861355781555
1789453848835795500,37.25279541015625,1.848338007926941,-0.05641034618020058,0.5406089425086975
1789453848845735400,37.2627353515625,1.8216050863265991,0.004170393105596304,0.5776339173316956
1789453848855674600,37.272674560546875,1.8101329803466797,0.03925514221191406,0.5424147248268127
1789453848865614300,37.2826142578125,1.7613505125045776,0.08511899411678314,0.5481816530227661
1789453848875553300,37.29255322265625,1.6676831245422363,0.07637237757444382,0.5901221632957458
1789453848885493500,37.30249340820313,1.5823478698730469,0.08878085017204285,0.5935221314430237
1789453848895432400,37.312432373046875,1.549604892730713,0.07811196148395538,0.6041140556335449
1789453848905372400,37.322372314453126,1.5301461219787598,0.02644079178571701,0.5570117831230164
1789453848915311600,37.3323115234375,1.5195211172103882,0.020736034959554672,0.49324744939804077
1789453848925251600,37.34225146484375,1.44761323928833,0.0009051831439137459,0.5053780674934387
1789453848935190500,37.3521904296875,1.343830943107605,-0.04210806265473366,0.5371119976043701
1789453848945130500,37.36213061523438,1.226742148399353,0.004244389943778515,0.5970264077186584
1789453848955069400,37.3720693359375,1.1440507173538208,0.0013362178578972816,0.6406630873680115
1789453848965009400,37.38200952148438,1.0831152200698853,-0.08285818994045258,0.5799896121025085
1789453848974948400,37.3919482421875,1.0013539791107178,-0.12175419181585312,0.48392993211746216
1789453848984887300,37.40188720703125,0.9077779650688171,-0.11984355002641678,0.4467388689517975
1789453848994827500,37.41182763671875,0.7898396253585815,-0.09898141771554947,0.41156062483787537
1789453849004766500,37.42176635742187,0.6710021495819092,-0.054646726697683334,0.3046132028102875
1789453849014706400,37.43170654296875,0.5289171934127808,-0.0608348473906517,0.1966731697320938
1789453849024645600,37.441645751953125,0.37238770723342896,-0.1297270655632019,0.1127409040927887
1789453849034585600,37.45158569335938,0.21022969484329224,-0.14000286161899567,0.02110845409333706
1789453849044524500,37.461524658203125,0.04642592743039131,-0.08508767187595367,-0.06193563714623451
1789453849054464500,37.47146459960938,-0.03883570432662964,-0.061988744884729385,-0.08783780783414841
1789453849064403500,37.481403564453124,-0.06410542130470276,-0.1103939414024353,-0.05364006385207176
1789453849074343400,37.491343505859376,-0.1098657175898552,-0.20518462359905243,-0.050338808447122574
1789453849084282400,37.501282470703124,-0.20222313702106476,-0.38553401827812195,-0.16312044858932495
1789453849094222600,37.51122265625,-0.32741355895996094,-0.3569766581058502,-0.27510640025138855
1789453849104161500,37.52116162109375,-0.43132689595222473,-0.3234487771987915,-0.3206012547016144
1789453849114101500,37.5311015625,-0.523541271686554,-0.36730435490608215,-0.34603655338287354
1789453849124040400,37.54104052734375,-0.5940741300582886,-0.32538557052612305,-0.3963458240032196
1789453849133979600,37.550979736328124,-0.6394847631454468,-0.19947612285614014,-0.4744475483894348
1789453849143919400,37.56091943359375,-0.7090139389038086,-0.13244597613811493,-0.5333657264709473
1789453849153858300,37.5708583984375,-0.7836652398109436,-0.07208728790283203,-0.557667076587677
1789453849163798500,37.580798583984375,-0.8274875283241272,0.08198205381631851,-0.5249471068382263
1789453849173737500,37.59073754882812,-0.8581961989402771,0.16884450614452362,-0.508998453617096
1789453849183677400,37.600677490234375,-0.8675358295440674,0.15980884432792664,-0.5013456344604492
1789453849193616400,37.61061645507812,-0.8416347503662109,0.1471274048089981,-0.49847152829170227
1789453849203556600,37.620556640625,-0.8105605840682983,0.08480381965637207,-0.5072348117828369
1789453849213495600,37.63049560546875,-0.8178094029426575,-0.050907935947179794,-0.5467222929000854
1789453849223435500,37.640435546875,-0.8286852240562439,-0.015177492052316666,-0.567245364189148
1789453849233374500,37.65037451171875,-0.770930826663971,0.18074274063110352,-0.5076454281806946
1789453849243314400,37.660314453125,-0.6687353253364563,0.21521060168743134,-0.44147196412086487
1789453849253253400,37.67025341796875,-0.5884905457496643,0.06952477246522903,-0.4781378209590912
1789453849263193300,37.680193359375,-0.570797324180603,-0.08034484833478928,-0.5828885436058044
1789453849273132500,37.690132568359374,-0.6060083508491516,-0.12018227577209473,-0.661458432674408
1789453849283072500,37.700072509765626,-0.6301428079605103,-0.175470769405365,-0.695379376411438
1789453849293011500,37.710011474609374,-0.7473911643028259,-0.20865587890148163,-0.7216964960098267
1789453849302950100,37.7199501953125,-0.886023223400116,-0.08894064277410507,-0.7268018126487732
1789453849312890000,37.72989013671875,-0.9438140988349915,-0.10131768137216568,-0.7648881673812866
1789453849322829000,37.7398291015625,-0.9408159255981445,-0.11758876591920853,-0.7839030027389526
1789453849332769300,37.74976928710937,-0.8907676339149475,-0.17808859050273895,-0.7544417977333069
1789453849342708200,37.75970825195313,-0.8249554634094238,-0.26107513904571533,-0.7147807478904724
1789453849352648000,37.76964794921875,-0.857671856880188,-0.3126320540904999,-0.6804779171943665
1789453849362587100,37.77958715820313,-0.9187101721763611,-0.5110246539115906,-0.6770089268684387
1789453849372527000,37.78952709960937,-1.0137927532196045,-0.545058012008667,-0.6449742913246155
1789453849382466000,37.79946606445313,-1.0402947664260864,-0.36089780926704407,-0.5021592378616333
1789453849392406000,37.80940600585937,-0.9197624921798706,-0.11501826345920563,-0.34310171008110046
1789453849402345200,37.81934521484375,-0.8380031585693359,-0.22397486865520477,-0.41059836745262146
1789453849412285200,37.82928515625,-0.8854098320007324,-0.3756445646286011,-0.5866096019744873
1789453849422224100,37.83922412109375,-0.9563956260681152,-0.583853542804718,-0.6669746041297913
1789453849432164000,37.8491640625,-1.0865968465805054,-0.5855262875556946,-0.6244069337844849
1789453849442103000,37.85910302734375,-1.253128170967102,-0.30825743079185486,-0.49518537521362305
1789453849452043000,37.86904296875,-1.3924897909164429,-0.006996936164796352,-0.4319177269935608
1789453849461982000,37.87898193359375,-1.5027244091033936,0.1970844268798828,-0.4293704926967621
1789453849471921200,37.88892114257813,-1.54817795753479,0.31444594264030457,-0.4306171238422394
1789453849481861000,37.89886108398437,-1.538446307182312,0.19607920944690704,-0.4504415988922119
1789453849491800000,37.90880004882813,-1.53366219997406,-0.09345807135105133,-0.5502169728279114
1789453849501740000,37.91873999023438,-1.5164858102798462,-0.1342155486345291,-0.6390074491500854
1789453849511679200,37.92867919921875,-1.487441897392273,-0.1341542899608612,-0.6588573455810547
1789453849521619200,37.938619140625,-1.4377880096435547,-0.03417786583304405,-0.6174420714378357
1789453849531558100,37.94855810546875,-1.3892210721969604,0.003824643325060606,-0.5799442529678345
1789453849541498000,37.958498046875,-1.305461049079895,-0.07975941151380539,-0.6021642088890076
1789453849551437000,37.96843701171875,-1.1986627578735352,-0.24443385004997253,-0.6916160583496094
1789453849561377000,37.978376953125,-1.1672136783599854,-0.33482056856155396,-0.7825397253036499
1789453849571316000,37.98831591796875,-1.2166811227798462,-0.29186272621154785,-0.7876726984977722
1789453849581256200,37.99825610351562,-1.3367682695388794,-0.14416444301605225,-0.6991057991981506
1789453849591195100,38.00819506835938,-1.3890900611877441,-0.06199447810649872,-0.6133533716201782
1789453849601135000,38.01813500976562,-1.3870189189910889,-0.06981229782104492,-0.5881137847900391
1789453849611074300,38.02807421875,-1.362877368927002,-0.09833288937807083,-0.6211103200912476
1789453849621013200,38.03801318359375,-1.2790510654449463,-0.17371617257595062,-0.6821250915527344
1789453849630953000,38.04795288085938,-1.2079333066940308,-0.27809399366378784,-0.7478758692741394
1789453849640892000,38.057891845703125,-1.2611567974090576,-0.12380625307559967,-0.6928258538246155
1789453849650832100,38.06783203125,-1.2625336647033691,-0.01627792790532112,-0.5820247530937195
1789453849660771000,38.07777099609375,-1.2262591123580933,0.06886153668165207,-0.5317969918251038
1789453849670711000,38.0877109375,-1.0802781581878662,0.02320483699440956,-0.45186087489128113
1789453849680650000,38.09764990234375,-0.9316069483757019,0.06899777054786682,-0.39472851157188416
1789453849690590200,38.10759008789063,-0.7030611038208008,0.05820317938923836,-0.38772091269493103
1789453849700529200,38.117529052734376,-0.6353239417076111,0.11971685290336609,-0.2727721631526947
1789453849710469000,38.12746923828125,-0.7363141775131226,0.16598954796791077,-0.20045961439609528
1789453849720408300,38.137408203125,-0.8385435938835144,0.214284747838974,-0.10827386379241943
1789453849730348000,38.14734814453125,-0.8458941578865051,0.1721639186143875,-0.004017762839794159
1789453849740287000,38.157286865234376,-0.7890846729278564,0.1550835222005844,0.05481584370136261
1789453849750227200,38.16722729492187,-0.6946622729301453,0.2057640105485916,0.12300262600183487
1789453849760166100,38.17716625976563,-0.5563955903053284,0.23791009187698364,0.1402869075536728
1789453849770106000,38.18710620117187,-0.4452988803386688,0.30296897888183594,0.1749897599220276
1789453849780045000,38.19704516601563,-0.3619421720504761,0.35891979932785034,0.24212434887886047
1789453849789984000,38.20698388671875,-0.21600575745105743,0.1855783611536026,0.25937309861183167
1789453849799924200,38.21692431640625,-0.12076728045940399,0.15872539579868317,0.27081099152565
1789453849809863200,38.22686328125,-0.034196171909570694,0.19814656674861908,0.24733814597129822
1789453849819803000,38.23680297851563,0.03294616565108299,0.19495245814323425,0.24302569031715393
1789453849829742000,38.2467421875,0.04366112872958183,0.2513209283351898,0.27214521169662476
1789453849839682000,38.25668212890625,0.027805333957076073,0.257617324590683,0.3224862217903137
1789453849849621000,38.26662109375,-0.0014167344197630882,0.2643974721431732,0.34097203612327576
1789453849859561200,38.27656127929688,0.015925250947475433,0.2740772068500519,0.37656480073928833
1789453849869500200,38.286500244140626,0.06731973588466644,0.295580118894577,0.4071440100669861
1789453849879440100,38.29644018554688,0.1435016691684723,0.3305565118789673,0.4646628201007843
1789453849889379000,38.306379150390626,0.23931100964546204,0.3358306288719177,0.5425339341163635
1789453849899319300,38.3163193359375,0.355286180973053,0.3174251914024353,0.6276325583457947
1789453849909258200,38.32625830078125,0.46735653281211853,0.3057776093482971,0.6865869164466858
1789453849919198000,38.33619799804688,0.5530274510383606,0.2322015017271042,0.7241989374160767
1789453849929137000,38.346136962890625,0.6306335926055908,0.16715778410434723,0.7706223130226135
1789453849939077000,38.3560771484375,0.727257251739502,0.18306393921375275,0.8217570185661316
1789453849949016000,38.36601611328125,0.8784579634666443,0.28863725066185,0.9288251399993896
1789453849958955000,38.375955078125,1.0663589239120483,0.4082840383052826,1.027969241142273
1789453849968895200,38.38589526367188,1.2526133060455322,0.4120348393917084,1.1018575429916382
1789453849978834200,38.395834228515625,1.3899797201156616,0.4196794033050537,1.0952410697937012
1789453849988774100,38.40577416992188,1.4911519289016724,0.48688265681266785,1.044607162475586
1789453849998713000,38.415713134765625,1.5360761880874634,0.560668408870697,1.0322494506835938
1789453850008653000,38.425653076171876,1.5912840366363525,0.5739826560020447,0.9881829023361206
1789453850018592000,38.435592041015624,1.6541465520858765,0.5361639857292175,0.8984273076057434
1789453850028532000,38.445531982421876,1.7048566341400146,0.48752453923225403,0.8471364378929138
1789453850038471000,38.455470947265624,1.7652250528335571,0.5091203451156616,0.805953860282898
1789453850048411100,38.4654111328125,1.8441784381866455,0.5049575567245483,0.7262364029884338
1789453850058350000,38.47535009765625,1.880748987197876,0.44229215383529663,0.6274601221084595
1789453850068290000,38.4852900390625,1.873182773590088,0.38456812500953674,0.573108971118927
1789453850078229200,38.495229248046876,1.877408742904663,0.34476619958877563,0.5624263882637024
1789453850088169200,38.50516918945313,1.9104015827178955,0.33312684297561646,0.5690765380859375
1789453850098108200,38.515108154296875,1.9529941082000732,0.26833537220954895,0.539181113243103
1789453850108047000,38.52504711914062,1.9845634698867798,0.2161824107170105,0.5018313527107239
1789453850117987000,38.534987060546875,1.9772849082946777,0.2108810395002365,0.5043964982032776
1789453850127926000,38.54492602539062,1.9483392238616943,0.1401972770690918,0.5294158458709717
1789453850137866000,38.554865966796875,1.9029566049575806,0.17808988690376282,0.5752653479576111
1789453850147805200,38.56480517578125,1.920249342918396,0.23234274983406067,0.6025345325469971
1789453850157745200,38.5747451171875,1.9547555446624756,0.18637529015541077,0.5642709136009216
1789453850167684000,38.58468408203125,1.933211088180542,0.11252902448177338,0.5217479467391968
1789453850177624000,38.5946240234375,1.870673656463623,-0.017507418990135193,0.5192487835884094
1789453850187563300,38.604563232421874,1.7370173931121826,-0.04835401475429535,0.5433170795440674
1789453850197503000,38.6145029296875,1.628472089767456,0.059783872216939926,0.6331666111946106
1789453850207442000,38.62444189453125,1.5894544124603271,0.07640546560287476,0.6985282897949219
1789453850217382100,38.634382080078126,1.5579686164855957,0.060618892312049866,0.6773500442504883
1789453850227321000,38.644321044921874,1.5420283079147339,0.06777693331241608,0.6382449865341187
1789453850237261000,38.654260986328126,1.4926055669784546,0.029238533228635788,0.6046764850616455
1789453850247200000,38.664199951171874,1.4175560474395752,0.05884489417076111,0.5791594386100769
1789453850257140200,38.67414013671875,1.3286508321762085,0.11716460436582565,0.6141549348831177
1789453850267079200,38.6840791015625,1.2746267318725586,0.08369532972574234,0.5928874611854553
1789453850277018000,38.69401806640625,1.2173254489898682,0.05900188162922859,0.5554484128952026
1789453850286958000,38.7039580078125,1.1275562047958374,0.012532914057374,0.5318940877914429
1789453850296897300,38.71389721679687,1.0367400646209717,-0.027633484452962875,0.5040738582611084
1789453850306837000,38.7238369140625,0.9572474956512451,-0.018071139231324196,0.4953317642211914
1789453850316776000,38.73377587890625,0.884675145149231,-0.049725666642189026,0.4747684895992279
1789453850326716200,38.743716064453125,0.8053869605064392,-0.033948034048080444,0.41276851296424866
1789453850336655000,38.75365502929687,0.7015895247459412,0.03846310079097748,0.3144758641719818
1789453850346595000,38.763594970703124,0.5671752691268921,0.025515077635645866,0.2036401629447937
1789453850356534000,38.77353393554687,0.40415388345718384,-0.05946042388677597,0.09916318953037262
1789453850366474200,38.78347412109375,0.21873851120471954,-0.08577191829681396,0.0022747318726032972
1789453850376413200,38.7934130859375,0.08430201560258865,-0.09065442532300949,-0.04123103618621826
1789453850386353000,38.803352783203124,-0.022457722574472427,-0.15391461551189423,-0.044023096561431885
1789453850396292000,38.8132919921875,-0.11776844412088394,-0.2102695107460022,-0.07112740725278854
1789453850406232000,38.823232177734376,-0.23598749935626984,-0.22206120193004608,-0.10337402671575546
1789453850416171000,38.8331708984375,-0.35700538754463196,-0.2219063937664032,-0.14420025050640106
1789453850426110000,38.84310986328125,-0.48179179430007935,-0.20789682865142822,-0.2105683535337448
1789453850436050200,38.85305029296875,-0.5860646963119507,-0.129533588886261,-0.2691517770290375
1789453850445989000,38.86298901367188,-0.6869513392448425,-0.11372586339712143,-0.3212605118751526
1789453850455929000,38.87292919921875,-0.7568760514259338,-0.1138663962483406,-0.35888001322746277
1789453850465868000,38.88286791992188,-0.7661736607551575,-0.18054208159446716,-0.34205949306488037
1789453850475808300,38.892808349609375,-0.770004391670227,-0.1425790786743164,-0.33773723244667053
1789453850485747200,38.90274731445312,-0.7809523940086365,-0.12550128996372223,-0.3191017508506775
1789453850495687000,38.91268701171875,-0.809051513671875,-0.08272519707679749,-0.3245570659637451
1789453850505626000,38.92262622070312,-0.8402648568153381,-0.04196392372250557,-0.32949748635292053
1789453850515566000,38.932566162109374,-0.8665415644645691,0.033978819847106934,-0.31964951753616333
1789453850525505000,38.94250512695312,-0.9059781432151794,0.075228251516819,-0.2889041304588318
1789453850535445200,38.9524453125,-0.9075301289558411,0.047232672572135925,-0.25387269258499146
1789453850545384200,38.96238427734375,-0.9071343541145325,0.12706387042999268,-0.20872889459133148
1789453850555324200,38.97232421875,-0.8581663370132446,0.18856646120548248,-0.17338691651821136
1789453850565263000,38.98226318359375,-0.7697179317474365,0.18637573719024658,-0.19550126791000366
1789453850575202000,38.9922021484375,-0.6968907713890076,0.12574511766433716,-0.29556089639663696
1789453850585142000,39.00214208984375,-0.6747713685035706,0.04993423447012901,-0.39442914724349976
1789453850595081200,39.01208129882812,-0.6801238656044006,-0.035454247146844864,-0.4159078598022461
1789453850605021000,39.02202099609375,-0.7199154496192932,-0.07322293519973755,-0.4058381915092468
1789453850614960000,39.03196020507813,-0.7691373229026794,0.021482005715370178,-0.3865342438220978
1789453850624900000,39.04190014648437,-0.774999737739563,0.1489582061767578,-0.3497658669948578
1789453850634839000,39.05183911132813,-0.7700514793395996,0.16032624244689941,-0.36689072847366333
1789453850644779300,39.061779296875,-0.7789115309715271,0.02365521714091301,-0.4743572473526001
1789453850654718200,39.07171826171875,-0.8376258611679077,-0.15997803211212158,-0.6210512518882751
1789453850664658200,39.081658203125,-0.9189023375511169,-0.2977266013622284,-0.7256428599357605
1789453850674597000,39.09159716796875,-0.9766958951950073,-0.3224102854728699,-0.7657249569892883
1789453850684537000,39.101537109375,-0.9553809762001038,-0.26907941699028015,-0.7576712965965271
1789453850694476000,39.11147607421875,-0.8709902763366699,-0.3371163606643677,-0.7981228232383728
1789453850704416000,39.121416015625,-0.7493176460266113,-0.5576362013816833,-0.7987854480743408
1789453850714355000,39.13135498046875,-0.5942298173904419,-0.650406002998352,-0.7082712054252625
1789453850724294100,39.14129418945313,-0.49758267402648926,-0.4294435679912567,-0.5952234864234924
1789453850734234000,39.15123413085937,-0.5755214095115662,-0.11131393164396286,-0.5754514932632446
1789453850744173000,39.16117309570313,-0.750152051448822,0.0485665500164032,-0.6210400462150574
1789453850754113300,39.17111328125,-0.8850622177124023,0.041088178753852844,-0.686418890953064
1789453850764052200,39.18105224609375,-0.9719584584236145,-0.039796553552150726,-0.7476636171340942
1789453850773992000,39.19099194335938,-1.0594843626022339,-0.07973029464483261,-0.7939014434814453
1789453850783931100,39.20093115234375,-1.096592664718628,0.008803300559520721,-0.7757818102836609
1789453850793871000,39.21087109375,-1.138393521308899,0.20313553512096405,-0.7226062417030334
1789453850803810000,39.22081005859375,-1.1953423023223877,0.3010226786136627,-0.6893681287765503
1789453850813750000,39.23075,-1.235805869102478,0.27594196796417236,-0.7359100580215454
1789453850823689000,39.24068896484375,-1.26725435256958,0.1794835925102234,-0.8137659430503845
1789453850833629200,39.25062915039062,-1.3402961492538452,0.07724092900753021,-0.9307121634483337
1789453850843568000,39.26056811523438,-1.3451614379882812,-0.0069879330694675446,-1.014294981956482
1789453850853508000,39.27050805664062,-1.3194490671157837,-0.09494904428720474,-1.0339826345443726
1789453850863447300,39.280447265625,-1.3050123453140259,-0.05509616434574127,-1.0180127620697021
1789453850873386200,39.29038623046875,-1.2366231679916382,-0.06504649668931961,-0.9909197092056274
1789453850883326000,39.30032592773438,-1.1819794178009033,-0.12360461801290512,-0.9889249801635742
1789453850893265000,39.310264892578125,-1.1328847408294678,-0.1914086937904358,-1.0732381343841553
1789453850903205000,39.320205078125,-1.0751301050186157,-0.2228821963071823,-1.128479242324829
1789453850913144000,39.33014404296875,-1.0481904745101929,-0.21850278973579407,-1.1212120056152344
1789453850923084000,39.340083984375,-0.9785301089286804,-0.28426021337509155,-1.1320449113845825
1789453850933023200,39.35002319335938,-0.9539564847946167,-0.29059597849845886,-1.1508381366729736
1789453850942963200,39.35996313476563,-0.9288886785507202,-0.3858417868614197,-1.190553903579712
1789453850952902100,39.36990209960938,-0.9674889445304871,-0.37579721212387085,-1.1834362745285034
1789453850962842000,39.37984204101563,-1.0271730422973633,-0.3916741907596588,-1.1418238878250122
1789453850972781000,39.389781005859376,-1.0486127138137817,-0.45518866181373596,-1.0597138404846191
1789453850982721000,39.39972094726563,-0.9871666431427002,-0.5212036371231079,-0.9552385210990906
1789453850992660000,39.409659912109376,-0.8993563055992126,-0.5420252680778503,-0.8925163149833679
1789453851002600200,39.41960009765625,-0.7983980178833008,-0.48802727460861206,-0.8256704807281494
1789453851012539100,39.4295390625,-0.7062751650810242,-0.3726044297218323,-0.7561779022216797
1789453851022478000,39.43947802734375,-0.6347101926803589,-0.2740267217159271,-0.7062029242515564
1789453851032418000,39.44941796875,-0.6917003393173218,0.007320380304008722,-0.5413991808891296
1789453851042357200,39.459357177734375,-0.624281644821167,-0.11648944765329361,-0.41711321473121643
1789453851052297200,39.46929711914063,-0.5771701335906982,-0.16715309023857117,-0.2786191701889038
1789453851062236200,39.479236083984375,-0.5794019103050232,0.02214866690337658,-0.14530719816684723
1789453851072175900,39.48917578125,-0.5035228133201599,0.07699525356292725,-0.1239209845662117
1789453851082115000,39.499114990234375,-0.4024813771247864,0.12055977433919907,-0.12542353570461273
1789453851092055000,39.50905493164063,-0.29358193278312683,0.10739140957593918,-0.04957481846213341
1789453851101994000,39.518993896484375,-0.23819750547409058,0.09354430437088013,0.03445936366915703
1789453851111934200,39.52893432617188,-0.17230485379695892,0.06529023498296738,0.09348234534263611
1789453851121873200,39.538873046875,-0.10281899571418762,0.12839891016483307,0.1675081104040146
1789453851131813000,39.54881323242188,-0.05034097284078598,0.2090945839881897,0.24248500168323517
1789453851141752000,39.558751953125,0.04430297762155533,0.23814168572425842,0.3227787911891937
1789453851151692000,39.56869213867188,0.1391533613204956,0.20182296633720398,0.3797076642513275
1789453851161631200,39.57863134765625,0.20119702816009521,0.16792066395282745,0.4393441081047058
1789453851171571000,39.58857104492188,0.20598940551280975,0.12116511911153793,0.5075182318687439
1789453851181510100,39.59851025390625,0.18510863184928894,0.11851020902395248,0.5610770583152771
1789453851191449000,39.608448974609374,0.13462883234024048,0.10415953397750854,0.6138666272163391
1789453851201389000,39.61838916015625,0.10367944091558456,0.10982248187065125,0.674312174320221
1789453851211328000,39.62832788085937,0.14731648564338684,0.13552597165107727,0.7399031519889832
1789453851221268200,39.63826831054688,0.2469266951084137,0.15472842752933502,0.8013178110122681
1789453851231207200,39.648207275390625,0.3384443521499634,0.145682230591774,0.8581146597862244
1789453851241147100,39.65814721679688,0.4179735481739044,0.1525435894727707,0.9153832793235779
1789453851251086000,39.668086181640625,0.46678242087364197,0.1482623815536499,0.9552375674247742
1789453851261026000,39.67802612304688,0.4977315664291382,0.1897195428609848,1.0363576412200928
1789453851270965000,39.687965087890625,0.5771043300628662,0.2150663584470749,1.0989041328430176
1789453851280905000,39.69790502929688,0.7335402369499207,0.2969047725200653,1.1193585395812988
1789453851290844200,39.70784423828125,0.9001325964927673,0.3810790777206421,1.1390353441238403
1789453851300784000,39.7177841796875,1.0198513269424438,0.48986467719078064,1.1777594089508057
1789453851310723000,39.72772314453125,1.1183981895446777,0.5383016467094421,1.1950762271881104
1789453851320663300,39.73766333007813,1.18040132522583,0.5863813161849976,1.2017439603805542
1789453851330602200,39.747602294921876,1.2525513172149658,0.6028459668159485,1.1821128129959106
1789453851340541200,39.757541259765624,1.3664368391036987,0.5672618746757507,1.1069972515106201
1789453851350481200,39.767481201171876,1.4791167974472046,0.5350016951560974,1.0249266624450684
1789453851360420000,39.777420166015624,1.571960210800171,0.44678428769111633,0.9685753583908081
1789453851370360000,39.787360107421875,1.5874141454696655,0.3324185311794281,0.9487692713737488
1789453851380299000,39.79729907226562,1.5821765661239624,0.2816797196865082,0.9410514831542969
1789453851390239000,39.807239013671875,1.6261550188064575,0.25207626819610596,0.9088472127914429
1789453851400178200,39.81717822265625,1.7258549928665161,0.2624948024749756,0.9224581122398376
1789453851410118100,39.8271181640625,1.7872748374938965,0.31967267394065857,0.932652473449707
1789453851420057000,39.83705712890625,1.8100956678390503,0.36061081290245056,0.8734021782875061
1789453851429997300,39.84699731445313,1.8340967893600464,0.38972577452659607,0.7973209023475647
1789453851439936300,39.856936279296875,1.833597183227539,0.30736005306243896,0.7160471081733704
1789453851449876000,39.8668759765625,1.8226038217544556,0.18039579689502716,0.600482165813446
1789453851459815000,39.87681494140625,1.7959262132644653,0.09033167362213135,0.4936673045158386
1789453851469755100,39.886755126953126,1.709232211112976,0.0761052817106247,0.45877790451049805
1789453851479694000,39.896694091796874,1.6490058898925781,0.08363404124975204,0.48380497097969055
1789453851489633000,39.90663305664062,1.5992950201034546,0.11411100625991821,0.5614909529685974
1789453851499573000,39.916572998046874,1.5963852405548096,0.001246768981218338,0.6352128386497498
1789453851509512200,39.92651220703125,1.594380497932434,-0.03290104120969772,0.7099024057388306
1789453851519452200,39.9364521484375,1.5689423084259033,-0.0030206418596208096,0.779369592666626
1789453851529391000,39.94639111328125,1.4762485027313232,-0.04323785379528999,0.7821958661079407
1789453851539331000,39.9563310546875,1.3714525699615479,-0.07770661264657974,0.772302508354187
1789453851549270300,39.96627026367187,1.329729676246643,-0.06515073031187057,0.7735100388526917
1789453851559210000,39.9762099609375,1.3438071012496948,-0.05091480910778046,0.7517967224121094
1789453851569149000,39.98614892578125,1.399174451828003,0.04914409667253494,0.7610948085784912
1789453851579089200,39.996089111328125,1.433323621749878,0.16049060225486755,0.7599579095840454
1789453851589028000,40.00602807617187,1.4472637176513672,0.15912574529647827,0.699485182762146
1789453851598968000,40.015968017578125,1.3851455450057983,0.16604623198509216,0.6354675889015198
1789453851608907000,40.02590698242187,1.2705880403518677,0.1552208662033081,0.6045809388160706
1789453851618847200,40.03584716796875,1.1672221422195435,0.11796591430902481,0.606279194355011
1789453851628786200,40.0457861328125,1.089331865310669,0.06657096743583679,0.5985239148139954
1789453851638725000,40.05572509765625,1.0163463354110718,0.004297472070902586,0.5544003844261169
1789453851648665000,40.0656650390625,0.9636210203170776,-0.09063801914453506,0.47305047512054443
1789453851658604000,40.07560400390625,0.8788110613822937,-0.11481180042028427,0.40767014026641846
1789453851668544000,40.0855439453125,0.7163158059120178,-0.040100064128637314,0.37897419929504395
1789453851678483000,40.09548291015625,0.5281615853309631,-0.05049731209874153,0.2918533980846405
1789453851688423200,40.105423095703124,0.3668748438358307,-0.10425226390361786,0.16602228581905365
1789453851698362000,40.11536206054687,0.23087893426418304,-0.09036574512720108,0.07459995150566101
1789453851708302000,40.12530200195312,0.111732117831707,-0.08640612661838531,-0.006774064153432846
1789453851718241000,40.13524096679687,-0.03076004795730114,-0.11151175200939178,-0.12499897181987762
1789453851728181200,40.14518115234375,-0.18823279440402985,-0.03545733913779259,-0.22827087342739105
1789453851738120200,40.1551201171875,-0.3215075135231018,0.011357037350535393,-0.27963152527809143
1789453851748060000,40.16505981445312,-0.46886739134788513,-0.056562390178442,-0.3313119411468506
1789453851757999000,40.1749990234375,-0.6134032607078552,-0.15078529715538025,-0.43081244826316833
1789453851767938000,40.18493798828125,-0.736683189868927,-0.2316947728395462,-0.5529402494430542
1789453851777878000,40.1948779296875,-0.8695634603500366,-0.16683189570903778,-0.6405507922172546
1789453851787817000,40.20481689453125,-0.9798843264579773,-0.008055400103330612,-0.67796391248703
1789453851797757200,40.21475708007812,-1.0749410390853882,0.07954955101013184,-0.6498808860778809
1789453851807696100,40.22469604492188,-1.108703851699829,0.060449305921792984,-0.5485501289367676
1789453851817636000,40.23463598632812,-1.205823302268982,0.1064080074429512,-0.5325900316238403
1789453851827575300,40.2445751953125,-1.2594976425170898,-0.03785141929984093,-0.4893328547477722
1789453851837515000,40.25451489257812,-1.3112196922302246,-0.12738263607025146,-0.3936324119567871
1789453851847454000,40.26445385742188,-1.2853584289550781,-0.051273711025714874,-0.2334495484828949
1789453851857394000,40.27439379882812,-1.0919216871261597,0.18224316835403442,-0.050638191401958466
1789453851867333000,40.2843330078125,-0.8499956727027893,0.33704620599746704,0.09177344292402267
1789453851877273000,40.29427319335937,-0.693486213684082,0.3209013342857361,0.1414877325296402
1789453851887212000,40.3042119140625,-0.5769571661949158,0.2479480355978012,0.1607535034418106
1789453851897152300,40.31415234375,-0.48373183608055115,0.246921107172966,0.20170359313488007
1789453851907091200,40.32409130859375,-0.4156739115715027,0.15807634592056274,0.23165014386177063
1789453851917030100,40.334030029296876,-0.3835335671901703,-0.03599245846271515,0.15274573862552643
1789453851926970000,40.34397021484375,-0.4258880317211151,-0.20777718722820282,0.04628113657236099
1789453851936909300,40.35390942382813,-0.536300539970398,-0.2877205014228821,-0.010462038218975067
1789453851946849000,40.36384912109375,-0.6423758268356323,-0.25120049715042114,-0.037905871868133545
1789453851956788000,40.3737880859375,-0.7250946760177612,-0.2383166402578354,-0.08827823400497437
1789453851966728200,40.38372827148437,-0.7348027229309082,-0.25543999671936035,-0.14249558746814728
1789453851976667100,40.39366723632813,-0.689401388168335,-0.2079358696937561,-0.2704370319843292
1789453851986607000,40.40360717773437,-0.6366288661956787,-0.13958460092544556,-0.4503079950809479
1789453851996546000,40.41354614257813,-0.601422905921936,-0.1853475719690323,-0.5958385467529297
1789453852006486300,40.423486328125,-0.58246248960495,-0.27746811509132385,-0.6767977476119995
1789453852016425200,40.43342529296875,-0.5994337201118469,-0.311714768409729,-0.7013262510299683
1789453852026365000,40.44336499023437,-0.6866962313652039,-0.28810015320777893,-0.7537887692451477
1789453852036304000,40.45330395507813,-0.7833191752433777,-0.20559515058994293,-0.83012855052948
1789453852046243000,40.4632431640625,-0.8657225966453552,-0.16941021382808685,-0.922295093536377
1789453852056183000,40.47318310546875,-0.9225480556488037,-0.23853042721748352,-1.071589469909668
1789453852066122000,40.4831220703125,-0.9217301607131958,-0.3222958743572235,-1.2152141332626343
1789453852076062200,40.49306225585938,-0.748137354850769,-0.48998740315437317,-1.2220052480697632
1789453852086001200,40.503001220703126,-0.5017734169960022,-0.7125862240791321,-1.1208789348602295
1789453852095941000,40.51294116210938,-0.5164490342140198,-0.6944034695625305,-1.025956153869629
1789453852105880000,40.522880126953126,-0.7658942341804504,-0.4313180446624756,-0.9752377271652222
1789453852115820300,40.5328203125,-0.949813723564148,-0.02113104611635208,-0.9459125995635986
1789453852125759200,40.54275927734375,-1.0340389013290405,0.2850760817527771,-0.9543328881263733
1789453852135699000,40.55269897460938,-1.1160680055618286,0.3917335569858551,-0.9978987574577332
1789453852145638000,40.562637939453126,-1.131661057472229,0.3349047601222992,-1.0275022983551025
1789453852155578000,40.572578125,-1.1358941793441772,0.25497984886169434,-1.0282293558120728
1789453852165517000,40.58251708984375,-1.1792136430740356,0.15909138321876526,-1.008201003074646
1789453852175457000,40.59245703125,-1.1955136060714722,0.10656717419624329,-0.989231288433075
1789453852185396200,40.60239624023438,-1.186591386795044,0.07457450032234192,-0.9491717219352722
1789453852195335200,40.612335205078125,-1.1683319807052612,0.08231764286756516,-0.9379914999008179
1789453852205275100,40.62227514648438,-1.1773689985275269,0.1063583642244339,-0.9475112557411194
1789453852215214000,40.632214111328125,-1.1847987174987793,0.05298355594277382,-0.9522620439529419
1789453852225154000,40.64215405273438,-1.2009830474853516,-0.04511876031756401,-0.9522532820701599
1789453852235093000,40.652093017578125,-1.2404705286026,-0.12998677790164948,-0.9538295865058899
1789453852245033000,40.662032958984376,-1.2849299907684326,-0.22898711264133453,-0.958350419998169
1789453852254972000,40.671971923828124,-1.2717270851135254,-0.27372846007347107,-0.9841799139976501
1789453852264912100,40.681912109375,-1.2345377206802368,-0.3193894922733307,-0.987767219543457
1789453852274851000,40.69185107421875,-1.1356391906738281,-0.3383845090866089,-0.9868494868278503
1789453852284791000,40.701791015625,-1.0472570657730103,-0.33004844188690186,-0.9715891480445862
1789453852294730200,40.711730224609376,-1.037721872329712,-0.23653098940849304,-0.9490878582000732
1789453852304670200,40.72167016601563,-1.0341641902923584,-0.18640683591365814,-0.96534663438797
1789453852314609700,40.73160961914063,-0.9966025948524475,-0.11135789752006531,-0.9088676571846008
1789453852324549600,40.74154956054687,-0.9565992951393127,-0.1534567028284073,-0.8107360601425171
1789453852334488600,40.75148852539063,-0.9046887159347534,-0.2146580070257187,-0.7203524112701416
1789453852344427800,40.761427734375,-0.898338258266449,-0.16286838054656982,-0.6326886415481567
1789453852354367700,40.77136767578125,-0.8635355830192566,-0.11749317497015,-0.529944121837616
1789453852364306700,40.781306640625,-0.8401765823364258,-0.1109849065542221,-0.4549579322338104
1789453852374247000,40.79124682617187,-0.7727475166320801,-0.061322543770074844,-0.3493231236934662
1789453852384185900,40.80118579101563,-0.6176704168319702,-0.029542814940214157,-0.26409968733787537
1789453852394125800,40.81112573242188,-0.5323198437690735,0.09887294471263885,-0.17891740798950195
1789453852404064800,40.821064697265626,-0.6049962043762207,0.35438352823257446,-0.055326685309410095
1789453852414004700,40.83100463867188,-0.5793629884719849,0.3872525095939636,-0.02839760109782219
1789453852423943700,40.840943603515626,-0.5183722972869873,0.265936017036438,0.06372038275003433
1789453852433883600,40.85088354492188,-0.4696457087993622,0.24562755227088928,0.22540569305419922
1789453852443822600,40.860822509765626,-0.3428402245044708,0.14876259863376617,0.3283481001853943
1789453852453762800,40.8707626953125,-0.21217648684978485,0.03763927146792412,0.35733526945114136
1789453852463701800,40.88070166015625,-0.10858640819787979,0.08444713801145554,0.26587894558906555
1789453852473640700,40.890640625,-0.03698119893670082,0.13656014204025269,0.24157947301864624
1789453852483581000,40.90058081054688,-0.002847127616405487,0.12888073921203613,0.3130395710468292
1789453852493520000,40.910519775390625,0.007777553517371416,0.07887881994247437,0.37850621342658997
1789453852503459600,40.92045947265625,0.025241922587156296,0.06131104379892349,0.40855956077575684
1789453852513398500,40.9303984375,0.06456216424703598,0.0745629370212555,0.4516631066799164
1789453852523338800,40.9403388671875,0.0981437936425209,0.09820417314767838,0.5446500182151794
1789453852533277700,40.950277587890625,0.1577988713979721,0.15845473110675812,0.6729371547698975
1789453852543217700,40.9602177734375,0.28766950964927673,0.20548295974731445,0.7443527579307556
1789453852553156600,40.970156494140625,0.41678088903427124,0.21508845686912537,0.8058992028236389
1789453852563096800,40.98009692382813,0.49509522318840027,0.22478966414928436,0.8585131168365479
1789453852573035800,40.990035888671876,0.5872674584388733,0.20648682117462158,0.9193663597106934
1789453852582975700,40.99997583007813,0.703283429145813,0.23543940484523773,0.9658735394477844
1789453852592915000,41.0099150390625,0.8988271355628967,0.37190937995910645,1.0321388244628906
1789453852602854700,41.01985473632813,1.157025694847107,0.4279230237007141,1.0119725465774536
1789453852612793600,41.029793701171876,1.31715726852417,0.4783651530742645,1.0095757246017456
1789453852622732500,41.039732666015624,1.340368628501892,0.4477049708366394,0.9277035593986511
1789453852632672800,41.0496728515625,1.300409197807312,0.35394757986068726,0.9052779078483582
1789453852642611700,41.05961181640625,1.268417239189148,0.32599368691444397,0.9405812621116638
1789453852652551700,41.0695517578125,1.3181374073028564,0.3266754746437073,0.9623517990112305
1789453852662490600,41.07949072265625,1.4125834703445435,0.4059491455554962,0.973709225654602
1789453852672430800,41.08943090820313,1.5184377431869507,0.48974043130874634,0.9342811703681946
1789453852682369800,41.099369873046875,1.5912014245986938,0.5222264528274536,0.8456019759178162
1789453852692309500,41.1093095703125,1.6236001253128052,0.4658465087413788,0.7816288471221924
1789453852702248700,41.119248779296875,1.593146800994873,0.39199307560920715,0.7290236949920654
1789453852712188700,41.12918872070313,1.5485756397247314,0.32877761125564575,0.7062107920646667
1789453852722127600,41.139127685546875,1.5412250757217407,0.3294995129108429,0.7369398474693298
1789453852732067800,41.14906787109375,1.5943127870559692,0.2764080762863159,0.727440357208252
1789453852742006800,41.1590068359375,1.6826438903808594,0.20800545811653137,0.6517295837402344
1789453852751945700,41.16894580078125,1.7429224252700806,0.19876748323440552,0.6201325058937073
1789453852761885700,41.1788857421875,1.7615238428115845,0.1762024462223053,0.6378783583641052
1789453852771825000,41.188824951171874,1.787549614906311,0.14112329483032227,0.6474308371543884
1789453852781764900,41.198764892578126,1.789441466331482,0.13958053290843964,0.6851544976234436
1789453852791703800,41.208703857421874,1.7807081937789917,0.08173348009586334,0.6826311945915222
1789453852801643500,41.2186435546875,1.7494345903396606,0.06295400857925415,0.6153197884559631
1789453852811582700,41.228582763671874,1.71819007396698,0.08367925882339478,0.567202627658844
1789453852821522700,41.238522705078125,1.6705119609832764,0.03955715894699097,0.5472845435142517
1789453852831461600,41.24846166992187,1.6202245950698853,0.016865961253643036,0.5589047074317932
1789453852841401900,41.25840185546875,1.5456889867782593,-0.0074919178150594234,0.5917545557022095
1789453852851340800,41.2683408203125,1.5353575944900513,-0.02974342741072178,0.5673972964286804
1789453852861280800,41.27828076171875,1.5420643091201782,-0.04551610350608826,0.5128621459007263
1789453852871219700,41.2882197265625,1.539621114730835,-0.1156669557094574,0.508329451084137
1789453852881159700,41.29815966796875,1.5271172523498535,-0.14904062449932098,0.5142520070075989
1789453852891098600,41.3080986328125,1.4605467319488525,-0.11936074495315552,0.47724148631095886
1789453852901037600,41.31803759765625,1.3342591524124146,-0.009066303260624409,0.4973848760128021
1789453852910977500,41.3279775390625,1.2561856508255005,0.06828761100769043,0.5561590194702148
1789453852920916700,41.33791674804687,1.2205499410629272,0.09715082496404648,0.5548911094665527
1789453852930856700,41.347856689453124,1.2065536975860596,0.0992848202586174,0.5354937314987183
1789453852940795600,41.35779565429687,1.1439692974090576,0.0725165456533432,0.5394660234451294
1789453852950736000,41.36773583984375,1.0373197793960571,0.0407508946955204,0.5575507283210754
1789453852960674800,41.3776748046875,0.9354469180107117,0.02766340970993042,0.596224308013916
1789453852970614800,41.38761474609375,0.8679363131523132,-0.009752404876053333,0.6254168152809143
1789453852980553700,41.3975537109375,0.8226235508918762,-0.06648174673318863,0.5921420454978943
1789453852990493700,41.40749365234375,0.7457695603370667,-0.1090097650885582,0.5085129141807556
1789453853000432600,41.4174326171875,0.6548982262611389,-0.1909363567829132,0.40813472867012024
1789453853010371600,41.42737158203125,0.5161156058311462,-0.18067653477191925,0.3219982385635376
1789453853020311800,41.43731176757812,0.3410092294216156,-0.13748466968536377,0.2673885226249695
1789453853030250800,41.44725073242188,0.16277797520160675,-0.133620947599411,0.17488232254981995
1789453853040190700,41.45719067382812,-0.00985066406428814,-0.16959905624389648,0.06143442541360855
1789453853050129700,41.46712963867188,-0.1416638195514679,-0.18973761796951294,-0.013515450060367584
1789453853060070000,41.47706982421875,-0.25530141592025757,-0.20898757874965668,-0.05129503458738327
1789453853070008800,41.4870087890625,-0.3834061026573181,-0.13526807725429535,-0.08856543898582458
1789453853079948500,41.49694848632812,-0.4826497435569763,-0.12246579676866531,-0.16671328246593475
1789453853089887700,41.5068876953125,-0.5921791791915894,-0.12948322296142578,-0.2678508460521698
1789453853099827700,41.51682763671875,-0.703447699546814,-0.13678078353405,-0.367232084274292
1789453853109766700,41.5267666015625,-0.7661451697349548,-0.12639285624027252,-0.4274003505706787
1789453853119706600,41.53670654296875,-0.8058311343193054,-0.10745026171207428,-0.42731907963752747
1789453853129645800,41.54664575195312,-0.8326912522315979,-0.0732928216457367,-0.4227485656738281
1789453853139585800,41.556585693359374,-0.8372836709022522,0.04987160116434097,-0.4142037630081177
1789453853149524700,41.56652465820312,-0.8174087405204773,0.1511998325586319,-0.3310961127281189
1789453853159463700,41.57646362304688,-0.843972384929657,0.266160249710083,-0.2685214877128601
1789453853169404000,41.58640380859375,-0.8424277901649475,0.24706271290779114,-0.20116373896598816
1789453853179342800,41.5963427734375,-0.8215453624725342,0.16393886506557465,-0.18488186597824097
1789453853189282600,41.60628247070313,-0.8127763867378235,0.10551577806472778,-0.19422370195388794
1789453853199221500,41.616221435546876,-0.8156886696815491,0.10926797240972519,-0.16670945286750793
1789453853209161700,41.62616162109375,-0.800592839717865,0.15669114887714386,-0.1203765794634819
1789453853219100700,41.6361005859375,-0.746476411819458,0.16242286562919617,-0.1302315592765808
1789453853229040600,41.64604052734375,-0.6770358681678772,0.07746084779500961,-0.20628851652145386
1789453853238979800,41.65597973632813,-0.5999073386192322,0.020271962508559227,-0.28881698846817017
1789453853248919800,41.665919921875,-0.56061851978302,0.05800922214984894,-0.34088072180747986
1789453853258858800,41.67585864257813,-0.5000717639923096,0.10033436119556427,-0.36145246028900146
1789453853268798700,41.685798828125,-0.47155407071113586,0.010877715423703194,-0.40805429220199585
1789453853278737700,41.69573754882813,-0.49872007966041565,-0.0962921604514122,-0.4924109876155853
1789453853288676900,41.7056767578125,-0.569633960723877,-0.14598515629768372,-0.5632718205451965
1789453853298616600,41.71561645507813,-0.6743503212928772,-0.17396648228168488,-0.6286190748214722
1789453853308555300,41.72555517578125,-0.8063209056854248,-0.21814832091331482,-0.7338154911994934
1789453853318495200,41.7354951171875,-0.9016904830932617,-0.1738998293876648,-0.8070571422576904
1789453853328434200,41.74543408203125,-0.9437646865844727,-0.15231731534004211,-0.8588500022888184
1789453853338374400,41.75537451171875,-0.920126736164093,-0.13732217252254486,-0.8983280062675476
1789453853348313300,41.765313232421875,-0.8799486756324768,-0.1665322631597519,-0.9424827098846436
1789453853358253300,41.77525341796875,-0.8539156913757324,-0.2446926385164261,-0.9728273749351501
1789453853368192500,41.785192626953126,-0.8491681218147278,-0.2862086594104767,-0.9770370721817017
1789453853378132200,41.79513232421875,-0.8370401263237,-0.2420106828212738,-0.9448936581611633
1789453853388071400,41.805071533203126,-0.8267597556114197,-0.19116908311843872,-0.8832302689552307
1789453853398010400,41.81501025390625,-0.7990177869796753,-0.186073899269104,-0.8350122570991516
1789453853407950300,41.824950439453126,-0.7441031336784363,-0.2033705860376358,-0.8272483348846436
1789453853417889300,41.83488916015625,-0.7132028341293335,-0.2189212441444397,-0.8337050676345825
1789453853427829200,41.844829345703126,-0.7492306232452393,-0.17347334325313568,-0.8446634411811829
1789453853437768400,41.8547685546875,-0.815557062625885,-0.15871523320674896,-0.839841902256012
1789453853447708400,41.86470849609375,-0.8859111070632935,-0.10437077283859253,-0.8396802544593811
1789453853457647400,41.8746474609375,-0.9553951621055603,0.0006436342373490334,-0.8228855729103088
1789453853467587300,41.88458740234375,-1.0108131170272827,0.05979883298277855,-0.8078494071960449
1789453853477526500,41.894526611328125,-1.079386591911316,0.06466575711965561,-0.8313201069831848
1789453853487466200,41.90446630859375,-1.1519619226455688,0.046486224979162216,-0.8810522556304932
1789453853497405200,41.9144052734375,-1.2524566650390625,0.021018091589212418,-0.9256584048271179
1789453853507345400,41.92434545898438,-1.3014336824417114,-0.02156878262758255,-0.9273319244384766
1789453853517284400,41.934284423828124,-1.338202953338623,-0.06994341313838959,-0.9289652705192566
1789453853527223300,41.94422338867187,-1.3102134466171265,-0.09472466260194778,-0.9122624397277832
1789453853537163300,41.954163330078124,-1.2396551370620728,-0.18054504692554474,-0.8922441601753235
1789453853547102500,41.9641025390625,-1.2090189456939697,-0.29527801275253296,-0.9422029256820679
1789453853557042400,41.97404248046875,-1.191704511642456,-0.3529689311981201,-0.9404426217079163
1789453853566981400,41.9839814453125,-1.1916959285736084,-0.34275197982788086,-0.8876904249191284
1789453853576921300,41.99392138671875,-1.2014918327331543,-0.2735123038291931,-0.8330636024475098
1789453853586860500,42.003860595703124,-1.2090091705322266,-0.19561509788036346,-0.7940131425857544
1789453853596800300,42.01380029296875,-1.1637309789657593,-0.16454683244228363,-0.7707355618476868
1789453853606739200,42.0237392578125,-1.1493858098983765,-0.12737442553043365,-0.7393504977226257
1789453853616679400,42.033679443359375,-1.1257915496826172,-0.16376490890979767,-0.7499211430549622
1789453853626618400,42.04361840820312,-1.1580426692962646,-0.14065904915332794,-0.6871019601821899
1789453853636558300,42.053558349609375,-1.1758426427841187,-0.16579726338386536,-0.5770891308784485
1789453853646497300,42.06349731445312,-1.1376185417175293,-0.25246503949165344,-0.5078080892562866
1789453853656436500,42.0734365234375,-1.173188328742981,-0.28584396839141846,-0.43618321418762207
1789453853666376400,42.08337646484375,-1.119596242904663,-0.34502339363098145,-0.35663270950317383
1789453853676315400,42.0933154296875,-1.0584644079208374,-0.3500257432460785,-0.27535900473594666
1789453853686255400,42.10325537109375,-0.9882336258888245,-0.32456541061401367,-0.18818256258964539
1789453853696194300,42.1131943359375,-0.9093825221061707,-0.3070335388183594,-0.12100730836391449
1789453853706134300,42.12313427734375,-0.8752908706665039,-0.17085465788841248,-0.0690932422876358
1789453853716073200,42.1330732421875,-0.796642005443573,-0.10903684049844742,-0.07513216137886047
1789453853726013400,42.143013427734374,-0.8215718865394592,0.1572747379541397,0.031729575246572495
1789453853735952400,42.15295239257812,-0.7830749750137329,0.23182693123817444,0.05667348951101303
1789453853745892400,42.162892333984374,-0.6860527992248535,0.1974463164806366,0.05997927486896515
1789453853755831300,42.17283129882812,-0.5832003355026245,0.15013350546360016,0.12471882998943329
1789453853765771300,42.18277124023437,-0.4810294806957245,0.17690493166446686,0.24649985134601593
1789453853775710500,42.19271044921875,-0.30888497829437256,0.16679242253303528,0.2970249354839325
1789453853785649400,42.2026494140625,-0.19966690242290497,0.20519386231899261,0.277564138174057
1789453853795589400,42.21258935546875,-0.15162020921707153,0.26439014077186584,0.30772078037261963
1789453853805528300,42.2225283203125,-0.10257437080144882,0.2918374836444855,0.3374885022640228
1789453853815468300,42.23246826171875,-0.052595965564250946,0.30474504828453064,0.3644048869609833
1789453853825407200,42.2424072265625,-0.013927933759987354,0.29507189989089966,0.404475599527359
1789453853835347500,42.25234741210937,0.02482505887746811,0.26136264204978943,0.4104856252670288
1789453853845286400,42.26228637695313,0.06121661886572838,0.21787239611148834,0.4269719421863556
1789453853855226400,42.27222631835937,0.12056516110897064,0.1711139976978302,0.4615601897239685
1789453853865165300,42.28216528320313,0.19788658618927002,0.14032651484012604,0.4816492199897766
1789453853875105300,42.29210522460937,0.2944255471229553,0.1153542771935463,0.5382742881774902
1789453853885044200,42.30204418945313,0.3812960088253021,0.0663883313536644,0.5978241562843323
1789453853894984200,42.31198413085937,0.4534873366355896,0.012010695412755013,0.6546175479888916
1789453853904923400,42.32192333984375,0.5275461673736572,-0.0005333255976438522,0.7175147533416748
1789453853914862300,42.3318623046875,0.6187763810157776,0.04946267977356911,0.7539927959442139
1789453853924802300,42.34180224609375,0.767734944820404,0.16118068993091583,0.8097423911094666
1789453853934741200,42.3517412109375,0.9575595259666443,0.3162548542022705,0.8916220664978027
1789453853944681500,42.36168139648437,1.1305345296859741,0.4434679448604584,0.983127772808075
1789453853954620400,42.37162036132813,1.2515732049942017,0.5497145652770996,1.0524717569351196
1789453853964560400,42.38156030273438,1.330057144165039,0.5796604752540588,1.0604974031448364
1789453853974499600,42.39149951171875,1.384971261024475,0.552611768245697,1.0488777160644531
1789453853984439300,42.40143920898438,1.4408750534057617,0.5080296397209167,1.0258709192276
1789453853994378200,42.411378173828126,1.505620002746582,0.47084498405456543,0.9736859202384949
1789453854004318200,42.42131811523438,1.5536959171295166,0.5721202492713928,0.9671406745910645
1789453854014257400,42.43125732421875,1.615317463874817,0.6395108103752136,0.9872905611991882
1789453854024197400,42.441197265625,1.6970716714859009,0.6047552227973938,0.936345100402832
1789453854034136300,42.45113623046875,1.7036609649658203,0.5086236000061035,0.8556761741638184
1789453854044075300,42.4610751953125,1.709518551826477,0.4267313778400421,0.7841404676437378
1789453854054015500,42.47101538085938,1.7149345874786377,0.39129847288131714,0.711300790309906
1789453854063954400,42.480954345703125,1.7563496828079224,0.3929741382598877,0.6636949181556702
1789453854073894100,42.49089404296875,1.8453041315078735,0.33884868025779724,0.5785579085350037
1789453854083833300,42.500833251953125,1.934275507926941,0.24895046651363373,0.46949827671051025
1789453854093773300,42.51077319335938,1.9787118434906006,0.23779481649398804,0.41448116302490234
1789453854103712300,42.520712158203125,2.01029372215271,0.31513968110084534,0.4341470003128052
1789453854113652200,42.53065234375,2.0336573123931885,0.24935516715049744,0.4560210406780243
1789453854123591400,42.54059130859375,2.0102438926696777,0.0928310826420784,0.5066445469856262
1789453854133531400,42.55053149414063,1.926906704902649,-0.04365033283829689,0.5229010581970215
1789453854143470300,42.56047021484375,1.7988743782043457,-0.10993747413158417,0.499330997467041
1789453854153410600,42.57041064453125,1.6697752475738525,-0.09992197901010513,0.5580016374588013
1789453854163349500,42.580349609375,1.580902099609375,-0.09359883517026901,0.6432257294654846
1789453854173288400,42.590288330078124,1.5603101253509521,-0.06630314141511917,0.674500584602356
1789453854183228200,42.600228271484376,1.5793570280075073,-0.020539648830890656,0.7237709164619446
1789453854193167400,42.61016748046875,1.6227935552597046,-0.05341367423534393,0.7222925424575806
1789453854203107300,42.620107421875,1.595348596572876,-0.03046681359410286,0.698878824710846
1789453854213046300,42.63004638671875,1.516669511795044,-0.020518556237220764,0.692402184009552
1789453854222986500,42.63998657226563,1.4015588760375977,-0.006920189596712589,0.6404103636741638
1789453854232925400,42.649925537109375,1.2698884010314941,0.04387062415480614,0.6039304137229919
1789453854242865400,42.65986547851563,1.1720350980758667,0.06788408011198044,0.6293354034423828
1789453854252804400,42.669804443359375,1.1356645822525024,0.011572571471333504,0.6604715585708618
1789453854262744300,42.67974438476563,1.1086229085922241,-0.07735463231801987,0.633259117603302
1789453854272683300,42.689683349609375,1.076967716217041,-0.09277959913015366,0.6348052024841309
1789453854282622500,42.69962255859375,1.0470061302185059,-0.016910666599869728,0.6781782507896423
1789453854292562200,42.709562255859375,1.0046483278274536,0.013184013776481152,0.6531205773353577
1789453854302501400,42.71950146484375,0.9668170809745789,-0.028399381786584854,0.5494011044502258
1789453854312441300,42.72944140625,0.8762579560279846,-0.05461259186267853,0.4463931620121002
1789453854322380300,42.73938037109375,0.7321428656578064,-0.12248565256595612,0.340535968542099
1789453854332320500,42.749320556640626,0.5260589122772217,-0.1009179875254631,0.25312790274620056
1789453854342259500,42.759259521484374,0.35088762640953064,-0.06682499498128891,0.21493922173976898
1789453854352199400,42.769199462890626,0.1633213460445404,-0.06764643639326096,0.16365356743335724
1789453854362138400,42.779138427734374,0.02735098823904991,-0.10210907459259033,0.08940888941287994
1789453854372078300,42.789078369140626,-0.05568636953830719,-0.19822844862937927,0.021265599876642227
1789453854382017300,42.799017333984374,-0.11381705105304718,-0.3348182439804077,-0.04191123694181442
1789453854391957200,42.808957275390625,-0.2262953221797943,-0.4022766053676605,-0.11297836899757385
1789453854401896400,42.818896484375,-0.4054482877254486,-0.29650142788887024,-0.1917474865913391
1789453854411835400,42.82883544921875,-0.5351270437240601,-0.10945122689008713,-0.28362971544265747
1789453854421775400,42.838775390625,-0.604236900806427,0.1062893196940422,-0.3784087002277374
1789453854431714300,42.84871435546875,-0.6787224411964417,0.26965731382369995,-0.44533103704452515
1789453854441654500,42.858654541015625,-0.7278143763542175,0.3393053710460663,-0.4747171401977539
1789453854451593500,42.86859350585937,-0.7712199687957764,0.31476151943206787,-0.46791598200798035
1789453854461533200,42.878533203125,-0.8024088144302368,0.29376834630966187,-0.4572180509567261
1789453854471472400,42.88847241210937,-0.8582274913787842,0.2462499886751175,-0.4059372842311859
1789453854481412400,42.898412353515624,-0.8841285705566406,0.11294093728065491,-0.3649219274520874
1789453854491351300,42.90835131835937,-0.9038202166557312,-0.04711593687534332,-0.39183446764945984
1789453854501291300,42.918291259765624,-0.912126362323761,-0.15576651692390442,-0.4503702223300934
1789453854511230500,42.92823046875,-0.8946210145950317,-0.18300209939479828,-0.4717981815338135
1789453854521169400,42.93816943359375,-0.8919152617454529,-0.11204136908054352,-0.42563706636428833
1789453854531109400,42.948109375,-0.9117859601974487,0.026292020455002785,-0.35584336519241333
1789453854541048300,42.95804833984375,-0.8875522613525391,0.2701696753501892,-0.3026443123817444
1789453854550988500,42.96798852539062,-0.8013134598731995,0.40544602274894714,-0.2738795876502991
1789453854560927500,42.97792749023437,-0.7207738757133484,0.3194509744644165,-0.2852148115634918
1789453854570867200,42.9878671875,-0.6471680998802185,0.13260851800441742,-0.3385186493396759
1789453854580806400,42.99780639648438,-0.5980815291404724,0.03921811282634735,-0.42248573899269104
1789453854590746400,43.00774633789062,-0.6003535389900208,-0.08377083390951157,-0.49273595213890076
1789453854600685300,43.01768530273438,-0.7116488814353943,-0.18908821046352386,-0.5114121437072754
1789453854610625500,43.02762548828125,-0.8414072394371033,-0.12544097006320953,-0.4852809011936188
1789453854620564500,43.037564453125,-0.881838321685791,-0.05288928002119064,-0.44974902272224426
1789453854630504400,43.04750439453125,-0.8401793837547302,-0.05054745823144913,-0.4619921147823334
1789453854640443400,43.057443359375,-0.7465378046035767,-0.16953057050704956,-0.5193473100662231
1789453854650382300,43.06738232421875,-0.7021207809448242,-0.32713016867637634,-0.641188383102417
1789453854660322300,43.077322265625,-0.7929516434669495,-0.3929869532585144,-0.7303560972213745
1789453854670261500,43.08726147460938,-0.9316006898880005,-0.40581998229026794,-0.7733047604560852
1789453854680201200,43.097201171875,-1.0633472204208374,-0.3492882549762726,-0.7928358316421509
1789453854690140400,43.10714038085938,-1.0864814519882202,-0.19320496916770935,-0.7983071804046631
1789453854700080400,43.11708032226562,-1.0170328617095947,-0.0670052170753479,-0.8293191194534302
1789453854710019300,43.12701928710938,-0.9450971484184265,-0.13376659154891968,-0.9096981287002563
1789453854719959600,43.13695947265625,-0.8392822742462158,-0.3266952931880951,-0.9178338050842285
1789453854729898500,43.1468984375,-0.7007782459259033,-0.45725560188293457,-0.8296701908111572
1789453854739838500,43.15683837890625,-0.6304678320884705,-0.3272382318973541,-0.7109915018081665
1789453854749777400,43.16677734375,-0.6805539727210999,0.008040597662329674,-0.6849358081817627
1789453854759716400,43.17671630859375,-0.8004835844039917,0.17132486402988434,-0.7436159253120422
1789453854769656300,43.18665625,-0.8670207858085632,0.06744400411844254,-0.8234063386917114
1789453854779595300,43.19659521484375,-0.903279721736908,-0.026740286499261856,-0.9041107892990112
1789453854789535200,43.20653515625,-0.9759179949760437,0.003932972438633442,-0.9107221364974976
1789453854799474400,43.216474365234376,-1.0994585752487183,0.14735057950019836,-0.8305676579475403
1789453854809414400,43.22641430664063,-1.255365252494812,0.326089084148407,-0.7556359767913818
1789453854819353300,43.236353271484376,-1.3720721006393433,0.30139705538749695,-0.7530231475830078
1789453854829293600,43.24629345703125,-1.3616853952407837,-0.12674038112163544,-0.8470594882965088
1789453854839232500,43.256232421875,-1.2596280574798584,-0.49259132146835327,-0.9883148670196533
1789453854849172500,43.26617236328125,-1.1487321853637695,-0.5935922861099243,-1.04098379611969
1789453854859111400,43.276111328125,-1.1238327026367188,-0.40724027156829834,-1.003982424736023
1789453854869051400,43.28605151367187,-1.1577205657958984,-0.09873215109109879,-0.9283897876739502
1789453854878990300,43.295990234375,-1.1880496740341187,0.04403378814458847,-0.9113511443138123
1789453854888929300,43.30592919921875,-1.1828410625457764,0.05669354647397995,-0.8635455369949341
1789453854898869200,43.315869140625,-1.1181135177612305,-0.1380477100610733,-0.8638550043106079
1789453854908808400,43.325808349609375,-1.0664856433868408,-0.3620765507221222,-0.9175145030021667
1789453854918748400,43.33574853515625,-1.0573848485946655,-0.32442399859428406,-0.8765436410903931
1789453854928687400,43.345687255859374,-0.9973076581954956,-0.37134620547294617,-0.8189207911491394
1789453854938627600,43.35562768554688,-1.010353446006775,-0.31210580468177795,-0.7264657020568848
1789453854948566500,43.36556640625,-1.0149495601654053,-0.2975572347640991,-0.6492704153060913
1789453854958506200,43.37550634765625,-1.039615273475647,-0.36968788504600525,-0.6400902271270752
1789453854968445200,43.385445068359374,-1.097651481628418,-0.3573175072669983,-0.5573312640190125
1789453854978385400,43.39538549804688,-1.155502438545227,-0.32137733697891235,-0.43206676840782166
1789453854988324400,43.405324462890626,-1.0765492916107178,-0.41051623225212097,-0.37596702575683594
1789453854998263300,43.41526318359375,-0.9094852209091187,-0.41694244742393494,-0.2795603573322296
1789453855008203300,43.425203369140625,-0.6844168901443481,-0.2940567135810852,-0.20647594332695007
1789453855018142500,43.435142578125,-0.5354244709014893,-0.08261237293481827,-0.23113974928855896
1789453855028082400,43.44508251953125,-0.5674912333488464,0.27043256163597107,-0.20770594477653503
1789453855038021400,43.455021484375,-0.7134903073310852,0.461041659116745,-0.09487446397542953
1789453855047961600,43.46496166992188,-0.7623209357261658,0.23950183391571045,-0.02933814935386181
1789453855057900500,43.474900634765625,-0.6961094737052917,0.0478687547147274,0.08739379048347473
1789453855067840300,43.48484033203125,-0.4789609909057617,-0.05324021354317665,0.24531316757202148
1789453855077779200,43.494779296875,-0.22777162492275238,-0.22998756170272827,0.22959120571613312
1789453855087719400,43.504719482421876,-0.13063624501228333,0.021939337253570557,0.23250700533390045
1789453855097658400,43.514658447265624,-0.024431245401501656,0.29493170976638794,0.3188472092151642
1789453855107598300,43.524598388671876,0.12917980551719666,0.3639853596687317,0.3511851727962494
1789453855117537500,43.53453759765625,0.18686866760253906,0.2820422947406769,0.33879053592681885
1789453855127476500,43.5444765625,0.13274452090263367,0.3156341314315796,0.35745304822921753
1789453855137416400,43.55441650390625,0.07952230423688889,0.2727836072444916,0.40489616990089417
1789453855147355400,43.56435546875,0.038007061928510666,0.14713332056999207,0.4398326575756073
1789453855157295400,43.57429541015625,-0.02021470107138157,0.056341905146837234,0.43849602341651917
1789453855167234300,43.584234375,-0.058712489902973175,0.0418376550078392,0.4537931978702545
1789453855177174300,43.59417431640625,-0.039765700697898865,-0.020568199455738068,0.4630087912082672
1789453855187113200,43.60411328125,-0.0019422275945544243,-0.10768397897481918,0.46969693899154663
1789453855197053400,43.614053466796875,0.021902386099100113,-0.16557523608207703,0.4932936131954193
1789453855206992400,43.62399243164062,0.03832823038101196,-0.20650246739387512,0.5511960983276367
1789453855216932400,43.633932373046875,0.0854419469833374,-0.22356854379177094,0.6309543251991272
1789453855226871600,43.64387158203125,0.17845980823040009,-0.13589200377464294,0.6937609314918518
1789453855236810500,43.653810546875,0.3932594656944275,0.032226696610450745,0.7422946691513062
1789453855246750500,43.66375048828125,0.696699321269989,0.23703835904598236,0.762261688709259
1789453855256689400,43.673689453125,0.955669105052948,0.47281092405319214,0.7880035042762756
1789453855266629400,43.68362939453125,1.0958915948867798,0.6815333962440491,0.8471808433532715
1789453855276568300,43.693568359375,1.1482511758804321,0.8297244310379028,0.9219770431518555
1789453855286508300,43.70350830078125,1.1443662643432617,0.8755383491516113,0.8769066333770752
1789453855296447200,43.713447265625,1.1439311504364014,0.8720560073852539,0.8534252643585205
1789453855306387500,43.723387451171874,1.1624250411987305,0.8118814826011658,0.8507047891616821
1789453855316326100,43.733326171875,1.2282536029815674,0.6954203844070435,0.8320775628089905
1789453855326266000,43.74326611328125,1.3168349266052246,0.6139183044433594,0.8115803599357605
1789453855336205000,43.753205078125,1.4052741527557373,0.603049099445343,0.7626839280128479
1789453855346144300,43.76314428710938,1.4492543935775757,0.596778154373169,0.7258790731430054
1789453855356084200,43.77308422851563,1.5042436122894287,0.597816526889801,0.7443768382072449
1789453855366023200,43.78302319335938,1.635073184967041,0.527485728263855,0.6555322408676147
1789453855375963100,43.79296313476563,1.7027353048324585,0.4458102881908417,0.5010430216789246
1789453855385902000,43.802902099609376,1.7279987335205078,0.5418401956558228,0.4710700511932373
1789453855395842000,43.81284204101563,1.7789199352264404,0.5076130032539368,0.41432422399520874
1789453855405781000,43.822781005859376,1.822434902191162,0.4581191837787628,0.3775365352630615
1789453855415721200,43.83272119140625,1.8370156288146973,0.34955301880836487,0.39475706219673157
1789453855425660200,43.84266015625,1.843357801437378,0.2301064431667328,0.4026719629764557
1789453855435600100,43.85260009765625,1.8376977443695068,0.18112850189208984,0.4499220550060272
1789453855445539000,43.8625390625,1.8448601961135864,0.12958362698554993,0.4853120446205139
1789453855455478300,43.872478271484376,1.8461835384368896,0.026306774467229843,0.5292075872421265
1789453855465418000,43.88241796875,1.8336633443832397,-0.03434574231505394,0.5928709506988525
1789453855475357000,43.89235693359375,1.8189829587936401,-0.0952378511428833,0.6357387900352478
1789453855485297200,43.90229711914063,1.7848318815231323,-0.132473424077034,0.6394082307815552
1789453855495236000,43.912236083984375,1.743911862373352,-0.13126887381076813,0.6321164965629578
1789453855505176000,43.92217602539063,1.7215625047683716,-0.0662628561258316,0.6372821927070618
1789453855515115000,43.932114990234375,1.7012157440185547,-0.00034962035715579987,0.6397900581359863
1789453855525055200,43.94205517578125,1.6783965826034546,0.047435954213142395,0.6609384417533875
1789453855534994200,43.951994140625,1.6723806858062744,0.05238756909966469,0.6599897742271423
1789453855544934100,43.96193408203125,1.6493322849273682,0.03797340765595436,0.6338910460472107
1789453855554873000,43.971873046875,1.5936634540557861,-0.05585534870624542,0.6195446252822876
1789453855564813000,43.98181298828125,1.5049331188201904,-0.12354081124067307,0.5688068270683289
1789453855574752000,43.991751953125,1.39212965965271,-0.13393032550811768,0.5420673489570618
1789453855584691000,44.00169091796875,1.2831506729125977,-0.05569300428032875,0.6195060014724731
1789453855594631200,44.011631103515626,1.2421408891677856,-0.04275696352124214,0.6917445063591003
1789453855604570000,44.021570068359374,1.222507119178772,-0.08359178155660629,0.6888881325721741
1789453855614510000,44.031510009765626,1.1750043630599976,-0.16844542324543,0.6444817781448364
1789453855624449000,44.041448974609374,1.047383427619934,-0.15147046744823456,0.6291348934173584
1789453855634389200,44.05138916015625,0.9402972459793091,-0.04736430197954178,0.6411409974098206
1789453855644328200,44.061328125,0.89727383852005,-0.029309812933206558,0.6152375936508179
1789453855654268000,44.071267822265625,0.832649290561676,-0.09260063618421555,0.5061377882957458
1789453855664207000,44.08120703125,0.7368643283843994,-0.10931684076786041,0.40917494893074036
1789453855674147000,44.09114697265625,0.5794882774353027,-0.08965498208999634,0.36250409483909607
1789453855684086000,44.1010859375,0.41182470321655273,-0.1586114466190338,0.3286924362182617
1789453855694025000,44.11102490234375,0.260947585105896,-0.2564237415790558,0.23726770281791687
1789453855703965200,44.120965087890625,0.15085063874721527,-0.3581181466579437,0.14454495906829834
1789453855713904000,44.13090405273437,0.04463471099734306,-0.4524553120136261,0.09182848781347275
1789453855723844000,44.140843994140624,-0.06989578902721405,-0.48571300506591797,0.0582590289413929
1789453855733783000,44.15078295898437,-0.19973662495613098,-0.5112780332565308,0.017696423456072807
1789453855743723300,44.16072314453125,-0.3367856740951538,-0.4407244920730591,-0.042141661047935486
1789453855753662200,44.170662109375,-0.42351922392845154,-0.3536494970321655,-0.08566783368587494
1789453855763602000,44.180601806640624,-0.5124600529670715,-0.1996997445821762,-0.12587854266166687
1789453855773541000,44.190541015625,-0.5975658893585205,-0.1544121652841568,-0.19739481806755066
1789453855783481000,44.200481201171876,-0.6927687525749207,-0.28540846705436707,-0.3182726502418518
1789453855793420000,44.210419921875,-0.8522077202796936,-0.270242303609848,-0.42832669615745544
1789453855803359000,44.22035888671875,-1.0112717151641846,-0.11693251878023148,-0.46032604575157166
1789453855813299200,44.23029931640625,-1.0917564630508423,0.056374821811914444,-0.4415680468082428
1789453855823238100,44.24023803710938,-1.0767261981964111,0.13804343342781067,-0.39226242899894714
1789453855833178000,44.25017822265625,-1.0938793420791626,0.070265993475914,-0.47762981057167053
1789453855843117000,44.26011694335938,-1.1535358428955078,-0.0019581534434109926,-0.6863731145858765
1789453855853057000,44.27005712890625,-1.247664451599121,0.10044838488101959,-0.7935288548469543
1789453855862996200,44.27999633789062,-1.3008196353912354,0.20480401813983917,-0.7018362879753113
1789453855872936000,44.28993603515625,-1.2892167568206787,0.22555537521839142,-0.5042659640312195
1789453855882875100,44.29987524414062,-1.2190284729003906,0.27519315481185913,-0.33099642395973206
1789453855892815000,44.309815185546874,-1.1285643577575684,0.2746248245239258,-0.25107282400131226
1789453855902754000,44.31975415039062,-1.040745496749878,0.19154809415340424,-0.23213951289653778
1789453855912693000,44.32969287109375,-0.9944366216659546,0.085450679063797,-0.21913981437683105
1789453855922633200,44.33963330078125,-0.9924850463867188,-0.0069189295172691345,-0.21187497675418854
1789453855932572200,44.349572265625,-0.9966936707496643,0.009706385433673859,-0.23737555742263794
1789453855942512000,44.35951220703125,-0.9179010987281799,0.16798873245716095,-0.27971965074539185
1789453855952451000,44.369451171875,-0.7713878154754639,0.27304404973983765,-0.31528347730636597
1789453855962391000,44.37939111328125,-0.6426880359649658,0.2151774764060974,-0.37884625792503357
1789453855972330000,44.389330078125,-0.6233649253845215,-0.04181116819381714,-0.46173980832099915
1789453855982270000,44.39927001953125,-0.7032728791236877,-0.24913005530834198,-0.512265145778656
1789453855992209200,44.40920922851563,-0.7168545126914978,-0.08494964241981506,-0.4469655156135559
1789453856002149000,44.41914916992187,-0.7011561989784241,0.20985746383666992,-0.3630622625350952
1789453856012088000,44.42908813476563,-0.6887336373329163,0.38221457600593567,-0.35644909739494324
1789453856022027000,44.439027099609376,-0.5989308953285217,0.2874681055545807,-0.44715452194213867
1789453856031967200,44.44896728515625,-0.48065030574798584,0.009280173107981682,-0.5856048464775085
1789453856041906200,44.45890625,-0.35998639464378357,-0.34118780493736267,-0.7501296401023865
1789453856051846100,44.46884619140625,-0.40166032314300537,-0.4506722092628479,-0.8964633941650391
1789453856061785000,44.47878515625,-0.44938984513282776,-0.410844087600708,-0.9868977069854736
1789453856071725000,44.48872509765625,-0.5366438031196594,-0.46062415838241577,-1.0284377336502075
1789453856081664000,44.4986640625,-0.45221278071403503,-0.5882354974746704,-0.946475088596344
1789453856091604000,44.50860400390625,-0.3975207507610321,-0.5133066773414612,-0.813036322593689
1789453856101543200,44.51854321289063,-0.5434419512748718,-0.23729762434959412,-0.7550075054168701
1789453856111483100,44.52848315429687,-0.7449998259544373,0.0322137326002121,-0.7603500485420227
1789453856121422000,44.53842211914063,-0.8980613350868225,0.1455368995666504,-0.8283490538597107
1789453856131361000,44.548361083984375,-0.989628791809082,0.13686057925224304,-0.8908758163452148
1789453856141301200,44.55830126953125,-1.0181883573532104,0.01875234581530094,-0.9386146068572998
1789453856151240200,44.568240234375,-1.0172569751739502,-0.14846540987491608,-1.0279183387756348
1789453856161180000,44.578179931640626,-0.9882639646530151,-0.3305794298648834,-1.1158747673034668
1789453856171119000,44.588119140625,-0.9818042516708374,-0.36211979389190674,-1.153226375579834
1789453856181059000,44.59805908203125,-1.0387656688690186,-0.1985451877117157,-1.1380752325057983
1789453856190998000,44.607998046875,-1.1494996547698975,0.010434389114379883,-1.0576128959655762
1789453856200938000,44.61793798828125,-1.2497520446777344,0.12467002868652344,-0.9589394330978394
1789453856210877200,44.627877197265626,-1.2986737489700317,0.13163499534130096,-0.9421955943107605
1789453856220817200,44.63781713867188,-1.2501505613327026,-0.04347394034266472,-0.9597973823547363
1789453856230756000,44.647756103515626,-1.2156703472137451,-0.21291783452033997,-0.988591730594635
1789453856240695000,44.657695068359374,-1.1582649946212769,-0.2980293333530426,-0.9285585284233093
1789453856250635300,44.66763525390625,-1.1489143371582031,-0.304019570350647,-0.8297438025474548
1789453856260574200,44.67757421875,-1.152045726776123,-0.29793521761894226,-0.763649582862854
1789453856270514000,44.687513916015625,-1.1918435096740723,-0.26535382866859436,-0.7244235873222351
1789453856280453000,44.697453125,-1.2365150451660156,-0.25151175260543823,-0.6533393859863281
1789453856290393000,44.70739306640625,-1.2610653638839722,-0.2585342526435852,-0.5694796442985535
1789453856300332000,44.71733203125,-1.227252721786499,-0.30681419372558594,-0.5441187024116516
1789453856310272800,44.72727270507813,-1.2408827543258667,-0.2259760946035385,-0.48957499861717224
1789453856320211700,44.73721166992188,-1.2192704677581787,-0.27699658274650574,-0.46874189376831055
1789453856330151700,44.74715161132813,-1.2276614904403687,-0.36270323395729065,-0.4257965683937073
1789453856340090600,44.757090576171876,-1.2038480043411255,-0.3681780993938446,-0.35768353939056396
1789453856350029800,44.76702978515625,-1.1306339502334595,-0.3110242486000061,-0.2916904091835022
1789453856359969500,44.776969482421876,-1.0438145399093628,-0.27080631256103516,-0.2067534476518631
1789453856369908500,44.786908447265624,-0.9691929817199707,-0.2383759468793869,-0.10363451391458511
1789453856379848700,44.7968486328125,-0.9795805811882019,-0.04812440648674965,0.031114159151911736
1789453856389787600,44.80678759765625,-0.9354618787765503,-0.03116619400680065,0.05786933749914169
1789453856399727600,44.8167275390625,-0.9043775796890259,-0.0033715988975018263,0.052999015897512436
1789453856409666600,44.82666650390625,-0.8422814607620239,0.10902311652898788,0.07744763791561127
1789453856419606800,44.83660668945313,-0.7931817770004272,0.3985110819339752,0.2255636751651764
1789453856429545700,44.846545654296875,-0.627775251865387,0.2875605821609497,0.24774248898029327
1789453856439485400,44.8564853515625,-0.47035664319992065,0.21669034659862518,0.3027937710285187
1789453856449424600,44.866424560546875,-0.3058183193206787,0.1414424628019333,0.3214329481124878
1789453856459363600,44.87636352539062,-0.16061875224113464,0.16942639648914337,0.2718484401702881
1789453856469303600,44.886303466796875,-0.047302063554525375,0.24004623293876648,0.21259896457195282
1789453856479242500,44.89624243164062,0.01648726873099804,0.23314261436462402,0.22163212299346924
1789453856489182700,44.9061826171875,0.03259939327836037,0.17251762747764587,0.23733918368816376
1789453856499121700,44.91612158203125,-0.03480517864227295,0.06801912188529968,0.28669628500938416
1789453856509061600,44.9260615234375,-0.07350543886423111,-0.029451508074998856,0.33487287163734436
1789453856519000600,44.93600048828125,-0.031218016520142555,-0.08801887929439545,0.3377145230770111
1789453856528940800,44.94594091796875,0.021436672657728195,-0.08277058601379395,0.3603351414203644
1789453856538879700,44.955879638671874,0.13583222031593323,-0.05732781067490578,0.39207950234413147
1789453856548819500,44.9658193359375,0.2897264361381531,-0.04141329228878021,0.40218591690063477
1789453856558758700,44.975758544921874,0.3932344317436218,-0.014760252088308334,0.452556848526001
1789453856568697600,44.98569750976562,0.4666961431503296,0.02635709010064602,0.5073865056037903
1789453856578637600,44.99563745117187,0.5322540998458862,0.08778555691242218,0.5616036653518677
1789453856588576500,45.00557641601562,0.6156309843063354,0.16673603653907776,0.6335346102714539
1789453856598516700,45.015516845703125,0.7426563501358032,0.19516374170780182,0.6650862097740173
1789453856608455700,45.02545556640625,0.8564801216125488,0.256696879863739,0.7019525766372681
1789453856618395600,45.035395751953125,0.977075457572937,0.32046961784362793,0.7519116997718811
1789453856628334600,45.04533447265625,1.096995234489441,0.32239535450935364,0.8069984316825867
1789453856638274600,45.055274658203125,1.2012367248535156,0.3630574345588684,0.8580728769302368
1789453856648213500,45.06521362304687,1.2754813432693481,0.4225149154663086,0.8573921918869019
1789453856658153500,45.075153564453124,1.3174769878387451,0.4668620824813843,0.8703849911689758
1789453856668092700,45.0850927734375,1.389008641242981,0.5200294256210327,0.8769744634628296
1789453856678031600,45.09503149414063,1.4693816900253296,0.5295708179473877,0.8540966510772705
1789453856687971600,45.1049716796875,1.5328741073608398,0.5284016728401184,0.8856799006462097
1789453856697910500,45.11491064453125,1.5878167152404785,0.48197442293167114,0.9062216877937317
1789453856707850800,45.124850830078124,1.6141974925994873,0.3641769587993622,0.924508810043335
1789453856717789700,45.13478979492187,1.6226928234100342,0.26306360960006714,0.9338138699531555
1789453856727729700,45.144729736328124,1.6542729139328003,0.19897569715976715,0.9061918258666992
1789453856737668900,45.1546689453125,1.675011157989502,0.2269362062215805,0.8907199501991272
1789453856747608600,45.16460864257812,1.6991965770721436,0.2307083159685135,0.8892962336540222
1789453856757547500,45.17454760742187,1.7513552904129028,0.16594091057777405,0.8461129069328308
1789453856767487500,45.18448754882812,1.7830325365066528,0.04252389818429947,0.7919921875
1789453856777426700,45.1944267578125,1.7733395099639893,-0.04767591133713722,0.7436138391494751
1789453856787365600,45.20436572265625,1.7602427005767822,-0.08266399055719376,0.7035689353942871
1789453856797305600,45.2143056640625,1.7588344812393188,-0.12588465213775635,0.6486294865608215
1789453856807244500,45.22424462890625,1.770256757736206,-0.13157770037651062,0.6210449934005737
1789453856817184800,45.23418481445312,1.7925413846969604,-0.14420706033706665,0.6326093077659607
1789453856827123700,45.24412377929688,1.8201128244400024,-0.12385358661413193,0.6468724012374878
1789453856837063400,45.2540634765625,1.8305422067642212,-0.16165822744369507,0.6507883071899414
1789453856847002600,45.26400268554688,1.8202540874481201,-0.16365773975849152,0.6900424957275391
1789453856856942600,45.27394262695312,1.7650288343429565,-0.17301607131958008,0.728973925113678
1789453856866881500,45.28388159179688,1.6737534999847412,-0.16286224126815796,0.7345127463340759
1789453856876821500,45.29382153320312,1.5854735374450684,-0.10764829814434052,0.7658510804176331
1789453856886760700,45.3037607421875,1.5148977041244507,-0.08938779681921005,0.7938159108161926
1789453856896699600,45.31369970703125,1.4495940208435059,-0.065652996301651,0.80948406457901
1789453856906639600,45.3236396484375,1.4055097103118896,-0.0836450457572937,0.8065236806869507
1789453856916578600,45.33357861328125,1.308411717414856,-0.11791433393955231,0.7881723642349243
1789453856926518800,45.34351879882813,1.1557362079620361,-0.04688329994678497,0.8600375056266785
1789453856936457700,45.35345776367188,1.0641615390777588,-0.028397608548402786,0.9332090616226196
1789453856946397400,45.3633974609375,1.0464550256729126,-0.02997925877571106,0.8942722678184509
1789453856956336600,45.373336669921876,1.0206066370010376,-0.09236417710781097,0.7646340727806091
1789453856966276600,45.38327661132813,0.9829075336456299,-0.20912115275859833,0.6483650207519531
1789453856976215600,45.393215576171876,0.9132552742958069,-0.25500044226646423,0.5992162227630615
1789453856986154500,45.403154541015624,0.7881042957305908,-0.2232648879289627,0.5911636352539062
1789453856996094700,45.4130947265625,0.6109870672225952,-0.2072398066520691,0.5479077100753784
1789453857006033700,45.42303369140625,0.47454768419265747,-0.2230619192123413,0.43531590700149536
1789453857015973600,45.4329736328125,0.368706077337265,-0.22452698647975922,0.33208373188972473
1789453857025912600,45.44291259765625,0.3005877435207367,-0.23314417898654938,0.2471856325864792
1789453857035852500,45.4528525390625,0.18859054148197174,-0.2077946662902832,0.16227993369102478
1789453857045791700,45.462791748046875,0.09869847446680069,-0.231139674782753,0.07245337963104248
1789453857055731500,45.4727314453125,0.015371170826256275,-0.2513921558856964,0.02628786489367485
1789453857065670700,45.482670654296875,-0.09073688834905624,-0.147918239235878,0.0016477650497108698
1789453857075610600,45.49261059570313,-0.18508848547935486,-0.17006224393844604,-0.053924717009067535
1789453857085549600,45.502549560546875,-0.3022870123386383,-0.2397124320268631,-0.1596735268831253
1789453857095488500,45.51248852539062,-0.4307866394519806,-0.24230614304542542,-0.2742084264755249
1789453857105428700,45.5224287109375,-0.5521367788314819,-0.16296124458312988,-0.33818820118904114
1789453857115367700,45.53236767578125,-0.6090306639671326,0.014597475528717041,-0.312919020652771
1789453857125307600,45.5423076171875,-0.6822412014007568,0.16114643216133118,-0.2942715883255005
1789453857135246800,45.552246826171874,-0.7172693610191345,0.060848452150821686,-0.30647462606430054
1789453857145186600,45.5621865234375,-0.7437774538993835,-0.028896082192659378,-0.3922007083892822
1789453857155125500,45.57212548828125,-0.7727898359298706,0.037902746349573135,-0.4331909716129303
1789453857165065500,45.5820654296875,-0.8354007601737976,0.1722075492143631,-0.41652145981788635
1789453857175004700,45.592004638671874,-0.904493510723114,0.26928797364234924,-0.3939902186393738
1789453857184944600,45.601944580078126,-0.9492942690849304,0.33897891640663147,-0.38749876618385315
1789453857194883600,45.611883544921874,-0.9330437779426575,0.3632281422615051,-0.37944772839546204
1789453857204822500,45.62182250976562,-0.8681603670120239,0.29279208183288574,-0.39581871032714844
1789453857214762800,45.6317626953125,-0.8399784564971924,-0.21995821595191956,-0.4722389578819275
1789453857224701700,45.64170166015625,-0.9728214144706726,-0.7331546545028687,-0.6226279139518738
1789453857234641700,45.6516416015625,-1.2025268077850342,-0.43598484992980957,-0.6694352030754089
1789453857244580900,45.66158081054687,-0.9767600297927856,0.7482951879501343,-0.3089856803417206
1789453857254520600,45.6715205078125,-0.516165554523468,1.0276621580123901,0.05368782952427864
1789453857264459500,45.68145947265625,-0.26609715819358826,0.26347532868385315,-0.29898393154144287
1789453857274399500,45.6913994140625,-0.3869193196296692,-0.5286239385604858,-0.9533765316009521
1789453857284338700,45.70133862304687,-0.7888582348823547,-0.5320979952812195,-1.149247169494629
1789453857294278700,45.711278564453124,-1.0435738563537598,0.15264128148555756,-0.7908127307891846
1789453857304217600,45.72121752929687,-1.0914196968078613,0.6429521441459656,-0.4064687490463257
1789453857314156000,45.731156005859376,-0.9927439093589783,0.7040833830833435,-0.36203306913375854
1789453857324096300,45.74109619140625,-0.8577674627304077,0.16175086796283722,-0.8146423101425171
1789453857334035200,45.75103515625,-1.0462265014648438,-0.16427065432071686,-1.4360928535461426
1789453857343975200,45.76097509765625,-1.1731090545654297,-0.20038044452667236,-1.5733680725097656
1789453857353914000,45.7709140625,-1.1733742952346802,-0.17733386158943176,-1.2662372589111328
1789453857363854000,45.78085400390625,-1.0017703771591187,-0.19057802855968475,-0.8976816534996033
1789453857373793000,45.79079296875,-0.7633669972419739,-0.1588825136423111,-0.678564727306366
1789453857383733000,45.80073291015625,-0.5885382294654846,0.07304711639881134,-0.6189205646514893
1789453857393672000,45.810671875,-0.5825243592262268,0.2149372100830078,-0.7389326691627502
1789453857403611100,45.820611083984375,-0.8069953322410583,0.12862443923950195,-0.9166554808616638
1789453857413551000,45.830551025390626,-1.0997488498687744,-0.09830977767705917,-0.9089735150337219
1789453857423490000,45.840489990234374,-1.298581838607788,-0.06291210651397705,-0.5980606079101562
1789453857433430300,45.85043017578125,-1.250333309173584,0.5422260165214539,-0.26847049593925476
1789453857443369200,45.860369140625,-0.9772748947143555,0.6370164155960083,-0.29777035117149353
1789453857453309200,45.87030908203125,-0.4298131465911865,-0.9507992267608643,-1.0369837284088135
1789453857463248100,45.880248046875,-0.11015791445970535,-2.102285385131836,-2.099412679672241
1789453857473188000,45.89018798828125,-0.4281867444515228,-1.2365106344223022,-2.108038902282715
1789453857483127000,45.900126953125,-1.1349800825119019,0.0818832516670227,-0.9444090723991394
1789453857493067000,45.91006689453125,-1.5958765745162964,1.0239230394363403,0.011245297268033028
1789453857503006000,45.920005859375,-1.6232490539550781,1.260948896408081,0.09609334170818329
1789453857512945200,45.92994506835937,-1.2793281078338623,0.7319526672363281,-0.5075255036354065
1789453857522885000,45.939885009765625,-0.9763463735580444,-0.09286588430404663,-1.2012072801589966
1789453857532824000,45.94982397460937,-0.9323682188987732,-0.8119456768035889,-1.3714901208877563
1789453857542764300,45.95976440429688,-0.9883965849876404,-0.7564959526062012,-1.1054986715316772
1789453857552703200,45.969703125,-1.0644007921218872,-0.29346001148223877,-0.8002212643623352
1789453857562643000,45.979642822265625,-1.1624921560287476,0.0411297008395195,-0.7106538414955139
1789453857572582000,45.98958178710937,-1.168859601020813,0.24961239099502563,-0.8007880449295044
1789453857582522000,45.999522216796876,-1.1540607213974,0.2627476453781128,-0.930083155632019
1789453857592461000,46.0094609375,-1.1176153421401978,0.13170522451400757,-0.9096283912658691
1789453857602400000,46.01939990234375,-1.113703966140747,-0.22907133400440216,-0.8083528876304626
1789453857612340200,46.02934033203125,-1.2244699001312256,-0.4293608069419861,-0.7861185669898987
1789453857622279200,46.03927905273437,-1.3354885578155518,-0.36047548055648804,-0.7992687225341797
1789453857632219100,46.04921923828125,-1.3374043703079224,-0.30585169792175293,-0.7745368480682373
1789453857642158000,46.05915795898437,-1.198968529701233,-0.3204338252544403,-0.7052712440490723
1789453857652098300,46.069098388671875,-1.0212504863739014,-0.26438814401626587,-0.5912916660308838
1789453857662037200,46.07903735351562,-0.8050543069839478,-0.2961583137512207,-0.5380923748016357
1789453857671977000,46.08897705078125,-0.7268189787864685,-0.11912652105093002,-0.39270493388175964
1789453857681916000,46.098916015625,-0.6432101130485535,-0.12308824062347412,-0.32234635949134827
1789453857691856100,46.108856201171875,-0.6584014296531677,-0.04941802844405174,-0.2725667357444763
1789453857701795000,46.11879516601562,-0.6630771160125732,0.030168674886226654,-0.23141823709011078
1789453857711734000,46.12873413085938,-0.6945946216583252,0.1396385133266449,-0.13878147304058075
1789453857721674200,46.13867431640625,-0.6707500219345093,0.21987555921077728,-0.0879766121506691
1789453857731613200,46.14861328125,-0.5978456735610962,0.2713138163089752,0.002232411876320839
1789453857741553200,46.15855322265625,-0.4799419641494751,0.24007785320281982,0.05240609869360924
1789453857751492000,46.1684921875,-0.3415384888648987,0.13263779878616333,0.04263487830758095
1789453857761432000,46.17843212890625,-0.2566768527030945,0.03495011478662491,0.03408293426036835
1789453857771371000,46.18837109375,-0.1736006885766983,0.043108124285936356,0.06521357595920563
1789453857781311000,46.19831103515625,-0.10063007473945618,0.12646906077861786,0.11571642756462097
1789453857791250000,46.20825,0.00764362933114171,0.058219823986291885,0.12568694353103638
1789453857801190100,46.218190185546874,0.06877969205379486,0.0700189620256424,0.14073406159877777
1789453857811129000,46.22812915039062,0.09037689119577408,0.12012118846178055,0.16453741490840912
1789453857821068000,46.23806811523438,0.0627460703253746,0.1356218457221985,0.22373123466968536
1789453857831008300,46.24800830078125,0.022269897162914276,0.12639698386192322,0.3159496486186981
1789453857840947200,46.257947265625,0.029893463477492332,0.06912385672330856,0.36024999618530273
1789453857850887200,46.26788720703125,0.05160461366176605,0.02775697223842144,0.4044440686702728
1789453857860826000,46.277826171875,0.11675406247377396,0.03143239766359329,0.43348079919815063
1789453857870766000,46.28776611328125,0.24354974925518036,0.053110212087631226,0.4549811780452728
1789453857880705000,46.297705078125,0.3853393793106079,0.05475391447544098,0.5031942129135132
1789453857890645000,46.30764501953125,0.4780798554420471,0.07116225361824036,0.5783196687698364
1789453857900584000,46.317583984375,0.5544310808181763,0.08288415521383286,0.6763386726379395
1789453857910524200,46.32752416992187,0.6624389886856079,0.07771166414022446,0.7378326654434204
1789453857920463000,46.33746313476563,0.7901207804679871,0.02319808304309845,0.7509037256240845
1789453857930402000,46.347402099609376,0.8932660818099976,0.0050419471226632595,0.7754725813865662
1789453857940342300,46.35734228515625,1.0036312341690063,0.03299422189593315,0.8530584573745728
1789453857950281200,46.36728125,1.1278620958328247,0.028431780636310577,0.9076716303825378
1789453857960221000,46.37722094726563,1.2334918975830078,0.02657875418663025,0.981028139591217
1789453857970160000,46.38716015625,1.2961492538452148,0.03339509665966034,0.9860117435455322
1789453857980100000,46.39710009765625,1.3872812986373901,0.05429292097687721,0.9644113779067993
1789453857990039000,46.4070390625,1.4421651363372803,0.1469021886587143,0.9815499782562256
1789453857999979000,46.41697900390625,1.5045877695083618,0.25289198756217957,0.9984895586967468
1789453858009918200,46.42691821289063,1.5565822124481201,0.2959591746330261,0.9917075037956238
1789453858019858200,46.43685815429688,1.5966910123825073,0.2836255431175232,0.9738315939903259
1789453858029797000,46.446797119140626,1.6268717050552368,0.2198389619588852,0.9265602827072144
1789453858039736000,46.456736083984374,1.6614024639129639,0.17009909451007843,0.8471855521202087
1789453858049676300,46.46667626953125,1.6904572248458862,0.13176469504833221,0.7960776090621948
1789453858059615200,46.476615234375,1.7230881452560425,0.044840436428785324,0.7335484623908997
1789453858069555000,46.486554931640626,1.7562235593795776,-0.05055168271064758,0.6618974804878235
1789453858079494000,46.496493896484374,1.7932742834091187,-0.11239374428987503,0.6055892109870911
1789453858089434000,46.50643408203125,1.7852615118026733,-0.239816352725029,0.567546546459198
1789453858099373000,46.516373046875,1.7243385314941406,-0.3255557715892792,0.6046723127365112
1789453858109313000,46.52631298828125,1.6393486261367798,-0.3412254750728607,0.6557228565216064
1789453858119252200,46.536252197265625,1.5881980657577515,-0.4040936529636383,0.7113667130470276
1789453858129191200,46.54619116210937,1.5890837907791138,-0.43048688769340515,0.7264896035194397
1789453858139131100,46.556131103515625,1.535630464553833,-0.3877532482147217,0.7866900563240051
1789453858149070000,46.56607006835937,1.5254584550857544,-0.33905696868896484,0.9055843949317932
1789453858159010000,46.576010009765625,1.5489726066589355,-0.3537467122077942,0.9485515356063843
1789453858168949200,46.58594921875,1.5095409154891968,-0.34569254517555237,0.9466546773910522
1789453858178889000,46.595888916015625,1.456917405128479,-0.3391518294811249,0.9895377159118652
1789453858188828000,46.60582788085937,1.3865247964859009,-0.3006141185760498,1.0752880573272705
1789453858198768000,46.61576806640625,1.3304591178894043,-0.2672710716724396,1.106091856956482
1789453858208707000,46.62570703125,1.286363959312439,-0.20711037516593933,1.0873677730560303
1789453858218646000,46.63564599609375,1.2548291683197021,-0.24767111241817474,1.054707646369934
1789453858228586200,46.645586181640624,1.2096381187438965,-0.3246088922023773,0.9806845784187317
1789453858238525200,46.65552514648437,1.1245615482330322,-0.3124992251396179,0.9806478023529053
1789453858248465200,46.665465087890624,1.0054714679718018,-0.23560094833374023,1.0182263851165771
1789453858258404000,46.67540405273437,0.9161778092384338,-0.20591148734092712,1.0122052431106567
1789453858268344000,46.685343994140624,0.8841541409492493,-0.24904248118400574,0.946999728679657
1789453858278283000,46.69528295898437,0.8516321778297424,-0.30007556080818176,0.8744410872459412
1789453858288223000,46.70522290039062,0.8114638924598694,-0.32110053300857544,0.8023065328598022
1789453858298162000,46.71516186523438,0.742968738079071,-0.3322586417198181,0.7548178434371948
1789453858308102100,46.72510205078125,0.6460565328598022,-0.30785515904426575,0.6970557570457458
1789453858318041900,46.735041748046875,0.5393338203430176,-0.23804038763046265,0.5979158878326416
1789453858327980800,46.74498071289062,0.425722599029541,-0.1536286175251007,0.47638699412345886
1789453858337921000,46.75492114257813,0.30436262488365173,-0.1865045428276062,0.3247074484825134
1789453858347860000,46.76485986328125,0.16813921928405762,-0.2720763385295868,0.17189204692840576
1789453858357799700,46.774799560546874,0.011039880104362965,-0.2600460350513458,0.05599101632833481
1789453858367739000,46.78473876953125,-0.10958655178546906,-0.20558637380599976,0.0017174228560179472
1789453858377678800,46.794678955078126,-0.20543718338012695,-0.13364000618457794,-0.013165919110178947
1789453858387617800,46.80461767578125,-0.31204524636268616,-0.16258203983306885,-0.06141585484147072
1789453858397557800,46.814557861328126,-0.4234199821949005,-0.18852229416370392,-0.13602404296398163
1789453858407497000,46.8244970703125,-0.5233094096183777,-0.20878401398658752,-0.21993675827980042
1789453858417436000,46.83443579101562,-0.6281892657279968,-0.16962862014770508,-0.28655412793159485
1789453858427375900,46.8443759765625,-0.7076973915100098,-0.05734574422240257,-0.3154749870300293
1789453858437314800,46.85431469726562,-0.7716662287712097,0.00043819425627589226,-0.3042124807834625
1789453858447254800,46.8642548828125,-0.8305800557136536,0.04622398689389229,-0.33967918157577515
1789453858457193700,46.87419384765625,-0.8571218848228455,0.030448216944932938,-0.3734848201274872
1789453858467133700,46.8841337890625,-0.8769785761833191,0.04835512116551399,-0.3996122479438782
1789453858477073000,46.89407299804687,-0.9038993716239929,0.10365459322929382,-0.35469135642051697
1789453858487012900,46.904012939453125,-0.9238236546516418,0.1439325362443924,-0.27835533022880554
1789453858496951800,46.91395190429687,-0.935321033000946,0.17925643920898438,-0.2253989279270172
1789453858506891800,46.923891845703125,-0.9226027727127075,0.1902923583984375,-0.21794594824314117
1789453858516831000,46.9338310546875,-0.8839884996414185,0.14662504196166992,-0.2210322767496109
1789453858526770000,46.94377001953125,-0.8482736945152283,0.15643151104450226,-0.20982207357883453
1789453858536710000,46.9537099609375,-0.7991167902946472,0.23695778846740723,-0.19855742156505585
1789453858546648800,46.96364892578125,-0.7220652103424072,0.23692013323307037,-0.2025425136089325
1789453858556588800,46.9735888671875,-0.6576275825500488,0.2008097916841507,-0.2661856710910797
1789453858566527700,46.98352783203125,-0.632665753364563,0.08427263796329498,-0.3727630376815796
1789453858576467700,46.9934677734375,-0.6731868386268616,0.027502302080392838,-0.4365563988685608
1789453858586407000,47.00340698242187,-0.7172772884368896,0.12851986289024353,-0.4372096061706543
1789453858596347000,47.013346923828124,-0.710595965385437,0.23679307103157043,-0.43158847093582153
1789453858606285800,47.02328588867187,-0.7242222428321838,0.254280149936676,-0.4698866605758667
1789453858616224800,47.03322485351563,-0.7663806080818176,0.1311315894126892,-0.5408263206481934
1789453858626165000,47.0431650390625,-0.832080066204071,0.016268290579319,-0.5998957753181458
1789453858636104000,47.05310400390625,-0.8954068422317505,-0.0948779359459877,-0.6388320326805115
1789453858646044000,47.0630439453125,-0.9615800380706787,-0.21394534409046173,-0.6946895122528076
1789453858655982800,47.07298291015625,-0.9851881265640259,-0.22514766454696655,-0.753162682056427
1789453858665922800,47.0829228515625,-0.9524183869361877,-0.16779804229736328,-0.7870203852653503
1789453858675861800,47.09286181640625,-0.9538333415985107,-0.09095945209264755,-0.7839534878730774
1789453858685801700,47.1028017578125,-0.9715105295181274,-0.1112644374370575,-0.7811993360519409
1789453858695741000,47.11274096679688,-0.9527472257614136,-0.22087694704532623,-0.7859042882919312
1789453858705681000,47.12268090820312,-0.8969234824180603,-0.3023144602775574,-0.7820609211921692
1789453858715619800,47.13261987304688,-0.8285635709762573,-0.29224345088005066,-0.7406551837921143
1789453858725558800,47.142558837890626,-0.7763888239860535,-0.20721057057380676,-0.6815489530563354
1789453858735499000,47.1524990234375,-0.7872747182846069,-0.10345488041639328,-0.6672555208206177
1789453858745438000,47.16243798828125,-0.841288685798645,-0.09216941893100739,-0.6950116753578186
1789453858755377700,47.17237768554688,-0.9587281942367554,-0.17185385525226593,-0.7523990273475647
1789453858765316900,47.18231689453125,-1.059427261352539,-0.16258229315280914,-0.8006130456924438
1789453858775256800,47.1922568359375,-1.143924355506897,0.0074858409352600574,-0.7667823433876038
1789453858785195800,47.20219580078125,-1.2199585437774658,0.1814165562391281,-0.708372950553894
1789453858795135700,47.2121357421875,-1.197364330291748,0.2606368064880371,-0.7056376338005066
1789453858805075000,47.22207495117188,-1.1722242832183838,0.034197062253952026,-0.8094624280929565
1789453858815014000,47.232013916015624,-1.1408237218856812,-0.30059850215911865,-0.9333558678627014
1789453858824953900,47.241953857421876,-1.1351230144500732,-0.4131164848804474,-0.9896658062934875
1789453858834892800,47.251892822265624,-1.1758995056152344,-0.3369426131248474,-0.9598352313041687
1789453858844833000,47.2618330078125,-1.248918056488037,-0.12872248888015747,-0.8976646065711975
1789453858854772000,47.27177197265625,-1.2567434310913086,0.06421554088592529,-0.8403951525688171
1789453858864711700,47.281711669921876,-1.1942557096481323,0.023842034861445427,-0.8339183926582336
1789453858874651000,47.29165087890625,-1.08010733127594,-0.19340160489082336,-0.9191166162490845
1789453858884590800,47.3015908203125,-1.031154751777649,-0.38446202874183655,-1.0038617849349976
1789453858894529800,47.31152978515625,-1.0105762481689453,-0.4206373393535614,-1.0316308736801147
1789453858904469800,47.3214697265625,-1.0448040962219238,-0.2638374865055084,-0.9971513152122498
1789453858914409000,47.331408935546875,-1.0447320938110352,-0.10888011008501053,-0.9093266129493713
1789453858924348000,47.34134790039062,-1.033774733543396,-0.0157847348600626,-0.8211770057678223
1789453858934288000,47.351287841796875,-1.0027973651885986,-0.14756301045417786,-0.8055216073989868
1789453858944226800,47.36122680664062,-1.039432168006897,-0.3720797598361969,-0.8117673993110657
1789453858954166800,47.371166748046875,-1.2008551359176636,-0.3827132284641266,-0.6907453536987305
1789453858964105700,47.38110571289062,-1.2834062576293945,-0.4007202386856079,-0.5745249390602112
1789453858974045700,47.391045654296875,-1.2991039752960205,-0.280233234167099,-0.4469912648200989
1789453858983985000,47.40098486328125,-1.195218563079834,-0.1604958027601242,-0.3236733376979828
1789453858993924900,47.4109248046875,-0.973379373550415,-0.23835037648677826,-0.3117823302745819
1789453859003863800,47.42086376953125,-0.79193514585495,-0.3161165714263916,-0.33173567056655884
1789453859013802800,47.430802734375,-0.7628779411315918,-0.22434058785438538,-0.2869410216808319
1789453859023743000,47.440742919921874,-0.8235650658607483,-0.13833294808864594,-0.19992858171463013
1789453859033682000,47.45068188476562,-0.9326739311218262,-0.02680482529103756,-0.11167994886636734
1789453859043622000,47.460621826171874,-0.9493134021759033,0.2107805758714676,0.033743832260370255
1789453859053560800,47.47056079101562,-0.7009161114692688,0.15840977430343628,0.11305143684148788
1789453859063500800,47.48050073242187,-0.46607035398483276,0.07371167838573456,0.15339244902133942
1789453859073439700,47.49043969726562,-0.29791197180747986,0.005471907090395689,0.1131957620382309
1789453859083379700,47.50037963867187,-0.21823592483997345,0.18865667283535004,0.19649770855903625
1789453859093319000,47.51031884765625,-0.15520316362380981,0.36147135496139526,0.2781089246273041
1789453859103257900,47.5202578125,-0.059895776212215424,0.37756282091140747,0.2758709192276001
1789453859113197800,47.53019775390625,-0.02905370481312275,0.45931705832481384,0.27700063586235046
1789453859123136800,47.54013671875,-0.07598305493593216,0.6468806266784668,0.36456984281539917
1789453859133077000,47.55007690429687,-0.08263376355171204,0.5910181403160095,0.422073096036911
1789453859143016000,47.56001586914063,-0.13414326310157776,0.45676276087760925,0.5079147815704346
1789453859152955600,47.56995556640625,-0.17129728198051453,0.21982719004154205,0.525292694568634
1789453859162894800,47.57989477539063,-0.15471598505973816,-0.00984494574368,0.4866282641887665
1789453859172834800,47.58983471679687,-0.10652768611907959,-0.1383078396320343,0.45500028133392334
1789453859182773800,47.59977368164063,-0.07374634593725204,-0.14753587543964386,0.47626057267189026
1789453859192713700,47.60971362304687,0.009989568963646889,-0.08916871249675751,0.5515134930610657
1789453859202653000,47.61965283203125,0.1932678073644638,-0.051833637058734894,0.5949589610099792
1789453859212591900,47.629591796875,0.3372303247451782,-0.040406547486782074,0.6307289004325867
1789453859222531800,47.63953173828125,0.4107362627983093,-0.04830218106508255,0.6765828728675842
1789453859232470800,47.649470703125,0.5227423906326294,-0.05895216017961502,0.7214525938034058
1789453859242411000,47.65941088867187,0.6542379856109619,-0.0825776681303978,0.7474644780158997
1789453859252350000,47.66934985351563,0.7869182825088501,0.05978213995695114,0.8348206877708435
1789453859262289700,47.67928955078125,0.9311760067939758,0.26125940680503845,0.9262030720710754
1789453859272228900,47.689228759765626,1.0101443529129028,0.3604658842086792,0.9553958773612976
1789453859282168800,47.6991689453125,1.1062253713607788,0.42210283875465393,1.0252946615219116
1789453859292107800,47.709107666015626,1.2472641468048096,0.38548970222473145,1.0797107219696045
1789453859302046700,47.719046630859374,1.3736951351165771,0.34222212433815,1.078334927558899
1789453859311987000,47.72898706054688,1.4176151752471924,0.3308807909488678,1.034002661705017
1789453859321925000,47.73892504882812,1.4192029237747192,0.3599526882171631,1.0202738046646118
1789453859331865300,47.748865234375,1.4510998725891113,0.568045973777771,1.1162190437316895
1789453859341804300,47.75880419921875,1.6183944940567017,0.7443517446517944,1.0566447973251343
1789453859351744300,47.768744140625,1.7839690446853638,0.7680171132087708,0.8438944220542908
1789453859361683200,47.77868310546875,1.7766401767730713,0.6441482305526733,0.6145784854888916
1789453859371623200,47.788623046875,1.6770511865615845,0.5307838916778564,0.4716067314147949
1789453859381562000,47.79856201171875,1.6167614459991455,0.37158265709877014,0.5186800360679626
1789453859391502000,47.808502197265625,1.577120065689087,0.20717239379882812,0.6539209485054016
1789453859401441300,47.81844116210937,1.609526515007019,0.09778998792171478,0.7079068422317505
1789453859411380200,47.82838012695313,1.7328228950500488,0.09061303734779358,0.697706937789917
1789453859421320200,47.8383203125,1.861283302307129,0.029749086126685143,0.6307438611984253
1789453859431259100,47.84825903320313,1.8779685497283936,-0.017116155475378036,0.5930521488189697
1789453859441199400,47.858199462890624,1.8091511726379395,-0.006515550427138805,0.6448634266853333
1789453859451138300,47.86813818359375,1.7905972003936768,-0.05634249374270439,0.6912035346031189
1789453859461078300,47.878078369140624,1.7815226316452026,-0.07159152626991272,0.6799815893173218
1789453859471017200,47.88801733398437,1.773205041885376,-0.12879648804664612,0.670323371887207
1789453859480957200,47.897957275390624,1.7423940896987915,-0.17126059532165527,0.6781304478645325
1789453859490896100,47.90789624023437,1.6721129417419434,-0.1615094393491745,0.660015344619751
1789453859500835000,47.9178349609375,1.5489072799682617,-0.13329844176769257,0.7381007075309753
1789453859510775300,47.927775390625,1.447402000427246,-0.1349184364080429,0.8669157028198242
1789453859520714200,47.93771435546875,1.3882418870925903,-0.14840467274188995,0.9040725827217102
1789453859530654200,47.947654296875,1.3856016397476196,-0.10683618485927582,0.9083229899406433
1789453859540593200,47.95759326171875,1.3847652673721313,-0.13252928853034973,0.892358124256134
1789453859550533400,47.96753344726562,1.3401799201965332,-0.1618323177099228,0.8862517476081848
1789453859560472300,47.97747241210938,1.2283130884170532,-0.16485106945037842,0.9001563191413879
1789453859570412000,47.987412109375,1.0990267992019653,-0.11723028868436813,0.8942829370498657
1789453859580351200,47.99735131835938,0.979246199131012,-0.014202160760760307,0.8565781712532043
1789453859590290400,48.00729052734375,0.9316379427909851,-0.014531061053276062,0.8315095901489258
1789453859600230100,48.01723022460938,0.9262176752090454,-0.08782217651605606,0.7882910370826721
1789453859610169000,48.027169189453126,0.9184015393257141,-0.1919538974761963,0.7201996445655823
1789453859620109300,48.037109375,0.8688424825668335,-0.23266799747943878,0.6685531735420227
1789453859630048300,48.04704833984375,0.7878621816635132,-0.20460067689418793,0.6692538261413574
1789453859639988200,48.05698828125,0.7213220000267029,-0.158490851521492,0.6798301935195923
1789453859649927200,48.06692724609375,0.6393594741821289,-0.12020818144083023,0.6446924209594727
1789453859659867400,48.07686743164062,0.5658077597618103,-0.1626826673746109,0.5550299286842346
1789453859669806300,48.08680639648438,0.4737337529659271,-0.24975845217704773,0.438287615776062
1789453859679746000,48.09674609375,0.34129640460014343,-0.2512049973011017,0.3509520888328552
1789453859689685000,48.10668505859375,0.2014695107936859,-0.2003774791955948,0.2984952926635742
1789453859699624200,48.116624267578125,0.07581834495067596,-0.15590767562389374,0.24262188374996185
1789453859709564200,48.12656420898438,-0.036589689552783966,-0.1684652715921402,0.18155106902122498
1789453859719503000,48.136503173828125,-0.148482546210289,-0.25748124718666077,0.10849758237600327
1789453859729443300,48.146443359375,-0.28482523560523987,-0.23740579187870026,0.022732343524694443
1789453859739382300,48.15638232421875,-0.423173725605011,-0.12965057790279388,-0.06231825798749924
1789453859749322200,48.166322265625,-0.5539155602455139,-0.08749274164438248,-0.16033802926540375
1789453859759261200,48.17626123046875,-0.6572512984275818,0.01717454567551613,-0.256267786026001
1789453859769200400,48.186200439453124,-0.754813015460968,0.06952323764562607,-0.36925560235977173
1789453859779140400,48.196140380859376,-0.8609364628791809,0.04576572775840759,-0.5146171450614929
1789453859789079300,48.206079345703124,-0.9285738468170166,0.02462848462164402,-0.5893824100494385
1789453859799019300,48.216019287109376,-1.0744774341583252,0.1958247274160385,-0.6554304361343384
1789453859808958200,48.225958251953124,-1.1900447607040405,0.36021658778190613,-0.6280134320259094
1789453859818898200,48.235898193359375,-1.279489278793335,0.4612666070461273,-0.5672227740287781
1789453859828837000,48.24583715820312,-1.3548096418380737,0.39825329184532166,-0.5035905241966248
1789453859838777300,48.25577734375,-1.3833116292953491,0.2623857855796814,-0.4130260944366455
1789453859848716300,48.26571630859375,-1.3117458820343018,0.2006331831216812,-0.2765260338783264
1789453859858656300,48.27565625,-1.1994575262069702,0.2720724046230316,-0.14558804035186768
1789453859868595200,48.28559521484375,-1.0520603656768799,0.42543745040893555,-0.04572908952832222
1789453859878534400,48.29553442382812,-0.8771365880966187,0.4929406940937042,0.009411711245775223
1789453859888474000,48.30547412109375,-0.7158653736114502,0.42464444041252136,-0.007922004908323288
1789453859898413000,48.3154130859375,-0.5614101886749268,0.2615627348423004,-0.07965128868818283
1789453859908353300,48.325353271484374,-0.45641323924064636,0.14411146938800812,-0.16447056829929352
1789453859918292200,48.33529223632812,-0.43734872341156006,0.10226788371801376,-0.26683688163757324
1789453859928232200,48.345232177734374,-0.4899466931819916,0.0753830075263977,-0.3538537919521332
1789453859938171100,48.35517114257812,-0.6175293922424316,0.04651251435279846,-0.3798159658908844
1789453859948111400,48.365111328125,-0.7434439063072205,0.07304851710796356,-0.37313809990882874
1789453859958050300,48.37505029296875,-0.7814404964447021,0.08287589997053146,-0.3717518448829651
1789453859967989200,48.3849892578125,-0.7883802056312561,0.0500713475048542,-0.39348989725112915
1789453859977929200,48.39492919921875,-0.7734050750732422,0.041283346712589264,-0.45709651708602905
1789453859987868400,48.40486840820312,-0.6985673308372498,0.07100555300712585,-0.4508218467235565
1789453859997808000,48.41480810546875,-0.5994796752929688,0.05713243782520294,-0.4568845331668854
1789453860007747000,48.4247470703125,-0.5195316076278687,-0.016034185886383057,-0.552725613117218
1789453860017687300,48.43468725585937,-0.478946715593338,-0.05636171996593475,-0.6676598191261292
1789453860027626200,48.44462622070313,-0.5339934825897217,-0.048725374042987823,-0.7925663590431213
1789453860037566200,48.45456616210937,-0.6291279196739197,-0.009167774580419064,-0.8946612477302551
1789453860047505200,48.46450512695313,-0.774057924747467,0.07655911892652512,-0.9323087930679321
1789453860057444400,48.4744443359375,-0.8450932502746582,0.11662623286247253,-0.9355896711349487
1789453860067384300,48.48438427734375,-0.8229045867919922,0.03060372918844223,-0.917410135269165
1789453860077323300,48.4943232421875,-0.7229467034339905,-0.13515488803386688,-0.889246940612793
1789453860087263200,48.50426318359375,-0.6131187677383423,-0.2885713279247284,-0.8908852934837341
1789453860097202200,48.5142021484375,-0.6349166035652161,-0.2913939654827118,-0.9093283414840698
1789453860107142100,48.52414208984375,-0.7512133717536926,-0.21569468080997467,-0.9404367208480835
1789453860117081000,48.5340810546875,-0.8340582847595215,-0.10166541486978531,-0.9382222890853882
1789453860127021300,48.54402124023437,-0.9211583137512207,0.03071845881640911,-0.9185082316398621
1789453860136960300,48.55396020507813,-1.0224530696868896,0.15104036033153534,-0.9374646544456482
1789453860146899200,48.563899169921875,-1.090124487876892,0.11931998282670975,-0.9857698678970337
1789453860156839200,48.57383911132813,-1.1264164447784424,0.040168192237615585,-1.0298542976379395
1789453860166778400,48.5837783203125,-1.1685699224472046,-0.022408371791243553,-1.0599666833877563
1789453860176718300,48.59371826171875,-1.172441840171814,-0.04931679368019104,-1.0915583372116089
1789453860186657300,48.6036572265625,-1.1291905641555786,-0.05816168338060379,-1.0986088514328003
1789453860196597200,48.61359716796875,-1.0611572265625,-0.10895045101642609,-1.0656296014785767
1789453860206536200,48.6235361328125,-0.9900140762329102,-0.08989553898572922,-1.056879997253418
1789453860216476200,48.63347607421875,-0.9627655744552612,-0.047775764018297195,-1.023484230041504
1789453860226415000,48.6434150390625,-0.9871271252632141,-0.08868644386529922,-0.9902880191802979
1789453860236354000,48.65335400390625,-1.029431700706482,-0.1050383448600769,-0.9916872382164001
1789453860246294300,48.663294189453126,-1.0817146301269531,-0.019035816192626953,-0.9394916892051697
1789453860256233200,48.673233154296874,-1.0462220907211304,-0.05129743739962578,-0.8956180214881897
1789453860266173200,48.683173095703125,-0.9692200422286987,-0.09495863318443298,-0.8578322529792786
1789453860276112400,48.6931123046875,-0.99847412109375,-0.22229033708572388,-0.8308157324790955
1789453860286052400,48.70305224609375,-1.0236186981201172,-0.2682085633277893,-0.8435051441192627
1789453860295991300,48.7129912109375,-1.1044361591339111,-0.2412150800228119,-0.7613416910171509
1789453860305931300,48.72293115234375,-1.082830786705017,-0.24554698169231415,-0.6776196360588074
1789453860315870000,48.73286987304687,-1.0635825395584106,-0.23200273513793945,-0.5968532562255859
1789453860325809200,48.74280908203125,-0.956657350063324,-0.19989833235740662,-0.548588752746582
1789453860335749000,48.7527490234375,-0.8644591569900513,-0.24374277889728546,-0.5519615411758423
1789453860345688000,48.76268798828125,-0.792974054813385,-0.17440392076969147,-0.43967679142951965
1789453860355628300,48.772628173828124,-0.7224994897842407,-0.1550191193819046,-0.29926300048828125
1789453860365567200,48.78256713867187,-0.7644751667976379,0.06330230832099915,-0.1877623051404953
1789453860375507200,48.792507080078124,-0.8145427107810974,0.3262973725795746,-0.0378059521317482
1789453860385446100,48.80244604492187,-0.7077891230583191,0.31876036524772644,-0.020444806665182114
1789453860395386000,48.81238623046875,-0.6599388122558594,0.4575906991958618,0.057398125529289246
1789453860405325000,48.82232495117187,-0.6035093665122986,0.6309142708778381,0.20939324796199799
1789453860415265000,48.83226513671875,-0.46389254927635193,0.5294022560119629,0.24263325333595276
1789453860425204000,48.84220385742187,-0.40620821714401245,0.6221923828125,0.3302762806415558
1789453860435143200,48.85214306640625,-0.3092089295387268,0.5649676322937012,0.45193323493003845
1789453860445083100,48.86208325195312,-0.18506060540676117,0.48132413625717163,0.4366413652896881
1789453860455022000,48.87202197265625,-0.07533575594425201,0.39202043414115906,0.38664698600769043
1789453860464962300,48.88196240234375,-0.02842097543179989,0.3990250825881958,0.3874179720878601
1789453860474901200,48.8919013671875,-0.029723377898335457,0.3594202995300293,0.41497427225112915
1789453860484841200,48.90184130859375,-0.05439836531877518,0.27549824118614197,0.41858312487602234
1789453860494780200,48.9117802734375,-0.07018481940031052,0.27839234471321106,0.4248371124267578
1789453860504720100,48.92172021484375,-0.015415582805871964,0.282726913690567,0.404948890209198
1789453860514659000,48.9316591796875,0.07856485992670059,0.25070568919181824,0.36980894207954407
1789453860524598000,48.941597900390626,0.15878432989120483,0.23134532570838928,0.3820759952068329
1789453860534538000,48.9515380859375,0.25025615096092224,0.215315043926239,0.38286909461021423
1789453860544477200,48.96147729492188,0.34750813245773315,0.25069567561149597,0.3962346911430359
1789453860554417200,48.97141723632812,0.49178728461265564,0.27430859208106995,0.4140706956386566
1789453860564356000,48.98135620117188,0.6493768692016602,0.2769496440887451,0.41231298446655273
1789453860574296300,48.99129638671875,0.8014051914215088,0.30460458993911743,0.42624029517173767
1789453860584235300,49.0012353515625,0.9903753399848938,0.359855592250824,0.43303054571151733
1789453860594175000,49.01117504882812,1.1649364233016968,0.39285510778427124,0.4169410467147827
1789453860604114200,49.0211142578125,1.2871462106704712,0.43416500091552734,0.4367637634277344
1789453860614053400,49.03105346679688,1.3699100017547607,0.45335716009140015,0.4937645196914673
1789453860623993000,49.0409931640625,1.4492908716201782,0.4522689878940582,0.5115669369697571
1789453860633932000,49.05093212890625,1.4768757820129395,0.4716419577598572,0.5468407273292542
1789453860643872000,49.0608720703125,1.4821679592132568,0.5686620473861694,0.5472399592399597
1789453860653811200,49.070811279296876,1.5338385105133057,0.5974393486976624,0.5295164585113525
1789453860663751200,49.08075122070313,1.5793391466140747,0.5639581084251404,0.5270852446556091
1789453860673690000,49.090690185546876,1.5987787246704102,0.5180231928825378,0.5013751983642578
1789453860683630300,49.10063037109375,1.5784369707107544,0.48857367038726807,0.514886200428009
1789453860693569300,49.1105693359375,1.5846362113952637,0.43868476152420044,0.530341386795044
1789453860703508200,49.12050830078125,1.6172854900360107,0.37137922644615173,0.5175840258598328
1789453860713448000,49.130447998046876,1.689597487449646,0.3560081422328949,0.5317857265472412
1789453860723387100,49.14038720703125,1.7693040370941162,0.35050177574157715,0.576331615447998
1789453860733327000,49.1503271484375,1.8407272100448608,0.3300130069255829,0.5919464230537415
1789453860743266000,49.16026611328125,1.8943352699279785,0.3331502079963684,0.5891056060791016
1789453860753206300,49.17020629882813,1.9411927461624146,0.3218582272529602,0.5502272844314575
1789453860763145200,49.180145263671875,1.9417102336883545,0.22800365090370178,0.4790534973144531
1789453860773085200,49.19008520507813,1.8873217105865479,0.18358920514583588,0.4662885069847107
1789453860783024000,49.200024169921875,1.821399211883545,0.1116982251405716,0.4955694079399109
1789453860792963000,49.20996313476562,1.7791874408721924,0.0768207460641861,0.4860004782676697
1789453860802903300,49.2199033203125,1.772655963897705,0.09162312746047974,0.477536141872406
1789453860812842200,49.22984228515625,1.7682030200958252,0.11924704909324646,0.5183839201927185
1789453860822782000,49.239781982421874,1.7451688051223755,0.1829589158296585,0.5737680792808533
1789453860832721200,49.24972119140625,1.6891545057296753,0.18034198880195618,0.6009033918380737
1789453860842661000,49.2596611328125,1.6136445999145508,0.14957661926746368,0.5977616906166077
1789453860852600000,49.26960009765625,1.5390840768814087,0.1333494335412979,0.543117344379425
1789453860862540300,49.279540283203126,1.4513987302780151,0.10019227117300034,0.5181097388267517
1789453860872479200,49.289479248046874,1.3656193017959595,0.056734420359134674,0.5811330676078796
1789453860882418200,49.29941821289062,1.3145684003829956,0.0002170824445784092,0.628550112247467
1789453860892358100,49.30935815429687,1.3106212615966797,-0.0160111915320158,0.6623254418373108
1789453860902297000,49.31929711914062,1.3220763206481934,-0.020558806136250496,0.6957904696464539
1789453860912237000,49.32923706054687,1.324111819267273,-0.012246740981936455,0.6971423625946045
1789453860922176000,49.33917602539063,1.2998168468475342,0.020962344482541084,0.6719738841056824
1789453860932116000,49.34911596679687,1.2206614017486572,0.04438679665327072,0.6590189337730408
1789453860942055200,49.35905517578125,1.1164902448654175,0.05502372607588768,0.6403160691261292
1789453860951995100,49.3689951171875,1.008302092552185,0.03801140561699867,0.641925036907196
1789453860961934000,49.37893408203125,0.9141260385513306,-0.024548647925257683,0.6572685837745667
1789453860971873000,49.388873046875,0.8123413324356079,-0.07050259411334991,0.6272167563438416
1789453860981813200,49.39881323242187,0.7099781632423401,-0.07004851847887039,0.5649163722991943
1789453860991752200,49.40875219726563,0.6081317067146301,-0.09738391637802124,0.47870904207229614
1789453861001692200,49.41869213867187,0.483955442905426,-0.1109042540192604,0.3937579393386841
1789453861011631400,49.42863134765625,0.3578726053237915,-0.16700321435928345,0.2998865842819214
1789453861021571000,49.43857104492187,0.21445736289024353,-0.20477987825870514,0.18936218321323395
1789453861031510000,49.44851000976563,0.07940386980772018,-0.1716371327638626,0.09829253703355789
1789453861041450000,49.45844995117187,-0.029394514858722687,-0.17431893944740295,0.024166904389858246
1789453861051389200,49.46838916015625,-0.13932566344738007,-0.11348184198141098,-0.026775939390063286
1789453861061328100,49.478328125,-0.23659388720989227,-0.03617293760180473,-0.07943941652774811
1789453861071268000,49.48826806640625,-0.33779364824295044,0.038299717009067535,-0.16902822256088257
1789453861081207000,49.49820703125,-0.44166040420532227,0.008576974272727966,-0.29425671696662903
1789453861091147300,49.50814721679688,-0.5394883751869202,0.0018587964586913586,-0.4094618558883667
1789453861101086200,49.518086181640626,-0.6338497996330261,0.00016529206186532974,-0.48609405755996704
1789453861111026200,49.52802612304688,-0.661498486995697,0.008178460411727428,-0.4929678738117218
1789453861120965000,49.537965087890626,-0.6743884682655334,0.047968748956918716,-0.4493708610534668
1789453861130905000,49.54790502929688,-0.6924429535865784,0.13586442172527313,-0.4321492910385132
1789453861140844000,49.557843994140626,-0.6613109111785889,0.22933845221996307,-0.4117521345615387
1789453861150783000,49.567782958984374,-0.6770861744880676,0.3897775113582611,-0.43363597989082336
1789453861160723200,49.57772314453125,-0.6859533786773682,0.4235035181045532,-0.4020135998725891
1789453861170662100,49.587662109375,-0.6700186729431152,0.3761393427848816,-0.3729519248008728
1789453861180602000,49.59760205078125,-0.6394631862640381,0.28544458746910095,-0.3773978054523468
1789453861190541000,49.607541015625,-0.5968070030212402,0.20103538036346436,-0.41627058386802673
1789453861200481300,49.61748120117188,-0.5580623149871826,0.16065973043441772,-0.44313547015190125
1789453861210420200,49.627420166015625,-0.5442125201225281,0.1351836621761322,-0.4576196074485779
1789453861220360000,49.63735986328125,-0.5492584109306335,0.06115471571683884,-0.49120739102363586
1789453861230299100,49.647299072265625,-0.5847464203834534,0.01863854005932808,-0.5443248152732849
1789453861240238000,49.65723803710937,-0.5984838008880615,0.06647530198097229,-0.5618398785591125
1789453861250178000,49.667177978515625,-0.5708172917366028,0.1483914703130722,-0.5445655584335327
1789453861260117000,49.67711694335937,-0.49371159076690674,0.13562586903572083,-0.5349733829498291
1789453861270057200,49.68705712890625,-0.4669598340988159,0.07526924461126328,-0.6048581600189209
1789453861279996200,49.69699609375,-0.5212270617485046,-0.014394067227840424,-0.7404322624206543
1789453861289936100,49.70693603515625,-0.6371260285377502,-0.05108099430799484,-0.8659655451774597
1789453861299875000,49.716875,-0.765292763710022,-0.031132318079471588,-0.9296385645866394
1789453861309815300,49.726815185546876,-0.8727899789810181,-0.011208677664399147,-0.9544030427932739
1789453861319754200,49.736754150390624,-0.934302031993866,-0.01225050538778305,-1.0209916830062866
1789453861329693400,49.746693359375,-0.9380806088447571,-0.08712483942508698,-1.1121264696121216
1789453861339633200,49.756633056640624,-0.9326168894767761,-0.1403435915708542,-1.1312087774276733
1789453861349572000,49.76657202148437,-0.91749107837677,-0.15980346500873566,-1.0503873825073242
1789453861359512300,49.77651220703125,-0.8370478749275208,-0.1790887415409088,-0.9279576539993286
1789453861369451300,49.786451171875,-0.7394850850105286,-0.2065688669681549,-0.8359163403511047
1789453861379391200,49.79639111328125,-0.6270911693572998,-0.20344285666942596,-0.7565035223960876
1789453861389330200,49.806330078125,-0.6201481819152832,-0.11676395684480667,-0.7194318175315857
1789453861399270400,49.8162705078125,-0.7128728032112122,-0.021349020302295685,-0.7029590606689453
1789453861409209300,49.82620922851562,-0.8056575059890747,0.012420359998941422,-0.7229465246200562
1789453861419148300,49.83614819335938,-0.9112417101860046,0.004880152177065611,-0.7620217204093933
1789453861429088300,49.84608813476562,-1.0000301599502563,0.0013204836286604404,-0.7953919172286987
1789453861439027200,49.85602709960938,-1.062628984451294,-0.006929723080247641,-0.7947229743003845
1789453861448967200,49.86596728515625,-1.0859864950180054,0.0477801077067852,-0.7463117241859436
1789453861458906000,49.87590600585938,-1.1091499328613281,0.14534634351730347,-0.7001543641090393
1789453861468846300,49.885846435546874,-1.1163543462753296,0.17317929863929749,-0.7238252758979797
1789453861478785300,49.89578540039062,-1.1585843563079834,0.1940624713897705,-0.8244072794914246
1789453861488725200,49.905725341796874,-1.194860816001892,0.10466206818819046,-0.8947045207023621
1789453861498664400,49.91566455078125,-1.2399581670761108,0.000998524483293295,-0.8993711471557617
1789453861508603400,49.92560327148438,-1.2687833309173584,-0.05667027831077576,-0.9158313870429993
1789453861518543400,49.93554345703125,-1.2213126420974731,-0.0750599354505539,-0.9226666688919067
1789453861528482300,49.945482421875,-1.1523131132125854,-0.006296442821621895,-0.8951051831245422
1789453861538422300,49.95542236328125,-1.064714789390564,0.01690794713795185,-0.8766923546791077
1789453861548361200,49.965361328125,-1.017531394958496,-0.016396410763263702,-0.8911762237548828
1789453861558301200,49.97530126953125,-1.0254825353622437,0.0409502349793911,-0.8959086537361145
1789453861568240000,49.985240234375,-0.999862790107727,0.017386818304657936,-0.8550050258636475
1789453861578180400,49.99518041992187,-1.0173381567001343,-0.05291077867150307,-0.8368281722068787
1789453861588119300,50.00511938476563,-1.0090910196304321,-0.11780033260583878,-0.8545202016830444
1789453861598058200,50.015058349609376,-1.013121247291565,-0.16829386353492737,-0.8666911125183105
1789453861607998500,50.02499853515625,-1.010860800743103,-0.2431187778711319,-0.8616148829460144
1789453861617937400,50.0349375,-1.0060728788375854,-0.3181759715080261,-0.8315629363059998
1789453861627877000,50.04487719726563,-1.0506768226623535,-0.36278173327445984,-0.7559447884559631
1789453861637816000,50.054816162109375,-1.0430172681808472,-0.42447546124458313,-0.6735830307006836
1789453861647756300,50.06475634765625,-1.0001404285430908,-0.4189299941062927,-0.5947091579437256
1789453861657695200,50.0746953125,-0.9217975735664368,-0.41403961181640625,-0.527275025844574
1789453861667635200,50.08463525390625,-0.8490992188453674,-0.3298678696155548,-0.4393533170223236
1789453861677574100,50.09457421875,-0.7158727049827576,-0.3168617784976959,-0.3997180461883545
1789453861687513300,50.104513427734375,-0.6867920756340027,-0.13195683062076569,-0.2889089584350586
1789453861697453300,50.11445336914063,-0.630950927734375,-0.1385774463415146,-0.20412911474704742
1789453861707392300,50.124392333984375,-0.6436779499053955,-0.1004810705780983,-0.12791727483272552
1789453861717332500,50.13433251953125,-0.6811369061470032,-0.04867326468229294,-0.025075310841202736
1789453861727271400,50.144271484375,-0.701259195804596,0.009266290813684464,0.01715153455734253
1789453861737211100,50.154211181640626,-0.620410144329071,0.016019001603126526,-0.029087333008646965
1789453861747150000,50.164150146484374,-0.5426016449928284,0.15790219604969025,0.03150888904929161
1789453861757090300,50.17409033203125,-0.4601227343082428,0.292731374502182,0.16254360973834991
1789453861767029200,50.184029296875,-0.34134480357170105,0.2532183825969696,0.20864030718803406
1789453861776968200,50.19396826171875,-0.23382046818733215,0.24776236712932587,0.26857662200927734
1789453861786908200,50.203908203125,-0.16365878283977509,0.25865301489830017,0.24263764917850494
1789453861796847400,50.213847412109374,-0.13368676602840424,0.29960525035858154,0.2025778591632843
1789453861806787300,50.223787353515625,-0.06237742304801941,0.27974292635917664,0.2299368679523468
1789453861816726300,50.23372631835937,0.00032963231205940247,0.2887350916862488,0.22332556545734406
1789453861826666200,50.243666259765625,0.029872268438339233,0.2742317318916321,0.23277463018894196
1789453861836605200,50.25360522460937,0.08362657576799393,0.26953524351119995,0.24352528154850006
1789453861846545200,50.263545166015625,0.13589563965797424,0.24942228198051453,0.2730737626552582
1789453861856484000,50.27348413085937,0.19287823140621185,0.23091624677181244,0.30382928252220154
1789453861866423300,50.28342333984375,0.25033730268478394,0.2159554809331894,0.3310196101665497
1789453861876363300,50.29336328125,0.3353342115879059,0.21812355518341064,0.3648361563682556
1789453861886302200,50.30330224609375,0.44942522048950195,0.22111639380455017,0.40479835867881775
1789453861896242400,50.313242431640624,0.5520961880683899,0.22445572912693024,0.4546969532966614
1789453861906181400,50.32318139648437,0.677725613117218,0.22825823724269867,0.4959550201892853
1789453861916121300,50.333121337890624,0.8170179724693298,0.21740984916687012,0.5489820241928101
1789453861926060300,50.34306030273437,0.9395243525505066,0.20117121934890747,0.5913516283035278
1789453861936000300,50.353000244140624,1.0449442863464355,0.2376197725534439,0.6370828747749329
1789453861945939200,50.36293920898437,1.0943406820297241,0.26749709248542786,0.6707776188850403
1789453861955878100,50.37287817382813,1.1177480220794678,0.33691316843032837,0.728553831577301
1789453861965818000,50.38281811523437,1.1507508754730225,0.4287879765033722,0.8384323716163635
1789453861975757300,50.39275732421875,1.2401684522628784,0.41107264161109924,0.8722555637359619
1789453861985697300,50.402697265625,1.3887184858322144,0.2768743634223938,0.8983601331710815
1789453861995636200,50.41263623046875,1.4937381744384766,0.18451328575611115,0.8646402359008789
1789453862005576400,50.42257641601562,1.533206582069397,0.2507954239845276,0.8256675601005554
1789453862015515400,50.43251538085938,1.556599497795105,0.40535733103752136,0.8347574472427368
1789453862025455400,50.44245532226562,1.6153143644332886,0.5244553089141846,0.819415807723999
1789453862035394300,50.45239428710938,1.6887677907943726,0.5433714985847473,0.7633346915245056
1789453862045333200,50.462333251953126,1.7268855571746826,0.5340215563774109,0.7180902361869812
1789453862055273200,50.47227319335938,1.7593142986297607,0.47127828001976013,0.6529067158699036
1789453862065212200,50.482212158203126,1.8181020021438599,0.44414547085762024,0.6127926111221313
1789453862075152100,50.49215209960938,1.8470548391342163,0.3745480179786682,0.5668019652366638
1789453862085091300,50.50209130859375,1.8537404537200928,0.3448159694671631,0.4968198239803314
1789453862095031300,50.51203125,1.8454045057296753,0.3488522469997406,0.4511924386024475
1789453862104970200,50.52197021484375,1.8258979320526123,0.26999741792678833,0.4195105731487274
1789453862114909200,50.5319091796875,1.7845324277877808,0.15396083891391754,0.4096555709838867
1789453862124849400,50.54184936523438,1.7461670637130737,0.029231740161776543,0.3911924660205841
1789453862134788400,50.551788330078125,1.705486536026001,-0.053615204989910126,0.41125378012657166
1789453862144728000,50.56172802734375,1.683660864830017,-0.06740528345108032,0.4541894495487213
1789453862154667300,50.571667236328125,1.6611707210540771,0.022673476487398148,0.5413163900375366
1789453862164607200,50.58160717773438,1.6539974212646484,0.07846388220787048,0.5673964023590088
1789453862174546200,50.591546142578125,1.670172095298767,0.11660194396972656,0.503337562084198
1789453862184486100,50.601486083984376,1.6569960117340088,0.148471400141716,0.4464496076107025
1789453862194425300,50.61142529296875,1.6006195545196533,0.049874257296323776,0.48330697417259216
1789453862204365300,50.621365234375,1.4966576099395752,-0.1167416051030159,0.5654054880142212
1789453862214304300,50.63130419921875,1.3576570749282837,-0.1850130558013916,0.7076640725135803
1789453862224243200,50.6412431640625,1.2517787218093872,-0.18357756733894348,0.8166335225105286
1789453862234183400,50.651183349609376,1.224351406097412,-0.16497032344341278,0.8506810069084167
1789453862244122400,50.661122314453124,1.2656562328338623,-0.10694754123687744,0.8270911574363708
1789453862254062000,50.67106201171875,1.256268858909607,-0.07733824849128723,0.7939167022705078
1789453862264001300,50.68100122070312,1.1895047426223755,-0.10386580973863602,0.7794468402862549
1789453862273941200,50.690941162109375,1.0753999948501587,-0.06686544418334961,0.8205399513244629
1789453862283880200,50.70088012695312,0.9772810935974121,-0.022926677018404007,0.8591119050979614
1789453862293820400,50.7108203125,0.8970967531204224,-0.04329506307840347,0.8318062424659729
1789453862303759400,50.72075927734375,0.839728832244873,-0.143214151263237,0.7292584180831909
1789453862313698300,50.7306982421875,0.7611240148544312,-0.23437362909317017,0.6206027865409851
1789453862323638800,50.740638671875,0.659572184085846,-0.26177164912223816,0.553328812122345
1789453862333577700,50.75057763671875,0.5248824954032898,-0.22597211599349976,0.49430012702941895
1789453862343517400,50.760517333984374,0.3802330195903778,-0.16578690707683563,0.3945615887641907
1789453862353456400,50.77045629882812,0.2573779225349426,-0.10735369473695755,0.2600652873516083
1789453862363396600,50.780396728515626,0.11983099579811096,-0.07282344996929169,0.10119344294071198
1789453862373335600,50.79033544921875,0.025095967575907707,-0.0774935632944107,-0.03540141507983208
1789453862383274500,50.8002744140625,-0.044212836772203445,-0.08964358270168304,-0.15027138590812683
1789453862393214700,50.810214599609374,-0.14635837078094482,-0.0777411162853241,-0.25072526931762695
1789453862403153700,50.82015356445312,-0.24945209920406342,-0.03959747776389122,-0.3338451385498047
1789453862413093600,50.83009375,-0.3674412965774536,0.013876931741833687,-0.40057995915412903
1789453862423032600,50.84003247070312,-0.4939437806606293,0.15551964938640594,-0.4347136616706848
1789453862432972500,50.84997265625,-0.5532257556915283,0.2696206569671631,-0.44321659207344055
1789453862442911700,50.85991186523437,-0.5455281734466553,0.23090453445911407,-0.43462029099464417
1789453862452851500,50.8698515625,-0.5640220046043396,0.20725247263908386,-0.47959068417549133
1789453862462790400,50.87979028320313,-0.5694106221199036,0.14603520929813385,-0.5115519165992737
1789453862472729600,50.8897294921875,-0.6139304637908936,0.12783809006214142,-0.5230107307434082
1789453862482669600,50.89966967773437,-0.6800696849822998,0.16466037929058075,-0.5162777304649353
1789453862492608500,50.9096083984375,-0.7233234643936157,0.1655685156583786,-0.49716657400131226
1789453862502548700,50.919548828125,-0.7514797449111938,0.14750753343105316,-0.5080838799476624
1789453862512487700,50.92948779296875,-0.7579328417778015,0.14647714793682098,-0.5298205614089966
1789453862522427600,50.939427734375,-0.7460747957229614,0.11098846048116684,-0.545738697052002
1789453862532366600,50.94936669921875,-0.7456457614898682,0.05759980157017708,-0.5738400816917419
1789453862542306600,50.959306640625,-0.7258556485176086,0.11318423599004745,-0.5763959288597107
1789453862552245500,50.96924560546875,-0.6879357099533081,0.176591694355011,-0.5296401381492615
1789453862562184400,50.979184326171875,-0.6602593064308167,0.19574396312236786,-0.5005252957344055
1789453862572124400,50.98912451171875,-0.6473067402839661,0.18956276774406433,-0.48428240418434143
1789453862582063600,50.99906372070313,-0.6385347247123718,0.21626438200473785,-0.45523035526275635
1789453862592003600,51.00900366210937,-0.5944479703903198,0.2712024748325348,-0.40611982345581055
1789453862601942500,51.01894262695313,-0.536583662033081,0.2954272925853729,-0.3765382766723633
1789453862611882800,51.0288828125,-0.515958309173584,0.2606131136417389,-0.4028353691101074
1789453862621821700,51.03882177734375,-0.5578973889350891,0.20687536895275116,-0.49123623967170715
1789453862631761700,51.04876171875,-0.6176995038986206,0.17242231965065002,-0.5894759297370911
1789453862641700600,51.05870068359375,-0.6755343079566956,0.11408064514398575,-0.6698506474494934
1789453862651639800,51.068639892578126,-0.7637192606925964,-0.018922682851552963,-0.7463358640670776
1789453862661579500,51.07857958984375,-0.8622155785560608,-0.11491855978965759,-0.8147426247596741
1789453862671518500,51.0885185546875,-0.9214056730270386,-0.13986626267433167,-0.8197376132011414
1789453862681458700,51.09845874023438,-0.9659129977226257,-0.13154596090316772,-0.7789320945739746
1789453862691397600,51.108397705078126,-0.9775731563568115,-0.09893208742141724,-0.7239722013473511
1789453862701337600,51.11833764648438,-0.9733695387840271,-0.08821450918912888,-0.6713539958000183
1789453862711276500,51.128276611328126,-0.9107801914215088,-0.1649591028690338,-0.6882986426353455
1789453862721215500,51.13821557617187,-0.7737442851066589,-0.2910267114639282,-0.7510145902633667
1789453862731155700,51.14815576171875,-0.6392993927001953,-0.44306686520576477,-0.793582558631897
1789453862741094700,51.1580947265625,-0.6571727991104126,-0.4658143222332001,-0.821815013885498
1789453862751034600,51.16803466796875,-0.7581822276115417,-0.33899593353271484,-0.8082797527313232
1789453862760973600,51.1779736328125,-0.8648651838302612,-0.09811829030513763,-0.7520458102226257
1789453862770913500,51.18791357421875,-0.9253764748573303,0.08557697385549545,-0.6984336972236633
1789453862780852500,51.1978525390625,-0.9500726461410522,0.08746962994337082,-0.6853582859039307
1789453862790792700,51.20779272460938,-0.9853795170783997,-0.03962121158838272,-0.7204262614250183
1789453862800731600,51.217731689453124,-1.0267956256866455,-0.15058249235153198,-0.7957218885421753
1789453862810671600,51.227671630859376,-1.093597650527954,-0.18903426826000214,-0.8513122200965881
1789453862820610600,51.237610595703124,-1.1621938943862915,-0.1468115895986557,-0.8551440834999084
1789453862830549500,51.24754956054687,-1.2646870613098145,-0.1275116503238678,-0.7970272898674011
1789453862840489700,51.25748974609375,-1.3347015380859375,-0.12088646739721298,-0.710407555103302
1789453862850428700,51.2674287109375,-1.34566068649292,-0.17989812791347504,-0.5975939035415649
1789453862860368400,51.277368408203124,-1.2859129905700684,-0.3465425670146942,-0.5558769702911377
1789453862870307600,51.2873076171875,-1.1700894832611084,-0.4968329966068268,-0.6045315861701965
1789453862880247600,51.29724755859375,-1.097486138343811,-0.5219548940658569,-0.6331371068954468
1789453862890186500,51.3071865234375,-1.0733575820922852,-0.4511320888996124,-0.6502138376235962
1789453862900125400,51.31712548828125,-1.065089225769043,-0.3295355439186096,-0.6636514663696289
1789453862910065700,51.32706567382812,-1.066945195198059,-0.23525859415531158,-0.7015940546989441
1789453862920004600,51.33700463867188,-1.0681174993515015,-0.24118924140930176,-0.7677153944969177
1789453862929944600,51.34694458007812,-1.0916357040405273,-0.2500285506248474,-0.7947166562080383
1789453862939883800,51.3568837890625,-1.1373162269592285,-0.18327419459819794,-0.7345518469810486
1789453862949823700,51.36682373046875,-1.166796326637268,-0.19326557219028473,-0.6170867681503296
1789453862959762700,51.3767626953125,-1.1388546228408813,-0.21113291382789612,-0.5525034070014954
1789453862969702400,51.38670239257812,-1.0785049200057983,-0.20213302969932556,-0.5095686912536621
1789453862979641600,51.3966416015625,-1.0073165893554688,-0.24228596687316895,-0.5208847522735596
1789453862989580500,51.40658056640625,-0.9704387187957764,-0.30178311467170715,-0.5023300051689148
1789453862999520500,51.4165205078125,-0.9323831796646118,-0.31699809432029724,-0.43147099018096924
1789453863009459500,51.42645947265625,-0.9517017602920532,-0.28022411465644836,-0.31372490525245667
1789453863019399700,51.43639965820312,-0.9481924176216125,-0.2581098675727844,-0.1583978235721588
1789453863029338600,51.44633862304688,-0.8737176656723022,-0.16560472548007965,-0.08035866916179657
1789453863039278600,51.45627856445312,-0.7454546093940735,0.02095392718911171,-0.0751403197646141
1789453863049217800,51.4662177734375,-0.6965914368629456,0.2692793011665344,-0.031043173745274544
1789453863059157500,51.47615747070312,-0.7461614608764648,0.5488263368606567,0.03578857332468033
1789453863069096400,51.48609643554688,-0.6509851813316345,0.44113689661026,0.06697925180196762
1789453863079035600,51.49603564453125,-0.5222944021224976,0.21267227828502655,0.16416797041893005
1789453863088975600,51.5059755859375,-0.3927553594112396,0.0649520680308342,0.22150637209415436
1789453863098914600,51.51591455078125,-0.3295564651489258,0.14191657304763794,0.2383480966091156
1789453863108854500,51.5258544921875,-0.3030095398426056,0.2383648157119751,0.23993799090385437
1789453863118793500,51.53579345703125,-0.25771743059158325,0.29502010345458984,0.26544520258903503
1789453863128733700,51.54573364257813,-0.19985386729240417,0.28643831610679626,0.30444613099098206
1789453863138672600,51.555672607421876,-0.14341232180595398,0.27249395847320557,0.3107798993587494
1789453863148612600,51.56561254882813,-0.11282645165920258,0.26365599036216736,0.30826935172080994
1789453863158551800,51.5755517578125,-0.11417172104120255,0.1960517019033432,0.3149704039096832
1789453863168490800,51.58549072265625,-0.10124873369932175,0.07658176869153976,0.33485305309295654
1789453863178430500,51.595430419921875,-0.019046423956751823,0.04015045613050461,0.3277309238910675
1789453863188369400,51.60536938476562,0.0976378470659256,0.05371606722474098,0.30652016401290894
1789453863198309600,51.6153095703125,0.21785756945610046,0.10252024978399277,0.2989906370639801
1789453863208248600,51.62524853515625,0.335532546043396,0.15561328828334808,0.3113546371459961
1789453863218188500,51.6351884765625,0.40398508310317993,0.197358638048172,0.3343248665332794
1789453863228127500,51.64512744140625,0.4906267821788788,0.26273977756500244,0.36566945910453796
1789453863238067700,51.65506762695313,0.6147953867912292,0.32704514265060425,0.40101954340934753
1789453863248006700,51.665006591796875,0.7640072703361511,0.32975783944129944,0.432738333940506
1789453863257945600,51.67494555664062,0.9086483120918274,0.3145143985748291,0.4556773006916046
1789453863267885600,51.684885498046874,1.0412555932998657,0.3015453517436981,0.45451802015304565
1789453863277824800,51.69482470703125,1.121899127960205,0.3482667803764343,0.4708191752433777
1789453863287764500,51.704764404296874,1.1849031448364258,0.40016433596611023,0.42022842168807983
1789453863297703400,51.71470336914062,1.2405883073806763,0.40597930550575256,0.4070424437522888
1789453863307643600,51.7246435546875,1.2733007669448853,0.34791573882102966,0.435905784368515
1789453863317582600,51.73458251953125,1.2779871225357056,0.24034106731414795,0.44618353247642517
1789453863327521500,51.744521484375,1.2690585851669312,0.1348801553249359,0.474697470664978
1789453863337461800,51.754461669921874,1.3214540481567383,0.059411998838186264,0.5408877730369568
1789453863347400700,51.76440063476562,1.3857003450393677,0.07720990478992462,0.6198161244392395
1789453863357340700,51.77434057617187,1.4725464582443237,0.15388435125350952,0.6827857494354248
1789453863367279600,51.78427954101563,1.5687289237976074,0.2475421279668808,0.7498857378959656
1789453863377219600,51.79421948242187,1.643074631690979,0.2868134081363678,0.8371536135673523
1789453863387158500,51.80415844726563,1.699647068977356,0.19650936126708984,0.8522998094558716
1789453863397098500,51.81409838867187,1.7000408172607422,0.08365116268396378,0.8541666865348816
1789453863407037400,51.82403735351563,1.621450662612915,-0.011678283102810383,0.883642315864563
1789453863416976600,51.8339765625,1.5577412843704224,-0.02488148771226406,0.9357154965400696
1789453863426916600,51.84391650390625,1.5147680044174194,-0.04237259924411774,0.9985871315002441
1789453863436855600,51.85385546875,1.5089186429977417,-0.08292415738105774,1.0331021547317505
1789453863446795800,51.86379565429687,1.5315014123916626,-0.05815010517835617,1.015403389930725
1789453863456734700,51.87373461914063,1.5274831056594849,-0.05142345279455185,0.9483001232147217
1789453863466674700,51.8836748046875,1.5235052108764648,-0.17829537391662598,0.8298363089561462
1789453863476613600,51.89361352539063,1.4787241220474243,-0.22820036113262177,0.7799091339111328
1789453863486553600,51.9035537109375,1.4346569776535034,-0.27958977222442627,0.7913548946380615
1789453863496492500,51.91349243164063,1.3992825746536255,-0.30315035581588745,0.8217326402664185
1789453863506431500,51.923431396484375,1.3888506889343262,-0.3755933940410614,0.756170928478241
1789453863516371500,51.93337133789063,1.3923124074935913,-0.3624654710292816,0.6665232181549072
1789453863526310700,51.943310546875,1.436166763305664,-0.3282230794429779,0.6024872064590454
1789453863536250600,51.95325073242188,1.4700212478637695,-0.23173657059669495,0.5700059533119202
1789453863546189600,51.963189453125,1.416555404663086,-0.14810480177402496,0.6346549987792969
1789453863556129800,51.9731298828125,1.3232316970825195,-0.11921472102403641,0.7050740122795105
1789453863566068700,51.98306884765625,1.2050856351852417,-0.1562291830778122,0.7167271971702576
1789453863576008400,51.99300854492188,1.1052120923995972,-0.24329537153244019,0.6765711903572083
1789453863585947400,52.002947509765626,0.9985759258270264,-0.2923169732093811,0.7057783007621765
1789453863595886600,52.012886474609374,0.88861483335495,-0.2680394649505615,0.750242292881012
1789453863605826600,52.02282666015625,0.7771045565605164,-0.2122132033109665,0.7807621359825134
1789453863615765500,52.032765625,0.7311954498291016,-0.1440546065568924,0.8254639506340027
1789453863625705500,52.04270556640625,0.6799807548522949,-0.11812766641378403,0.8203291296958923
1789453863635644700,52.052644775390625,0.6055324077606201,-0.07444161921739578,0.8002654314041138
1789453863645584600,52.06258471679688,0.5411611795425415,-0.1026197224855423,0.8037618398666382
1789453863655523600,52.072523681640625,0.4484249949455261,-0.22620590031147003,0.767573893070221
1789453863665462500,52.08246264648437,0.2967561185359955,-0.2612808048725128,0.6820654273033142
1789453863675402800,52.09240283203125,0.1515268087387085,-0.23344479501247406,0.6185566782951355
1789453863685341700,52.102341796875,0.04803236201405525,-0.20622703433036804,0.5529393553733826
1789453863695281400,52.112281494140625,-0.04350972920656204,-0.2079998105764389,0.46900635957717896
1789453863705220600,52.122220703125,-0.11202114820480347,-0.1754290759563446,0.3651675879955292
1789453863715160600,52.13216064453125,-0.1809171885251999,-0.0866512805223465,0.2814714312553406
1789453863725099500,52.142099609375,-0.24175257980823517,-0.015171511098742485,0.21249954402446747
1789453863735039700,52.152039794921876,-0.2815641462802887,0.06010150909423828,0.15060466527938843
1789453863744978700,52.161978759765624,-0.3391001224517822,0.13709110021591187,0.08829175680875778
1789453863754917600,52.17191772460937,-0.3642638027667999,0.15755826234817505,0.024016717448830605
1789453863764857600,52.181857666015624,-0.41477757692337036,0.1623612642288208,-0.04324354603886604
1789453863774796500,52.19179663085937,-0.4607318937778473,0.1475917100906372,-0.11453098803758621
1789453863784736500,52.201736572265624,-0.5161858201026917,0.12060456722974777,-0.15132443606853485
1789453863794675700,52.21167578125,-0.5440101027488708,0.18424540758132935,-0.13991299271583557
1789453863804615400,52.22161547851562,-0.5512840151786804,0.23593443632125854,-0.11291972547769547
1789453863814554600,52.2315546875,-0.5605607628822327,0.2339666187763214,-0.11104056239128113
1789453863824493600,52.24149365234375,-0.5606043934822083,0.22135335206985474,-0.16834673285484314
1789453863834433500,52.25143359375,-0.5568389296531677,0.2873881459236145,-0.24432438611984253
1789453863844372500,52.26137255859375,-0.5612778663635254,0.3360379636287689,-0.29093584418296814
1789453863854312700,52.27131274414062,-0.5557893514633179,0.4323641061782837,-0.3087370991706848
1789453863864251600,52.28125170898438,-0.551597535610199,0.5160537362098694,-0.33183497190475464
1789453863874191600,52.29119165039062,-0.5450062155723572,0.5395157933235168,-0.3630804717540741
1789453863884130600,52.30113061523438,-0.5486680269241333,0.5662368535995483,-0.3598218262195587
1789453863894070500,52.31107055664062,-0.5401260852813721,0.49525177478790283,-0.3443232774734497
1789453863904009500,52.32100952148438,-0.5755389332771301,0.38889896869659424,-0.3769294321537018
1789453863913948400,52.330948486328126,-0.6123170852661133,0.39832329750061035,-0.40342894196510315
1789453863923888600,52.340888671875,-0.6085375547409058,0.4442010223865509,-0.43133726716041565
1789453863933827600,52.35082763671875,-0.5888132452964783,0.42975375056266785,-0.5160302519798279
1789453863943767600,52.360767578125,-0.602064311504364,0.4088343381881714,-0.6299924850463867
1789453863953706500,52.37070654296875,-0.6749020218849182,0.35025709867477417,-0.7580257654190063
1789453863963646700,52.38064672851562,-0.7779242992401123,0.38092872500419617,-0.8467729091644287
1789453863973585700,52.39058569335938,-0.8333777189254761,0.47042956948280334,-0.832196831703186
1789453863983525600,52.40052563476563,-0.8628429770469666,0.41827768087387085,-0.8248909711837769
1789453863993464800,52.41046484375,-0.8785333633422852,0.2944583296775818,-0.8917422890663147
1789453864003403800,52.42040380859375,-0.8385188579559326,0.26207563281059265,-0.9584968090057373
1789453864013343500,52.430343505859376,-0.6819536685943604,0.3832070231437683,-0.9157910346984863
1789453864023282400,52.440282470703124,-0.5042502284049988,0.47258296608924866,-0.8833702206611633
1789453864033222700,52.45022265625,-0.5442381501197815,0.2628803253173828,-1.0057529211044312
1789453864043161600,52.46016162109375,-0.7913579344749451,0.04218974709510803,-1.1336052417755127
1789453864053101600,52.4701015625,-0.9836555123329163,0.06518858671188354,-1.1243972778320312
1789453864063040500,52.48004052734375,-0.9929158687591553,0.24058836698532104,-1.0707955360412598
1789453864072980700,52.48998071289063,-0.7552370429039001,0.29969751834869385,-1.0127387046813965
1789453864082919700,52.499919677734376,-0.4602179229259491,0.14461871981620789,-0.9863782525062561
1789453864092858600,52.50985864257812,-0.3363778293132782,0.029848141595721245,-1.0633658170700073
1789453864102798600,52.519798583984375,-0.3807663321495056,0.015659350901842117,-1.0754262208938599
1789453864112737500,52.52973754882812,-0.5250097513198853,0.053625285625457764,-0.9967310428619385
1789453864122677500,52.539677490234375,-0.5946109294891357,0.12405657768249512,-0.9026657938957214
1789453864132616400,52.54961645507812,-0.5328408479690552,0.15820233523845673,-0.907296359539032
1789453864142556700,52.559556640625,-0.45337188243865967,0.06164915859699249,-1.0373965501785278
1789453864152495600,52.56949560546875,-0.3880405128002167,-0.013017937541007996,-1.212803840637207
1789453864162434600,52.5794345703125,-0.4624502956867218,-0.03436264023184776,-1.2496641874313354
1789453864172374500,52.58937451171875,-0.6578384637832642,0.018535776063799858,-1.1637084484100342
1789453864182313700,52.59931372070312,-0.7401935458183289,0.027489855885505676,-1.095443606376648
1789453864192253700,52.609253662109374,-0.8402665257453918,0.08325574547052383,-1.0829797983169556
1789453864202192600,52.61919262695312,-0.8793449401855469,0.1484544426202774,-1.0790492296218872
1789453864212132600,52.629132568359374,-0.8815463185310364,0.14099334180355072,-1.034092903137207
1789453864222071600,52.63907153320312,-0.8450980186462402,0.053294114768505096,-0.9938645362854004
1789453864232011500,52.649011474609374,-0.8526571393013,-0.01853792928159237,-0.9781337976455688
1789453864241950500,52.65895043945312,-0.8658682703971863,-0.03166784718632698,-0.9657666087150574
1789453864251889700,52.6688896484375,-0.8703274726867676,-0.029684847220778465,-0.9086188077926636
1789453864261829600,52.67882958984375,-0.8438585996627808,-0.06491447240114212,-0.8938581943511963
1789453864271768600,52.6887685546875,-0.7824888825416565,-0.11424621194601059,-0.9171966910362244
1789453864281708500,52.69870849609375,-0.7294107675552368,-0.2115062028169632,-0.8856313228607178
1789453864291647700,52.70864770507813,-0.7197860479354858,-0.2975024878978729,-0.8816627860069275
1789453864301587500,52.71858740234375,-0.7432093024253845,-0.36166948080062866,-0.8879185318946838
1789453864311526700,52.72852661132813,-0.7676186561584473,-0.33071064949035645,-0.8245506286621094
1789453864321465000,52.738465087890624,-0.7225305438041687,-0.252891480922699,-0.75479656457901
1789453864331405000,52.748405029296876,-0.6462753415107727,-0.3896731734275818,-0.7298415303230286
1789453864341344000,52.758343994140624,-0.6334686875343323,-0.4477306008338928,-0.7169750332832336
1789453864351284000,52.768283935546876,-0.6371510624885559,-0.44449105858802795,-0.6994390487670898
1789453864361223000,52.778222900390624,-0.6126049757003784,-0.5026776790618896,-0.6877887845039368
1789453864371163100,52.7881630859375,-0.6146916747093201,-0.48404714465141296,-0.65460604429245
1789453864381102000,52.79810205078125,-0.6277576684951782,-0.4292888045310974,-0.6197726726531982
1789453864391042000,52.8080419921875,-0.7048484086990356,-0.24807704985141754,-0.5048518776893616
1789453864400981200,52.817981201171875,-0.6850160956382751,-0.23256973922252655,-0.45811498165130615
1789453864410920200,52.82792016601562,-0.602713942527771,-0.17458219826221466,-0.4168245792388916
1789453864420860200,52.837860107421875,-0.5824046730995178,-0.04053572565317154,-0.3194538354873657
1789453864430799000,52.84779907226562,-0.5309407114982605,-0.08811169117689133,-0.31897926330566406
1789453864440739000,52.857739013671875,-0.4901335835456848,-0.1533825695514679,-0.3303046226501465
1789453864450678000,52.86767797851562,-0.511834442615509,-0.051414504647254944,-0.1444004476070404
1789453864460618000,52.877617919921875,-0.31421372294425964,-0.4257204532623291,-0.13443303108215332
1789453864470557200,52.88755712890625,-0.1845446079969406,-0.44928696751594543,-0.08718498051166534
1789453864480497200,52.8974970703125,-0.07534169405698776,-0.26968204975128174,-0.04652969166636467
1789453864490436000,52.90743603515625,0.015520188957452774,-0.0987880602478981,-0.015341275371611118
1789453864500375000,52.917375,0.01994423195719719,0.03286530449986458,0.042900726199150085
1789453864510315300,52.927315185546874,-0.011075316928327084,0.08869987726211548,0.16312944889068604
1789453864520254200,52.93725415039062,0.040102384984493256,0.060874905437231064,0.2693009078502655
1789453864530194000,52.94719384765625,0.11443904787302017,0.002850224729627371,0.32937970757484436
1789453864540133000,52.95713305664062,0.17463047802448273,-0.05441839247941971,0.3715399503707886
1789453864550073000,52.96707299804687,0.24280397593975067,-0.13018202781677246,0.4414776861667633
1789453864560012000,52.97701196289062,0.29673460125923157,-0.1742943525314331,0.5598391890525818
1789453864569951000,52.98695092773438,0.3216281235218048,-0.21275527775287628,0.7004980444908142
1789453864579891200,52.99689111328125,0.361134797334671,-0.2695847451686859,0.7676523327827454
1789453864589830100,53.006830078125,0.40453875064849854,-0.2916950285434723,0.7994186282157898
1789453864599770000,53.01677001953125,0.4277724325656891,-0.22409150004386902,0.8570544719696045
1789453864609709000,53.026708984375,0.500054121017456,-0.12651781737804413,0.8929229974746704
1789453864619649300,53.03664916992187,0.6330327391624451,0.04016517102718353,0.9048174619674683
1789453864629588200,53.04658813476563,0.8161152005195618,0.2799529433250427,0.9335139989852905
1789453864639528000,53.05652783203125,1.0543937683105469,0.4453245997428894,0.9749037623405457
1789453864649467000,53.066466796875,1.2641503810882568,0.5006970763206482,1.0045241117477417
1789453864659406000,53.076406005859376,1.3214174509048462,0.4895506501197815,1.0260754823684692
1789453864669346000,53.08634594726563,1.2338941097259521,0.45548370480537415,1.0283386707305908
1789453864679285000,53.096284912109375,1.0859266519546509,0.263508141040802,0.9661732912063599
1789453864689225200,53.10622509765625,0.9816757440567017,0.06580198556184769,0.8974053859710693
1789453864699164200,53.1161640625,0.9653052687644958,0.016279706731438637,0.9399791955947876
1789453864709104000,53.12610424804687,1.0627880096435547,0.015755545347929,1.044571876525879
1789453864719043000,53.13604296875,1.2679240703582764,0.04350728169083595,1.0355315208435059
1789453864728983000,53.14598315429687,1.5873329639434814,0.05394260957837105,0.9794655442237854
1789453864738922200,53.15592211914063,1.796508550643921,0.0696810930967331,0.8685717582702637
1789453864748861200,53.165861083984375,1.8956912755966187,0.10285339504480362,0.7530364990234375
1789453864758801000,53.17580078125,1.9296239614486694,0.031070547178387642,0.6208862066268921
1789453864768740000,53.185739990234374,1.8444290161132812,-0.03622344508767128,0.5222272872924805
1789453864778680000,53.19568017578125,1.7450257539749146,-0.08371773362159729,0.5197984576225281
1789453864788619000,53.205618896484374,1.7007317543029785,-0.13674503564834595,0.5449047088623047
1789453864798559200,53.21555932617188,1.6989102363586426,-0.16846008598804474,0.6141517162322998
1789453864808498200,53.225498291015626,1.707245111465454,-0.24625590443611145,0.6548317670822144
1789453864818437000,53.23543701171875,1.6824404001235962,-0.27892568707466125,0.6429178714752197
1789453864828377000,53.245377197265626,1.6897072792053223,-0.2744198143482208,0.5855327248573303
1789453864838316300,53.25531640625,1.6926084756851196,-0.24415966868400574,0.5466798543930054
1789453864848256000,53.265256103515625,1.679390549659729,-0.23100882768630981,0.5233071446418762
1789453864858195000,53.27519482421875,1.6530011892318726,-0.264995813369751,0.45003989338874817
1789453864868135200,53.28513525390625,1.5518107414245605,-0.2545430660247803,0.43041762709617615
1789453864878074000,53.29507421875,1.3863143920898438,-0.29706069827079773,0.5514729022979736
1789453864888014000,53.30501416015625,1.248992919921875,-0.3257400095462799,0.792902410030365
1789453864897953000,53.314953125,1.1995412111282349,-0.37832972407341003,0.9605861902236938
1789453864907892000,53.32489208984375,1.1833966970443726,-0.32906538248062134,0.9776185750961304
1789453864917832200,53.334832275390625,1.2183839082717896,-0.26718252897262573,0.8935873508453369
1789453864927771100,53.34477124023437,1.248328447341919,-0.307862788438797,0.8307687044143677
1789453864937711000,53.354711181640624,1.2039144039154053,-0.309914231300354,0.8046391010284424
1789453864947650300,53.364650390625,1.1246424913406372,-0.30970218777656555,0.8263311982154846
1789453864957590000,53.374590087890624,1.0204883813858032,-0.29666680097579956,0.8418180346488953
1789453864967529000,53.38452905273437,0.9054229259490967,-0.22794809937477112,0.8448953032493591
1789453864977469200,53.39446923828125,0.8083328604698181,-0.1950189173221588,0.8249202370643616
1789453864987408100,53.404408203125,0.7386811375617981,-0.2847636342048645,0.7752469778060913
1789453864997347000,53.41434716796875,0.666587233543396,-0.3439193665981293,0.6996678113937378
1789453865007287000,53.424287109375,0.5916192531585693,-0.36328965425491333,0.6554765105247498
1789453865017226000,53.43422607421875,0.49738144874572754,-0.3941327929496765,0.6424989700317383
1789453865027166200,53.44416625976562,0.3726750612258911,-0.35634559392929077,0.6122502684593201
1789453865037105200,53.45410522460938,0.22719533741474152,-0.27791309356689453,0.553317129611969
1789453865047045000,53.46404516601562,0.06491129100322723,-0.2612835168838501,0.4389669597148895
1789453865056984000,53.47398413085938,-0.05637253075838089,-0.23690415918827057,0.2961304485797882
1789453865066923300,53.48392333984375,-0.13387995958328247,-0.2756011486053467,0.18517015874385834
1789453865076863000,53.49386303710938,-0.208484947681427,-0.35959139466285706,0.10585883259773254
1789453865086802000,53.503802001953126,-0.2814871668815613,-0.48628294467926025,0.020035119727253914
1789453865096742100,53.5137421875,-0.3749918043613434,-0.6430763006210327,-0.0714963972568512
1789453865106681000,53.52368115234375,-0.444809228181839,-0.7658912539482117,-0.16205264627933502
1789453865116621000,53.53362109375,-0.5966259241104126,-0.6754002571105957,-0.25014975666999817
1789453865126560300,53.54356030273438,-0.8210603594779968,-0.4618816077709198,-0.3931747078895569
1789453865136500200,53.55350024414062,-1.0185014009475708,-0.12212883681058884,-0.5220386981964111
1789453865146439200,53.56343920898438,-1.104382872581482,0.15457060933113098,-0.5649780035018921
1789453865156378000,53.573378173828125,-1.099820852279663,0.21375323832035065,-0.5489457845687866
1789453865166318000,53.58331811523438,-1.0681958198547363,0.16522829234600067,-0.54340660572052
1789453865176257000,53.593257080078125,-0.9981651902198792,0.07980234920978546,-0.49281880259513855
1789453865186197000,53.60319702148438,-0.9593097567558289,0.0389719195663929,-0.4633733034133911
1789453865196136000,53.613135986328125,-0.9620243310928345,0.01243698038160801,-0.42349299788475037
1789453865206076200,53.623076171875,-1.0071214437484741,0.032568562775850296,-0.3635154962539673
1789453865216015000,53.63301513671875,-1.053300142288208,0.06475979089736938,-0.29007431864738464
1789453865225955000,53.642955078125,-1.0778801441192627,0.09596852213144302,-0.2215947061777115
1789453865235894300,53.652894287109376,-1.050126552581787,0.13220562040805817,-0.1646840125322342
1789453865245833200,53.662833251953124,-0.9629221558570862,0.18750505149364471,-0.15484294295310974
1789453865255773200,53.672773193359376,-0.8589822053909302,0.16200128197669983,-0.20427680015563965
1789453865265712000,53.682712158203124,-0.7888873815536499,0.08987882733345032,-0.27142611145973206
1789453865275652000,53.692652099609376,-0.7495144009590149,0.0702582523226738,-0.2918144762516022
1789453865285591000,53.702591064453124,-0.7337483763694763,0.07899966835975647,-0.2659127414226532
1789453865295531000,53.712531005859375,-0.7554821372032166,-0.021556232124567032,-0.23534950613975525
1789453865305470000,53.72246997070312,-0.7848699688911438,-0.05121757462620735,-0.2237936407327652
1789453865315409200,53.7324091796875,-0.7557565569877625,0.07216481119394302,-0.2172049731016159
1789453865325349400,53.742349365234375,-0.6718596816062927,0.17479777336120605,-0.25909560918807983
1789453865335288300,53.75228833007812,-0.5754985809326172,0.2226736843585968,-0.37185409665107727
1789453865345228500,53.762228515625,-0.5359259843826294,0.06465335190296173,-0.5339415669441223
1789453865355167500,53.77216748046875,-0.5560240745544434,-0.1939539611339569,-0.6735846996307373
1789453865365107200,53.782107177734375,-0.5841124057769775,-0.2785121202468872,-0.73162442445755
1789453865375046100,53.79204614257812,-0.5908651351928711,-0.1991315484046936,-0.7331972718238831
1789453865384986400,53.801986328125,-0.6661894917488098,-0.21726137399673462,-0.7448738813400269
1789453865394925300,53.81192529296875,-0.6210859417915344,-0.34576451778411865,-0.7592048645019531
1789453865404864300,53.8218642578125,-0.5503183603286743,-0.534660816192627,-0.7788951992988586
1789453865414804500,53.831804443359374,-0.4823440909385681,-0.678708016872406,-0.7531570792198181
1789453865424743400,53.84174340820312,-0.4036504030227661,-0.700387179851532,-0.7342401146888733
1789453865434683400,53.851683349609374,-0.4223378300666809,-0.6417459845542908,-0.763759434223175
1789453865444622300,53.86162231445312,-0.5523692965507507,-0.5350191593170166,-0.8172526955604553
1789453865454562300,53.871562255859374,-0.6793075203895569,-0.41806402802467346,-0.8205792903900146
1789453865464501500,53.88150146484375,-0.7771056294441223,-0.32303595542907715,-0.7953433394432068
1789453865474440400,53.8914404296875,-0.9025754332542419,-0.19153307378292084,-0.748030960559845
1789453865484380200,53.90138012695313,-1.0167810916900635,-0.0793783888220787,-0.7175524234771729
1789453865494319400,53.9113193359375,-1.0644333362579346,0.010359752923250198,-0.7057809829711914
1789453865504259300,53.92125927734375,-1.100452184677124,0.03085753321647644,-0.7248696684837341
1789453865514198300,53.9311982421875,-1.1678251028060913,-0.011039850302040577,-0.7941800355911255
1789453865524138500,53.94113842773437,-1.232698678970337,0.015328869223594666,-0.8387066125869751
1789453865534077400,53.95107739257813,-1.2660406827926636,-0.015236230567097664,-0.8513550758361816
1789453865544017400,53.96101733398437,-1.2847074270248413,-0.058772843331098557,-0.8835269808769226
1789453865553956400,53.97095629882813,-1.283908724784851,-0.09757670015096664,-0.9119090437889099
1789453865563895600,53.9808955078125,-1.2611591815948486,-0.1403781920671463,-0.8886778354644775
1789453865573835300,53.99083520507813,-1.2618457078933716,-0.20974048972129822,-0.8504484295845032
1789453865583774200,54.000774169921876,-1.2867865562438965,-0.26710113883018494,-0.8395109176635742
1789453865593714200,54.01071411132813,-1.2790108919143677,-0.2786200940608978,-0.8073958158493042
1789453865603653400,54.0206533203125,-1.2421547174453735,-0.2853723168373108,-0.7533303499221802
1789453865613593300,54.03059326171875,-1.1902339458465576,-0.3072667121887207,-0.7075405120849609
1789453865623532300,54.0405322265625,-1.1582528352737427,-0.3402753472328186,-0.6694051027297974
1789453865633471200,54.05047119140625,-1.1256240606307983,-0.3382153809070587,-0.651356041431427
1789453865643411500,54.06041137695313,-1.1243778467178345,-0.265392005443573,-0.6263402104377747
1789453865653350400,54.070350341796875,-1.1527419090270996,-0.18437521159648895,-0.5872162580490112
1789453865663290400,54.08029028320313,-1.176432728767395,-0.15567630529403687,-0.5203855037689209
1789453865673229600,54.0902294921875,-1.217577576637268,-0.11255360394716263,-0.4276805818080902
1789453865683169300,54.100169189453126,-1.206239938735962,-0.1646689772605896,-0.42327868938446045
1789453865693108200,54.110108154296874,-1.1325770616531372,-0.153412327170372,-0.371869295835495
1789453865703048200,54.120048095703126,-1.0170834064483643,-0.1314501017332077,-0.2630334496498108
1789453865712987400,54.1299873046875,-0.9008383750915527,-0.11025825887918472,-0.19128789007663727
1789453865722926300,54.13992626953125,-0.8444532155990601,-0.09099816530942917,-0.11316010355949402
1789453865732866300,54.1498662109375,-0.8165006637573242,0.0018934216350317001,-0.006271205842494965
1789453865742805200,54.15980517578125,-0.8223506212234497,0.17954814434051514,0.1120842695236206
1789453865752745500,54.169745361328125,-0.8463965654373169,0.4007292687892914,0.2689809501171112
1789453865762684400,54.17968432617187,-0.7847044467926025,0.3260132670402527,0.31609004735946655
1789453865772624100,54.1896240234375,-0.6707712411880493,0.27554023265838623,0.3508525490760803
1789453865782563300,54.19956323242187,-0.5268756747245789,0.2531779706478119,0.3816353678703308
1789453865792503300,54.20950341796875,-0.43820124864578247,0.29371342062950134,0.3822939693927765
1789453865802442200,54.21944213867187,-0.37457069754600525,0.2980438470840454,0.3919805586338043
1789453865812381200,54.22938110351563,-0.28959935903549194,0.28876593708992004,0.41402167081832886
1789453865822321400,54.2393212890625,-0.19761589169502258,0.24117814004421234,0.42402058839797974
1789453865832260400,54.24926025390625,-0.11119738966226578,0.23854267597198486,0.40462374687194824
1789453865842200300,54.259200439453124,-0.036047209054231644,0.28123411536216736,0.38747113943099976
1789453865852139300,54.26913916015625,-0.01129312627017498,0.2836464047431946,0.39973339438438416
1789453865862079500,54.27907958984375,-0.040330447256565094,0.26372623443603516,0.4479734003543854
1789453865872018400,54.28901831054687,-0.06524564325809479,0.2161318063735962,0.48521238565444946
1789453865881958100,54.298958251953124,-0.054132089018821716,0.16109700500965118,0.5087825655937195
1789453865891897300,54.3088974609375,0.005590897053480148,0.14404185116291046,0.5363622903823853
1789453865901836300,54.31883618164063,0.09478574991226196,0.18513327836990356,0.5310239195823669
1789453865911776300,54.3287763671875,0.19291499257087708,0.21634206175804138,0.5405716300010681
1789453865921715200,54.33871508789063,0.30816829204559326,0.2095583975315094,0.5741727352142334
1789453865931655400,54.34865551757812,0.42096808552742004,0.19297648966312408,0.6074795126914978
1789453865941594400,54.35859448242188,0.535999596118927,0.18557268381118774,0.6247227191925049
1789453865951534300,54.36853442382812,0.6750245690345764,0.2670654058456421,0.6583595275878906
1789453865961473300,54.37847338867188,0.8488392233848572,0.3588928282260895,0.6921350359916687
1789453865971412500,54.38841259765625,1.0052889585494995,0.437860369682312,0.7245094776153564
1789453865981352400,54.3983525390625,1.0878961086273193,0.47349488735198975,0.7508677244186401
1789453865991291400,54.40829150390625,1.1470518112182617,0.4591633677482605,0.7737448215484619
1789453866001231400,54.4182314453125,1.1805886030197144,0.477939248085022,0.7948797941207886
1789453866011170300,54.42817041015625,1.2296676635742188,0.5139710307121277,0.8051859736442566
1789453866021110300,54.4381103515625,1.2886923551559448,0.5559877157211304,0.8138054609298706
1789453866031049200,54.44804931640625,1.365624189376831,0.5208685994148254,0.819229245185852
1789453866040989400,54.45798950195312,1.4326636791229248,0.36969995498657227,0.7885883450508118
1789453866050928400,54.46792846679688,1.4488579034805298,0.2489679455757141,0.7802627682685852
1789453866060867300,54.477867431640625,1.4401401281356812,0.21790571510791779,0.7824485898017883
1789453866070807600,54.4878076171875,1.4467958211898804,0.20992369949817657,0.8223356008529663
1789453866080746500,54.49774658203125,1.5102027654647827,0.2364729344844818,0.8289689421653748
1789453866090686200,54.50768627929688,1.6288460493087769,0.2098272144794464,0.7766045331954956
1789453866100625200,54.517625244140625,1.7180198431015015,0.2059532254934311,0.7496508359909058
1789453866110565400,54.5275654296875,1.7739427089691162,0.1262243092060089,0.6998412013053894
1789453866120504300,54.53750439453125,1.7969614267349243,0.06169775500893593,0.6536375880241394
1789453866130443300,54.547443359375,1.7732632160186768,-0.003077247878536582,0.633183479309082
1789453866140383200,54.55738330078125,1.6960104703903198,0.00046406500041484833,0.629304826259613
1789453866150322400,54.567322509765624,1.65834641456604,0.010718300938606262,0.6646547913551331
1789453866160262400,54.577262451171876,1.6660997867584229,-0.05360628664493561,0.6925352215766907
1789453866170201300,54.587201416015624,1.682499885559082,-0.09323838353157043,0.7128561735153198
1789453866180141600,54.5971416015625,1.6836291551589966,-0.11460673809051514,0.7149556875228882
1789453866190080500,54.60708056640625,1.6268694400787354,-0.1686665117740631,0.6526246666908264
1789453866200020200,54.617020263671876,1.532671570777893,-0.12150874733924866,0.6699849963188171
1789453866209959200,54.626959228515624,1.4478590488433838,-0.11551237106323242,0.7247605919837952
1789453866219898400,54.6368984375,1.410169005393982,-0.10804998129606247,0.7497355937957764
1789453866229838300,54.64683837890625,1.4295744895935059,-0.13471487164497375,0.7673777341842651
1789453866239777300,54.65677734375,1.4369354248046875,-0.19726648926734924,0.7914509773254395
1789453866249717200,54.66671728515625,1.4096494913101196,-0.1725723296403885,0.8073633909225464
1789453866259656400,54.67665649414062,1.346692442893982,-0.15522977709770203,0.8501104712486267
1789453866269596400,54.686596435546875,1.2917485237121582,-0.17952552437782288,0.8467139005661011
1789453866279535400,54.69653540039062,1.2310914993286133,-0.14809508621692657,0.8080472946166992
1789453866289474300,54.70647436523438,1.1582218408584595,-0.19217227399349213,0.813073992729187
1789453866299414300,54.71641430664062,1.042311668395996,-0.2511742115020752,0.8103981614112854
1789453866309353500,54.726353515625,0.8798494935035706,-0.2572193145751953,0.8467904925346375
1789453866319293200,54.73629321289062,0.751839816570282,-0.25491097569465637,0.906205952167511
1789453866329232400,54.746232421875,0.7051756381988525,-0.2710116505622864,0.9185134768486023
1789453866339172400,54.75617236328125,0.70745849609375,-0.2783195972442627,0.8572385907173157
1789453866349111600,54.76611157226562,0.6767551898956299,-0.3635775148868561,0.7792587876319885
1789453866359051500,54.776051513671874,0.5496313571929932,-0.3753083646297455,0.6953175067901611
1789453866368990500,54.78599047851562,0.36811429262161255,-0.31273338198661804,0.6178951859474182
1789453866378929400,54.79592944335938,0.2340133786201477,-0.28107720613479614,0.5438898801803589
1789453866388869600,54.80586962890625,0.10128942877054214,-0.2519768476486206,0.435768187046051
1789453866398808600,54.81580859375,-0.011120438575744629,-0.27256521582603455,0.27099189162254333
1789453866408748300,54.82574829101563,-0.09516207873821259,-0.26210805773735046,0.12643523514270782
1789453866418687500,54.8356875,-0.15669894218444824,-0.2337646484375,0.04184701293706894
1789453866428627500,54.84562744140625,-0.20228026807308197,-0.21507059037685394,-0.008722953498363495
1789453866438566400,54.85556640625,-0.27206873893737793,-0.14811061322689056,-0.05237412825226784
1789453866448506400,54.86550634765625,-0.3615879714488983,-0.11781155318021774,-0.10666240006685257
1789453866458445600,54.87544555664063,-0.47867804765701294,-0.08558742702007294,-0.20021648705005646
1789453866468384500,54.885384521484376,-0.5806344747543335,0.023453570902347565,-0.2729050815105438
1789453866478324500,54.89532446289063,-0.6444392800331116,0.07882889360189438,-0.33444467186927795
1789453866488263400,54.905263427734376,-0.7056584358215332,0.14155912399291992,-0.377588152885437
1789453866498203400,54.91520336914063,-0.7127808332443237,0.20051687955856323,-0.3628443777561188
1789453866508142600,54.925142578125,-0.6866704225540161,0.19679804146289825,-0.32851117849349976
1789453866518082300,54.93508227539063,-0.698949933052063,0.18263652920722961,-0.3044947683811188
1789453866528021500,54.945021484375,-0.7120593190193176,0.1713220775127411,-0.2675098478794098
1789453866537960400,54.95496044921875,-0.6955708265304565,0.14954955875873566,-0.2520354986190796
1789453866547900400,54.964900390625,-0.6372497081756592,0.169471874833107,-0.27243930101394653
1789453866557839400,54.97483935546875,-0.5714462995529175,0.19972887635231018,-0.3099556565284729
1789453866567779600,54.98477954101563,-0.5158941149711609,0.1013338640332222,-0.3690014183521271
1789453866577718500,54.994718505859375,-0.5042535662651062,0.05344396457076073,-0.4251691401004791
1789453866587658500,55.004658447265626,-0.5372061729431152,0.09844792634248734,-0.4106738269329071
1789453866597597400,55.014597412109374,-0.557860791683197,0.1232716366648674,-0.3607311546802521
1789453866607537400,55.024537353515626,-0.5696899890899658,0.20309029519557953,-0.3277186155319214
1789453866617476400,55.034476318359374,-0.5450985431671143,0.23673205077648163,-0.3482973575592041
1789453866627415300,55.04441528320312,-0.5388600826263428,0.25205615162849426,-0.41902241110801697
1789453866637355500,55.05435546875,-0.5686583518981934,0.1921079158782959,-0.5035342574119568
1789453866647294500,55.06429443359375,-0.6459214091300964,0.21873100101947784,-0.5535878539085388
1789453866657234400,55.074234375,-0.6722065210342407,0.3079662322998047,-0.538634717464447
1789453866667173400,55.08417333984375,-0.6915863752365112,0.3037525713443756,-0.5446861982345581
1789453866677113600,55.094113525390625,-0.708350419998169,0.24920177459716797,-0.6305703520774841
1789453866687052500,55.10405249023437,-0.7266676425933838,0.1254795789718628,-0.7262630462646484
1789453866696992500,55.113992431640625,-0.7530586123466492,-0.031346291303634644,-0.7806712985038757
1789453866706931500,55.12393139648437,-0.8493606448173523,-0.13127687573432922,-0.797754168510437
1789453866716870700,55.13387060546875,-0.9149562120437622,-0.12965869903564453,-0.7609603404998779
1789453866726810400,55.14381030273437,-0.981852114200592,-0.08843828737735748,-0.7250699996948242
1789453866736749300,55.15374926757813,-1.0250688791275024,0.0008546807803213596,-0.7274211049079895
1789453866746689500,55.163689453125,-1.0236876010894775,-0.0076823486015200615,-0.784020185470581
1789453866756628500,55.17362841796875,-1.030010461807251,-0.09440263360738754,-0.8916118144989014
1789453866766568400,55.183568359375,-0.9997074604034424,-0.16493752598762512,-0.9712568521499634
1789453866776507400,55.19350732421875,-0.9306537508964539,-0.22795481979846954,-1.0145056247711182
1789453866786447600,55.203447509765624,-0.8686127066612244,-0.2203509509563446,-1.014365315437317
1789453866796386600,55.21338647460937,-0.7335860133171082,-0.19647514820098877,-0.9395891427993774
1789453866806325500,55.22332543945313,-0.6734142899513245,-0.13700996339321136,-0.8370859622955322
1789453866816265500,55.23326538085937,-0.7238044738769531,-0.0013513409066945314,-0.8123915791511536
1789453866826204400,55.24320434570313,-0.7952911853790283,0.1404353529214859,-0.8127457499504089
1789453866836144400,55.25314428710937,-0.8493133783340454,0.20065343379974365,-0.8111621141433716
1789453866846083300,55.26308325195313,-0.9015052318572998,0.19654658436775208,-0.8256859183311462
1789453866856023600,55.2730234375,-0.9371446371078491,0.16234682500362396,-0.8515862226486206
1789453866865962500,55.28296240234375,-0.9825009107589722,0.14041276276111603,-0.841007649898529
1789453866875901400,55.2929013671875,-0.9991318583488464,0.1086559146642685,-0.8399482369422913
1789453866885841400,55.30284130859375,-1.0403913259506226,0.0907144621014595,-0.8636288046836853
1789453866895780600,55.312780517578126,-1.121656060218811,0.05961482599377632,-0.8988401889801025
1789453866905720600,55.32272045898438,-1.2142709493637085,-0.006303467322140932,-0.9358943104743958
1789453866915659500,55.332659423828126,-1.2845386266708374,-0.07279910892248154,-0.9661940336227417
1789453866925599500,55.342599609375,-1.3015698194503784,-0.07871052622795105,-0.9842228889465332
1789453866935538400,55.352538330078126,-1.2561094760894775,-0.1309354156255722,-1.0058913230895996
1789453866945478400,55.362478515625,-1.1967520713806152,-0.17028681933879852,-1.0059493780136108
1789453866955417300,55.372417236328126,-1.1189216375350952,-0.1900094449520111,-0.9899507761001587
1789453866965356500,55.3823564453125,-1.0176233053207397,-0.18854524195194244,-0.9768208861351013
1789453866975296500,55.39229663085938,-1.0070148706436157,-0.20932812988758087,-0.9524070620536804
1789453866985235500,55.4022353515625,-1.015015959739685,-0.24594339728355408,-0.911568284034729
1789453866995175400,55.41217553710938,-1.0912951231002808,-0.20960167050361633,-0.8184521198272705
1789453867005114600,55.422114501953125,-1.1622511148452759,-0.2334872931241989,-0.7779592871665955
1789453867015054600,55.4320546875,-1.1912697553634644,-0.19502678513526917,-0.7011793255805969
1789453867024993500,55.44199365234375,-1.1182796955108643,-0.24849933385849,-0.6116832494735718
1789453867034933500,55.45193359375,-1.0320930480957031,-0.308333158493042,-0.5550634860992432
1789453867044872400,55.46187255859375,-0.9868797659873962,-0.3354625105857849,-0.4932265281677246
1789453867054811400,55.47181127929687,-0.9166341423988342,-0.31692925095558167,-0.41937968134880066
1789453867064751400,55.48175146484375,-0.8470036387443542,-0.2361329346895218,-0.33013659715652466
1789453867074690600,55.491690673828124,-0.7985216975212097,-0.22592540085315704,-0.25908342003822327
1789453867084630500,55.501630615234376,-0.7494401931762695,-0.267897367477417,-0.19600296020507812
1789453867094569500,55.511569580078124,-0.7138235569000244,-0.18701916933059692,-0.14895032346248627
1789453867104509400,55.521509521484376,-0.7168470621109009,0.021277837455272675,-0.023652585223317146
1789453867114448600,55.53144873046875,-0.699836254119873,0.1338507980108261,0.027249528095126152
1789453867124388400,55.541388427734375,-0.6666417717933655,0.23565572500228882,0.023350661620497704
1789453867134327300,55.55132739257812,-0.6107577681541443,0.36894160509109497,0.13787883520126343
1789453867144266200,55.56126635742187,-0.4298518896102905,0.22028101980686188,0.13653740286827087
1789453867154206500,55.57120654296875,-0.29101210832595825,0.14945794641971588,0.18410292267799377
1789453867164145400,55.5811455078125,-0.2031315416097641,0.12409347295761108,0.2507147192955017
1789453867174085400,55.59108544921875,-0.16605234146118164,0.16152891516685486,0.23365254700183868
1789453867184024600,55.60102465820312,-0.08615723997354507,0.19713884592056274,0.2586936950683594
1789453867193964500,55.610964599609375,0.008786425925791264,0.17663270235061646,0.2910960912704468
1789453867203903500,55.62090356445312,0.036627642810344696,0.21366554498672485,0.3010248839855194
1789453867213843700,55.63084375,0.04385972395539284,0.2800953984260559,0.35408470034599304
1789453867223782700,55.64078271484375,0.0787588506937027,0.25631043314933777,0.3771045506000519
1789453867233722400,55.650722412109374,0.10695697367191315,0.18191789090633392,0.3820345997810364
1789453867243661300,55.66066137695312,0.11533793807029724,0.10933875292539597,0.41569748520851135
1789453867253600300,55.67060034179688,0.18092697858810425,0.08937308937311172,0.4448225200176239
1789453867263540500,55.68054052734375,0.27690625190734863,0.07594463229179382,0.4677984118461609
1789453867273479400,55.6904794921875,0.38073059916496277,0.10844913870096207,0.5039404034614563
1789453867283419400,55.70041943359375,0.4769066870212555,0.11666072905063629,0.5773682594299316
1789453867293358600,55.71035864257812,0.5590245723724365,0.0663580372929573,0.6196494698524475
1789453867303298600,55.72029858398437,0.6174327731132507,0.014477793127298355,0.659146249294281
1789453867313237500,55.73023754882813,0.7066848278045654,0.06258059293031693,0.6895215511322021
1789453867323177000,55.74017700195313,0.8733680844306946,0.15878647565841675,0.7181130051612854
1789453867333116200,55.7501162109375,1.0416979789733887,0.21433326601982117,0.7664573788642883
1789453867343055000,55.76005517578125,1.1643097400665283,0.280806303024292,0.8384926915168762
1789453867352994800,55.769994873046876,1.2426578998565674,0.3454483449459076,0.865226149559021
1789453867362933800,55.779933837890624,1.306323766708374,0.4811236262321472,0.8536936044692993
1789453867372874000,55.7898740234375,1.4125261306762695,0.5298939943313599,0.8324320316314697
1789453867382813000,55.79981298828125,1.5250763893127441,0.5038632154464722,0.799382209777832
1789453867392753000,55.8097529296875,1.5829209089279175,0.4895254671573639,0.7758868932723999
1789453867402692000,55.819692138671876,1.6074953079223633,0.43570592999458313,0.780044674873352
1789453867412632000,55.82963208007813,1.6404478549957275,0.37880322337150574,0.8105642199516296
1789453867422571000,55.839571044921875,1.6911052465438843,0.281428724527359,0.794407844543457
1789453867432510000,55.84951000976562,1.7210568189620972,0.2310967594385147,0.7565560936927795
1789453867442450000,55.859449951171875,1.7560142278671265,0.25925755500793457,0.754793107509613
1789453867452389000,55.86938916015625,1.8036152124404907,0.3187638223171234,0.7462624907493591
1789453867462328800,55.879328857421875,1.8164814710617065,0.32322221994400024,0.7345808148384094
1789453867472267800,55.88926782226562,1.853543996810913,0.20635296404361725,0.7040567398071289
1789453867482208000,55.8992080078125,1.8542265892028809,0.07012827694416046,0.6063264608383179
1789453867492147000,55.90914697265625,1.765546441078186,0.042639780789613724,0.5323573350906372
1789453867502087000,55.9190869140625,1.6958690881729126,0.005398669745773077,0.5557695031166077
1789453867512026000,55.929026123046874,1.7040045261383057,0.0023071118630468845,0.597173273563385
1789453867521966000,55.938966064453126,1.7389189004898071,-0.02956799603998661,0.5793942809104919
1789453867531905000,55.948905029296874,1.788368582725525,-0.08713080734014511,0.5488685965538025
1789453867541844000,55.95884399414062,1.7848575115203857,-0.13253743946552277,0.5587819814682007
1789453867551784000,55.968783935546874,1.7425305843353271,-0.09893976151943207,0.603412389755249
1789453867561723000,55.97872290039062,1.6626783609390259,-0.0494060255587101,0.6912261247634888
1789453867571662800,55.988662841796874,1.6031394004821777,-0.06379526108503342,0.75799959897995
1789453867581601800,55.99860180664062,1.5334851741790771,-0.07810735702514648,0.7525952458381653
1789453867591542000,56.0085419921875,1.4626065492630005,-0.13131728768348694,0.7376359105110168
1789453867601481000,56.01848095703125,1.396157145500183,-0.10015562921762466,0.7427718639373779
1789453867611421000,56.0284208984375,1.3645097017288208,-0.051569752395153046,0.7850705981254578
1789453867621360000,56.03836010742187,1.3682849407196045,-0.0849175900220871,0.7967780828475952
1789453867631299000,56.04829907226563,1.3409101963043213,-0.05869472399353981,0.7629364132881165
1789453867641239000,56.05823901367187,1.26374089717865,-0.05512608587741852,0.7574923634529114
1789453867651178000,56.06817797851563,1.1581377983093262,-0.04793812707066536,0.7731216549873352
1789453867661118000,56.07811791992187,1.0709965229034424,-0.06430405378341675,0.786058783531189
1789453867671057000,56.08805688476563,0.9793840050697327,-0.1572500467300415,0.7528847455978394
1789453867680996900,56.09799682617187,0.8821769952774048,-0.22935698926448822,0.69203120470047
1789453867690936000,56.10793603515625,0.7571223974227905,-0.22977638244628906,0.6658085584640503
1789453867700876000,56.1178759765625,0.6193338632583618,-0.15502996742725372,0.6590992212295532
1789453867710815000,56.12781494140625,0.513761043548584,-0.11620605736970901,0.6078299283981323
1789453867720755000,56.1377548828125,0.4669477343559265,-0.18922701478004456,0.48039156198501587
1789453867730694100,56.14769409179687,0.4229409992694855,-0.3022284209728241,0.30213913321495056
1789453867740633000,56.15763305664063,0.30596908926963806,-0.36061742901802063,0.1366146206855774
1789453867750572800,56.16757275390625,0.14491109549999237,-0.32443132996559143,0.011151354759931564
1789453867760512000,56.17751196289063,0.0013776295818388462,-0.24756984412670135,-0.07021807134151459
1789453867770452000,56.18745190429688,-0.11218979209661484,-0.16900625824928284,-0.1112770363688469
1789453867780391000,56.19739086914063,-0.20455966889858246,-0.15233460068702698,-0.1471322476863861
1789453867790331000,56.20733081054688,-0.31009992957115173,-0.1442819982767105,-0.20498834550380707
1789453867800270000,56.21727001953125,-0.4136851727962494,-0.10650107264518738,-0.29770204424858093
1789453867810210000,56.2272099609375,-0.5132538080215454,-0.06229647248983383,-0.38001349568367004
1789453867820149000,56.23714892578125,-0.5930333137512207,0.0037840125150978565,-0.4084824025630951
1789453867830088000,56.247087890625,-0.6284344792366028,0.056954748928546906,-0.3869178295135498
1789453867840028200,56.25702807617188,-0.6281071901321411,-0.016820136457681656,-0.3472801148891449
1789453867849967000,56.266967041015626,-0.6612151265144348,-0.04043005406856537,-0.38212594389915466
1789453867859906800,56.27690673828125,-0.6939099431037903,-0.0451132208108902,-0.41091790795326233
1789453867869845800,56.286845703125,-0.7102790474891663,0.02401808835566044,-0.4218275249004364
1789453867879786000,56.29678588867188,-0.7158549427986145,0.15382587909698486,-0.40348899364471436
1789453867889725000,56.306724853515625,-0.7082752585411072,0.2345132976770401,-0.3886304795742035
1789453867899665000,56.31666479492188,-0.673469603061676,0.20257426798343658,-0.39426520466804504
1789453867909604000,56.32660400390625,-0.6358672976493835,0.1257690042257309,-0.40197062492370605
1789453867919543000,56.33654296875,-0.5941771268844604,0.02217976190149784,-0.4083896279335022
1789453867929483000,56.34648291015625,-0.5537593960762024,-0.003703428665176034,-0.40219035744667053
1789453867939422000,56.356421875,-0.5494421124458313,-0.006803880911320448,-0.4012284278869629
1789453867949362000,56.36636181640625,-0.5588999390602112,0.009779960848391056,-0.4285353422164917
1789453867959301000,56.376301025390624,-0.5501599907875061,0.02342413365840912,-0.46156013011932373
1789453867969240800,56.38624072265625,-0.5350629687309265,-0.0038675691466778517,-0.4734812080860138
1789453867979179800,56.3961796875,-0.5079174041748047,-0.021655621007084846,-0.48532190918922424
1789453867989120000,56.4061201171875,-0.46679067611694336,-0.05723916366696358,-0.49527445435523987
1789453867999059000,56.416058837890624,-0.4713262915611267,-0.16517627239227295,-0.5586475729942322
1789453868008999000,56.4259990234375,-0.552223265171051,-0.20493754744529724,-0.6560716032981873
1789453868018938000,56.435938232421876,-0.6086183786392212,-0.1682801991701126,-0.6949135065078735
1789453868028877000,56.445876953125,-0.6602652668952942,-0.09247813373804092,-0.6686496734619141
1789453868038817000,56.455817138671875,-0.6673250198364258,-0.06385181099176407,-0.6357998847961426
1789453868048756000,56.465755859375,-0.6447627544403076,-0.16108325123786926,-0.6471295952796936
1789453868058696000,56.475696044921875,-0.6674091815948486,-0.33345526456832886,-0.7193649411201477
1789453868068635000,56.485634765625,-0.761949360370636,-0.40413621068000793,-0.7969151139259338
1789453868078574800,56.495574951171875,-0.8944695591926575,-0.3457415997982025,-0.8258556723594666
1789453868088513800,56.505513671875,-0.9874235987663269,-0.22501155734062195,-0.7994143962860107
1789453868098454000,56.5154541015625,-1.026939868927002,-0.11698707193136215,-0.7757772207260132
1789453868108393000,56.52539306640625,-1.0068020820617676,-0.05410073325037956,-0.8073369860649109
1789453868118333000,56.5353330078125,-0.9479503035545349,-0.09348436444997787,-0.8616585731506348
1789453868128272100,56.545272216796874,-0.9158942103385925,-0.1442999690771103,-0.8655467629432678
1789453868138211000,56.55521118164062,-0.8909473419189453,-0.1807093769311905,-0.7912107110023499
1789453868148151000,56.565151123046874,-0.8703392744064331,-0.21106970310211182,-0.6920443773269653
1789453868158090000,56.57509008789062,-0.8483328223228455,-0.2003403604030609,-0.6452662348747253
1789453868168030000,56.585030029296874,-0.8650403022766113,-0.12821419537067413,-0.6431387662887573
1789453868177969000,56.59496899414062,-0.9045118093490601,-0.06689225137233734,-0.6602271795272827
1789453868187908900,56.604908935546874,-0.921490490436554,-0.0354829803109169,-0.6882975697517395
1789453868197848000,56.61484814453125,-0.901238739490509,-0.014636823907494545,-0.7175443768501282
1789453868207788000,56.6247880859375,-0.8799675107002258,-0.08528892695903778,-0.7465341091156006
1789453868217727000,56.63472705078125,-0.9236236214637756,-0.08680639415979385,-0.7747183442115784
1789453868227667000,56.6446669921875,-0.9711570739746094,-0.04774344712495804,-0.7280008792877197
1789453868237606100,56.65460620117187,-0.9894723892211914,-0.07007032632827759,-0.6426457166671753
1789453868247545000,56.66454516601563,-1.027198314666748,0.014320969581604004,-0.5634453892707825
1789453868257484800,56.67448486328125,-1.062332034111023,0.09531968086957932,-0.4767807722091675
1789453868267423700,56.684423828125,-1.0872297286987305,0.1410774141550064,-0.35365086793899536
1789453868277364000,56.69436401367187,-1.0984067916870117,0.10269353538751602,-0.20872990787029266
1789453868287303000,56.70430297851563,-1.0922942161560059,0.03231664001941681,-0.09508398920297623
1789453868297243000,56.71424291992187,-1.1016125679016113,-0.08095158636569977,0.015991130843758583
1789453868307182000,56.72418212890625,-1.0912504196166992,-0.17415113747119904,0.12598955631256104
1789453868317122000,56.7341220703125,-1.0710910558700562,-0.1618792861700058,0.21985958516597748
1789453868327061800,56.744061767578124,-1.0224549770355225,-0.09101171791553497,0.29414084553718567
1789453868337001700,56.754001708984376,-0.9531819224357605,0.0022551100701093674,0.34543704986572266
1789453868346940700,56.763940673828124,-0.8963775634765625,0.07631158083677292,0.41159477829933167
1789453868356879600,56.77387963867187,-0.8542018532752991,0.07328756153583527,0.4854487478733063
1789453868366819600,56.783819580078124,-0.7936428189277649,0.09072928130626678,0.5404415726661682
1789453868376758800,56.7937587890625,-0.6819788813591003,0.08309000730514526,0.5377941131591797
1789453868386698800,56.80369873046875,-0.4811468720436096,0.03073609247803688,0.47716957330703735
1789453868396637700,56.8136376953125,-0.2594757378101349,-0.0036296064499765635,0.37705203890800476
1789453868406578000,56.823577880859375,-0.09869813919067383,-0.035893764346838,0.28127825260162354
1789453868416516900,56.83351684570312,-0.06565603613853455,-0.022950269281864166,0.21085920929908752
1789453868426456600,56.84345654296875,-0.03224702551960945,0.06735540926456451,0.21942897140979767
1789453868436395500,56.8533955078125,0.03545745462179184,0.08195458352565765,0.2580815553665161
1789453868446335700,56.863335693359375,0.14289142191410065,0.0722169578075409,0.2574068605899811
1789453868456274700,56.87327465820312,0.25406455993652344,-0.008539943024516106,0.24165984988212585
1789453868466213600,56.88321362304688,0.36881399154663086,-0.06968656182289124,0.2503955364227295
1789453868476153600,56.89315356445312,0.5045950412750244,-0.1111953929066658,0.260887086391449
1789453868486092800,56.9030927734375,0.586057186126709,-0.11765149980783463,0.20633135735988617
1789453868496032800,56.91303271484375,0.6546913981437683,-0.07832406461238861,0.14444401860237122
1789453868505971700,56.9229716796875,0.7152184844017029,0.008656568825244904,0.1542324274778366
1789453868515912000,56.932911865234374,0.8013957142829895,0.08717214316129684,0.21617142856121063
1789453868525851000,56.94285083007812,0.9094328284263611,0.05359480157494545,0.26434093713760376
1789453868535790600,56.95279052734375,0.9871914982795715,-0.024596139788627625,0.2525694966316223
1789453868545729500,56.9627294921875,1.0114262104034424,-0.08039472252130508,0.20013327896595
1789453868555669800,56.97266967773437,0.9732493758201599,-0.09190357476472855,0.18352074921131134
1789453868565608700,56.98260864257813,0.932055652141571,0.031800683587789536,0.2736775577068329
1789453868575547600,56.992547607421876,0.9069522023200989,0.15945371985435486,0.39044785499572754
1789453868585487600,57.00248754882813,0.8645761609077454,0.2517709732055664,0.44848740100860596
1789453868595426800,57.0124267578125,0.7976208329200745,0.28526023030281067,0.4510094225406647
1789453868605366800,57.02236669921875,0.7053734064102173,0.26322072744369507,0.42181524634361267
1789453868615305700,57.0323056640625,0.5655039548873901,0.3186222016811371,0.4339643120765686
1789453868625245700,57.04224560546875,0.49116772413253784,0.4298803210258484,0.4510771930217743
1789453868635184600,57.0521845703125,0.5791558623313904,0.21114103496074677,0.4292278289794922
1789453868645124600,57.06212451171875,0.5352996587753296,-0.01400913018733263,0.4390174448490143
1789453868655063600,57.0720634765625,0.4311199486255646,-0.059498582035303116,0.5461269021034241
1789453868665003800,57.08200366210937,0.24831674993038177,0.07287894189357758,0.5582542419433594
1789453868674942700,57.09194262695313,0.07842971384525299,0.16826191544532776,0.4911084771156311
1789453868684882700,57.10188256835937,-0.03505878150463104,0.08031987398862839,0.4287075102329254
1789453868694822000,57.11182177734375,-0.01645526848733425,-0.10108240693807602,0.31385841965675354
1789453868704760800,57.1217607421875,0.07142519950866699,-0.25389185547828674,0.2701759934425354
1789453868714700800,57.13170068359375,0.08696155250072479,-0.039808861911296844,0.3154185712337494
1789453868724639700,57.1416396484375,-0.10856009274721146,-0.6123117804527283,0.17574116587638855
1789453868734579700,57.15157983398438,0.1110345795750618,-0.021423213183879852,0.2266608029603958
1789453868744518700,57.1615185546875,-0.005555069074034691,0.489859014749527,0.25436046719551086
1789453868754458600,57.17145874023438,0.1884378343820572,0.3474648594856262,0.29318001866340637
1789453868764397600,57.1813974609375,0.1755550652742386,-0.0935727208852768,0.24228063225746155
1789453868774337800,57.191337890625,0.10900533199310303,-0.29555830359458923,0.1547957956790924
1789453868784276700,57.20127685546875,0.3103473484516144,0.22008469700813293,0.20884492993354797
1789453868794216700,57.211216796875,0.19158953428268433,1.2165614366531372,0.3244522213935852
1789453868804156000,57.22115600585938,0.13034431636333466,0.8410882353782654,0.24303807318210602
1789453868814095600,57.231095703125,0.07304508984088898,0.39875102043151855,0.1785712093114853
1789453868824034800,57.24103491210938,0.023619329556822777,0.08390512317419052,0.12623098492622375
1789453868833973800,57.250973876953125,-0.003397375578060746,-0.06909400969743729,0.03552372008562088
1789453868843913700,57.26091381835938,0.019269172102212906,-0.03477102890610695,0.01538892276585102
1789453868853852700,57.270852783203125,-0.0081400815397501,-0.018518822267651558,0.042536117136478424
1789453868863792600,57.28079272460938,-0.02652837336063385,0.05388311296701431,0.010890595614910126
1789453868873731600,57.290731689453125,-0.053581830114126205,0.08521360903978348,-0.0042571984231472015
1789453868883671800,57.300671875,-0.0952155590057373,0.16559149324893951,-0.040186624974012375
1789453868893610800,57.31061083984375,-0.14013908803462982,0.28991639614105225,-0.06020853668451309
1789453868903550700,57.32055078125,-0.19118650257587433,0.2873857021331787,-0.06097907945513725
1789453868913490000,57.330489990234376,-0.1727808713912964,0.25531670451164246,-0.040711358189582825
1789453868923429600,57.3404296875,-0.12825964391231537,0.059083011001348495,0.05861129239201546
1789453868933368600,57.35036865234375,-0.1371159851551056,-0.03421870991587639,0.11032509058713913
1789453868943308800,57.36030883789063,-0.19628529250621796,0.057641103863716125,0.027210652828216553
1789453868953247700,57.370247802734376,-0.17146915197372437,0.021485233679413795,0.03238917142152786
1789453868963186700,57.380186767578124,-0.16322016716003418,0.037740033119916916,0.08596180379390717
1789453868973126700,57.390126708984376,-0.15607702732086182,0.1206306517124176,0.07148858904838562
1789453868983065600,57.400065673828124,-0.09393731504678726,0.16002441942691803,0.07462285459041595
1789453868993005800,57.410005859375,-0.0934227928519249,0.0942496582865715,0.09971222281455994
1789453869002944800,57.41994482421875,-0.08721080422401428,0.08125157654285431,0.0670628771185875
1789453869012884700,57.429884765625,-0.08961164951324463,0.0639554113149643,0.04079771786928177
1789453869022824000,57.439823974609375,-0.08059996366500854,0.10228763520717621,0.03340231254696846
1789453869032763600,57.449763671875,-0.07700256258249283,0.07631595432758331,0.017742926254868507
1789453869042702600,57.45970263671875,-0.014832067303359509,-0.05664733424782753,-0.031010722741484642
1789453869052642800,57.46964282226563,0.012038428336381912,-0.20871569216251373,-0.0719514936208725
1789453869062581800,57.479581787109375,0.01740807667374611,-0.23802083730697632,-0.0948357880115509
1789453869072520700,57.48952075195312,0.046624548733234406,-0.19059313833713531,-0.1200905442237854
1789453869082460700,57.499460693359374,0.10646022856235504,-0.10312093794345856,-0.1357618272304535
1789453869092399900,57.50939990234375,0.1595815122127533,-0.08351793885231018,-0.14788532257080078
1789453869102339800,57.51933984375,0.06285640597343445,-0.17542612552642822,-0.1297326534986496
1789453869112278800,57.52927880859375,0.42522022128105164,0.03481552377343178,-0.027305347844958305
1789453869122218500,57.539218505859374,0.43858203291893005,0.3200487792491913,-0.1074414998292923
1789453869132157700,57.54915771484375,0.6537100076675415,0.5380005240440369,-0.29424387216567993
1789453869142097700,57.55909765625,0.43881410360336304,0.2307872623205185,-0.0878974124789238
1789453869152036600,57.56903662109375,-0.1309625506401062,-0.4820424020290375,0.4391975402832031
1789453869161976800,57.578976806640625,-0.09372726082801819,-0.5148382186889648,0.16097182035446167
1789453869171915800,57.58891577148437,0.10808202624320984,-0.3281613290309906,-0.21480660140514374
1789453869181855700,57.598855712890625,0.24565529823303223,-0.08280157297849655,-0.0741700679063797
1789453869191794700,57.60879467773437,0.18048667907714844,0.0037692696787416935,0.037703998386859894
1789453869201734700,57.618734619140625,-0.05779242888092995,-0.059625472873449326,0.05606377497315407
1789453869211673900,57.628673828125,-0.48970654606819153,-0.10105759650468826,0.02310103178024292
1789453869221612800,57.63861279296875,-0.9377496242523193,-0.2803702652454376,0.24011482298374176
1789453869231552800,57.648552734375,-0.5693638920783997,-0.40624430775642395,0.5763205289840698
1789453869241491700,57.65849169921875,-0.38920116424560547,-0.5080407857894897,0.5488215088844299
1789453869251431700,57.668431640625,-0.32668212056159973,-0.9283185005187988,0.4282798767089844
1789453869261370600,57.67837060546875,-0.5979307889938354,-0.9413756132125854,0.08378683775663376
1789453869271310800,57.688310791015624,-1.22781503200531,-0.6063960194587708,-0.5549356341362
1789453869281249800,57.69824975585937,-1.4645969867706299,-0.6103459596633911,-0.23618492484092712
1789453869291189800,57.708189697265624,-0.9230046272277832,-0.33087196946144104,-0.12028254568576813
1789453869301128700,57.71812866210937,0.6027066111564636,0.3573569357395172,-0.27719438076019287
1789453869311068700,57.728068603515624,1.2114522457122803,2.047093152999878,-1.03578782081604
1789453869321007600,57.73800756835937,0.6902730464935303,1.7491345405578613,-0.6859713792800903
1789453869330947300,57.747947265625,0.0497489832341671,0.12359748035669327,0.2892707586288452
1789453869340886300,57.75788623046875,-0.016522563993930817,-0.36723819375038147,0.49348387122154236
1789453869350826500,57.76782641601562,0.030893953517079353,-0.31634998321533203,0.2811495065689087
1789453869360765400,57.77776538085938,0.14423680305480957,-0.2760048806667328,0.2240726202726364
1789453869370704400,57.787704345703126,0.18917232751846313,-0.27320244908332825,0.29769304394721985
1789453869380644600,57.79764453125,0.21100062131881714,-0.1344449669122696,0.3179207146167755
1789453869390583600,57.80758349609375,0.11397446691989899,0.1008751392364502,0.24419376254081726
1789453869400523500,57.8175234375,0.13358332216739655,0.18875686824321747,0.21061807870864868
1789453869410462500,57.82746240234375,0.24643397331237793,0.13597221672534943,0.23154813051223755
1789453869420402400,57.83740234375,0.39120736718177795,0.3524811565876007,0.22878320515155792
1789453869430341400,57.84734130859375,0.13817164301872253,0.1670287400484085,0.3595135509967804
1789453869440281300,57.85728125,0.02958371862769127,-0.3162907063961029,0.41564640402793884
1789453869450220500,57.86722045898438,0.14741207659244537,-0.5749928951263428,0.3030990958213806
1789453869460160500,57.87716040039062,0.12145665287971497,-0.5216662883758545,0.345340371131897
1789453869470099500,57.88709936523438,-0.08092281222343445,-0.24485598504543304,0.4209277927875519
1789453869480039400,57.89703930664062,-0.3605451285839081,-0.029896311461925507,0.3642880320549011
1789453869489978600,57.906978515625,-0.4013513922691345,-0.2968345284461975,0.21710552275180817
1789453869499917600,57.91691748046875,-0.3378821909427643,-0.40453580021858215,0.08070383220911026
1789453869509857500,57.926857421875,-0.3042517900466919,-0.2107117474079132,0.09358367323875427
1789453869519796500,57.93679638671875,-0.3331824839115143,0.08850120007991791,0.07640985399484634
1789453869529736400,57.946736328125,-0.3368813693523407,0.4110821783542633,0.011090230196714401
1789453869539675400,57.95667529296875,-0.3024470806121826,0.5902062058448792,-0.033842310309410095
1789453869549615400,57.96661547851563,-0.21530096232891083,0.3145090937614441,-0.034314487129449844
1789453869559554600,57.976554443359376,-0.09200293570756912,0.035841576755046844,-0.11411146074533463
1789453869569494500,57.98649462890625,0.02246958203613758,-0.1529051661491394,-0.052433714270591736
1789453869579433500,57.99643359375,0.1340053528547287,-0.145957812666893,0.11968725919723511
1789453869589373700,58.00637377929687,0.27347004413604736,-0.027102790772914886,0.192902609705925
1789453869599312600,58.01631274414063,0.3472835123538971,-0.08696919679641724,0.23629260063171387
1789453869609252400,58.02625244140625,0.36437276005744934,-0.19577984511852264,0.2760637104511261
1789453869619191300,58.03619140625,0.6030310392379761,-0.34847450256347656,0.2992415130138397
1789453869629131500,58.04613159179687,0.9055155515670776,-0.6415269374847412,0.2912973165512085
1789453869639070500,58.05607055664063,0.9121116995811462,-0.8328135013580322,0.27713510394096375
1789453869649010400,58.06601049804687,0.9131671190261841,-0.8098046183586121,0.29207971692085266
1789453869658949400,58.07594946289063,0.9745627045631409,-0.7482197880744934,0.3440467119216919
1789453869668888600,58.085888671875,1.304599642753601,-0.7648216485977173,0.4501001536846161
1789453869678828500,58.09582861328125,1.37778639793396,-0.6557298302650452,0.48910287022590637
1789453869688767500,58.105767578125,1.1449254751205444,-0.6893996596336365,0.42803603410720825
1789453869698707500,58.11570751953125,0.7214438915252686,-0.6514304876327515,0.26812025904655457
1789453869708646700,58.125646728515626,0.29363635182380676,-0.6457872986793518,0.08793982863426208
1789453869718586400,58.13558642578125,-0.07193244248628616,-0.4401306211948395,-0.013979583978652954
1789453869728525300,58.145525390625,-0.5749508142471313,0.013400111347436905,-0.05903201550245285
1789453869738465500,58.15546557617188,-1.2555782794952393,0.09181202203035355,-0.09559992700815201
1789453869748404500,58.165404541015626,-1.2354546785354614,-0.4605065584182739,0.021830029785633087
1789453869758344400,58.17534448242188,-0.995583713054657,-0.1271088421344757,0.08575107902288437
1789453869768283400,58.185283447265626,-0.7080518007278442,0.6089907288551331,-0.17019839584827423
1789453869778223600,58.1952236328125,-0.5474451780319214,1.0315660238265991,-0.28126615285873413
1789453869788162600,58.20516259765625,-0.5469258427619934,1.0917305946350098,-0.3718695640563965
1789453869798102300,58.21510229492188,-0.6217969059944153,0.6810747981071472,-0.3707222044467926
1789453869808041500,58.22504150390625,-0.8389103412628174,0.6678372621536255,-0.209960475564003
1789453869817980400,58.23498046875,-1.08517324924469,1.1193506717681885,0.0729157105088234
1789453869827920400,58.24492041015625,-1.0316882133483887,1.1071022748947144,0.16861826181411743
1789453869837859300,58.254859375,-0.7446087598800659,0.8134219646453857,0.11991875618696213
1789453869847799600,58.26479956054688,-0.4014708399772644,0.44183269143104553,0.06358996778726578
1789453869857738500,58.274738525390624,-0.1216873824596405,0.23440435528755188,0.07219425588846207
1789453869867678500,58.284678466796876,0.09574081003665924,0.001702933106571436,0.038002997636795044
1789453869877617400,58.294617431640624,0.3520781397819519,-0.39206913113594055,-0.061578914523124695
1789453869887557600,58.3045576171875,0.42985495924949646,-0.44197624921798706,-0.04350723698735237
1789453869897496600,58.31449658203125,0.44079679250717163,-0.45276275277137756,0.05105839669704437
1789453869907436300,58.324436279296876,0.4018765687942505,-0.5142107009887695,0.11481154710054398
1789453869917375500,58.33437548828125,0.32737547159194946,-0.47541970014572144,0.10472697764635086
1789453869927315500,58.3443154296875,0.2565087378025055,-0.3051816523075104,0.14022770524024963
1789453869937254400,58.35425439453125,0.10276580601930618,0.05200038477778435,0.25696060061454773
1789453869947194600,58.36419458007813,-0.5535172820091248,0.6550407409667969,0.5899460315704346
1789453869957133600,58.374133544921875,-0.9057266712188721,0.6700515151023865,0.37913209199905396
1789453869967073500,58.38407348632813,-0.8861691951751709,0.47364500164985657,0.19615186750888824
1789453869977012500,58.394012451171875,-0.7464674711227417,0.29004496335983276,0.1124914214015007
1789453869986952400,58.40395239257813,-0.8113822937011719,0.31035181879997253,0.07406147569417953
1789453869996891400,58.413891357421875,-0.7588976621627808,-0.11040133237838745,-0.11529012769460678
1789453870006830300,58.42383032226562,-0.7376935482025146,-0.36226630210876465,-0.1368260383605957
1789453870016770300,58.433770263671875,-0.6893432140350342,-0.31797170639038086,0.01150774210691452
1789453870026709500,58.44370947265625,-0.555237352848053,-0.14205768704414368,0.16742010414600372
1789453870036649500,58.4536494140625,-0.526914656162262,0.08613095432519913,0.2237756848335266
1789453870046588400,58.46358837890625,-0.6821876168251038,0.28078219294548035,0.31350502371788025
1789453870056528600,58.473528564453126,-0.6581544876098633,0.12796375155448914,0.31667807698249817
1789453870066467600,58.483467529296874,-0.6013966202735901,0.08742750436067581,0.2594928443431854
1789453870076407600,58.493407470703126,-0.5132958889007568,0.1906915009021759,0.25254273414611816
1789453870086346500,58.503346435546874,-0.4476471245288849,0.38567402958869934,0.28235068917274475
1789453870096286500,58.513286376953126,-0.47687914967536926,0.654630720615387,0.2688487768173218
1789453870106225400,58.52322534179687,-0.5321232080459595,0.8576059341430664,0.16482330858707428
1789453870116165400,58.533165283203125,-0.594833254814148,0.7562339901924133,0.11544624716043472
1789453870126104300,58.54310424804687,-0.5532045364379883,0.39262253046035767,0.18993939459323883
1789453870136044500,58.55304443359375,-0.3781967759132385,0.14287927746772766,0.2230299711227417
1789453870145983500,58.5629833984375,-0.07264085114002228,-0.043772630393505096,0.1114184781908989
1789453870155923500,58.57292333984375,0.18329571187496185,-0.15259405970573425,0.04712381958961487
1789453870165862700,58.582862548828125,0.41818705201148987,-0.13181421160697937,-0.15358132123947144
1789453870175802400,58.59280224609375,0.5415925979614258,-0.14406704902648926,-0.24017135798931122
1789453870185741300,58.6027412109375,0.4381529986858368,-0.10635402798652649,-0.25135958194732666
1789453870195681500,58.612681640625,0.24324850738048553,-0.034656405448913574,-0.2869596481323242
1789453870205620500,58.622620361328124,0.1085231825709343,0.09228423237800598,-0.295798122882843
1789453870215559400,58.63255932617187,0.034612882882356644,0.16487517952919006,-0.34804537892341614
1789453870225499400,58.64249951171875,-0.04122728481888771,0.1282724291086197,-0.40563836693763733
1789453870235438600,58.6524384765625,-0.11663544923067093,0.08244755864143372,-0.47632256150245667
1789453870245378600,58.662378662109376,-0.1819036602973938,0.09579558670520782,-0.5223667621612549
1789453870255317500,58.6723173828125,-0.2300610989332199,0.08729593455791473,-0.5339403748512268
1789453870265257500,58.682257568359375,-0.2601497769355774,0.0907663032412529,-0.49234604835510254
1789453870275196700,58.69219677734375,-0.27412474155426025,0.057506974786520004,-0.4464384913444519
1789453870285136400,58.702136474609375,-0.2517012059688568,-0.006662157364189625,-0.39288872480392456
1789453870295075300,58.71207543945312,-0.25332093238830566,0.012076642364263535,-0.3293459415435791
1789453870305015600,58.722015625,-0.2492646723985672,0.056608960032463074,-0.2377057820558548
1789453870314954500,58.73195458984375,-0.21570895612239838,0.07184740155935287,-0.12579737603664398
1789453870324894200,58.741894287109375,-0.12207114696502686,0.0023415591567754745,-0.026320861652493477
1789453870334833200,58.75183325195312,-0.004261842928826809,-0.0752507746219635,-0.0028544666711241007
1789453870344773000,58.761773193359375,0.08603636175394058,-0.07554079592227936,-0.015413401648402214
1789453870354712000,58.77171215820312,0.13918627798557281,-0.09763297438621521,0.01631501503288746
1789453870364652000,58.781652099609374,0.1735469102859497,-0.13385649025440216,0.07808250933885574
1789453870374591200,58.79159130859375,0.1787235587835312,-0.15441127121448517,0.10728693008422852
1789453870384531000,58.801531005859374,0.1623605638742447,-0.08187209069728851,0.12404567003250122
1789453870394470000,58.81146997070312,0.14767012000083923,-0.03922311216592789,0.1733289211988449
1789453870404410000,58.82141015625,0.18758822977542877,-0.002546058502048254,0.22973893582820892
1789453870414349000,58.83134912109375,0.22929365932941437,0.05111515149474144,0.24100665748119354
1789453870424288000,58.8412880859375,0.2279634028673172,0.02367926575243473,0.25859683752059937
1789453870434228200,58.85122827148437,0.2102055549621582,0.08228980749845505,0.3465763032436371
1789453870444167200,58.86116723632812,0.1375904679298401,0.18866151571273804,0.4303327202796936
1789453870454107100,58.87110717773437,0.0915740355849266,0.3390633463859558,0.5006538033485413
1789453870464046000,58.88104614257813,0.04027702286839485,0.6298621892929077,0.5156463384628296
1789453870473986000,58.89098608398437,-0.0346229113638401,0.8638782501220703,0.5143892168998718
1789453870483925000,58.90092504882813,-0.10840951651334763,1.0322762727737427,0.5471607446670532
1789453870493865000,58.91086499023437,-0.08698505163192749,1.0407674312591553,0.4592110216617584
1789453870503804200,58.92080419921875,-0.0447651669383049,1.1674705743789673,0.4064370393753052
1789453870513744100,58.930744140625,-0.2628810405731201,1.1762313842773438,0.7174115777015686
1789453870523683000,58.94068310546875,-0.5273598432540894,0.546881914138794,0.5860879421234131
1789453870533623000,58.950623046875,-0.5284684896469116,0.06629636883735657,0.4736948609352112
1789453870543562200,58.96056225585937,-0.6529605984687805,-0.34324532747268677,0.2114081233739853
1789453870553502200,58.970502197265624,-0.9092692136764526,-0.9749728441238403,0.4705214202404022
1789453870563441200,58.98044116210937,-1.0440125465393066,-1.5106265544891357,0.8678315281867981
1789453870573381000,58.990381103515624,-1.42220938205719,-1.4288908243179321,0.9284158945083618
1789453870583320000,59.00032006835937,-1.6392135620117188,-0.7796266078948975,0.6854716539382935
1789453870593260000,59.010260009765624,-0.6447944641113281,-0.2622569799423218,1.14080810546875
1789453870603199000,59.02019897460937,0.0751492902636528,0.5300302505493164,1.7847471237182617
1789453870613139200,59.03013916015625,0.401470810174942,1.9120062589645386,2.339221954345703
1789453870623078100,59.040078125,0.3510203957557678,2.3501994609832764,2.426295042037964
1789453870633018000,59.05001806640625,0.1813098043203354,1.6414004564285278,2.196068286895752
1789453870642957300,59.05995727539062,-0.19389097392559052,1.1276085376739502,1.7923413515090942
1789453870652897000,59.06989697265625,-0.5656694769859314,0.7855996489524841,1.3019328117370605
1789453870662836000,59.0798359375,-0.8145173788070679,0.24936839938163757,0.8775151968002319
1789453870672775000,59.08977490234375,-0.9853008985519409,0.14262427389621735,0.4200792908668518
1789453870682715100,59.09971508789062,-1.1208900213241577,0.30071189999580383,-0.08772960305213928
1789453870692654000,59.10965405273438,-1.1483128070831299,0.5663550496101379,-0.7788196206092834
1789453870702594000,59.11959399414062,-0.9662180542945862,0.2379997968673706,-1.3733426332473755
1789453870712533000,59.12953295898438,-0.35328948497772217,-0.2502807378768921,-1.9718282222747803
1789453870722473200,59.13947314453125,0.40863901376724243,-0.6847531199455261,-2.553126811981201
1789453870732412200,59.149412109375,0.9473299980163574,-0.026707317680120468,-3.324000120162964
1789453870742352100,59.15935205078125,1.3230676651000977,0.8396117687225342,-4.043565273284912
1789453870752291300,59.16929125976562,1.1038930416107178,2.7006945610046387,-3.5752439498901367
1789453870762231000,59.17923095703125,0.2556331157684326,2.0203516483306885,-0.43481072783470154
1789453870772170000,59.189169921875,-0.058499887585639954,1.373567819595337,0.5110451579093933
1789453870782110200,59.19911010742187,0.05710394307971001,-1.938789963722229,0.12479069828987122
1789453870792049200,59.20904907226563,0.2916632890701294,-1.400100827217102,-0.5030578374862671
1789453870801989000,59.21898901367187,0.6429110765457153,-0.7831720113754272,-0.06620140373706818
1789453870811928000,59.22892797851563,0.8994765281677246,-0.740551233291626,0.48376336693763733
1789453870821868300,59.238868408203125,0.8279985785484314,-0.5074716210365295,0.8437633514404297
1789453870831807200,59.24880712890625,0.7696423530578613,-0.3494352698326111,1.0313273668289185
1789453870841747000,59.25874682617187,0.6573613286018372,-0.14098620414733887,1.1451135873794556
1789453870851686000,59.26868579101563,0.5561504364013672,-0.10282991826534271,1.3548861742019653
1789453870861626000,59.278626220703124,0.6236271858215332,-0.5370764136314392,1.7401561737060547
1789453870871565000,59.28856494140625,0.7943536639213562,-0.8819876909255981,2.1669201850891113
1789453870881505000,59.298505126953124,0.8727006316184998,-0.9444188475608826,2.459639072418213
1789453870891444200,59.3084443359375,0.904353678226471,-0.8607487678527832,2.7603261470794678
1789453870901384200,59.31838427734375,0.8135007619857788,-0.9482035040855408,3.1512022018432617
1789453870911323100,59.3283232421875,0.7459966540336609,-1.020021915435791,3.851043224334717
1789453870921263000,59.33826318359375,0.7613438963890076,-1.1820148229599,4.469875812530518
1789453870931202000,59.3482021484375,0.6701837182044983,-0.9501380920410156,4.845997333526611
1789453870941141200,59.35814135742187,0.4344649016857147,-0.6814786791801453,5.256566524505615
1789453870951081000,59.3680810546875,0.4024575650691986,-0.674903154373169,4.918398857116699
1789453870961020000,59.37802001953125,0.30189552903175354,-0.7329347729682922,4.977839469909668
1789453870970960100,59.38796020507812,0.006420574616640806,-0.88456130027771,4.446714401245117
1789453870980899000,59.39789916992188,-0.27269333600997925,-0.7950990796089172,4.607610702514648
1789453870990839000,59.40783911132812,-0.5393142104148865,-0.8754387497901917,4.889881134033203
1789453871000778200,59.4177783203125,-0.40436965227127075,-1.1271895170211792,4.8305745124816895
1789453871010718200,59.42771826171875,-0.03320299834012985,-1.2521100044250488,4.488326072692871
1789453871020657200,59.4376572265625,0.5137426257133484,-1.5794426202774048,3.9954440593719482
1789453871030597000,59.44759716796875,0.9376951456069946,-1.8489550352096558,3.520083427429199
1789453871040536000,59.4575361328125,1.2503271102905273,-2.1054468154907227,3.225719690322876
1789453871050476000,59.46747607421875,1.604907751083374,-2.531466007232666,3.1736807823181152
1789453871060415000,59.4774150390625,1.7737617492675781,-3.16090989112854,3.258429527282715
1789453871070355200,59.487355224609374,0.3381069004535675,-2.5819549560546875,2.152528762817383
1789453871080294100,59.49729418945312,-0.4931873679161072,-2.0878241062164307,0.2820923328399658
1789453871090234000,59.50723413085937,-0.8601288199424744,-0.9794050455093384,-0.18001222610473633
1789453871100173000,59.51717309570312,-1.299192190170288,0.3809770345687866,-0.7160186767578125
1789453871110113000,59.52711303710937,-1.9751050472259521,0.8919400572776794,-1.700553297996521
1789453871120052200,59.53705224609375,-2.4174306392669678,1.1007980108261108,-2.608027219772339
1789453871129992000,59.54699194335937,-2.5904128551483154,1.492287278175354,-3.199474811553955
1789453871139931100,59.55693115234375,-2.661203384399414,1.5321015119552612,-3.495422601699829
1789453871149871000,59.56687109375,-2.8038902282714844,1.1453461647033691,-3.6817455291748047
1789453871159810000,59.57681005859375,-3.1758739948272705,0.5529797673225403,-3.707568883895874
1789453871169750300,59.586750244140624,-3.6775131225585938,0.09982733428478241,-3.56925630569458
1789453871179689200,59.59668920898437,-4.389610290527344,-0.18379424512386322,-3.4789867401123047
1789453871189629200,59.606629150390624,-5.1999592781066895,-0.07592318952083588,-3.5705976486206055
1789453871199568100,59.61656811523437,-6.227832794189453,0.3530047535896301,-3.903613805770874
1789453871209508000,59.626508056640624,-7.114676475524902,0.8359530568122864,-4.202980041503906
1789453871219447000,59.63644702148437,-7.7661237716674805,1.1353148221969604,-4.393028259277344
1789453871229387000,59.646386962890624,-8.275208473205566,1.4089857339859009,-4.537531852722168
1789453871239326000,59.65632592773437,-8.877272605895996,1.2914094924926758,-4.732125759124756
1789453871249266200,59.66626611328125,-9.41283130645752,0.9196221232414246,-4.935447692871094
1789453871259205000,59.676205078125,-9.747843742370605,0.6524697542190552,-5.101884365081787
1789453871269144000,59.68614404296875,-9.689187049865723,0.543679416179657,-5.172411918640137
1789453871279084300,59.69608422851562,-9.127623558044434,0.9907176494598389,-5.04996919631958
1789453871289024000,59.70602392578125,-7.657409191131592,2.1839802265167236,-4.595160961151123
1789453871298963000,59.715962890625,-6.1399922370910645,3.7706055641174316,-4.223971843719482
1789453871308902100,59.72590209960938,-5.095149993896484,5.3210954666137695,-3.943934202194214
1789453871318842000,59.73584204101562,-4.284433364868164,6.764616012573242,-3.718705654144287
1789453871328780800,59.74578076171875,-3.8262627124786377,8.031471252441406,-3.569594383239746
1789453871338721000,59.75572094726562,-3.529311180114746,8.723773002624512,-3.502302408218384
1789453871348660000,59.76565991210938,-3.3194916248321533,8.722630500793457,-3.4803967475891113
1789453871358600000,59.77559985351562,-3.212454080581665,8.535374641418457,-3.3595168590545654
1789453871368539000,59.78553881835938,-3.1283771991729736,8.422816276550293,-2.961529016494751
1789453871378479000,59.79547900390625,-2.9795258045196533,8.787918090820312,-2.3316476345062256
1789453871388418000,59.80541796875,-2.7995104789733887,9.355159759521484,-1.7353483438491821
1789453871398357800,59.81535766601562,-2.601821184158325,9.412422180175781,-1.2701953649520874
1789453871408297000,59.825296875,-2.359438180923462,8.69216251373291,-0.9169144630432129
1789453871418237000,59.83523681640625,-2.1078314781188965,7.23581075668335,-0.7917366027832031
1789453871428176000,59.84517578125,-1.8635166883468628,5.374210834503174,-0.9235650300979614
1789453871438116000,59.8551162109375,-1.6377549171447754,3.918828010559082,-1.128511905670166
1789453871448055000,59.86505493164063,-1.3527677059173584,3.1664342880249023,-1.214585542678833
1789453871457995000,59.8749951171875,-0.8930600881576538,2.7962136268615723,-1.1731514930725098
1789453871467934000,59.88493383789063,-0.33795562386512756,2.5789525508880615,-1.0740550756454468
1789453871477874000,59.8948740234375,0.10493234544992447,2.508532762527466,-0.9278558492660522
1789453871487813000,59.90481323242187,0.22362594306468964,2.7126951217651367,-0.7445595264434814
1789453871497752800,59.9147529296875,-0.04346354305744171,3.0212724208831787,-0.4692065119743347
1789453871507691800,59.92469189453125,-0.40223196148872375,3.2963449954986572,-0.0968385636806488
1789453871517632000,59.934632080078124,-0.7590923309326172,3.063241481781006,0.2622934877872467
1789453871527571000,59.94457104492187,-0.9854714870452881,2.252474784851074,0.5339479446411133
1789453871537511000,59.954510986328124,-1.0937515497207642,1.0715583562850952,0.7577501535415649
1789453871547450000,59.9644501953125,-1.1283447742462158,-0.33756980299949646,0.9519270062446594
1789453871557390000,59.97439013671875,-1.0129878520965576,-1.558591604232788,1.0889184474945068
1789453871567329000,59.9843291015625,-0.6784961223602295,-2.147199869155884,1.0746864080429077
1789453871577269000,59.99426904296875,-0.1226310282945633,-2.2735280990600586,0.8544602394104004
1789453871587208000,60.0042080078125,0.40480613708496094,-1.8906910419464111,0.5277856588363647
1789453871597147000,60.01414697265625,0.5502964854240417,-1.2334418296813965,-0.028446141630411148
1789453871607085800,60.0240859375,0.43009665608406067,-0.6676921248435974,-0.41731885075569153
1789453871617025800,60.03402587890625,0.18386425077915192,-0.1920614391565323,-0.6111743450164795
1789453871626965000,60.043965087890626,-0.03409293666481972,0.1273786574602127,-0.6781247854232788
1789453871636905000,60.05390502929688,-0.14990688860416412,0.16433587670326233,-0.5709671378135681
1789453871646844000,60.063843994140626,-0.17836055159568787,0.04601886123418808,-0.32432928681373596
1789453871656784100,60.0737841796875,-0.27629005908966064,0.3067479133605957,0.05928334221243858
1789453871666723000,60.08372314453125,-0.42590421438217163,0.4627979099750519,0.4645863175392151
1789453871676663000,60.0936630859375,-0.5449397563934326,0.42597970366477966,0.8713256120681763
1789453871686602000,60.10360205078125,-0.6345836520195007,0.41052350401878357,1.3579050302505493
1789453871696542000,60.1135419921875,-0.6991048455238342,0.32544776797294617,1.9830256700515747
1789453871706481000,60.12348095703125,-0.777093768119812,-0.07295253127813339,2.561389207839966
1789453871716420900,60.1334208984375,-0.8980745077133179,-0.4664066433906555,2.9758787155151367
1789453871726360000,60.14336010742188,-1.0492620468139648,-0.7139453887939453,3.1755266189575195
1789453871736300000,60.15330004882812,-1.171952486038208,-0.8765060901641846,3.1905810832977295
1789453871746239000,60.16323901367188,-1.2327556610107422,-1.0423864126205444,3.0420491695404053
1789453871756179000,60.17317895507812,-1.2193279266357422,-1.1687906980514526,2.7803266048431396
1789453871766118100,60.1831181640625,-1.1060547828674316,-1.2701945304870605,2.489009141921997
1789453871776057900,60.19305786132813,-0.9088186621665955,-1.3363064527511597,2.205166816711426
1789453871785996800,60.202996826171876,-0.6130684614181519,-1.2589811086654663,1.927049994468689
1789453871795937000,60.21293701171875,-0.22139285504817963,-1.0275074243545532,1.6563193798065186
1789453871805876000,60.2228759765625,0.22044648230075836,-0.7179078459739685,1.3737514019012451
1789453871815815000,60.23281494140625,0.6005655527114868,-0.4116789400577545,1.083713173866272
1789453871825755000,60.2427548828125,0.8733264803886414,-0.1896786391735077,0.8239774107933044
1789453871835694000,60.252694091796876,1.0271852016448975,-0.07281886786222458,0.5965982675552368
1789453871845634000,60.26263403320313,1.034177303314209,-0.022490978240966797,0.40598544478416443
1789453871855573000,60.272572998046876,0.9277271032333374,0.052307628095149994,0.2575131356716156
1789453871865513000,60.28251293945313,0.7769234776496887,0.14295625686645508,0.11699371784925461
1789453871875452200,60.2924521484375,0.603620171546936,0.1886419802904129,-0.03132518008351326
1789453871885392000,60.30239184570313,0.4145885705947876,0.196625217795372,-0.18496975302696228
1789453871895330800,60.312330810546875,0.21166662871837616,0.12048332393169403,-0.27180904150009155
1789453871905271000,60.32227099609375,-0.01919860951602459,-0.02723081037402153,-0.3034404516220093
1789453871915210000,60.3322099609375,-0.1808953732252121,-0.16672052443027496,-0.2764604985713959
1789453871925150000,60.34214990234375,-0.2399415373802185,-0.16416047513484955,-0.20223429799079895
1789453871935089000,60.3520888671875,-0.20385117828845978,0.0578150637447834,-0.12105262279510498
1789453871945029000,60.36202905273438,-0.13501738011837006,0.33328935503959656,-0.06568291783332825
1789453871954968000,60.371968017578126,-0.07838287204504013,0.5371895432472229,-0.04334300011396408
1789453871964907800,60.38190771484375,-0.05876031145453453,0.6440191864967346,-0.052764177322387695
1789453871974847000,60.391846923828126,-0.07078981399536133,0.5905450582504272,-0.030795760452747345
1789453871984787000,60.40178686523438,-0.10372325778007507,0.35026291012763977,0.053556136786937714
1789453871994726000,60.411725830078126,-0.1648387759923935,-0.023034874349832535,0.16681967675685883
1789453872004665900,60.42166577148438,-0.2235424965620041,-0.3005407452583313,0.2557552754878998
1789453872014605000,60.43160498046875,-0.2931380867958069,-0.3363429307937622,0.29476046562194824
1789453872024545000,60.441544921875,-0.3420085608959198,-0.18279679119586945,0.24101437628269196
1789453872034484000,60.45148388671875,-0.3490433096885681,-0.008562678471207619,0.12034575641155243
1789453872044424000,60.461423828125,-0.3269146680831909,0.10750557482242584,-0.03245888650417328
1789453872054363100,60.47136303710938,-0.2236199826002121,0.11459144949913025,-0.16370931267738342
1789453872064302800,60.481302734375,-0.052631672471761703,0.08424430340528488,-0.2504596710205078
1789453872074241800,60.49124169921875,0.1619730442762375,0.037938594818115234,-0.29315894842147827
1789453872084182000,60.50118212890625,0.35793647170066833,-0.022667912766337395,-0.3341147303581238
1789453872094121000,60.51112084960938,0.5010302066802979,-0.003801281563937664,-0.35982516407966614
1789453872104061000,60.52106103515625,0.6005430221557617,0.06814582645893097,-0.38847610354423523
1789453872114000100,60.53100024414063,0.6661060452461243,0.14617778360843658,-0.39893433451652527
1789453872123940000,60.54094018554687,0.6683050990104675,0.15930964052677155,-0.11503224819898605
1789453872133879000,60.55087915039063,0.5841558575630188,-0.14805376529693604,0.13597014546394348
1789453872143818800,60.56081884765625,0.5123200416564941,-0.32340070605278015,0.4816259741783142
1789453872153758000,60.57075805664063,0.47907742857933044,-0.29521992802619934,0.8199030756950378
1789453872163698000,60.58069799804687,0.4852428138256073,-0.1194412112236023,1.0613352060317993
1789453872173636900,60.59063696289063,0.5364276766777039,0.26290562748908997,1.1552540063858032
1789453872183577000,60.6005771484375,0.5420883297920227,0.7732311487197876,1.1963720321655273
1789453872193516000,60.61051611328125,0.4417944848537445,1.1529405117034912,1.2492716312408447
1789453872203456000,60.6204560546875,0.25419044494628906,1.1691139936447144,1.3034298419952393
1789453872213395000,60.63039501953125,0.03286019340157509,0.7243837118148804,1.278641700744629
1789453872223335000,60.6403349609375,-0.10193836688995361,0.13097679615020752,1.1578750610351562
1789453872233273900,60.65027392578125,-0.12026597559452057,-0.33552035689353943,0.9355472326278687
1789453872243213800,60.6602138671875,-0.06631561368703842,-0.4001026749610901,0.7184837460517883
1789453872253153000,60.67015307617187,-0.00022421590983867645,-0.18206726014614105,0.5639245510101318
1789453872263093000,60.68009301757812,0.0314953550696373,-0.06474033743143082,0.4012625813484192
1789453872273032000,60.69003198242188,0.018425090238451958,-0.07363130152225494,0.23285144567489624
1789453872282972000,60.69997192382812,-0.0279580969363451,-0.05739139765501022,0.09576829522848129
1789453872292911000,60.7099111328125,-0.09894172847270966,0.01592329517006874,-0.010721931234002113
1789453872302851000,60.71985107421875,-0.1812179684638977,0.0585256889462471,-0.12218663841485977
1789453872312790000,60.7297900390625,-0.22832822799682617,0.007253445219248533,-0.2591855227947235
1789453872322730000,60.73972998046875,-0.23403239250183105,-0.1959019899368286,-0.4137054979801178
1789453872332668700,60.74966870117188,-0.20804980397224426,-0.3513230085372925,-0.5435287356376648
1789453872342609000,60.75960888671875,-0.12753745913505554,-0.39144620299339294,-0.6342670917510986
1789453872352547800,60.7695478515625,0.017527321353554726,-0.3824223577976227,-0.6988871097564697
1789453872362487800,60.77948779296875,0.19049659371376038,-0.2553786039352417,-0.7105809450149536
1789453872372427000,60.78942700195312,0.32752475142478943,-0.14425474405288696,-0.655112087726593
1789453872382367000,60.799366943359374,0.41991734504699707,-0.07805068045854568,-0.5309252142906189
1789453872392306000,60.80930590820312,0.46687713265419006,-0.07442132383584976,-0.39881035685539246
1789453872402246000,60.81924584960937,0.5001551508903503,-0.12923172116279602,-0.26496902108192444
1789453872412184800,60.82918481445312,0.5358726978302002,-0.15873634815216064,-0.12427555024623871
1789453872422124800,60.83912475585937,0.5550723075866699,-0.0937318280339241,0.0462699830532074
1789453872432063700,60.84906372070313,0.5275706648826599,0.055056050419807434,0.23265504837036133
1789453872442004000,60.85900390625,0.4342981278896332,0.24961988627910614,0.4072682857513428
1789453872451943000,60.86894287109375,0.2768981158733368,0.4207935035228729,0.5450916290283203
1789453872461883000,60.8788828125,0.07113759219646454,0.49924924969673157,0.6069219708442688
1789453872471821800,60.88882177734375,-0.15483854711055756,0.3818994462490082,0.5659193992614746
1789453872481762000,60.898761962890624,-0.35796689987182617,0.04635583981871605,0.4253233075141907
1789453872491701000,60.90870092773437,-0.5422094464302063,-0.3853295147418976,0.21448378264904022
1789453872501640700,60.918640625,-0.6884490251541138,-0.719279408454895,-0.07739096134901047
1789453872511580000,60.92857983398437,-0.727433443069458,-0.8116871118545532,-0.38548538088798523
1789453872521519900,60.938519775390624,-0.6976804137229919,-0.6933654546737671,-0.665522038936615
1789453872531458800,60.94845874023437,-0.6423510909080505,-0.4575881063938141,-0.9013944864273071
1789453872541399000,60.95839892578125,-0.5752332210540771,-0.16151471436023712,-1.081527590751648
1789453872551339000,60.96833911132813,-0.4792017340660095,0.14861971139907837,-1.1687532663345337
1789453872561278000,60.97827783203125,-0.3303571045398712,0.4289380609989166,-1.1421548128128052
1789453872571217700,60.9882177734375,-0.13676099479198456,0.5949808359146118,-0.9960042834281921
1789453872581156900,60.998156982421875,0.0825541615486145,0.6077154278755188,-0.7787132859230042
1789453872591096800,61.00809692382813,0.29281100630760193,0.5083222985267639,-0.5094839334487915
1789453872601035800,61.018035888671875,0.4764537215232849,0.4171864688396454,-0.2249056100845337
1789453872610976000,61.02797607421875,0.6146574020385742,0.3680564761161804,0.04525822028517723
1789453872620915000,61.0379150390625,0.6709202527999878,0.30813950300216675,0.2627909481525421
1789453872630855000,61.04785498046875,0.6239224076271057,0.2201840579509735,0.4021206200122833
1789453872640793900,61.0577939453125,0.505898654460907,0.10618840157985687,0.42838984727859497
1789453872650733800,61.06773388671875,0.366650253534317,0.0008763610385358334,0.36624762415885925
1789453872660673000,61.077673095703126,0.23757071793079376,-0.08994188904762268,0.23141822218894958
1789453872670612700,61.08761279296875,0.13534927368164062,-0.13216230273246765,0.05863233655691147
1789453872680552000,61.097552001953126,0.07574667036533356,-0.06651626527309418,-0.1051369160413742
1789453872690492000,61.10749194335938,0.042633991688489914,0.07931391149759293,-0.24605675041675568
1789453872700430800,61.117430908203126,0.01660856045782566,0.2670632302761078,-0.3405287563800812
1789453872710370800,61.12737084960938,-0.009346873499453068,0.4404001235961914,-0.4117094576358795
1789453872720310000,61.13731005859375,-0.057026833295822144,0.5554150342941284,-0.45222586393356323
1789453872730250000,61.14725,-0.1329468935728073,0.5819305181503296,-0.46518054604530334
1789453872740189000,61.15718896484375,-0.2400335818529129,0.5028780698776245,-0.4886161983013153
1789453872750129000,61.16712890625,-0.3444097936153412,0.35396766662597656,-0.5161788463592529
1789453872760067800,61.17706787109375,-0.4159289598464966,0.19502747058868408,-0.5384686589241028
1789453872770007800,61.1870078125,-0.44979822635650635,0.054340384900569916,-0.5598394274711609
1789453872779946800,61.19694677734375,-0.4552634656429291,-0.03643196076154709,-0.6083084940910339
1789453872789887000,61.20688696289063,-0.4454110860824585,-0.06800559908151627,-0.7307089567184448
1789453872799826000,61.21682592773438,-0.4031915068626404,-0.0448029525578022,-0.8880709409713745
1789453872809766000,61.22676586914063,-0.318495512008667,0.04706598445773125,-1.0339252948760986
1789453872819704800,61.236704833984376,-0.18257054686546326,0.17122280597686768,-1.1244169473648071
1789453872829644800,61.24664477539063,-0.018100911751389503,0.2672622799873352,-1.1330833435058594
1789453872839584800,61.25658471679687,0.12790976464748383,0.28737154603004456,-1.0591195821762085
1789453872849523700,61.26652368164063,0.23433580994606018,0.2382173091173172,-0.915306568145752
1789453872859464000,61.2764638671875,0.29586324095726013,0.1403794288635254,-0.7255643010139465
1789453872869403000,61.28640283203125,0.3308475911617279,0.03204336017370224,-0.517361044883728
1789453872879342800,61.2963427734375,0.3455641567707062,-0.0824689120054245,-0.31578806042671204
1789453872889282000,61.30628198242187,0.346398264169693,-0.18401949107646942,-0.1388726830482483
1789453872899222000,61.316221923828124,0.31524720788002014,-0.1984325796365738,-0.011185687966644764
1789453872909161000,61.32616088867187,0.265872985124588,-0.13145220279693604,0.07208816707134247
1789453872919101000,61.336100830078124,0.18966923654079437,-0.03840974345803261,0.09448760002851486
1789453872929040000,61.34603979492187,0.10863111913204193,0.05606776103377342,0.09735182672739029
1789453872938979800,61.35597973632812,0.03236803039908409,0.18482421338558197,0.08683635294437408
1789453872948918800,61.36591870117188,-0.03417504206299782,0.31857427954673767,0.09980221837759018
1789453872958859000,61.37585888671875,-0.07921841740608215,0.414341539144516,0.1554018259048462
1789453872968798000,61.3857978515625,-0.10940428078174591,0.44583290815353394,0.2511885464191437
1789453872978738000,61.395738037109375,-0.13070988655090332,0.43070104718208313,0.34930917620658875
1789453872988676900,61.4056767578125,-0.1477208286523819,0.3767264783382416,0.43256279826164246
1789453872998616800,61.415616943359375,-0.17337632179260254,0.28819531202316284,0.46552619338035583
1789453873008555800,61.4255556640625,-0.21495385468006134,0.19171085953712463,0.43180736899375916
1789453873018495700,61.435495849609374,-0.2723582684993744,0.08704160898923874,0.3118884563446045
1789453873028435000,61.44543505859375,-0.326668918132782,0.02977326512336731,0.1288755089044571
1789453873038375000,61.455375,-0.3426607847213745,0.03287411481142044,-0.07702349126338959
1789453873048315000,61.46531494140625,-0.3138783872127533,0.04801178723573685,-0.2604207396507263
1789453873058254000,61.475254150390626,-0.24046117067337036,0.04263294115662575,-0.40310925245285034
1789453873068193800,61.48519384765625,-0.1243409514427185,0.013562406413257122,-0.4985162019729614
1789453873078133000,61.495133056640626,0.012424700893461704,-0.02082376927137375,-0.5537153482437134
1789453873088072700,61.50507275390625,0.15251389145851135,-0.08074729144573212,-0.5596858859062195
1789453873098012000,61.515011962890625,0.2610938847064972,-0.17160598933696747,-0.5366911292076111
1789453873107951900,61.52495190429688,0.34952521324157715,-0.2393067479133606,-0.49653998017311096
1789453873117890800,61.534890869140625,0.4248073101043701,-0.22275127470493317,-0.4300515353679657
1789453873127831000,61.5448310546875,0.4708584249019623,-0.13242511451244354,-0.33244961500167847
1789453873137770000,61.55477001953125,0.469254732131958,0.003594521898776293,-0.2362421751022339
1789453873147710000,61.5647099609375,0.4309883117675781,0.13547027111053467,-0.14874134957790375
1789453873157649000,61.57464892578125,0.36095428466796875,0.2388152778148651,-0.08034622669219971
1789453873167588900,61.5845888671875,0.29217201471328735,0.319593220949173,-0.03276299685239792
1789453873177527800,61.59452783203125,0.23139645159244537,0.35005930066108704,0.010231917724013329
1789453873187467800,61.6044677734375,0.16899193823337555,0.3100258708000183,0.04808023199439049
1789453873197406700,61.61440673828125,0.10442610830068588,0.22634288668632507,0.0628596693277359
1789453873207347000,61.62434692382813,0.060388337820768356,0.1244008019566536,0.06395608931779861
1789453873217287000,61.63428686523437,0.04781387001276016,0.034043535590171814,0.07631590962409973
1789453873227225900,61.64422583007813,0.04132001847028732,0.09127859771251678,0.20991630852222443
1789453873237165800,61.65416577148437,-0.00536552956327796,0.13567523658275604,0.3756316304206848
1789453873247104800,61.66410473632813,-0.04438510164618492,0.1125163808465004,0.5060562491416931
1789453873257044700,61.67404467773437,-0.10007992386817932,0.18436570465564728,0.6037249565124512
1789453873266984000,61.68398388671875,-0.19686318933963776,0.28533491492271423,0.652367353439331
1789453873276924000,61.693923828125,-0.3225548267364502,0.26813793182373047,0.5725532174110413
1789453873286862800,61.70386279296875,-0.4373945891857147,0.1380973756313324,0.3550211191177368
1789453873296803000,61.71380297851562,-0.5182223916053772,0.06104889139533043,0.0758114606142044
1789453873306742000,61.72374194335937,-0.5727386474609375,0.14527641236782074,-0.17590439319610596
