time,seconds_elapsed,z,y,x
1789799505031215600,0.050215576171875,-0.6754840171158313,-0.24809973155558107,0.3393366573382169
1789799505041186800,0.060186767578125,-0.33260581471323963,-0.5870020160645246,-0.11481527843726798
1789799505051157800,0.07015771484375,-0.31501638200879095,-0.9752934776425362,-0.231482651014626
1789799505061129700,0.080129638671875,-0.48842999815344806,-1.2742793468266724,-0.22259072136562316
1789799505071100700,0.0901005859375,-0.2809077761799097,-1.1375386340409517,-0.22265658967606722
1789799505081071900,0.10007177734375,-0.020184709894657135,-0.8824217171996831,-0.012180486332997679
1789799505091043600,0.110043701171875,0.1336357325077057,-0.7915092741310596,0.05388144698701799
1789799505101014800,0.120014892578125,0.021837737798690793,-0.8845949695855378,0.045052572636865074
1789799505110985700,0.12998583984375,-0.25389409704804417,-0.9726707279235124,-0.11735325421597807
1789799505120958000,0.1399580078125,-0.48968905830383297,-1.1377759499281643,-0.27853995107002555
1789799505130928600,0.1499287109375,-0.47393151720166204,-1.1097937180250883,-0.3838291484069079
1789799505140900900,0.15990087890625,-0.025871523359417913,-0.9247434401005507,-0.3515413282644003
1789799505150871800,0.169871826171875,0.4731985267519951,-0.8481032680124044,0.029716581415012478
1789799505160842800,0.1798427734375,1.0292343266665935,-0.9056284052640199,0.5306307980883866
1789799505170814700,0.189814697265625,1.4547645087927579,-0.9987480029881,1.126569788520038
1789799505180785700,0.19978564453125,1.3852771310687064,-0.6883131035506725,1.7935732697993516
1789799505190756900,0.2097568359375,0.8045049493044615,-0.03353285176753998,2.4787732097655533
1789799505200728600,0.219728515625,0.2768593775719404,0.9122177205264568,2.350935057620704
1789799505210699800,0.22969970703125,0.0859083511710167,1.6156430530130863,1.4756469916932284
1789799505220670700,0.239670654296875,-0.09167056795954703,1.4844845242738722,0.8808674734950065
1789799505230642700,0.249642578125,-0.38503859726190565,0.12514146040678023,0.13608473309502006
1789799505240613600,0.259613525390625,-0.3001175035625696,0.5069359611809253,-0.1704078584574163
1789799505250584800,0.269584716796875,-1.1617308260113,1.711096646642685,-0.5683776873543859
1789799505260556800,0.279556884765625,-2.657278011569381,1.5583809506118296,-1.3573024979501962
1789799505270527700,0.28952783203125,-3.0524411124825477,1.160166060912609,-0.5820560840949416
1789799505280498700,0.299498779296875,-2.7010382428407667,0.723329471874237,0.27779285902976986
1789799505290471000,0.309470947265625,-2.489295772823691,-0.20799860731363295,0.5255407084077597
1789799505300441900,0.31944189453125,-1.9995371564149855,-1.0464420665770768,0.5595784409575164
1789799505310413800,0.329413818359375,-1.9857441933840512,-0.9846206934362649,-0.2756577466972172
1789799505320384800,0.339384765625,-3.0431612429618835,-2.527832716488838,-1.310196463382244
1789799505330355700,0.349355712890625,-4.120452036789059,-3.3638463182568548,-2.5222958328887817
1789799505340327700,0.35932763671875,-3.0030203712314365,-2.316322886183858,-3.1662308655306695
1789799505350298600,0.369298583984375,1.2749527160435914,-1.473696003755927,-2.4080551212027665
1789799505360269800,0.379269775390625,0.7083569436699152,-4.246839113342761,-1.9480390243679284
1789799505370241500,0.389241455078125,1.2485463551551104,-4.2234857102841135,-2.1037547789976
1789799505380212700,0.399212646484375,1.8603940586626528,-3.5990135030031203,-2.690000131475925
1789799505390183700,0.40918359375,2.3141081327438355,-2.398505494830012,-2.6355732525005937
1789799505400156000,0.419156005859375,2.490459555906057,-0.9058598759323357,-2.279299415821582
1789799505410126600,0.429126708984375,2.218987716591358,0.31580987047404047,-2.0742767555788157
1789799505420098800,0.439098876953125,2.4002298344045876,0.41935880001485343,-4.1879520400881765
1789799505430069800,0.44906982421875,1.3896318191468715,-2.037246417084336,-8.64790082014799
1789799505440040700,0.459040771484375,-1.0208008448421955,2.3396929481163617,-5.012353529995679
1789799505450012700,0.4690126953125,0.8155155881404876,5.218457117342949,0.3315723800122738
1789799505459984000,0.47898388671875,4.7424967246621845,3.4126764001384378,3.5697552598148583
1789799505469954800,0.488954833984375,6.280802270972728,0.5125754283726215,3.3353277875199914
1789799505479926800,0.4989267578125,4.070802747479081,-0.8391057225644588,1.4162737423568963
1789799505489897700,0.508897705078125,2.7631220663100478,-0.5258008206486702,0.26226678859591485
1789799505499868700,0.51886865234375,2.141850700896978,-0.16929858204126358,0.43280514156520367
1789799505509841200,0.528841064453125,0.3755570676892996,0.05596095667481422,1.114113627050817
1789799505519812400,0.538812255859375,-0.173771928063035,0.39993572214245793,1.1262202444300056
1789799505529783300,0.548783203125,0.8420984746396541,0.7697673979222774,1.3343357561215758
1789799505539755300,0.55875537109375,1.9230366850584744,0.8061217368513345,1.314101946388185
1789799505549726200,0.568726318359375,2.1941788540273905,0.5817670380204916,1.1647662481844425
1789799505559697200,0.578697265625,2.212103802296519,0.2797305490940809,1.237026890014112
1789799505569669000,0.588669189453125,2.215528516048193,0.1482049406081438,1.5890788712143897
1789799505579640000,0.59864013671875,1.8583207595199345,0.2516232295066118,1.5161261554673313
1789799505589612300,0.6086123046875,1.3589245461940764,0.4537707727044821,1.3518892407298086
1789799505599583200,0.618583251953125,0.8351280511051415,0.5249129318982363,1.0676438445597887
1789799505609554200,0.62855419921875,0.4080249205738306,0.34928339326977725,0.5556713505163788
1789799505619526100,0.638526123046875,0.6710702923268079,-0.11570786162912845,0.4541492506280541
1789799505629497300,0.648497314453125,1.3769699059724807,-0.15254852277040482,0.7307809569239616
1789799505639468300,0.65846826171875,1.0954898828625679,0.5364432106941938,0.8783195425778627
1789799505649440300,0.668440185546875,0.2001923174768686,1.030161962905526,0.8813897438034415
1789799505659411200,0.6784111328125,-0.502350386956334,1.0644663835674524,0.7170996375739574
1789799505669382400,0.68838232421875,-1.1262497627854346,0.9839368028253316,0.1273299103617668
1789799505679354000,0.69835400390625,-1.496247442781925,0.5244038133323192,-0.46616000641733407
1789799505689325300,0.7083251953125,-1.162883503177762,0.062386021286249156,-0.6999389516755938
1789799505699296300,0.718296142578125,-0.5386556260466575,-0.24546119974553585,-0.5499944739237428
1789799505709268200,0.728268310546875,0.3161246355116367,-0.36674481568038464,-0.0894479234740138
1789799505719239200,0.7382392578125,1.2281623232960701,-0.41927988955974577,0.4958262458845973
1789799505729211400,0.74821142578125,1.8394366108298301,-0.4265384823858738,1.0227595776945353
1789799505739182300,0.758182373046875,1.7895149343192576,-0.3638438335418701,1.4116820306524633
1789799505749153000,0.768153076171875,1.5689163731515408,-0.23822189614176748,1.83302089856863
1789799505759125200,0.778125244140625,1.4703274041056633,0.1591401761204004,1.6741121931165457
1789799505769096200,0.78809619140625,0.004493804287910461,0.39798809520602224,0.6765294345155358
1789799505779067400,0.7980673828125,-3.045699821528792,0.4243956251382828,-0.7796195143729447
1789799505789039000,0.8080390625,-6.023650633433461,0.2879091793745756,-1.6633841706141828
1789799505799010300,0.81801025390625,-6.848085441088676,0.26801556138098237,-1.440237678529322
1789799505808981200,0.827981201171875,-4.8354134932905435,0.4354430888533592,-0.31226065355986354
1789799505818953200,0.837953125,-0.6869359699785709,0.452036496257782,1.0596692124187945
1789799505828924200,0.847924072265625,2.1709745040506125,-0.05192541754841804,1.117979654829204
1789799505838895400,0.857895263671875,1.729490965989232,-0.7819166853994131,0.13498276320248842
1789799505848867000,0.8678671875,-0.40908348971605296,-1.0096388148367403,-0.9100006289988756
1789799505858838300,0.87783837890625,-2.3492127638727425,-0.9895675021886825,-1.4058885419428349
1789799505868809200,0.887809326171875,-3.5791526182353492,-0.7592343134701252,-1.3761620967209338
1789799505878781400,0.897781494140625,-3.755391228672862,-0.25561083783805366,-1.4381605799943207
1789799505888752000,0.907752197265625,-2.936975827437639,-0.15523556989729403,-1.486754807293415
1789799505898723000,0.91772314453125,-1.520904914176464,-0.5546539901673794,-1.299720662075281
1789799505908695300,0.9276953125,-0.15700374861359595,-1.120654134735465,-0.9429998122811317
1789799505918666200,0.937666259765625,0.5781196214288473,-1.4872522354215383,-0.6159358496040106
1789799505928638200,0.94763818359375,0.46008886981010433,-1.4275935932725667,-0.36034634681493044
1789799505938609200,0.957609130859375,-0.5408054975569248,-1.1110089390337468,-0.09247691590636968
1789799505948580400,0.967580322265625,-1.5554571721196173,-0.9252081350028515,0.2860623824641108
1789799505958552000,0.977552001953125,-1.1703367417931556,-0.7087462352484464,0.7414438052356243
1789799505968523300,0.987523193359375,0.9829770178824663,-0.13912205496430397,2.1776859843879937
1789799505978494200,0.997494140625,3.5364591394126412,-1.069584457233548,2.9564214094027874
1789799505988466200,1.007466064453125,5.174512761676311,-1.9677701452761887,2.5828064156919717
1789799505998437000,1.01743701171875,5.448485185635089,-1.9608371311426163,1.7030498260483145
1789799506008408300,1.027408203125,3.7004970244467255,-1.8743109403342006,0.962055810406804
1789799506018380300,1.03738037109375,1.267791738373041,-1.6437930426985023,0.3545055118322372
1789799506028351200,1.047351318359375,-0.47381402830183506,-1.2059902389764785,-0.12818740397393702
1789799506038322200,1.057322265625,-1.5081769500285387,-0.9048644351541996,-0.3826727449133992
1789799506048294400,1.06729443359375,-2.0153437973558903,-0.6717413234561681,-0.5837336619183421
1789799506058265000,1.07726513671875,-2.2619068208634854,-0.5841074636667967,-0.6139671798795461
1789799506068236300,1.087236328125,-1.7596318372309208,-0.46471068439185614,-0.49561757156997915
1789799506078208300,1.097208251953125,-0.15469371810555457,-0.22052549593150614,-0.04161415915340185
1789799506088179500,1.107179443359375,1.4787620549738407,-0.10404255827665328,0.8914999266684055
1789799506098150100,1.117150146484375,1.8752011671721933,-0.07724106059074401,1.6011948409438133
1789799506108122400,1.127122314453125,0.5571960758656263,0.08284194933772086,1.3419970845296978
1789799506118093300,1.13709326171875,-1.6440929024279116,0.7356956169724465,0.24106238026469945
1789799506128065300,1.147065185546875,-2.080017052796483,0.866864082583785,-0.09186696731448173
1789799506138036200,1.1570361328125,0.5468611443340778,0.30574118866324423,0.6701984779283404
1789799506148007200,1.167007080078125,3.962418360605836,-0.6766068836659193,2.0549132989391685
1789799506157979100,1.176979248046875,6.17277794958353,-1.3717431112349032,2.973926963216066
1789799506167950000,1.1869501953125,6.160111360234022,-1.4111667746067047,2.8862969028189775
1789799506177921300,1.19692138671875,4.297680827307701,-1.100978543406725,2.072577842706442
1789799506187893200,1.206893310546875,2.608331902092695,-0.6795762548655271,0.753654467511177
1789799506197864200,1.2168642578125,1.9800012658178805,-0.3784305772989988,-0.5712482743546367
1789799506207835100,1.226835205078125,2.5103975975632666,-0.41787469893693924,-1.6568158981397747
1789799506217807400,1.236807373046875,3.7943496126204725,-0.41782150744497776,-2.2335168849423526
1789799506227778300,1.2467783203125,4.814693945866823,-0.38251930791735644,-1.9167557050928472
1789799506237749200,1.256749267578125,4.776723988434672,-0.3170639621883631,-1.0746411561012268
1789799506247721200,1.26672119140625,3.749439626792073,-0.09997370140254497,-0.4757677927181124
1789799506257692400,1.2766923828125,2.2840111006438732,0.0768757344096899,-0.5233943440288304
1789799506267663400,1.286663330078125,0.7812596827954054,-0.09803834942579269,-0.968415408566594
1789799506277635300,1.29663525390625,-0.6130827982604503,-0.3173199827760458,-1.6535960593104362
1789799506287606300,1.306606201171875,-1.912099111458659,-0.355380541101098,-2.3388375003308055
1789799506297577200,1.3165771484375,-2.733007498553395,-0.3715554308325052,-2.6453108026608825
1789799506307549200,1.326549072265625,-2.5887358057409524,-0.4574748879194259,-2.6340102409675716
1789799506317520100,1.33652001953125,-1.7606226018339395,-0.7576981899440288,-2.54025877508074
1789799506327492400,1.346492431640625,-1.0413824450999498,-1.1175614294171332,-2.3356585780337453
1789799506337463000,1.356463134765625,-0.8605471545219421,-1.2821516876369714,-2.087442818883061
1789799506347434200,1.366434326171875,-1.1538964791238306,-1.1715069546163082,-1.7642969064325094
1789799506357406200,1.37640625,-1.6150374883353709,-0.9194412420392036,-1.2647227061912416
1789799506367377400,1.38637744140625,-1.9349153389006852,-0.6974053415447473,-0.8379571370512247
1789799506377348000,1.39634814453125,-2.132240576508641,-0.6988017643392086,-0.6463555377870798
1789799506387320300,1.4063203125,-2.37256733597517,-1.0048170937687158,-0.5972726501882076
1789799506397291300,1.416291259765625,-2.715418650370836,-1.419551156592369,-0.518663808375597
1789799506407262200,1.42626220703125,-2.8818109895765778,-1.9837480511307715,-0.08608575356453657
1789799506417234200,1.436234130859375,-2.688554024320841,-2.8265836078733204,0.5979498187974095
1789799506427205400,1.446205322265625,-2.5354151344418523,-3.7811084382534026,0.9676151980996132
1789799506437176300,1.45617626953125,-2.6093027929514645,-4.680729712057113,0.8428957624971866
1789799506447148300,1.466148193359375,-2.7258582113206384,-5.386495470190048,0.32406390407830477
1789799506457119200,1.476119140625,-3.109344902965426,-6.059402330294251,-0.17882511979937551
1789799506467090200,1.486090087890625,-3.7451498206436633,-6.738242672100663,-0.38772973604202265
1789799506477062100,1.496062255859375,-4.801646248245239,-6.923471813723444,-1.0278262134343386
1789799506487033000,1.506033203125,-5.8140089350879185,-7.134756018579006,-2.4635268330559135
1789799506497004300,1.51600439453125,-6.2357455701500175,-7.6934952322334045,-3.083804511256516
1789799506506976300,1.525976318359375,-5.709774653631448,-8.508139298236369,-3.2117712582170963
1789799506516947200,1.535947265625,-5.025713362306356,-9.48173064813614,-3.153208594611287
1789799506526918100,1.545918212890625,-4.228382250154018,-10.541477017444372,-2.8383278216809034
1789799506536890400,1.555890380859375,-3.269842338913679,-11.386329759228229,-2.3385656976521014
1789799506546861000,1.565861083984375,-2.8626357489854097,-11.85539454717636,-2.6921254530668257
1789799506556832300,1.575832275390625,-2.9664404068529606,-11.392622721892595,-3.4629081655114886
1789799506566804200,1.58580419921875,-3.0969983393505216,-11.54988833631277,-4.39156731775105
1789799506576775400,1.595775390625,-3.098749859192967,-11.60429329571724,-4.839905544012785
1789799506586747100,1.6057470703125,-3.1578701566815375,-11.688985841357708,-4.858381111901998
1789799506596718300,1.61571826171875,-2.78592660331428,-12.013133624327182,-4.365193690088391
1789799506606689300,1.625689208984375,-1.9412410347908735,-13.226334525334835,-2.1966420292705298
1789799506616661200,1.6356611328125,-1.2356067940831184,-13.164184650892018,-0.8018143950462341
1789799506626632200,1.645632080078125,-0.8579423788510262,-10.092744238907098,-1.8559405863851308
1789799506636603400,1.655603271484375,0.21361944287009535,-9.018638504856824,-0.1494464651018381
1789799506646575000,1.6655751953125,1.36649425079599,-9.288903890991211,2.4074311440855265
1789799506656546300,1.67554638671875,2.319498593610525,-9.086545919913053,4.194624357458949
1789799506666517200,1.685517333984375,2.9726819315910338,-8.223533252060413,5.556411307346821
1789799506676489500,1.695489501953125,3.426971175211668,-7.131756252241134,6.534117691349983
1789799506686460200,1.705460205078125,3.9119033943772314,-6.412071274349093,7.112763382479548
1789799506696431400,1.715431396484375,4.397040196204185,-5.8241287625640625,7.432623697388172
1789799506706403300,1.7254033203125,4.659066161781549,-5.040107798361778,8.231769750007986
1789799506716374300,1.735374267578125,4.480976370519399,-4.758330838131904,9.65409154035747
1789799506726345200,1.74534521484375,4.8762955387771125,-3.4801398708194493,12.28582243821621
1789799506736317400,1.7553173828125,5.433333209210634,-1.6651690082043409,15.301840822708606
1789799506746288400,1.765288330078125,5.71486350120306,0.1916556675389409,17.464106535124778
1789799506756259300,1.77525927734375,5.301514170736074,1.7274737809479235,17.434008333981037
1789799506766231300,1.785231201171875,3.8663328988134857,1.943940356877446,16.5962049261868
1789799506776202200,1.7952021484375,1.3112287290394304,3.0780075154155493,15.204263076531886
1789799506786173400,1.80517333984375,0.31491701328754423,3.5197453204989433,13.993283358705042
1789799506796145200,1.815145263671875,-1.338541098856926,3.9428286939948793,14.481747259128094
1789799506806116400,1.825116455078125,-3.8969928254932165,3.7357472015261646,14.649264218449591
1789799506816087300,1.83508740234375,-6.394952966287732,3.809771053636074,13.997618173038958
1789799506826059300,1.845059326171875,-6.902906580078602,5.327021536958218,13.117877657747268
1789799506836030200,1.8550302734375,-4.462293297359347,6.115853116312623,12.008442251640558
1789799506846001400,1.86500146484375,1.0297761053930967,5.102943316981196,11.357399432820081
1789799506855973000,1.87497314453125,2.635945300683379,4.830022447901964,10.452671775788069
1789799506865944300,1.8849443359375,-0.8934137244004756,4.004147378310561,9.42251390453577
1789799506875915300,1.894915283203125,-2.8182886577367783,3.3998937831938263,7.739107228851318
1789799506885887500,1.904887451171875,-4.364954620635509,2.811003761425614,6.427634754183888
1789799506895858200,1.914858154296875,-5.369843026074767,2.1475608952373264,6.298663506355881
1789799506905830400,1.924830322265625,-3.7168063542127605,1.1299053626835345,6.21048896381855
1789799506915801300,1.93480126953125,-1.2491934208869933,0.9066834672749042,6.121612995013594
1789799506925772300,1.944772216796875,0.7858657152861356,1.230383506476879,6.523876867842674
1789799506935743200,1.9547431640625,1.122213054615259,1.2357424031615256,6.864037627980113
1789799506945715200,1.964715087890625,3.2924323563843965,-0.6648837126463651,7.253089552536606
1789799506955686400,1.974686279296875,7.423364286133647,-1.802539251065254,6.690137105101346
1789799506965658000,1.984658203125,0.29361820467114447,-1.1306886220157146,2.115667627370357
1789799506975629300,1.99462939453125,-4.894361356821656,-1.8653484661996365,-1.277424659115076
1789799506985600300,2.004600341796875,-4.950995682713389,-0.29251053569018837,-2.1239275061935183
1789799506995572200,2.014572265625,-3.4643823297172784,1.3283955524176358,-0.7449117736071348
1789799507005543200,2.024543212890625,-1.8043072836510836,1.6852835754722355,0.22689503096342087
1789799507015514400,2.034514404296875,-2.246278459098935,2.3209464543312786,-0.360045025780797
1789799507025486300,2.044486328125,-4.126539247748256,3.132262252694368,-2.445589317566156
1789799507035457300,2.054457275390625,-4.369271899312734,3.826902805700898,-3.5553777748942372
1789799507045428200,2.06442822265625,-2.779960972908139,4.726799973836541,-1.8115303667724132
1789799507055400400,2.074400390625,-0.5580629948932677,5.63899372896552,0.5460784695237875
1789799507065371400,2.084371337890625,0.16444398161694407,6.841583804109693,0.5876040736109018
1789799507075342000,2.094342041015625,-1.0897686556715518,6.929845440408587,-0.6580202566176653
1789799507085314300,2.104314208984375,-2.553167064231634,5.855325864860415,-0.9126578655093908
1789799507095285200,2.11428515625,-2.8812650461316105,5.0532595408797265,-0.053715223574638364
1789799507105256200,2.124256103515625,-2.9481185682207345,4.864397011190652,1.028489061257243
1789799507115228200,2.134228271484375,-2.607434660992026,4.800845453256368,1.7224211737334727
1789799507125199400,2.144199462890625,-2.820211150231957,2.2040353543922304,-3.646230012208223
1789799507135170300,2.15417041015625,-0.5214005398631095,1.9339108380332588,-4.5451387538284065
1789799507145142300,2.164142333984375,0.7359142281591892,2.455987669722736,-1.4965420418143272
1789799507155113200,2.17411328125,1.3582710507214069,0.784962336705625,-1.918846832153201
1789799507165084400,2.18408447265625,0.9974048447508365,-1.4408315527692437,-4.98055378563106
1789799507175056100,2.19405615234375,0.9127450323361903,-0.7757534865945577,-4.41137384198308
1789799507185027300,2.20402734375,1.98142896053344,2.868316132709384,0.012851298266649245
1789799507194999300,2.213999267578125,0.15701441613808273,1.077465858133137,-0.24884967314004897
1789799507204970200,2.22397021484375,-1.377046916731447,-0.6614081454902887,-0.41927988955974577
1789799507214941200,2.233941162109375,-2.7855191915571687,1.0124214312925934,2.176772961196303
1789799507224913400,2.243913330078125,-1.7182229913912712,0.7176639934584498,3.317439371868968
1789799507234884400,2.25388427734375,0.1500479381263256,-1.3617641535341738,3.782377435275912
1789799507244855000,2.26385498046875,-1.1239432394087314,-3.4422648981943724,3.0866338894635437
1789799507254827300,2.2738271484375,-1.401512811076641,-1.7031110547162591,0.8702075477927923
1789799507264798200,2.283798095703125,0.25333061794638634,-3.3425089311957357,1.972005006366968
1789799507274769400,2.293769287109375,-1.2283072847247123,-6.671036098790168,4.706657349517942
1789799507284741000,2.3037412109375,-1.3595102371275425,-3.641626902326941,4.996527599832415
1789799507294712300,2.31371240234375,-0.9240624720990658,-3.2938013066500424,4.469519156959652
1789799507304683300,2.323683349609375,0.10406666980460286,-3.6899563412100074,2.6773995930999517
1789799507314655200,2.3336552734375,0.7229167994201183,-4.132015633332729,1.8991157112449406
1789799507324626200,2.343626220703125,1.1717150444090365,-3.6664509624600408,1.0415250684410333
1789799507334597400,2.353597412109375,1.3520201736330986,-2.5696722088307142,0.012898060017824172
1789799507344569000,2.363569091796875,0.3803310040928423,-0.83709876665622,-1.2767431065917014
1789799507354540300,2.373540283203125,-0.9883306538701057,0.4388876763492822,-3.1390134805202483
1789799507364511200,2.38351123046875,-1.630128966744244,0.659072688280046,-4.580467256841064
1789799507374483500,2.3934833984375,2.481818861071765,1.1273524633303285,-5.98726706840992
1789799507384454100,2.4034541015625,8.442032210600376,0.9010314328625798,-7.988363144704699
1789799507394425300,2.41342529296875,6.239066239005327,-1.0643304822281003,-6.330970031198859
1789799507404397300,2.423397216796875,-0.003568944527953863,3.0236382118463516,-4.378783239501715
1789799507414368500,2.433368408203125,-4.149591037511826,2.735943844266236,-2.274144955667853
1789799507424339200,2.443339111328125,-2.2909974523998797,2.5981594676464796,-1.4773749845296145
1789799507434311400,2.4533115234375,-0.6272106192689388,1.541000484482944,1.0327180771291256
1789799507444282400,2.463282470703125,-0.7518903073828667,1.2526733719572425,0.6235194366008043
1789799507454253300,2.47325341796875,-0.6622340018551797,0.7163476501628756,-1.7667057211399078
1789799507464225300,2.483225341796875,0.6252584622878581,0.1938876643747091,-0.8769061686486005
1789799507474196200,2.4931962890625,1.3551438586115836,-0.544042872042954,1.8010434595495461
1789799507484167400,2.50316748046875,1.056838884363696,-2.1491145544201133,2.6866256866067646
1789799507494139100,2.51313916015625,1.4840660066008566,-3.586475216208398,2.001017750361562
1789799507504110300,2.5231103515625,1.6656617601573467,-4.825025662527978,1.907423520863056
1789799507514081800,2.533081787109375,1.239790801769495,-4.771947567813098,3.8282355156093835
1789799507524053500,2.543053466796875,0.5149181921064854,-4.944892689663171,5.843740641006827
1789799507534024700,2.553024658203125,1.276397069633007,-5.373615530350804,6.627983139005303
1789799507543995600,2.56299560546875,2.087132437759638,-4.438118056523799,6.973156174346804
1789799507553967600,2.572967529296875,1.5751508836269377,-4.492505480271578,2.9412977822899817
1789799507563938600,2.5829384765625,0.5249509258210658,-4.615042311137914,0.815421480116248
1789799507573910800,2.592910888671875,-0.03688208913020789,-3.991258086121082,1.5597206747829913
1789799507583881700,2.6028818359375,-0.4517676161885261,-2.4275898427560922,0.4780991582751274
1789799507593852700,2.612852783203125,-0.21566972646340726,0.0008744447469711303,-0.7074842524886131
1789799507603824600,2.62282470703125,2.03011466550827,1.6490695217967033,-3.477969541043043
1789799507613795800,2.6327958984375,2.5258067636191845,3.612080489847064,-2.3083611135244366
1789799507623766800,2.642766845703125,1.4787097402647136,3.920673560810089,-1.9751257687360046
1789799507633738800,2.65273876953125,0.4766835923887789,2.162420318455994,-2.909474657049775
1789799507643709700,2.662709716796875,0.29042642289251086,0.08028992676734924,-3.470354389864206
1789799507653680600,2.6726806640625,1.1850222697496413,-0.3137698890790343,-3.1990695975542067
1789799507663652600,2.682652587890625,1.1618392548218368,0.2047740923091769,-2.9333184739738702
1789799507673623600,2.69262353515625,0.7334630356147885,0.1655000665411353,-3.931000309035182
1789799507683594800,2.7025947265625,0.5047124399125575,-0.5007385678455233,-3.9888270595818756
1789799507693566500,2.71256640625,-0.2797216351352632,0.23530513191223143,-2.536082073917985
1789799507703537700,2.72253759765625,-0.668920859207958,1.3256401162296534,-1.16790396168828
1789799507713508600,2.732508544921875,0.5291442858576775,0.9504895835146308,-2.495439682406187
1789799507723480600,2.74248046875,2.137693581217527,-0.38117578435391186,-5.418598581415415
1789799507733451500,2.752451416015625,1.4313247426249085,-0.6544163869068026,-5.853823643603921
1789799507743422700,2.762422607421875,-0.03271086786016822,0.1369634156256914,-4.306572574293614
1789799507753394700,2.772394775390625,-0.14524419110640882,0.4746919801801443,-3.1954964152425527
1789799507763365600,2.78236572265625,-0.16881942022219298,15.039521427142619,-0.47863691841363903
1789799507773336600,2.792336669921875,0.643563276720047,19.97772134116888,-1.5672814654260874
1789799507783308800,2.802308837890625,0.43344051685929297,7.378308754354715,-0.38236908579170703
1789799507793279700,2.81227978515625,-1.0613806925117968,9.194976484015584,1.0768220072716475
1789799507803250400,2.82225048828125,-2.316986318528652,10.337490568381547,-0.23336218115091323
1789799507813222700,2.83222265625,-2.343295648783445,7.396864986264705,-0.7158066751539707
1789799507823193600,2.842193603515625,-2.6433155371904373,6.119191320824623,-0.8766875574618578
1789799507833164800,2.852164794921875,0.04116320051550865,4.003620724087954,-0.7481798354923724
1789799507843136500,2.862136474609375,-0.2995744644607417,3.257427386237681,-0.2796247506320476
1789799507853107700,2.872107666015625,-2.985583498740196,1.9765853198945522,-1.0262211163252593
1789799507863078700,2.88207861328125,-2.883547604110837,-0.07861965546756983,-2.013530610454082
1789799507873050600,2.892050537109375,-0.562118334698677,1.1363961860075593,-0.5235018960565329
1789799507883021600,2.902021484375,-1.2478577883690596,-3.1857442520350214,-1.9311194537490606
1789799507892993800,2.911993896484375,-1.087500053152442,-7.219752515602111,-2.2809598963797093
1789799507902964500,2.921964599609375,1.1301491083115338,-10.592849477285146,-2.0188608655661344
1789799507912935700,2.931935791015625,6.839353853100538,-21.16802067453861,-4.0167718820840115
1789799507922907600,2.94190771484375,0.8020978881627321,-24.9591899035573,-5.4436675562202925
1789799507932878800,2.95187890625,-4.947900054785609,-13.142397181975841,-5.931861992052197
1789799507942849500,2.961849609375,-2.085548967960477,-5.980225917726755,-1.9538333898603915
1789799507952821800,2.97182177734375,-0.4659282800206914,-7.521302097794413,0.5982160685181618
1789799507962792700,2.981792724609375,0.3052414224475622,-6.047834057575464,1.226685236480832
1789799507972763600,2.991763671875,1.8110586576074361,-4.398507346147299,-0.43931963802576063
1789799507982735600,3.001735595703125,0.4709609769582748,-3.617561551606655,-0.3519973284035921
1789799507992706600,3.01170654296875,-1.1971551175486295,-2.780902637672424,0.19127602057158946
1789799508002677800,3.021677734375,-1.8585949002861974,-1.491861190521717,0.31094167991578575
1789799508012649700,3.031649658203125,-0.9618032969504594,-0.614756284430623,-0.0059200376987457275
1789799508022620700,3.04162060546875,0.8308651329636574,-0.17532500272393226,0.4868652330547571
1789799508032591600,3.051591552734375,2.0020026697456834,1.4363222586512565,1.415789173710346
1789799508042563600,3.0615634765625,0.892856601974368,2.3137381303876636,1.9400275673478842
1789799508052534500,3.071534423828125,-1.662481376555562,3.147044811284542,2.8770003744244574
1789799508062505700,3.081505615234375,-2.4014286888003347,3.474181839197874,3.5749563355892895
1789799508072477700,3.091477783203125,-0.8424830900430679,2.4733465085417032,4.068856874108314
1789799508082448600,3.10144873046875,0.024078210201859473,-0.14775310518741608,3.977649247485399
1789799508092419600,3.111419677734375,0.277072728061676,-1.8238176014155147,3.869676364022493
1789799508102391800,3.121391845703125,0.6587228519290685,-2.0100392612069844,3.9021524002134798
1789799508112362500,3.131362548828125,0.9419242920041083,-2.054846955704689,3.1685061169862747
1789799508122333700,3.141333740234375,0.6870885301917791,-1.719936371180415,1.9892238521933554
1789799508132305700,3.1513056640625,0.35938802317678925,-1.250945232990384,0.43505262823104857
1789799508142276900,3.16127685546875,0.6149772337049245,-0.6829752496540547,-1.1584387987285851
1789799508152247600,3.17124755859375,0.27218729410767556,0.21189912188351154,-1.3629571627110242
1789799508162219800,3.1812197265625,-0.21956629551053045,1.0517518634229899,-0.4287123192936182
1789799508172190700,3.191190673828125,-0.37820612089335914,1.6354022309720515,0.955267173179984
1789799508182161700,3.20116162109375,-0.09440554588139057,1.410854639917612,2.317071074202657
1789799508192133600,3.211133544921875,0.4880687636256218,0.23890754031836986,3.2475621180444953
1789799508202104600,3.2211044921875,0.6356453432023524,-1.0712661267101764,3.9278322003930803
1789799508212075800,3.23107568359375,0.8877765222311019,-1.7162784331947565,3.8408150111973285
1789799508222047500,3.241047607421875,0.8246762151956558,-1.4243401444345711,3.204672824388742
1789799508232018700,3.251018798828125,-0.04825812721252441,-0.6506266392350196,3.287918093830347
1789799508241990700,3.26099072265625,-0.9585270517587661,-0.23560616068542004,3.717190385094285
1789799508251961600,3.270961669921875,-0.6134720898389816,-0.578659135133028,3.484515017163753
1789799508261932500,3.2809326171875,0.6422644690811634,-1.2405395743101835,3.284430251714587
1789799508271904800,3.29090478515625,1.2235586288928986,-1.5051228231549263,3.482068208533525
1789799508281875700,3.300875732421875,1.3757716360986232,-1.0923094992607831,3.640345045822859
1789799508291846700,3.3108466796875,1.6202093380153177,-0.6290373232394456,2.7459225097060203
1789799508301818600,3.320818603515625,1.6232944445490836,-0.20487141520380972,0.7036468662828207
1789799508311789800,3.330789794921875,1.2833715848207472,0.00265431390106678,-1.2799211521059275
1789799508321760800,3.3407607421875,0.8127683352589606,0.24674714790284633,-1.6806752048939466
1789799508331732700,3.350732666015625,1.3427274446308612,0.08465455171763897,-0.9676204587966203
1789799508341703700,3.36070361328125,2.3859622395992277,-1.0312614485800267,-1.043571479576826
1789799508351674600,3.370674560546875,2.027118406301737,-1.6807511927396057,-1.1268640952914952
1789799508361646600,3.380646484375,0.20426585052609442,-1.156204756066203,-0.583521188211441
1789799508371617500,3.390617431640625,-0.8172071944892406,-0.449856229609251,-0.3345394131243229
1789799508381588700,3.400588623046875,-1.0308896926581859,0.19289748429358006,-0.3811152863383293
1789799508391560400,3.410560546875,-1.0402642547249794,0.9420148928970098,-0.20585691910982132
1789799508401531600,3.42053173828125,-0.9768377844750881,1.3388982417315245,0.40320729115903375
1789799508411502600,3.430502685546875,-0.7685480852603912,1.5589210488379002,0.7720522939890623
1789799508421474800,3.440474853515625,0.09375848014950752,1.5523773262828588,0.9208078542172908
1789799508431445500,3.450445556640625,0.8625356979906559,1.2227286078095436,0.9061030370384454
1789799508441416700,3.460416748046875,1.520090090662241,0.7507213366687298,0.6137684424370526
1789799508451388700,3.470388671875,1.614429585570097,0.16640110703408717,0.21346154889464378
1789799508461359600,3.480359619140625,1.3137982872664928,-0.3543237255245447,0.47656069666147227
1789799508471330600,3.49033056640625,0.6087830552399158,-0.5294809704661368,1.417145264494419
1789799508481302800,3.500302734375,0.23725045729372649,-0.6078349607348442,2.018788969373703
1789799508491273700,3.510273681640625,0.2355331319818273,-0.613777210265398,1.9657909541577099
1789799508501245700,3.52024560546875,-0.09117251877691596,-0.5442991848915815,1.069377536484599
1789799508511216400,3.53021630859375,-1.1672913827478886,-0.2505810269773006,0.5377706599056721
1789799508521187600,3.5401875,-1.5652350542902946,0.04210018910467624,0.7733820812880993
1789799508531159300,3.5501591796875,-0.9793032247405499,0.20446867962181567,1.7581775467693805
1789799508541130500,3.560130615234375,-0.26067922714352604,0.1085948147535324,2.6641882293492554
1789799508551101400,3.570101318359375,0.13441548470854758,-0.22960662800967693,2.78174960989058
1789799508561073700,3.58007373046875,0.3668809362154454,-0.8803969333738088,2.039969704568386
1789799508571044400,3.59004443359375,0.8155401380598545,-1.1810323233306408,0.584146042111516
1789799508581015600,3.600015625,0.06931026759147643,-1.3861404698997735,-0.2587725167393684
1789799508590987500,3.609987548828125,-0.7408685626309365,-1.8369944783747194,0.39957857926785945
1789799508600958500,3.61995849609375,0.037025881515070795,-2.597538705399632,1.1886755315601825
1789799508610929400,3.629929443359375,0.26918168255090713,-3.1274574827611445,1.5662275724589825
1789799508620901600,3.639901611328125,-0.6187210964083671,-3.275446150270104,1.2235545372396708
1789799508630872600,3.64987255859375,-0.8397136253297328,-2.866545615905523,-0.015181787040829658
1789799508640843300,3.65984326171875,-0.1777333059746772,-2.1413000812768934,-1.2228536954939364
1789799508650815500,3.6698154296875,0.23584877380225805,-1.2692273241341114,-1.575812562406063
1789799508660786400,3.679786376953125,0.058846156722307204,-0.44705987688899035,-1.0614584339231252
1789799508670757600,3.689757568359375,-0.3373251713853329,-0.02623421919196844,-0.05578267749845981
1789799508680729300,3.699729248046875,0.07818908203057945,-0.20625293269008396,0.356240372800827
1789799508690700500,3.709700439453125,0.1531120749372989,-0.829910900978744,0.4220663054078817
1789799508700671500,3.71967138671875,-0.014296309443190693,-1.5652245328962802,0.22863047645390033
1789799508710643500,3.7296435546875,0.033037177205085755,-2.0310914015859365,0.06191080498993396
1789799508720614400,3.739614501953125,0.31655140955634414,-1.835069063270092,0.20506196933984755
1789799508730585600,3.749585693359375,0.4318366618592292,-1.4334610240012406,0.42505438130795953
1789799508740557300,3.759557373046875,0.23040435425862668,-1.6238786741778253,0.15573182898163795
1789799508750528500,3.769528564453125,1.116335175557807,-1.8222291631802916,-1.7994032911270856
1789799508760500500,3.77950048828125,1.5053506405614316,-1.1753387878641486,-3.0825960122495886
1789799508770471700,3.7894716796875,1.6317371325932442,-0.8312056169643998,-3.6088328862279653
1789799508780442400,3.7994423828125,1.4599743523955344,-0.6203311619535088,-4.685049913343787
1789799508790414600,3.80941455078125,1.7138719565749168,-0.1518593714624643,-5.01488918595314
1789799508800385500,3.819385498046875,3.0059833126902578,0.6106695996388792,-4.305801005399227
1789799508810356500,3.8293564453125,2.935616229522228,1.1409618864879012,-3.766102007779479
1789799508820328400,3.839328369140625,2.2393958599783477,1.078704752278328,-3.5041847632735967
1789799508830299400,3.84929931640625,0.43689621027112,1.028366311660409,-1.8272697876960038
1789799508840270600,3.8592705078125,-1.4889270367659628,0.21998218283504245,-0.5852659860521554
1789799508850242300,3.8692421875,-1.4825076712429524,-1.0782631459906697,-1.1203449226558209
1789799508860213500,3.879213623046875,-0.6408230381011962,-1.7336653290644286,-1.7585685919135807
1789799508870184400,3.889184326171875,-0.3991898722112179,-1.441888076084852,-2.5121523322761057
1789799508880156400,3.899156494140625,-0.06775777745246887,-0.955203752554953,-3.0308465357899665
1789799508890127400,3.90912744140625,0.4512348244860768,-0.1810150310590863,-3.174838827139139
1789799508900098600,3.9190986328125,0.28411972396373747,1.1457315851077436,-3.083548782929778
1789799508910070500,3.929070556640625,0.3088416388966143,2.0057146760061384,-2.8583301607459783
1789799508920041500,3.93904150390625,0.0928301132582128,1.5338231401994824,-3.2791233774781223
1789799508930012400,3.949012451171875,0.08363587619438767,0.6550909251675009,-3.831735048162937
1789799508939984600,3.958984619140625,-0.09864493701681494,0.8556216808184981,-3.5673727485924958
1789799508949955600,3.96895556640625,-0.05432188423089683,1.297792324361205,-2.968113893023133
1789799508959926500,3.978926513671875,0.09202245013713836,0.9568141103610396,-4.190005465486646
1789799508969898500,3.9888984375,-0.11062303264550864,0.953430313141644,-5.188225060686468
1789799508979869700,3.99886962890625,-0.09417465973496436,1.5006015463382005,-4.456781840461492
1789799508989841400,4.00884130859375,-0.5036731599926948,1.8594842503413558,-3.564432603487372
1789799508999812600,4.0188125,-0.005374094253778458,1.7037050750866531,-3.33578751398623
1789799509009783600,4.028783447265625,0.40052850040383636,1.244516661247611,-3.283969648465514
1789799509019755500,4.038755615234375,-0.07002097314409911,0.9304372678279876,-2.420039281246066
1789799509029726500,4.0487265625,-0.9201134422123431,0.5660086201354861,-1.61802322614789
1789799509039697400,4.058697509765625,-0.8791841235179454,-0.15299392845034598,-2.2694354628026483
1789799509049669600,4.068669677734375,-0.06942249579429625,-1.068157931561768,-3.0655080993264914
1789799509059640300,4.078640380859375,-0.4387175804793834,-1.352722476683557,-1.0160480973571537
1789799509069611500,4.088611572265625,-1.86966808296442,-1.0832406421422958,2.7855799818336964
1789799509079583500,4.09858349609375,-1.238804128819704,-1.0626613799721003,4.75815314347744
1789799509089554400,4.108554443359375,-0.6971358769536018,-1.643079341471195,4.484180134996771
1789799509099525400,4.118525390625,-0.9458545441251247,-3.053253597909212,2.340404018995166
1789799509109497600,4.12849755859375,-0.27631405518148094,-3.373648165825009,0.9732131642371415
1789799509119468500,4.138468505859375,-0.42349432891700417,-2.393861468416452,0.04115151007771492
1789799509129439500,4.148439453125,-0.3136989062020555,-0.7701742251574992,-1.2165320912569761
1789799509139411500,4.158411376953125,-0.06332123804343864,0.5250315898418426,-2.6276895135134457
1789799509149382700,4.168382568359375,-0.4330723046014085,1.347436937496066,-2.89532864279747
1789799509159354400,4.178354248046875,-0.3281014890313148,1.8637147275179624,-1.4511398885548115
1789799509169325600,4.18832568359375,0.3497358132123947,1.374852767688036,0.5306956069529056
1789799509179296500,4.198296630859375,1.1486509796857833,-0.0865787977784872,1.173829260084033
1789799509189268500,4.2082685546875,1.864438950139284,-1.8080892864078282,1.0938234109550713
1789799509199239400,4.218239501953125,1.4338918166339396,-2.975158550837636,1.161981001380086
1789799509209210400,4.22821044921875,-0.08566577458679675,-3.4004473254233596,1.6388754600405693
1789799509219182600,4.2381826171875,-1.0152414571493864,-2.5156255613446232,1.8179431564241646
1789799509229153300,4.2481533203125,-0.5779945337444543,-0.38456221192181106,1.0704974804252385
1789799509239124500,4.25812451171875,-0.22897826697826384,1.3667711680412291,-0.010839958444237708
1789799509249096400,4.268096435546875,-0.3803098151743412,2.1206325563013553,-0.5194453141421079
1789799509259067600,4.278067626953125,-0.23536241505742073,1.7393109337359667,-0.7572785032272339
1789799509269038300,4.288038330078125,0.02026537391543388,0.6678700349807739,-0.203168118417263
1789799509279010600,4.298010498046875,0.5736661491513252,-0.05853460655510425,1.8508569995105266
1789799509288981500,4.3079814453125,0.9431821831107139,-0.24055004682838915,2.970588758704066
1789799509298952700,4.31795263671875,0.361052156996727,0.10262392365038395,2.6160019983291622
1789799509308924400,4.32792431640625,-0.6608651246547699,0.1498778422564268,2.3805823001265525
1789799509318895600,4.3378955078125,-1.329848089313507,-0.15746084473133087,2.4585154346346854
1789799509328866600,4.347866455078125,-2.013034935891628,-1.17073889285326,3.552188623464107
1789799509338838500,4.357838623046875,-0.2590600832427852,-3.2621067762255667,5.043306886664032
1789799509348809500,4.3678095703125,3.1275977680146694,-5.1693362358212465,5.822158923795819
1789799509358780400,4.377780517578125,3.650736675977707,-4.1810576043993235,5.162945658001304
1789799509368752400,4.38775244140625,1.4522925657212733,-1.7591846779853104,3.2008623261898754
1789799509378723300,4.397723388671875,-0.6326900005280971,-0.18186638719141482,1.8300889367699622
1789799509388695600,4.407695556640625,-1.7512766813397407,0.8212082468241453,1.3464847513377665
1789799509398666500,4.41766650390625,-0.9933107803702353,1.438645148640871,0.07397066061794758
1789799509408637400,4.427637451171875,-0.3683843995809555,1.742290241807699,-0.5719231048762798
1789799509418609400,4.437609375,-0.7976420777976513,1.9190321255922316,0.05462181702554226
1789799509428580600,4.44758056640625,-1.0763958908140658,1.538057124507427,1.1121855815976858
1789799509438551600,4.457551513671875,-0.4320096072733402,1.0096662873655557,2.098848009994626
1789799509448523500,4.4675234375,1.0363678318083285,0.5481739804983139,2.1585750412046907
1789799509458494500,4.477494384765625,2.3298563214957713,0.23223288486003874,1.3625064963340758
1789799509468465700,4.487465576171875,2.737068172121048,-0.02812777785360813,0.30538404578864575
1789799509478437400,4.497437255859375,1.3351660694658756,-0.49412850205600256,0.7498749489724635
1789799509488408600,4.50740869140625,-0.034174675068724895,-0.8710895913243293,2.814239674606919
1789799509498379500,4.517379638671875,-0.470115758305788,-1.287042382287979,4.337601334285736
1789799509508351500,4.5273515625,1.1339116757154464,-1.7983949908673762,3.3482682253748175
1789799509518322000,4.537322021484375,2.55608382846117,-1.7242735236018896,1.707213667729497
1789799509528292900,4.54729296875,1.3585925377607344,-0.8352168984323739,0.9319470878690481
1789799509538265000,4.55726513671875,-0.5635644418537616,0.13087971179783345,0.8332733631491661
1789799509548235800,4.56723583984375,-0.4041898724555969,0.33605741647183895,-0.14229776239097117
1789799509558207000,4.57720703125,0.33236849882602687,0.07684417022764682,-1.0941536658227442
1789799509568179000,4.587178955078125,-0.3053682636976242,-0.08324936109483241,-1.5442577327132223
1789799509578150100,4.597150146484375,-1.2570540712594984,-0.023562661895155906,-1.3766665391117334
1789799509588121900,4.607121826171875,-1.0209329467892647,0.022551439025998113,-0.9724299049049615
1789799509598093000,4.617093017578125,-0.21757307586669922,-0.015113397979736327,-0.45523850716948505
1789799509608064000,4.62706396484375,0.3385410865137353,-0.06653086600601672,0.49127603523433205
1789799509618036000,4.637035888671875,1.0756827741086483,-0.1854705491632223,1.1489420715868472
1789799509628007000,4.6470068359375,1.9552397495269773,-0.2451934887200594,1.4692109672963618
1789799509637978000,4.65697802734375,1.3588883058369159,-0.2305664129525423,1.443040753251314
1789799509647949800,4.66694970703125,-0.11099840529654174,-0.42663083684444425,0.551299419042468
1789799509657921000,4.676921142578125,-0.9264975902915,-0.5169096581846475,-0.17945523439645766
1789799509667892000,4.68689208984375,-0.7093056226968765,-0.16337445268929005,0.3810749543279409
1789799509677864200,4.6968642578125,-0.4435048147559166,0.48090778595507144,1.498802972483635
1789799509687835000,4.7068349609375,-0.49934415434505786,1.0081821862876414,2.3565689718544482
1789799509697805800,4.716805908203125,-0.6036790100991726,1.0992232241719961,2.4597610507816077
1789799509707778000,4.726778076171875,-0.4640986899733543,1.1430004065781831,2.393404956820607
1789799509717749000,4.7367490234375,-0.10416406576447189,1.0209481443583965,2.08641990557611
1789799509727720000,4.746719970703125,0.08652677533030509,0.555419129320979,1.8204513398528097
1789799509737692000,4.75669189453125,0.26514146724939347,0.021698621588945387,2.1693080321431157
1789799509747663000,4.7666630859375,0.7267441756885499,-0.6409206532567739,2.052407161337137
1789799509757634000,4.776634033203125,1.0003787459950892,-1.2654571579456328,0.6645242316842078
1789799509767606000,4.78660595703125,0.2018483410555869,-1.3779928192794322,-0.0004278700232505798
1789799509777577000,4.796576904296875,-0.2130032837331295,-1.2337865929186342,0.6963011796951294
1789799509787549000,4.806548828125,-0.1403928055524826,-1.4172715212225913,1.6567273430734872
1789799509797520000,4.816519775390625,0.014503157126903534,-1.6949626734435557,1.8409335713893173
1789799509807491000,4.826490966796875,-0.2446878772854805,-1.932372084158659,1.3066191894173622
1789799509817463000,4.836463134765625,-0.5261595709584653,-2.2835250706925985,0.21284721638858317
1789799509827434000,4.84643408203125,-0.13650105881094932,-2.5453815249219534,-1.2089350602567195
1789799509837405000,4.856405029296875,0.873576147443056,-2.566075353382528,-1.9980565624684095
1789799509847377200,4.866377197265625,1.725520308792591,-2.4385467055782675,-1.8939701650500296
1789799509857347800,4.876347900390625,1.500792684996128,-1.908529728539288,-0.7746510783106089
1789799509867319000,4.886319091796875,1.0733845071036368,-0.9735369893640279,1.166122923490405
1789799509877291000,4.896291015625,1.0847755966246126,-0.8338529166027903,2.0395757368147374
1789799509887262200,4.90626220703125,1.1263865409076212,-1.8957725382968782,1.3553367508351801
1789799509897233000,4.91623291015625,1.297236444044113,-2.4272648485854265,0.5641647458344697
1789799509907205000,4.926205078125,1.6684522676587104,-1.8308809639304875,-0.7346931619316339
1789799509917176000,4.936176025390625,1.0679178391955793,-0.5092395619481802,-2.0072230347424744
1789799509927147000,4.94614697265625,0.7781294219456613,0.12028086863309144,-2.7277508931994436
1789799509937119000,4.956118896484375,1.1824516886092722,-1.0384694802626966,-3.9024031601041553
1789799509947090000,4.96608984375,1.2650165745712816,-1.5521017242118715,-5.117207989177108
1789799509957061000,4.97606103515625,0.9389971525110303,-0.39124534294754265,-5.520337538924813
1789799509967032800,4.98603271484375,0.6241767314657568,1.438303787857294,-5.066016731122136
1789799509977004000,4.996004150390625,2.106000950489193,1.9962588653966784,-5.298457705774903
1789799509986976000,5.00597607421875,3.1025895834863184,1.122114562676847,-5.9949307349056005
1789799509996947000,5.015947021484375,2.4594798957526685,0.48974634144902224,-5.417638796472549
1789799510006918000,5.02591796875,0.8156067735552788,0.9179851980119943,-4.1230034748375415
1789799510016890000,5.03589013671875,-0.044433015966415405,0.47588469709604975,-5.1468169454991815
1789799510026861000,5.045861083984375,0.07900880091562866,-0.5717658684879541,-6.348242653039097
1789799510036832000,5.05583203125,0.4507131386995315,-0.6771843912929296,-5.900256308954954
1789799510046804000,5.065803955078125,0.6223427940368652,0.42813831879794595,-4.860961191523074
1789799510056775200,5.075775146484375,0.2842940576173365,0.9202510971173643,-5.684819660595059
1789799510066746000,5.08574609375,-0.2147579453807324,1.2023016135916114,-6.57843672554791
1789799510076718000,5.095718017578125,0.08704831498637795,1.7045006093785167,-6.158572898620367
1789799510086689000,5.10568896484375,-0.1852255614262074,2.299651152846217,-3.275723213645816
1789799510096660000,5.115659912109375,-0.7955974932927637,2.2467992681026456,-0.11629004543125629
1789799510106632000,5.1256318359375,-0.8748562503814696,0.9788447403833269,1.4762731607675552
1789799510116603000,5.135602783203125,-1.2296586993336678,-0.16607348251491785,2.4443530537694693
1789799510126574000,5.145573974609375,-1.8888614437341689,-1.1841010632514952,2.709363588115573
1789799510136545800,5.1555458984375,-1.9212895491302013,-2.143864086546004,2.330973927348852
1789799510146517000,5.16551708984375,-1.3609306253194808,-2.802223658120632,1.5414602109491824
1789799510156488000,5.175488037109375,-1.3372563197433949,-2.851291932672262,1.2500029837042093
1789799510166460200,5.185460205078125,-1.5455553713083265,-2.577624921400845,0.5934025307565927
1789799510176430800,5.195430908203125,-1.0999427706182003,-2.3453590110540388,-1.670116401478648
1789799510186403000,5.205403076171875,-0.07713818473815917,-1.897441932813823,-4.033158368739485
1789799510196374000,5.2153740234375,0.36821722632050513,-0.8608747790411114,-4.683074229356646
1789799510206345000,5.225344970703125,-0.23454759154319763,0.5018260708212852,-3.43692616751492
1789799510216317000,5.23531689453125,-1.1255167723357677,1.585560633960366,-1.8909417571395635
1789799510226288000,5.2452880859375,-1.0212824908792972,1.628088693088293,-2.4579630614489316
1789799510236259000,5.255259033203125,-0.4731166936874389,1.0973211899429558,-3.3963451508015394
1789799510246231000,5.26523095703125,-0.38872050064504143,0.8733855933070183,-2.6187936748743055
1789799510256202000,5.275201904296875,-1.4337182136327027,0.9064198479026555,-0.1018897641569376
1789799510266173000,5.2851728515625,-2.581556123369932,0.25810966891646386,1.5133043760448692
1789799510276145000,5.295144775390625,-1.2048895842581986,-0.9451286410033702,0.6994353860676288
1789799510286115800,5.30511572265625,-0.11585751749919727,-1.4068307912290094,0.4541185632288456
1789799510296087000,5.315087158203125,-0.4828998730877414,-1.3485399303019046,0.6531207941383123
1789799510306059000,5.32505908203125,-0.8020973036408424,-1.0706021098434924,0.7635188589215278
1789799510316030000,5.335030029296875,-0.6113321917334571,-0.7477174786776304,0.8681979615360498
1789799510326001000,5.3450009765625,-0.03725800977051258,-0.1949596775203943,0.983760861736536
1789799510335973000,5.35497314453125,0.06352287982907145,0.2792997564613819,1.0063748446047305
1789799510345943800,5.36494384765625,-0.20646482187509535,0.30688159087002276,1.3988544055223464
1789799510355915000,5.3749150390625,0.016797990065813062,-0.0039998832911252976,2.3351976825237273
1789799510365887000,5.384886962890625,0.8401175299555063,-0.7279869422912597,3.1812031014740465
1789799510375858200,5.394858154296875,0.6526257040977478,-1.5065525636970996,3.532767299157381
1789799510385830000,5.404829833984375,-0.09923895738720893,-1.9024153373122215,3.7628818766891956
1789799510395801000,5.414801025390625,-0.6377063673853873,-2.58454419927001,4.49941978970468
1789799510405772000,5.42477197265625,-0.7214554946959019,-3.2275024958342313,5.961307866767048
1789799510415744000,5.434743896484375,-0.4300105424106121,-3.579776303091645,6.4741819858253
1789799510425715000,5.44471484375,0.1396592123146169,-2.930694555211067,6.077898356449603
1789799510435686000,5.454685791015625,0.5963830078721046,-1.6926257549285888,5.610034760984778
1789799510445657900,5.464657958984375,0.4086129495948553,-0.7947253135681152,4.596818672183156
1789799510455628800,5.47462890625,0.9089169254153966,-0.16509119347929954,3.4858214235872027
1789799510465600000,5.48460009765625,1.009016883546114,-0.09082534930706024,2.3548317727982995
1789799510475572000,5.494572021484375,0.7513385917842388,-0.12588789485991,1.315244978943467
1789799510485543000,5.50454296875,0.8317606204986572,0.14068682006299496,0.6080997491508722
1789799510495513900,5.514513916015625,1.0537708020299672,0.5731377413630485,-0.172294841247797
1789799510505486000,5.524486083984375,0.3222030786424875,1.2109873166114091,0.07726970216333866
1789799510515457500,5.53445751953125,-0.321357275468111,1.6804150926530361,0.3816284965574741
1789799510525428500,5.544428466796875,-0.28435177915394305,2.013120860609412,0.2299947505444288
1789799510535400700,5.554400634765625,0.2840484122931957,2.357230650633573,-0.4760422257453203
1789799510545371600,5.56437158203125,0.45844519425630564,2.512989367622137,-1.0326561178088187
1789799510555342600,5.574342529296875,-0.40464053883254525,2.507270989975333,-0.6490875930994748
1789799510565314600,5.584314453125,0.15369011228727175,1.908192167147994,-1.0026847579151392
1789799510575285800,5.59428564453125,-0.060115153744816775,1.0096411529242992,-0.6550017855793238
1789799510585257500,5.604257568359375,-0.7794657851159572,0.2818102779775858,0.9644546882420778
1789799510595228700,5.614228759765625,-0.6918442002862691,-0.6936351753562688,2.7162521785855294
1789799510605199600,5.62419970703125,0.6036731648802757,-1.5568477496951818,4.053813034233451
1789799510615171600,5.634171630859375,1.7562234900921583,-1.8802777397841215,5.137784913259744
1789799510625142500,5.644142578125,1.3401649006664753,-1.7681459830760955,6.003163725721835
1789799510635113700,5.65411376953125,0.3319102336645126,-1.3727590102791785,6.1245946411728855
1789799510645085700,5.664085693359375,0.12878420082330702,-1.0364765528798103,4.458130332460999
1789799510655056600,5.674056640625,0.20758184320628642,-0.7598965767711401,1.9716513706237075
1789799510665027600,5.684027587890625,-0.20895137799382207,-0.688845602992177,0.2749889075249433
1789799510674999800,5.693999755859375,-1.1935434298574923,-0.5733107598423958,-0.20552666424214838
1789799510684970500,5.703970458984375,-1.90616679880023,-0.41130701098442074,0.14818682042956352
1789799510694941400,5.71394140625,-0.7098281852662562,-0.8036603151738643,0.1799240209519863
1789799510704913700,5.72391357421875,0.08875672633945941,-1.1804209134340287,0.40790976976156235
1789799510714884600,5.733884521484375,-0.10918167473077774,-1.3199369361519813,0.9564788870573043
1789799510724855600,5.74385546875,-0.6545616405963898,-1.1659715323209763,1.71039697394073
1789799510734827500,5.75382763671875,-0.7952467070937156,-0.4600158045738935,2.5722411825358864
1789799510744798700,5.763798828125,0.03167874833345413,-0.1619154860526323,2.2444085735738275
1789799510754769700,5.773769775390625,0.7728641218286008,-0.04050619791150093,0.7408511000394821
1789799510764741600,5.78374169921875,0.5802957964241504,0.621602789324522,-0.15194062000513076
1789799510774712600,5.793712646484375,0.5167454075336456,1.0476806684613227,-0.21668343355059622
1789799510784683800,5.803683837890625,0.675736530572176,0.6978367186993361,-0.5796241807729006
1789799510794655500,5.813655517578125,0.09241871944572776,0.1953039609134197,-0.14441139354407787
1789799510804626700,5.823626708984375,-0.19852003688309341,-0.6596592559963464,0.21579788288772106
1789799510814597600,5.83359765625,0.7538333312094211,-1.6086510021686553,-0.3669838851332664
1789799510824569600,5.843569580078125,0.6697732382535934,-1.7010171511769294,-0.8397475275993347
1789799510834540500,5.85354052734375,-0.13095281356666236,-1.0754320142179727,-0.2946048776209354
1789799510844511500,5.863511474609375,-0.11654084185454994,-0.546221092864871,1.1825620171159505
1789799510854483700,5.873483642578125,0.13914550890512764,-0.8451450027287006,1.8486808245152233
1789799510864454400,5.883454345703125,-0.13460362769179046,-1.5160948835462331,1.4353425999641418
1789799510874426600,5.893426513671875,-0.7108662230771035,-1.7520900435492395,0.8778875809013843
1789799510884397600,5.9033974609375,-0.7356301505208015,-1.5071160427987575,0.9877578224182129
1789799510894368800,5.91336865234375,-0.11264204431772232,-1.2697867115825414,1.146878124794364
1789799510904340500,5.923340576171875,0.5434335079729556,-1.3561600499168038,1.0859598379731177
1789799510914311700,5.933311767578125,0.728673244054988,-1.6534309318765996,1.4730571213304995
1789799510924282600,5.94328271484375,0.5793932215612382,-2.2880030928894874,1.624976114025712
1789799510934254600,5.953254638671875,0.13091763265542686,-3.0132354757755992,1.7701690133363008
1789799510944225500,5.9632255859375,-0.7437526666998863,-3.4185122666850685,1.686202443882823
1789799510954196700,5.97319677734375,-0.7169768879771232,-3.108257984511554,0.5416659137785435
1789799510964168400,5.98316845703125,0.4955027130186557,-2.4288395505562423,-1.9255957218915223
1789799510974139600,5.9931396484375,1.183932574816793,-1.8791484434932468,-4.30980556486547
1789799510984110600,6.003110595703125,1.8710346951425074,-2.100902896697819,-5.546308431005477
1789799510994082800,6.013082763671875,2.6156699898958204,-1.6384361918404697,-5.832781440097094
1789799511004053500,6.023053466796875,2.6420260819017884,0.471039010630548,-4.832834582713246
1789799511014024400,6.0330244140625,2.4875088894069193,2.4450375289022923,-3.2454099084466694
1789799511023996700,6.04299658203125,2.6845968111276624,2.126418153965473,-4.807863807585835
1789799511033967600,6.052967529296875,1.8752866534985602,1.7266539889976382,-7.21277916945815
1789799511043938600,6.0629384765625,1.3783224896252155,3.147051825547218,-6.812889624544978
1789799511053910800,6.072910888671875,1.4387493396677076,3.127789783455431,-6.328903746318817
1789799511063881700,6.0828818359375,0.7012834981523454,0.6704585901692509,-7.370441089719534
1789799511073852400,6.092852294921875,-0.009966025153920054,-1.1324427722066641,-7.533585825306177
1789799511083824600,6.10282470703125,0.6614953853823244,-0.5614572404414415,-5.5368187181264155
1789799511093795600,6.112795654296875,1.0316298435010016,0.6215861304506659,-3.822141290387511
1789799511103766800,6.122766845703125,-0.0978547364871949,0.7327659932613373,-2.8209154991090295
1789799511113738500,6.132738525390625,-0.32743155388049777,0.06575052928328513,-3.2494916248023507
1789799511123709700,6.142709716796875,-0.09205861742906273,-0.19254940150827168,-4.320467828655243
1789799511133681400,6.152681396484375,-0.8302350914318114,0.09425707732141017,-3.4076574029326436
1789799511143652600,6.162652587890625,-1.0591010571420192,0.5844412256658077,-1.1853823352336883
1789799511153623600,6.17262353515625,-1.1621055045425892,0.6104147480949759,1.1163953082472085
1789799511163595800,6.182595703125,-1.0699369239330292,-0.06317337227165698,2.4641233376443386
1789799511173566500,6.19256640625,-1.8132663967847824,-1.0668486025288701,1.8408610906749963
1789799511183537700,6.20253759765625,-2.3323300181329247,-1.5009972676575183,0.7419009013533592
1789799511193509600,6.212509521484375,-1.9073370116233825,-1.431843359671533,0.7236825230956078
1789799511203480800,6.222480712890625,-1.5098223791480063,-1.3890341455146669,0.6610334669589996
1789799511213451500,6.232451416015625,-1.0899696581363678,-1.3983911719247697,-0.6186462776064873
1789799511223423700,6.242423828125,-0.7244669514715671,-1.1257242776066063,-1.7617998289197683
1789799511233394700,6.252394775390625,-0.5603448952853679,-0.4931926825106144,-2.04102535110116
1789799511243365600,6.26236572265625,-0.9000187486886978,0.1837079234048724,-2.029277630162239
1789799511253337600,6.272337646484375,-1.1153390771925449,0.6681944446295499,-2.858312040567398
1789799511263308500,6.28230859375,0.10764904006971046,0.8157187094971537,-5.308460628873109
1789799511273279700,6.29227978515625,1.2963549850344658,0.9580828151226043,-7.716102200838923
1789799511283251500,6.30225146484375,1.0339864896297455,1.8039637309104204,-7.501255335065722
1789799511293222700,6.31222265625,0.15638766254186628,3.2323055122017856,-5.317210337039828
1789799511303193600,6.322193603515625,-0.7505950799405574,3.823614870071411,-3.1991631210565563
1789799511313165600,6.33216552734375,-0.7061521271020174,2.7425591707527635,-2.607067581245303
1789799511323136500,6.342136474609375,-0.21438100182712078,0.7328355513662099,-2.2867688749194146
1789799511333107700,6.352107666015625,-0.8822785093367099,-0.6373603304266929,0.14568565126359462
1789799511343079700,6.36207958984375,-2.128952640879154,-1.3904244308292866,3.698936935523152
1789799511353050600,6.372050537109375,-2.174432535549998,-2.9650130043983456,5.705636238652468
1789799511363021600,6.382021484375,-0.8378150982320308,-5.008050864365696,6.504342146289348
1789799511372993800,6.391993896484375,-0.10407470698058605,-5.7174628700464964,7.099850124892592
1789799511382964700,6.40196484375,-0.18328735990524292,-4.067090448957681,7.043863449254632
1789799511392936700,6.411936767578125,-0.6304904446572065,-1.5440736083179711,6.257956232914328
1789799511402907600,6.42190771484375,-0.8312801435053349,-0.11606851163506507,4.950978731578588
1789799511412878600,6.431878662109375,-0.33563831427693364,0.4355126469582319,3.659704410809278
1789799511422850600,6.4418505859375,-0.20857319233119487,0.46050563391745086,2.6762375635832547
1789799511432821500,6.451821533203125,0.2559288177460432,0.38398879594802854,1.9972095902502536
1789799511442792700,6.461792724609375,0.9453618652373552,-0.20409049395918846,1.5006903936654328
1789799511452764400,6.471764404296875,1.0069038369148968,-0.6104267307937145,1.479870892998576
1789799511462735600,6.481735595703125,0.5928700313150882,-1.1663017871886492,1.6776052959293126
1789799511472706600,6.49170654296875,0.8334580720663071,-1.5726666655957697,1.9248434422194958
1789799511482678500,6.501678466796875,1.527259251639247,-1.9048411031544208,2.5710160246551035
1789799511492649500,6.5116494140625,1.8501672636806963,-1.6697072361558676,2.666871184822917
1789799511502620700,6.52162060546875,1.3806383653521537,-0.6164969906181097,2.4897388404160736
1789799511512592000,6.531591796875,0.20389526364803312,0.916430369785428,2.6461668349683283
1789799511522563000,6.54156298828125,-0.10592588780522345,2.2177561289697882,2.20042680850625
1789799511532533800,6.55153369140625,0.08423544952273368,2.9977205112576484,1.585076065313816
1789799511542506000,6.561506103515625,-0.16974983294010162,3.2408389472693204,1.4589789116173981
1789799511552477000,6.571476806640625,-0.43635961917638777,3.147889445415139,2.0059061069250106
1789799511562448100,6.5814482421875,-0.2609212192058563,2.1784856103330847,3.0617262427002188
1789799511572419800,6.591419921875,0.9561714285433291,0.44850773760974405,4.033185841268301
1789799511582391000,6.60139111328125,3.0599405283272265,-0.6402250722080469,3.3217554815024135
1789799511592362000,6.611362060546875,3.332700653886795,-1.007726259213686,2.1926807244241235
1789799511602334000,6.621333984375,1.9365163443565367,-0.9028355596750974,1.7030869431883096
1789799511612305000,6.631304931640625,0.38739305143356323,-0.8081289850205182,1.7515525756716728
1789799511622275800,6.64127587890625,-0.11939794831871986,-0.836859989464283,1.9633920763224362
1789799511632247800,6.651247802734375,-0.0808323630809784,-0.8303074990808963,2.088486190456152
1789799511642218800,6.66121875,-0.029435353320837018,-0.3722130179584026,2.2568816861778496
1789799511652190000,6.67118994140625,-0.1663128442287445,0.15199790315032005,1.6963135035306214
1789799511662162000,6.681161865234375,-0.6344453197628259,0.7360276254057884,0.7401280464619397
1789799511672132900,6.6911328125,-1.2288573198229074,0.9771960963934659,-0.13834814798235892
1789799511682103800,6.701103759765625,-2.19197871363461,0.8636761001974343,0.05371054739952087
1789799511692076000,6.711075927734375,-2.0850544624418017,0.37284780873060225,1.2065800215631723
1789799511702047000,6.721046875,-1.004870869782567,-0.42949850123524663,2.4647972913831473
1789799511712018000,6.731017822265625,0.7409861245959997,-1.1349456949383019,3.2918910891145465
1789799511721990000,6.740989990234375,1.511182561585307,-1.4565017078489064,3.6724288678258654
1789799511731961000,6.750961181640625,0.9970271705448627,-1.6413474031120538,3.6611581167489287
1789799511741932800,6.760932861328125,-0.0019131584112532436,-2.1169471457868814,2.9510394241034983
1789799511751904000,6.770904052734375,-0.8084902195483445,-2.4515023410022256,2.285720827171206
1789799511761875000,6.780875,-0.6781997058153152,-2.5711627396494148,2.1642992640703915
1789799511771847000,6.790846923828125,-0.3247299667716026,-2.4658470926970244,2.4334943906247615
1789799511781817900,6.80081787109375,-0.09808567743254824,-2.33493114054203,2.4669658675938844
1789799511791788800,6.810788818359375,-0.5103215119659901,-2.119074220943451,2.0964321810245514
1789799511801761000,6.820760986328125,-0.7334113054275512,-1.965054456576705,1.8098855221748351
1789799511811731700,6.830731689453125,-0.4360188429147005,-1.2952934932827949,2.257138291287422
1789799511821703000,6.840702880859375,-0.09809797065854071,-0.8910334782004355,2.630772281959653
1789799511831675000,6.8506748046875,0.042051673787832256,-0.7638648958802223,2.8045769432485104
1789799511841646000,6.86064599609375,-0.14981646745800972,-1.0392752436876296,3.276836143323779
1789799511851616800,6.87061669921875,0.02037526403069496,-2.18865862930119,3.824204652658105
1789799511861589000,6.880589111328125,0.8822469451546668,-3.8429973236724733,3.640777007499337
1789799511871560000,6.890559814453125,0.9900210911750793,-4.967217334195971,1.9745605360686778
1789799511881531000,6.90053076171875,1.2239619489967821,-4.303590635873377,0.41996962538957594
1789799511891502800,6.9105029296875,1.680430290222168,-2.3540900145202874,-0.8919792346179485
1789799511901474000,6.92047412109375,1.5503846911609171,-1.3514356517434118,-2.130730171945691
1789799511911445000,6.930445068359375,1.4809236169219016,-1.5462193881750106,-2.7999270716160534
1789799511921417000,6.9404169921875,1.5511597671866415,-1.51671623031497,-3.1183003628373145
1789799511931388000,6.950387939453125,1.6336907508790492,-1.0351663470640777,-3.0692303347200154
1789799511941358800,6.96035888671875,1.98708917825222,-0.18112316760867833,-2.25126735342741
1789799511951330800,6.970330810546875,2.7033295686483383,0.495304560098052,-0.3656424073964357
1789799511961301800,6.9803017578125,3.94001188300848,-0.07631722374409437,1.6898182962924242
1789799511971273000,6.99027294921875,4.103259494447708,-2.025196498328447,2.5566017148554323
1789799511981245000,7.000244873046875,0.7820246758185326,-4.310450877031684,1.4176812710672617
1789799511991215900,7.0102158203125,-2.220356666857004,-5.448325026637315,-1.769377570697665
1789799512001186800,7.020186767578125,-1.500447817081213,-5.378387567058205,-4.142720567220449
1789799512011159000,7.030158935546875,-0.6121335347115993,-4.2675908094704145,-6.108511521378159
1789799512021129700,7.040129638671875,-0.7826289253219961,-1.9050597143411636,-6.752737645921111
1789799512031101000,7.050100830078125,-0.16550839597806333,0.44055911669284104,-6.477392764565348
1789799512041073000,7.060072998046875,0.7791691402569413,2.365519463290274,-5.881368653133511
1789799512051044000,7.070044189453125,1.4879728047810494,2.645796832612157,-6.495338171100616
1789799512061014800,7.080014892578125,1.9638617396607994,1.4078639336690306,-9.55160907100439
1789799512070987000,7.089987060546875,1.5379693000935017,2.0499407712236044,-9.586097616061569
1789799512080958000,7.0999580078125,1.0136077184677124,3.6259660995975134,-5.575296040558815
1789799512090929000,7.109928955078125,1.0284101508021355,2.7404502157747745,-5.884618594840169
1789799512100900900,7.11990087890625,-0.0490296961069107,0.7823249739393592,-7.921845138180255
1789799512110871800,7.129871826171875,0.6158792240459472,-0.269290111361444,-8.82539381456077
1789799512120843000,7.139843017578125,0.5343314061719924,-0.17489508687406777,-7.557500953900814
1789799512130814700,7.149814697265625,-1.5944693320810794,1.1191630193948745,-3.6337229973345995
1789799512140786000,7.159785888671875,-2.629595639395714,1.2459668600559235,-0.7472662277787924
1789799512150756900,7.1697568359375,-1.1577624338369816,-1.1744181658878923,-1.3204589141994714
1789799512160728800,7.179728759765625,0.4912251818299293,-1.7046625219419598,-2.928800119766593
1789799512170699800,7.18969970703125,0.29133040426122025,-0.833810538765788,-3.0741724672973154
1789799512180671000,7.1996708984375,-1.449766262114048,-0.5847881394073366,-1.0347907917499541
1789799512190643000,7.209642822265625,-2.4975591587781905,-0.430148781837523,1.4485457804083823
1789799512200614000,7.21961376953125,-1.8333558296114205,-0.7917334382757544,2.0901146684408185
1789799512210585900,7.2295859375,-0.2986410012692213,-1.5569234452798961,-0.9844505975663661
1789799512220557000,7.23955712890625,0.06419047689232975,-1.8114380123138427,-3.2344606444090602
1789799512230528000,7.249528076171875,-0.4334650667786598,-1.0094207881718873,-2.509668114244938
1789799512240500000,7.2595,-1.4795657725721596,0.06936930430233477,-0.02290682833492756
1789799512250471000,7.269470947265625,-1.8292600847303866,0.15244740048348904,0.921568317195773
1789799512260442000,7.279442138671875,-1.0269424163371323,-0.8870949697077274,-0.7249030048012733
1789799512270413800,7.289413818359375,-0.9835364783961326,-1.7107734060376882,-1.537096755042672
1789799512280385000,7.299385009765625,-1.1767033542156218,-2.0349439853608606,-0.24392390717566012
1789799512290356000,7.30935595703125,-0.5251197795819491,-2.063147751060128,3.1049919684529304
1789799512300328000,7.319327880859375,-0.24935177744328973,-2.2843659054309127,5.386399608600139
1789799512310299000,7.329298828125,0.20241649633236228,-3.47372298951447,4.9093625265985725
1789799512320269800,7.339269775390625,0.49741943336017425,-4.735673600643873,4.445924346360564
1789799512330241800,7.34924169921875,0.5107604879051446,-5.025272632801532,4.4230414834231135
1789799512340212700,7.359212646484375,-0.47051323319077487,-3.3414515310972925,3.7561546142607924
1789799512350184000,7.369183837890625,-0.9699187988668679,-0.8064233501464128,2.3479542882442472
1789799512360156000,7.379156005859375,-0.7790045242797583,0.9843599966734647,2.4357588284254073
1789799512370126800,7.389126953125,-0.17126085855755954,1.22105687520504,3.6504812399119135
1789799512380097800,7.399097900390625,0.8296884903997183,0.5082470437794924,3.9890433326810597
1789799512390070000,7.409070068359375,1.4269009348332882,0.27979309293627735,3.2250615324229
1789799512400041000,7.419041015625,1.9415134219914674,0.37485154976844787,2.210056222116947
1789799512410012000,7.429011962890625,2.6552356920868156,0.05396598346531391,1.4605787480294703
1789799512419984000,7.43898388671875,2.9875404780268666,-0.4312076432406902,1.083449316456914
1789799512429955000,7.448955078125,2.4060943425238133,-0.44143093109130854,0.6123685125112533
1789799512439926000,7.458926025390625,0.38598844533264637,0.10441372967660427,-0.023159341791272162
1789799512449898000,7.46889794921875,-1.419261818256974,1.102872978851199,-0.07080489006340503
1789799512459869000,7.478868896484375,-2.3381267217129467,1.9155431144326924,1.5756600021928548
1789799512469840000,7.48883984375,-1.414748724746704,2.3115485113888976,3.001318243488669
1789799512479811800,7.498811767578125,0.10700433069169521,1.6172463965564965,2.39399590845108
1789799512489782800,7.50878271484375,0.10368599992394446,0.4283621906816959,2.0615467456042764
1789799512499754000,7.51875390625,-0.37617545531596985,-0.3571767768681049,2.4527117167919874
1789799512509725700,7.5287255859375,-1.3238280983716249,-0.6506365761071443,3.426702295142412
1789799512519698200,7.5386982421875,-2.7721961841255425,-1.1120201619029044,5.2018403290629385
1789799512529669000,7.548669189453125,-1.192947217530012,-1.2324936304986476,5.220782929942011
1789799512539641000,7.55864111328125,1.1379086363971234,-1.183702419322729,2.741396556714177
1789799512549612000,7.568612060546875,2.5744384003192184,-0.8600105634272098,0.19917466486692428
1789799512559583200,7.578583251953125,2.2234704149633644,0.26075930664241315,-0.9376730643004179
1789799512569555000,7.588554931640625,-0.024046682552434504,1.7983973289549349,-0.41739480646550653
1789799512579526100,7.598526123046875,-0.551905568242073,2.4227613996863364,-0.8828782287955284
1789799512589497000,7.6084970703125,0.10241349577009677,1.9614181459009645,-2.0228367834597827
1789799512599469300,7.61846923828125,0.8457803780227899,0.7823287733316421,-3.0438620847076177
1789799512609440000,7.62843994140625,0.06990067123267799,-0.4399783941954374,-2.6578379835397
1789799512619411200,7.6384111328125,-1.298448742443323,-1.7855799329578876,-0.9286655819803475
1789799512629383200,7.648383056640625,-1.9419436301022768,-3.018516046527028,1.853409022080898
1789799512639354000,7.65835400390625,-0.26962124301195145,-3.4191239688426256,4.4066912371248
1789799512649325000,7.668324951171875,1.1282961739212274,-2.6943805385172364,5.959903260666132
1789799512659297300,7.67829736328125,1.5144588067770004,-1.7970774785280226,5.511108522808551
1789799512669268200,7.688268310546875,1.0988141319144518,-1.3454904796034097,1.9913532654374837
1789799512679239200,7.6982392578125,-0.9941208546441048,-0.20802666436433792,0.7446236043155193
1789799512689211100,7.708211181640625,-3.62922685495913,0.1819756927847862,2.5067332298368212
1789799512699182300,7.718182373046875,-3.474771037262678,-0.7551461673736571,4.997125565725565
1789799512709153300,7.7281533203125,-1.3005384081989526,-1.4105425052285194,7.091847435700893
1789799512719125200,7.738125244140625,0.8990139555603265,-1.1680530147701502,6.352411463156342
1789799512729096200,7.74809619140625,2.0808926665872334,-1.3416431565254925,0.17213059059679509
1789799512739067100,7.758067138671875,0.15449848779439926,-0.09175532363355159,-1.6073802515804767
1789799512749039000,7.7680390625,-0.8038549609631299,1.0036638320803641,-1.2138438750863074
1789799512759010000,7.778010009765625,0.33594694183468815,0.12410685666203498,-1.061800379228592
1789799512768981200,7.787981201171875,1.1216022292405365,-1.7538655287891625,-0.2894458874225616
1789799512778953000,7.797952880859375,2.237789447695017,-3.5230215656906365,1.0104144753843545
1789799512788924200,7.807924072265625,2.688494987609982,-5.0341252168208355,1.7996978901594876
1789799512798895000,7.81789501953125,2.450037529146671,-5.514977473196387,0.8707727804601192
1789799512808867300,7.827867431640625,1.155695637500286,-4.550084393537044,-0.08611936357319354
1789799512818838000,7.837838134765625,0.5195289007723332,-3.1922096486568448,0.37403672625422474
1789799512828809200,7.847809326171875,1.1107669469714163,-2.154048211430013,1.1416489919692276
1789799512838781200,7.85778125,2.2557108888328075,-1.2071537297978996,1.9114356791138647
1789799512848752400,7.86775244140625,2.1232862856805323,-0.12126491123437881,3.011083850699663
1789799512858723000,7.87772314453125,-0.24719430714845655,0.17322393879145384,2.520506903645396
1789799512868695300,7.8876953125,-2.0725614760935307,-0.6441723485291003,-0.23986790978312492
1789799512878666200,7.897666259765625,-2.5194202774524688,-1.092990759523213,-2.3945938743442294
1789799512888637200,7.90763720703125,-0.9334403951667248,-0.8590019709065556,-3.1831764473736284
1789799512898609200,7.917609130859375,1.0681074434835462,-0.7767977349504828,-3.9571073947161435
1789799512908580000,7.927580078125,1.9655156443476676,-0.5174722605034708,-4.90194377477467
1789799512918551300,7.93755126953125,1.7799100706279276,-0.285176247279346,-5.523749977716803
1789799512928523000,7.94752294921875,0.8596050513662398,-0.3708841074422002,-5.956858486142754
1789799512938494200,7.957494140625,0.23457805974669754,-1.0519336497306824,-7.404243990600109
1789799512948465200,7.967465087890625,1.2491339457847177,-1.142560553856194,-8.94619169280529
1789799512958437000,7.97743701171875,2.687179228836298,-0.21733985163271427,-9.206080646353959
1789799512968408000,7.987407958984375,3.384952234649658,1.5881731545463202,-6.889205971506238
1789799512978379300,7.997379150390625,1.359208623832464,3.2255402558505533,-0.9650269351720809
1789799512988351200,8.007351318359374,-0.6501788954675197,2.3369842736795543,4.440731453892588
1789799512998322200,8.017322265625,-0.7232067222774028,-2.1161080646142363,3.1131437107264994
1789799513008293000,8.027293212890624,-1.0185516776759176,-4.442909674714506,1.0676491052567958
1789799513018265300,8.037265380859376,-1.7644576499521731,-4.446040373955666,-1.2998621163725852
1789799513028236000,8.047236083984375,-1.4125322177410125,-3.8709026909470556,-3.495064468228817
1789799513038207000,8.05720703125,-0.616136340612173,-2.263410795685649,-3.231266816803813
1789799513048179200,8.06717919921875,0.4629121836025268,-0.2049807207971811,-1.6598510280519723
1789799513058150100,8.077150146484374,0.34859482648372647,1.080834165522456,-0.602997457575798
1789799513068121000,8.08712109375,-0.2674327930569649,1.2647393650650978,-1.7463631903350352
1789799513078093000,8.097093017578125,-0.3285831350684166,0.7989616359636187,-4.130660127070546
1789799513088064300,8.107064208984376,0.5458896689534187,0.5244239793375134,-6.703508627849817
1789799513098035200,8.11703515625,1.1423463265836238,0.9486921787038445,-8.234699958240986
1789799513108007200,8.127007080078124,1.3516975175499915,1.7122154215395449,-9.367694519111513
1789799513117978000,8.13697802734375,0.666034636247158,2.5198332421675325,-9.592032851329446
1789799513127949300,8.14694921875,0.23332243366241454,3.598609013855457,-8.000673175701499
1789799513137920300,8.156920166015626,0.14689495398811994,4.283109573380649,-6.818953454628586
1789799513147892200,8.166892333984375,0.6698609165370464,3.979405735763907,-7.165770165523886
1789799513157863200,8.17686328125,1.4921733252108096,3.1258047471180554,-7.455053555861115
1789799513167834000,8.186834228515625,0.966220528870821,2.2638085628315805,-4.899162035101652
1789799513177806000,8.19680615234375,0.431827236443758,1.0782435645073651,-0.8950281007945537
1789799513187777000,8.206777099609376,-0.12655834146738051,-0.5397241320610046,1.8859803353399036
1789799513197748200,8.216748291015625,-0.4973737675875425,-2.8755303018718954,3.7101352058857677
1789799513207720000,8.226719970703124,0.11539338885247706,-6.405187944576144,3.8458115043103693
1789799513217691100,8.236691162109375,0.364976052442193,-8.775272816085815,5.567648740676045
1789799513227662000,8.246662109375,0.22334638030482454,-8.717035146650671,6.590026625576615
1789799513237634300,8.25663427734375,0.5499737233966588,-7.008363681328296,5.265687070551515
1789799513247605000,8.26660498046875,1.3191191900283097,-5.429342093747854,2.9630472572833297
1789799513257576200,8.276576171875,1.0844704761981963,-4.327928666055202,2.4176848270744085
1789799513267548200,8.286548095703125,-0.182089638020657,-3.537192129862308,4.478651142442226
1789799513277519000,8.29651904296875,-0.4701555423269048,-3.5248721619933843,6.579192512351274
1789799513287490000,8.306489990234375,0.6159615685671568,-3.526509992328286,5.890699376058578
1789799513297462300,8.316462158203125,0.7092571073800324,-2.4725024589329956,4.283202804622054
1789799513307433200,8.32643310546875,0.5963502746462822,-0.8085960180103778,3.1272634214937685
1789799513317404200,8.336404052734375,0.8721779710829257,1.0099556257009505,2.5777374418646097
1789799513327376100,8.346376220703124,0.646655397516489,2.4357944842606782,2.037155231669545
1789799513337347300,8.356347412109375,-0.44067923594117164,3.453688501745462,1.2770447198867798
1789799513347318300,8.366318359375,-0.35972295421957967,4.220238691186904,-0.13559212727248668
1789799513357290200,8.376290283203126,0.6735819828867912,4.612182830053568,-1.6116384935468435
1789799513367261200,8.38626123046875,0.8788286611437797,4.415190185400843,-2.5872137107402087
1789799513377232100,8.396232177734374,0.5738508580684661,3.6000633043169974,-2.965364886575937
1789799513387204000,8.4062041015625,0.39900516329407687,2.065271903607249,-2.691080912449956
1789799513397175000,8.416175048828125,1.606482425957918,0.5010317055732012,-0.8358709784269333
1789799513407146200,8.426146240234376,1.4765876335442065,-0.7870406042844057,1.349048464345932
1789799513417118000,8.436117919921875,0.22076631895005702,-1.588800638794899,1.990690417614579
1789799513427089200,8.446089111328124,-0.9307885654836893,-1.4899872133433818,2.8419530264407395
1789799513437060000,8.45606005859375,-0.5939654253363609,-0.5217968457043171,3.13531754861176
1789799513447032300,8.4660322265625,-0.008939093258976936,0.03000175503194332,2.6545640764355656
1789799513457003000,8.4760029296875,-0.8738011883705854,0.30524551410079,3.27974355520308
1789799513466974200,8.48597412109375,-2.042788853642344,0.19623568880558012,4.866735098749399
1789799513476946200,8.4959462890625,-1.3728238922089337,-1.1117308235675096,6.317050811439752
1789799513486917400,8.50591748046875,1.6137807662725447,-1.6941706462830304,6.283907251250744
1789799513496888000,8.51588818359375,4.416289671075344,-1.644526617670059,3.7206133452802894
1789799513506860300,8.5258603515625,3.86501947812736,-1.6017366927355527,1.5075468354314565
1789799513516831000,8.5358310546875,-0.010122202096320688,-1.0402326905429362,1.3598054206818342
1789799513526802200,8.54580224609375,-2.2207214085161686,-0.814050776284933,0.9679460374891757
1789799513536774000,8.55577392578125,-1.897209000840783,-1.2080062549740076,-0.15634674600958823
1789799513546745000,8.5657451171875,-1.1199643989056347,-1.3254127372145652,-0.6595043576955795
1789799513556716000,8.575716064453125,0.20205805654982104,-1.2342238152921199,-1.3342150523513554
1789799513566688000,8.58568798828125,0.473567944586277,-1.4491028297692536,-1.649329049515724
1789799513576659000,8.595658935546876,-1.1079735168606042,-1.9552970326721668,-0.30598785690069197
1789799513586630100,8.605630126953125,-2.459784431657195,-2.927845010998845,1.8719968181729316
1789799513596601000,8.61560107421875,-1.6505553764402865,-3.7907542184770104,3.6210797888606785
1789799513606573000,8.625572998046875,0.9997311688065529,-3.1633383589595554,3.9733495044648643
1789799513616544000,8.6355439453125,2.091583571949601,-1.373188633868098,3.8702357514709234
1789799513626515000,8.645514892578126,0.3670341540157795,-0.04554302303493023,3.1830612965613603
1789799513636487000,8.65548681640625,-1.3461498202949762,0.0793722274005413,1.9139386018455027
1789799513646457900,8.665457763671874,-2.397361000970006,-0.8135463338941336,1.2030775664001703
1789799513656429000,8.675428955078125,-1.3052788807243108,-2.0229016653895378,1.2115350136220455
1789799513666401000,8.685401123046875,-0.569680878907442,-2.5704852787792682,1.3619944551587104
1789799513676372000,8.6953720703125,-0.4575491221994161,-2.407950199523568,0.581290652680397
1789799513686343000,8.705343017578125,-0.46649873685240745,-1.491885740441084,-1.5684470020741224
1789799513696315100,8.715315185546874,-0.6711877812266349,-0.12135843473672867,-3.318884309980273
1789799513706286000,8.7252861328125,-1.234527766674757,0.8057569951921701,-2.5256483581870794
1789799513716257000,8.735257080078124,-0.24862755482196808,0.5220768316894769,-0.7901280489057302
1789799513726229000,8.74522900390625,1.2397697589814662,-0.1383756205111742,1.3087035944759844
1789799513736200200,8.7552001953125,2.1790146026432513,-0.5116337636083365,2.610228675624728
1789799513746171000,8.7651708984375,2.513061848336458,-1.1203630428344011,1.4224486315995455
1789799513756143000,8.77514306640625,1.1139525912702084,-1.2927134136617182,0.22205051354169844
1789799513766114000,8.785114013671874,-0.7897895376663655,-1.2172642049238085,1.6766326515048742
1789799513776085000,8.7950849609375,0.2918985412716865,-1.934373194848001,4.254661769792437
1789799513786057000,8.805056884765625,2.5214064828336236,-3.2317227438777683,5.908316281291842
1789799513796028000,8.81502783203125,3.3369840302944183,-4.496866890351474,4.412074099206924
1789799513805999000,8.8249990234375,1.2651461923003195,-4.18913920404613,1.2898609468400477
1789799513815970800,8.834970703125,-1.6030466062903403,-1.6757392097964883,0.392328169748187
1789799513825942000,8.84494189453125,-1.7766507765710353,-1.846954731374979,-1.333099200063944
1789799513835913000,8.854912841796875,0.17642865311689673,-2.9865955983921886,-2.6145342638641593
1789799513845884200,8.86488427734375,1.4996914457559585,-2.800275154401362,-2.52165548915863
1789799513855855900,8.87485595703125,1.7090191097162664,-1.704277614277601,-2.80605052293241
1789799513865827000,8.8848271484375,1.5618518415927887,-0.056585226052999496,-1.9864654933959245
1789799513875798000,8.894798095703125,2.029802384688705,0.8575736916691065,-0.17710370283424853
1789799513885770000,8.90477001953125,1.9656746343016622,-0.11715104617476463,-0.48246202965974805
1789799513895741000,8.914740966796876,2.420180297151953,-1.6860805710688231,-2.34703600435555
1789799513905711900,8.9247119140625,1.7231274223066866,-0.9644050038814544,-3.9016684160888193
1789799513915684000,8.93468408203125,0.7712976762294769,0.2511655488669872,-6.611037264901399
1789799513925654800,8.94465478515625,1.7306022882319987,0.7154761280253529,-8.319728019446135
1789799513935626000,8.9546259765625,1.5108429543673991,0.7771949175745249,-9.086167734250425
1789799513945598000,8.964597900390626,0.5821485846839844,0.4333002316057682,-9.83984616715908
1789799513955569200,8.974569091796875,0.26900515694022176,1.570017904652655,-8.083316387596726
1789799513965539800,8.984539794921876,1.2585633067786692,2.932884758731723,-7.213412206664681
1789799513975512000,8.994511962890625,2.4833283888518807,2.383716214238107,-8.815349390408397
1789799513985483000,9.00448291015625,2.534045015132427,1.3239131463065743,-9.579424129647016
1789799513995454000,9.014453857421875,1.3691186079502105,0.5184627328455448,-7.7784543198555705
1789799514005426000,9.024426025390625,0.6682710169970989,0.7735197361931204,-4.232126697379351
1789799514015397000,9.034397216796876,0.36461993248090147,1.2513438769191503,-1.1250661059588194
1789799514025368000,9.0443681640625,1.081384200620651,0.30812633023411035,-3.5390140845924614
1789799514035340000,9.054340087890624,0.3896985518969595,0.20947890899926422,-6.240957167318463
1789799514045311000,9.06431103515625,-0.993118984125182,0.5943576395243406,-5.850398345330357
1789799514055282000,9.074281982421875,-1.1449041943728924,0.13758826952576636,-3.8818864417761563
1789799514065254000,9.08425390625,-0.856252087676525,0.003322130160033703,-0.7465045957565307
1789799514075224800,9.094224853515625,-0.796747832371667,0.28928192903250455,1.1252297720879316
1789799514085196000,9.104196044921874,-0.6644996817648411,-0.13302256904542445,0.5381406622618436
1789799514095167000,9.1141669921875,-0.06562427255511283,-1.131747191157937,-0.6320663156718015
1789799514105139000,9.124138916015625,-0.43685646278262136,-1.9515549235343932,-0.04855623337626457
1789799514115110000,9.13410986328125,-1.1091688641250133,-2.1485417229682207,2.375835982382297
1789799514125081000,9.1440810546875,-1.5770201846301555,-2.1538222937196494,4.027243591737747
1789799514135052800,9.154052734375,-1.589350673893094,-2.777396967639029,2.8760324061751366
1789799514145024000,9.16402392578125,-0.6389110670000314,-3.58880278237313,0.1470282980442047
1789799514154995000,9.173994873046874,0.5280827941060066,-3.6844513140529394,-1.8413608568906783
1789799514164967200,9.18396728515625,0.22359421758605166,-2.8331664933949705,-1.2954215035766363
1789799514174937900,9.193937744140625,-0.7604150476872921,-2.020903185048699,1.0749661502718926
1789799514184909000,9.203908935546876,-0.41907063072323797,-2.460990884837508,1.370316877824068
1789799514194881000,9.213881103515625,0.4761631852438673,-3.0688416276633737,-0.29260347467064857
1789799514204852200,9.223852294921874,0.4910877826532349,-2.3918238251090047,-1.5562649813711642
1789799514214823000,9.233822998046875,0.4530108942478895,-0.6115741472631693,-1.9517185896635054
1789799514224793900,9.2437939453125,0.5785773020684719,1.340944652867317,-0.9821440741896629
1789799514234766000,9.25376611328125,0.22721301087141035,2.2940257141798734,0.6727034464865923
1789799514244737000,9.263737060546875,-0.582182048562169,1.6823083590537309,1.7239005986362694
1789799514254708000,9.2737080078125,-0.709174105271697,0.5066676656335592,2.484375852078199
1789799514264680000,9.283679931640625,0.05956683567967266,-0.041269583499431606,2.2352572988688943
1789799514274651100,9.293651123046875,-0.048094461083412164,0.20081775589883327,2.048579712003469
1789799514284622000,9.3036220703125,-0.9741121589034795,-0.05993512100279331,2.6582529940813777
1789799514294594000,9.313593994140625,-1.4441554364949465,-1.2481623242735862,4.543073053470254
1789799514304565000,9.32356494140625,0.3764379421770572,-2.0913994475543496,5.162256506693363
1789799514314536200,9.3335361328125,0.4482628229379654,-1.194030921113491,4.401194393274188
1789799514324508000,9.3435078125,-1.5242553936481475,-0.08196692006886006,3.3347710304200646
1789799514334479000,9.35347900390625,-1.770582270312309,-0.1297404786348343,2.1821663446724413
1789799514344450000,9.363449951171875,-0.46049390694703907,-1.0860206282496452,1.3926964674144982
1789799514354422000,9.373422119140624,0.8819592873197049,-2.2851667004197833,1.6292103905946016
1789799514364393000,9.38339306640625,0.8327999004185199,-3.0731507230341433,2.038594909083843
1789799514374364000,9.393364013671874,0.6301181042134761,-3.010960516580939,2.357147648525238
1789799514384336000,9.4033359375,0.015756956580281256,-2.195550142380595,3.240449655690789
1789799514394306800,9.413306884765625,0.19404252614285797,-0.9659493107140064,3.087594258928299
1789799514404278000,9.423278076171876,0.20914602378308772,0.030882629519701003,2.5174282268524166
1789799514414249000,9.4332490234375,0.04197623393144458,0.2788321389496326,1.893570352077484
1789799514424221000,9.443220947265624,-0.3619797932356596,-0.3790899179905653,1.5214146172642706
1789799514434192000,9.45319189453125,-0.7560141823798417,-1.0464163476139305,1.4428531217247247
1789799514444163000,9.4631630859375,-0.9750520701020955,-1.2757061647593975,1.6317413703769446
1789799514454135000,9.473135009765626,-0.9790103792738168,-1.0944278065890074,1.855956952998042
1789799514464106000,9.48310595703125,-1.0191501550257205,-0.5653098242163658,2.1057897919565436
1789799514474077000,9.493076904296874,-0.5895704417804256,0.38494799636900423,2.0990034928172827
1789799514484049200,9.503049072265625,-0.019824096421338616,1.0983499484688044,1.5413403839617967
1789799514494020000,9.51302001953125,0.8105383842498064,1.537318873360753,0.39904257269501686
1789799514503990800,9.52299072265625,1.4625444951444864,1.6789210547029971,-1.074545294511318
1789799514513963000,9.532962890625,0.4415133121451363,2.1492022327035665,-0.4801543372392654
1789799514523933000,9.542932861328126,0.0718909317344427,2.0905852085620165,-0.1801373714417219
1789799514533904000,9.55290380859375,0.8620815244823694,0.9971458284884691,-0.8937544275969266
1789799514543875000,9.562875,0.1824609190184623,-0.43419045844376086,-1.0389397281229495
1789799514553846800,9.5728466796875,-1.390308110973239,-1.2173574361652135,0.7432482243090868
1789799514563818000,9.58281787109375,-1.9971897165060042,-1.5046955376535653,2.5276409933090207
1789799514573789000,9.592788818359375,-1.4126900386512278,-1.602799353531003,4.125366112315654
1789799514583761000,9.602760986328125,-0.49909343098700043,-1.2621142772585152,5.547772073817253
1789799514593731800,9.61273193359375,0.04690035592801869,-0.6684715080052613,5.695415288889408
1789799514603703000,9.622703125,0.7346639358371496,-0.43034021275639533,3.093241324904561
1789799514613674800,9.6326748046875,1.044735262659192,-0.3330927214473486,0.2028425397247076
1789799514623646000,9.64264599609375,-0.45410161209404465,-0.4555944810003042,-0.029292729979753494
1789799514633617000,9.652616943359375,-1.3240934713095425,-1.4010796803563832,0.49122050565481185
1789799514643589000,9.662589111328124,-0.8488596393376588,-2.846848397266865,1.6664491111427544
1789799514653559800,9.672559814453125,0.15759239868912844,-3.1063562425434585,2.3263129498004913
1789799514663530800,9.68253076171875,0.17815872831251472,-1.9113059152543543,2.3696324515670537
1789799514673502000,9.692501953125,0.2585620523264631,-0.7933060944199561,0.19251228436827658
1789799514683474000,9.702473876953125,0.535586886125803,-0.1672445721209049,-2.1823662511587143
1789799514693444900,9.71244482421875,-0.04140106439199298,-0.025301029995083806,-2.7320553123950955
1789799514703415800,9.722415771484375,-0.514743420061469,-0.1982628107190132,-2.782143577644229
1789799514713388000,9.732387939453124,-0.5036386732012034,-0.2753331909179687,-1.350688048246503
1789799514723359000,9.74235888671875,0.2845078282321803,-0.8487158469527959,1.1720768634587526
1789799514733330000,9.752329833984374,1.0685445927917956,-2.085600405886769,4.023100500583649
1789799514743302000,9.762302001953126,1.3665426199823618,-3.878636500069499,5.394333908730745
1789799514753273000,9.772273193359375,0.6494225241422653,-5.397804215189814,5.359545503944158
1789799514763244000,9.782244140625,-0.037799879828561096,-5.395342793512344,4.609145069792866
1789799514773216000,9.792216064453125,-0.22016952210068702,-3.7515517966404555,3.5781776357233523
1789799514783187000,9.80218701171875,0.24976152728796003,-3.075611267928779,1.5846704071223734
1789799514793158000,9.812157958984375,0.2628033614243381,-3.771692959654331,-0.27712358146607874
1789799514803128800,9.82212890625,-0.027556681701075284,-3.5105481608256697,-1.4740455478459595
1789799514813100800,9.832100830078126,0.08797522057294845,-2.556205409014225,-3.1759459115982054
1789799514823072000,9.842072021484375,0.7087785300828516,-0.8428665364027023,-3.4249142426818606
1789799514833043000,9.85204296875,1.6364368347167968,0.7060083347171544,-2.9463445442855356
1789799514843015000,9.862014892578125,1.9720260491549968,0.40182518915086984,-3.7899469937473533
1789799514852985900,9.87198583984375,1.708735178208351,-0.6200143510892987,-4.891995796734094
1789799514862957000,9.88195703125,1.838179888767004,-1.132491287523508,-6.551891832971572
1789799514872928800,9.8919287109375,1.6690366434179245,0.547770952655375,-6.952122738668322
1789799514882900000,9.90189990234375,2.2237552232541145,2.0819050585001704,-7.488962839725613
1789799514892871000,9.911870849609375,2.36853881111145,1.526005452185869,-8.29306680701375
1789799514902843000,9.9218427734375,2.0758920818209647,0.2314198149114847,-8.248142208138107
1789799514912813800,9.931813720703126,1.2506792755305767,0.18468436722159384,-7.168230418157577
1789799514922784800,9.94178466796875,-0.5210603481233119,1.5987831036269664,-4.82409831854999
1789799514932756000,9.951755859375,-0.902481923931837,2.655182792855799,-3.361945453071594
1789799514942727700,9.961727783203125,0.31536694901213047,1.2408172222077847,-4.07433033708334
1789799514952699000,9.971698974609374,0.8416213586471974,-0.6247738205760717,-5.442089347118139
1789799514962669800,9.981669921875,0.0830056154668331,-1.1886796232134103,-5.650876474460959
1789799514972642000,9.99164208984375,-0.888826323544979,0.35103111371994017,-4.029337349146604
1789799514982612700,10.00161279296875,-0.6290391498703509,1.9748183102220296,-2.396668927052617
1789799514992584000,10.011583984375,-0.45112106191329654,1.4975222850233316,-2.287698849245906
1789799515002556000,10.021555908203124,-0.3249520485570654,0.19993863497674463,-1.949625416776538
1789799515012527000,10.031527099609375,-0.4263328037459403,-0.33181875598877664,-0.8149719827830791
1789799515022497800,10.041497802734375,-1.4899708467304706,-0.48298429996818304,0.6406909361541271
1789799515032470000,10.051469970703126,-1.4770271940052508,-1.0861503921091555,0.15083879624307156
1789799515042441000,10.06144091796875,-0.3841699612012133,-1.6163590923279523,-1.9868524468868969
1789799515052412000,10.071411865234374,0.19217793784737586,-1.3413432967960834,-2.906149896541238
1789799515062382800,10.0813828125,0.0020551972304470837,-0.6949225848183035,-2.991547375580668
1789799515072354800,10.091354736328125,-0.8456441113572567,-0.15854104118347168,-2.827718164861202
1789799515082326000,10.101325927734376,-1.1628045927226542,0.10838906304836272,-2.3980852235913277
1789799515092297000,10.111296875,-0.4223299247801304,-0.21402765834480522,-2.5305992585927246
1789799515102269000,10.12126904296875,0.7944494192361832,-0.4964598676130175,-2.89890942389369
1789799515112239900,10.131239990234375,0.8526374043107032,-0.5056353999763726,-2.690872238135338
1789799515122211000,10.141211181640625,-0.5509446142554283,-0.6416662109270691,-2.0604086814850566
1789799515132182800,10.151182861328126,-1.1148562621116638,-1.1200859794586897,-1.5063403822511434
1789799515142154000,10.161154052734375,-0.45552959907054896,-1.703218460613489,-0.6381751539409161
1789799515152125000,10.171125,-0.2704752294927835,-2.241151617604494,-0.22606793248951434
1789799515162096000,10.18109619140625,0.1600695659250021,-2.406940730220079,-1.2192331669092178
1789799515172067800,10.19106787109375,0.6913736601650714,-2.0584972949057816,-2.3112895681917665
1789799515182039000,10.2010390625,0.5135679465413093,-1.2949860347688198,-2.2859406074017286
1789799515192010000,10.211010009765625,-0.4644651851981878,-0.47039632881283755,-0.6549427488684654
1789799515201982000,10.22098193359375,-1.4302952534466982,-0.032812136277556414,1.5302017348319292
1789799515211953000,10.230952880859375,-0.8884265105724334,-0.21452187160253525,2.4238971257179975
1789799515221923800,10.240923828125,0.6484189000576734,-0.4668009346693754,2.754664034566283
1789799515231895800,10.250895751953125,1.2843535815954208,-0.9822545488268136,4.026912752348184
1789799515241866800,10.26086669921875,1.6965210088014602,-2.6445781044721604,5.773897873973846
1789799515251838000,10.270837890625,0.8698580037027597,-4.795298925045133,7.099502334368228
1789799515261809000,10.280808837890625,0.3851279560457915,-5.4770121919393535,7.324747844558954
1789799515271780900,10.29078076171875,0.6268745922476053,-3.631258068525791,5.314252071756124
1789799515281751800,10.300751708984375,-0.07302139706909656,-1.3868945031374693,3.33403394831717
1789799515291723000,10.310722900390624,-0.8285153549671173,-0.28493805460929866,2.4343875400722026
1789799515301695000,10.320695068359376,-1.050433182039857,0.21593583005368708,2.382673719447851
1789799515311666000,10.330666015625,-1.2424608977615832,0.10484043065607547,3.375147464472055
1789799515321636900,10.340636962890626,0.09499474394619464,-0.5021370364665985,4.197716478255391
1789799515331607800,10.35060791015625,2.171137585657835,-0.8458551968246698,3.889251417586207
1789799515341580000,10.360580078125,3.4070442394703626,-1.044826448073983,2.776354472848773
1789799515351550700,10.37055078125,2.994647679683566,-1.5048475133448838,2.085361920955777
1789799515361522000,10.38052197265625,1.5386340476125477,-1.9087024547576903,2.1309178034722804
1789799515371494000,10.390493896484376,0.9046890785872935,-1.4026982214689254,2.217948436671495
1789799515381464800,10.40046484375,0.5665951878517865,0.24713234782814977,1.8425059352725743
1789799515391435800,10.410435791015624,0.38637072264850136,2.2228853085517883,0.5759264952987432
1789799515401408000,10.420407958984375,-0.3623135552346706,3.4605139638513323,-0.7255214289605617
1789799515411379000,10.43037890625,-1.0469126066982746,4.120308244404196,-1.672082148593664
1789799515421350000,10.440349853515626,-0.568338232126832,3.869817818319797,-3.4465357073813676
1789799515431321900,10.45032177734375,-1.1967962941735981,2.9761253500431772,-2.9327140783399344
1789799515441293000,10.46029296875,-2.5421160933852196,1.8731331287264823,-0.46386429669559
1789799515451264000,10.470263916015625,-2.118017989888787,0.25854981389939785,1.2958446974247693
1789799515461234700,10.480234619140624,-0.26746726158214734,-1.8881611865103243,2.109530732050538
1789799515471207000,10.49020703125,2.256013671171665,-3.248058377128839,3.5335026276946064
1789799515481177900,10.500177734375,3.5908857261270284,-3.3518530981242654,4.970023039266467
1789799515491149000,10.510149169921876,1.7461989396840334,-1.6992969032555818,6.694843090835214
1789799515501120800,10.520120849609375,0.28841068088961763,0.7303682844698429,6.373690982550382
1789799515511092000,10.530092041015624,-0.20652329233037306,1.6813778002053499,2.945221677735448
1789799515521063200,10.540063232421875,-0.25058630594061687,2.016492967391014,0.0960334393441677
1789799515531034000,10.5500341796875,-0.5820873560160398,2.0213088432401416,-1.5085054513305425
1789799515541006000,10.560006103515626,-2.1712889768272636,1.3599094655781983,-0.9875286898374557
1789799515550977000,10.56997705078125,-3.135761785247922,-0.28847850369513034,1.0628624555021524
1789799515560948000,10.579947998046874,-0.8428951779752969,-2.2809154727160927,1.9165970073997973
1789799515570920000,10.589919921875,2.121358532488346,-3.3684494281381365,1.99320678434968
1789799515580891000,10.599890869140625,2.41486626252234,-3.7340246155172583,2.116350933459401
1789799515590862000,10.609862060546876,1.4483084645211697,-3.676383158409595,2.110679317563772
1789799515600833800,10.619833740234375,0.4415408212065696,-2.9962510232269763,2.534279408410191
1789799515610805000,10.629804931640624,-0.3216711637228727,-1.9349691149145363,2.3772423420488833
1789799515620776000,10.63977587890625,-0.13695757040679454,-1.1368564969956874,1.2087836690872906
1789799515630747100,10.6497470703125,0.49780222213268277,-0.993690135076642,-0.5398176555633545
1789799515640718800,10.65971875,-0.7719283753484487,-1.239396834015846,-1.3119061899095772
1789799515650690000,10.66968994140625,-1.463513047915697,-1.3774533055752516,-0.22064766100645064
1789799515660661000,10.679660888671876,-0.48149873758554457,-1.725050353193283,1.3552373821139334
1789799515670633000,10.689633056640625,0.5253168365240096,-2.1081255414277313,2.724706118676066
1789799515680604000,10.69960400390625,0.8572855223774909,-2.536843121418357,2.9253000026911495
1789799515690574800,10.709574951171875,-0.02713233935876051,-2.5325036309093236,2.211382502284646
1789799515700546000,10.719546142578125,-1.0874433545291424,-1.9126386251628398,1.852090925219655
1789799515710517800,10.729517822265626,-1.0194225422263146,-1.43000270024091,1.9018629641264675
1789799515720489000,10.739489013671875,-0.06964110698103905,-1.646861782619357,1.4943465775966644
1789799515730460000,10.7494599609375,0.31480361604094503,-2.404154606632888,0.008661445361375808
1789799515740432100,10.75943212890625,-0.018878887993097303,-2.656205998423695,-0.9573287818849087
1789799515750402800,10.76940283203125,0.17418397946264594,-1.9517799644619225,-1.6363275291234254
1789799515760374000,10.7793740234375,0.7211983050644397,-0.867742618983984,-2.544843472522497
1789799515770345000,10.789344970703125,1.018675523251295,-0.004466916280984878,-3.0317285793215034
1789799515780317200,10.799317138671874,1.0950048758246005,-0.06694763011336326,-3.8337329439818855
1789799515790288000,10.809287841796875,0.6687796241063624,-0.5732584451332688,-4.3030823940902945
1789799515800258800,10.8192587890625,0.6463865905124694,-0.32478754217773675,-3.6021214058905837
1789799515810231000,10.82923095703125,1.575878028857708,0.12059826401919126,-3.8372687168926
1789799515820202000,10.839201904296875,2.3183622830569743,0.16684125201702116,-5.034437351509928
1789799515830173000,10.8491728515625,2.515529699754715,0.06799187846928835,-5.677761558777093
1789799515840145000,10.859144775390625,1.985998460406065,0.6843544290527701,-5.1741930282026525
1789799515850116000,10.8691162109375,0.4575963223420083,2.3836948791891337,-2.113698373124003
1789799515860087000,10.879087158203125,0.09990531234145164,1.8978075512558221,-0.5718979704350233
1789799515870058000,10.88905810546875,1.8326023808956144,-0.5215864178240299,-1.2511217586010694
1789799515880030000,10.899030029296876,2.368009234279394,-2.052039789329469,-1.7673931188821792
1789799515890001200,10.909001220703125,0.23539164115190506,-2.3419492026105524,-2.5845132196098564
1789799515899971800,10.918971923828124,-0.967846668767929,-0.8306625961288809,-1.5714759945064782
1789799515909944000,10.928944091796875,0.5989467939455062,-0.5430871787533164,-1.1430670420736073
1789799515919915000,10.9389150390625,2.1314939959250387,-1.432708744329214,-2.1913193729430436
1789799515929886200,10.94888623046875,1.567488970696926,-1.6810042907178402,-4.387409029027819
1789799515939857000,10.95885693359375,-0.011642433933541177,-0.7279609310671686,-6.447869148439168
1789799515949829000,10.9688291015625,-0.038549218624830246,1.1709902372658252,-6.3923144344776865
1789799515959800000,10.978800048828125,0.6853529385708272,2.209474038314819,-5.957504382830858
1789799515969771000,10.98877099609375,0.7566671663958578,1.8510951921805738,-6.283008841106295
1789799515979743000,10.998742919921876,0.37311091664619744,1.185120177166164,-6.121058283740282
1789799515989714000,11.0087138671875,0.20513810331597923,1.027786173684895,-5.53222379155159
1789799515999685000,11.01868505859375,-0.3536439265668392,1.2115864515483379,-5.574135180085897
1789799516009656000,11.028656005859375,-0.6313502032916992,1.3819427259489894,-5.889125258609652
1789799516019628000,11.0386279296875,-0.4137186752360314,1.3644193442180752,-6.015007308250666
1789799516029599000,11.048598876953125,-0.7594318818688393,1.400534029172361,-6.0347571338593955
1789799516039570200,11.058570068359375,-1.212921499544382,1.6616817506104706,-4.736595976185798
1789799516049542000,11.0685419921875,-0.7354980485737324,1.370854345701635,-2.5963164701282975
1789799516059513000,11.07851318359375,0.25731355010271073,0.12806260855048895,-0.9944359850078821
1789799516069484000,11.088484130859374,0.140218618029356,-0.2765945891559124,0.3108452338039875
1789799516079456000,11.0984560546875,-0.9331237304329871,-1.1317045210599899,0.29658173065185545
1789799516089427000,11.108427001953125,-1.655351378545165,-2.4266329804226756,0.5882523083865642
1789799516099398000,11.11839794921875,-1.5297475613236426,-3.3639123692303894,1.1437070935428142
1789799516109369000,11.128369140625,-1.378358729982376,-4.057403167679905,2.0486825878560544
1789799516119340800,11.1383408203125,-0.8405109131872653,-4.816032500994205,2.422851416057348
1789799516129312000,11.14831201171875,0.1766126679142937,-4.509270152589679,2.4499814150452615
1789799516139283000,11.158282958984374,0.6639186670064926,-3.349381155052781,2.51745979103446
1789799516149255000,11.1682548828125,0.10325929894447326,-2.5564748736053704,3.0047680916815995
1789799516159225900,11.178225830078125,-0.20963238252792507,-2.756040583616495,3.4764883625745773
1789799516169197000,11.188197021484376,-0.034788989308476445,-3.672206749507785,3.9587294429600237
1789799516179168000,11.19816796875,0.5611035681655631,-4.641295527291297,4.151272122466564
1789799516189140000,11.208139892578124,0.8380687807321548,-4.810014848139882,3.8743928711503743
1789799516199111000,11.21811083984375,0.7096306899327784,-4.093821804016828,3.3989573791265486
1789799516209081900,11.228081787109375,0.6675128921061754,-2.4861264951378104,2.624955120113492
1789799516219054000,11.23805419921875,-0.06600596534907817,-0.56757718462646,1.6703168924868106
1789799516229024800,11.248024658203125,-0.981785762271285,1.0998363876342774,0.8923451453208923
1789799516238996000,11.257995849609374,-1.1921551903694867,2.688484466215968,0.3014753479123115
1789799516248967000,11.267966796875,-0.48589262516293674,3.745045775747299,-0.9063181410938501
1789799516258939100,11.277939208984375,0.04474573517739772,3.9213703109025952,-1.7499544928252695
1789799516268909800,11.287909912109376,0.21559216771516948,3.2859704668939114,-1.723735178941488
1789799516278881000,11.297881103515625,-0.05804594625532627,2.3168349273592233,-0.9637380644053221
1789799516288853000,11.30785302734375,-0.3927642596105113,1.2911328664720059,1.0346242030113935
1789799516298824200,11.31782421875,-0.11199969129357486,-0.3064525518029928,3.1776649904757734
1789799516308795000,11.327794921875,1.7049293561846017,-1.5451315929383038,4.43662518761754
1789799516318765800,11.337765869140625,1.934667501619458,-1.4728127911806106,3.946429348835349
1789799516328738000,11.347738037109375,0.5722521907001733,-0.9285819953501224,3.052625236877799
1789799516338709000,11.357708984375,-1.4295517416030168,-0.7321107442229986,3.0136914028495547
1789799516348680000,11.367679931640625,-1.6967776139110327,-1.2143611769586802,3.325336847120523
1789799516358652000,11.37765185546875,-0.14555764096975327,-1.756494123727083,4.417341810476779
1789799516368623000,11.387623046875,0.36324469860494135,-2.025277162349224,4.412886584633589
1789799516378594000,11.397593994140625,-0.27090076142847536,-2.2463304815471172,4.048194025307893
1789799516388565000,11.40756494140625,-1.19834118552804,-1.9519442151129245,4.7625621920913455
1789799516398537000,11.417536865234375,-0.6209381879359483,-1.8731155930697916,4.327967244499922
1789799516408508200,11.427508056640624,0.19109306522011757,-1.4556816236376762,3.1710113778054714
1789799516418478800,11.437478759765625,0.24844638956878332,-0.6462994236856698,1.8445944319844245
1789799516428451000,11.447451171875,0.11433598875403403,0.03823766845762729,0.7490899360746145
1789799516438422000,11.457422119140626,0.2065115470936522,0.10474924524128436,-0.5680944864988327
1789799516448393200,11.467393310546875,0.31112638883292676,-0.3557230709284544,-1.7126082202494144
1789799516458364000,11.477364013671876,-0.019674422284960746,-1.2760878575533627,-2.2013380781322716
1789799516468336000,11.487336181640625,-1.3657868331789969,-2.033055395135283,-1.1451543697416782
1789799516478307000,11.49730712890625,-1.4559662857979536,-2.0852602141469716,-0.26385493457019327
1789799516488278000,11.507278076171875,-0.9524439324527978,-1.2207482476472853,0.14924538957178593
1789799516498250000,11.51725,-0.5329390019655227,0.06024316403865814,-0.002523380997776985
1789799516508221000,11.527220947265626,-0.6010872400403022,1.0865642336070538,-0.909181129309535
1789799516518193000,11.53719287109375,-1.337804016754031,1.8254963482826947,-1.6964397602587937
1789799516528163800,11.547163818359374,-1.7852058389484882,2.3691736018836496,-2.2381068430811166
1789799516538136000,11.557135986328126,-1.5282704745084046,2.7518337795764207,-2.45177414368093
1789799516548107000,11.56710693359375,-1.077241255597025,2.5986627409934995,-2.0998528031229973
1789799516558078000,11.577077880859376,-0.4926163439273834,1.653560987997055,-0.4613619584858417
1789799516568050000,11.5870498046875,-0.13011632620990277,-0.012450316250324249,2.9150755457967517
1789799516578021000,11.597021240234374,-0.32757015863358974,-2.432280923181772,6.86253248411417
1789799516587992000,11.606991943359375,-0.40437984206974503,-4.262213792607188,8.724616980081796
1789799516597963000,11.616962890625,-0.06454992132186889,-4.744878651362657,5.7822191275954244
1789799516607935000,11.62693505859375,0.7277122900683433,-3.1747891427785158,2.0785364588499067
1789799516617906200,11.63690625,0.14219956271350384,-1.7726742741554975,1.339016315153241
1789799516627877000,11.646877197265624,-0.5931015019834042,-2.10503225158751,1.3344500301510094
1789799516637847800,11.656847900390625,-0.5335627598870545,-2.865594014269113,2.321953001025319
1789799516647820000,11.666820068359375,0.02728898894190788,-3.384273020213842,4.127255287063122
1789799516657791000,11.676791015625,-0.09081248982548713,-3.415551371052861,5.4108641877710815
1789799516667762000,11.686761962890625,-0.6596217735301703,-3.5397418143451214,4.661403664818406
1789799516677734000,11.69673388671875,-0.6390916842639446,-3.6041257314503192,2.9297797784537076
1789799516687705000,11.706705078125,0.08839019458200782,-3.4896336753517385,1.78533268019855
1789799516697676000,11.716676025390624,0.3521095200737938,-2.990499620093405,0.9658499419927596
1789799516707647000,11.72664697265625,-0.175454182061553,-1.7355676555544137,0.4755453821390867
1789799516717619000,11.736618896484375,-0.6694412298202514,-0.6665913933470845,-0.38986090285181996
1789799516727590100,11.746590087890626,0.22936522046923635,-1.2257888721629977,-2.225142147567868
1789799516737561000,11.75656103515625,1.1806523841023444,-1.9192787938296794,-3.5175346587121483
1789799516747533000,11.766532958984374,1.5181939016520976,-1.5342591935291885,-5.4474611032843585
1789799516757504000,11.77650390625,2.0127695629537103,-0.2370744796723127,-6.294821443974971
1789799516767475000,11.786474853515625,2.2298856888331473,1.38077572799623,-5.1831362131148575
1789799516777446100,11.796446044921876,1.886533877569437,2.2326930013388395,-3.359688614055514
1789799516787417900,11.80641796875,1.6004314553558825,1.72198775075227,-3.1065023730158803
1789799516797389000,11.81638916015625,1.7336194440960884,-0.1771142242282629,-4.908066641569137
1789799516807360000,11.826360107421875,1.941213562262058,-1.131042257758975,-6.458232137021422
1789799516817331200,11.836331298828124,0.008901026270911097,0.7173226326748728,-4.729236261072755
1789799516827303000,11.846302978515626,-0.6278314545810222,1.5265435045853257,-2.7767952023535964
1789799516837274000,11.856274169921875,-0.5180675960481167,0.25517799937874075,-1.3468617679566144
1789799516847245000,11.8662451171875,-0.31707733312658964,-1.3504609614923595,-1.2087795774340628
1789799516857217000,11.876217041015625,-0.8112544235646725,-1.6679574698790907,-2.876439233410358
1789799516867188000,11.88618798828125,-1.5352701241374014,-0.4058256569638848,-3.075751260921359
1789799516877159000,11.896158935546875,-0.45835057477541263,0.020987842971086502,-2.206359705686569
1789799516887130000,11.906130126953125,1.2841045752704143,-1.3026903255358337,-2.0607839445382354
1789799516897101800,11.916101806640626,1.4293933361709117,-2.1874887087389827,-2.4488661472797393
1789799516907073000,11.926072998046875,0.05718260742425918,-1.8652485129565,-3.0588024642080067
1789799516917044000,11.9360439453125,-0.33380167343430217,-0.07320289111584424,-2.850508673340082
1789799516927016000,11.946015869140625,0.5409586422920226,-0.10994944423288107,-3.348013958352804
1789799516936987000,11.95598681640625,0.7160954289674758,-1.0842764149308204,-3.441611110460758
1789799516946958000,11.9659580078125,0.8631096254210918,-1.3796075609996914,-4.536456850200891
1789799516956929000,11.975928955078125,0.25583470972180367,-0.6868436155200004,-5.790947208452224
1789799516966901000,11.98590087890625,-0.5039069687485694,0.956914063604176,-5.401679010796546
1789799516976872000,11.995871826171875,-1.0370470462441443,2.0286630053952335,-4.856431731399893
1789799516986843000,12.0058427734375,-1.7582441822648047,1.790448708038032,-5.759367828840017
1789799516996814800,12.01581494140625,-1.206123509967327,0.9355869056761265,-6.917485725051164
1789799517006786000,12.0257861328125,0.3956897551357746,0.5536936207026243,-6.67808192564845
1789799517016757000,12.035757080078126,0.83039400832057,1.8458482314378022,-4.090518670818209
1789799517026728000,12.04572802734375,-0.012914428914024029,2.5913433578908442,-2.7367314875125883
1789799517036700000,12.055699951171874,-0.9579507131755352,1.9331798934102058,-2.3309394405573607
1789799517046670800,12.0656708984375,-0.8795897086441516,0.8006371679604053,-2.156332815235853
1789799517056642000,12.07564208984375,-0.5554705672472715,-0.011372165624797344,-2.8853368256151675
1789799517066613000,12.085613037109376,-1.2121247962087391,-0.22009148842841386,-2.784140304419398
1789799517076585000,12.0955849609375,-1.8478548950850961,-0.2867392588123679,-2.4844144305229188
1789799517086556000,12.105555908203126,-1.6093763938337564,-0.5234890365749597,-2.4611896222800014
1789799517096527000,12.115527099609375,-0.6015828415375203,-0.6534153931707143,-1.7849200077444314
1789799517106499000,12.1254990234375,0.211564848427847,-0.5295435143083334,0.40074470043778415
1789799517116470000,12.135469970703125,0.03150331870131194,-0.7325760236471891,3.4678222410380837
1789799517126441000,12.14544091796875,0.09012388650681823,-2.366815640580654,4.453919436767697
1789799517136412000,12.155411865234376,0.460561821084097,-4.785164484521746,3.203953277942538
1789799517146384100,12.165384033203125,0.943663244625926,-5.9153200225740665,2.742724590447545
1789799517156354800,12.175354736328124,0.7026199343878775,-5.673679257899522,4.086313620343804
1789799517166326000,12.185325927734375,-0.7363251470476389,-5.168348393827676,7.58984839527607
1789799517176297000,12.195296875,-0.8095347601652145,-5.828713752266764,10.145413168299198
1789799517186269000,12.20526904296875,0.42923195925354957,-6.189250945478677,8.437619070333241
1789799517196240000,12.215239990234375,0.7064981640607119,-3.1339386614739895,4.844803837448358
1789799517206211000,12.225211181640624,0.5826063749214634,0.6267226165562868,1.2309136678308248
1789799517216183000,12.23518310546875,0.2426390915295109,2.208475090405345,-0.5335784689128399
1789799517226154000,12.245154052734375,-0.5791495855310932,1.7574205909222362,-0.48793373906910414
1789799517236125000,12.255125,-0.3639911330580711,-0.06442424911558628,0.2373585573107004
1789799517246096000,12.265095947265625,0.6521785448521376,-1.7672744609385729,1.1852519868522882
1789799517256068000,12.275068115234374,1.7343869213372467,-1.760125758227706,0.8692828341633081
1789799517266038800,12.285038818359375,2.2787492345929143,-0.6652133829921484,-0.44780105064511294
1789799517276010000,12.295010009765624,1.610410413056612,0.8705787191927432,-0.4838233811408281
1789799517285981000,12.30498095703125,0.1485006721517071,2.307666701519489,-0.33143443284630775
1789799517295953200,12.314953125,-0.49182139415740966,3.1426141353607178,-1.0554378584593533
1789799517305923800,12.324923828125,-0.6919312940478325,3.64502355902791,-1.2817080355226993
1789799517315895000,12.33489501953125,-0.4539157341331243,3.5936715574532747,-1.9097405656337736
1789799517325867000,12.344866943359374,-0.821484725677967,2.8888614926099776,-2.0323715045243502
1789799517335838000,12.354837890625,-1.8665625181645153,2.4115280580103398,-0.542170356169343
1789799517345809000,12.364808837890624,-2.4143021988987923,1.4078355843573809,2.290195926758647
1789799517355779800,12.37477978515625,-1.0894605395704506,-0.9169915107995271,5.3682566336661575
1789799517365752000,12.384751953125,2.283192769998312,-2.519614338719845,6.858963977977633
1789799517375723000,12.394722900390626,3.7127842590898275,-3.230328659170866,7.093169039693475
1789799517385694000,12.40469384765625,2.4942431660979985,-3.486058154952526,7.616846876838803
1789799517395665000,12.414664794921874,1.4314607900947331,-3.28785613451004,7.3131357326984405
1789799517405637000,12.42463720703125,2.077944338175654,-2.281441542416811,5.340872367656231
1789799517415607800,12.43460791015625,2.166476608109474,-0.8713789296597242,2.658298002266884
1789799517425579000,12.4445791015625,0.6876707139939069,0.08431494449973106,0.25019231992065905
1789799517435551000,12.454551025390625,-1.9681267036288976,0.27259645943045613,-0.8172031028360128
1789799517445522200,12.464522216796874,-4.106217759731412,-0.12965747652649878,-0.46545127362608907
1789799517455492900,12.474492919921875,-3.738576287472248,-1.3901900375515222,0.5286766683459282
1789799517465463800,12.4844638671875,-1.1247294213503598,-2.685509834319353,1.3461755392581223
1789799517475436000,12.49443603515625,1.070841763818264,-2.1434967145383355,1.4564011700838804
1789799517485407000,12.504406982421875,1.493246507400274,-0.7634709281265735,1.009044940596819
1789799517495378000,12.5143779296875,0.9978910938978195,0.0954191068381071,0.37475861078798767
1789799517505348900,12.524348876953125,0.576437951952219,0.499540005710721,-0.16307400843799114
1789799517515321000,12.534321044921874,0.456495850286819,0.5208972665160894,-0.3754857560187578
1789799517525291500,12.54429150390625,0.3934662704000249,0.3557265780597925,-0.006033434945344925
1789799517535262500,12.554262451171875,-0.01766721064839512,0.22302549605369568,0.9312754722177982
1789799517545234400,12.564234375,-0.6241214941471814,0.15067863724529743,1.5726695882052182
1789799517555205600,12.57420556640625,-1.093361638662219,0.41545010213851924,1.8935785353839396
1789799517565176600,12.584176513671874,-1.1886252626776694,0.8560334764897822,1.7060370251655577
1789799517575147300,12.594147216796875,-0.12412152450820431,0.9741372933447361,0.2628425426572561
1789799517585119500,12.604119384765625,0.6797358293414115,1.0867758305311201,-1.2258745046198367
1789799517595090400,12.61409033203125,0.42523792118132114,1.5391852517545221,-0.44269349837303157
1789799517605061600,12.6240615234375,0.4088870903611183,1.1403700580745935,1.8842086494922636
1789799517615032300,12.6340322265625,1.2460171289384365,-0.7089461417347193,4.603986664116382
1789799517625004500,12.644004638671875,1.8993711473107338,-3.22884689618051,6.978382384562492
1789799517634975500,12.6539755859375,1.7258797897547482,-5.479913758599758,7.320214292782545
1789799517644946700,12.66394677734375,0.305431958317291,-6.344167366424203,4.542567442035675
1789799517654917400,12.67391748046875,-0.765784465765953,-4.694394664794206,0.45801907779872414
1789799517664889600,12.6838896484375,-0.12459727052748203,-2.726017201274633,-0.6487859798043966
1789799517674860500,12.693860595703125,0.8146727075755595,-2.2546569958657026,-0.6592763941586017
1789799517684831500,12.70383154296875,1.1801695690214633,-2.255344101347029,-0.13444412628114222
1789799517694803500,12.713803466796875,0.9153507578551768,-2.0366993045955897,0.3990589393079281
1789799517704774400,12.7237744140625,0.6364052216589451,-1.7250518144980072,0.9140747465699911
1789799517714745600,12.73374560546875,0.8065197962582111,-1.7891437629193065,1.0508920317232608
1789799517724716500,12.743716552734375,1.3907868344008922,-2.705791574847698,0.39949440811574455
1789799517734688500,12.7536884765625,1.775685146409273,-3.1529166259273884,-0.41018882060945033
1789799517744659500,12.763659423828125,1.574477514410019,-1.9056217321380973,-1.204528934252262
1789799517754630700,12.773630615234374,1.8737047911345959,-0.8676499722644686,-3.9819489905059333
1789799517764601300,12.783601318359375,1.5794705003917215,-1.2059484456613658,-6.729870565074682
1789799517774573600,12.793573486328125,0.19538243297711014,-0.5099444953471421,-7.896089934676885
1789799517784544500,12.80354443359375,0.5140227045714855,1.1161416257470846,-6.422965008807182
1789799517794515500,12.813515380859375,1.8702001440145075,2.0491130882278084,-5.597208012637496
1789799517804487400,12.8234873046875,2.0685284211851656,2.2397148627996444,-4.922300918626785
1789799517814458600,12.833458740234375,2.030018657787889,1.9044950661957263,-4.191133592733741
1789799517824429600,12.8434296875,1.2390624874949454,1.7536542241260409,-2.7374031031638384
1789799517834400500,12.853400390625,0.9762310507535934,0.7409571907624601,-1.1274176375210285
1789799517844372500,12.86337255859375,0.8699182094573974,-1.3443006852969526,-0.7887292880237102
1789799517854343400,12.873343505859374,-0.09425291260294616,-1.9466776728868482,-1.0566384664207695
1789799517864314600,12.883314697265625,-1.0352958186626433,-1.7745415293321012,-3.642677288162708
1789799517874285600,12.89328564453125,-0.5616415109671652,-2.251046696414053,-5.9014715299636125
1789799517884257500,12.903257568359376,0.3140836312033236,-1.7325106060713529,-5.373388735857605
1789799517894228500,12.913228515625,0.19398995570540428,1.499927300338447,-3.2508594060242175
1789799517904199700,12.92319970703125,0.34854660342782734,2.976341915403306,-3.454713168618083
1789799517914170600,12.933170654296875,0.8015117588378489,2.179663714201748,-4.667857371002436
1789799517924142600,12.943142578125,2.229896064096689,-0.4214864596933126,-5.210394806918502
1789799517934113500,12.953113525390625,1.7011901696562766,-1.2882955972194672,-3.5785949843525886
1789799517944084500,12.96308447265625,0.5701881708424538,0.21885317880511282,-1.8367378732651471
1789799517954055400,12.973055419921875,0.1475333980221301,0.5155731488838792,-1.5618711308151483
1789799517964027400,12.98302734375,-0.9018202451527119,0.29459026457369325,-1.9617840566039084
1789799517973998600,12.99299853515625,-1.0379377845387905,-0.006554828470945358,-4.171781242009997
1789799517983969500,13.002969482421875,-0.5036147078037262,0.00660831222385168,-5.045291338479519
1789799517993941500,13.01294140625,-0.540825298235938,0.4536521147608757,-4.468523131659627
1789799518003912400,13.022912353515625,-0.2284966209411621,0.4861012629449367,-5.153108739119768
1789799518013883600,13.032883544921875,0.720970341527462,-0.38850393528491256,-6.555602962449193
1789799518023854600,13.0428544921875,1.019800143367052,-0.27150895645469425,-4.348925861376523
1789799518033826600,13.05282666015625,0.7694751369774341,1.0312658324941992,0.3370160323709249
1789799518043797500,13.062797607421874,-0.6147545308649539,1.0720751050055026,1.7600556156009435
1789799518053768400,13.0727685546875,-1.5206453864574432,-0.7081193355217575,-1.4346008416861296
1789799518063739600,13.08273974609375,-0.7048503968536853,-2.065657688054442,-2.8926643920242783
1789799518073711400,13.09271142578125,-0.27025661830604075,-1.9946417855888603,-1.3500509193867445
1789799518083682600,13.1026826171875,-0.6871621799498796,-0.9151607882410288,0.17872867368757725
1789799518093653500,13.112653564453124,-1.0409574976861475,-0.4630483041375875,-0.278020238044858
1789799518103625500,13.12262548828125,-0.41396074036359787,-0.868995833915472,-1.313445236045122
1789799518113596400,13.132596435546875,-0.8345505434781313,-1.5273668036669492,-1.4874527264297008
1789799518123567600,13.142567626953126,-1.4928396801650523,-2.562674312767386,-0.5067869080990552
1789799518133538600,13.15253857421875,-0.42006311235930766,-3.2841736466050144,0.704215021559596
1789799518143510500,13.162510498046874,1.041878119662404,-3.237820476230979,1.534597923964262
1789799518153481500,13.1724814453125,1.1487209761820734,-3.3724393745571373,2.371418165940046
1789799518163452400,13.182452392578124,-0.01768649987075478,-4.296746761327982,4.4487481716096395
1789799518173423600,13.192423583984375,-0.9740426007986068,-5.031710556894541,6.3882485002130265
1789799518183395300,13.202395263671875,-1.1952449000131338,-3.6421594017684455,6.635960693755745
1789799518193366500,13.212366455078126,-0.4055634988963604,-0.8982797960668801,4.687668571409583
1789799518203337500,13.22233740234375,-0.1175883416134864,0.9826561153650283,2.246025361120701
1789799518213308700,13.23230859375,-1.2539005756646393,1.5566396599024532,1.254416123971343
1789799518223280400,13.2422802734375,-1.7245044097483158,0.9957160879462956,1.877369158861041
1789799518233251600,13.25225146484375,-0.7049082645207643,-0.6732084733992815,3.073949764457345
1789799518243222500,13.262222412109375,0.30972642237450926,-2.797704719391465,4.6053819178670645
1789799518253193500,13.272193359375,0.6451175204247236,-3.720252110752463,4.977814716055989
1789799518263165400,13.28216552734375,1.4158967257380484,-1.8702122728437185,3.574685117432475
1789799518273136400,13.292136474609375,1.6621207265496254,-0.2558896547794342,1.3542016093254088
1789799518283107600,13.302107666015624,0.5056628725051879,0.230283504357934,0.5548199943840504
1789799518293079300,13.312079345703125,-0.5826139737060293,0.49613984187841415,0.9762573542386292
1789799518303050500,13.322050537109375,-1.0059317770123481,0.707374362373352,1.4107733913749456
1789799518313021400,13.332021484375,0.10552256770133972,0.9575029694080353,1.833976007336378
1789799518322992600,13.34199267578125,0.7747253125905991,1.7144950569093227,1.578830448922515
1789799518332964400,13.35196435546875,0.8411673312693834,2.193274598664045,0.2421995676010847
1789799518342935600,13.361935546875,-0.28093119358811525,2.523783733358979,-0.09904372707605362
1789799518352906500,13.371906494140624,-1.326533850198984,2.6846727989733217,0.5785726258933543
1789799518362877700,13.381877685546876,-0.9495143087416886,1.6909861710280178,1.834822395032644
1789799518372849400,13.391849365234375,0.9156658151537179,-0.11390344255566597,2.3020874400824307
1789799518382820600,13.401820556640626,1.9950065272480249,-1.1185592082828282,2.020233907485008
1789799518392791600,13.41179150390625,1.772374998947978,-1.3134528348296879,1.933015058237314
1789799518402762500,13.421762451171874,1.0262637864232063,-0.8945359333634376,2.1755659234941005
1789799518412734500,13.431734375,0.47609428472612053,-0.36288404859900475,2.3252637330085038
1789799518422705400,13.441705322265625,0.14413604720141737,0.10436521435976027,2.265409860548377
1789799518432676600,13.451676513671876,0.0071211936494335526,0.07144611057639122,2.1473761863201855
1789799518442647600,13.4616474609375,-0.90679635306485,0.09870996507704258,2.7879999024569986
1789799518452619500,13.47161962890625,-0.7414952431619167,-0.12895780382454394,2.7360458433359858
1789799518462590500,13.481590576171875,-0.621319296208024,-1.0831441960304975,2.7656618139207363
1789799518472561700,13.491561767578125,-0.518570942460373,-2.0603350317269564,2.9682793127179146
1789799518482533400,13.501533447265626,-0.9572948065500706,-2.61637901494801,3.3535821138739585
1789799518492504600,13.511504638671875,-1.1905308040380478,-2.347055878099799,3.6175901931792493
1789799518502475500,13.5214755859375,-0.5222475486138836,-1.3533084598779677,2.9543104085981846
1789799518512446500,13.531446533203125,0.05308342847712338,-0.3893763342052698,1.616499377581477
1789799518522418400,13.54141845703125,-0.3584936681529507,-0.029451135411858557,0.39438568679988384
1789799518532389400,13.551389404296875,-1.3308014445155858,-0.015707856741547583,0.012497078001499176
1789799518542360600,13.561360595703125,-1.088872510549426,-0.11268354537189006,-0.42936815285384655
1789799518552331500,13.57133154296875,-0.29447683079447595,-0.1540443142861128,-0.8574293147623538
1789799518562303500,13.581303466796875,-0.31013734126295894,0.21493805118799209,-1.0819652153789996
1789799518572274400,13.5912744140625,-0.4922288059145212,0.9357681074619293,-1.3091823179036377
1789799518582245600,13.60124560546875,0.318569106054306,1.2494845127880572,-2.1602117024958134
1789799518592216600,13.611216552734374,0.318343480604887,0.6033487552314997,-1.8470190287828445
1789799518602188500,13.6211884765625,0.3874351370096206,-0.5685615194886923,1.1283785915076732
1789799518612159500,13.631159423828125,1.3142740880846977,-2.6365134559601544,4.0376521730273955
1789799518622130400,13.64113037109375,2.080009454011917,-4.815529812169075,4.7479865542501205
1789799518632101600,13.6511015625,1.1701847661018372,-5.242226699987054,3.245379513308406
1789799518642073300,13.6610732421875,-1.267579556927085,-3.22362536213994,1.1573375594884157
1789799518652044500,13.67104443359375,-2.063451702442765,-1.6825976973891257,-0.06739420483708382
1789799518662015500,13.681015380859375,-1.496551394164562,-1.4193436513215303,-0.43980303762853146
1789799518671987500,13.690987548828126,-0.7049567798376083,-0.9606696167454123,0.9174439307421445
1789799518681958400,13.70095849609375,0.1352841025029309,-0.6876175225019454,3.334542482361197
1789799518691929600,13.7109296875,-0.033892314463388175,-1.4668933380037545,5.092120894193649
1789799518701900500,13.720900634765625,-0.21226853971779344,-3.073910309229791,4.709297634893655
1789799518711872500,13.73087255859375,0.20000234786272048,-4.454896757367253,2.1651532505512234
1789799518721843500,13.740843505859376,0.3776923261523247,-4.246944327282906,-0.21305179904997348
1789799518731814400,13.750814453125,0.8586988963067531,-2.6386007836282253,-1.4763655152261257
1789799518741785600,13.76078564453125,1.6099252598881721,-1.6724729014769195,-3.0416239503920077
1789799518751757300,13.77075732421875,1.7448796737790107,-1.2019546998500823,-4.315587655398249
1789799518761728500,13.780728515625,1.496999137932062,-0.8996183511942625,-5.459872256568074
1789799518771699500,13.790699462890625,1.2826631442904473,-0.7156620059862733,-7.2604691413939
1789799518781670700,13.800670654296875,1.592907489591837,-0.20284896946549413,-9.330355845320224
1789799518791642400,13.810642333984376,2.5958792477548123,1.2980506830364464,-9.361268869978188
1789799518801613600,13.820613525390625,2.91532162951231,3.191654060600698,-6.597524872377514
1789799518811584500,13.83058447265625,2.5514929935395716,3.5209772003814575,-4.046521123659611
1789799518821555500,13.840555419921875,1.23853174161911,2.45400263338536,-2.0718004285931584
1789799518831527400,13.85052734375,1.224609672315791,0.5233011127874255,-1.1968483166217803
1789799518841498400,13.860498291015626,0.3616775223534554,-0.4639920147284865,0.02001812115609646
1789799518851469600,13.870469482421875,0.10557875486798583,-1.640910765260458,-0.02301262679696083
1789799518861441300,13.880441162109374,-0.11093392522558569,-4.057943265905976,-2.84689457449615
1789799518871412500,13.89041259765625,-1.8159914378345012,-4.184945259487629,-4.497489113903045
1789799518881383400,13.900383544921874,-1.5250760623812674,-1.1218030125096439,-4.240933688691258
1789799518891354600,13.910354736328125,-0.01229600247144699,0.4078831740155816,-4.301830348202586
1789799518901326300,13.920326416015625,0.5732091260988265,0.7759589460387826,-4.4535973652064795
1789799518911297500,13.930297607421876,0.7682196570236235,1.2757733847767114,-4.555933119565248
1789799518921268500,13.9402685546875,0.6671487349689006,1.715676667909324,-4.4155818150669335
1789799518931239700,13.95023974609375,0.16444931537918744,1.82463797788769,-4.40018258588314
1789799518941211400,13.96021142578125,-0.17825806050114332,1.680814613364637,-4.833801966440677
1789799518951182600,13.9701826171875,0.35261056493110954,1.436752174501121,-6.1806228178650136
1789799518961153500,13.980153564453126,0.398476682440564,1.5236585967987775,-6.814926683330535
1789799518971124500,13.99012451171875,-0.22753913755323738,1.9535949049293995,-6.305120719671249
1789799518981096400,14.000096435546874,-1.0936240889906883,2.2232725543037057,-5.115221199274063
1789799518991067400,14.0100673828125,-1.0234265171706676,1.9932623139292,-3.658050798383355
1789799519001038600,14.02003857421875,-0.8109516412258148,0.9645815294921397,-1.7193623706847427
1789799519011009500,14.030009521484375,-1.0899462772607802,-0.11866495786905289,0.5749596960932016
1789799519020981500,14.0399814453125,-1.4665245046913622,-0.5998889701664447,1.5980460215240715
1789799519030952400,14.049952392578126,-1.6691238833099602,-1.1257128794297575,0.9432897351384162
1789799519040923600,14.059923583984375,-1.1251268962353467,-1.7833660563006997,0.015303367593884468
1789799519050895400,14.069895263671874,-0.756314042109251,-2.0225199725955725,0.1279009882479906
1789799519060866600,14.079866455078125,-1.1580933462917804,-1.8054186058938502,1.2909469885110854
1789799519070837500,14.08983740234375,-1.8411434147477148,-1.3337614633649586,3.1069512858271597
1789799519080808400,14.099808349609376,-1.3032874146461486,-1.0872983931005,3.2511019826084375
1789799519090780400,14.109780517578125,0.5873656252125278,-0.8283271389186382,1.7769260863810776
1789799519100751400,14.11975146484375,1.412605867499113,-0.49819852797389025,0.3545715628057718
1789799519110722600,14.12972265625,0.3229126516839489,-0.7878554277986287,0.3375041081488132
1789799519120693500,14.139693603515624,-0.7907002958357333,-1.9830249975532293,0.6036416006982326
1789799519130665500,14.14966552734375,-1.6388807207375764,-3.3421997191160915,1.4888509027898311
1789799519140636400,14.159636474609375,-0.20911332708988337,-3.7394343656063076,2.1033079120129345
1789799519150607600,14.169607666015626,1.4493945061922073,-2.714555311539769,2.0403864686757327
1789799519160578600,14.17957861328125,1.5453636481285093,-1.7183634227752684,1.7652070070147514
1789799519170550500,14.189550537109374,0.9679583124488591,-1.899721275922656,1.290574648067355
1789799519180521500,14.199521484375,-0.2367968683073297,-1.6635662491828203,0.8104951296299695
1789799519190492400,14.209492431640625,-0.3812123535046354,-0.8085445800840854,0.7702695022255182
1789799519200463600,14.219463623046876,-0.1665437669077888,0.15381109005212784,1.0567974563747644
1789799519210435300,14.229435302734375,-0.8279688270002603,0.7547142056971788,1.330881524014473
1789799519220406500,14.239406494140624,-1.6985288414925337,0.936501682433486,1.9363602770119905
1789799519230377500,14.24937744140625,-1.5054302816689014,0.7824012540459633,3.2584611131995915
1789799519240348700,14.2593486328125,0.11080076383259146,0.17919044598042963,4.20433911126554
1789799519250320400,14.2693203125,1.6397475666999817,-0.8246984270274639,4.282760906073451
1789799519260291600,14.27929150390625,2.3975761050254105,-1.5763801331609486,4.157505463898182
1789799519270262500,14.289262451171876,1.809352438211441,-1.2966256186693905,2.862251133581996
1789799519280233500,14.2992333984375,0.7314063953459262,0.16883797879219054,0.926878114041686
1789799519290205400,14.309205322265624,0.1696048532451503,1.5011363838672638,-0.25046821425259114
1789799519300176400,14.31917626953125,-0.7597405094265938,2.0957453678041693,-0.14998013358712195
1789799519310147600,14.329147705078125,-2.0609739141523837,2.3234569758474826,0.9875526552349329
1789799519320119300,14.339119384765626,-3.0534003129035234,1.8579034108906982,3.239119868391752
1789799519330090500,14.349090576171875,-0.5590303055554628,1.2424100443571806,4.230601095247269
1789799519340061400,14.3590615234375,3.8404941086798905,1.406868785151839,1.9114479540735483
1789799519350032600,14.36903271484375,4.429638981992006,1.0847761811465024,0.47362931938469405
1789799519360004400,14.37900439453125,1.496691679418087,0.17254092496335505,2.0854034220099447
1789799519369975600,14.3889755859375,-0.3512082238525152,-1.5899463016986846,3.904045082092285
1789799519379946500,14.398946533203125,0.8784849622726439,-4.281700583365559,5.818264838966727
1789799519389917400,14.40891748046875,2.948178773975372,-5.015402980694175,6.657968527424335
1789799519399889400,14.418889404296875,3.1728204730540512,-3.933897784042358,4.970124746075272
1789799519409860400,14.4288603515625,2.106149857440591,-2.3892484216630456,2.4430548306524753
1789799519419831600,14.43883154296875,-0.6260673675179481,-0.5057008664280176,1.4565139828085898
1789799519429802500,14.448802490234375,-2.377787116450071,0.9869383227288723,0.043293782803416246
1789799519439774500,14.4587744140625,-2.320882741445303,1.224126784169674,-1.5819243232846258
1789799519449745400,14.468745361328125,-2.588400874698162,0.9282324512600898,-0.5457412003934383
1789799519459716600,14.478716552734374,-1.9464105463832615,0.31974808670580385,0.7973778739035129
1789799519469687600,14.4886875,-0.5088303966253995,-0.08809154042899608,1.3732260432690382
1789799519479659500,14.498659423828125,1.1657242795616387,0.2969283521324396,1.639168305507302
1789799519489630500,14.50863037109375,2.358215570017695,0.23843583115339279,1.2379431280761957
1789799519499601700,14.5186015625,2.0918284866213797,-0.9347194751918315,0.6583569412261248
1789799519509572600,14.528572509765626,1.46878543536067,-2.365791558229923,0.5354571222662925
1789799519519544600,14.538544677734375,1.2394845122992992,-2.4345249027162787,1.0312783997148274
1789799519529515500,14.548515625,1.0468880567789076,-1.8416829284518956,0.06564356177747249
1789799519539486700,14.55848681640625,0.36278994057476516,-0.6637924102783203,-2.1648194885522125
1789799519549458400,14.56845849609375,-1.1582774706870316,1.0039175145804882,-2.3791052133113144
1789799519559429600,14.5784296875,-2.2434335910618306,1.8225655555278062,-1.7442045509964226
1789799519569400600,14.588400634765625,-2.009690886160731,1.5411229418188332,-0.6028752925008535
1789799519579371800,14.598371826171874,-1.4926456188976764,0.8664473184764385,1.8375415908634662
1789799519589343500,14.608343505859375,-0.8007248462438583,-0.28625556694865223,4.907712421303987
1789799519599314700,14.618314697265625,1.391637898272276,-2.089280555704236,6.837935218474269
1789799519609285600,14.62828564453125,3.0242607276588678,-3.7536703962296247,6.196247087976336
1789799519619256600,14.638256591796875,0.5510796388119459,-4.219773411762714,4.233700230306387
1789799519629228500,14.648228515625,-2.2370880214273927,-3.2780963725179433,2.7584306936234233
1789799519639199700,14.65819970703125,-1.0886977385044097,-1.5809084242403506,1.3184732933402061
1789799519649170700,14.668170654296874,0.5659937148272991,-0.7376110952049494,-1.195668166926503
1789799519659141600,14.6781416015625,-0.11187750795232132,-1.0196291707143188,-2.150784533458948
1789799519669113600,14.688113525390625,-0.08176642906069755,-1.7334627922296524,-2.506615156415105
1789799519679084500,14.69808447265625,0.8628197756290436,-1.672684498400986,-1.971952983918786
1789799519689055700,14.7080556640625,2.1499486671566963,-1.496385682208836,-0.5973848783910274
1789799519699026700,14.718026611328124,2.998946838182211,-1.5445613918349146,1.8810709359884261
1789799519708998700,14.72799853515625,3.143295687884092,-2.558103643850982,4.208793752586842
1789799519718969600,14.737969482421875,2.054624837386608,-4.0711891164481635,4.59298713119626
1789799519728940800,14.74794091796875,0.9622972910124808,-4.803855740988254,0.9239940830379724
1789799519738911700,14.757911865234375,0.3137468735296279,-2.993814151468873,-3.236256880176067
1789799519748883700,14.7678837890625,-0.28422150383777917,-0.03575082007795572,-3.9840281348675486
1789799519758854700,14.777854736328125,-0.2534438690625131,0.7218669981062412,-4.7882700493216515
1789799519768825600,14.78782568359375,0.3490963462650776,-0.15870061565935611,-5.778321535634994
1789799519778796800,14.797796875,0.4187339461147785,-0.33425971940010785,-6.454009550890326
1789799519788768500,14.8077685546875,1.1943069615758954,0.8089078604385256,-6.65469578936398
1789799519798739700,14.81773974609375,2.3563607359312475,2.3819793074429034,-5.1460108898133035
1789799519808710700,14.827710693359375,2.7662814071238038,2.1305136065855623,-4.3188919576406475
1789799519818681600,14.837681640625,2.1954079574309286,0.3297606544151902,-5.736914589491486
1789799519828653600,14.847653564453125,1.193496521975845,-0.7036418978467583,-6.77862495137155
1789799519838624800,14.857624755859375,0.37035555352345106,0.11066752937436103,-6.987050844186544
1789799519848595700,14.867595703125,0.8780199751093983,0.7285510059148073,-8.594083889764546
1789799519858566400,14.87756640625,1.2826435628071426,1.0912503455966711,-9.964679000008106
1789799519868538600,14.88753857421875,1.6686147647440432,0.7238096566066146,-10.538947206705808
1789799519878509600,14.897509521484375,0.9946913480084388,0.7597624289974569,-7.281053079739213
1789799519888480800,14.907480712890624,-0.545596238964796,2.3981954059675337,-1.7849316981822252
1789799519898452500,14.917452392578125,-0.7517910847920924,3.733457044762373,3.253713626411557
1789799519908423700,14.927423583984375,-1.9405670810520648,0.9732073190182446,2.526191379022598
1789799519918394600,14.93739453125,-2.1392928331077097,-2.600193311561644,-0.40516485496759413
1789799519928365800,14.94736572265625,-1.828891835939884,-3.446181779377162,-0.08476035017967223
1789799519938337500,14.957337646484374,-1.3632394867837427,-2.4887267407640814,1.1696838308423756
1789799519948308700,14.967308837890625,-2.215847664999962,-0.9475418396249413,0.8275432950645685
1789799519958279700,14.97727978515625,-1.6765782909691334,-0.4526747941613197,-1.1935001752376555
1789799519968250600,14.987250732421876,-0.7527320919692516,-0.16434125189483165,-3.0998294711232184
1789799519978222600,14.99722265625,-0.2318506075441837,0.16328794344961642,-4.89308534553647
1789799519988193500,15.007193603515624,0.36025253105163574,0.2405059154257178,-6.239009540382027
1789799519998164700,15.017164794921875,0.583079289662838,0.7924708126395941,-5.324225768759846
1789799520008135700,15.0271357421875,-0.3291775938302278,1.2856234554007648,-2.937266919338703
1789799520018107600,15.037107666015626,-0.4683072475790977,0.9599003859385847,-1.6733663431853054
1789799520028078600,15.04707861328125,0.30627310358285903,0.20668810923695563,-2.0772727225244045
1789799520038049800,15.0570498046875,0.7312158412098884,0.1509153686106205,-2.3885960952341554
1789799520048020500,15.0670205078125,0.09760174810681492,0.18434768261313436,-2.1280261736840007
1789799520057992700,15.07699267578125,-1.3220260173857212,-0.14847732780873774,-1.5851614055097103
1789799520067963600,15.086963623046875,-1.7171955480396746,-1.2822411194860934,-1.3248428283721208
1789799520077934600,15.0969345703125,-0.7299012514799833,-2.6675352016896006,-1.4983265871435403
1789799520087905500,15.106905517578125,0.020571663385629654,-3.2065035469472405,-0.16640987486243247
1789799520097877500,15.11687744140625,0.18078728671781719,-3.5749323701918123,2.4053625211179255
1789799520107848700,15.1268486328125,-0.791936048175767,-4.478261266341805,4.6617859421342605
1789799520117819600,15.136819580078125,-1.405005913889408,-5.978294072881341,6.9513710435181855
1789799520127790600,15.14679052734375,-0.4951082338083535,-5.916403141635656,7.792639497074484
1789799520137762600,15.156762451171875,0.5114787922423333,-3.341656698280573,5.108589798435569
1789799520147733800,15.166733642578125,0.5707258579157293,-0.9539210192680359,1.972756701517105
1789799520157704700,15.17670458984375,-0.32237090949006375,-0.14223521854877472,0.7836731736779212
1789799520167675600,15.186675537109375,-1.7141069343745707,0.09595803602039814,1.1307388908982277
1789799520177647600,15.196647705078124,-1.9974054050832986,1.114150744190812,1.5164152015417813
1789799520187618800,15.206618896484375,-0.7114186693280935,2.292059967064857,1.183031388193369
1789799520197589800,15.21658984375,0.12893391149230302,2.708276961922645,1.0090069466739893
1789799520207560400,15.226560546875,-0.07549629928264766,2.3943472061067816,1.369270583641529
1789799520217532700,15.23653271484375,0.26673659095373004,1.5442781909793615,1.6354109988003969
1789799520227503600,15.246503662109374,1.6536825685501098,0.18681378046572208,1.572528133907914
1789799520237474600,15.256474609375,1.5831424669027327,-0.9228723855316638,2.5754040304809807
1789799520247445500,15.266445556640624,0.287070974984765,-1.4294383443564176,3.73163392098844
1789799520257417700,15.276417724609376,-0.6354641414165496,-1.6788281157225369,4.952617730957269
1789799520267388700,15.286388671875,-0.5507271355798468,-1.0259259327709673,5.518502724713087
1789799520277359600,15.296359619140626,0.4126256923675537,0.3428594977021217,4.854896776917577
1789799520287330600,15.30633056640625,0.3300713277995586,0.8170750925421715,4.457670898255706
1789799520297302800,15.316302734375,-0.22330546377254648,0.0005155483067035675,4.790727379345894
1789799520307273700,15.326273681640625,1.3138549858897923,-1.7254390602499245,5.072360547190904
1789799520317244400,15.336244384765624,3.6481571808785196,-3.3576866265833374,4.30736226336658
1789799520327215600,15.346215576171875,3.278724149027467,-3.852336522164941,3.1735376814126965
1789799520337187600,15.3561875,1.0811118134200572,-2.9586341170161963,3.240557207718491
1789799520347158800,15.36615869140625,0.223929130362533,-1.3979735310345887,2.013712396761775
1789799520357129500,15.37612939453125,-0.554378680357337,-0.04862637600302696,0.36614217361211776
1789799520367101700,15.386101806640625,-0.4402134085277095,1.0132640195965765,-0.8829466178566217
1789799520377072600,15.39607275390625,0.06934186830613762,1.886310005685687,-1.5641221246123314
1789799520387043800,15.4060439453125,-0.5743704980283976,2.29895557179749,-1.3732646217137574
1789799520397014500,15.4160146484375,-0.870363030615449,2.402322422769666,-1.1562807439118623
1789799520406986800,15.42598681640625,0.3479617892771959,2.2224837420135737,-1.6560937213450668
1789799520416957700,15.435957763671874,0.952232920050621,1.6622703641533851,-1.605518549361825
1789799520426928600,15.4459287109375,-0.5170598803102969,0.7938111213326454,0.18406243593096733
1789799520436899600,15.455899658203125,-2.1195991216003893,-0.543598927667737,2.77287247595191
1789799520446871600,15.46587158203125,-1.3097890516251325,-1.481825534197688,4.980294257912039
1789799520456842800,15.4758427734375,2.0974130087554452,-0.9384668450266123,5.7279521153569215
1789799520466813400,15.4858134765625,3.471069260135293,-0.6711304980814456,4.576051778486371
1789799520476784600,15.49578466796875,0.40034079581201076,-0.8292009991437196,2.2153893998384473
1789799520486756600,15.505756591796874,-2.083495542562008,-0.11062135214507579,0.1630921286165714
1789799520496727800,15.515727783203126,-1.3759136749178171,1.1090887846261261,-1.4794488681942224
1789799520506698500,15.525698486328125,-0.9561346036642789,1.6118179417669771,-2.0238176111906765
1789799520516669400,15.53566943359375,-2.714632468429208,0.9113882839649915,-0.5446510670691729
1789799520526641200,15.54564111328125,-2.8017075252920387,-1.4003852683514355,2.4749387461692094
1789799520536612400,15.5556123046875,-0.2672007013341412,-4.506891148498654,5.609903828081488
1789799520546583300,15.565583251953125,2.9821488481163976,-5.562889563450217,7.141132567873597
1789799520556554200,15.57555419921875,4.119115235227346,-5.626562117415666,5.464487056887149
1789799520566526200,15.585526123046876,2.431356209552288,-4.366505941730737,1.2544418429344892
1789799520576497400,15.595497314453125,0.10441782132983207,-2.0300059444367884,0.042134675896167754
1789799520586468000,15.605468017578126,-1.6309984430551527,-0.7231932782739401,0.2856564320117235
1789799520596439000,15.61543896484375,-1.7116320686936377,-0.5319342088371515,0.3473077092826366
1789799520606411300,15.625411376953124,-0.8391963234573602,-1.3133452828019856,-0.1276870532363653
1789799520616382200,15.63538232421875,-0.113082773822546,-1.9548329222917555,-0.8492161976903676
1789799520626353200,15.645353271484375,0.16487784298956393,-2.0567820154204965,-1.4246049328505992
1789799520636324000,15.655323974609376,0.42737668677568436,-1.4811843136847018,-1.5282090997099875
1789799520646296300,15.66529638671875,0.5176876568198203,-0.7367620771601796,-0.8288035242587327
1789799520656267300,15.675267333984374,0.6990922717183828,-0.4536413011059165,-0.23655542423427103
1789799520666238200,15.68523828125,0.8724363297581672,-1.1342217645779251,-0.15342998178005218
1789799520676209200,15.695209228515624,1.2267653159797192,-2.566180859583616,-0.9888894567966461
1789799520686181400,15.705181396484376,1.783184562253952,-3.310547858789563,-1.903759153136611
1789799520696152300,15.71515234375,1.8862720117628573,-2.4864120340809226,-1.894860976409912
1789799520706123300,15.725123291015626,1.637794094544649,-0.9309902255356312,-0.8376262976616621
1789799520716094200,15.73509423828125,1.2018296121656893,-0.6719385995939373,-0.0570031592041254
1789799520726066400,15.74506640625,0.3916857801914215,-1.6417472160845994,-0.25705051525235173
1789799520736037400,15.755037353515625,0.2419289704987779,-2.4189438872247933,-1.2150567580074072
1789799520746008000,15.765008056640625,-0.17802191365770995,-1.7048960384368896,-2.243376307916641
1789799520755979300,15.774979248046876,-0.12827223271317778,-0.4012470970019698,-3.561951892587542
1789799520765951200,15.784951171875,0.1829389117937535,-0.37070115209072824,-4.481495425957441
1789799520775922200,15.794922119140624,-0.33274142379164695,0.052855391874909396,-4.4140994675546885
1789799520785893000,15.80489306640625,-0.057968350974470374,0.4732864972963929,-4.9177276193618775
1789799520795864300,15.8148642578125,0.6144296097595244,0.26837591912597414,-6.111743342906236
1789799520805836300,15.824836181640626,1.3716402353823185,0.340436362208426,-6.928965150442719
1789799520815807200,15.83480712890625,1.685096966858953,0.9605009821802377,-7.2518883600533
1789799520825778200,15.844778076171876,1.2703235949382186,1.7230606406807898,-7.2730930606454605
1789799520835749000,15.8547490234375,0.8363397649824619,1.637540412044525,-6.930274479475617
1789799520845721300,15.864721435546874,0.5007120451647789,0.33165801246911286,-6.243523218414187
1789799520855692000,15.874692138671875,0.40826172500438984,-0.1758051874563098,-5.233683328047395
1789799520865663200,15.884663330078125,0.2640576906006783,0.6735708769708871,-5.654859406617284
1789799520875634200,15.89463427734375,-0.07714742749053985,1.2723621150285005,-5.876068208637833
1789799520885606400,15.9046064453125,-0.7346960845410824,1.0695806578412652,-6.229691092416644
1789799520895577000,15.9145771484375,-0.613454554182291,0.35900428455621003,-6.484458465167879
1789799520905548300,15.92454833984375,-0.4356745595216751,-0.034334523539245126,-4.057257037207484
1789799520915519200,15.934519287109374,-0.4854197104215622,0.4827329555556178,0.1300000063538551
1789799520925491500,15.944491455078126,-0.3643453533232212,-0.13781798662841319,1.459562848985195
1789799520935462100,15.954462158203125,-0.17843524369895458,-2.3222303566619753,-0.34588264491558074
1789799520945433000,15.96443310546875,-1.05826051466465,-3.119839116711914,-1.0164625233769415
1789799520955404300,15.974404296875,-1.2280793211877346,-2.3676412777498363,0.5272814145952462
1789799520965376300,15.984376220703124,-1.1311860501438378,-1.6258464671194552,3.352956090930104
1789799520975347200,15.99434716796875,-1.9394336931079625,-2.3603972979709504,2.8724627309948203
1789799520985318100,16.004318115234376,-2.1270342400372027,-3.1294869427621363,-0.21788521055579185
1789799520995289300,16.014289306640624,-0.21436112808287142,-2.9010698167979716,-2.8866853176146745
1789799521005261000,16.024260986328127,1.0552098218571393,-1.5712778415858744,-4.892122637984157
1789799521015232300,16.034232177734374,0.619582608608529,0.2274719540685415,-5.486670831644535
1789799521025203200,16.044203125,-1.0526608680266887,1.924429016199708,-3.5821015311688185
1789799521035174100,16.054174072265624,-1.9532231490075587,2.508699561473727,-1.3589730615109203
1789799521045146000,16.06414599609375,-0.6986738271106034,1.548902343648672,-1.129274079042673
1789799521055117000,16.074116943359375,0.8617324918489903,0.28670857141315936,-0.5650730928510427
1789799521065088300,16.084088134765626,0.595280015066266,-0.9751081842035054,1.5599690965861082
1789799521075059200,16.09405908203125,-0.45992345011532304,-2.4827403598308564,3.828178816986084
1789799521085031200,16.10403125,-0.688096318994835,-4.519946444904804,5.141217225795984
1789799521095002000,16.114002197265624,-0.2003163091827184,-5.607528331121802,4.946304894548654
1789799521104973300,16.123973388671875,-0.053795303073525425,-3.874238557371497,3.3672131643414493
1789799521114944300,16.1339443359375,-0.13002864792644978,-1.1029343536496161,0.4255599927425384
1789799521124916200,16.143916259765625,-0.5752584598440676,1.1225643522709607,-0.8494535135775804
1789799521134887200,16.15388720703125,-2.0674889951348305,2.3188339922219514,0.5272942740768194
1789799521144858000,16.163858154296875,-2.692684255993366,2.123335970041156,2.96452025244534
1789799521154829300,16.173829345703126,-0.9086615624148399,-0.1742038897395134,4.234426206493377
1789799521164801000,16.183801025390625,1.3965455440580845,-2.2136083616405724,5.146049468258023
1789799521174772200,16.193772216796877,1.569736457362771,-3.1019080309629437,5.563547735098004
1789799521184743200,16.2037431640625,1.1171862394291907,-3.8350200611829757,5.967784953826666
1789799521194714400,16.21371435546875,1.8995371515274047,-4.574671722304821,6.055941960707306
1789799521204686000,16.22368603515625,3.482624673372507,-4.733670444127917,5.799725558191538
1789799521214657300,16.2336572265625,3.6450060233712196,-3.4157746584147213,4.764278932881355
1789799521224628200,16.243628173828125,2.1217162598848343,-0.6921206791400909,2.6777082206577063
1789799521234599400,16.253599365234376,0.4729138280590996,1.8783909031242132,1.375389943304658
1789799521244571100,16.263571044921875,-1.1172890422165394,3.375537340572476,0.1990729580581188
1789799521254542300,16.273542236328126,-2.5942519388139247,3.8743215594798324,-0.47785015195012087
1789799521264513300,16.28351318359375,-2.712854352840781,4.045006627443432,-0.7586801867187023
1789799521274484200,16.293484130859376,-1.2534049011021853,3.355758873391151,-1.1753916870951653
1789799521284456200,16.303456298828124,-0.22817977354433386,1.9419535669744015,-1.12459848844707
1789799521294427100,16.31342724609375,0.29755791874025017,0.9043056322276591,0.1539478681743145
1789799521304398300,16.3233984375,1.5157961928606032,-0.1466279005497694,1.1661948196828364
1789799521314369300,16.333369384765625,2.7589146777480837,-0.9728016608268022,1.6211726300895213
1789799521324341200,16.34334130859375,1.8590449821412562,-0.2559843473255634,2.8804484690517187
1789799521334312200,16.353312255859375,1.7779536758631467,0.35675592110753057,2.2042793922811743
1789799521344283400,16.363283447265626,2.5026842467069623,0.3819862239539623,-0.20014789381325243
1789799521354254300,16.37325439453125,0.5721954920768737,0.7039531557530164,-0.24617548549473284
1789799521364226300,16.383226318359377,-2.612619954675436,1.1478022539019583,2.48388952986598
1789799521374197200,16.393197265625,-2.829245520558953,1.6282745710492132,4.5957817303508515
1789799521384168200,16.403168212890623,-0.4278302757620811,0.9671370591938495,4.321569652417302
1789799521394139400,16.413139404296874,1.1472042149435728,-0.2106453224301338,3.408807742011547
1789799521404111000,16.423111083984374,-0.4811076924413442,-1.5793068342626093,3.8753064788639544
1789799521414082300,16.433082275390625,-1.9968775818169116,-3.5173774223238228,4.778305704668164
1789799521424053200,16.44305322265625,-0.2539239076644182,-4.539459539148211,6.245005565926432
1789799521434024400,16.4530244140625,3.5680817736446855,-4.049645393159985,7.148028757128119
1789799521443996200,16.46299609375,3.722642805281281,-4.449006530284882,5.028302209755778
1789799521453967400,16.47296728515625,0.5315401680182665,-4.429803817164897,2.1916104648441075
1789799521463938300,16.482938232421876,-1.0951865160018206,-2.1595488546729085,-0.5450801061362028
1789799521473909200,16.4929091796875,-1.376490013501048,0.006235679519176483,-2.16303435870111
1789799521483880200,16.502880126953126,-1.6079700341671703,0.9709195003420114,-2.1651778004705906
1789799521493852200,16.51285205078125,-1.1748913363575935,0.8357792084902524,-1.5312749170213937
1789799521503823400,16.5228232421875,-0.3362801193118095,0.2729302214294672,-0.9532342060476541
1789799521513794300,16.532794189453124,1.0306301649391651,-0.3620604572564363,0.2963186958014965
1789799521523765000,16.542764892578123,2.8645436284333465,-1.0715677400052548,2.733647550022602
1789799521533737200,16.5527373046875,3.6927351582735777,-1.5132126061081885,4.9310336756587025
1789799521543708200,16.562708251953126,2.944253124964237,-2.342234157031774,4.213107524132728
1789799521553679000,16.57267919921875,1.4084037396341562,-3.0191140124201774,-0.05339607462286949
1789799521563650000,16.582650146484376,-0.8492664665728807,-1.4040075505018232,-1.4983949762046336
1789799521573622300,16.592622314453124,-1.7356792992353438,0.45309038922488687,-0.9316098187386989
1789799521583593200,16.60259326171875,-1.1344669715106486,1.0953735630065202,-1.277277359598875
1789799521593564200,16.612564208984374,0.03909750015735626,1.1430804860770702,-1.7813719598740339
1789799521603535000,16.62253515625,0.7630816365480423,0.6819409381702541,-2.367852582412958
1789799521613507000,16.632507080078124,0.48855979854557663,-0.0806117060676217,-2.3969547582566735
1789799521623478300,16.642478271484375,0.6497030946493149,-0.761920191553235,-1.0560884313225745
1789799521633449000,16.652448974609374,2.0301099893331527,-1.285365681247413,1.4428162968456744
1789799521643420200,16.662420166015625,3.229915986716747,-1.713188650485873,3.4518273840487
1789799521653392100,16.67239208984375,3.805927237689495,-2.728360549530387,3.948227338168025
1789799521663363300,16.68236328125,2.6045745953857895,-3.7554602022558448,3.001760726559162
1789799521673334000,16.692333984375,1.0540320833146573,-4.279094492520391,0.35644261737465854
1789799521683305000,16.702304931640626,0.5654641379952431,-4.29323407703191,-2.1455279281049964
1789799521693277200,16.712277099609373,0.29555889041014016,-4.102615643586218,-4.266767218127846
1789799521703248100,16.722248046875,0.33305940369963644,-2.9556612386852503,-5.397525982770324
1789799521713219000,16.732218994140624,0.7420915285546332,-0.22434096256643532,-4.506456848734617
1789799521723190000,16.74218994140625,1.0889749480105937,0.9222741273775696,-3.1411598448991773
1789799521733162200,16.752162353515626,1.3461422215104102,0.029747488009929657,-2.1583628597587348
1789799521743133200,16.76213330078125,2.2562287752270698,-1.2716288323178886,-2.9910785890251397
1789799521753104100,16.772104248046876,1.6086087704621255,-1.267176529084146,-4.283112788251042
1789799521763075000,16.782074951171875,1.093416072263196,-0.7643722608804703,-5.658666397684812
1789799521773047300,16.79204736328125,1.3360861069202423,-0.7189683540552854,-6.923165524253249
1789799521783018200,16.802018310546874,0.827333451706171,0.17302549360990524,-7.547257207784056
1789799521792989000,16.811989013671877,0.17844751865863798,1.135441954022646,-8.437515609958767
1789799521802960100,16.821960205078124,-0.3521440433979034,1.8663029904454946,-9.135020320224761
1789799521812932000,16.83193212890625,-0.8094318843126297,2.364220071129501,-8.97028568509817
1789799521822903000,16.841903076171874,-0.31199454996958376,2.155138929276168,-9.125899440658092
1789799521832874000,16.8518740234375,0.940125133627653,1.2533914570987224,-9.750579153209925
1789799521842845200,16.86184521484375,1.470229204428196,1.8801763252362609,-8.007971516016125
1789799521852817200,16.871817138671876,1.2382733829438686,3.0552815966054796,-5.334301757094264
1789799521862788000,16.8817880859375,0.6270597395561636,3.3115652191385623,-1.9224439798623323
1789799521872759000,16.891759033203126,-0.7392799052000045,1.750086302511394,-0.2665203543871641
1789799521882730000,16.90172998046875,-1.9003917225301266,-0.9189546275660395,-0.8327706743240356
1789799521892702200,16.9117021484375,-1.696914976555109,-2.0947502192869782,-2.019855137300491
1789799521902673000,16.9216728515625,-0.7610662050724029,-1.9406737562969325,-2.801077995216846
1789799521912644000,16.93164404296875,-0.6453530827462672,-1.451472481510043,-0.4614028750181198
1789799521922615000,16.941614990234374,-0.5196189171433448,-1.205690963768959,1.6320020671397446
1789799521932586200,16.951586181640625,-0.454209164121747,-1.6821677815392613,2.4591040481775996
1789799521942558000,16.961557861328124,-0.2545137267837301,-2.516370242232084,2.8712907646059986
1789799521952529200,16.971529052734375,-0.3245505185514688,-3.5927953591406343,2.2049264580130576
1789799521962500000,16.9815,-0.9293985724300146,-4.076704664999246,1.5078513713359831
1789799521972471000,16.991470947265626,-0.6794587659657001,-3.706594756799936,0.8243804471194743
1789799521982443000,17.001443115234373,0.30219840148985383,-2.784187066170573,0.2678179929822683
1789799521992414000,17.0114140625,0.6012737025231123,-1.4258131395965814,0.34182898561060426
1789799522002385200,17.02138525390625,-0.24532500614523886,-0.17222236053347587,0.9881202259898185
1789799522012356000,17.031356201171874,-1.0860814185261727,0.15650865857303142,1.3133230709701775
1789799522022328000,17.041328125,-1.0927449680685997,-0.2838508438944816,0.49244449449181554
1789799522032299000,17.051299072265625,-0.13891334411706774,-0.33509704700708387,-0.8298959956705569
1789799522042270200,17.061270263671876,1.3692682455539702,0.17274667666852472,-1.7631366304814815
1789799522052241200,17.0712412109375,2.1543103694975376,0.38439445413947104,-1.4441566055387258
1789799522062213000,17.081213134765626,1.09029414085038,-0.8289806343913078,1.45336165625751
1789799522072184000,17.09118408203125,0.46056350158452986,-4.427610691034793,4.486743848004937
1789799522082155300,17.1011552734375,1.0197282471746205,-6.647637687546014,5.690258636778593
1789799522092126200,17.111126220703124,1.0668348662644624,-3.9799440804243087,3.977836294490099
1789799522102098200,17.12109814453125,0.32154428594019263,-0.9311123906105756,2.2896616737514734
1789799522112069000,17.131069091796874,-1.1824660824608058,0.03943944546282291,1.9733891542017459
1789799522122040000,17.1410400390625,-2.0136346553504465,0.27288229063451286,1.728053042140603
1789799522132011300,17.15101123046875,-1.8052718908995389,0.10204232437014579,2.248468078097701
1789799522141982000,17.16098193359375,-0.9999375050336122,-0.288615281817317,3.115871089863777
1789799522151954200,17.1709541015625,0.0381546663492918,-0.27215222279429435,3.5776790385514494
1789799522161925000,17.180925048828126,0.9206097012966871,0.34084348170459267,3.290935395824909
1789799522171896300,17.190896240234373,2.3099001596599815,0.9712140993744134,2.519710200309753
1789799522181867000,17.200866943359376,2.986883475422859,1.2567425210922956,1.1514403181433677
1789799522191839200,17.210839111328124,2.6555238613784313,1.5785528010249137,-0.42583822516202924
1789799522201810200,17.22081005859375,1.9272347212702035,1.622581327843666,-1.1309253533810377
1789799522211781000,17.230781005859374,0.42050913909375665,2.0556839910507203,-0.9248831408321857
1789799522221752000,17.240751953125,-0.22642860076176002,2.948663342621922,-0.43726504358351226
1789799522231724000,17.25072412109375,0.2635357856184244,3.360618003860116,-1.2336778718471526
1789799522241695200,17.2606953125,0.201860506417416,3.4497096612423657,-2.32594236292243
1789799522251666200,17.270666259765626,-1.0572966380685567,2.8858962130635977,-1.842553281545639
1789799522261637000,17.28063720703125,-3.300491744199395,1.592552684804797,0.542580690535903
1789799522271609000,17.290609130859377,-5.606290898281335,-1.1013333481937646,4.633202237206697
1789799522281580300,17.300580322265624,-2.5489754577606916,-6.479528023028373,8.67524241605997
1789799522291551200,17.31055126953125,5.448826546418666,-9.307269568765163,12.385627212792635
1789799522301522000,17.32052197265625,7.490411284968257,-5.7357683420658105,11.998752047753333
1789799522311494100,17.330494140625,3.56546311557889,-1.8193629600942134,8.193993853843212
1789799522321465000,17.340465087890625,0.5360639290530235,0.33396658167243004,4.086654981127381
1789799522331436000,17.35043603515625,-1.3241209438383579,1.5479057338267563,1.8877812472820281
1789799522341407000,17.360406982421875,-2.5325638366639613,1.7395447424918413,1.258496671283245
1789799522351379200,17.370379150390626,-1.701430408152938,1.1736533189952372,0.49553778433203693
1789799522361350100,17.38035009765625,-0.11523856361694633,0.5022895966798067,-0.8615104465961456
1789799522371321000,17.390321044921876,-0.4164104716032743,-0.22201076605319975,-1.8822452404648065
1789799522381292000,17.4002919921875,-1.3652303683400153,-1.1901076101899146,-2.5861750153422354
1789799522391264300,17.41026416015625,-1.0018126512557268,-1.875289429977536,-2.7818706059217453
1789799522401235200,17.420235107421874,0.1358779584765434,-2.0529916832268236,-2.5052614037185905
1789799522411206000,17.430205810546877,0.8667869256943463,-1.8468086009025573,-2.0243384201943875
1789799522421177000,17.440177001953124,1.2616793929725885,-0.9701385790973901,-0.9975023868411779
1789799522431149000,17.450149169921875,0.49797757869958875,-0.11754384488463401,0.7858797438114881
1789799522441120300,17.460120361328126,-0.46215340112447734,-0.45265959659218785,1.566379548150301
1789799522451091000,17.470091064453126,-0.5060813536455855,-0.5775929672062396,1.012254550293088
1789799522461062100,17.480062255859377,0.058626376491785044,0.1524742884904146,-0.18764906224608421
1789799522471033000,17.490033203125,-0.29065643225610255,0.6321668534368277,-1.7319179008752106
1789799522481005300,17.50000537109375,-2.2141431991696354,0.50381286072433,-1.0271253716886044
1789799522490976000,17.50997607421875,-2.3602555514127013,-0.22893851948976515,1.891394177082181
1789799522500947000,17.519947021484374,-0.6619219402313232,-1.6507979530245065,4.293247813296317
1789799522510918100,17.529918212890625,1.3415309283226728,-2.9292332504868503,5.005941909387707
1789799522520890000,17.53989013671875,1.5132576142936944,-2.9427228466570376,4.545817968264222
1789799522530860800,17.54986083984375,-0.10705401505231857,-2.0788953552901743,2.6092040087521076
1789799522540832000,17.55983203125,-0.12834464036226273,-1.6761930910438299,0.5301543396830558
1789799522550803000,17.569802978515625,0.4735106614410877,-1.3417939631730318,-0.43135260466933245
1789799522560775200,17.579775146484376,0.14669277334637007,-1.1262380723476408,-0.5087479790389537
1789799522570745900,17.589745849609375,-0.3270131092727184,-1.2174176419198512,0.4636410093337297
1789799522580717000,17.599717041015627,-0.35300095248818397,-1.7397092854037879,1.6315718590289354
1789799522590688000,17.60968798828125,0.25032851352095603,-2.635613584510982,1.6601847900509834
1789799522600660000,17.619659912109373,0.9798527483820915,-3.567618247786164,0.5096598331868648
1789799522610631000,17.629630859375,1.0711106438875198,-3.400455508729815,-0.051907297369837756
1789799522620601900,17.639601806640623,0.6779752494096756,-1.8433762883663176,0.7469312967360019
1789799522630573000,17.649572998046875,0.3368108651876449,-1.07889676771909,0.7655839747577905
1789799522640544800,17.659544677734374,0.16774846652243286,-1.4055045110613107,-0.752470226162672
1789799522650516000,17.669515869140625,0.47659226084351536,-1.605587230683863,-3.075378335955739
1789799522660487000,17.67948681640625,0.5528138421934098,-1.9764742607355117,-5.672236657875776
1789799522670458000,17.6894580078125,0.5815408280491828,-0.8440434712275863,-5.962810672545433
1789799522680429800,17.699429931640626,1.5767910520493984,0.8175652141466736,-4.753589781084656
1789799522690401000,17.709401123046874,2.0842425615370272,1.4967974778801203,-3.67374404207766
1789799522700372000,17.7193720703125,2.2012743652462956,0.9150926914408802,-3.1267578100591895
1789799522710343000,17.729343017578124,1.9438753288172184,-0.5431377398967743,-3.622206747063994
1789799522720315000,17.73931494140625,1.575165935065597,-0.5225225296303629,-3.88348277105689
1789799522730285800,17.749285888671874,1.3845603611014783,0.35064620605558156,-3.371397172027826
1789799522740257000,17.759257080078125,1.7282346823178232,-0.8165621745839714,-4.884102413135767
1789799522750228000,17.76922802734375,1.3554782051324843,-1.0302958184182642,-6.20985417304635
1789799522760200000,17.779199951171876,0.7089094629861414,0.10367109461575746,-8.327555352070927
1789799522770171000,17.7891708984375,-0.33897111196145413,1.3526689929306506,-8.412916590753197
1789799522780142000,17.79914208984375,-0.2677403246361762,2.514091191384196,-6.981137820750474
1789799522790113000,17.809113037109373,0.08355623508691787,3.1473817881539463,-6.47112376729846
1789799522800085000,17.8190849609375,0.30622867991924285,2.8719296470314264,-7.025192651054263
1789799522810056000,17.829055908203124,0.8323637740235775,2.6278721766039728,-6.49303632389903
1789799522820027000,17.83902685546875,0.8771008144378661,3.073622724460065,-3.724481711146235
1789799522829998000,17.848998046875,0.5558803170919419,3.010076427222788,-1.7390034752219914
1789799522839969800,17.8589697265625,-0.09790622921241447,1.7075024215430021,-2.064662247276306
1789799522849941000,17.86894091796875,-0.47865796120166776,0.1233069384559989,-2.5796213559150694
1789799522859912000,17.878911865234375,-0.6394108332157135,-0.6050128890514374,-1.636958812764287
1789799522869883100,17.888883056640626,-0.9998948349356651,-0.8524629245266317,-0.33534429976642127
1789799522879854000,17.89885400390625,-1.1778899336516857,-1.4935197713837027,0.238041863399744
1789799522889826000,17.908825927734377,-1.0857435648739338,-2.5563275740891696,-0.11104220790565013
1789799522899797000,17.918796875,-1.2505319760143756,-3.2982959877207874,-0.2228583227932453
1789799522909768200,17.928768310546875,-0.9147194742143153,-3.586240822930634,0.1757844369292259
1789799522919739000,17.93873876953125,-0.974059624998644,-3.633857145108282,1.024121513697505
1789799522929711000,17.948711181640626,-1.0857056440163404,-3.7006536763131614,2.1391887882113454
1789799522939682000,17.95868212890625,-0.8609417067974805,-3.477784247604012,2.6325129881471394
1789799522949653000,17.968653076171876,-0.9691204150307923,-3.04887435991168,1.6964754160940647
1789799522959624000,17.9786240234375,-1.004362408803776,-2.54623638818562,0.37362171571254726
1789799522969596000,17.988595947265626,-1.010635424658656,-1.8557319120705127,-0.4284411011368036
1789799522979567000,17.998567138671874,-0.9921112683873623,-1.360730718833208,-1.1638637463867663
1789799522989538000,18.0085380859375,-0.9126952018450946,-1.2952666052758692,-1.9296032039672135
1789799522999509000,18.018509033203124,-0.5744979238003493,-1.4225789799809454,-2.651936650541425
1789799523009481000,18.02848095703125,-0.888496726264432,-1.2287193726569414,-2.4724673876196146
1789799523019452200,18.0384521484375,-0.9511469514448195,-0.8174445103764534,-2.2348095551013945
1789799523029423000,18.048423095703125,-0.14184651149213312,-0.412380777695775,-2.273382739123702
1789799523039393800,18.058393798828124,0.08133432125374675,0.2805716760933399,-1.7697808908015489
1789799523049366000,18.068365966796875,-0.10490129399783908,0.5859042839556932,-0.10534370400309562
1789799523059337000,18.0783369140625,-0.5746352864444255,-0.12630056731402872,2.095272489595413
1789799523069308200,18.08830810546875,-0.7912614368498325,-1.2266355521202086,3.1191502576649186
1789799523079278800,18.09827880859375,-1.3949988991379738,-0.9500643438398837,3.3694963068425654
1789799523089251000,18.1082509765625,-1.0082914918810129,0.12284136677086352,3.6962937275379892
1789799523099222000,18.118221923828123,-0.8748772931694984,0.7074725620508193,4.849653031045198
1789799523109193000,18.12819287109375,-1.846425885195285,0.7174158639162779,5.883836504551768
1789799523119164000,18.138163818359374,-2.3479542882442472,0.6239835469812154,5.731969534304738
1789799523129136000,18.14813623046875,-0.9068027097404002,0.8968822042286395,4.79149894824028
1789799523139107000,18.158107177734376,0.4227284956436604,0.8140431775003671,3.575529167041182
1789799523149078000,18.168078125,0.5553869806170463,0.6059691668629646,2.6812369793057442
1789799523159049000,18.178049072265626,0.11709200946390629,0.12694763304591178,2.450511576399207
1789799523169021000,18.18802099609375,0.39616201229002324,-1.0501672245800495,2.778196301323175
1789799523178992000,18.1979921875,1.5194892021596431,-2.626554956525564,3.036890492129326
1789799523188962800,18.207962890625,3.0008196463167667,-2.875358452436328,2.810250312709808
1789799523198934000,18.21793408203125,2.9724317562222478,-2.211240463465452,2.3677426922976967
1789799523208906000,18.227906005859374,1.1491373749632388,-1.4225731347620487,2.7884137439548966
1789799523218877200,18.237877197265625,-0.011145115403272211,-1.135971530854702,2.568948570731282
1789799523228847900,18.247847900390624,-0.9195627495270222,-1.3287860130399465,2.5290572898477315
1789799523238818800,18.25781884765625,-1.4800234532117842,-1.2101572955280542,3.098559889578819
1789799523248790000,18.2677900390625,-1.0278647918790578,-1.2036574121147394,3.012471505665779
1789799523258762000,18.277761962890626,-0.5251899952739477,-1.215905483791232,2.7166426392078398
1789799523268733000,18.28773291015625,0.2940233514059335,-1.3845464787065982,1.8486194497168063
1789799523278703900,18.297703857421876,0.26642741540670395,-1.4561083246171473,1.2718775463819503
1789799523288675000,18.307675048828123,-0.43841662477143106,-1.0036159012854098,1.3913777860313654
1789799523298647000,18.31764697265625,-0.4404730458445847,-0.30188802036643025,0.9611989013165235
1789799523308618000,18.327617919921874,0.07128361349105834,0.6310398952335119,-0.17697744610607624
1789799523318589000,18.3375888671875,0.4273211571961641,1.5984247917085885,-1.4530407537400722
1789799523328559900,18.347559814453124,0.38298926351666446,2.3667776466578245,-2.100768748924136
1789799523338532000,18.357531982421875,-0.26183599596321583,2.6810797429174182,-1.9390496622264384
1789799523348502800,18.367502685546874,-1.0605173536807297,2.5549270596414804,-1.2858388517171144
1789799523358474000,18.377473876953125,-0.6361895330816507,2.2807366090178487,-0.44279462065994735
1789799523368445000,18.38744482421875,0.7025040529232471,2.012553289854526,-0.2374240237623453
1789799523378417000,18.3974169921875,0.871806872748211,1.731171466422081,-0.683888272845745
1789799523388387800,18.407387939453123,0.19270400754809378,1.5381652610570191,-1.5661007312089203
1789799523398359000,18.417359130859374,-1.4843337176263331,1.4504343706339597,-1.9551281058460472
1789799523408330000,18.427330078125,-3.6037890468418596,1.1210744059741495,0.2188017408788204
1789799523418302000,18.437302001953125,-3.2031536519974466,-0.20051848069131373,4.888132107043266
1789799523428273000,18.44727294921875,-0.037383681976795195,-2.557092713242769,8.894583086121083
1789799523438244000,18.457244140625,1.633694842532277,-4.687345915326476,10.353962395232916
1789799523448215000,18.467215087890626,0.3019160774171352,-6.064913202670216,7.805323622080683
1789799523458187000,18.47718701171875,-0.5007102185338735,-4.635143434402346,3.5638708779513832
1789799523468158000,18.487157958984376,-0.21681443951912224,-1.7057231369107961,1.5788409703165291
1789799523478129000,18.49712890625,-0.8865057716429233,-0.5810831474095582,0.8445394380509853
1789799523488100000,18.50710009765625,-1.4453198040992021,-0.5383376461386681,1.2523229510843754
1789799523498071800,18.51707177734375,-0.9162597624588757,-1.1092454364925621,1.374955059018731
1789799523508043000,18.52704296875,0.5173351535877213,-1.934042647719383,1.039865610796213
1789799523518014000,18.537013916015624,1.2963783659100532,-2.6575843010395763,1.16945177565217
1789799523527985000,18.54698486328125,1.4167776002258061,-3.585878711619973,1.3292682435989378
1789799523537956900,18.556956787109375,0.996282489657402,-4.505664821574092,1.6426777749329804
1789799523547927800,18.566927734375,0.04199029898941516,-4.659116722925007,2.008833392548561
1789799523557898800,18.576898681640625,-0.30362755751013754,-3.903701967743039,1.8646862028986215
1789799523567870000,18.586869873046876,0.25674247221648694,-2.9421655050352213,0.6866138984173535
1789799523577841700,18.596841552734375,0.5831874262124299,-1.792084200285375,-1.1893752042621373
1789799523587812900,18.606812744140626,-0.08266074755191803,-0.5562126177862287,-3.0147546481668948
1789799523597783800,18.61678369140625,-0.4760813887119293,-0.3313011618554592,-4.669873971521854
1789799523607755000,18.626755126953125,-0.25043142590615897,-0.6877794350653886,-5.0148354099392884
1789799523617726700,18.636726806640624,0.8259715157032013,-0.5906561546579003,-4.395791657447814
1789799523627698000,18.646697998046875,2.2398539790093897,0.19862229168117046,-3.6030408588230607
1789799523637668900,18.6566689453125,2.6918179945528506,1.3219096975296736,-2.4984891331046817
1789799523647639800,18.666639892578125,2.963964372128248,2.51492296603322,-1.2395470561414956
1789799523657611800,18.67661181640625,1.8116566235005855,2.5190961600646373,-0.7576379841893911
1789799523667582700,18.686582763671876,0.8076618789654224,0.5645607594147324,-1.8959885191351173
1789799523677554000,18.696553955078127,1.0681938065927474,-1.3793819355502723,-3.378482746374607
1789799523687524900,18.70652490234375,1.3135410976350306,-2.318523026576638,-5.256172807753086
1789799523697496000,18.71649609375,0.5587058228414505,-1.8409271416485309,-7.330341719043254
1789799523707467800,18.7264677734375,0.7992880914390087,0.4844891515731811,-7.107185290086269
1789799523717439000,18.73643896484375,0.8806794035769998,2.6020538447365165,-4.849672904789448
1789799523727410000,18.746409912109375,0.2824117510020733,2.231713342651725,-2.9252812979906797
1789799523737380900,18.756380859375,0.7313174749534577,0.5959001927912235,-2.1605472180604934
1789799523747352800,18.766352783203125,0.8061901259124279,-0.7632271824985742,-2.45964473092556
1789799523757324000,18.776323974609376,0.6962333751559258,-0.6430819229438901,-4.24328054407835
1789799523767295000,18.786294921875,0.33076701844614,-1.028567387190461,-5.537337773564458
1789799523777265700,18.796265625,-0.4155131939699873,0.05264437947273254,-4.036533982652426
1789799523787238000,18.80623779296875,-0.6160908209700137,1.6960887548640369,-2.062998113456368
1789799523797208800,18.816208740234377,-1.1217758322417735,2.037792945051193,-1.5170675279706716
1789799523807180000,18.826179931640624,-1.5457295588314532,0.9455386831089854,-2.2723452127695083
1789799523817150700,18.836150634765627,-0.5099742694308981,-1.0160402063116432,-5.385038841640949
1789799523827123000,18.846123046875,0.07720602580998093,-1.4778990084037185,-6.974019513177871
1789799523837094000,18.856093994140625,0.18926004110667854,0.18321809406131506,-5.784396471634507
1789799523847065000,18.866065185546876,0.24473462077034636,1.375923027268052,-3.610589959028363
1789799523857035800,18.876035888671876,-0.5704606311082839,1.658259082685411,-1.3576181397706268
1789799523867008000,18.886008056640627,-1.6352350577116013,0.7928133424669503,-1.0965215639978647
1789799523876979000,18.89597900390625,-2.0380618251204488,-0.20010405467152595,-2.351319380763173
1789799523886950000,18.905949951171873,-1.654666903412342,-0.5348094720125198,-4.073610790637135
1789799523896920800,18.9159208984375,-0.6911176395773887,-0.5560705789670348,-4.936822195932269
1789799523906892800,18.925892822265624,-0.21735563372373579,-0.1784150776937604,-4.654689846393466
1789799523916864000,18.935864013671875,-0.39870650914106515,0.48774523075968024,-3.3965947416484354
1789799523926835000,18.9458349609375,-0.5190829105705023,0.7969011963024735,-1.7370482495009898
1789799523936806000,18.955805908203125,-0.3284954567849636,-0.0578179827183485,-1.0112573559492826
1789799523946777900,18.96577783203125,-0.18463117572963236,-1.7353747633308172,-0.7495587226301431
1789799523956749000,18.9757490234375,-0.1882189710885286,-3.267438200381398,-0.25506255630552765
1789799523966719700,18.9857197265625,-0.6453332820672542,-4.0048920591980215,0.5645978765547275
1789799523976690700,18.995690673828125,-0.4208223697613924,-3.9771149944782254,1.4281868829905986
1789799523986663000,19.005662841796877,0.35036600087471303,-3.8177275655984877,2.002370334014296
1789799523996633900,19.0156337890625,0.8916302750498056,-4.294740682202577,2.0687217518001795
1789799524006604800,19.025604736328123,0.08056589416451752,-5.2695571899831295,2.858468107911944
1789799524016575700,19.03557568359375,-0.9035270490705967,-5.48317363717854,3.9876358039706945
1789799524026548000,19.0455478515625,-0.1001777360746637,-4.668239063796401,3.1729256869941946
1789799524036519000,19.055518798828125,0.9493144022554159,-3.805912040120363,1.783991786983609
1789799524046489900,19.06548974609375,0.5547077661812305,-3.6253257558673617,2.1538900982588527
1789799524056460800,19.075460693359375,-0.5117016046801581,-3.729562959933281,3.978229677721858
1789799524066433000,19.08543310546875,-1.4009288737088441,-3.5520933463960884,5.518162532973289
1789799524076404000,19.095404052734374,-0.4879817063966766,-2.3020856865167616,5.641147107607126
1789799524086374700,19.105374755859376,0.6419178476005792,0.08538578860163688,3.902341785305738
1789799524096345900,19.115345947265624,0.8478110070675611,1.7750854269504546,1.9993752438515424
1789799524106317800,19.12531787109375,0.7987082457244395,2.0909575490057466,1.3449421980708838
1789799524116289000,19.1352890625,0.5026847334772349,0.9239882378190756,1.8448223955214023
1789799524126259700,19.145259765625,1.0834954936861991,-1.1729466320306061,2.3328788841873407
1789799524136231000,19.15523095703125,1.5499720187067985,-2.5622125404745337,3.158024470460415
1789799524146203000,19.165202880859376,0.7689858921557664,-1.7334020019531249,4.002659185579419
1789799524156173800,19.175173828125,-0.2915384757876396,-0.23481647161245345,3.8692227750360964
1789799524166144800,19.185144775390626,-0.5706733970761299,0.3614268355280161,3.7896968183785673
1789799524176115700,19.19511572265625,-0.22068156327605246,0.5717354733496904,4.5050043118387455
1789799524186087000,19.2050869140625,0.48533437022566794,0.7001683765172958,4.958717216876149
1789799524196058600,19.21505859375,1.3357576056182383,1.4188807099848986,4.969527364704013
1789799524206029800,19.22502978515625,0.5406067601144313,2.4040888479202986,4.5857788072526455
1789799524216000800,19.235000732421874,-1.0100807133853436,2.8106074555844067,4.253029784676432
1789799524225972000,19.244971923828125,-1.5206313579320907,2.669630712664127,4.655794008243084
1789799524235943700,19.254943603515624,-0.04960369660258293,2.6072154652833937,5.391108516943454
1789799524245915000,19.264914794921875,1.9714567248344421,2.821539183965325,5.643671073126793
1789799524255885800,19.2748857421875,2.2629262270390984,2.459285249963403,4.786141805121303
1789799524265857000,19.28485693359375,1.2669254769325256,1.8259686419695615,3.1793525051712987
1789799524275828700,19.294828857421876,0.5816262047776952,1.5816010826796292,0.9388274950325488
1789799524285800000,19.304800048828124,0.1774141204902902,1.7241297312170265,-1.1353379091262816
1789799524295771000,19.31477099609375,-0.1752619108924642,1.9933681123912332,-2.561210669955611
1789799524305741800,19.324741943359374,-0.46802316994071,2.142099707221985,-3.1056647531479595
1789799524315713800,19.3347138671875,-1.120204637402296,1.8052946872532367,-3.0350492481768128
1789799524325684700,19.344684814453124,-1.1773732163012027,0.8680249430567025,-2.640873989257216
1789799524335656000,19.354656005859376,-0.09210318722315132,0.028948446586728096,-1.9407564661443233
1789799524345627000,19.364626953125,0.9364169267594814,-0.3006500030040741,-0.8817793276429176
1789799524355598800,19.374598876953126,1.8788672884643076,-0.46761049748659134,0.32095453988611694
1789799524365569800,19.38456982421875,2.4768986480653283,-0.7176905892044305,1.4082552710741758
1789799524375541000,19.394541015625,2.065005946147442,-0.9620704234540461,2.1623761870533227
1789799524385512000,19.404511962890624,1.636321099382639,-0.9752356099754571,2.6205723749846217
1789799524395484000,19.41448388671875,0.8111620691061019,-0.9734557408213614,2.67962194532454
1789799524405454800,19.424454833984374,-0.6831576204836368,-0.9650158292561769,2.645535551327467
1789799524415425800,19.43442578125,-1.2268798822700977,-0.9104887047767639,2.87669700756371
1789799524425397000,19.44439697265625,-0.9573720365047454,-1.0660890163332224,3.0932126833319664
1789799524435368700,19.45436865234375,-0.5533083842447027,-1.3426082021653651,3.211960058787465
1789799524445340000,19.46433984375,-0.3676420567810535,-1.92198220756948,2.855439700001478
1789799524455310800,19.474310791015625,-0.456156206536293,-2.4419804794192315,2.333454638248682
1789799524465282000,19.484281982421876,-0.30124387724399565,-2.855036964419484,1.9283289462476967
1789799524475253800,19.494253662109376,-0.18334928269293158,-3.492833932697773,2.246824987065792
1789799524485225000,19.504224853515623,-0.8637257845580577,-4.160277266699075,3.0936247712641953
1789799524495196000,19.51419580078125,-1.216705694258213,-4.33694082455039,3.35934199257493
1789799524505166800,19.524166748046873,-0.2870294739305973,-3.8598634105384346,2.3470739982783795
1789799524515138800,19.534138916015625,0.5615607738811522,-3.2035534649699926,0.6758329766839742
1789799524525110000,19.544110107421876,0.9178162711858748,-2.4284867915958164,-0.4267173460841179
1789799524535081200,19.554081298828127,0.7183551905930042,-1.955466251759231,-0.7970207310289144
1789799524545052200,19.56405224609375,0.1465793852329254,-1.724121547910571,0.0745925919085741
1789799524555022800,19.57402294921875,0.22291217187233267,-1.9999249866887925,1.3086165007144213
1789799524564995000,19.5839951171875,0.7613491136670112,-3.193321117030084,0.6522913575768471
1789799524574966000,19.593966064453124,1.1815326010029763,-4.177716477277874,-0.7792220394879579
1789799524584937200,19.603937255859375,1.5621113693118094,-3.8595992066442966,-2.197769571995735
1789799524594909000,19.613908935546874,0.9517419947285205,-2.532103525675833,-3.443084105622768
1789799524604880100,19.623880126953125,-0.6730511639457195,-0.11121697995066641,-3.2534137666821477
1789799524614851000,19.63385107421875,-1.4256231699824333,0.7676403227657079,-4.111926785027981
1789799524624822000,19.643822021484375,-0.1246329263627529,-0.4070063911810517,-6.742972038710117
1789799524634793000,19.65379296875,0.5910100826621055,-0.9474196745499968,-7.378114108565449
1789799524644765200,19.66376513671875,1.073548100167513,-0.4385018919020891,-7.769939589488506
1789799524654736100,19.673736083984377,1.9933647513903676,0.6254971664145589,-8.302499821269512
1789799524664707000,19.68370703125,1.9421524505473673,1.8715511202320456,-7.260587214815616
1789799524674678000,19.693677978515623,1.241472032854706,2.769463252030313,-4.28319052966237
1789799524684650000,19.70364990234375,1.4673498495995998,2.4580431409478187,-1.598311978983879
1789799524694621200,19.71362109375,2.0435762046277524,0.4686588374957442,-0.9230664467990398
1789799524704592000,19.723591796875,1.8635517920412121,-1.4561726220250129,-2.3208903402298686
1789799524714563000,19.73356298828125,0.4875041154801845,-1.470542508161068,-3.7451737860411405
1789799524724535000,19.74353515625,-0.9973918391387909,-0.3580468377009034,-2.676660757431388
1789799524734506200,19.75350634765625,-1.0866027389865367,0.8848883995741605,-2.5793840400278567
1789799524744477000,19.763476806640625,-1.2164683783710002,1.3091487078949808,-3.2057085971772667
1789799524754448000,19.77344775390625,-0.46146366529464716,-0.016106792931258676,-5.045655495616793
1789799524764420000,19.783420166015624,-0.631455490297079,-0.6802545925185084,-6.010273849987984
1789799524774391000,19.79339111328125,-0.13909633600115776,1.1522817374035716,-5.782642321443557
1789799524784362000,19.803362060546874,1.032944871622324,2.445375674815476,-6.083960432967543
1789799524794333000,19.8133330078125,0.49718840108327567,2.9885370878487825,-5.069519186285138
1789799524804305200,19.82330517578125,0.03363338953256607,2.6902316021442414,-3.7051778757393357
1789799524814276000,19.833276123046875,0.5757680898666382,1.5247721109986305,-2.460248542037606
1789799524824247000,19.8432470703125,0.08664959799237548,0.22337387109994886,-0.637872956123948
1789799524834218000,19.853218017578126,-0.5047183216640725,-0.513020249530673,-0.9821528420180081
1789799524844190200,19.863190185546873,-1.0754700081408024,-0.7382265967547893,-1.7383657618403434
1789799524854161200,19.8731611328125,-1.2605191170215606,-0.7520826881498098,-1.55284143666327
1789799524864131800,19.8831318359375,-0.2970551751161925,-0.9522986787632107,-1.9086282204777
1789799524874103000,19.89310302734375,0.22014263409376142,-1.3403861422017216,-2.5776053399175405
1789799524884075000,19.903074951171874,-0.4382499629676342,-1.7060282573372125,-2.1290520096004006
1789799524894046000,19.9130458984375,-0.5847708960115909,-1.7005951263725756,-1.2381880427479743
1789799524904017000,19.923016845703124,-0.38049861574470994,-1.166546117338538,-0.47383097943663594
1789799524913988000,19.932988037109375,0.058513572900230064,-0.14987141251564026,0.1958925744563341
1789799524923960000,19.9429599609375,0.06833879221081733,0.5730944867432117,0.6053606795758009
1789799524933931000,19.952930908203125,-0.23854398596929385,0.7070441075056791,0.730657038283348
1789799524943902000,19.96290185546875,-0.5358300837645307,0.11829729360044001,0.21697394092977046
1789799524953873000,19.972872802734376,-1.1838707616269588,-0.8853302981227635,-0.5153630132645368
1789799524963845000,19.98284521484375,-0.37496666404809803,-1.6498510275632141,-1.1965572247207164
1789799524973815800,19.99281591796875,1.0118547373205422,-1.577215414941311,-1.4399012861818075
1789799524983787000,20.002787109375,0.8601823397975414,-1.2184019767820835,0.11426000090837478
1789799524993758000,20.012758056640624,-0.09978022465705871,-2.604612589308619,3.037339989462495
1789799525003729200,20.022729248046875,-0.6758493432968854,-5.164318115398287,5.471434684067964
1789799525013700900,20.032700927734375,-1.069916392601654,-3.819265442690253,4.650937800383567
1789799525023672000,20.042672119140626,-1.2937298972278832,-1.1366700345128773,2.6108979531884193
1789799525033643000,20.05264306640625,-1.2203116828609257,-1.0361164873957633,2.869155506142974
1789799525043614200,20.0626142578125,-1.780675794303417,-1.710016450190544,4.579776351967453
1789799525053586000,20.0725859375,-4.095755402427912,-2.838001658466458,6.84666096124351
1789799525063557000,20.08255712890625,-3.793630650696158,-3.206199011042714,8.137024012386798
1789799525073528000,20.092528076171874,0.06984273050036281,-2.0007909558683634,7.247351301145553
1789799525083499000,20.1024990234375,3.03266673695445,-0.8178823172718286,5.03797780059576
1789799525093471000,20.112470947265624,3.4756618486225603,-0.3984042747914791,3.221073924091458
1789799525103442000,20.12244189453125,2.5436989786624906,-0.5532400317162275,1.8769021258711813
1789799525113413000,20.1324130859375,1.0876479371905325,-0.9186661660134792,1.1528250505000353
1789799525123384000,20.142384033203125,0.6799152775615454,-1.1827619236022233,0.07837561757862567
1789799525133356000,20.15235595703125,1.3142770106941462,-0.12060966219604015,-1.6471335852980613
1789799525143327000,20.162326904296876,1.0629261683881281,1.6346195561617611,-2.1869161695480344
1789799525153298200,20.172298095703123,-1.5803846926271914,3.2518630301088094,-1.1941285362690686
1789799525163269000,20.18226904296875,-3.3681554136276244,4.568093512958288,-0.271224002033472
1789799525173241000,20.192240966796874,-2.042843214178085,4.868403908744454,-1.2297417014420031
1789799525183212000,20.2022119140625,0.7183586977243424,3.716955407294631,-3.3860984820753335
1789799525193183000,20.212182861328124,0.5464888038903475,2.8040152177125215,-2.2720956219226123
1789799525203154200,20.222154296875,-0.44258010112643237,2.2727508709609507,0.49477498326599595
1789799525213126000,20.2321259765625,-1.9057067800730465,0.4449982681840658,3.476904542160034
1789799525223097000,20.24209716796875,-1.5395190137535333,-2.675783974596858,6.162642924538255
1789799525233068000,20.252068115234376,1.7463240273684262,-5.366771363544464,7.098012972593307
1789799525243039200,20.262039306640624,5.1242555696010585,-6.786623548910021,6.516604246491194
1789799525253011000,20.272010986328127,4.269689827576279,-5.483063162541389,7.042445983672142
1789799525262982100,20.281982177734374,0.011703845264576376,-2.5283652159303425,7.7645204870492215
1789799525272953000,20.291953125,-1.7041764919906854,-0.7693670004278421,6.0687359758287664
1789799525282924000,20.301924072265624,-1.5047235947042703,-0.13934417328238485,2.9611680194079875
1789799525292896000,20.31189599609375,-1.7295388967841863,0.178477329275012,0.5548024587273598
1789799525302867000,20.321866943359375,-1.939900726097822,0.2160784533947706,-1.0186877982109785
1789799525312838100,20.331838134765626,-3.1675048309892415,0.1453109727323055,-1.2993991750359535
1789799525322809000,20.34180908203125,-3.8762440519750117,-0.3073749273449182,-1.4783879609644413
1789799525332780000,20.351780029296876,-3.2752076653391122,-0.7118956391900777,-1.3402718681722878
1789799525342752000,20.361751953125,-1.4381009587615727,-0.29744097782969475,-0.7958236301988363
1789799525352723200,20.37172314453125,0.3209802588492632,0.5400000263929366,-0.30605449239611626
1789799525362694100,20.381694091796874,1.9157026889085769,1.2073948450773955,-0.5132166488856077
1789799525372664800,20.391664794921876,2.6589175954699513,1.2457149311214684,-1.4988333676218986
1789799525382637000,20.401636962890624,1.1350292815685272,0.5252513700723648,-1.6650778227895497
1789799525392608000,20.41160791015625,-1.5498855094671249,-0.5757938088297844,0.021373627418279646
1789799525402579000,20.421578857421874,-1.9387141466617583,-2.2315327253878117,2.088409618088603
1789799525412550000,20.4315498046875,0.548988804012537,-2.9756518873125315,4.276695322424173
1789799525422522000,20.441522216796876,2.630280114528537,-2.1579951954901215,4.772508416566253
1789799525432493000,20.4514931640625,1.8070014911711214,-1.6398609639465809,2.9048353068113326
1789799525442464000,20.461464111328127,-0.8393044600069522,-2.2547931894659996,0.9630646951884031
1789799525452435000,20.47143505859375,-2.3275047899335624,-2.675345583179593,1.5103238989293575
1789799525462407200,20.4814072265625,-1.5365812067359685,-2.324793777409196,3.993554088103771
1789799525472378000,20.491378173828124,0.02866612023072084,-1.6188596769720316,6.749075031760334
1789799525482348800,20.501348876953124,0.546692802029848,-2.4260008199989795,6.1091416359752415
1789799525492320000,20.511320068359375,0.015298088630568234,-3.5009231311291455,2.808869087484479
1789799525502292000,20.5212919921875,-0.09666824838267639,-3.464783896255493,0.27988544739484783
1789799525512263200,20.53126318359375,0.35576691007018085,-3.147725487025082,-0.9774205527991056
1789799525522233900,20.54123388671875,0.6153156718790531,-3.0551801820576188,-1.9718162057965993
1789799525532205600,20.55120556640625,0.8938426904022693,-2.58614754281342,-2.902836826470494
1789799525542177800,20.561177734375,1.439431915104389,-1.5087845605328678,-4.047114413377642
1789799525552148500,20.5711484375,2.0917934153079987,-0.6435393113225698,-5.059990894961357
1789799525562119700,20.58111962890625,2.3623089768111702,-0.3616889935955405,-6.167510238313675
1789799525572090600,20.591090576171876,2.3919021510422227,0.2717842662647366,-6.109520406159758
1789799525582062800,20.601062744140624,2.8817969610512253,0.8682154971927404,-5.5724184392958875
1789799525592033500,20.611033447265626,2.756954775851965,1.2064213238701225,-4.996622876900434
1789799525602004500,20.62100439453125,2.116171339108795,1.0946797355234623,-5.101559169146419
1789799525611975700,20.6309755859375,1.412481802728027,1.4338625905394553,-4.941299633607268
1789799525621946600,20.640946533203124,0.3320633783996105,2.760813204845786,-2.2672814996391533
1789799525631918600,20.650918701171875,-0.3587105623066425,2.7905200685843825,-0.21250117942988872
1789799525641889500,20.6608896484375,0.18526647795848547,0.5578098238497973,-0.2738192792236805
1789799525651860700,20.67086083984375,1.078370405757427,-1.8705162242263556,-0.8809662576943635
1789799525661831700,20.680831787109376,-0.11517653123140334,-2.696957111006975,-2.888062451186776
1789799525671803600,20.6908037109375,-0.8055728707969189,-1.7790759578913449,-2.3994021514087915
1789799525681774600,20.700774658203127,0.36063020525760947,-1.170688331709802,-0.8618576525986195
1789799525691745500,20.71074560546875,0.9269758753277361,-1.7378054976090789,-1.3459715411186217
1789799525701716700,20.720716796875,0.3120751409251243,-1.251435939116776,-3.276799318444729
1789799525711688400,20.7306884765625,-0.3118598907392472,-0.35217794566750527,-5.345385461166501
1789799525721659600,20.74065966796875,0.3495826684772968,0.44086774425059555,-7.347949271926283
1789799525731630600,20.750630615234375,0.34652561899423595,1.7793524367451667,-8.235126659220457
1789799525741601800,20.760601806640626,-0.5146213280517608,3.2163696919232607,-6.969437446084618
1789799525751573500,20.770573486328125,-1.073163484764099,3.6549478639319535,-5.336753826421499
1789799525761544700,20.780544677734376,-0.5878594731440767,2.4506541997402906,-5.15838229560852
1789799525771515600,20.790515625,-0.37798933633752163,1.5239602100938558,-4.644205277258157
1789799525781486600,20.800486572265626,-0.5109118790745735,1.7806939144819973,-3.7716397681623697
1789799525791458600,20.81045849609375,-0.7951052527964114,1.3020172485798596,-4.157575606524944
1789799525801429500,20.820429443359377,-0.5492705435633659,0.4001245227128267,-4.734575868535042
1789799525811400700,20.830400634765624,-0.4092658605456352,-0.14738164152652025,-3.899665844094753
1789799525821371600,20.84037158203125,-0.8082727774053812,-0.1401154499158263,-1.3741186081945895
1789799525831343600,20.850343505859374,-1.7025994519323109,-0.29014526786357164,0.2679483413636684
1789799525841314600,20.860314453125,-1.8173861070632933,-1.1999772622972726,-0.5433645343899727
1789799525851285800,20.87028564453125,-0.938373906046152,-2.218787810105085,-0.9849591316103935
1789799525861256700,20.880256591796876,0.149734086404182,-2.6288430674627423,-0.05321078118383884
1789799525871227400,20.890227294921875,0.10498652459587901,-2.1718746677607297,2.7126427559167143
1789799525881199600,20.90019970703125,-0.6299672975659371,-2.1689579035311937,4.289434392488003
1789799525891170600,20.910170654296873,-0.6241098037093877,-3.564330312156677,2.5323417183458803
1789799525901141800,20.920141845703125,-0.009186967072822154,-4.88292050987482,0.63578036775887
1789799525911112400,20.930112548828124,0.30246494347155095,-4.655563706618548,0.6364356167972087
1789799525921084700,20.940084716796875,0.478903423862718,-3.2772903168320653,2.7096254539221523
1789799525931055600,20.9500556640625,-0.3674988489180803,-2.5714672755539416,4.252911126732826
1789799525941026600,20.960026611328125,-0.921667758982256,-2.93650820992589,3.0742408563584087
1789799525950997500,20.96999755859375,-0.27343291025459765,-2.5231752460718155,1.0279191524147986
1789799525960969700,20.9799697265625,0.787146402746439,-1.1626175457179546,-1.00926647439301
1789799525970940700,20.989940673828126,0.4959352592170238,0.14798808298707009,-1.7923580487906932
1789799525980911600,20.99991162109375,-0.8813836063235998,0.7604933736205101,-0.8288573002725839
1789799525990882600,21.009882568359377,-1.8489754235476255,1.1374375117540358,1.1440016925752163
1789799526000854800,21.019854736328124,-1.0721277119755743,1.4805062682926653,2.1053221744447947
1789799526010825700,21.02982568359375,0.5007067114025354,1.667666085717082,1.4712345820784567
1789799526020796400,21.03979638671875,1.5008628276228904,0.9891875629603862,1.7650129457473753
1789799526030767600,21.049767578125,1.415789173710346,-0.30633973907828327,3.572646305081248
1789799526040739600,21.059739501953125,0.8930798893362283,-1.2174509596675633,4.307009212145209
1789799526050710800,21.069710693359376,0.13238891078438608,-0.3889057940840721,3.788307994368672
1789799526060681500,21.079681396484375,-0.6330716933220625,0.8654945477962493,3.2849294334083794
1789799526070652700,21.089652587890626,-1.6503145534217356,1.3408786018937826,3.3999960745245215
1789799526080623600,21.09962353515625,-3.231062818664312,1.4346785830974578,4.085091969594359
1789799526090595800,21.109595947265625,-3.0212790814995762,0.7716530655384063,5.778078374528884
1789799526100566500,21.11956640625,0.8543383630096912,-0.7965618813455104,7.399469615805149
1789799526110537500,21.129537353515627,4.434494020807743,-2.076242210432887,7.2414458764940495
1789799526120508700,21.1395087890625,5.178957466125488,-3.4929572668164965,5.587348881924152
1789799526130480600,21.149480712890625,3.235223445475101,-4.389852915048599,4.534938262331486
1789799526140451600,21.15945166015625,1.7662357655405998,-3.4779566815614698,3.893011646902561
1789799526150422500,21.169422607421875,1.7960282617360352,-2.6836984009832143,2.5738737521737813
1789799526160393700,21.179393798828126,1.5857833368003367,-2.2015642881035804,1.2929647580742836
1789799526170365700,21.18936572265625,0.4497159443557262,-1.5837708279341458,0.4976186822593212
1789799526180336600,21.199336669921873,-0.9594453356474637,-0.12688742729127406,0.3085498163431883
1789799526190307600,21.2093076171875,-1.9187866263985633,1.2794786690354347,-0.5247609562069178
1789799526200278500,21.219278564453123,-1.7534055100619792,1.9887749393820762,-2.251861812189221
1789799526210250500,21.22925048828125,-0.7603074956595898,1.8735417095273732,-4.212193916419148
1789799526220221400,21.239221435546874,-1.426546714568138,1.1113666664302349,-3.2203771739989517
1789799526230192600,21.249192626953125,-1.7139356694608925,-0.471357867321372,-0.10335632957816124
1789799526240163600,21.25916357421875,-1.0529051251113415,-1.4526362645924091,2.653476865720749
1789799526250135600,21.269135498046875,1.407676594403386,-1.0419640443801879,3.6672178551793095
1789799526260106500,21.2791064453125,3.3033056325763464,-0.08716039705872536,3.376038860353827
1789799526270077700,21.28907763671875,2.422784196040034,0.7311585580646991,2.429442484885454
1789799526280048600,21.299048583984376,0.18347384065436198,1.5358838721215724,1.2788006236433982
1789799526290019600,21.30901953125,-1.0831155544579028,2.274203407856822,0.6485533400923014
1789799526299991600,21.318991455078127,-0.7497036840587854,2.3099176953166722,-0.9320265828460454
1789799526309962500,21.32896240234375,-1.011614498823881,1.6967308521598576,-2.4725100577175616
1789799526319933700,21.33893359375,-3.496334634295106,1.1177198348492383,-1.052771854120493
1789799526329904600,21.348904541015624,-4.793613163915277,0.19607903693914414,2.108667393219471
1789799526339876600,21.358876708984376,-1.4982652123451232,-1.0169885930776597,5.154053326493502
1789799526349847600,21.36884765625,3.165819654381275,-1.779254821589589,8.442074296176433
1789799526359818800,21.37881884765625,3.467925116890669,-4.119391129559278,9.816985516053437
1789799526369789700,21.388789794921873,2.333041965794563,-7.2495759914577,9.247862271028756
1789799526379761700,21.39876171875,1.668451098614931,-7.503672917601466,6.324413449162244
1789799526389732600,21.408732666015624,0.8939818066120148,-4.6557320489227765,2.120440833121538
1789799526399703600,21.41870361328125,-0.407207174450159,-3.0922634197831154,-1.2199790168404578
1789799526409674800,21.4286748046875,-2.1761983761787413,-3.2490409584254025,-3.0612118634372947
1789799526419645400,21.4386455078125,-2.17204242554307,-3.2441023329794403,-2.5299019239783287
1789799526429617700,21.44861767578125,-0.4981926827549934,-3.4060429534733294,-0.7737450693815946
1789799526439588600,21.458588623046875,1.8637749332726001,-3.87272172306776,1.0400994195520876
1789799526449559800,21.468559814453126,2.987782470089197,-3.9420641393631692,2.707619374796748
1789799526459530500,21.478530517578125,2.4340146151065825,-3.8368931615784763,2.964643002042174
1789799526469502700,21.488502685546877,1.3011013027787208,-4.162294744001328,0.21154080996513366
1789799526479473700,21.4984736328125,0.16177812340855596,-3.249883546729386,-2.503213239017129
1789799526489444600,21.508444580078127,-0.07560439929962158,-1.3502023105561733,-4.199450170180201
1789799526499415600,21.51841552734375,0.7178069821257144,0.030395138263702392,-5.135025969940424
1789799526509387800,21.5283876953125,1.6063690287113188,0.34984716463237997,-5.557616591483354
1789799526519358700,21.538358642578125,2.1654433195389804,0.013499533042311667,-5.858666991981863
1789799526529329700,21.54832958984375,2.1618986326694487,0.08721914150863885,-5.827704282963276
1789799526539300400,21.55830029296875,2.1709119602084157,0.7330030168876052,-6.151988259533048
1789799526549272600,21.5682724609375,2.0630781929552553,1.529657252691686,-6.3339598606646055
1789799526559243500,21.578243408203125,1.512327932228148,2.545160575647652,-5.077078807884455
1789799526569214500,21.58821435546875,0.26408231358528134,3.6485263064518567,-2.8324679897367955
1789799526579185400,21.598185302734375,-0.1783282031279057,2.910026445713639,-3.28752061894536
1789799526589156400,21.60815625,0.6106174310602247,0.8191641737759113,-5.630661953949928
1789799526599128600,21.618128662109374,1.0367768510006368,-0.4257482087910175,-5.592893072047829
1789799526609099300,21.628099365234377,0.32215244443379343,-0.6374620372354984,-4.850586512503027
1789799526619070500,21.638070556640624,0.15378887822031975,0.15039602091163395,-3.8876621025681493
1789799526629041400,21.64804150390625,0.41827458497472103,0.843711755055189,-2.3993776014894244
1789799526639013600,21.658013671875,0.6501611406151205,1.0717959958031773,-1.6160399433761834
1789799526648984300,21.667984375,-0.23564064747691152,0.562524869672954,-1.674859212091565
1789799526658955500,21.67795556640625,-0.4563726988311857,0.30202421396672724,-1.7008377029567956
1789799526668926500,21.687926513671876,-0.423672060104087,0.4624038687542081,-2.2259026105463504
1789799526678898700,21.697898681640623,0.1545312210202217,0.2597869544789195,-2.5619126807451247
1789799526688869400,21.707869384765626,0.13612937595434485,0.1976984548345208,-1.9957278272598982
1789799526698840300,21.71784033203125,-0.410818423749879,0.16783815409988165,-1.8057675654619931
1789799526708811500,21.7278115234375,-0.45653256556801497,-0.16394436153173444,-3.1767782707691192
1789799526718782500,21.737782470703124,-0.49763738695979115,0.5835983451008796,-4.75820750401318
1789799526728754400,21.74775439453125,-0.49076216742806134,1.2853086903631687,-5.917526008185744
1789799526738725400,21.757725341796874,-0.10355039084553717,1.269841656640172,-7.003119935455918
1789799526748696600,21.767696533203125,0.2381598637562245,1.3027958317369221,-6.732374072328209
1789799526758667500,21.77766748046875,0.2638567246684804,2.079196384063363,-3.4940777952790256
1789799526768639500,21.787639404296876,0.08910448033120483,1.813072627778351,-0.8038806799262762
1789799526778610400,21.7976103515625,0.19728432107567787,0.17156009723246096,0.04821253450512886
1789799526788581400,21.807581298828126,-0.4816542204082012,-1.0340402656435965,-0.1838584377914667
1789799526798552600,21.817552490234377,-1.2394202148914337,-1.07928839738518,-1.3190057927817105
1789799526808524500,21.827524658203124,-1.2390414447069167,-0.8679726283475756,-2.4881542015731335
1789799526818495500,21.83749560546875,-0.8233633790314197,-0.6894675342828035,-2.363562776264548
1789799526828466400,21.847466552734375,-0.6467115116178989,-0.7338233933597803,-2.508554600045085
1789799526838437600,21.857437744140626,-0.834241331398487,-0.9580562193766236,-3.0204882233828303
1789799526848409300,21.867409423828125,-0.9736626615703106,-0.9834557413101196,-3.145310534837842
1789799526858380500,21.877380615234376,-0.27694822489917276,-0.7119184355437755,-3.165095431759953
1789799526868351500,21.8873515625,0.23139234238266942,-0.31157179451286793,-2.761997446194291
1789799526878322700,21.89732275390625,0.32950375704467294,-0.13086685231626033,-1.6345166803091764
1789799526888293600,21.907293701171874,0.6594681173384189,-0.5262064788401126,0.09722586399912833
1789799526898265600,21.917265625,0.9987170233279467,-1.661947708070278,1.3723808246165514
1789799526908236500,21.927236572265624,0.7947410956591368,-3.6020249597787855,2.532310154163837
1789799526918207500,21.93720751953125,0.9358967022776603,-6.159968152371048,3.8628812970548867
1789799526928178400,21.947178466796874,1.6446867766678333,-8.060432355615497,4.968946349945664
1789799526938150400,21.957150390625,0.7239987494379282,-7.303613871115446,5.535370857405662
1789799526948121600,21.96712158203125,-1.119738188934326,-3.435665353798866,4.416353968483209
1789799526958092500,21.977092529296876,-1.8110709325671195,0.27716157538890834,2.2873802848160265
1789799526968063500,21.9870634765625,-1.6776842063844204,2.6497622291117904,1.018308443504572
1789799526978035500,21.997035400390626,-1.3752736234486103,3.4323224731117485,1.2052180855602026
1789799526988006700,22.007006591796873,-0.3526695285767317,2.832196187058091,2.104392200118303
1789799526997977600,22.0169775390625,0.36852994553148744,1.0007990902990103,3.628866789475083
1789799527007948300,22.0269482421875,0.5529267279833555,-1.1337637916773557,5.388054390069842
1789799527017919500,22.03691943359375,0.8467530224472284,-2.1921780355989933,6.471344132050872
1789799527027891500,22.046891357421874,2.019085321971774,-1.5398118592202663,6.099418114340305
1789799527037862700,22.056862548828125,2.981158083513379,-0.461771708330512,4.185170300415158
1789799527047833300,22.066833251953124,2.33332721247673,-0.1229687925428152,2.55250363188684
1789799527057804500,22.076804443359375,0.8624912743270396,-0.008099135303497314,1.4114929378211498
1789799527067776500,22.086776611328126,0.5808312184751033,0.6584276683747768,0.46702480655312534
1789799527077747500,22.09674755859375,-0.3042915743768215,1.9175328269451855,0.13514029185175894
1789799527087718400,22.106718505859376,-0.7451116800934076,3.0227058994323013,-0.00693944387435913
1789799527097689300,22.116689453125,-0.7156985386043787,3.197053581556678,-0.11888941427469253
1789799527107661600,22.12666162109375,-2.0147557683348656,2.4284844535082577,1.1330623654097318
1789799527117632500,22.136632568359374,-3.2856174156725406,0.25251871704161166,4.377415458279848
1789799527127603500,22.146603515625,-0.5589607474505901,-3.328024478769302,6.849462574660778
1789799527137574400,22.156574462890624,5.122037893551588,-5.878681606006622,7.307254273444414
1789799527147545600,22.166545654296876,6.825539262759685,-4.692422487938404,5.524985072469711
1789799527157517300,22.176517333984375,4.311339350304007,-2.176540906006098,2.5115444295108316
1789799527167488500,22.186488525390626,0.2810603363931179,-0.04640343925654888,1.126644315060973
1789799527177459500,22.19645947265625,-1.8267314430356025,0.6678764647215605,0.19884382547736168
1789799527187430400,22.206430419921876,-2.5363264040678737,0.10528758990168571,0.19336334823966025
1789799527197402400,22.21640234375,-1.8712445385009049,-0.7805892361879349,0.95083591273427
1789799527207373300,22.226373291015626,-0.7750368627578019,-0.8955775513708591,1.7247919945180414
1789799527217344500,22.236344482421874,0.4569230992555618,-0.10971183608472347,1.7458254301965235
1789799527227315500,22.2463154296875,-0.30600309100244194,0.346389425393939,1.1740735902339219
1789799527237287400,22.256287353515624,-1.1540467012494802,0.47908992287814617,0.5731529389321803
1789799527247258400,22.26625830078125,-0.8204238184481859,0.34226270085275173,-0.6465642121016979
1789799527257229600,22.2762294921875,0.19649755461215973,0.093293200725317,-1.5919418594300745
1789799527267200500,22.286200439453125,0.6995242333948611,-0.5525269150108099,-1.8372335478276014
1789799527277171500,22.29617138671875,0.4010737497290596,-0.7926192811995745,0.40103579233884806
1789799527287143400,22.306143310546876,1.1423995180755853,-0.7741554037481546,3.361506477132439
1789799527297114400,22.3161142578125,1.6851275081276893,-1.6102046613514422,3.472956096795201
1789799527307085600,22.32608544921875,-0.5184335067510605,-2.480789810284972,2.0092425578713415
1789799527317056500,22.336056396484373,-3.0209231076687573,-1.8479156853616236,0.09169102622568606
1789799527327028500,22.346028564453125,-2.6527146491765974,0.2855032872766256,-0.6940916869521141
1789799527336999400,22.35599951171875,-1.7932137888371944,1.7264783401697874,-0.9246978473931551
1789799527346970600,22.365970703125,-1.608647495037317,2.0908172637522218,-1.2529974893450737
1789799527356941600,22.375941650390626,-1.8984937799543142,2.073655116549134,-0.6352227338761091
1789799527366913500,22.38591357421875,-1.1531330935359,1.2143377960830926,0.7462702024787664
1789799527376884500,22.395884521484376,0.8505202660262584,-0.15768413209319113,3.2237288225144147
1789799527386855700,22.405855712890624,2.5100585748672484,-1.7350509382039307,5.040810978195071
1789799527396826600,22.41582666015625,2.40410463001132,-3.7055163139134644,3.4912674140334126
1789799527406797300,22.42579736328125,1.4806220036268234,-4.369277744531631,0.19821838705539702
1789799527416769500,22.43576953125,-0.19645429999232292,-2.9877573356479403,-0.4457604847282171
1789799527426740500,22.445740478515624,-1.295149700897932,-1.238164661872387,0.3918815950244665
1789799527436711400,22.45571142578125,-0.4857447045922279,-0.11970979074686765,1.0907570091217755
1789799527446682400,22.465682373046874,0.36597149322032924,-1.3709689119920134,0.2896498855620622
1789799527456654600,22.475654541015626,0.5012941559016705,-3.275686973288655,-0.17241817536652088
1789799527466625500,22.48562548828125,0.13128949817512184,-3.644609425269067,1.1329624121665953
1789799527476596500,22.495596435546876,0.41204000143408775,-2.6526331083729864,3.609387012979388
1789799527486567400,22.5055673828125,1.0657598574440925,-1.7311550998091696,4.951933840346336
1789799527496539600,22.51553955078125,2.3019722892701626,-1.720214311338961,3.2148212934374807
1789799527506510600,22.525510498046874,2.457259881615639,-2.6996976418867704,-0.4079541934251785
1789799527516481300,22.535481201171876,0.5675566532950848,-2.760226052607596,-2.6425486444711686
1789799527526452500,22.545452392578124,-0.15708675072193146,-1.5979562974140047,-3.995230496883392
1789799527536423400,22.55542333984375,1.270378832256794,-0.8802572326421737,-6.429991546443104
1789799527546395600,22.565395751953126,2.7839421514987945,-0.6993240346476435,-7.914854840901493
1789799527556366300,22.575366455078125,2.9749112980782986,0.04904986211210489,-7.898172001647949
1789799527566337500,22.585337646484376,3.2000656228542326,1.1070704305410384,-7.551953841167688
1789799527576308500,22.59530859375,2.851000840771198,2.0000798849895594,-6.785345199537277
1789799527586280700,22.60528076171875,1.8185799930229782,2.6199127420321107,-5.514147452113032
1789799527596251400,22.61525146484375,2.356879791369289,2.030638981643319,-5.516697136595845
1789799527606222300,22.625222412109373,2.2111994008027014,1.0603548565953969,-6.165788821348547
1789799527616193500,22.635193603515624,0.9515921379290521,1.0947130532711744,-5.273139140123129
1789799527626164500,22.64516455078125,-0.4754371725242585,2.1002739511445165,-3.2885973082661626
1789799527636136400,22.655136474609375,-0.8681797682922333,1.5937895331233738,-3.136635645473003
1789799527646107400,22.665107421875,-0.8533703947603702,-0.28603607897907496,-3.3582699794292448
1789799527656078600,22.67507861328125,-1.1079822846889495,-0.7736822332784533,-2.986805149489641
1789799527666049500,22.685049560546876,-1.8016028469979761,0.5554129918411373,-2.7641052321285007
1789799527676021500,22.695021484375,-1.473850902056694,1.5985270830392837,-2.7466753738999365
1789799527685992400,22.704992431640626,-0.917622209918499,1.8002707216113805,-3.8218016831696033
1789799527695963400,22.71496337890625,-0.6222270587027072,1.7648875658020375,-5.57819526913166
1789799527705934600,22.7249345703125,-0.2557844043066725,1.6774603345006702,-6.518413341739773
1789799527715905500,22.734905517578124,0.7575041286766528,0.9480953818544745,-6.152529526802897
1789799527725877500,22.74487744140625,1.0461164878845215,1.1613143541648983,-2.666223534569144
1789799527735848400,22.754848388671874,0.3911269772648811,1.74298786868304,-0.22996610897183417
1789799527745819600,22.764819580078125,-0.9710241297602653,0.6634189007908106,-0.45201019277274607
1789799527755790600,22.77479052734375,-2.4482220041573046,-0.827566675940156,-1.50901340085268
1789799527765762600,22.784762451171876,-2.1349439902484417,-1.9489619844317434,-2.729205183660984
1789799527775733500,22.7947333984375,-0.6285714592933654,-2.9198206944972274,-2.1628122403830288
1789799527785704400,22.804704345703126,-0.4534656522780657,-2.7409759932145477,1.033537576818466
1789799527795675400,22.81467529296875,-1.407960087519884,-1.9016455219835042,2.8124609744966027
1789799527805646300,22.824646240234376,-1.4995061523169277,-1.774331393712759,2.034561708045006
1789799527815618600,22.83461865234375,-0.4347825791180134,-1.893327775493264,1.2399497917234896
1789799527825589500,22.844589599609375,-0.361294075993821,-2.2299492555886506,1.5065397042155264
1789799527835560400,22.854560546875,-0.6402571478467435,-2.676106630679965,2.19029996676743
1789799527845531400,22.864531494140625,0.3237059574861079,-3.210677033239603,1.8385405387729405
1789799527855503600,22.874503662109376,1.4634090030193327,-3.5382828477084636,1.2819208014905452
1789799527865474600,22.884474609375,1.4599451263010501,-3.6880215737551447,1.3764672171473502
1789799527875445500,22.894445556640626,0.1026607485294342,-4.157022648817301,1.9166186347097158
1789799527885416400,22.90441650390625,-1.2412298946619034,-3.9466760170727966,2.7350316978573797
1789799527895388700,22.914388671875,-1.4018816443890332,-2.0642226868152616,2.31956347554028
1789799527905359600,22.924359619140624,-0.5007201554059982,0.6684153939038515,0.5864987427175045
1789799527915330300,22.934330322265627,0.7800362784802913,2.31240249786973,-1.0166472322940825
1789799527925301500,22.944301513671874,0.905876242545247,2.502382633411884,-1.3508540524631738
1789799527935272400,22.9542724609375,-0.5831775624055415,1.1594184574156998,0.23098668419122695
1789799527945244700,22.96424462890625,-1.5118161833137274,-1.0271861619651317,3.7732062868267295
1789799527955215400,22.97421533203125,-0.7279465372156352,-2.6838731730282306,6.694642599827051
1789799527965186600,22.9841865234375,1.1693582521498203,-1.2253677241414784,6.067077687227726
1789799527975157500,22.994157470703126,1.8908061480611562,1.302840839922428,2.955428014451265
1789799527985129500,23.00412939453125,0.8027828747522086,1.7202993592739104,0.782179720249772
1789799527995100400,23.014100341796876,-0.738844436392188,1.5827975989878176,0.15556524024307727
1789799528005071400,23.0240712890625,-2.319560552930832,1.4363327800452708,0.31360943782031536
1789799528015042600,23.03404248046875,-3.2559476690739393,1.0090104538053273,1.4984890842288732
1789799528025013500,23.044013427734374,-0.7887778033405541,0.2324924125790596,2.55710966437757
1789799528034985500,23.0539853515625,1.4988392128407955,1.0384171655535697,2.793756274026632
1789799528044956400,23.063956298828124,1.4554928230673074,1.536928997260332,2.740407545676827
1789799528054927600,23.073927734375,0.12772033445145933,0.606253829023242,3.5685680958569046
1789799528064898600,23.083898681640626,-0.14788577339006587,-1.7807231405764816,5.177753351032734
1789799528074870500,23.09387060546875,3.50848684438169,-5.195604065021872,6.656363430315256
1789799528084841500,23.103841552734377,4.977209735900163,-6.008350772970915,6.335716933465004
1789799528094812400,23.1138125,1.9392028069615364,-2.7309476434141398,3.5416099463045594
1789799528104783600,23.12378369140625,-0.6114905971655622,0.6369646091073751,1.8133908999472856
1789799528114754600,23.133754638671874,-2.1811884395509957,2.0736673915088177,0.3322112624377012
1789799528124726500,23.1437265625,-3.0082582718849182,1.6995155144423246,-0.3003419599682092
1789799528134697500,23.153697509765625,-2.286258587309718,0.01563011533021927,0.7036316687136888
1789799528144668700,23.163668701171876,0.04829323505852371,-1.3952566732913254,1.4415829556584356
1789799528154639400,23.173639404296875,2.1908891648322344,-1.4709399830460548,0.9823597627669572
1789799528164611600,23.183611572265626,2.9030402400881052,-1.1107663624495268,0.5468728347718715
1789799528174582500,23.19358251953125,1.8207032687872646,-1.7211872480243444,-0.03498480414152145
1789799528184553500,23.203553466796876,0.3540396113535389,-2.5153023207396266,0.6245423499077558
1789799528194524400,23.2135244140625,-0.23870124062392858,-2.227415353196859,1.3114105153471232
1789799528204495400,23.223495361328126,-0.611470102366805,-0.8948574204027652,0.8626999486416578
1789799528214467600,23.233467529296874,-1.0877275052327662,1.0394441705137492,0.4276724548518657
1789799528224438500,23.2434384765625,-1.180067862212658,2.5001275479614735,-0.5918360120922327
1789799528234409500,23.253409423828124,-0.8430623512357472,3.122612965339422,-2.5136522154450414
1789799528244380400,23.26338037109375,-1.9798264937728642,3.283893076097965,-3.3131396288484334
1789799528254352600,23.2733525390625,-2.9997341891676186,2.971948941141367,-2.5380355460733175
1789799528264323600,23.283323486328126,-3.2289865969121454,2.1871248438626525,0.2803203316807747
1789799528274294300,23.293294189453125,-1.1499299135804175,1.329251292464137,3.582443476474285
1789799528284265500,23.303265380859376,2.057801713857055,0.6198427939146757,5.779665351459384
1789799528294236400,23.313236328125,2.0332839431941507,-0.23202421054542063,6.4661489014953375
1789799528304208600,23.323208740234374,0.3353624199450016,-1.9361416658252477,4.879922497102618
1789799528314179300,23.333179443359374,-0.20081015711426733,-3.610625614863634,1.5355267292469739
1789799528324150500,23.343150634765625,-0.1137106233973056,-3.269361277398467,-1.0248287851840256
1789799528334121500,23.35312158203125,-0.742293846193701,-1.1446592797011137,-1.4641151054620742
1789799528344092700,23.3630927734375,-0.9270978942722081,0.4276438132792711,-2.1831869198918343
1789799528354064400,23.373064453125,-1.279627868247777,0.8380611819475888,-2.0143828433692454
1789799528364035600,23.38303564453125,-1.8218232127279042,0.23596154999434946,-0.5927800149440765
1789799528374006500,23.393006591796876,-1.9075369181096553,-0.4375204796493053,3.0117548818290234
1789799528383977500,23.4029775390625,-0.043465011184476314,-1.5243874955952166,7.736444147121905
1789799528393949400,23.412949462890627,2.426215924054384,-3.8919308659285305,9.56764893617928
1789799528403920400,23.42292041015625,2.639123346197605,-6.430176255360245,6.521771419996023
1789799528413891600,23.4328916015625,0.03713237409684807,-6.149159758108854,2.443625908538699
1789799528423862500,23.442862548828124,-2.4741022953450678,-3.322720819403231,0.4394721982389688
1789799528433834500,23.45283447265625,-2.0632067877709863,-2.586886670742929,-1.5929881536126136
1789799528443805400,23.462805419921875,-0.40402912893593307,-2.868660416102409,-2.4655776281058785
1789799528453776600,23.472776611328126,0.9396376423716545,-2.7697821087211367,-2.4359376921236513
1789799528463747600,23.48274755859375,1.7765093222737312,-2.2319331228822468,-2.208046051338315
1789799528473718500,23.492718505859376,1.9605588987231253,-1.7567121503919363,-1.632519953534007
1789799528483690500,23.5026904296875,1.8058230950415133,-1.4124246657133102,-2.1615181089192625
1789799528493661400,23.512661376953126,1.819063684886694,-0.5845499467372894,-4.233198710525036
1789799528503632600,23.522632568359374,2.1373475442588328,0.7911424866452813,-5.471344083175063
1789799528513603300,23.532603271484376,2.2873966514289377,1.5604954585477708,-5.329914920312166
1789799528523574500,23.542574462890624,1.5372738651752471,2.0169450950726864,-4.903739426019787
1789799528533546500,23.55254638671875,0.6676537618815899,1.9423715001255273,-5.056094472044706
1789799528543517400,23.562517333984374,-0.0640625031311065,1.1734776701673864,-5.801693643394112
1789799528553488100,23.572488037109373,0.4529191973764449,0.8501327280133962,-5.562731742540001
1789799528563459300,23.582459228515624,0.8465280545849353,0.6600815730616449,-4.406363320344687
1789799528573431300,23.592431396484375,-0.29064430342689157,0.16646920383423566,-2.5675135694921014
1789799528583402500,23.602402587890627,-0.8029986363947391,-0.15186404763758182,-2.5739462328881024
1789799528593373200,23.612373291015626,0.21139241447038948,-1.8506480329349635,-5.490399496778846
1789799528603344400,23.622344482421877,0.6377063673853873,-2.1853294848784803,-6.420984648644923
1789799528613315300,23.6323154296875,-0.1505879632871598,1.0040124993875623,-4.9359261238753795
1789799528623287600,23.64228759765625,-0.31948329828977584,2.7025872258484362,-3.705418114235997
1789799528633258200,23.65225830078125,-0.24745040080137548,1.561229910302162,-5.059994986614584
1789799528643229200,23.662229248046874,0.5326011483132839,0.002495323947072029,-7.9575500732898705
1789799528653200400,23.672200439453125,1.0122165563702583,0.2834036846488714,-8.614567290344834
1789799528663172600,23.682172607421876,0.22323475489020347,1.6846470311343669,-6.494180233237147
1789799528673143300,23.692143310546875,-0.2066273372267373,2.922506572580337,-1.8418278898805378
1789799528683114200,23.7021142578125,0.025037995144724844,1.1156143870025872,0.5420797552764416
1789799528693085400,23.71208544921875,-0.7825462154746056,-1.1462734368994831,2.5407506502509114
1789799528703056400,23.722056396484376,-1.9580583140790462,-1.946393010726571,3.1643717936605213
1789799528713028400,23.7320283203125,-2.611030639657378,-2.4958713518217204,0.9952461323469877
1789799528722999300,23.741999267578127,-2.824547133609652,-2.3662720352232456,-0.7413906137436628
1789799528732970500,23.751970458984374,-1.971089060565829,-1.6444377703428268,-1.582933208066225
1789799528742941400,23.76194140625,-1.6233949823141096,-1.077770394037664,-2.770982716682553
1789799528752913400,23.771913330078124,-1.1605845785856246,-0.76684391169101,-4.550584744274616
1789799528762884400,23.78188427734375,0.25407179170250893,-0.352210094371438,-5.902782612562179
1789799528772855300,23.791855224609375,0.8811082965135574,0.5968138005048036,-5.496255237069725
1789799528782826500,23.801826416015626,-0.1631663628965616,1.6516431716769933,-3.2049738531619307
1789799528792797400,23.81179736328125,-1.0763315203409642,1.7456021428346633,-2.0683488268345593
1789799528802769400,23.821769287109376,-0.9124959529459475,0.8281383383482694,-2.9453654701203105
1789799528812740400,23.831740234375,0.11846906997077167,-0.4901841483443975,-3.4235458769381046
1789799528822711600,23.841711669921875,0.22142741320729253,-1.5255395882397889,-1.4419734162807463
1789799528832682500,23.8516826171875,-1.2394180229343472,-2.928669771385193,1.6920552615642546
1789799528842653200,23.861653076171876,-1.1384931582868099,-4.839626142549514,2.748489145323634
1789799528852625400,23.87162548828125,-0.5129829131949692,-5.456300243300199,3.035480040809512
1789799528862596400,23.881596435546875,-0.563397853115201,-3.7584693209439513,2.7850176717758175
1789799528872567300,23.8915673828125,-0.9570740034062415,-1.409355341270566,2.930568298482895
1789799528882538200,23.901538330078125,-1.4149994846373795,-0.6479390075862407,4.428443634727597
1789799528892510500,23.911510498046876,-1.4469699093937873,-1.5004910717010498,6.121649235370755
1789799528902481400,23.9214814453125,-1.686888672581315,-3.136611680075526,7.673785738635063
1789799528912452400,23.931452392578127,-0.6159235015790909,-4.281844375750422,8.478527419304847
1789799528922423300,23.94142333984375,0.7690251281876117,-4.828156069508195,8.620452841252089
1789799528932394200,23.951394287109373,0.9225865543276071,-5.043230314296483,8.585643393677472
1789799528942366500,23.961366455078124,1.9900795922398566,-4.047549297663569,7.189479542413354
1789799528952337200,23.971337158203124,2.632238847380876,-2.283722346830368,4.5990977230310435
1789799528962308400,23.981308349609375,1.0418523276340215,-0.8541513160049915,2.7706577225118876
1789799528972279300,23.991279296875,-0.47507254046294833,0.35887890461087224,1.584607863280177
1789799528982250500,24.00125048828125,-0.8948872310191393,1.518808818680048,0.7062023959845304
1789799528992222200,24.01122216796875,-0.15358078842759132,2.2578157521575686,-0.38539047943949695
1789799529002193400,24.021193359375,0.7114286062002182,2.4386101262032986,-1.093762620678544
1789799529012164400,24.031164306640626,0.31466855495180934,2.3905355388641354,-0.6766103907972574
1789799529022135300,24.04113525390625,-0.5012696059823036,2.4988807627707716,-0.040019291177392
1789799529032107300,24.051107177734377,-0.1320399877488613,2.135597485721111,-0.4592787224709987
1789799529042078200,24.061078125,1.4286252744078636,1.6638292840331792,-1.9156454057633876
1789799529052049400,24.07104931640625,1.6349235075443982,2.087348126336932,-2.407260463693738
1789799529062020400,24.081020263671874,0.603887099891901,2.5992069308727976,-1.4976456191420555
1789799529071991600,24.090991455078125,0.1959743709882721,2.559914784926176,-0.31745559185445305
1789799529081963300,24.10096337890625,-0.21274960123300551,2.046660726639628,0.21845921105146407
1789799529091934500,24.1109345703125,-1.1558944480080158,1.9339321730822323,1.1747826152861118
1789799529101905400,24.120905517578127,-1.2435527846515178,1.9713737227261066,1.7180448583453893
1789799529111876400,24.13087646484375,-0.576455999065563,1.3303829268425702,1.0419073457568884
1789799529121847300,24.140847412109373,-1.1364455781072378,0.8046849820464849,2.196956502047181
1789799529131819300,24.1508193359375,-2.4454636453598737,0.4572276351600885,6.083024028900265
1789799529141790500,24.16079052734375,-1.2173474992930888,-0.20798457878828047,10.132775805044174
1789799529151761400,24.170761474609375,2.912906385064125,-1.0117746578216553,11.007281342291831
1789799529161732400,24.180732421875,4.15570104482472,-2.0903513998061416,9.260348243114352
1789799529171704300,24.190704345703125,1.3740145632982252,-3.404202878564596,7.085483161365985
1789799529181675500,24.200675537109376,-0.8142009984105825,-3.99359266654849,3.787890061217546
1789799529191646500,24.210646484375,-1.6058382828354834,-3.5703199079602954,0.915022256553173
1789799529201617400,24.220617431640626,-2.0988000791996715,-3.0081027890622614,-0.30701719994843
1789799529211588400,24.23058837890625,-2.1006144351452587,-2.685994987487793,-0.5703834742188454
1789799529221560600,24.240560546875,-1.8726584969520568,-2.5628701276004313,-0.8219260397046804
1789799529231531300,24.25053125,-1.4493921681046484,-2.19201612303555,-1.2203694774627685
1789799529241502200,24.260502197265627,-0.33606559977829453,-1.724102843210101,-1.4138234265953302
1789799529251473400,24.270473388671874,-0.022096096473932264,-1.6765969956696032,-0.2291331652790308
1789799529261444400,24.2804443359375,1.053195047968626,-1.8173381762683392,1.979015761911869
1789799529271416300,24.290416259765625,2.535020582166314,-1.887298432201147,4.254416270598769
1789799529281387300,24.30038720703125,2.9587346547812223,-1.7257950340807438,5.382997106680274
1789799529291358500,24.3103583984375,2.051582985472679,-1.6278922937333582,3.6574329587459564
1789799529301329400,24.320329345703126,0.6046750353991985,-1.399300980246067,0.37949616070389747
1789799529311301400,24.33030126953125,-0.4511638050764799,-0.6337105757474899,-1.7585469646036624
1789799529321272300,24.340272216796876,-0.9748241065651178,0.48291971029937264,-2.724087694516778
1789799529331243300,24.3502431640625,-0.8349369124472141,1.377060506865382,-3.055758274206519
1789799529341214500,24.36021435546875,-0.14030278918147085,1.4699568172276019,-2.969583965575695
1789799529351185400,24.370185302734374,1.2105202836215496,1.0119991142272948,-2.3376018210560083
1789799529361157400,24.380157470703125,2.645162626361847,0.3705921387583017,-1.3298656249701977
1789799529371128300,24.39012841796875,3.300424524182081,-0.5672872617691755,-0.18171674958765505
1789799529381099500,24.400099609375,2.842420059430599,-1.6053367630541324,0.6969611049085855
1789799529391070500,24.410070556640626,1.9766028555512427,-2.256435403715074,1.009189902025461
1789799529401041200,24.420041259765625,1.0972902102828026,-2.1110180479988454,1.5812667361587285
1789799529411013400,24.430013427734377,0.6676409024000167,-1.562801981924474,2.065370687806606
1789799529420984300,24.439984375,0.4865981065511703,-1.2459186370000241,2.3706676398336888
1789799529430955500,24.44995556640625,0.08977087181806563,-1.4795795088365673,1.8377835829257965
1789799529440926200,24.45992626953125,-0.11893624909110366,-1.8355533396556973,1.244380467647314
1789799529450898400,24.4698984375,-0.5732686742663383,-2.163073813928664,0.29308804331719873
1789799529460869400,24.479869384765625,-0.43094000528044996,-2.4059616560548545,-1.58794080709517
1789799529470840600,24.489840576171876,-0.5083562763076275,-2.058517168650031,-3.0740397808283566
1789799529480811300,24.499811279296875,-0.4878057287752628,-1.4380959903255104,-4.230611616641283
1789799529490782200,24.5097822265625,0.5741385159034281,-0.4127209694355726,-5.386735708686709
1789799529500754400,24.51975439453125,2.1872667365513743,0.2092661430314183,-7.425974176371097
1789799529510725400,24.529725341796876,3.7096763562023636,0.1531134631767869,-9.629562663778662
1789799529520696300,24.5396962890625,4.241171589100361,0.5251628150060773,-9.632088382863998
1789799529530667500,24.54966748046875,2.739475233262777,2.4574770314976573,-6.569467237150668
1789799529540638500,24.559638427734374,0.937181335260719,2.9701939141675826,-5.162748674124479
1789799529550610400,24.5696103515625,-0.1567373527623713,1.0208870618209243,-5.204215241500735
1789799529560581400,24.579581298828124,-0.2807376803100109,-0.4267404346987605,-5.2326101458579295
1789799529570552600,24.589552490234375,-0.4951625212788582,-0.18045593587160108,-5.24918894021511
1789799529580523500,24.5995234375,-0.8666039703428745,0.8881783810302615,-4.58142411917448
1789799529590494500,24.609494384765625,-0.8752758640330285,2.005169024822116,-3.390362569260597
1789799529600466400,24.619466552734377,-0.9553225566290319,2.1474001517176626,-3.052145344406366
1789799529610437400,24.629437255859376,-0.9516764552116393,1.2084490303054451,-3.5181191806018353
1789799529620408600,24.63940869140625,0.6147896021783351,-1.6457593743354082,-4.899529699370265
1789799529630379500,24.649379638671874,0.6665057608902454,-2.5404893689662216,-2.2403625130534173
1789799529640351500,24.6593515625,-0.4223181612771004,0.12491262008696793,1.5959090094953774
1789799529650322400,24.669322509765625,-0.43689971740245814,0.23935557634681462,0.6577268266290426
1789799529660293600,24.679293701171876,-1.2017957098960876,-1.4508046652510762,-1.1748422365188598
1789799529670264600,24.6892646484375,-1.0650386304974555,-2.1818565480709076,-3.670110069489479
1789799529680235300,24.6992353515625,0.07238485273122787,-2.063235721604526,-5.981296761828661
1789799529690207500,24.70920751953125,-0.6207073017895222,-0.8544421156451105,-5.1430157996505494
1789799529700178400,24.719178466796876,-2.2099346415638923,0.5038982009202242,-3.8550674084335563
1789799529710149600,24.729149658203124,-2.502741529852152,1.130986143657565,-4.542120282790065
1789799529720120300,24.739120361328126,-0.711249742501974,1.5362982981413602,-5.334603370389342
1789799529730091500,24.749091552734374,1.5376467901408672,1.759905393475294,-3.6852825041800736
1789799529740063500,24.7590634765625,2.09264857083261,1.7399141603261232,1.0385177033185957
1789799529750034700,24.76903466796875,1.2858961348623037,1.2081465402275322,4.33593310881257
1789799529760005400,24.77900537109375,0.03625325317475944,-0.9502946454644202,5.0656093193650245
1789799529769976300,24.788976318359374,-1.2636778733134268,-5.472329002559185,2.024979056185484
1789799529779947500,24.798947509765625,-1.1747469594508408,-8.910651592868566,0.028111995762586592
1789799529789919500,24.80891943359375,-0.00030154022984206676,-8.781907139533757,0.4489139803230762
1789799529799890400,24.818890380859376,-0.6279337459117174,-5.2969677594780915,2.7328450014680623
1789799529809861400,24.828861328125,-1.5300947673261165,-1.5945418127954005,3.1003958728343246
1789799529819832600,24.83883251953125,-1.1488239981651305,1.1320797841131687,1.3021931896686554
1789799529829804500,24.848804443359374,0.43278172415699806,2.9955647945284842,-0.2865793920755386
1789799529839775500,24.858775390625,0.6603571751326323,3.274246126830578,-0.21021043814420698
1789799529849746400,24.868746337890624,-0.15217556127216667,1.9345272163659333,2.839749378916621
1789799529859717600,24.878717529296875,0.3668336264749989,-1.4961352145791054,6.920903424540161
1789799529869688600,24.8886884765625,1.8078461253017186,-5.839793364685773,8.277970360168814
1789799529879660500,24.89866064453125,2.266751922807097,-5.702527166721224,7.452110488146543
1789799529889631500,24.908631591796876,2.358404370588064,-3.534043310442567,5.100155732089281
1789799529899602400,24.9186025390625,2.6598838101536035,-1.5316805752128362,2.5761148090988395
1789799529909573600,24.92857373046875,1.8829887523084878,1.2449965537190437,0.4164163168221712
1789799529919544600,24.938544677734374,-0.6285580152899026,3.637275721380114,-0.9412702120095491
1789799529929516500,24.9485166015625,-2.6043974852532146,4.6996600379765034,-2.4529718290328977
1789799529939487500,24.958487548828124,-2.6694384049624205,4.880796941849589,-3.3015555740386247
1789799529949458700,24.968458740234375,-4.5081215670764445,4.827824061074852,-1.622777142676711
1789799529959429400,24.978429443359374,-6.949277870631217,3.023292174887657,2.9112247155874966
1789799529969400300,24.988400390625,-1.330616151076555,-3.3747979203820226,8.617935889995097
1789799529979372500,24.99837255859375,9.881327347582578,-11.358918020689487,15.085153882026672
1789799529989343500,25.008343505859376,11.622205384504795,-10.00398342091441,14.915338582634925
1789799529999314400,25.018314453125,6.702016343465447,-2.19376968870461,6.282690861198306
1789799530009285400,25.028285400390626,2.4840005890250203,2.0343810907810926,-0.3874678702354431
1789799530019256600,25.038256591796873,-0.8830530008405446,4.05353480181396,-3.3443782321989532
1789799530029228500,25.048228515625,-3.245007757386565,4.578254841488599,-4.865644965425133
1789799530039199500,25.058199462890624,-3.1273879246562717,3.331267990735173,-4.41665032108128
1789799530049170400,25.06817041015625,-2.1711235571324825,1.6601824519634245,-1.3055752333223818
1789799530059141400,25.078141357421874,-1.933932757604122,0.24782559078931807,0.8372422667801379
1789799530069113600,25.088113525390625,-0.4439975667089224,-1.6405892782211302,2.18563782017529
1789799530079084300,25.098084228515624,1.4792448700547218,-2.9391829820930955,2.572130123376846
1789799530089055500,25.108055419921875,1.460926538553834,-2.9566712925106287,3.239779793605208
1789799530099026400,25.1180263671875,-0.5212351201683283,-2.343615382257104,5.764557798698545
1789799530108997600,25.12799755859375,-0.6194312905043363,-0.7103069086939096,5.848119294482469
1789799530118969300,25.13796923828125,0.00612757950220257,1.186936578938365,3.374408044281602
1789799530128940500,25.1479404296875,0.7001870812177657,2.1456647062271834,0.9852519770771264
1789799530138911500,25.157911376953123,0.6881447612464427,2.324625435104966,-0.9897235695332288
1789799530148882400,25.16788232421875,-1.118341766139865,2.0217536643981933,-1.9761387451708317
1789799530158853600,25.177853515625,-3.728717741280794,1.1312187833696603,-0.2518722358316183
1789799530168825300,25.187825439453125,-3.4939924550831316,-1.0701409220725298,1.6267174047350883
1789799530178796500,25.197796630859376,-0.536420414340496,-2.663411399757862,2.9905343991458415
1789799530188767500,25.207767578125,1.6054571745634079,-2.7013275811761615,4.016133584180474
1789799530198738700,25.21773876953125,2.062739754781127,-2.6995062109678982,2.864914215311408
1789799530208709400,25.22770947265625,2.3468594787448644,-2.362138880941272,-1.0741887361586093
1789799530218681600,25.237681640625,1.0749421848744154,-1.2048323011130093,-2.3729466906815766
1789799530228652500,25.247652587890624,-0.29795301900506016,-0.5918348430484532,-1.3029594978660344
1789799530238623500,25.25762353515625,-0.6129600486636162,-0.547757800912857,-0.0806833099991083
1789799530248594400,25.267594482421874,-0.24072014269828795,-0.426946478664875,1.613390890172124
1789799530258565400,25.2775654296875,0.45120764421820636,-0.5145926134139299,2.3646435572385784
1789799530268537600,25.28753759765625,0.6660176851123571,-0.7983674694627523,2.8896657947301865
1789799530278508500,25.297508544921875,0.3308919965326786,-1.7756395537018774,3.6778918094068764
1789799530288479500,25.3074794921875,0.2727805838257074,-3.3381150801509616,3.7811639678329225
1789799530298450400,25.317450439453125,0.2338420736223459,-4.469419203716516,3.1844939597129818
1789799530308421400,25.32742138671875,-0.49348143632411956,-4.416736830320954,2.8249644822388884
1789799530318393300,25.337393310546876,-0.751267280113697,-3.739361008109152,2.5578081680357454
1789799530328364300,25.3473642578125,-0.6018704993724823,-2.987232142730057,1.7442285163938998
1789799530338335500,25.35733544921875,-0.21254384952783584,-2.4844986016750332,0.7733429183214903
1789799530348306400,25.367306396484373,0.12394790324065834,-2.849029832959175,-0.7262076576590537
1789799530358278400,25.3772783203125,0.5460172043232246,-2.8871590726062655,-1.9021733452498912
1789799530368249300,25.387249267578124,1.809064853441715,-1.9523422745198011,-2.7142314864128827
1789799530378220500,25.397220458984375,2.3238638030827046,-0.7594087932541966,-3.5995834118455647
1789799530388191500,25.40719140625,1.9456277254424987,0.3869479380145669,-3.6355823614656924
1789799530398162700,25.41716259765625,2.0878712734282017,0.9018485944643616,-3.6731677034944292
1789799530408134400,25.427134521484376,1.8721932175278662,0.9207570008128881,-4.295058662110566
1789799530418105600,25.437105712890624,1.733647355016321,1.341318162354827,-3.828490367153287
1789799530428076500,25.44707666015625,1.463204566488415,1.7713009399756787,-4.006837932568788
1789799530438047500,25.457047607421874,2.115762173786014,1.224900691151619,-5.489971626755595
1789799530448018400,25.467018310546877,2.1853158947445452,0.24098317754864693,-7.689713960129022
1789799530457990400,25.476990478515624,1.7003564953111112,-0.6530231789827347,-8.567045076191425
1789799530467961600,25.486961669921875,0.7391478032529354,-0.9415224332049489,-8.429910980173945
1789799530477932500,25.4969326171875,0.8181213867247105,0.138741531214118,-6.5137891890704624
1789799530487903500,25.506903564453125,1.6668227667607367,1.3157424070715904,-5.255014869889616
1789799530497874400,25.51687451171875,1.7121544851325452,2.066126766870916,-5.259117044511437
1789799530507846700,25.5268466796875,1.4705530295550822,1.71841661426723,-5.226657959455252
1789799530517817600,25.536817626953123,1.0312683167122303,-0.11473463268280029,-4.562533540743589
1789799530527788300,25.546788330078126,0.0968657985150814,-0.4767451133176684,-2.106702815148234
1789799530537759000,25.556759033203125,-0.5022328980565071,0.18016396718770264,-0.7925602444887161
1789799530547730200,25.566730224609376,-0.8793804498076438,0.23744243620187042,-1.3492290816098451
1789799530557702100,25.5767021484375,-0.8634650877952575,-0.41368922994583845,-2.5239625970572233
1789799530567673000,25.586673095703127,-0.7463420986711978,-1.2493065258726477,-3.466899280974269
1789799530577644000,25.59664404296875,-0.6736474493384361,-1.0476236775770782,-3.4311855780363083
1789799530587615200,25.606615234375,-0.3252221342027187,-0.07273235099464655,-2.5576778196543453
1789799530597586200,25.616586181640624,-0.6093441597213969,0.3534828907862305,-2.5670155568420885
1789799530607558100,25.62655810546875,-1.0120084665775297,0.11808540441542863,-3.8331805707961317
1789799530617529000,25.636529052734375,-0.6037853930830955,0.16989479436874388,-4.863892568799853
1789799530627500000,25.6465,0.06188450150489807,0.6507979041486979,-5.226811688712239
1789799530637471200,25.65647119140625,-0.16335165633559226,1.3533484996274112,-3.720070324444771
1789799530647443000,25.66644287109375,-0.7289607557594776,1.8266861425891519,-2.116378990510106
1789799530657414100,25.6764140625,-1.2047650810956954,1.6617559848904608,-1.8863240342110394
1789799530667385000,25.686385009765626,-0.8803022408276796,0.9477087206244468,-2.949906036159396
1789799530677356300,25.696356201171874,-0.010031564670801163,0.08662789761722087,-3.932475642284751
1789799530687327200,25.7063271484375,-0.38416006086170673,-0.5212175845116377,-2.459359484243393
1789799530697299200,25.71629931640625,-1.5214087720453737,-1.225836510697007,0.3872977743655443
1789799530707270100,25.726270263671875,-2.206324049851298,-2.7240847719073296,1.472894039723277
1789799530717241000,25.736240966796874,-1.5937907021671534,-4.160763004389405,1.1030664555966854
1789799530727212300,25.74621240234375,-0.003879471781849861,-4.3194840783149,0.8561725926995277
1789799530737183000,25.756182861328124,0.5445207186877727,-3.2007150266736746,1.9826736998975276
1789799530747155200,25.7661552734375,0.6408931076627224,-2.661972891387343,4.043248385599255
1789799530757126100,25.776126220703127,0.41317572746574877,-3.8978427203208206,6.284401756769419
1789799530767097300,25.786097412109374,0.3655769409447908,-5.961674361991882,7.241485039460659
1789799530777068000,25.796068115234377,0.581575899362564,-6.307278774487972,6.855260447284579
1789799530787039000,25.8060390625,0.969038508901,-4.65775917083621,5.376524695795774
1789799530797011200,25.81601123046875,1.217123042887449,-2.462948448646068,4.296919195285439
1789799530806982100,25.825982177734375,0.3356237742949277,-0.7605278604120016,4.198760434350371
1789799530816953000,25.835953125,-0.9299725729256868,0.3152151194512844,3.3169378520876167
1789799530826924000,25.845924072265625,-0.42707974965572354,1.1274310815244912,1.659483948305249
1789799530836895200,25.855895263671876,0.29822018204126505,1.708006279411912,0.4589309319466352
1789799530846867200,25.8658671875,0.3037088425854221,1.8161176945626734,0.3702887718975544
1789799530856838100,25.875838134765626,0.315946940857172,1.8265917423039673,0.7442705530941486
1789799530866809000,25.88580908203125,0.36376375404298306,1.864067778739333,1.490913680538535
1789799530876780300,25.8957802734375,0.6375678356975316,1.4378332477360962,2.468321958377957
1789799530886751200,25.905751220703124,1.4060188903242348,0.8986538900762796,2.783659242904186
1789799530896723200,25.91572314453125,1.9639491256833075,0.8019447434276342,2.914592146193981
1789799530906694100,25.925694091796874,2.099664587074518,1.0550164181768893,2.484469375580549
1789799530916665000,25.9356650390625,1.8319705127328634,1.2588351094573735,1.3859002314031124
1789799530926636300,25.94563623046875,1.0567501101016998,1.6695096677571535,0.7964461460113524
1789799530936607200,25.955607177734375,0.13535714947283267,2.088412540698051,0.8694640359491109
1789799530946579200,25.9655791015625,-0.2197960126131773,1.955488755851984,0.5581529381990432
1789799530956550100,25.975550048828126,-1.078296171477437,1.3052841414213179,0.9660574472635984
1789799530966521300,25.985521240234377,-2.6388293316870928,0.4885895726293325,2.618600782650709
1789799530976492300,25.9954921875,-3.067458648872375,-1.4712836819171904,4.764160859459638
1789799530986463000,26.005462890625,-0.9196119224309921,-2.8278146109730002,6.741186908859014
1789799530996435200,26.015435302734375,2.395191840237379,-2.488359953278303,6.058174834325909
1789799531006406100,26.02540625,3.1853526223689315,-1.485695653629303,3.396695863935351
1789799531016377000,26.035377197265625,1.2948808208286762,-0.5773579894065857,1.9721862081527708
1789799531026348000,26.04534814453125,0.03290686535630375,-0.11197744292914867,1.142388996681571
1789799531036319200,26.0553193359375,-0.1823860271513462,-0.3626414720147848,0.43846857415437696
1789799531046291200,26.065291259765626,-0.03471128442976624,-1.0088128854066132,0.15995032345950602
1789799531056262100,26.07526220703125,0.2666664848595858,-1.317259241375327,0.10894026719033717
1789799531066233000,26.085233154296876,-0.2405518003940582,-1.1306798541873693,0.016332710641622544
1789799531076204000,26.0952041015625,-1.259541211900115,-0.7271651045143603,0.10030161818265915
1789799531086175200,26.10517529296875,-2.216288979026675,-0.5680798734515905,0.25976854203939437
1789799531096147000,26.11514697265625,-1.7116045961648225,-0.40348669262230397,0.4729875143498182
1789799531106118100,26.1251181640625,-0.5500789373368025,0.09724807583093642,1.3465841200590132
1789799531116089000,26.135089111328124,0.10359481450915337,0.5644301187723875,2.6861633297920227
1789799531126060300,26.145060302734375,0.5051227377464994,0.6662760437875985,3.598051964494586
1789799531136031200,26.15503125,0.9006832770120352,0.04133271186351776,3.7120845863878724
1789799531146003200,26.165003173828126,1.1476567079514264,-1.0301444272488356,3.6578479692876336
1789799531155974100,26.17497412109375,0.6159194829910993,-2.45656780769825,3.9167484963208437
1789799531165945000,26.184945068359376,0.11238664478454738,-3.489232108813524,3.8838685555040833
1789799531175916300,26.194916259765623,-0.33344113302621986,-3.9377468606859445,1.5304828898608684
1789799531185887000,26.204886962890626,-0.19073884495496748,-2.899390485408902,-1.1012199509471654
1789799531195859200,26.214859130859374,-0.6820283241927624,-1.069911204969883,-1.7830910387516021
1789799531205830100,26.224830078125,-1.203643383589387,-0.09348200129568576,-1.6722803015142678
1789799531215801300,26.23480126953125,-1.2057272041261196,0.22118249853551386,-0.8236077091813087
1789799531225772000,26.24477197265625,-0.6758452516436576,0.11085106924772262,0.21626550039947032
1789799531235743000,26.254742919921874,-0.18452594352317972,-0.37340135096013544,0.4777817628890276
1789799531245715200,26.264715087890625,-0.22487375426888465,-0.9130524177849292,0.6858586961358786
1789799531255686100,26.27468603515625,-0.029139585244655607,-1.2867118351593614,1.3434183495044707
1789799531265657000,26.284656982421875,0.4231424102067947,-1.609729445055127,1.9762211627572774
1789799531275628000,26.2946279296875,0.5630477245032787,-1.9090289102330802,2.3395500325143335
1789799531285599200,26.30459912109375,0.38248365208208557,-2.493201255829632,1.5607845046222208
1789799531295571200,26.3145712890625,-0.08036006939411162,-3.055432110992074,0.2706418182313442
1789799531305542100,26.324542236328124,-0.3084697368443012,-2.5723443506494164,-0.156339731746912
1789799531315513000,26.33451318359375,-0.44101358246207234,-1.87407011731565,-0.37718320758640766
1789799531325484000,26.344484130859374,0.08654898716211318,-2.3160920000374317,-1.4439187051296234
1789799531335456300,26.354456298828126,1.1641618525505064,-2.828783456005156,-2.1364695923805237
1789799531345427200,26.36442724609375,1.2331436188399791,-2.4561504590690135,-1.9607687420815227
1789799531355398100,26.374398193359376,1.1233645627379416,-1.232813656233251,-1.201155073904991
1789799531365369000,26.384369140625,1.5641852529764175,-0.6843745950579643,-1.3875854080110788
1789799531375340300,26.39434033203125,1.802022533714771,-0.621653058207035,-2.1953046431869265
1789799531385311200,26.404311279296873,2.143615957003832,-0.21264321824908256,-3.1557395743936296
1789799531395283200,26.414283203125,1.6544529684007168,1.0482204744264483,-4.049547193482518
1789799531405254100,26.424254150390624,1.3587433444082737,1.249779696342349,-5.770897523114085
1789799531415225300,26.434225341796875,1.370133191820234,-0.17825901034921407,-7.311726450422406
1789799531425196300,26.4441962890625,1.1855565227568148,-0.23099779010713098,-8.052266000294685
1789799531435168300,26.454168212890625,0.9438627127207815,1.4946233487114309,-8.198297103995085
1789799531445139200,26.46413916015625,0.5766949954532087,2.579093824909627,-8.389705226513742
1789799531455110100,26.474110107421875,0.32653263227939605,2.353343287806213,-8.772423856395482
1789799531465081000,26.4840810546875,1.0728513500750063,0.8793512237131595,-10.383692347586154
1789799531475052000,26.494052001953126,1.5686309803389011,0.6111968383833766,-10.804527065372467
1789799531485024300,26.504024169921873,1.399291627895832,2.2193016048461196,-9.8616652002573
1789799531494995200,26.5139951171875,0.9398001394569874,3.1729788784861563,-7.9000243515163655
1789799531504966100,26.523966064453123,0.30895730116553605,3.6008743284389375,-5.272739327150583
1789799531514937000,26.53393701171875,-0.2679494373422116,2.950264348077774,-2.8757214405298233
1789799531524908000,26.543907958984374,-0.8983575374782085,0.8467068452179431,-0.807103733626008
1789799531534880000,26.5538798828125,-1.2071253804862498,-1.1511577018097043,-0.28748481648266316
1789799531544851000,26.563850830078124,-1.3039958551764488,-1.1498659084334968,0.08190262266099453
1789799531554822000,26.57382177734375,-1.705835365113616,-0.8951970276206731,1.2375222723156214
1789799531564792800,26.583792724609374,-1.9624270306825637,-1.3486480668514966,1.7828554764300584
1789799531574764000,26.593763916015625,-1.509474588623643,-2.2356018745228647,1.6314304047316313
1789799531584736000,26.603736083984376,-0.7100082180082797,-3.113810357941687,1.520671689942479
1789799531594707000,26.61370703125,-0.5981365735411643,-3.455841588126123,1.7659183701544998
1789799531604678000,26.623677978515627,-0.7699836710214615,-3.1109058686718343,1.6204174278080463
1789799531614649000,26.633649169921874,-0.6407786144375801,-2.8714550152570006,1.0037141009628772
1789799531624620000,26.6436201171875,0.07391447345130145,-2.4752558492943644,0.7197633038252592
1789799531634591000,26.653591064453124,-0.20254384903907774,-2.0434902799099683,0.7966594965010881
1789799531644563000,26.66356298828125,-1.3885605366535485,-1.9813316376388073,0.5547030900061131
1789799531654534100,26.6735341796875,-1.2316712081998586,-1.8247130889505148,-0.5644014771997928
1789799531664505000,26.683505126953126,0.0913408245485276,-1.3674667490899561,-1.7100719797700643
1789799531674476000,26.69347607421875,0.6067541066955775,-0.83337799256742,-1.9276620067715644
1789799531684447000,26.703447021484376,-0.11224398491084575,-0.9204781838715076,-1.0339023184776306
1789799531694419000,26.7134189453125,-1.3119950372368097,-1.6882529466718434,0.5714607480615377
1789799531704390100,26.72339013671875,-1.650409245967865,-2.4286136328458783,1.9988824918985366
1789799531714360800,26.73336083984375,-0.39731479905433953,-2.2163871787041423,2.343131982654333
1789799531724332000,26.74333203125,0.7470148833662271,-1.0866226857960224,1.9896452924758194
1789799531734303000,26.753302978515624,0.42464097820147867,-0.29625147578418254,2.467430562496185
1789799531744275200,26.763275146484375,-0.6888187149852514,-0.41521278625130653,4.12720092652738
1789799531754246000,26.773245849609374,-1.450592191544175,-1.1014730489253997,5.814930141586065
1789799531764216800,26.783216796875,-0.8181745782166719,-1.7021902866095304,6.665917440602183
1789799531774188000,26.79318798828125,0.5576619398117065,-2.2655378708422185,6.276134863683581
1789799531784159000,26.803158935546875,0.9416858070731162,-2.3384347647488117,5.1120320478439325
1789799531794131000,26.813130859375,0.021153335731104016,-1.9842291126459837,3.541932017865777
1789799531804102000,26.823101806640626,-0.6824287216871976,-1.28625736939013,2.786641473585367
1789799531814073000,26.833072998046877,-1.1998621114850043,-1.1736527344733476,2.936329346227646
1789799531824044000,26.8430439453125,-0.6556774928838014,-1.2113240012198685,3.103659258544445
1789799531834015000,26.853014892578123,0.35201603310406204,-0.6484563094586133,3.1148113516777753
1789799531843987000,26.862987060546875,0.5927555015573278,0.49283612415790556,2.5123177519708872
1789799531853958000,26.8729580078125,0.8554729199975728,1.5969517965465783,1.2690811936616897
1789799531863929000,26.88292919921875,0.9019447483152151,2.091072115296125,0.1280623162895441
1789799531873900000,26.892900146484376,0.2822287956506014,2.121831995218992,-0.12498130140900611
1789799531883871000,26.90287109375,-0.6871463978588581,1.845645402342081,0.7804635639816522
1789799531893843000,26.912843017578126,0.5514321055114269,1.500004164966941,1.1395774463921784
1789799531903814100,26.922814208984374,1.8540660246849059,1.3664122716009617,0.6510597699552774
1789799531913785000,26.93278515625,1.8169646667808292,1.6059516800820826,0.48796121159791944
1789799531923755800,26.942755859375,0.862354496204853,1.8126023799180984,0.7001765598237514
1789799531933727000,26.95272705078125,-0.2658271114259958,1.7960463819146155,1.3013596614539622
1789799531943699000,26.962698974609374,0.1954571056485176,1.492746741184592,1.1974462825149297
1789799531953670100,26.972670166015625,1.3997399561852215,0.7467045022428035,0.21230828720629213
1789799531963640800,26.982640869140624,1.1131862830728292,0.21398411146402357,0.8778647845476866
1789799531973612000,26.992612060546875,-0.1986357174183242,-0.228317757242918,2.9159096585333346
1789799531983583000,27.0025830078125,-0.5827864441961049,-1.2186644271105527,5.08521944424212
1789799531993555000,27.012554931640626,0.4832745516190305,-2.2249299661219117,6.706492612096667
1789799532003526000,27.02252587890625,1.59392748028934,-2.0274656123042107,7.099348605111241
1789799532013496800,27.032496826171876,1.1715046165287495,-0.8542074301064014,6.4433583930164575
1789799532023468000,27.042468017578123,-0.5987631444742902,-0.1108212586313486,4.154569994968176
1789799532033439000,27.05243896484375,-2.033576204138994,-0.07348492292761802,1.3325567637503146
1789799532043411000,27.062410888671874,-2.3069196825444696,-0.6095008481204509,0.6746908209115267
1789799532053382000,27.0723818359375,-1.2674369335860014,-1.7885136483222246,0.5671230111181735
1789799532063353000,27.08235302734375,0.056487062908150254,-2.7914146793365475,0.3088461689412594
1789799532073324000,27.092323974609375,0.4166372660964727,-2.932452797055244,0.2588905901610851
1789799532083295200,27.102295166015626,0.22748483181642368,-2.325657116240263,-0.4295692283838987
1789799532093267000,27.112266845703125,0.42955519985854623,-1.0573562593013048,-1.362278532797098
1789799532103238100,27.122238037109376,0.5900906297296286,-0.12112754859030246,-2.036798673316836
1789799532113209000,27.132208984375,0.41820846093595027,0.07444178526103497,-1.812593612089753
1789799532123180000,27.142179931640626,0.4971779527544975,-0.12851765884160996,-1.1022755974799394
1789799532133151000,27.15215087890625,1.026751277679205,-0.4059200572490692,-0.5374065027683973
1789799532143123000,27.162123046875,1.496546133467555,-0.6063607965290546,-0.39769700330495833
1789799532153094100,27.17209423828125,0.9071417324364185,-0.6088941143989562,-0.2073866128951311
1789799532163064800,27.18206494140625,-0.09581250833617523,-0.7456944484174252,0.3846457985520363
1789799532173036000,27.1920361328125,-0.11894788472997024,-0.9858698167145251,1.322658470070362
1789799532183007000,27.202007080078126,-0.15515552693102508,-1.4233330132186413,2.091050487986207
1789799532192979200,27.211979248046877,-0.37541269078254697,-1.8629606942802666,2.714918884155154
1789799532202950000,27.221949951171876,-0.9432242686867713,-2.2217770550489426,2.877040121912956
1789799532212920800,27.2319208984375,-1.4920616815298795,-2.4717490102171897,2.295301725465059
1789799532222892000,27.24189208984375,-1.3794506168723106,-2.6783336590796707,1.7743197032749651
1789799532232863000,27.251863037109374,-0.43703649552464485,-2.8316245246499774,1.3472288477033376
1789799532242835000,27.2618349609375,0.8058721460044383,-2.74794641674906,1.349839322462678
1789799532252806000,27.271805908203124,1.0738146421492099,-2.231999758377671,1.8180606453239916
1789799532262777000,27.281777099609375,1.2543699467420577,-1.5444091238826512,2.098036693611741
1789799532272748000,27.291748046875,1.3869710755050182,-1.8648098292782902,0.7672580454498529
1789799532282719000,27.301718994140625,1.6085680000603197,-3.0768282425031064,-1.939210990267992
1789799532292690000,27.31168994140625,1.951748984801769,-3.3478821486666797,-3.8293338322401045
1789799532302662000,27.321661865234375,2.15272046995759,-2.549761347441375,-5.218993123915792
1789799532312633000,27.331633056640626,2.204310371941328,-0.6959215327277779,-6.2150090715914965
1789799532322604000,27.34160400390625,1.8897066623866556,0.6667562285199761,-6.8658058066964145
1789799532332575000,27.351574951171877,1.7206923041142523,0.943976548358798,-6.90619217762053
1789799532342546000,27.3615458984375,1.5322164356552064,0.9731023973390459,-6.610646804279089
1789799532352518100,27.37151806640625,0.7569369963131845,2.26333363879621,-6.15492957368195
1789799532362489000,27.381489013671874,1.0495112448893487,3.309548618619144,-6.560076308470964
1789799532372459800,27.391459716796874,1.7627485079467295,2.4537810995891687,-7.360489604547619
1789799532382431000,27.401430908203125,1.5694038644075392,1.0839157649248838,-7.346609547755122
1789799532392402000,27.41140185546875,0.6420541873313487,1.4205799151182175,-5.792370519253611
1789799532402374100,27.4213740234375,-0.0028795009590685365,1.9188705052897332,-4.54552278470993
1789799532412344800,27.4313447265625,0.07911854490041732,2.1514476735427976,-4.1054046897828576
1789799532422316000,27.44131591796875,0.09198504073619843,1.7479513363093138,-4.127516568347811
1789799532432287000,27.451286865234376,0.09860540872402489,0.1670189466714859,-5.217210332152247
1789799532442258000,27.4612578125,-0.14490531454086303,-0.31705899375230073,-5.5112558223247525
1789799532452230000,27.47122998046875,-0.4506184461534023,0.7297463531792163,-3.2789538661301134
1789799532462200800,27.481200927734374,0.0036965529629960654,0.7109291322454809,-1.4540765265285969
1789799532472172000,27.491172119140625,-0.31294717451930043,-0.5764417513445019,-1.7668927681446074
1789799532482143000,27.50114306640625,-0.9329986427485942,-1.1991340894713998,-2.1571897243261335
1789799532492114200,27.5111142578125,-0.40168110450506206,-1.2344450568273664,-1.7844126427441835
1789799532502086000,27.5210859375,-0.29263270076513287,-1.2862319426879285,-1.0539975965231656
1789799532512057000,27.53105712890625,-0.8714677769869565,-1.5189222159266471,-0.5179734880238771
1789799532522028000,27.541028076171877,-1.3088923950463534,-2.0858046962872145,-0.46886955763697624
1789799532531999200,27.550999267578124,-1.0473229410648346,-2.310317216028273,-0.3314981457322836
1789799532541970200,27.56097021484375,-0.6721925743550062,-2.378867020641267,-0.7684446248859167
1789799532551942400,27.5709423828125,-0.8452274203151464,-2.3612346255779264,-1.1870645892322063
1789799532561913300,27.580913330078126,-0.9194307206451893,-2.102176277634501,-1.094221470361948
1789799532571884300,27.59088427734375,-1.2987591235667466,-1.7291127803266046,-0.886722629263997
1789799532581855200,27.600855224609376,-1.1688076325297354,-1.2781225782513617,-1.4034066619992256
1789799532591826400,27.610826416015627,-0.4638310520131141,-0.9598492402732371,-2.783585008624196
1789799532601798400,27.62079833984375,-0.43493097461275754,-0.5056283857136965,-3.669554189172387
1789799532611769300,27.630769287109374,-0.5016998140931129,0.06060965926349163,-3.6534266457140445
1789799532621740300,27.640740234375,-0.18856727306954563,0.4364589878976345,-2.805744817984104
1789799532631711500,27.65071142578125,-0.13845752664096653,0.49152036538422106,-1.383120245295763
1789799532641682400,27.660682373046875,-0.1576081442475319,-0.032846623069047926,-0.5332604890048503
1789799532651653400,27.6706533203125,-0.46547691952399906,-0.6895178031653165,0.11959960837066173
1789799532661625300,27.680625244140625,-0.8338263939220458,-1.2257312967568634,0.9655039050340651
1789799532671596300,27.69059619140625,-0.8004215524483471,-1.2380641241073607,2.288407289776206
1789799532681567500,27.7005673828125,-0.5892793133467435,-0.6445891126364469,3.9226702875852584
1789799532691538400,27.710538330078126,-0.709235480070114,-0.27382863157391546,5.651292069524526
1789799532701509400,27.72050927734375,-0.9959083956480026,-0.94468148175776,7.412009363904595
1789799532711481300,27.7304814453125,-0.5510813923776149,-1.897003833657503,8.323360822990535
1789799532721452500,27.74045263671875,0.5995954671125858,-2.1755881353259086,8.146486837258934
1789799532731423500,27.750423583984375,0.8544546098005026,-2.442593058359623,7.619978160601854
1789799532741394200,27.760394287109374,-0.08009937263131141,-3.181724494999647,7.020882386639713
1789799532751365400,27.770365478515625,-0.14137414474003016,-3.870920811125636,6.241542858251929
1789799532761337300,27.78033740234375,0.06928520621545613,-3.4765900693833824,5.308137972790003
1789799532771308500,27.79030859375,0.738491969692707,-2.3711773429214955,3.442840359994769
1789799532781279200,27.800279296875,0.6974801603466272,-1.3430723125457762,2.320972173294425
1789799532791250400,27.81025048828125,0.20102179057095199,-0.9200281020164489,1.821747224882245
1789799532801221400,27.820221435546873,0.5574281675884499,-0.481160299411416,1.3172598258972168
1789799532811193300,27.830193359375,1.0531231517761945,0.22702362577915192,0.8264993389695883
1789799532821164300,27.840164306640624,1.0210878450900316,1.161509292215109,0.2926309471994638
1789799532831135200,27.85013525390625,0.5978828910410404,1.8028332655757664,-0.44217268936932086
1789799532841106400,27.8601064453125,0.11591125698043032,1.9730320113271473,-0.8466653441637754
1789799532851077400,27.870077392578125,0.38106443293392656,1.9660738627523182,-1.018352867168188
1789799532861048600,27.880048583984376,0.42723694951143115,1.6955010181039571,-0.7422410930931568
1789799532871020300,27.890020263671875,0.28632103340029713,1.4189724799215793,0.07151859129071235
1789799532880991500,27.899991455078126,0.20327972556557505,1.4475240361452102,0.1273866089850664
1789799532890962400,27.90996240234375,0.6851449949085712,1.759310350191593,-0.7816273470640182
1789799532900933400,27.919933349609376,0.5937362562229856,1.7185159829884766,-1.3187293139278888
1789799532910904300,27.929904296875,-0.47952889881730076,1.157418808031082,-0.1777279722124338
1789799532920876300,27.939876220703123,-2.632368611240387,0.8019710469126701,2.757580798795819
1789799532930847500,27.949847412109374,-2.4238199688285587,0.3706313017249107,5.025811561983823
1789799532940818400,27.959818359375,0.02750117038786411,0.13552724534273147,5.934689324432611
1789799532950789400,27.969789306640624,2.0849702912896872,0.6406903516322374,6.514013645476102
1789799532960760300,27.97976025390625,1.9599018961191177,1.2736784583240748,6.866666222918033
1789799532970732500,27.989732666015627,-0.7749912700504064,0.9572720832616091,7.213939445409179
1789799532980703200,27.999703125,-2.8937720610052344,-0.21278701063394545,7.161182837733626
1789799532990674200,28.009674072265625,-1.5780582955062388,-1.490865165221691,6.152424312862753
1789799533000645400,28.019645263671876,0.887923821747303,-2.6386218264162538,3.86485230486691
1789799533010616300,28.0296162109375,0.968293754948303,-3.3338872333228586,1.508019713640213
1789799533020588300,28.03958837890625,-1.2302525735735892,-3.455721468877792,1.0188771833032368
1789799533030559200,28.049559326171874,-1.6113474016457796,-3.4570699608772992,0.0009521861582994461
1789799533040530400,28.059530517578125,-0.17510578874899074,-2.6650194194763897,-1.4704051455169915
1789799533050501400,28.06950146484375,0.6380676019132137,-1.5493921729922293,-1.5299083048433064
1789799533060472300,28.079472412109375,0.015707272219657897,-0.9392553650557994,-0.6684750151365995
1789799533070443300,28.089443359375,-0.34128070407807826,-0.8194716322898864,0.08135492565035819
1789799533080415200,28.099415283203125,-0.09203648779564537,-0.6735474960952997,0.03771627493202686
1789799533090386400,28.109386474609376,0.6270458571612835,-0.44609015507400035,-0.6371335359334945
1789799533100357400,28.119357421875,0.4267588471382856,-0.26910978635847566,-0.9772527950167655
1789799533110328300,28.129328369140627,-0.1816629735738039,-0.2824380544871092,-0.7652186485767364
1789799533120299300,28.13929931640625,-0.22083178540170192,-0.3020978637248278,-0.4386030141890049
1789799533130271500,28.149271484375,0.21518238133788106,-0.3694733638614416,0.028743279403448105
1789799533140242400,28.159242431640624,0.4035001366257667,-0.8489905722409486,0.7374567814260721
1789799533150213400,28.16921337890625,0.279870249825716,-1.7827268816143274,1.1659767930179834
1789799533160184300,28.179184326171875,0.31875615305900573,-2.8328108118250963,1.1332283696264027
1789799533170155300,28.1891552734375,0.5112368732452393,-3.5749916991636157,0.8127730114340782
1789799533180127500,28.19912744140625,0.5009305832862854,-3.681913027746975,0.863290900272131
1789799533190098200,28.20909814453125,0.2919791687598452,-3.2127430258587,0.989241923496127
1789799533200069400,28.2190693359375,0.18334230496287346,-2.422756138989329,1.0471388166695832
1789799533210040300,28.229040283203126,0.6494049884855747,-1.5833499721735715,1.1674217311292887
1789799533220011500,28.239011474609374,0.78646609233208,-1.1774591410189867,0.6234954712033272
1789799533229983200,28.248983154296877,1.2667185561835765,-1.085579021961987,-0.34599604216217994
1789799533239954400,28.258954345703124,0.9534697683691978,-1.0883230599731206,-1.2258908712327479
1789799533249925400,28.26892529296875,0.915807927038148,-0.9531053189709782,-1.5671324123442172
1789799533259896300,28.278896240234374,1.4078046046972275,-1.0936585757821797,-2.494346041950583
1789799533269867500,28.288867431640625,1.948961107648909,-1.4208601933643221,-4.601496016344428
1789799533279838200,28.298838134765624,2.1635202425219116,-1.1448606474921106,-6.515633355632424
1789799533289810400,28.308810546875,2.1265749519623816,-0.5499135176420211,-7.981725314125418
1789799533299781400,28.318781494140627,2.0705014748238026,0.017754267877340316,-9.638304188638925
1789799533309752600,28.328752685546874,2.22521287471652,0.4687237194254994,-10.796567046278714
1789799533319723300,28.33872314453125,1.6279940005421638,2.1429303128272292,-9.513944818520546
1789799533329694200,28.348694091796876,1.9155777473546562,3.7993332462519405,-7.422113993811607
1789799533339666400,28.35866650390625,2.4271982130900023,2.9611002148687837,-7.050396650415658
1789799533349637400,28.368637451171875,1.0172305851399899,2.4663179250791667,-5.840288454726338
1789799533359608300,28.3786083984375,0.4092003940939903,1.9177263036906718,-5.096420052692294
1789799533369579300,28.388579345703125,-0.1374703422345221,0.7987333801656961,-3.462816395574808
1789799533379550500,28.398550537109376,-0.37422954541258513,0.1365939977914095,-1.6273901894301175
1789799533389522400,28.4085224609375,-0.6329215442616493,-0.22328473151177167,-1.0370131439745425
1789799533399493400,28.418493408203126,-1.1606208920080214,-0.3464028693974018,-1.1173469098836184
1789799533409464300,28.42846435546875,-1.3088684296488762,-0.46233226482272144,-0.8499000883013009
1789799533419435300,28.438435302734376,-1.0652946510851382,-0.87627313144207,-0.8954454494237899
1789799533429406500,28.448406494140624,-0.8781646442770957,-1.245544542990625,-0.7861702511906623
1789799533439377400,28.45837744140625,-0.9814403098344803,-1.2020315644785762,-0.02694879720211029
1789799533449349400,28.468349365234374,-0.9635025020837783,-1.438598094628751,-0.1253618251591921
1789799533459320300,28.4783203125,-0.6957154887616634,-1.863502838332951,-0.7774456774652003
1789799533469291500,28.48829150390625,-0.18016484397053717,-1.651184614254534,-0.4952203889459371
1789799533479262500,28.498262451171875,-0.254474527284503,-1.2154703072443604,-0.6617278789639472
1789799533489233200,28.508233154296875,-1.0228320584088564,-0.9583440964072942,-1.6151310118377207
1789799533499205400,28.518205322265626,-1.0200041415065526,-0.6656298548385501,-2.3926474164515734
1789799533509176300,28.52817626953125,-0.7456962019830942,-0.3907029066339135,-3.0355519370019435
1789799533519147500,28.5381474609375,-0.8214823875904083,-0.005502689069509506,-2.854080686607957
1789799533529118200,28.5481181640625,-0.7647036847919225,0.44617198813855646,-2.0595546950042247
1789799533539089000,28.5580888671875,-0.719562228295207,0.7643097170382738,-1.712677778354287
1789799533549060900,28.568060791015625,-0.3426514079093933,0.6825736831158399,-2.09921333617568
1789799533559032000,28.578031982421876,-0.044728199520707126,0.3828156605154276,-2.0435791272372006
1789799533569002800,28.588002685546876,0.2833522101899609,-0.17336743891537187,-1.0231097063064574
1789799533578974000,28.597973876953127,0.20561138338353482,-1.1246429121106862,1.273000997453928
1789799533588945000,28.60794482421875,-0.4074152642428875,-2.6408067692399024,3.2541929343611
1789799533598915800,28.617915771484373,-0.249986093291454,-4.766884731465578,3.8213077621728178
1789799533608887800,28.6278876953125,0.6056137044887989,-5.486758509927988,4.43800641284287
1789799533618858800,28.637858642578124,0.5679950812449679,-3.928071854367852,4.749581129965186
1789799533628830000,28.647829833984375,-0.11061963511202484,-2.031753080365062,4.766308977404236
1789799533638801000,28.65780078125,-1.2282242826163767,-1.405102944523096,4.9724073040544985
1789799533648772000,28.667772216796877,-1.431304722750187,-1.1758943759202956,4.999478850853443
1789799533658743800,28.677743896484376,-0.5620557543238625,-0.9847960500031709,4.468277632465958
1789799533668715000,28.687715087890624,0.3351654726007953,-0.9605611879348754,3.685065646559
1789799533678686000,28.69768603515625,0.8835755634099245,-1.2094359955161809,3.4427778161525726
1789799533688657000,28.707656982421874,0.44712245726380495,-1.381525669580698,3.719981477117538
1789799533698627800,28.7176279296875,-0.1481020464892499,-1.0113187307476996,3.84756331641376
1789799533708599800,28.727599853515624,-0.06336801806092261,-0.22065993596613406,3.5575054345726964
1789799533718571000,28.737571044921875,1.0679092174977063,0.3832856161147356,2.0172084221839905
1789799533728542000,28.7475419921875,1.6236989336967467,0.9512404018819332,0.8773837230324745
1789799533738513000,28.757512939453125,0.6641910542070866,1.2771622087866068,0.6631956134289503
1789799533748483800,28.76748388671875,0.34639585513472554,1.7762848658680914,0.7992372380346059
1789799533758454800,28.777454833984375,0.4050619791150093,2.0836574551254508,0.9324871860951185
1789799533768427000,28.787427001953127,0.8349076863527297,2.207344625070691,0.5630933172106742
1789799533778397700,28.797397705078126,0.9217664701163768,2.090729000946879,0.2450970426082611
1789799533788369000,28.807368896484373,0.2747428238093853,1.6868413263082502,0.9524585455000399
1789799533798339800,28.81733984375,-0.13257891693115234,0.7995990570843219,2.414936989670992
1789799533808311000,28.82731103515625,0.8287374732851982,-0.36804596140682694,3.5269553980082273
1789799533818282800,28.83728271484375,2.145329775184393,-1.1919471005767583,4.0626761396467685
1789799533828254000,28.84725390625,2.4273382060825823,-1.4428221420645713,3.7986668912976977
1789799533838225000,28.857224853515625,2.0810510720193385,-1.2006576457768678,3.0504788724988696
1789799533848195800,28.86719580078125,1.3585925377607344,-0.8125257586747408,2.5614988392472267
1789799533858167000,28.8771669921875,0.08306288947886786,-0.6866419554680585,3.0613579939097164
1789799533868138800,28.887138671875,-0.9637059157013893,-0.7785621142745017,4.32358800650239
1789799533878110000,28.89710986328125,-0.5964882218122481,-0.39406069262921806,4.491314224660396
1789799533888081000,28.907080810546876,0.1601099162016995,0.4275274934232235,3.003090513858199
1789799533898052000,28.917052001953124,0.14399227308286353,0.9330769686818122,1.0028326419532299
1789799533908022800,28.927022705078127,-1.4014128578335046,0.6447422573715448,0.24408874234855174
1789799533917994000,28.936993896484374,-2.3706530267864463,-0.06533610326349736,0.514241900280118
1789799533927966000,28.946966064453125,-1.1663923880815505,-1.1019172855615615,0.4731038342058658
1789799533937937000,28.95693701171875,0.041660619510477406,-1.8251105638355016,0.9723287826180458
1789799533947907800,28.966907958984375,0.5758668740659952,-2.029544172143936,1.6493676279604434
1789799533957878800,28.976878662109375,0.15547990004718304,-1.6086603545188902,1.709990146705508
1789799533967850000,28.98685009765625,-0.06882628346681595,-0.7970031953722239,0.7853618574172258
1789799533977822000,28.996822021484373,0.29870822128653524,-0.30163083073496816,-0.19757775106430053
1789799533987793000,29.00679296875,0.31287352476119995,-0.2765671166270971,-0.21057810241281985
1789799533997763800,29.016763916015623,0.3299602686405182,-0.9330465735435485,0.480886158645153
1789799534007735000,29.026735107421874,0.5348480504572392,-2.0538199507445096,1.793199760311842
1789799534017706000,29.0367060546875,1.0506371801793575,-3.3636434891611335,3.2292642448097464
1789799534027677000,29.046677001953125,1.3592635688900947,-3.71949340133965,4.533715442538261
1789799534037649000,29.05664892578125,0.6917758112251758,-3.612494331344962,3.7274136729449032
1789799534047619800,29.066619873046875,-0.4287035514652729,-3.257824568861723,1.2524053686708212
1789799534057591000,29.076591064453126,-0.6937620166063309,-2.1834633987456558,0.1166775834441185
1789799534067562000,29.08656201171875,-0.46807694595456123,-1.460270120471716,-0.06916530616283416
1789799534077533000,29.096532958984376,-0.16351534073101356,-1.2544099864915013,0.2848205657094717
1789799534087505000,29.1065048828125,0.47770756514165547,-1.3388982417315245,0.9606891982287168
1789799534097476000,29.11647607421875,0.7502595643758774,-1.7353110504448412,1.4295721998691557
1789799534107446800,29.12644677734375,0.46124867083709686,-2.3587562527656556,1.4781810402154922
1789799534117417700,29.136417724609377,0.8668915551126003,-3.08456146710366,0.9484574931651353
1789799534127389000,29.146388916015624,1.5291840822219849,-3.14076353905797,-0.31107378186285495
1789799534137360000,29.15635986328125,2.110985607033968,-2.0099439841389657,-1.6151163987904786
1789799534147331800,29.166331787109375,2.4772996300816534,-0.7562842314928769,-3.3897587581485507
1789799534157302800,29.176302734375,2.2275112147867677,-0.2929650014594197,-5.354297081896663
1789799534167274000,29.18627392578125,1.5287971287310123,-0.07702595653533935,-6.28273879199326
1789799534177245000,29.196244873046876,1.4583132873155176,0.4445405875444412,-6.574506984883547
1789799534187216000,29.2062158203125,1.95061881172806,1.053965155558288,-6.250872996655106
1789799534197187800,29.216187744140626,2.1886861018300054,1.3124231995210052,-5.800423477327823
1789799534207158800,29.22615869140625,2.6868741084098815,1.5157710584193467,-5.267301520010829
1789799534217130000,29.2361298828125,2.5604548831522465,1.3199626551151276,-4.01429409379363
1789799534227101000,29.246100830078124,1.6698315931878982,0.4749950547799468,-2.6758143697351215
1789799534237072000,29.25607177734375,1.4150189199902117,-0.9179954271450638,-2.4973832176893946
1789799534247043800,29.2660439453125,1.467595348793268,-1.58754917742908,-2.6758050173848864
1789799534257015000,29.27601513671875,0.2664192321002483,-1.3770578765168786,-2.505236853799224
1789799534266986000,29.285986083984376,-0.5657667742036283,-0.6222814192384482,-1.8135545660763979
1789799534276956700,29.295956787109375,0.528930643106997,-0.07873743662834166,-2.4504881955236195
1789799534286928000,29.305927978515626,0.8695626740179956,-0.13956775290519,-3.2595991773188113
1789799534296898800,29.31589892578125,0.07658654220476746,0.03651362114399671,-3.930848917865753
1789799534306871000,29.32587109375,-0.023753654422610997,0.7547402169212698,-4.008690282437205
1789799534316841700,29.335841796875,0.4851296414338052,1.1364344721913338,-4.760272619849443
1789799534326813000,29.34581298828125,1.0495781726457178,1.5946967110961674,-5.7248792837828395
1789799534336784000,29.355783935546874,1.3415944950781762,2.15024940366894,-6.022787294602394
1789799534346754800,29.3657548828125,1.3364508485794067,2.4563711160823702,-6.082874975818395
1789799534356726800,29.375726806640625,0.8523380560379474,2.1198434517502784,-6.541458117240667
1789799534366697700,29.38569775390625,0.4196107289493084,1.6259613256707786,-6.255997500061988
1789799534376669000,29.3956689453125,0.10830606094002723,1.320060854792595,-5.4587984898567194
1789799534386640000,29.405639892578126,-0.2865373795647174,1.0852733170136808,-5.3111792401820415
1789799534396611000,29.415611083984373,-1.0411819540917873,0.7712892006620764,-5.140701092967391
1789799534406581800,29.425581787109376,-1.349710143125057,0.5894596383497118,-4.744203528580069
1789799534416554000,29.435553955078124,-1.1414297962605953,0.11349983019083737,-3.8842414804697034
1789799534426525000,29.44552490234375,0.07049098354233428,-0.8030389684051275,-2.195837727150321
1789799534436496100,29.45549609375,0.5207733478754758,-1.6385218242973087,0.08729951326847075
1789799534446466800,29.465466796875,-0.5196943204671144,-2.066560482113063,1.9726362900078296
1789799534456437800,29.475437744140624,-1.832849633654952,-2.8504537282824516,2.290042782023549
1789799534466410000,29.485409912109375,-3.0973247948259113,-4.271940821373462,1.3365478792130947
1789799534476381000,29.495380859375,-2.6356045244216917,-5.6090983569175,0.2024672766715288
1789799534486352000,29.505351806640626,-0.45676345171444116,-5.770815105527639,-0.44430327165722844
1789799534496322800,29.51532275390625,0.6762777247767895,-4.308561117762327,0.7721522472321987
1789799534506294000,29.5252939453125,-0.12225684488117694,-2.793021530011296,1.9568582906395195
1789799534516265000,29.535264892578127,-0.8890455923188477,-2.3011066123515365,1.4468834001541138
1789799534526237000,29.54523681640625,-1.008711251663044,-2.249984327879548,0.9354647406011819
1789799534536208600,29.555208740234374,-0.6764280930329114,-2.219379346257448,1.7158435489088295
1789799534546179600,29.5651796875,-0.1270382339388132,-1.9068921904653309,3.984059699049592
1789799534556150800,29.57515087890625,0.2015788033992052,-2.3891981527805326,5.10347698546648
1789799534566121500,29.58512158203125,0.18169928699620067,-3.1783219930797815,5.017616565090417
1789799534576093700,29.59509375,0.5053296219628304,-3.360026467707753,5.020853647315501
1789799534586064600,29.605064697265625,0.30379991840235887,-2.340052136817574,5.671579070749878
1789799534596035800,29.615035888671876,-0.14304595040977,-0.7092056694537401,6.050179743918776
1789799534606006500,29.625006591796875,-0.0546335805285722,1.1850982575953006,5.04454256593883
1789799534615977500,29.6349775390625,-0.12457505869567394,2.5592881774604317,2.8294103557318446
1789799534625948700,29.64494873046875,0.012485387563705444,2.9113071331739424,0.7554998031169176
1789799534635920600,29.654920654296873,-0.33951544797122474,2.568503749573231,0.3783844000697136
1789799534645891600,29.6648916015625,-1.3466478329449891,2.2384078718543052,1.2243407191812992
1789799534655862500,29.674862548828123,-1.8192507318913935,0.9771317989856004,3.0270383756786585
1789799534665833700,29.684833740234374,1.0291951636999845,-1.0064712907165287,4.828307460677624
1789799534675804700,29.6948046875,4.064423860096931,-1.2587024229884147,5.090978153899312
1789799534685776600,29.704776611328125,4.633001161676645,-0.7793564795225858,4.355065094783902
1789799534695747600,29.71474755859375,3.4386931771874427,-0.34493571945428847,3.5994998252153394
1789799534705718500,29.724718505859375,1.2676777566045523,0.28804361940920353,3.0455425851404665
1789799534715689700,29.734689697265626,0.6448030476480722,1.0963678347408772,2.4686130502790213
1789799534725660700,29.74466064453125,0.6590794102817773,1.698438825121522,1.29716747046113
1789799534735631600,29.754631591796876,-0.4264309668907895,1.8776292711019515,0.12957622798383236
1789799534745603600,29.764603515625,-1.7768594508856534,1.5496850184589623,-0.14573299753665922
1789799534755574800,29.77457470703125,-2.971100215357542,0.6595470277935266,0.5145721551477909
1789799534765545700,29.784545654296874,-2.279154892784357,-0.5382827010810375,0.9343073872596025
1789799534775516400,29.794516357421877,-0.3166436178844422,-1.5923972019821404,0.8847329167515039
1789799534785487600,29.804487548828124,0.24395181809589264,-1.8265151699364184,0.880676334837079
1789799534795459600,29.81445947265625,-0.3415864090263843,-1.1299223138183354,1.0370002844929695
1789799534805430500,29.824430419921875,-0.7527730815667658,-0.14282733922302723,1.1027595816045999
1789799534815401500,29.8344013671875,-0.9211814367700367,0.30535306612849233,1.1106132177144288
1789799534825372700,29.84437255859375,-0.9326965179968625,0.1032575453788042,1.5723574535161255
1789799534835343600,29.854343505859376,-0.6695757429201156,-0.4885989249795675,3.0204028831869363
1789799534845315600,29.864315673828123,0.15270802418105303,-1.1023223592311142,4.569948200914263
1789799534855286500,29.87428662109375,1.3370084824621677,-1.7471119628757237,4.962131993755698
1789799534865257500,29.884257568359374,1.777248157942295,-2.421894553723931,3.660810910746455
1789799534875228700,29.894228759765625,-0.14000702110528945,-2.743147199773788,1.4795464833498
1789799534885199600,29.90419970703125,-3.2149393668591975,-1.936519851487875,0.6019739597469568
1789799534895170800,29.9141708984375,-3.7472166900455948,-0.5344722028821707,0.6740811645805835
1789799534905142500,29.924142578125,-2.374601472151279,0.5224234531700611,0.4414940594553947
1789799534915113700,29.93411376953125,-0.5838700747143477,0.8752642466604709,-0.21671090607941149
1789799534925084700,29.944084716796876,-0.2695738967388868,0.2669815421581268,-0.9570897124320268
1789799534935055600,29.9540556640625,-1.2672265057057142,-0.19641630606949328,-0.6801251209199428
1789799534945026600,29.964026611328126,-0.9226630536299198,-0.44214287875294683,-0.1076759463429451
1789799534954998800,29.973998779296874,0.8170376831412315,-0.7503998496294021,-0.031100071662664413
1789799534964969700,29.9839697265625,2.0735575013935565,-1.1012883400082587,0.3478594979465008
1789799534974940400,29.9939404296875,1.8830419438004493,-1.6444845320940016,1.6745248655706644
1789799534984911600,30.00391162109375,1.0301654700368643,-2.493684947693348,3.795227564498782
1789799534994882600,30.013882568359374,0.2631166834235191,-3.653106327718496,5.472107468762993
1789799535004854800,30.023854736328126,-0.2736088878760114,-4.779073181909323,4.59427483291924
1789799535014825500,30.033825439453125,-0.3535089385429397,-5.125738501635194,1.6415338655948637
1789799535024796700,30.043796630859376,-0.7948176680266856,-4.2183512700051065,0.20753157432377337
1789799535034767600,30.053767578125,-1.089212117767334,-2.495407825963199,0.8872907845407724
1789799535044738600,30.063738525390626,-0.5601075793981551,-0.9979229503408074,2.145308732396364
1789799535054709800,30.073709716796873,0.3980465473949909,-0.5887117425918579,3.234203454777598
1789799535064681500,30.083681396484376,0.31908114722967146,-1.763594311121106,2.81906840993762
1789799535074652700,30.093652587890624,0.6244575942337512,-3.460398813039064,0.7946247758030891
1789799535084623600,30.10362353515625,0.8604314191877841,-4.2762130918651815,-1.5502145952910185
1789799535094594800,30.1135947265625,1.2927075684428215,-3.5320223260089754,-3.1116864976555108
1789799535104565500,30.1235654296875,2.4311866982042787,-2.129666926628351,-4.158652295845747
1789799535114537700,30.133537841796876,3.1950410726904868,-0.6113368313759565,-4.6693677755653855
1789799535124508700,30.1435087890625,2.938943328118324,0.5561252317637205,-5.221925670236349
1789799535134479600,30.153479736328126,2.0399159285545347,1.2247428702414036,-6.142074183762073
1789799535144450600,30.163450439453126,1.3113713523805142,1.5421496545180677,-7.226938043192028
1789799535154421500,30.17342138671875,1.2527321164071559,1.838240971304476,-7.9441434792280194
1789799535164393700,30.183393798828124,1.0277146428186446,2.1233736717030403,-8.176814755505323
1789799535174364700,30.19336474609375,0.35776838608570394,2.1292142144247888,-7.920265760034322
1789799535184335600,30.203335693359374,-0.010218538610264657,1.7580597656086085,-7.3476634407222265
1789799535194306600,30.213306640625,0.37469504403248427,1.4028215555876493,-6.099886316373944
1789799535204277500,30.223277587890625,0.7494820771973579,1.0033712788745761,-4.441571996369958
1789799535214248700,30.233248779296876,0.14495799457617103,0.2670306419968605,-2.8383558787316083
1789799535224220400,30.243220458984375,-0.35889636720232665,-0.5240086765348911,-1.3761913228154181
1789799535234191600,30.253191650390626,-0.3804091838955879,-1.1583856072366236,-1.1035983705163002
1789799535244162600,30.26316259765625,-0.11021510943174362,-1.8807991333097218,-2.03268889991045
1789799535254133800,30.2731337890625,-0.6269371360898017,-1.0995224993795156,-2.5315023449122904
1789799535264104700,30.283104736328124,-1.1099147871214896,0.21604308982044457,-2.8703742342829703
1789799535274076700,30.29307666015625,-1.2467536265194414,0.2082400148540735,-3.54966524246633
1789799535284047600,30.303047607421874,-0.728846189469099,-0.18046762630939484,-3.8224990177839993
1789799535294018600,30.3130185546875,-0.2719920272639021,0.37478900592625136,-2.9575235254257914
1789799535303989800,30.32298974609375,-0.5832908135216682,1.0221148500502109,-2.3497715667992827
1789799535313960400,30.33296044921875,-1.3083435289919376,1.0310065970361233,-2.6817642180502412
1789799535323932700,30.3429326171875,-1.4617033681452274,0.8932990850448608,-3.7740626113951206
1789799535333903600,30.352903564453126,-0.9609808746516704,0.8457011753067374,-4.895224695652723
1789799535343874800,30.362874755859377,-0.2803343602061272,0.9398162138089537,-5.104593422275781
1789799535353845500,30.372845458984376,-0.17017536487579343,1.3515923036098478,-3.4941678116500374
1789799535363816400,30.38281640625,-0.9319383200407028,1.8899489467099309,-1.3335153796494006
1789799535373788700,30.39278857421875,-1.4186270274847745,1.5993611957758664,-0.9971487510979175
1789799535383759600,30.402759521484374,-0.6761433578073978,0.6409656614422797,-1.563663859450817
1789799535393730600,30.41273046875,0.2139268283188343,-0.29164602781534193,-2.384896656194329
1789799535403701500,30.422701416015624,-0.014488544079661369,-1.1348685380488635,-2.271619821104407
1789799535413672700,30.432672607421875,-0.627699352633953,-1.8961556923955678,-0.9432382972121238
1789799535423643600,30.4426435546875,-0.6241098037093877,-2.489793785473704,0.6434253295540809
1789799535433615600,30.45261572265625,0.14719262176044284,-2.9249364300757645,1.8444985703945158
1789799535443586600,30.462586669921876,0.5911755023568869,-3.207543995910883,2.7117431767284867
1789799535453557800,30.472557861328124,-0.13399755155742168,-3.489861054366827,3.7460891473203897
1789799535463528700,30.48252880859375,-0.7489946590065956,-4.025024162122607,4.518272958734631
1789799535473499600,30.492499755859374,0.045887306427955625,-4.548800198945403,4.4561634163022035
1789799535483471600,30.5024716796875,0.9002841216266154,-4.395764184918999,4.148137331572174
1789799535493442600,30.512442626953124,0.9255214387357235,-3.9290141036540267,3.5923785950332876
1789799535503413800,30.522413818359375,0.011475333738327025,-2.880708581292629,3.367730466213822
1789799535513384700,30.532384765625,-0.5742559317380189,-1.7647276990652083,3.005489976215362
1789799535523355600,30.542355712890625,-0.4657973105847835,-0.35145898374319073,2.673607799601555
1789799535533327600,30.55232763671875,-0.04802724106609821,1.0830179393023251,2.1608301266551018
1789799535543298600,30.562298583984376,0.28344924082364886,1.6525772376567125,1.5416051723778248
1789799535553269500,30.57226953125,0.6541840394556522,1.4831138204425574,1.0495622444242239
1789799535563240400,30.582240478515626,0.39369536644816394,0.9060580288529395,1.135841182473302
1789799535573211400,30.59221142578125,0.23625735460314898,0.43575113188922404,1.49853233884871
1789799535583183600,30.60218359375,0.10630290442407131,0.16712649869918822,2.123287454724312
1789799535593154300,30.612154296875,0.473597755202651,-0.23077274917960167,2.6615052738755938
1789799535603125500,30.62212548828125,0.820955148845911,-0.5254711503028869,3.175605135336518
1789799535613096400,30.632096435546874,0.9386007005393504,-0.42728257875144476,3.0464918486893175
1789799535623067400,30.6420673828125,0.4305488870710134,0.035576340293884276,2.6451737322777507
1789799535633039400,30.652039306640624,-0.3766401867508888,0.8174480175077915,2.4903975965857503
1789799535643010300,30.66201025390625,-0.8086264131486416,1.4105945276767016,2.4790730694949628
1789799535652981500,30.6719814453125,-0.3783639052709564,1.8313877444088458,2.4928257005155086
1789799535662952400,30.681952392578125,0.05728486222233623,2.0464087977051735,2.017687730133533
1789799535672923600,30.691923583984376,0.2053062812234275,2.2527976317346097,1.6933616679877042
1789799535682895400,30.701895263671876,0.1670200974489562,2.084149038034677,1.4413321957677603
1789799535692866600,30.711866455078123,0.13426350901722908,1.349596745878458,1.4552508310049772
1789799535702837500,30.72183740234375,1.0436568197727203,0.6873422126919031,1.1142319927334785
1789799535712808400,30.731808349609373,2.1595979545116424,0.12796762374341486,0.4394721982389688
1789799535722779400,30.741779296875,1.701422224846482,-0.24202888720929622,0.6682412063807248
1789799535732751600,30.751751708984376,0.3292278627127409,-0.6552005230218172,1.8995576097935436
1789799535742722600,30.76172265625,-0.24287706500384956,-1.3162228840649126,2.6966671881496906
1789799535752693500,30.771693603515626,-0.3239823267420754,-2.1060364601939914,2.538077631649375
1789799535762664400,30.78166455078125,0.017295966183207927,-2.879789128360152,2.139770972013473
1789799535772635400,30.791635498046876,-0.5338286808142438,-3.0720383778780698,2.4327000253766773
1789799535782607600,30.801607666015624,-1.7826538163781165,-2.414229133662581,3.4819220780611038
1789799535792578600,30.81157861328125,-2.026442698997259,-1.651626805064082,4.268597356164455
1789799535802549500,30.821549560546874,-1.0111159016519784,-1.5407938559949397,3.53575245244801
1789799535812520400,30.8315205078125,0.24806637727525083,-1.71830438606441,2.353294480228424
1789799535822491400,30.841491455078124,0.6085749654471874,-1.8249276084840296,2.1992489968985316
1789799535832463600,30.851463623046875,0.4126998901149258,-1.7390040597438812,2.2834674952864646
1789799535842434300,30.861434326171874,0.2783235683729872,-1.5375561892479657,1.4059820654451847
1789799535852405500,30.871405517578125,-0.06673314711246639,-1.2298059988498686,0.5135445656657218
1789799535862376400,30.88137646484375,-0.17850655536949633,-0.6628419776856899,-0.33269290847480293
1789799535872347600,30.89134765625,-0.3576754105726257,0.06550853722095488,-0.8012982622176408
1789799535882319400,30.9013193359375,-0.2808662385931238,0.7753449057936668,-1.30757429818511
1789799535892290600,30.91129052734375,-0.1704863305211067,1.1684499051332473,-1.7198831796884535
1789799535902261500,30.921261474609373,-0.4377776327481493,1.2238900528043508,-1.6538409739822149
1789799535912232400,30.931232421875,-0.5037438871413469,1.284405604043603,-1.2136778708696365
1789799535922203600,30.94120361328125,0.2220207211916335,1.2420225063443182,-0.8523089030086993
1789799535932175400,30.95117529296875,1.3858873719215392,0.6046130760788917,-0.661213499701023
1789799535942146600,30.961146484375,1.7999819677978752,-0.23992227031886576,-0.25042788224220275
1789799535952117500,30.971117431640625,0.8116998292446136,-1.372959501287341,1.0649661497831344
1789799535962088700,30.981088623046876,-0.08344577871607615,-2.96291632438004,2.654248434615135
1789799535972059400,30.991059326171875,-0.6059270812869072,-4.519221053239703,3.91543156850338
1789799535982031600,31.001031494140626,-0.6345546253561973,-4.478656403139233,5.071860196453333
1789799535992002600,31.01100244140625,-0.33263679437339305,-3.025746290041506,4.750623332494497
1789799536001973500,31.020973388671877,-0.11778116990500129,-2.712676950447261,2.1103467246085406
1789799536011944400,31.0309443359375,-0.7053589308977126,-2.2458801074311134,0.9272440247446299
1789799536021915400,31.040915283203127,-0.6935960123896598,-1.2466606875389814,1.1677525705188512
1789799536031887600,31.0508876953125,-0.025970289292465892,-1.0677762387678027,1.416928991395235
1789799536041858600,31.060858642578125,1.0818494800448417,-1.5250430368945003,0.8144026584625244
1789799536051829500,31.07082958984375,1.9787106414854525,-1.952394296967983,-0.312455591610074
1789799536061800400,31.080800537109376,2.546072137534618,-2.259066921262443,-1.7139619729459286
1789799536071771400,31.090771484375,2.99033215457201,-2.264671317140758,-3.0172184079319235
1789799536081743400,31.100743408203126,2.059699656432867,-1.862976768632233,-3.671014324852824
1789799536091714300,31.11071435546875,1.0225088908690958,-1.0254928020507097,-4.503319719752669
1789799536101685500,31.120685546875,1.6445416691087185,0.1823386808782816,-6.040367374956608
1789799536111656400,31.130656494140624,2.764354822975397,0.3862736920148134,-7.943757110258937
1789799536121627600,31.140627685546875,2.388312017595768,-0.10430179373472928,-9.68350409732461
1789799536131599400,31.150599365234374,1.684848106664419,0.8724760772466659,-9.365057156345248
1789799536141570600,31.160570556640625,0.7170692424356937,2.5531232250899074,-6.542587998053431
1789799536151541500,31.17054150390625,0.24585326780304312,2.701463190254569,-4.095681752669811
1789799536161512400,31.180512451171875,0.7688729333005845,1.7341271013572812,-3.079455376136303
1789799536171483400,31.1904833984375,1.4779717813789843,0.6578001841261982,-2.6476561967432497
1789799536181455400,31.200455322265626,0.11759769396372138,0.2846937244594097,-2.723733474251628
1789799536191426600,31.210426513671877,-0.6113504215098917,-0.4131245818004012,-3.7745156158596274
1789799536201397500,31.2203974609375,-0.6442847228623926,-0.5750634487286209,-3.752513042888045
1789799536211368400,31.230368408203127,-0.5069861569982022,0.22923750243633984,-3.547474454423785
1789799536221339400,31.24033935546875,-0.3123812842648476,1.279339845086634,-3.9690363174408674
1789799536231311600,31.2503115234375,-0.49239897484965617,1.2879700185269116,-5.396763766226172
1789799536241282600,31.260282470703125,-0.4709386920612305,0.8556164201214909,-7.217690906897187
1789799536251253500,31.27025341796875,0.21600312313623726,0.7977163120776415,-8.537020524805783
1789799536261224400,31.280224365234375,0.2814811921536922,1.3564441275551915,-7.961155404305457
1789799536271195400,31.2901953125,0.1964426095545292,2.608373403146863,-4.987618901711702
1789799536281167600,31.300167724609373,-0.4223030367732048,2.8996210792943833,-2.92781695394814
1789799536291138300,31.31013818359375,-0.7568459570288658,1.6403706670343874,-1.8934779976189136
1789799536301109500,31.320109619140624,-0.9512655363231897,0.04346884710937738,-1.050046813070774
1789799536311080400,31.33008056640625,-1.6495739641875027,-0.907435454685986,0.19137480477094648
1789799536321052700,31.340052734375,-2.225246776986122,-1.7121777198776602,1.069547632354498
1789799536331023400,31.3500234375,-2.294891391098499,-2.8353996592745183,2.031504074040055
1789799536340994600,31.35999462890625,-1.7092583252996205,-4.137814967261255,2.0770669708192346
1789799536350965500,31.369965576171875,-0.9806020323794334,-4.858455930703878,1.8139561326146125
1789799536360936400,31.3799365234375,-0.6951391501784324,-4.698822418108582,1.8636077600121497
1789799536370908400,31.389908447265626,-0.8373188391476869,-4.062750958448648,1.489539469575882
1789799536380879400,31.39987939453125,-0.6571616670269519,-3.0402222669005394,0.4308750502854585
1789799536390850600,31.4098505859375,-0.24524784925580023,-1.9128204114705323,-0.5295376690894364
1789799536400821500,31.419821533203127,-0.10534666314516215,-1.0216238516628742,-0.7296662736803293
1789799536410792700,31.429792724609374,0.30732582750618453,-0.5148679232239722,-0.3827034323126077
1789799536420764400,31.439764404296874,0.6016518881857394,-0.5615314747214317,0.7177741758346557
1789799536430735600,31.449735595703125,0.024731778739765287,-1.2004016251891851,2.1439152322113513
1789799536440706600,31.45970654296875,-0.39787184841521084,-1.9131518353819845,2.579765732821822
1789799536450677500,31.469677490234375,-0.3442757942408323,-1.8169196585953236,2.4307471377432344
1789799536460648400,31.4796484375,0.11638700299970806,-0.7055237660706043,2.173472166085243
1789799536470620400,31.489620361328125,0.11893084226362406,0.5755079776257276,2.2254291478157042
1789799536480591600,31.499591552734376,-0.2601239313483238,1.1211679294764996,2.523026777511835
1789799536490562600,31.5095625,-0.43043961801026015,0.6328519130915403,3.0627199299126864
1789799536500533500,31.519533447265626,-0.4768500349968672,-0.2559469379246235,3.4566929442584513
1789799536510504400,31.52950439453125,-0.42275841585788876,-0.38631986924409867,3.8835324554175137
1789799536520476700,31.5394765625,0.10533559376187622,-0.4200970511615276,4.228251317250728
1789799536530447400,31.549447265625,0.17273385371956973,-0.7581243064016103,4.691327093917131
1789799536540418600,31.55941845703125,0.5193985158583149,-0.7789116583645344,4.470865895393491
1789799536550389500,31.569389404296874,0.15196571791376917,-0.9632342065364122,3.816928524175286
1789799536560360400,31.5793603515625,-0.393911639547348,-1.1461889734864235,3.462073468253016
1789799536570332400,31.58933251953125,0.010168379325605928,-1.3704180001109838,3.7157735040336846
1789799536580303400,31.599303466796876,0.995637177491188,-1.4652368029683827,3.896664908713102
1789799536590274600,31.609274658203127,2.0199346322774887,-0.7679477812796831,3.8165579372972247
1789799536600245500,31.61924560546875,1.698724071803689,-0.35737902144193645,3.153793701022863
1789799536610217500,31.629217529296874,0.7640595416694879,-0.4840595279842615,2.711890476244688
1789799536620188400,31.6391884765625,0.2604676302194595,-0.7607090621978044,2.8634394665837286
1789799536630159600,31.64915966796875,0.6136924545913934,-0.9949977105438709,3.1736265287399292
1789799536640130600,31.659130615234375,0.6194792212992907,-0.7845493719905614,2.967580224537849
1789799536650101500,31.6691015625,0.26736674208343025,-0.1089174708366394,1.9947025758653878
1789799536660073500,31.679073486328125,0.4799731354534626,0.787862442061305,0.7919307144135236
1789799536670044400,31.68904443359375,0.4033277026683092,1.5081617524594069,-0.4745429270982742
1789799536680015600,31.699015625,-0.0038157588958740232,1.5953776790976524,-1.301175537058711
1789799536689986600,31.708986572265626,-0.22997546132206914,1.1949147182106972,-1.0687164422273636
1789799536699957500,31.71895751953125,-0.07621173580931499,0.5920744970232248,0.008849076887965202
1789799536709929500,31.728929443359377,1.0184498978018761,-0.051933016332983965,0.4473310950458049
1789799536719900700,31.738900634765624,1.9995704741626976,0.14856032991707324,1.0441039790183304
1789799536729871600,31.74887158203125,1.5655255616694688,1.0403753138840197,1.6350760677576064
1789799536739842300,31.75884228515625,0.5247907668232917,1.5939432623803615,1.691920237007737
1789799536749813500,31.7688134765625,-0.23904141409741714,1.5435101292163134,1.0672148054927586
1789799536759785500,31.778785400390625,-1.6081202562928198,1.1172177305459976,1.0204811113685368
1789799536769756700,31.788756591796876,-2.2721751168996094,0.5909107139408588,1.4262626369297504
1789799536779727400,31.798727294921875,-1.3719734128594399,0.18394085537791252,1.147744970756769
1789799536789698600,31.808698486328126,-0.6974737306058406,-0.06229191326200962,0.8057336143165826
1789799536799669500,31.81866943359375,-0.7237766311198472,-0.3518348313182592,0.7885229517966509
1789799536809641500,31.828641357421876,-0.7110621109753846,-0.8004244019925594,1.5891373234033583
1789799536819612400,31.8386123046875,-0.3174491621136665,-1.3237240534752606,2.8013462907642124
1789799536829583600,31.84858349609375,0.3373486253261566,-1.6811217796176672,3.635703942018747
1789799536839554600,31.858554443359374,0.6413233888387679,-1.9414584769338368,4.359835377925634
1789799536849525500,31.868525390625,1.208266367214918,-2.5685902588129044,3.994219858536124
1789799536859497500,31.87849755859375,1.1649334214448928,-2.7777637551248073,2.5146236908257005
1789799536869468400,31.888468505859375,0.6292319690287113,-2.5074580369800326,1.1060410874933004
1789799536879439600,31.898439697265626,0.5367699584305287,-2.0865356409102676,0.17788696216642855
1789799536889410600,31.90841064453125,-0.25979774986756965,-2.0594687702864407,0.17120646148920057
1789799536899382500,31.918382568359377,-0.7785141834795475,-2.5451784035652874,0.8080664411783218
1789799536909353500,31.928353515625,-0.2476455580472946,-2.5442607041984795,1.641673566326499
1789799536919324700,31.93832470703125,-0.01910798404123634,-2.0639473770052192,1.7817630050182343
1789799536929295600,31.948295654296874,-0.13218144204616547,-1.8075129478245973,0.6359469564974307
1789799536939266600,31.9582666015625,-0.2716833997061476,-1.620395508237183,-0.20583003110289572
1789799536949238500,31.968238525390625,-0.29400161449816076,-1.4377964228570461,-0.7472428469032049
1789799536959209500,31.97820947265625,0.8228057451486587,-1.072318850633502,-0.7226566871792077
1789799536969180700,31.9881806640625,1.767602377718687,-0.8294324698120356,-0.4202905279070139
1789799536979151400,31.9981513671875,2.054921774506569,-0.8183987423613667,-0.1640770480006933
1789799536989122600,32.00812255859375,1.7384043402850626,-1.3985466547474263,-0.8607762871026993
1789799536999094500,32.01809448242187,1.6972610135138033,-1.8197487445414064,-2.7242864319592712
1789799537009065700,32.028065673828124,1.9553554848611354,-1.7550570766612887,-4.423083568999171
1789799537019036400,32.03803637695312,2.3334628215551376,-1.1941457796648145,-5.201656789189577
1789799537029007400,32.04800732421875,2.2471008813977242,-0.32231296875774856,-5.19034804418981
1789799537038978600,32.057978515625,2.038639186616987,0.7952794403195381,-3.587894727617502
1789799537048950500,32.06795043945313,1.8437141420185565,1.4148486779898404,-2.221488885757327
1789799537058921500,32.07792138671875,1.0790076076824218,1.4372422961056233,-2.01178172096014
1789799537068892400,32.08789233398438,0.7969874132812023,1.1934689033165573,-2.894243185648322
1789799537078863600,32.09786352539062,0.5411002427197993,0.7033414535954594,-2.668323721718788
1789799537088834600,32.10783447265625,1.0628944580756128,0.15092267513424157,-1.397685946264863
1789799537098806500,32.117806640625,1.2159927236832677,-0.5449859981119632,-0.6622247225701808
1789799537108777500,32.12777758789063,0.22995091140270232,-1.100284423662722,-0.8578764740079641
1789799537118748400,32.13774853515625,0.5386883592724799,-1.1637974031522869,-1.7535487179249525
1789799537128719600,32.1477197265625,1.1732805401600896,-1.3006246251776814,-3.496315345072746
1789799537138691300,32.15769140625,0.6023816637650132,-0.3918640593677759,-5.069612709787488
1789799537148662500,32.16766259765625,-0.3648841363750398,0.6005924422606825,-5.851915764155984
1789799537158633500,32.177633544921875,-0.3384673271577805,0.8782438469931483,-6.46485535455346
1789799537168604700,32.187604736328126,0.41526911954842505,1.1493085668116807,-7.09754126342833
1789799537178575600,32.19757568359375,0.6624690527200698,1.9271175246313212,-6.915303120315074
1789799537188547600,32.20754760742187,0.49198403737321494,2.32052413726598,-6.068114629060029
1789799537198518500,32.2175185546875,0.17116327993459998,2.041282540732622,-5.370476063281298
1789799537208489500,32.22748950195312,-0.5189125955048948,1.3517851958334446,-6.055642685499787
1789799537218460700,32.237460693359374,-0.0019884704034775495,0.7112886132076383,-7.384466107940673
1789799537228431400,32.24743139648437,0.8252255927067249,0.4163873829886317,-8.10248286035955
1789799537238403600,32.25740356445313,0.31005028403401375,0.6942994844838977,-6.810999280753731
1789799537248374500,32.26737451171875,-0.2332323807587847,1.0278367348283528,-4.625024775969982
1789799537258345700,32.277345703125,-0.20767710200799627,0.31356150702536106,-3.207467423543334
1789799537268316400,32.28731640625,-0.24068390234112738,-0.6218167243361473,-0.36314883701503275
1789799537278287600,32.29728759765625,-1.4185510396391152,-1.148159104515612,2.7833745807439088
1789799537288259600,32.307259521484376,-2.7908354181438684,-2.1398265015929936,2.4052169751673937
1789799537298230500,32.31723046875,-2.0132003555864095,-3.51212315505743,-0.016816110244393348
1789799537308201500,32.327201416015626,-0.44856089256908743,-4.171276799619197,0.24142682966291903
1789799537318172400,32.33717236328125,0.22562369585335254,-3.6952374964833257,2.4246342078208922
1789799537328144600,32.34714453125,-0.6222644681036472,-2.978822918564081,4.239439650741219
1789799537338115300,32.357115234375,-1.3327473178863525,-3.1194337507814165,4.0460453228414055
1789799537348086500,32.36708642578125,-0.5897269840490073,-3.3389977082043885,2.580655959659815
1789799537358057500,32.377057373046874,-0.052742579150199885,-3.0742689134091137,1.5016688833087681
1789799537368028700,32.387028564453125,-0.12834292332921177,-2.5464088221430776,1.2574345950096846
1789799537378000400,32.39700048828125,0.7797112843096256,-2.00519883543849,0.9535767358750105
1789799537387971600,32.4069716796875,0.9677543873745947,-1.2653653880089522,1.3936176739126442
1789799537397942500,32.41694262695312,-0.11050737037658691,-1.1027753636956215,2.208299149316549
1789799537407913500,32.42691357421875,-0.35998891167938707,-1.225810791733861,1.9956629453301429
1789799537417884700,32.436884765625,-0.20413378511164337,-0.24051965169012546,1.552880599629879
1789799537427856400,32.4468564453125,0.3444674808880314,1.3912994600981472,1.0723498302936554
1789799537437827600,32.45682763671875,0.6253069045394659,2.377202010038495,1.1838017880439757
1789799537447798500,32.46679858398438,0.10036123941540717,2.4375801986336705,2.0588667127400635
1789799537457769700,32.47676977539062,-0.6134329268723726,1.8114158004820347,2.816149892142415
1789799537467740400,32.48674047851563,-0.8585527658343315,1.1889192771881818,2.5529665732234714
1789799537477712600,32.496712646484376,0.17764438558220863,0.3906745573222637,2.5431132877290246
1789799537487683600,32.50668359375,0.7420160521656274,-0.7555740373969078,3.534240294319391
1789799537497654500,32.516654541015626,0.938148280596733,-2.054970289823413,4.86466179960668
1789799537507625500,32.52662548828125,1.294717154699564,-2.794187651181221,5.3966603058516975
1789799537517597400,32.53659741210937,1.0581289972394705,-2.863635281416774,5.26849219110012
1789799537527568600,32.546568603515624,0.8296469893455505,-2.6979057900339365,5.458185326394438
1789799537537539600,32.55653955078125,-0.1564303326398134,-2.5055618479698896,6.176073483997583
1789799537547510300,32.56651025390625,-1.2562281418293715,-1.791118277862668,6.582713087692857
1789799537557481500,32.5764814453125,-1.0179846183776855,-0.8006167096942662,5.3928796182692045
1789799537567453400,32.58645336914063,0.08906360033154487,0.6542606118232012,3.2675732249379155
1789799537577424600,32.59642456054687,0.2888923451930284,1.6134440816640854,1.3970371269673107
1789799537587395300,32.60639526367188,-0.2422030381998047,2.0442454821914433,0.22437866422832012
1789799537597366500,32.61636645507812,-1.0522300023287534,1.6832915248721838,-0.275987270912528
1789799537607337500,32.62633740234375,-0.3791758427083492,0.8289800498694181,-0.32482232123017307
1789799537617309700,32.63630981445313,1.8988713810950517,-0.4121744414687156,-1.387595929405093
1789799537627280400,32.6462802734375,3.764449564397335,-0.9359563235104084,-2.662635154688358
1789799537637251300,32.656251220703126,3.205300016376376,-0.5013403331309557,-2.690076703843474
1789799537647222500,32.66622241210938,0.9279378522276878,0.25757190877795216,-1.7759031730741262
1789799537657193500,32.676193359375,-0.309096965364553,0.8817553622454404,-1.1123591845989227
1789799537667165400,32.68616552734375,0.33027528940644113,1.219003449806571,-1.5238994198173283
1789799537677136400,32.696136474609375,0.8490519470393657,1.1353630435675381,-2.017436385720968
1789799537687107600,32.706107666015626,-0.15343283132426438,1.5671768360078333,-0.7237345455437898
1789799537697078500,32.71607861328125,-1.9216472765266894,2.1701947518497704,1.4921516979008913
1789799537707050500,32.72605053710937,-2.487118428784609,1.7565227652996778,2.968059532487392
1789799537717021400,32.736021484375,-2.421722704288363,0.6750777744024992,4.7448131849110124
1789799537726992600,32.74599267578125,-2.1640274613916874,-0.8090840937882662,7.4535361370354885
1789799537736963600,32.755963623046874,-0.6231698194455355,-2.16174665697813,9.22413068230748
1789799537746934500,32.7659345703125,0.2345656751891598,-2.9482302119016643,9.097254945454
1789799537756906500,32.77590649414063,0.48924540618956086,-3.6442473139584064,6.8184916823357336
1789799537766877400,32.78587744140625,0.37160390961673107,-4.026940224876999,3.750523330375552
1789799537776848600,32.7958486328125,-0.4081600181955844,-3.68651993702054,1.4542244105666875
1789799537786819600,32.80581958007812,-1.102886422854662,-2.6668998263955115,-0.15204583394527435
1789799537796790500,32.81579052734375,-1.2650970924615859,-1.3705004176974296,-2.065001269972324
1789799537806762500,32.825762451171876,-1.3798521834105253,-0.40211481974720953,-3.090376583123207
1789799537816733700,32.83573364257813,-1.3252256902098656,-0.3886562032371759,-3.261142315107584
1789799537826704400,32.845704345703126,-0.8625929811358451,-0.8214636828899383,-2.4197639714360237
1789799537836675300,32.85567529296875,0.01551441652867943,-0.8658329859703778,-0.6779267340928316
1789799537846647600,32.8656474609375,0.8233890979945659,-0.6656552815407514,1.0156874473512172
1789799537856618500,32.875618408203124,1.014651090040803,-1.0236918901085852,0.9284621683627367
1789799537866589400,32.88558935546875,0.6706570353507996,-1.5680536188423633,-0.09223521610498428
1789799537876560400,32.895560302734374,-0.22691492297397925,-1.5646306586563585,-0.7895844435483217
1789799537886531600,32.905531494140625,-0.8438222296923399,-0.9687176063835621,-0.9325666810721158
1789799537896503600,32.91550366210937,-0.239606628498435,-0.5327031473830341,0.04390051652491092
1789799537906474500,32.925474609375,0.3831055833727121,-1.0451333220660686,0.9664613518893718
1789799537916445400,32.93544555664062,0.6318664091855287,-2.549610248532891,0.8050438784867525
1789799537926416400,32.94541650390625,0.4843710781514644,-4.033397438192368,0.2256160970687866
1789799537936387600,32.9553876953125,-0.07352467041611671,-3.9934801460847256,0.371305839985609
1789799537946359300,32.965359375,-0.8501473410606384,-2.391914426001906,1.1435872665554285
1789799537956330500,32.97533056640625,-0.5136486105620861,-1.8281416020944714,0.9978513464093208
1789799537966301400,32.98530151367188,0.7446972540736198,-1.9153075521111487,0.567840219476819
1789799537976272600,32.99527270507812,1.573061802393198,-1.4351979307964444,0.7400052968651056
1789799537986243600,33.00524365234375,1.4872329461991787,-0.6462202209696173,0.8695183964848517
1789799537996215600,33.015215576171876,0.5952338378369808,-0.08430150049626826,0.3865782279193401
1789799538006186500,33.0251865234375,1.8353274219453333,-0.051826633349061006,-0.163119016623497
1789799538016157400,33.035157470703126,2.552678403931856,-0.9126032127127051,-2.1922049236059187
1789799538026128600,33.04512866210938,1.1727894687075167,-1.8224656022846697,-4.423245481562614
1789799538036099300,33.055099365234376,-0.13487024273872375,-1.758892709301412,-6.763138043904304
1789799538046071600,33.065071533203124,0.19561025038361549,-0.6939470177844166,-8.157917162811756
1789799538056042500,33.07504248046875,1.4460498719394206,-0.055118952892720695,-9.698892220592498
1789799538066013700,33.085013671875,2.773963193798065,-0.7892790308609604,-12.900222748816013
1789799538075984400,33.094984375,2.482984689980745,0.8400307284548878,-11.311417433845996
1789799538085956600,33.10495654296875,1.3217349254846573,4.68886859484911,-4.461916865262389
1789799538095927600,33.11492749023437,0.8177508729118853,4.672052192343771,-1.5786200210422277
1789799538105898500,33.1248984375,0.6943535527586937,0.11735767466276883,-4.07831911445856
1789799538115869400,33.13486938476562,-0.3757295747119933,-0.9349252268970012,-4.06533922137618
1789799538125840400,33.14484033203125,-0.9995604884147643,1.0169216653212905,-1.8626017978399991
1789799538135812600,33.1548125,-1.823145985764265,0.9766203423321247,-1.3780746523439884
1789799538145783600,33.16478344726563,-2.551462598401308,0.12446253823190927,-2.3595985488086937
1789799538155754500,33.17475439453125,-1.9425357507765293,-0.22422435044944286,-3.6220419118911025
1789799538165725400,33.18472534179688,-0.9872317527174949,-0.1420671685054898,-4.859564768728614
1789799538175696400,33.1946962890625,-0.23070026846528052,-0.3491042373105883,-6.2347600662440055
1789799538185668400,33.20466845703125,0.042681806651223446,-0.16176146453469992,-6.018923020389676
1789799538195639300,33.214639404296875,-0.26984453037381173,0.4709048628568649,-4.7725686223208905
1789799538205610500,33.224610595703126,-0.5572691411018371,0.9077113490179181,-4.173741728428006
1789799538215581400,33.23458154296875,-0.6130991648733616,0.9898524566099047,-3.750003105893731
1789799538225552600,33.244552734375,-0.061716177466977384,0.8731240197613834,-3.036188481339812
1789799538235524400,33.2545244140625,-0.1368553156087175,0.8243281324103474,-1.4570646024286746
1789799538245495600,33.26449560546875,-1.45578625305593,0.7878054511770606,0.3405149804025888
1789799538255466500,33.274466552734374,-2.729133871990442,0.32014936098307367,0.7841706018060446
1789799538265437700,33.284437744140625,-2.453538230744004,-0.41586452815830705,0.42396249441802497
1789799538275409400,33.29440942382813,-1.4131360288530588,-1.3062860119402409,-0.1165770456790924
1789799538285380600,33.30438061523437,-1.816791648301482,-2.0234896944105625,0.5143348392605781
1789799538295351600,33.3143515625,-1.5933558178812264,-2.4008079265534876,2.025616185045242
1789799538305322500,33.32432250976562,0.08442885320298373,-2.66466519921124,3.350992097380757
1789799538315293400,33.33429345703125,0.6603080022286624,-2.850231025442481,4.996583129411936
1789799538325265400,33.344265380859376,0.06096972474753856,-3.449124554830789,6.189654850104451
1789799538335236600,33.35423657226563,-0.0432441715080291,-4.57933445341885,6.122192840728164
1789799538345207600,33.36420751953125,0.2712660145442933,-4.866985858640074,5.397890724429488
1789799538355178500,33.37417846679688,0.7103880841713398,-3.6462381955146785,3.6647283764511345
1789799538365149400,33.3841494140625,0.5276454986672848,-1.8503139786750078,1.9116168808996676
1789799538375121700,33.39412158203125,-0.20278883677609263,-0.44877720220088957,0.8608043441534042
1789799538385092600,33.404092529296875,-0.6103589262545108,0.4384089529216289,0.4049269545584917
1789799538395063300,33.414063232421874,-0.5701847367763518,1.0949871940374374,0.3175029381275177
1789799538405034500,33.424034423828125,-0.4438589619558304,1.5293331353038548,0.9339572586476802
1789799538415005400,33.43400537109375,-0.671776979291439,1.495344940984249,2.065872207587957
1789799538424977700,33.443977783203124,0.0807318253159523,1.0651391682624816,2.4941496425956484
1789799538434948400,33.4539482421875,0.7625409538000821,0.12207681213915347,2.556446232032776
1789799538444919600,33.46391943359375,0.8190279801756143,-0.8951882597923279,2.719117504888773
1789799538454890500,33.47389038085937,0.6985773079335689,-1.7909207094639539,2.959821865496039
1789799538464861400,33.483861328125,0.7748398788809776,-2.007247584661841,2.889420295536518
1789799538474833400,33.49383349609375,0.9900567470103502,-1.0972200676560402,2.0159943702191114
1789799538484804400,33.50380444335938,0.19501115197930483,0.8785615346401929,1.713425966373086
1789799538494775600,33.51377563476562,-0.6016589024484157,3.0774364375293253,0.8220148870319127
1789799538504746500,33.52374658203125,-0.3953595002681017,4.124575254198908,-0.7342617847770452
1789799538514718500,33.533718505859376,-0.6887889043688774,4.340128222414851,-1.1060744052410125
1789799538524689400,33.543689453125,-2.2668103749960657,3.8750188940942287,-0.015603227323293684
1789799538534660600,33.55366064453125,-2.0089199017882344,2.699564663156867,1.8807400965988634
1789799538544631300,33.56363134765625,0.6514028843045234,0.4418921188622713,3.574121638330817
1789799538554602200,33.573602294921876,3.247883605083823,-2.0997452510952948,4.981270993989706
1789799538564574200,33.58357421875,4.377042533314228,-3.8706466703593727,5.678724266329407
1789799538574545200,33.59354516601562,3.811085643365979,-4.007855585178732,5.563458303248882
1789799538584516400,33.603516357421874,2.1256448315054177,-2.220310489627719,5.632161837118864
1789799538594487300,33.6134873046875,1.1363970627903937,-0.08781272348761558,4.595345677021146
1789799538604458200,33.623458251953124,0.4021469684511423,0.896181947004795,2.6094506769895554
1789799538614430200,33.63343017578125,-0.7136550500780343,1.395012927663326,1.5556845511347055
1789799538624401400,33.6434013671875,-1.3712702330261468,1.2122656659841538,0.9599673136949539
1789799538634372400,33.65337231445312,-2.065555396723747,0.33019583096206184,1.9177736499637363
1789799538644343000,33.66334301757813,-2.145957551693916,-1.441069745439291,2.775710914248228
1789799538654314200,33.67331420898437,-0.6586375117331743,-2.9920652619749304,3.3614982938259836
1789799538664286200,33.6832861328125,0.6227274094402789,-3.2888059825807807,3.8761177952468393
1789799538674257200,33.693257080078126,1.1262802309889346,-2.5971768863499163,3.553373449334502
1789799538684228000,33.70322802734375,0.8858131132036448,-1.8521271655768154,1.7669214097172021
1789799538694199300,33.71319921875,0.009578012217022478,-1.1405401539444924,-0.8382517360836267
1789799538704170200,33.72317016601563,-0.460554185766913,-0.09820084651112555,-2.069180601483583
1789799538714142200,33.73314208984375,-0.02872811836693436,0.7489689400434494,-2.03039465149343
1789799538724113200,33.743113037109374,0.24968732954058795,1.0800094051361084,-1.8269734350979328
1789799538734084000,33.753083984375,-0.11406709041846916,1.011250926208496,-1.479699628084898
1789799538744055300,33.76305517578125,-0.45289398986995216,0.8065536985278129,-0.6196925717890263
1789799538754027000,33.77302709960937,-0.1796364361822605,0.4077233072787523,0.7493278364837169
1789799538763998200,33.78299829101562,0.5207546431750059,-0.05365034164488315,2.7494208732157945
1789799538773969200,33.79296923828125,0.8035153537452221,-0.8499141168266534,4.545121218171715
1789799538783940400,33.8029404296875,0.5343623127669096,-2.2100275805443523,4.872862641718983
1789799538793911300,33.812911376953124,0.2589788529664278,-3.0645208418548107,3.20775442379117
1789799538803883300,33.82288330078125,-0.34185645813941956,-2.427629882505536,0.987735026064515
1789799538813854200,33.83285424804688,-1.5230156227201221,-1.1862304764956235,0.24664544109404085
1789799538823825200,33.8428251953125,-1.45526427500844,-0.89080142301023,-0.3330009515106678
1789799538833796400,33.85279638671875,-0.3884481134444475,-1.0984244750097394,-0.4256827423393726
1789799538843767000,33.86276708984375,0.18936638755798338,-1.2730676329493522,0.3161947781383991
1789799538853739300,33.8727392578125,0.19388939967406912,-1.8081991765230894,1.3786182577013968
1789799538863710200,33.882710205078126,0.3702735743284225,-2.823623004502058,2.8609382974177597
1789799538873681400,33.89268139648438,0.718877753162384,-3.9398745203644037,3.729100018596649
1789799538883652000,33.90265209960938,1.2545371200025082,-5.009813197863101,2.882077531558275
1789799538893623300,33.91262329101563,1.3770669366061687,-5.301700633218884,1.386122934243083
1789799538903595300,33.92259521484375,1.1135060165464878,-3.997195951737463,0.5516372726947069
1789799538913566500,33.93256640625,1.3132464986026287,-2.8156419426202772,-0.8617705588370561
1789799538923537200,33.942537109375,1.5249217486023903,-2.8090985123261807,-2.7855273748636242
1789799538933508000,33.952508056640625,1.59443075363636,-2.248867306548357,-3.3368449140846725
1789799538943479300,33.962479248046876,1.7821020277142523,-1.123026709085703,-3.7560587526708837
1789799538953451300,33.972451171875,1.809228373440355,-0.2626671860903501,-3.9420542024910445
1789799538963422200,33.98242211914062,1.6528348656795917,0.31354338684678074,-4.610326388531923
1789799538973393200,33.99239306640625,1.1771791550338269,0.8752394044801592,-6.022038522061705
1789799538983364400,34.0023642578125,1.0914718793928622,1.3362833830580114,-7.340740363460779
1789799538993335300,34.012335205078124,1.9129416997626423,1.594154859304428,-7.785953735700249
1789799539003307300,34.02230737304688,2.4590111091971396,1.699913573849201,-7.7353411543160675
1789799539013278200,34.0322783203125,1.5909693611361087,2.3976398179113865,-7.246859718236327
1789799539023249200,34.04224926757813,1.323796972580999,2.2143825608834624,-8.059144069370626
1789799539033220400,34.05222045898437,1.083809820332378,0.7379077400639653,-10.361028095835447
1789799539043192000,34.062192138671875,0.18024886899217962,0.7442284675180911,-9.52523778142929
1789799539053163300,34.072163330078126,0.11433365066647529,2.4728651547655462,-4.508424349415302
1789799539063134200,34.08213427734375,0.5180127240557223,2.0628478913307187,-2.384098199293017
1789799539073105400,34.09210546875,1.2696657155513762,-0.9911609088599681,-4.909174310550093
1789799539083076400,34.10207641601563,0.440392747149989,-0.6211302033767104,-4.610967609044909
1789799539093048300,34.11204833984375,-0.4436953688919544,1.7183298127666116,-1.3396107739150522
1789799539103019300,34.122019287109374,-1.1171148546934127,1.4921718639060855,0.4077794213801622
1789799539112990200,34.131990234375,-2.065671132057905,-0.18845599471479654,0.0020475801795721052
1789799539122961400,34.14196142578125,-1.6745909165441988,-1.6103794333964585,-0.22959376852810381
1789799539132932000,34.15193212890625,-0.9893512290894985,-1.3437208395823836,0.24620178897976874
1789799539142904300,34.161904296875,-1.0248071578741074,-0.9711354811802506,0.2937929767161608
1789799539152875300,34.17187524414062,-0.7175941430926323,-1.1390458237335086,0.23048984058499336
1789799539162846200,34.18184619140625,-0.2175993793517351,-1.519649945679307,-0.3464116372257471
1789799539172817200,34.19181713867187,-0.7787170125752687,-1.7554747175514698,-0.9654255791008471
1789799539182788000,34.2017880859375,-1.492838511121273,-1.6538073639735578,-1.4413164136767387
1789799539192760300,34.21176025390625,-1.946607530260086,-1.3793819355502723,-2.8103379909932613
1789799539202731000,34.22173095703125,-0.45665480370819567,-1.0683671903982759,-5.2198400961339475
1789799539212702200,34.2317021484375,1.4582470902115106,-0.5063952784329653,-6.39823914835155
1789799539222673200,34.24167309570313,1.0512433293789625,0.7988421012371778,-4.304401075473428
1789799539232644400,34.25164428710937,-0.973109703862667,1.9021569786369799,-0.9564724573165178
1789799539242616000,34.261615966796874,-2.0764239967405795,1.2121464235186576,-0.4866612349152565
1789799539252587300,34.271587158203126,-0.832820358684659,-0.7853431527167558,-2.2310405579566956
1789799539262558200,34.28155810546875,0.18516827828101812,-2.2702952945023775,-2.863369323956966
1789799539272529200,34.291529052734376,0.19438392345905303,-2.568283384820819,-1.0469880100220441
1789799539282500400,34.30150024414063,-0.33188802183270455,-1.77960728828907,2.049292244186997
1789799539292472000,34.31147216796875,-0.8831419942982495,-1.8768103559345006,3.8312902270048856
1789799539302443300,34.321443359375,-0.6683838297218084,-2.6695494641214608,5.417053105539083
1789799539312414200,34.331414306640625,-0.7022896064549684,-3.0264643751829863,6.305868907690048
1789799539322385400,34.341385498046876,-1.1422703387379645,-1.9043530273765323,5.589271374419331
1789799539332356000,34.351356201171875,-0.7308955962795763,-0.3316051132380962,4.673295762664079
1789799539342328300,34.36132836914062,-0.9909943931866436,0.10290449415743351,4.821852585449815
1789799539352299300,34.37129931640625,-1.3455945244997738,-1.0180682050079106,5.672538855692744
1789799539362270500,34.3812705078125,-1.2324492068350315,-2.903172342035174,6.2821045857429505
1789799539372241200,34.3912412109375,0.21637948216795921,-4.195495295074582,6.1466007212758065
1789799539382212000,34.40121215820312,1.9796675038188696,-4.477829889187216,5.01923393715918
1789799539392184300,34.41118432617188,2.253217902973294,-3.8545314018607137,3.6698961344778533
1789799539402155300,34.4211552734375,1.6250234602987765,-3.0470570813566447,2.7918179994404313
1789799539412126200,34.43112622070313,0.7933464264303446,-2.3898545708626506,2.0843074434667823
1789799539422097200,34.44109716796875,-0.3399555929541588,-1.8215525790929794,2.2647598722070454
1789799539432068400,34.451068359375,-0.933430019903183,-1.3624293394446372,2.8402292713880537
1789799539442040300,34.461040283203126,-0.6733662943094968,-0.7785790654093027,3.1501866164416072
1789799539452011300,34.47101123046875,0.28184586074762047,-0.011439677903056144,2.953216183620691
1789799539461982200,34.480982177734376,0.7833698068171739,0.6716898855298757,2.602036016818881
1789799539471953200,34.490953125,0.9976391649633646,0.9702946464419364,2.0849925031214953
1789799539481925400,34.50092529296875,0.845946382239461,0.7617822443872689,1.6626187391996383
1789799539491896000,34.51089599609375,0.6695265700161457,0.3022200287997722,1.623304965943098
1789799539501867300,34.5208671875,0.8581313255518674,-0.18377894281446933,1.599863884600997
1789799539511838200,34.530838134765624,1.2931886299580335,-0.4125689937442541,1.4569915371924638
1789799539521809400,34.540809326171875,1.7420026570379734,-0.25890929486155506,1.2488818707197904
1789799539531781000,34.55078100585938,2.0019541544288395,0.1386199506610632,1.170074875986576
1789799539541752000,34.560751953125,1.3264432493060827,0.5450450348228216,0.9880255334436893
1789799539551723000,34.57072290039063,0.3021860899975523,0.9281383432358503,1.0472668269634247
1789799539561694200,34.58069409179687,-0.004086392530798912,1.0450485663920641,1.1930571076452732
1789799539571665200,34.5906650390625,-0.053338791477680204,0.9152823687940835,1.1825082411020993
1789799539581636000,34.60063598632812,-0.12179101746771484,0.7490414207577705,1.1281313387483358
1789799539591608000,34.61060815429688,-0.1523655674189329,0.5577209765225648,1.584671576166153
1789799539601579300,34.62057934570313,-0.3008171762645244,0.1424625975638628,1.9660832151025533
1789799539611550200,34.63055029296875,-0.7766238396883011,-0.3926999256700277,2.22985690113008
1789799539621521000,34.64052099609375,-1.0594318965315819,-0.9679396077483892,2.707608853402734
1789799539631493000,34.6504931640625,-1.3846604604750872,-1.5640969901710748,2.8629326861053705
1789799539641464300,34.66046435546875,-1.7934499356806277,-1.7560253371715544,2.3539818779706954
1789799539651435300,34.670435302734376,-1.831615123423934,-1.2230758138120175,1.9355080440968273
1789799539661406000,34.680406005859375,-0.9994377388179302,-0.2772235347092151,1.3355524384349584
1789799539671377200,34.690377197265626,0.05527823054108303,0.4381798203408718,-0.04623334338665008
1789799539681349000,34.70034912109375,0.2974070755600929,0.7596995928943157,-0.4623340183883905
1789799539691320000,34.71032006835937,-0.1840133178259246,0.5263701449692249,0.4877776717245578
1789799539701291000,34.720291015625,-0.3489887942373752,-0.15972294444441795,1.9493132820874453
1789799539711262200,34.73026220703125,0.400139172292687,-0.8657792099565267,2.751829687923193
1789799539721233200,34.740233154296874,1.2777777103364467,-1.5926391940444706,2.226101347988844
1789799539731205000,34.750205078125,1.7375146979689597,-2.4537130027890206,0.53023967987895
1789799539741176000,34.76017602539063,1.401212366825342,-3.0645488989055156,-0.3769108203858137
1789799539751147000,34.77014697265625,0.2639841321741231,-3.257532892438769,-0.07470949628651141
1789799539761118200,34.7801181640625,0.1686217056930065,-2.9562942758917807,0.9588099603533744
1789799539771089200,34.79008911132812,0.3619312779188156,-2.6082044763207435,1.723684910058975
1789799539781061000,34.80006103515625,0.021738350811135024,-3.15907719438374,1.02289986294806
1789799539791032000,34.810031982421876,-0.5049169860413297,-3.452940898248553,0.11868015543818473
1789799539801003300,34.82000317382813,-0.17942367021441458,-2.909683331364393,0.049932782426476474
1789799539810974200,34.82997412109375,0.6155249307155609,-2.146084977465868,0.26513679107427596
1789799539820945200,34.83994506835938,0.8041735253930091,-1.582287895900011,1.04119539809525
1789799539830917000,34.849917236328125,1.0406699129164219,-1.7251412463471292,1.8734552002876996
1789799539840888000,34.85988818359375,1.2060370007276535,-2.727289413167536,1.5603899523466824
1789799539850859300,34.869859375,1.1520622494339943,-3.642706806518137,-0.353284445604682
1789799539860830000,34.879829833984374,1.1516553491335362,-2.9708424412041903,-2.574647659155726
1789799539870801200,34.88980126953125,1.2855788856066763,-1.9933657743036746,-4.495917334541678
1789799539880773000,34.89977319335937,1.5965724418401717,-0.8967164922729134,-5.358240266564488
1789799539890744300,34.909744384765624,2.2484195627808568,0.16759966916888952,-4.914112935996055
1789799539900715000,34.91971508789062,2.5426865867495536,0.6606003362387418,-4.39572560647428
1789799539910686000,34.92968603515625,1.995321584546566,0.4174912525773048,-4.366245829489827
1789799539920657200,34.9396572265625,1.7821676402963698,-0.19467209275066852,-5.215027727416158
1789799539930629000,34.94962915039063,2.2621629875816405,-0.09474018466323614,-6.116369833663105
1789799539940600000,34.95960009765625,1.8765161952935159,0.6650263359874486,-7.054760690844058
1789799539950571000,34.96957104492188,1.6161001491308211,1.5484876253679394,-6.8945163528740405
1789799539960542200,34.97954223632812,0.8844647673346102,2.611144913686812,-4.919946464455127
1789799539970513200,34.98951318359375,0.5322153638660907,2.2522382442861795,-4.2609664228945965
1789799539980485000,34.999485107421876,0.16776581951603292,0.5603881499052047,-5.5928480638623235
1789799539990456000,35.0094560546875,0.07069675351381302,-0.6131646313250064,-6.514671817123889
1789799540000427000,35.019427001953126,-0.23660627763867376,0.3464446627125144,-4.692582062414289
1789799540010398200,35.02939819335938,-0.11327902704700826,1.4499290514603256,-3.2171365846425295
1789799540020369200,35.039369140625,-0.0015478139638900755,0.7162745849266647,-4.460440362969041
1789799540030341000,35.049341064453124,-0.7362742936432362,0.04493044409453869,-4.404089530193805
1789799540040312000,35.05931201171875,-0.6274935278635472,-0.3114934685796499,-2.8970377848029134
1789799540050283300,35.069283203125,-0.9790390208464115,-0.6113537825107574,-1.467024855428934
1789799540060254200,35.079254150390625,-1.1565455323278904,-0.6728551299169659,-1.2640250793159007
1789799540070225000,35.089224853515624,-0.6734322722177952,-0.4879074355840683,-1.0206669893294573
1789799540080197000,35.09919702148437,-0.312779964726232,-0.5736681949779391,-0.78846859126091
1789799540090168000,35.10916796875,-0.328089762060903,-1.069610760718584,-0.22733108429312704
1789799540100139300,35.11913916015625,-0.535057309293747,-1.7909490587756036,0.6241273393660783
1789799540110110000,35.12910986328125,-0.9304325916528702,-2.013662127879262,0.5570131205141544
1789799540120081200,35.1390810546875,-0.6496013878405094,-1.485605929519236,-0.024303251129388807
1789799540130053000,35.14905322265625,-0.584908843177557,-1.1588897573664785,-1.2868676102429628
1789799540140024000,35.15902416992188,-0.6709644938647746,-0.9214370920315385,-2.9668419733911753
1789799540149995000,35.1689951171875,-0.12370821273326874,-0.3530652498960495,-4.101967116549611
1789799540159966200,35.17896630859375,0.30987258937954903,0.47928690675497054,-4.129986757853627
1789799540169937200,35.18893725585937,0.5682827025473117,1.3034624789521096,-3.382591350737214
1789799540179909000,35.1989091796875,0.593968932467699,1.8679297148644922,-3.0272715999126434
1789799540189880000,35.208880126953126,0.38836277324855323,1.9545476756095885,-3.331532779151201
1789799540199851000,35.21885107421875,0.10601179425669834,1.4622761995971203,-3.7499458227485416
1789799540209822200,35.228822265625,-0.09383972869217395,0.4102928655058145,-3.722559803172946
1789799540219793200,35.23879321289063,-0.7400000361680984,-0.7395213127404451,-2.113597835358977
1789799540229764000,35.24876416015625,-1.3185820144116878,-1.8461667958676813,-0.10766600947082042
1789799540239736000,35.258736083984374,-1.504972016507387,-2.421016017323732,0.9748241065651178
1789799540249707300,35.268707275390625,-0.8838182130593806,-2.4059318454384804,1.1489005705326796
1789799540259678200,35.27867822265625,-0.8366950812261551,-2.1544594225794076,1.881153353574872
1789799540269649200,35.288649169921875,-1.271359659987688,-1.9588538483709095,3.12921864721477
1789799540279620000,35.2986201171875,-1.2923749754875897,-2.194232045519352,4.174021714413166
1789799540289592000,35.30859204101562,-0.6682202366579324,-2.5358324830710886,4.418009334474802
1789799540299563300,35.31856323242187,-0.16809044836051762,-2.102609408354759,3.7940439076721666
1789799540309534000,35.32853393554687,-0.16465455562770365,-1.1212187828809022,3.0220418825656172
1789799540319505200,35.33850512695312,-0.16994915490448473,-0.5923638353586197,3.6852053472906348
1789799540329476000,35.34847607421875,-0.4839437195848673,-1.4753379257440566,5.492895405247808
1789799540339448300,35.3584482421875,-0.7492372355908155,-2.675050984147191,6.574841331404447
1789799540349419000,35.3684189453125,-0.3938543564021587,-2.2185107467293737,5.5821244252741336
1789799540359390000,35.37838989257813,0.015878537133336066,-0.5093120426625013,3.009082447749376
1789799540369361200,35.38836108398438,0.44613571124877777,0.6138391695857047,0.9882593421995639
1789799540379332000,35.39833203125,0.1846854997327551,0.5104115283370018,0.3385901498198509
1789799540389304000,35.408303955078125,-0.3976934596410021,-0.18084639649391174,0.9377396997958422
1789799540399275000,35.41827490234375,-0.5534866999536753,-0.9601789106190204,1.8169377787739038
1789799540409246200,35.42824609375,0.419051926022768,-1.6840660163760184,2.370238016244769
1789799540419217200,35.438217041015626,1.200849368956685,-1.174752220147848,2.3096856401264665
1789799540429188000,35.44818798828125,1.3065116373896597,0.11576456025242805,1.7379378918170927
1789799540439160000,35.45816015625,0.932491862270236,0.8031050193786621,0.8948685263186693
1789799540449131000,35.468131103515624,0.03402151206731796,1.2365163101434706,0.713008568868041
1789799540459102200,35.478102294921875,-0.6766887167304754,1.5727490831822155,1.2196084299623966
1789799540469073200,35.4880732421875,-0.19830199195193127,1.4922861379355192,1.6865274380534887
1789799540479044000,35.498044189453125,0.3591735036432743,1.5025228697896003,1.5250515124619006
1789799540489016000,35.50801611328125,0.8519768945753574,1.2198796481192111,0.6731494366884231
1789799540498987300,35.5179873046875,0.7194038228631019,0.6121797119408846,0.5028343710809946
1789799540508958200,35.52795825195312,0.32720190984308717,0.16659283021390436,1.3529045552521943
1789799540518929000,35.53792895507812,0.49628772591650483,-0.5590607006937265,2.607461548998952
1789799540528900000,35.54790014648437,1.5133680889308452,-1.2393079866886139,3.4612808565706015
1789799540538872800,35.55787280273437,2.3775679207414386,-1.2057348029106856,4.246418257582188
1789799540548843500,35.56784350585937,2.2481448374927044,-0.772768917825818,4.622837495058775
1789799540558814700,35.57781469726562,1.2096844173192978,-0.20242519109547136,4.44753528868854
1789799540568785700,35.58778564453125,0.33525950755979866,0.26468027947843076,3.500061545863747
1789799540578756600,35.59775659179687,-0.8775186745237559,0.10418751970529555,1.997883543989062
1789799540588727800,35.607727783203124,-1.6765654314875602,-0.26109248411953445,0.31047990762293337
1789799540598699500,35.61769946289063,-1.7881255257874726,-0.14269523727595806,-0.28118834668695925
1789799540608670700,35.62767065429688,-1.630278312087059,0.11245616635680197,-0.4218927024066448
1789799540618641700,35.6376416015625,-1.4120926572799681,-0.11407353842556477,-0.01775485239923
1789799540628612900,35.64761279296875,-0.46624797696173187,-0.8069149330556392,0.368653864172101
1789799540638584600,35.65758447265625,0.5971914016455412,-1.2440759317427872,0.8264905711412429
1789799540648555800,35.6675556640625,1.2124094583690166,-1.276758888682723,1.767458585333824
1789799540658526700,35.677526611328126,1.2789584445536135,-1.3555033395737408,2.6461095518231392
1789799540668497700,35.68749755859375,0.448692446526885,-1.5640636724233627,3.1264076814472674
1789799540678468600,35.697468505859376,-0.10105214428901672,-1.2852175049483776,3.134789140823483
1789799540688439600,35.707439453125,-0.2287842057108879,-0.5533610277473926,2.2055162405997515
1789799540698411800,35.717411865234375,-0.49592590686678883,-0.015001754298806189,1.0716717849016189
1789799540708382700,35.7273828125,-0.3768704883754253,0.1820890900313854,-0.29325404753386974
1789799540718353700,35.737353759765625,-0.7403530873894691,0.22865151924192903,-1.4043863206863403
1789799540728324600,35.74732470703125,-1.117087966686487,0.33707506908178325,-1.7449398795336484
1789799540738295600,35.757295654296875,-0.6736147161126136,0.4871481416493654,-1.6164812574028968
1789799540748267800,35.76726782226562,0.03489241315033287,0.4079629612535238,-1.4432950202733277
1789799540758238500,35.77723852539062,0.6152069508075714,0.09715455232858657,-0.7753244475275277
1789799540768209700,35.78720971679687,1.1713234147429465,-0.7419038239628076,0.6902940482348203
1789799540778180600,35.7971806640625,1.2702128280401228,-2.317838551443815,2.0535621765911576
1789799540788151800,35.80715185546875,1.1289783109664917,-4.015600207956135,2.901199580657482
1789799540798123500,35.81712353515625,1.1745815397560595,-4.6294452227607366,3.2404800508290528
1789799540808094700,35.8270947265625,1.0584498997569083,-3.800746327920258,2.418356442725658
1789799540818065700,35.83706567382813,0.4756991113960743,-2.422925942598283,0.8256909451961517
1789799540828036600,35.84703662109375,0.05583353090286255,-1.8552981968283653,-0.4236836774766445
1789799540838007800,35.8570078125,0.061658876055479046,-1.7901514786571264,-0.7881517803966999
1789799540847979500,35.8669794921875,0.3585060892431065,-1.4237301958426831,-0.6727355951905251
1789799540857950700,35.87695068359375,0.9103590139824896,-0.8773881069466472,-0.4380962337106466
1789799540867921700,35.886921630859376,0.9289256942212581,-0.8359305996596813,-0.19825170480310916
1789799540877892600,35.896892578125,0.9796551799833774,-1.119841064786911,0.10995967336595058
1789799540887863600,35.90686352539063,1.3906710990667341,-1.7435627459615468,-0.21847674670815467
1789799540897834500,35.91683447265625,1.9718448473691939,-2.308342408823967,-0.7236217328190803
1789799540907806700,35.926806640625,2.671058115118742,-1.9385761994957922,-1.4772124874442816
1789799540917777700,35.936777587890624,2.922512417799234,-0.9424348718747496,-2.55158943965137
1789799540927748600,35.94674853515625,2.1822831029199063,-0.4709054473787546,-3.947542863035202
1789799540937719600,35.956719482421875,0.7132499764084815,-0.39995355006009337,-5.60471561178863
1789799540947690800,35.966690673828126,0.27479543077945706,-0.3124082453370094,-7.005738008999824
1789799540957662500,35.97666235351563,1.5348713340781628,0.4067623532921076,-8.002973853859304
1789799540967633700,35.98663354492187,1.9735655336819589,1.8639549660146235,-8.760184552547335
1789799540977604600,35.9966044921875,1.6653543016433714,2.6765754172354934,-7.5025272546976804
1789799540987575800,36.006575927734374,3.081799308913946,1.662208697094023,-6.855182121351361
1789799540997546800,36.016546630859374,2.980533229613304,0.7759466710790991,-6.604202450445294
1789799541007518700,36.02651879882813,1.1604081260401755,1.3659142589509485,-4.260569532531499
1789799541017489700,36.03648974609375,0.2824867889996618,1.78244221945405,-2.087926218485832
1789799541027460600,36.04646069335938,-0.029113793216273186,0.8320406064838171,-2.7426211300730703
1789799541037431800,36.05643188476562,-0.557704025387764,-0.2967737460926175,-3.9049814861595626
1789799541047402500,36.06640258789062,-0.2801531584203243,-0.582972906678915,-5.010627436855435
1789799541057374700,36.076374755859376,-0.6463969657760114,-0.3360086088940501,-6.434507562562823
1789799541067345700,36.086345703125,-1.2112567812025545,0.12230126854479312,-5.888074872773886
1789799541077316900,36.09631689453125,-0.760459398285672,0.7486676190093159,-3.6314591440558432
1789799541087287600,36.10628759765625,-0.5061491581847891,0.8788985115095973,-1.227979367944598
1789799541097258500,36.11625854492188,-0.4669008148472756,0.6662833503112197,-0.01579261241555214
1789799541107229700,36.12622973632813,-1.2299953839421272,0.2492921562105417,-0.10546937620937824
1789799541117201700,36.13620166015625,-1.6581132444739342,-0.2765434434905648,-1.0190829350084065
1789799541127172600,36.146172607421875,-1.4545605106532573,-0.33349545702934263,-1.5320844798386095
1789799541137143600,36.1561435546875,-1.2652204265803098,-0.3197486712276935,-1.4536585933774708
1789799541147114800,36.16611474609375,-0.8994581921964884,-0.3895794555619359,-1.1852274369329214
1789799541157085700,36.176085693359376,-1.0681032787650824,-0.30807576909065243,-0.7127507947146892
1789799541167057700,36.1860576171875,-1.8792700240463018,-0.37376580035835505,-0.4490063347816467
1789799541177028600,36.19602856445312,-1.779851618438959,-0.7188146247982978,-0.6765811647027731
1789799541186999600,36.20599951171875,-0.8364625145792961,-1.0548480758726597,-0.9157166685581207
1789799541196970800,36.215970703125,-0.689994188505411,-1.3420230957537889,-0.8679033625036477
1789799541206941700,36.225941650390624,-0.717499450546503,-1.594419647720456,-1.2909241921573877
1789799541216913700,36.23591357421875,-0.29782734679877754,-1.4730699808120726,-1.9874474901705979
1789799541226884600,36.24588452148438,-0.05159399363696575,-0.9579834464013576,-2.159104618036747
1789799541236855800,36.25585571289062,-0.8871271184116601,-0.13244739950597287,-0.7259042907983064
1789799541246826800,36.26582666015625,-1.8605530486166477,0.6730249335259199,1.6354577605515717
1789799541256797400,36.27579736328125,-1.3675854070335627,0.9007575843572616,2.768748089498281
1789799541266768600,36.2857685546875,-0.14514153444953262,0.14631108968555925,2.8999785144299266
1789799541276740600,36.29574072265625,-0.045400984215736385,-1.1915350126445292,3.2040777811050414
1789799541286711800,36.3057119140625,-0.28625900101475416,-2.60921745275557,3.009289368498325
1789799541296682500,36.3156826171875,-0.1208995850533247,-3.3464544539511203,2.6800305261254307
1789799541306653700,36.32565380859375,-0.271060408969596,-2.917010897773504,2.437847909659147
1789799541316624600,36.33562475585938,-0.8380307868093252,-1.828459289741516,1.972549780768156
1789799541326596900,36.345596923828126,-1.0656208142995833,-0.6764940709412097,1.4763438879162072
1789799541336567600,36.355567626953125,-1.1120984878361224,0.2262783603698015,1.4576239898771046
1789799541346538500,36.36553857421875,-0.635974429026246,0.736483552479744,1.5848007555037735
1789799541356509700,36.375509765625,-0.1487713423192501,0.6288789178073406,1.8334142818003891
1789799541366480600,36.385480712890626,0.6201040021341294,0.20796061339080332,2.029022194096446
1789799541376452600,36.39545263671875,1.5724562377154827,-0.5568319187283516,2.2389356951206922
1789799541386423600,36.40542358398437,0.7105828030258416,-1.484714241376519,2.731534503391385
1789799541396394800,36.415394775390624,-0.08753975176513194,-2.108884835362434,3.332483211743831
1789799541406365700,36.42536572265625,0.28726974895987656,-2.0917022298932073,3.6732033593297
1789799541416337000,36.4353369140625,0.7482657602101564,-1.2881979820638894,3.901661986348033
1789799541426307600,36.4453076171875,0.6189122350662947,-0.24786826088726518,3.7590976819753643
1789799541436279800,36.45527978515625,0.388661427401565,0.7491133169502019,2.9215216531962156
1789799541446250800,36.46525073242187,-0.13957389038503168,1.477724528619647,1.7958055588960646
1789799541456221700,36.4752216796875,-0.4760030627787113,2.064117472875118,1.3250783906936645
1789799541466192600,36.48519262695312,-0.40092360066864635,2.165782780626416,0.8100947321355343
1789799541476163600,36.49516357421875,-0.3272253272512927,2.2553297805607317,1.0344079299122095
1789799541486135800,36.5051357421875,-0.5206570280194283,2.0298808567523956,1.8482967936336994
1789799541496106800,36.51510668945313,0.6299807415693998,0.7902063748389482,2.1834937938839194
1789799541506077700,36.52507763671875,1.6163047317922115,-0.5607067143350839,2.78462136593461
1789799541516048600,36.53504858398438,2.3271032233953473,-1.2445225064665077,3.5259026740849015
1789799541526019600,36.54501953125,2.594357737275958,-1.3580728978008032,3.766486038661003
1789799541535990800,36.55499072265625,2.370318680265546,-0.7750362782359123,3.7395501009404657
1789799541545962800,36.564962646484375,1.7334084316939113,-0.006975099709630012,3.480408166366815
1789799541555934000,36.574933837890626,0.4133831962039694,0.5483598584592342,2.8712504325956103
1789799541565905000,36.58490478515625,-0.43291510474570094,0.9041752838462591,1.851598173266649
1789799541575876000,36.5948759765625,-1.142076350535825,0.8505740420401096,1.0649246487289667
1789799541585846800,36.6048466796875,-1.6935276722043753,0.5172247154831886,1.3055121049582958
1789799541595819000,36.614819091796875,-1.3814841685265302,-0.09589549217820167,1.857163406178355
1789799541605790000,36.6247900390625,-0.5619874017953872,-0.5876742162376641,2.288112690743804
1789799541615761000,36.634760986328125,0.2458288640141487,-0.8394248715162277,2.0937726064264774
1789799541625731800,36.64473193359375,1.0749960339535027,-0.7056330716639757,1.3928238931864498
1789799541635702800,36.654702880859375,1.3016887472778558,-0.6471271066814661,0.8488900344759225
1789799541645675000,36.66467504882812,0.46240237091686576,-0.9517898524582385,0.6639040539592505
1789799541655646000,36.67464599609375,-0.5662463013488799,-1.2589099282592535,0.8192121045708656
1789799541665617000,36.68461694335937,-1.1657996828854083,-1.2125474055349825,1.0628981113374232
1789799541675587800,36.694587890625,-1.0936889709204434,-0.823771375310421,1.3244652272313833
1789799541685558800,36.70455883789062,-0.9483183769553899,-0.3048532999128103,1.1810633029907942
1789799541695530000,36.714530029296874,-0.7394803962081671,0.40786826870739457,0.6411603072315454
1789799541705501700,36.72450170898438,-1.030816627421975,0.6572463496357203,0.12279402049779892
1789799541715473000,36.73447290039063,-1.386131702071428,0.526086651852727,0.3656920917570591
1789799541725443800,36.74444384765625,-1.1462146924495695,0.31471535323560235,0.9635632923603057
1789799541735415000,36.7544150390625,-0.1433434537853114,-0.05378244359195232,1.6207675564199686
1789799541745386000,36.76438598632812,1.237206045973301,-0.8999638036310672,2.0440029056072233
1789799541755358000,36.77435791015625,1.1096247911989687,-1.963538206794858,2.8218185854285953
1789799541765329000,36.784328857421876,-0.03926291071898304,-2.738225525462627,3.0426819350123404
1789799541775299800,36.7942998046875,-0.37190497492253777,-2.753360550752282,1.4807014986038207
1789799541785271000,36.80427099609375,-0.01861350592202507,-1.943619454360008,-0.531050996261835
1789799541795241700,36.81424169921875,-0.44210605387389657,-0.9660720603108406,-1.2853519449830055
1789799541805213000,36.824212890625,-0.7794599398970603,-0.6211620598196983,-1.1891694525569676
1789799541815185000,36.834184814453124,-0.24243746801018715,-0.7056839250683784,-0.2987579056471586
1789799541825156000,36.844156005859375,0.15234627819657326,-1.279166242085397,0.9188438606679439
1789799541835126800,36.854126708984374,0.3923720088899135,-2.3736948787003755,1.7798644779205322
1789799541845098000,36.864097900390625,0.6486252362847328,-3.5455525464504953,2.15087338078618
1789799541855069000,36.87406884765625,0.6977602193970233,-4.183280248884857,1.656391827508807
1789799541865041000,36.884041015625,1.1438380264461039,-3.615876959520578,0.7384341020256281
1789799541875011800,36.89401171875,1.8478537260413168,-2.467989073161781,-0.3912263459861278
1789799541884982800,36.90398266601562,2.0245675527751446,-1.8779191939592361,-1.1868997540593147
1789799541894954000,36.9139541015625,1.7795009053051472,-1.5351093806177376,-1.5157950238168238
1789799541904925000,36.923925048828124,1.566317588829994,-1.0523451531410217,-1.883504885137081
1789799541914896100,36.933896240234375,1.0301906044781208,-0.3893865633383393,-2.329851060798764
1789799541924867800,36.94386791992188,1.2139491620916874,-0.22013649661391974,-3.343931657475233
1789799541934839000,36.95383911132812,1.2151545192934572,-0.31214053431153294,-4.443509686434268
1789799541944810000,36.96381005859375,0.9822972919899969,-0.036793314868211746,-4.857676178503036
1789799541954781000,36.97378100585937,1.3109551727950572,0.2837000372469425,-5.054495804676413
1789799541964752000,36.983751953125,1.4930068534255028,0.7592953960075974,-5.419378918138146
1789799541974723800,36.993723876953126,1.0159038665808737,1.4310942948698997,-5.70257217490673
1789799541984695000,37.00369506835938,1.5180278974354267,1.5333075918927788,-6.5957467567890875
1789799541994666000,37.013666015625,1.8182687351167202,0.6539493539169431,-7.938420425406098
1789799542004637000,37.02363696289063,0.8808359823781996,0.3362023779004812,-8.212749407717585
1789799542014608000,37.03360791015625,0.45306773900166153,1.0521309258684515,-6.611919308432936
1789799542024578800,37.04357885742188,0.5590203686833382,1.8707704912483691,-4.58379260187149
1789799542034550800,37.05355078125,0.25258469494991004,1.596445308329165,-3.6604163584709166
1789799542044521700,37.063521728515624,-0.00025843174047768117,0.6495023113802075,-3.0632208651721475
1789799542054493000,37.073492919921875,-0.684332582547143,0.2040402250766754,-2.736098450306058
1789799542064464000,37.0834638671875,-1.3275649468123911,0.4404711461484432,-3.1184096684306857
1789799542074435000,37.09343505859375,-1.693600737440586,0.4554521499201655,-4.0723949851065875
1789799542084406800,37.10340673828125,-1.3615022877275942,0.3958870312735438,-4.631115494060516
1789799542094378000,37.1133779296875,-0.8011386877417563,0.32847499851882456,-4.495089651545882
1789799542104349000,37.12334887695312,-0.4834837739229202,0.7871829353645443,-2.5022756659060716
1789799542114320000,37.13331982421875,-0.8044388983309269,0.8443836629673838,-1.2287941914588212
1789799542124290800,37.143290771484374,-1.381834881660342,0.20584230606257914,-1.5082950234502552
1789799542134261800,37.15326171875,-1.2330097633272408,-0.338358679151535,-1.8340461499631404
1789799542144234000,37.16323388671875,-1.5726888774275778,-0.6486372189834714,-1.6804963411957023
1789799542154205000,37.17320483398437,-1.8935487247675655,-0.7802665801048279,-1.5511667814493177
1789799542164176000,37.18317578125,-1.7103180634856223,-0.8067173646569251,-1.7334826659739015
1789799542174146800,37.19314672851562,-1.181255610692501,-0.7373457222670317,-1.7402654579818249
1789799542184117800,37.20311767578125,-1.0643640922367572,-0.4767161794841289,-0.8523118256181478
1789799542194089000,37.2130888671875,-1.5486024839192627,-0.051073184633255005,0.48632162769734855
1789799542204060700,37.22306079101563,-1.6752561024546622,-0.10638707557618618,0.99179160797894
1789799542214032000,37.23303198242188,-1.1193144836295394,-0.7024164477050304,0.4165466652035713
1789799542224002800,37.2430029296875,-0.8669049991160631,-1.3888485598146914,-0.1617863067150116
1789799542233974000,37.25297412109375,-0.7582482981074601,-1.9506594359993934,-0.21439035417735575
1789799542243945000,37.26294506835937,-0.6738402684967965,-2.080811418044567,0.7840127808958292
1789799542253917000,37.2729169921875,-0.977658453208208,-1.7511510091334581,2.487798227742314
1789799542263888000,37.282887939453126,-1.304620124554634,-1.543434141370654,3.8160008879363536
1789799542273859000,37.29285913085938,-0.9226087661594152,-1.6487720001548527,4.154713202831148
1789799542283830000,37.302830078125,-0.19375563549287617,-1.655198233810067,3.8951463208436965
1789799542293800700,37.31280078125,-0.06660341978557408,-1.20328331810534,3.452362221577763
1789799542303772000,37.32277197265625,-0.09750343883149325,-0.4459048616349697,2.7473522502481935
1789799542313744000,37.332743896484374,0.2737918066948652,0.018907529565691947,2.140775180619955
1789799542323715000,37.342715087890625,0.5575742615282535,-0.4995394211888313,2.0784376746505497
1789799542333685800,37.352685791015624,0.39552024378776546,-1.488170519310236,2.4444419010967016
1789799542343657000,37.362656982421875,0.9450946656685322,-2.2901924196273087,2.67859610940814
1789799542353628000,37.3726279296875,0.9324848480075597,-2.250896766549349,2.598876676005125
1789799542363598800,37.382598876953125,0.6041776072710752,-2.4423323615968227,2.9888445463627575
1789799542373570800,37.39257080078125,-0.11794183122627436,-3.287055924043059,4.191193213966488
1789799542383541800,37.40254174804687,-0.9174018451660871,-3.491095564597845,5.075076235890388
1789799542393513000,37.41251293945312,-0.4529816681534052,-1.6988281167000532,4.023136740940809
1789799542403484000,37.42248388671875,-0.03597794336471707,0.5043278245091438,2.41210556563735
1789799542413455000,37.432455078125,-0.4201923282295465,1.767715774965286,1.7743343163222074
1789799542423425800,37.44242578125,-1.1672732625693083,2.8867396781504153,1.2862918561816215
1789799542433398000,37.45239794921875,-1.323413672351837,3.5139334193497893,0.7809791122883558
1789799542443369000,37.46236889648438,-0.07121814703941345,3.6333810520291325,0.4694739532709121
1789799542453340000,37.47233984375,1.6167863778293132,3.072381492227316,-0.09840776726007461
1789799542463310800,37.48231079101563,1.5205676450461147,2.479931732150912,-0.1281225220441818
1789799542473281800,37.49228173828125,0.4977957923918962,2.4773721107959745,0.45200200946629043
1789799542483254000,37.50225390625,0.18746957749333232,2.402765490362048,1.2568290303319691
1789799542493225000,37.512224853515626,0.46086741643454876,1.951588825803995,2.429379356521368
1789799542503196000,37.52219580078125,1.9903572401374576,1.5426239940315485,2.0026421366930007
1789799542513166800,37.532166748046876,2.4333996980786323,0.9870949745953083,1.3472674261480568
1789799542523137800,37.5421376953125,0.3405564814567566,0.4704623797863722,2.2612205921649933
1789799542533109000,37.55210888671875,-1.6997183435380459,0.008715221375226973,4.2613890322208405
1789799542543080200,37.562080078125,-1.6862871995568274,-0.9908271468609571,6.355114876896143
1789799542553051100,37.57205102539063,-0.29895255143642424,-2.66205355540812,8.253912608233094
1789799542563022000,37.58202197265625,1.0437275469213723,-4.314931237316132,9.479754964148997
1789799542572993000,37.59199291992188,1.8219594063282012,-4.95966589590311,8.885431226894259
1789799542582964200,37.60196411132812,1.4550947636604308,-4.654529687395692,5.960331130689382
1789799542592935200,37.61193505859375,0.18711532069556414,-3.983936364930868,2.916121255457401
1789799542602907100,37.6219072265625,-0.9112450761020183,-2.9751743329286575,1.5087714087903499
1789799542612878000,37.63187817382813,-1.0433101252269,-2.119403891289234,0.13800152650177477
1789799542622849300,37.64184936523438,-0.8544178579866886,-1.3352829738438128,-0.9166127406150102
1789799542632820200,37.6518203125,-0.8683627967089415,-0.7257242580562829,-0.9943430460274219
1789799542642791200,37.66179125976562,-0.5703262276062742,-0.5769891560941934,-1.2276374226391316
1789799542652763100,37.67176318359375,0.31577107283361255,-0.5658084213882685,-1.6054145044654606
1789799542662734300,37.681734375,0.9081547088712453,-0.5143377618700266,-1.3859148444503544
1789799542672705300,37.691705322265626,0.7659896329492331,-0.4194470628201961,-0.25347324128746984
1789799542682676000,37.701676025390626,0.014196867656707763,-0.2083534121006727,1.258988838714361
1789799542692647200,37.71164721679688,0.1150952461561188,-0.17300620438754558,1.3988041366398334
1789799542702618000,37.7216181640625,0.5379916091799736,0.07224573652148246,0.35812253328561783
1789799542712590300,37.73159033203125,-0.3232955135216936,0.2953419597238302,0.04266133011877536
1789799542722561000,37.74156103515625,-1.2543161707282067,0.8060773131877184,0.831932469934225
1789799542732532200,37.7515322265625,-1.3167261574119329,1.4415718497425316,1.106450252816081
1789799542742503200,37.761503173828125,-0.6471510720789432,2.226110700339079,0.8409867140054702
1789799542752474000,37.77147412109375,0.1390899062603712,2.8500065690368412,0.11164251188635825
1789799542762445300,37.7814453125,-0.056688101905584334,2.8461458019554615,-0.2423778467774391
1789799542772417000,37.7914169921875,-0.4497299728810787,1.8423264870524405,0.5934913780838251
1789799542782388200,37.80138818359375,0.8295476206243038,-0.6355299001291393,1.7569629102826116
1789799542792359200,37.81135913085937,2.6726585360527038,-3.6634170015916228,2.86878901091814
1789799542802330400,37.821330322265624,3.0226643983781334,-6.05393997323513,3.604007073506713
1789799542812301000,37.83130102539062,1.6366647982537745,-6.760365072059631,2.7227041312038898
1789799542822272000,37.84127197265625,1.4632266321897507,-6.094840138900279,-0.5038385796874761
1789799542832244200,37.851244140625,3.4266263072967527,-4.466826264613866,-1.2045640055656432
1789799542842215200,37.86121508789063,4.3486148957312105,-2.549492467372119,-0.28326281487345695
1789799542852186000,37.87118603515625,2.7551801673948764,-0.509087001734972,1.3051058622449636
1789799542862157000,37.88115698242188,-0.3219125712633133,0.976923709192872,2.510236854043603
1789799542872128300,37.89112817382812,-0.7059434527873992,-0.7482862184762954,-0.20859540416300296
1789799542882099200,37.90109912109375,0.5391956512074917,-3.0766411954984068,-3.616925007268786
1789799542892071200,37.9110712890625,0.1013314726870507,-2.7127584912508724,-4.3320144740641116
1789799542902042000,37.9210419921875,-0.3729062609195709,-0.17172200979590416,-3.4088907441198826
1789799542912013000,37.931012939453126,-1.1022785200893879,1.782941985669732,-2.4440257215112444
1789799542921984300,37.940984375,-1.2849264130473137,1.3051786352202295,-4.203187603142857
1789799542931955200,37.950955078125,-0.04986439336538315,-0.31656419597268104,-7.186423077452182
1789799542941926100,37.96092602539063,0.9383189609885215,-1.0907584704264999,-9.30722105344832
1789799542951898000,37.970898193359375,1.7557693165838717,-0.8414031858518719,-10.962677645933628
1789799542961869300,37.980869384765626,2.7347473279580474,-0.09171060770899057,-11.47957853628993
1789799542971840300,37.99084033203125,3.2697721962869166,1.9218167878746986,-10.400556973147392
1789799542981811000,38.00081103515625,3.196604084223509,3.748141695936024,-8.411727673229574
1789799542991782100,38.0107822265625,2.2743957155585286,3.5144136040821667,-6.5816054187119
1789799543001754000,38.02075415039062,-0.3646446285307407,2.8522230760425327,-2.3392460811316966
1789799543011725300,38.030725341796874,-1.4784709630727768,1.6952245392501353,-0.6162526604682207
1789799543021696000,38.04069604492187,-1.7361679595351218,-0.5354983310595155,-4.383034467205405
1789799543031667200,38.050667236328124,-0.31389643806815143,-1.2957292543515562,-8.929970041322708
1789799543041638100,38.06063818359375,-0.37314357680678367,-0.6879331643223762,-9.498809208709002
1789799543051609000,38.070609130859374,-0.6619044045746326,0.7105696512833237,-5.742455857005715
1789799543061581000,38.0805810546875,-2.559028649741411,1.8242229673460124,-0.23017536780834197
1789799543071552000,38.09055200195313,-3.093347707888484,1.0568871804848312,2.5479817705482244
1789799543081523200,38.10052319335937,-0.7947720753192901,-0.4947910576179623,2.0690426543176175
1789799543091494100,38.110494140625,0.3189975605994463,-1.5676146429032087,-0.9915209743440151
1789799543101465300,38.12046533203125,-0.4866156422078609,-0.798817551317811,-2.1020734017819165
1789799543111436000,38.13043603515625,-0.5367255712995306,-0.03078998280018568,-2.341983397141099
1789799543121408300,38.140408203125,-1.6939590493589638,0.5231120199561119,-1.827549189159274
1789799543131379200,38.15037915039063,-2.4236171397328374,0.9306918271109461,-1.4838158312320708
1789799543141350100,38.16035009765625,-2.022930891484022,1.2608254064917563,-1.913151250860095
1789799543151321000,38.17032104492188,-0.7435738760668784,1.3963041365176438,-2.722698285984993
1789799543161292000,38.1802919921875,-0.042999768292903896,1.499599091297388,-2.8109792115062473
1789799543171263200,38.19026318359375,0.019337080089375375,1.303551618540287,-1.934818892788887
1789799543181235200,38.200235107421875,-0.10411445446908474,0.04235796325802803,-0.25905425629019735
1789799543191206100,38.2102060546875,-0.27976269779801366,-1.9922768100231885,1.5870067411154507
1789799543201177000,38.220177001953125,-0.10240304744131863,-4.353120974978804,2.14913968886137
1789799543211148300,38.230148193359376,0.9154366825729608,-5.346594252434373,3.047012657693028
1789799543221119200,38.240119140625,0.6978478246152401,-4.550952408543229,4.937337744238972
1789799543231090200,38.25009008789063,-0.27060097476430234,-3.783493287563324,5.7966661706209175
1789799543241062100,38.260062255859374,-0.6996247711598873,-3.7626936606407164,5.443847588962316
1789799543251033000,38.270033203125,-0.5961410158097744,-3.63875689984858,4.841162266075611
1789799543261004300,38.28000439453125,-0.4562783716112375,-2.8344191238045693,4.728557631158829
1789799543270975200,38.289975341796875,-0.1638588752053678,-2.1794506559729574,5.05341911535561
1789799543280946200,38.2999462890625,0.09925473947823046,-2.523048989343643,5.753193524119258
1789799543290917000,38.309917236328126,0.30644086136519905,-3.4796745913952587,6.241915783217549
1789799543300889300,38.31988940429687,0.7459067029286176,-3.6239462842077015,5.8959179874897
1789799543310860000,38.32986010742187,0.39681963594853875,-2.1562229251205918,5.092109788277745
1789799543320831000,38.3398310546875,0.6070481212060899,-0.28743104046881196,4.034277728158235
1789799543330802200,38.34980224609375,1.712631016603112,0.8886047897487879,1.7957547054916618
1789799543340773000,38.35977319335937,0.8801999494969844,1.8333704426586628,0.25142858371734617
1789799543350744300,38.369744384765625,-0.8517893361140042,2.4984610760539767,-0.11422083794176578
1789799543360716000,38.37971606445313,-1.3021125256478785,3.1367601486355063,-0.17536358116865158
1789799543370687200,38.38968725585938,-0.7642272263865918,3.375722634011507,-0.28765023617744445
1789799543380658200,38.399658203125,0.12295885567069052,2.7270500514537095,-0.16680208905041216
1789799543390629000,38.40962915039062,0.6509281794648617,1.799236702388525,-0.021444939088821408
1789799543400600300,38.41960034179687,0.09824293208718299,1.340446640217304,0.8085001564204692
1789799543410571000,38.42957104492187,0.29465222389400003,1.1602706903308628,1.3701947127491234
1789799543420543200,38.43954321289063,0.9394179352063685,1.2105331431031225,1.2642770082503556
1789799543430514200,38.44951416015625,0.9600216011654585,1.0332955847561358,1.6681763733267783
1789799543440485000,38.45948510742188,0.2876045704048127,0.9130150083839893,2.5555717872858046
1789799543450456000,38.4694560546875,0.3038653848540038,1.0196060820996762,2.870036965152621
1789799543460427000,38.47942700195313,0.6781343124289065,1.0472796864449978,2.9535066909998653
1789799543470398200,38.48939819335938,0.5079372471779584,0.9018219987183809,3.619290567356348
1789799543480370000,38.499369873046874,-0.5848638349920511,0.47972529817223547,4.006656730782986
1789799543490341000,38.509341064453125,-1.3331482999026774,0.11421908437609672,4.405732621225715
1789799543500312000,38.51931201171875,-0.6657172408610582,-0.16240122374296187,3.718756319236755
1789799543510283300,38.529283203125,-0.0017125760715454815,-1.1909317860543727,2.6022698255747554
1789799543520254200,38.539254150390626,-0.4442098212201148,-2.14714354660809,2.3692262088537213
1789799543530225200,38.54922509765625,-1.3346329855024814,-2.960941224914789,2.5749416736662387
1789799543540197000,38.55919702148437,-1.2178238846331835,-3.1741572746157645,2.527159347271919
1789799543550168300,38.569168212890624,-0.5532856244236231,-2.271810375240445,2.5099954465031624
1789799543560139300,38.57913916015625,0.4697760780226439,-1.1110609614819287,1.8859826734274625
1789799543570110200,38.589110107421874,0.8090747414380312,-0.9472446102440356,0.6536883648931979
1789799543580081200,38.5990810546875,-1.092850108943507,-1.2443085714548825,0.5827917048931122
1789799543590052000,38.609052001953124,-2.6325591653764246,-1.7440221801668405,0.8421113341212272
1789799543600024300,38.6190244140625,-2.5245681617349383,-1.9970015004575252,1.6135282528162003
1789799543609995000,38.6289951171875,-0.5135702115636318,-1.4917676670193671,2.9745459718972445
1789799543619966200,38.63896630859375,1.8619798665493725,-0.7623889781087636,3.8122260455727575
1789799543629937200,38.64893725585937,2.062327082327008,-1.088094511914253,3.6132150468349455
1789799543639908400,38.658908447265624,0.7356155374735593,-2.2528069840848444,1.7259411645531653
1789799543649879300,38.66887939453125,-0.011450820351578295,-2.658613059565425,-0.2478150693953037
1789799543659851300,38.67885131835938,-0.5763070190489292,-1.9001339483767747,-0.6130284377247095
1789799543669822200,38.688822265625,-0.5378846051415428,-1.1390993074864149,-0.7269283731490374
1789799543679793400,38.69879345703125,-0.19256138420701024,-0.4553109878838062,-0.8367617897868156
1789799543689764400,38.70876440429687,0.3824830675601959,0.027069208711385725,-0.8628484172016382
1789799543699735000,38.71873510742188,0.974172949180007,0.19526421342492103,-0.7552280004382133
1789799543709706200,38.72870629882812,0.5640110165774822,-0.25465397550463675,-0.34650399168431756
1789799543719677200,38.73867724609375,0.13031153825474903,-1.1353145282506942,0.5837783778429031
1789799543729649400,38.7486494140625,0.39805356165766714,-1.9683359624654053,1.6670763031303881
1789799543739620000,38.7586201171875,0.7480974179059267,-2.546231127488613,2.389974982371926
1789799543749591300,38.76859130859375,0.9874971256554126,-2.9785572533652185,2.38709562754333
1789799543759562200,38.77856225585938,0.7153191838979721,-3.1479142875954507,2.0511399178802967
1789799543769533200,38.788533203125,-0.15323884312212466,-3.0652848119646308,1.5251128872603177
1789799543779504400,38.79850439453125,-0.7488508666217326,-2.7743413794606924,0.8800964891225099
1789799543789476000,38.80847607421875,-0.24354338342547416,-2.407539280635118,-0.308570859131217
1789799543799447300,38.818447265625,1.1982359715878963,-2.6048718247666955,-2.36622644251585
1789799543809418200,38.828418212890625,1.637600033277273,-2.2966437877237795,-3.3992911411255595
1789799543819389400,38.838389404296876,1.0068787024736403,-0.7498483532264828,-4.085674737918377
1789799543829360000,38.848360107421875,0.16290040543675421,1.7801266359880565,-2.987912233948707
1789799543839331000,38.8583310546875,0.2357283257603645,1.7575690594822166,-2.448581485119462
1789799543849303300,38.86830322265625,1.5244623143970966,-0.315394859932363,-3.658866206419468
1789799543859274200,38.87827416992187,1.74023740093112,-1.1734437678977847,-5.017188110545277
1789799543869245200,38.8882451171875,1.8510662583470343,-0.9597571780756116,-6.4158244894027705
1789799543879216000,38.89821606445312,2.138715471611172,1.071487075984478,-6.532554679816961
1789799543889187300,38.908187255859374,0.9922177244365215,2.24587747708261,-4.795763619947433
1789799543899158300,38.918158203125,-0.06741400551609694,0.37859541247189044,-4.471419437623024
1789799543909130200,38.92813012695313,-0.5098725991547107,-0.9859358676880597,-4.177830459046364
1789799543919101200,38.93810107421875,-0.40716508887410163,-1.1916776359856127,-3.7835219291359183
1789799543929072000,38.94807202148438,-0.10900047294497489,-0.4167310818597674,-5.4552200468480585
1789799543939043300,38.95804321289062,0.3365022376298904,0.32820378036201,-6.212282276976108
1789799543949014300,38.96801416015625,1.052374379235506,-0.2806374348059296,-6.143878602835535
1789799543958985200,38.97798510742187,0.6379986283302307,-0.9086158966422081,-4.387441177731752
1789799543968957200,38.98795727539063,-0.5075940962960943,0.9774410110652446,-0.32870646918714047
1789799543978928400,38.99792846679688,-1.2159773799836635,2.0866402703285214,1.4967711743950842
1789799543988899300,39.0078994140625,-1.5960639077961445,-0.12794921130388975,-2.107038330712914
1789799543998870000,39.0178701171875,-0.8867501017928123,-1.1729425403773783,-6.1037371465831995
1789799544008841200,39.02784130859375,-0.2625648764933459,-0.4486965381801128,-6.264459623458981
1789799544018812200,39.03781225585937,-0.7033434994220733,0.3724327981889248,-5.41204258390069
1789799544028784400,39.047784423828126,-1.199491524606943,0.7477940510451794,-4.203073621374369
1789799544038755000,39.057755126953126,-1.9722890840053557,0.8464648531556129,-3.0615128922104833
1789799544048726300,39.06772631835938,-1.6347230165362356,0.5110328751057386,-3.790524501374364
1789799544058697200,39.077697265625,0.6410135922372341,-0.4931956051200628,-6.602819471654295
1789799544068668200,39.08766821289063,1.7121604764819145,-0.4117474482282996,-6.870927387493849
1789799544078639400,39.09763940429688,0.8013637286692857,0.6747931122422218,-4.382509566548467
1789799544088611000,39.107611083984374,-1.4225941775500774,1.0530977250739932,-2.846367920273542
1789799544098582300,39.117582275390625,-2.399046177577972,0.37364451206624505,-3.428696099308133
1789799544108553200,39.12755322265625,-1.3578560401797293,-0.27904841204881664,-4.112988276779651
1789799544118524400,39.1375244140625,-0.06137834208104759,-0.7468722600251436,-3.8818338348060846
1789799544128495000,39.1474951171875,-0.049801849523186684,-0.6273293502777815,-1.2943763784378766
1789799544138466300,39.15746630859375,-0.7555974913377315,-0.16832769118249416,2.3661960473775863
1789799544148437200,39.167437255859376,-0.4130566311307251,-0.6532306842535733,3.6314287489175796
1789799544158409500,39.177409423828124,0.1903062256913632,-2.059615485280752,3.9071640908956526
1789799544168380200,39.18738012695312,-0.07351707163155079,-4.124979158824682,4.825321138343215
1789799544178351000,39.19735107421875,-0.28647542024441064,-6.249388895577192,6.64184507561922
1789799544188322300,39.207322265625,0.18970080714412033,-7.367261290639639,7.63035576223135
1789799544198293200,39.217293212890624,0.05063019010610878,-5.7683285494089125,6.337591495165229
1789799544208264400,39.227264404296875,-0.05729432417042553,-3.202362209358811,3.972123177540302
1789799544218236200,39.23723608398438,-0.15264314225129783,-1.4869418542981148,3.3558442135870457
1789799544228207400,39.24720727539062,-0.4914303490132093,-0.9649100307941436,4.027102721962333
1789799544238178300,39.25717822265625,-0.8066009717356413,-1.0632494089931248,4.2530239394575355
1789799544248149200,39.26714916992187,0.2660854701012373,-0.39101299549639223,3.0082571028411387
1789799544258120200,39.2771201171875,1.0512543622296302,0.8389327040851116,1.3041548451304434
1789799544268091100,39.28709106445312,0.7771900952689349,1.5232336493849754,0.28742753333747384
1789799544278063400,39.2970634765625,0.11072188991010189,1.8480951335817575,0.40816169869601726
1789799544288034300,39.30703442382813,-0.4986935449492186,1.7629086669445038,1.3125479949444532
1789799544298005200,39.31700512695313,-0.417078543590568,1.1979185762017965,2.2502111223727463
1789799544307976200,39.32697607421875,0.7328425656288862,0.3268523657530546,2.653552853566408
1789799544317947100,39.33694702148438,2.037797036704421,-0.11384908201992511,2.692758490273356
1789799544327918300,39.34691845703125,2.2298884653121234,0.15538228489160535,2.4304092840909957
1789799544337889300,39.35688916015625,2.010505709674954,0.8611246621489524,1.645813734871149
1789799544347861200,39.366861328125,1.0645388642817735,1.4168874903410673,1.2704670950621366
1789799544357832200,39.376832275390626,-0.4824147199193015,1.787841448149085,1.7715519921272993
1789799544367803400,39.38680346679688,-1.7088064898788928,2.002039494624734,3.0903473570287225
1789799544377774300,39.3967744140625,-2.259848134768009,1.4313164131879805,4.405713332003355
1789799544387745000,39.4067451171875,-1.3447867152482271,0.7559042922645807,5.2200031777411695
1789799544397716200,39.41671630859375,1.0273936672359705,0.6657680942654609,3.986925025352835
1789799544407688200,39.426688232421874,2.871059293937683,0.87839903755486,1.7437457013130186
1789799544417659400,39.436659423828125,2.0725416023492813,0.745758161303401,1.0307435621857644
1789799544427630000,39.446630126953124,-0.13914075966477393,0.2621604056119919,1.8731325442045925
1789799544437601300,39.456601318359375,0.0423071098536253,-0.867255712249875,2.538561031252146
1789799544447572200,39.466572265625,1.4429565820991992,-2.154645300540328,2.8660651389122007
1789799544457543200,39.476543212890626,1.6510072118610142,-2.7419530215531585,2.618289232483506
1789799544467515100,39.48651513671875,0.5251637283215299,-1.956193689250946,2.7630145142823457
1789799544477486000,39.49648608398437,-0.19077450079023836,-0.274236043331027,2.838628265932202
1789799544487457300,39.50645727539062,0.10042551855696365,0.5526724609613418,1.6101292580276727
1789799544497428200,39.51642822265625,-0.14545648215021936,0.2457289107710123,1.1902835512787102
1789799544507399400,39.5263994140625,-0.6792804867893457,-0.4181815729290247,3.0186732829153535
1789799544517370000,39.5363701171875,0.3767529994755983,-1.1922288401275873,4.256728639194369
1789799544527341000,39.546341064453124,1.4395973347991704,-1.948724084022641,5.007137841174006
1789799544537313300,39.55631323242188,1.5841495981186628,-2.6257319497048854,5.480144060224294
1789799544547284000,39.56628393554688,0.8660971898645162,-3.360307622736692,4.936750884261727
1789799544557255000,39.5762548828125,0.42322248970568177,-3.6112943079054354,2.3328455664396284
1789799544567225900,39.58622583007813,-0.0072796447473112485,-2.490214056712389,-0.09617898529469966
1789799544577196800,39.59619677734375,-0.29984628540575503,-0.5292167665719986,-0.794953277105093
1789799544587168000,39.60616796875,-0.14440496380329132,0.8709235871076584,-1.162955983892083
1789799544597139700,39.6161396484375,0.24055881465673445,1.6081617573469875,-1.5764993756264447
1789799544607111000,39.62611083984375,0.6039210021615028,1.5549913081735371,-2.041036457017064
1789799544617081900,39.636081787109376,0.8621487444996834,1.1941419802725315,-2.0412012921899554
1789799544627053000,39.64605297851563,1.1680161898911,0.8446545888632535,-1.6062433565050362
1789799544637024000,39.65602392578125,1.5220049843728543,0.4490191942632198,-0.9478308856993913
1789799544646995000,39.66599487304688,1.736315259051323,0.015037410134077072,-0.1698813503652811
1789799544656966000,39.6759658203125,1.7233096470057963,-0.32324703473746774,0.3362637526988983
1789799544666937900,39.685937744140624,1.2961059787094593,-0.4048036204397678,0.2029074216544628
1789799544676909000,39.695908935546875,0.6751227825880051,-0.4056330570012331,-0.5438596244305371
1789799544686880000,39.7058798828125,0.22345687320828436,-0.4222884237259626,-1.1690408567637205
1789799544696851000,39.715850830078125,0.4585562534153461,-0.8333300617724656,-1.0836924775630234
1789799544706822000,39.72582177734375,0.8704735052525997,-1.6986317173451184,0.11583937905430793
1789799544716792800,39.735792724609375,1.2301029359698294,-2.654787363797426,2.6711913861095904
1789799544726764800,39.74576489257812,1.5303309141695498,-3.6022096686959264,5.928474687701463
1789799544736735700,39.75573583984375,1.4943734656035899,-4.696510049512982,8.197753498637676
1789799544746707000,39.76570703125,1.0608312419354915,-5.6127861055195325,6.976524773997068
1789799544756678000,39.775677978515624,0.965823053985834,-5.226289710664749,3.384573464465141
1789799544766649000,39.785649169921875,1.1070377703804521,-4.352300013984739,0.8267863392174244
1789799544776620000,39.7956201171875,0.9061609777707607,-3.8869811345666645,-1.033953756403923
1789799544786590700,39.8055908203125,0.837241243866831,-2.955243597795069,-2.865156207373738
1789799544796563000,39.81556298828125,1.477154765907675,-1.5879086583912372,-3.970675901341438
1789799544806534000,39.82553393554687,2.644250772213936,-0.7637985526457428,-4.71335480132997
1789799544816504800,39.8355048828125,3.643651101630926,-0.29297201572209597,-5.753368296164274
1789799544826475800,39.84547583007812,3.6442987518846985,1.0732061548620462,-6.604685850048065
1789799544836447000,39.85544702148437,2.3945279695011674,2.9425290776506063,-6.841991215866804
1789799544846418000,39.86541796875,1.999989576357603,2.960711800073087,-8.001542944273352
1789799544856390000,39.87538989257813,1.942404671742767,1.9189649055749176,-9.86657167699933
1789799544866360800,39.88536083984375,2.1396365319788453,0.6509846588924527,-11.885518467283248
1789799544876331800,39.89533178710938,1.545334422034025,1.3493395562469959,-12.037211250007152
1789799544886303000,39.90530297851563,0.7194051380373537,3.554531971719861,-10.08996074566841
1789799544896274000,39.91527392578125,0.27205168502926824,4.708561429573595,-7.009753089860081
1789799544906245000,39.9252451171875,0.6493488743841648,3.8713992422923442,-4.030448525258898
1789799544916215800,39.9352158203125,0.9382876160021871,1.5797276900231838,-1.140708496248722
1789799544926188000,39.94518798828125,0.6143056911189109,-0.28283289902359243,1.0866145024895668
1789799544936159000,39.955158935546876,0.002686462604999542,-0.7673088988542557,0.7869441581726073
1789799544946130000,39.9651298828125,-0.7155436403036117,-0.9285913477003573,0.12268296133875846
1789799544956100900,39.97510083007813,-0.6112017337542027,-1.37163731277287,0.6547545328199863
1789799544966071800,39.98507177734375,-0.5170177582016214,-1.6930898653089999,1.1008213070183992
1789799544976043000,39.99504296875,-0.7353659466266632,-1.7644611570835111,0.6787719527453183
1789799544986014700,40.0050146484375,-0.6840987007260322,-1.8796473329260943,-0.49529345418214793
1789799544995986000,40.01498583984375,-0.48161677447464313,-2.011155113494396,-1.4322154078543186
1789799545005956900,40.024956787109375,0.4392985952377319,-2.1394927395939827,-2.319538341099024
1789799545015927800,40.034927734375,1.2032184361755847,-2.2665984858110546,-2.997907558262348
1789799545025899000,40.04489892578125,0.9176455907940864,-1.5372545759528875,-1.188733983749151
1789799545035870000,40.054869873046876,-0.22084289131760595,-0.8928273758798837,-0.0752373195528984
1789799545045841000,40.0648408203125,-0.8755459862112999,-0.8585425367012619,-1.0380477477192878
1789799545055812900,40.07481274414062,0.06369067414402961,-0.756340053333342,-2.5707138268381358
1789799545065784000,40.0847841796875,0.6946060662150383,-0.3779834180533886,-3.6852141151189803
1789799545075755000,40.094755126953125,0.5017272866219282,0.2776046429812908,-3.7979070128411054
1789799545085726000,40.104725830078124,-0.13242109602093696,0.9678180271953344,-3.0723423292607066
1789799545095697000,40.11469677734375,-0.9192243844181298,1.2410615523576736,-2.605001296365261
1789799545105667800,40.124667724609374,-0.6203413910865784,0.9421113390088081,-2.9934470717221497
1789799545115639800,40.13463989257812,0.8025532307147979,0.29665070423483847,-3.523979012545943
1789799545125610800,40.14461083984375,1.1928835046440363,-0.26921909195184707,-2.2702520398825405
1789799545135582000,40.15458203125,-0.18108542941417544,-0.2533008073300123,1.1396095950961111
1789799545145553000,40.16455297851562,-1.0673439848303794,-1.3464192848861216,2.800190690988302
1789799545155524000,40.174524169921874,-0.4825871904093772,-2.965491727825999,3.525240995305776
1789799545165495000,40.1844951171875,-0.12074819388389586,-3.3785856222271917,4.180997983166575
1789799545175465700,40.1944658203125,0.07042140717115253,-2.498216745904088,4.990921450388432
1789799545185438000,40.20443798828125,-0.025841712743043897,-1.9340368025004862,6.289076178321242
1789799545195409000,40.21440893554688,-0.9571972644597292,-1.7888865732878445,7.4153499065041535
1789799545205379800,40.2243798828125,-1.1142471903026103,-1.7018039176404476,6.97107586094141
1789799545215350800,40.23435083007813,-0.6100205611456185,-1.502603533810377,5.579549606350064
1789799545225322000,40.24432202148437,0.21063772364556788,-1.8054086690217255,4.710130578586459
1789799545235293000,40.25429296875,1.0374772543549537,-2.4191765269368886,3.973555840691924
1789799545245264000,40.26426391601562,0.8869237047940493,-2.6548352945923805,3.634737727335095
1789799545255235800,40.27423583984375,0.2641442911718972,-2.308022090828419,3.1781986589610574
1789799545265206800,40.284206787109376,0.5877338374704122,-1.3543360493600367,2.1247470058828593
1789799545275178000,40.29417797851563,0.6921300314903259,-0.43458910237252707,1.6207091042309998
1789799545285149000,40.30414892578125,0.7959493024051189,0.5861807628095149,1.256430386403203
1789799545295120100,40.3141201171875,1.322246382138133,1.5800678817629814,0.5863666407704353
1789799545305090800,40.3240908203125,1.690909598660469,2.3526252026647327,-0.2205792719453573
1789799545315063000,40.33406298828125,1.1517302410006522,2.905066192957759,-0.9431599712789058
1789799545325034000,40.344033935546875,0.03129412379688583,3.0865479647457597,-1.451938929978013
1789799545335005000,40.3540048828125,-0.3712579091906547,2.668541748383641,-1.850679304856062
1789799545344976000,40.363975830078125,-0.7686953847765922,2.286113041359186,-1.0228758975505827
1789799545354946800,40.37394677734375,-1.254675067168474,2.073539965736866,0.6024176118612289
1789799545364918000,40.38391796875,-0.3983703725218773,1.7196750898957252,1.4879320343792437
1789799545374889000,40.39388891601563,1.347433430364728,1.3638912286907434,1.357049399971962
1789799545384861000,40.40386083984375,2.5208026717215777,1.0886334410965441,0.9162672881782055
1789799545394832000,40.41383178710937,1.7240315315395593,0.8102455387830734,1.900312227553129
1789799545404802800,40.423802734375,1.0639812303990126,0.15404840593934058,3.2740970737487074
1789799545414774000,40.43377392578125,0.9003466654688119,-0.889559313994646,3.961494231498241
1789799545424745000,40.443744873046874,0.47545653481185435,-2.2245874362945557,4.2806712403178215
1789799545434716000,40.4537158203125,-0.08121405587494372,-3.0125130067199466,4.546116658949852
1789799545444686800,40.463686767578125,0.13782206001533195,-3.0448019959062336,3.7962931479036808
1789799545454659000,40.4736591796875,-0.6860445740967989,-2.4475398671120403,3.620259704649448
1789799545464630000,40.48363012695312,-1.0243886402010918,-1.4789327353656292,3.694273035365343
1789799545474600700,40.4936005859375,-0.6512409717410802,-0.7300257546424865,3.262367472988367
1789799545484572000,40.50357202148437,-0.2701590031504631,-0.17707330769598484,2.5272511172086
1789799545494542800,40.51354296875,0.15509996081888675,-0.008753215298056602,1.2250649418026207
1789799545504514000,40.52351416015625,-0.10561903207944705,-0.0052174423873424525,0.08925766159892082
1789799545514485800,40.53348583984375,-1.137886424565315,0.07566752766370773,-0.20792203494608402
1789799545524457000,40.54345703125,-1.366232238858938,0.23844050732851027,-0.30756255887150763
1789799545534428000,40.55342797851562,-0.7345996384292841,0.2530699211835861,-0.6986421898633242
1789799545544399400,40.5633994140625,0.034305589705705644,0.27257717020809646,-0.9424410093545913
1789799545554370300,40.573370361328124,0.2677455122679472,0.6039981590509415,-1.0142933626443147
1789799545564341200,40.58334130859375,-0.0074538231372833245,0.9694944359749555,-1.1714192763328553
1789799545574312400,40.5933125,-0.1005845450435765,1.24647656314373,-1.908695440495014
1789799545584284400,40.60328442382813,-0.010530746364593505,1.5986521707236765,-2.864129202413559
1789799545594255400,40.61325537109375,-0.31351006909906864,1.9770225422680376,-2.6755203552246094
1789799545604226300,40.62322631835937,-0.9188421071022749,2.075367765685916,-0.4292909959644079
1789799545614197200,40.633197265625,-0.5356698882341384,1.882016692405939,2.663476281687617
1789799545624168400,40.64316845703125,0.7628197707414627,1.0092857636153698,5.589070298889279
1789799545634139400,40.65313940429687,1.8908838894724844,-0.3167085728794336,7.483309344008564
1789799545644110300,40.6631103515625,1.3118997601687907,-2.40977449234128,6.30463381293714
1789799545654082300,40.67308227539063,-0.05785831472873688,-4.570184347757697,2.4375527261048555
1789799545664053500,40.68305346679688,-0.49403790116310115,-4.550809200680256,0.4848007017403841
1789799545674024400,40.6930244140625,-0.33256372913718224,-3.3007728992283343,-0.014393851533532141
1789799545683995100,40.7029951171875,0.2988929302036762,-2.310109418496489,-0.2735825478583574
1789799545693966300,40.71296630859375,0.9039373834371566,-1.7874708612710237,-0.03254442525207996
1789799545703937300,40.72293725585938,1.2960066099882126,-2.065492268359661,0.5946411326408386
1789799545713908500,40.73290844726562,1.2545721913158894,-2.921572506600618,1.1264397323995827
1789799545723880200,40.742880126953125,0.8743862947821617,-3.6151562440305947,1.41483055781126
1789799545733851400,40.752851318359376,1.0772960545241832,-3.3471982580557462,0.8668710968464612
1789799545743822300,40.762822265625,1.4261001398444175,-1.9119737315133214,-0.8871037375360726
1789799545753793500,40.77279345703125,1.6701508882701397,-0.2006815622985363,-3.07778188996613
1789799545763764500,40.78276440429688,1.1970213351011276,0.9993176195695995,-4.772025601485371
1789799545773735200,40.792735107421876,0.3464952969212085,1.2149687874630093,-6.809874660637974
1789799545783707400,40.802707275390624,0.056695189233496784,1.3488354061171413,-8.091089944207669
1789799545793678300,40.81267822265625,0.5539829590380192,1.8815835616856813,-8.790152989831567
1789799545803649500,40.8226494140625,1.234246027123928,2.0652876856982707,-9.988611664259434
1789799545813620200,40.8326201171875,1.8072819155476987,1.8617115710020065,-10.87859884827733
1789799545823591400,40.84259130859375,2.3011339387498793,2.3523437553748487,-10.260613080406188
1789799545833562400,40.852562255859375,2.003408883281797,3.356919441603124,-8.457602120175958
1789799545843533300,40.862533203125,1.6004162577867507,3.210442347700894,-7.339161569836735
1789799545853505300,40.87250537109375,1.5116776516258716,1.5882020883798598,-7.086703643071651
1789799545863476200,40.88247631835937,1.3899322633981703,0.20448212362527846,-5.411041297903656
1789799545873447400,40.892447509765624,1.8000877662599086,-0.48523061759024855,-2.7071558489382266
1789799545883418400,40.90241845703125,1.4088672654926777,-0.9599828035250305,0.29578911896944043
1789799545893389600,40.9123896484375,-0.09166472274065017,-1.4659332607999442,3.5385137338548898
1789799545903360300,40.9223603515625,-1.9567443088710308,-2.2590385719507933,5.978528466159105
1789799545913331200,40.932331298828124,-3.0941514254868028,-2.732263402187824,6.620239393010735
1789799545923303400,40.94230346679687,-3.4152503422796725,-3.058968468424678,4.6263808667540545
1789799545933274400,40.9522744140625,-3.2682758202493187,-3.1099209492877122,1.6342635823309422
1789799545943245300,40.96224536132812,-2.334789686244726,-2.938813271997869,-1.7434265523612498
1789799545953216300,40.97221630859375,-0.9963058705329895,-2.220959308925271,-5.299681110090017
1789799545963187500,40.9821875,-0.37211949445605275,-0.7481757438391446,-7.758343259719013
1789799545973158400,40.99215844726562,-0.4206991087079048,1.2425243183866141,-8.636894272965192
1789799545983129300,41.00212939453125,-0.2822591907888651,2.8623364737778902,-9.264629865956305
1789799545993101300,41.01210131835938,0.5557645817577839,3.9914246748596427,-9.501996606573462
1789799546003072300,41.022072265625,1.2788824567079544,4.831135377579927,-9.240012142050265
1789799546013043500,41.03204345703125,1.9250602998405695,5.223299296677112,-8.829601787644624
1789799546023014400,41.04201440429687,1.3624182335287331,5.087206818667054,-7.497687997972965
1789799546032985300,41.0519853515625,-1.0716899050801991,4.13378498109281,-4.273040307047963
1789799546042956300,41.06195629882812,-3.8639217460185287,1.7745540965527296,-1.4901929650485515
1789799546052927200,41.07192724609375,-3.9496114860028024,-1.716432162451744,0.759115071004629
1789799546062899500,41.0818994140625,-2.1556446868412196,-6.119421622449159,3.627428865626454
1789799546072870100,41.0918701171875,-0.7723262886248529,-10.309841513955593,8.988817951610685
1789799546082841300,41.10184130859375,-0.505028666254878,-13.089554065060614,16.05946887002587
1789799546092812300,41.11181225585938,-1.3347048816949127,-14.973996523308752,20.662636034452913
1789799546102783500,41.12178344726563,-0.7398508369557559,-14.827099158167838,19.474529827213285
1789799546112754400,41.13175439453125,1.2324445306599139,-10.132006574237346,14.017973563325404
1789799546122725400,41.14172534179688,-0.022646716094017028,-7.61912768125236,11.284700107312203
1789799546132697300,41.151697265625,-2.5854981389939784,-7.015424121233821,8.981257160967587
1789799546142668300,41.161668212890625,-1.1934756253182888,-6.793813752675056,5.163288772350549
1789799546152639500,41.171639404296876,2.183770857259631,-6.825105547517538,2.241570719799399
1789799546162610200,41.181610107421875,2.821804556903243,-5.663130391356349,-0.07759820346534252
1789799546172581400,41.191581298828126,2.07129423263669,-2.965553687146306,-1.145111699643731
1789799546182552300,41.20155224609375,1.9051134903550146,-0.311398191511631,-0.678069357433915
1789799546192523500,41.2115234375,2.0728917309612034,2.004298087206483,-0.5569856479853391
1789799546202495200,41.2214951171875,2.3546032247394324,2.946630375489592,-0.9457458961188793
1789799546212466400,41.231466552734375,2.9715263318151233,3.468227899229526,-1.57466163880527
1789799546222437400,41.241437255859374,2.270411029836535,3.616474340891838,-1.8580957185924052
1789799546232408300,41.251408203125,0.777677732655406,4.082933330255747,-0.9780302091300487
1789799546242379500,41.261379638671876,-0.4547761868873611,4.483330824691057,0.5187292748272418
1789799546252350200,41.27135009765625,-0.7666296844184398,4.34412167596519,2.0054981106460095
1789799546262321400,41.2813212890625,-0.07808863559709861,4.121105532261729,3.1146701896414157
1789799546272293400,41.29129345703125,-0.2498468674838543,3.9559675770312546,3.4666537817806002
1789799546282264600,41.3012646484375,-1.0298504127383232,3.9397172839760777,3.021956542369723
1789799546292235300,41.3112353515625,-1.7268495115697382,4.478544174936413,3.8424306297004223
1789799546302206200,41.32120629882812,-2.1305513082474468,4.9668525925368066,5.2290089064955705
1789799546312177400,41.331177490234374,-0.5298223312497139,4.79992892293334,5.053551801824569
1789799546322148400,41.3411484375,2.3588959534972904,4.316386112299561,3.5878713467419145
1789799546332120300,41.35112036132813,2.0156056631624697,4.000860027202964,3.207579067224264
1789799546342091300,41.36109130859375,0.5691325973749161,3.9281729766547677,3.294890563191473
1789799546352062500,41.3710625,0.4306786509305238,4.061970037204027,3.9616386084049937
1789799546362033400,41.38103344726562,0.2333417228847742,5.081459214925766,5.189722021245956
1789799546372004400,41.39100439453125,-0.5378747048020363,5.754875193595886,5.306535798290372
1789799546381975300,41.40097534179687,-1.110581069010496,5.664406402641535,4.18841147429347
1789799546391946200,41.4109462890625,-0.558888266736269,4.398969118440151,1.4531418760269879
1789799546401918500,41.42091845703125,-0.612574264216423,2.8516496600687504,-1.5466332296729086
1789799546411889400,41.43088940429688,-3.4642648408174512,2.4414918191194532,-1.6980331669300794
1789799546421860400,41.4408603515625,-5.509820236563682,2.6691566654115912,-2.0822043337076903
1789799546431831300,41.45083129882813,-4.434834212547541,1.3095616726100443,-3.367620576098561
1789799546441802200,41.46080224609375,-1.5877601898312568,-0.3323655762165785,-3.104401601344347
1789799546451773400,41.4707734375,2.4225369432806967,-2.72908184954226,-2.510741880956292
1789799546461744400,41.48074438476562,4.6907612767279145,-5.199270186313987,-0.4272130206465721
1789799546471716400,41.49071630859375,5.009945299810171,-6.2928077660650015,3.7517490727782246
1789799546481687300,41.500687255859376,4.857630585795641,-6.452023930031061,7.054634434115886
1789799546491658500,41.51065844726563,3.6609646400034426,-6.250192028653621,9.411400974369048
1789799546501629400,41.52062939453125,1.7027835763275623,-6.9847221089780325,8.917780421835184
1789799546511600000,41.53060009765625,-0.7739759555280208,-8.475042499798535,5.5320063494086265
1789799546521571300,41.5405712890625,-2.3423680125445125,-8.527221015325187,3.6749276989042756
1789799546531542300,41.55054223632813,-2.72382232157886,-7.198555413794517,4.997364635178447
1789799546541514500,41.560514404296875,-1.697634523001313,-5.997981354647875,6.085324707058072
1789799546551485200,41.570485107421874,-0.83317282538414,-5.389752426159381,5.36429766690731
1789799546561456400,41.580456298828125,-0.40814708564877505,-4.811643910646438,2.7226637991935014
1789799546571427300,41.59042724609375,-0.2776923577973619,-3.5547780554354187,0.6740443397015333
1789799546581398300,41.600398193359375,-0.009855075592733919,-2.4906612159579993,-0.4066793511837721
1789799546591369500,41.610369384765626,0.32351058104448016,-2.2242931295230983,-0.656976300522685
1789799546601340400,41.62034033203125,0.8195722431201488,-2.079737651333213,0.25366204185783864
1789799546611311400,41.630311279296876,1.2802478998422622,-1.954923523184657,0.9359510628134011
1789799546621283300,41.640283447265624,1.7466718178927898,-2.235831007103622,0.9003525106877088
1789799546631254500,41.650254638671875,2.1850679113328457,-2.8715622750237584,-0.4578443057537079
1789799546641225200,41.66022509765625,2.1958429878473282,-2.719305720937252,-1.730087762838602
1789799546651196400,41.670196533203125,1.6113244591616094,-1.466027076563239,-2.2834897071182727
1789799546661167400,41.68016748046875,0.8082874635178595,-0.2642316589280963,-3.077616470271349
1789799546671138300,41.69013818359375,-0.04416289378814399,0.6058470017880201,-4.241854895189404
1789799546681110300,41.7001103515625,-0.34285730574503537,0.4523340178996324,-5.823938208428025
1789799546691081200,41.71008129882812,-0.17022212662696837,-0.514969337771833,-7.356749248975515
1789799546701052400,41.72005249023437,0.3661702306628227,0.03658873220682144,-7.749545620757341
1789799546711023400,41.7300234375,0.8317736261107027,2.0772727225244045,-7.5759630777865645
1789799546720994600,41.73999462890625,1.9297487499177455,2.810951738977432,-8.082609116110206
1789799546730965200,41.74996533203125,2.9516029032051563,2.1689804076239465,-8.725948520946503
1789799546740936200,41.75993627929687,2.9151836823463437,1.5966320630729198,-8.68160435230732
1789799546750907400,41.769907470703124,2.744622533023357,1.0198357992023228,-8.792282987597584
1789799546760879400,41.77987939453125,1.5613995677806436,1.3204416708037257,-7.48592858659625
1789799546770850300,41.78985034179688,1.1602468710638583,1.700879788532853,-5.813046812057495
1789799546780821200,41.7998212890625,1.8802936680056153,1.0153890489265323,-6.124200088897347
1789799546790792400,41.80979248046875,1.6691222758747637,0.09858692321926354,-6.736832805302739
1789799546800763400,41.81976342773437,0.3691010234177112,0.2725982129961252,-4.618621923190355
1789799546810734300,41.829734375,-1.817660832351446,1.6934578218385576,-0.029273440757393836
1789799546820705500,41.83970556640625,-3.066295450311899,1.3380585760369896,1.6228993077516556
1789799546830677200,41.84967724609375,-1.7114461907327174,-1.1642995074555278,-1.434573953679204
1789799546840648400,41.8596484375,-1.1168775388062,-2.5197280282273886,-4.22041521679759
1789799546850619400,41.86961938476563,-1.2018424716472624,-1.7523153767377138,-0.9227087194025516
1789799546860590300,41.87959033203125,-0.3790963477313518,-0.4051666085332632,2.198866135060787
1789799546870561300,41.88956127929688,-0.6500444554328918,-0.39663434250950813,1.8226304374575615
1789799546880532200,41.8995322265625,-1.4167512967407703,-1.6141580751523374,-0.7555091554671526
1789799546890503400,41.90950341796875,-1.4254302777588366,-2.894513527022302,-3.94638960134685
1789799546900475100,41.91947509765625,-0.5290227053046226,-3.325262320579588,-4.517423063907027
1789799546910446300,41.9294462890625,-0.21642039870023727,-2.049266232962906,-0.9221738818734884
1789799546920417300,41.939417236328126,-1.2769535344719887,-0.7494260361611843,1.0262392365038395
1789799546930388500,41.94938842773438,-1.4400374797821045,-0.7915703566685318,-0.11764788978099823
1789799546940359400,41.959359375,-0.7173053892791271,-0.844278741288185,-1.637357456693053
1789799546950330400,41.96933032226563,-0.7242687985509634,-0.39854163743555543,-2.9359289487332103
1789799546960301300,41.97930126953125,-1.0001444257825614,0.2601554955303669,-3.5409155342996117
1789799546970273300,41.989273193359374,-0.9930237801223992,1.043287986460328,-3.4234880092710256
1789799546980244500,41.999244384765625,-0.44172903725504875,1.7105986339926718,-3.6240842313736676
1789799546990215400,42.00921533203125,0.24816282338704912,2.098178732430935,-4.231774815201759
1789799547000186400,42.019186279296875,-0.06163724874556064,2.370713232541084,-4.003789066392183
1789799547010157300,42.0291572265625,-0.793777730519697,2.221429264524579,-2.831873530974984
1789799547020128300,42.039128173828125,-1.1595160725712776,1.3847545684993265,-0.8406091128647327
1789799547030099500,42.049099365234376,-1.3285995505571364,-0.2350181316643953,0.9167284759491682
1789799547040071200,42.0590712890625,-0.4502701441723853,-1.8523627278983592,1.1605553524911403
1789799547050042400,42.06904248046875,0.878268031586334,-3.005791589510441,1.0420511381417512
1789799547060013300,42.079013427734374,0.9795183287959546,-3.982413100886345,1.9073615615427493
1789799547069984500,42.088984619140625,-0.15446290502436458,-5.22309997471273,4.823288171210884
1789799547079955500,42.09895556640625,-0.8013046919584274,-6.928333866801857,8.808557246050238
1789799547089926400,42.108926513671875,-0.07436229028403758,-6.915372678419947,9.532254382193088
1789799547099897300,42.1188974609375,0.3326871363211423,-3.299171309250593,6.73942223727405
1789799547109868300,42.128868408203125,-0.5510206021010875,-1.0777005436718463,4.495498816868663
1789799547119840300,42.13884033203125,-1.093952590292692,-1.5237076966375112,4.119770484265685
1789799547129811200,42.14881127929687,-0.9549217207431793,-2.603673262631893,5.1916848457515234
1789799547139782400,42.15878247070312,0.22731234306003897,-3.3151147283136844,5.934006018343568
1789799547149753300,42.16875341796875,1.7433581633001565,-2.3880513208329677,5.493881493675708
1789799547159724500,42.178724609375,1.6598323233515022,-1.0954121414512394,4.405236362141371
1789799547169695500,42.188695556640624,1.0103659600675106,-0.6888450184702872,3.4272067375332114
1789799547179666200,42.19866625976562,1.1462386578470467,-0.6369412282317877,2.792357513144612
1789799547189638400,42.20863842773438,0.8589660228103398,0.0032850130200386047,2.855571801948547
1789799547199609300,42.218609375,-0.10525138607714325,1.3102496548742055,2.683158302757144
1789799547209580500,42.22858056640625,-0.05032032043933868,2.8904747730255127,1.4794704955041407
1789799547219551200,42.23855126953125,0.33426932747866955,4.146875348812341,-0.5546364545106888
1789799547229522400,42.2485224609375,-0.5739958194971084,5.296261657035351,-1.429889010733366
1789799547239493400,42.25849340820312,-2.1337959892570972,5.915403024682402,-0.86047642737329
1789799547249464300,42.26846435546875,-2.170350819194317,5.142047831401229,0.01744505579769611
1789799547259436300,42.278436279296876,-0.6564888092666864,3.5212855356782673,0.6137228497296572
1789799547269407200,42.2884072265625,1.053752681851387,1.9730524695932865,0.4736334110379219
1789799547279378400,42.29837841796875,2.4819039090067148,0.1368114399343729,0.6372890187561512
1789799547289349400,42.30834936523438,2.272623445188999,-0.8923515750616788,2.2595862689614297
1789799547299320600,42.31832055664062,1.2709218530923128,-1.0426397516846657,4.040957059791684
1789799547309291300,42.32829125976563,0.7159148117035627,-1.0558043536841868,5.020710439452529
1789799547319262200,42.33826220703125,1.158286238515377,-0.8999994594663381,4.20653983618021
1789799547329233400,42.3482333984375,1.0867232235610484,-0.5551590170800685,2.5890526166051626
1789799547339205400,42.358205322265626,0.05611998316142708,-0.24836568901538847,1.0266823040962219
1789799547349176300,42.36817626953125,-1.3979571644216775,0.14022037159502507,0.2522662035852671
1789799547359147300,42.378147216796876,-2.1816046191364524,0.04236088586747646,0.4015273752480745
1789799547369118500,42.38811840820313,-1.5800667127192018,-1.3389163619101048,0.8228349712431431
1789799547379089400,42.39808935546875,-0.39057168146967886,-3.6041993812084194,1.5594915422022342
1789799547389060400,42.40806030273438,0.5621154486218467,-5.181410119974613,3.023445319622755
1789799547399031300,42.41803125,1.1927765371382235,-5.1559664666384455,4.538889045783877
1789799547409003300,42.428003173828124,1.0195265871226786,-4.507232509282231,5.3080783515572545
1789799547418974500,42.437974365234375,-0.2922907554596662,-3.956257499888539,3.871463247439265
1789799547428945400,42.4479453125,-0.38558921688199044,-3.0962311543703076,1.6500293067395686
1789799547438916400,42.457916259765625,-0.6594307079374789,-1.786274344962835,1.624077119359374
1789799547448887300,42.46788720703125,-0.9328139338314533,-0.7970201465070247,2.310430321013927
1789799547458858200,42.477858154296875,-0.6154413440853357,-0.6358674615204334,1.6795307110339401
1789799547468829400,42.487829345703126,-0.543598927667737,-0.6209083773195743,0.36457740851342674
1789799547478801200,42.49780126953125,-0.8571861536562442,-0.44889469110071656,-0.6083925946176052
1789799547488772400,42.5077724609375,-0.34375615428090095,-0.045591538351774215,-0.5457932228416205
1789799547498743300,42.517743408203124,0.4244751201152801,0.1169774431735277,-0.08981061930656432
1789799547508714500,42.527714599609375,0.9135878398358821,-0.12813070535063742,-0.06572773292958736
1789799547518685400,42.537685546875,0.9523650219976901,-0.4936790047228336,-0.879288679870963
1789799547528656400,42.547656494140625,0.8072235606133937,-0.6537275278598069,-1.76981596211493
1789799547538627300,42.55762744140625,0.7608171987473964,-0.734426327688992,-2.32566237693727
1789799547548598000,42.56759790039062,0.35843466797471046,-0.658893532320857,-2.4504747515201566
1789799547558570200,42.5775703125,0.5586369588563218,-0.457564319768548,-2.6007068140417338
1789799547568541000,42.587541015625,0.5158779405167326,-0.6405190867185593,-2.5981466081649063
1789799547578512100,42.59751220703125,0.4464519010584801,-1.0806149698138237,-2.080081934726238
1789799547588483000,42.60748315429687,0.7306161217510699,-1.3858081692054867,-0.6687368809431791
1789799547598454000,42.6174541015625,1.0573007297217845,-1.2981661261096595,1.4493021517336369
1789799547608425200,42.62742529296875,0.9877719240088015,-1.5697241824030874,2.6273119123727082
1789799547618396200,42.637396240234374,0.42793665874600406,-2.5590859328866005,1.1556196496546267
1789799547628368100,42.6473681640625,0.2999310410797596,-2.2981898481220004,-0.9405892440080642
1789799547638339000,42.65733911132813,0.869814091495797,-1.2717971746221184,-1.402491885241866
1789799547648310300,42.66731030273438,1.6870166828751563,-1.1704931013986468,-1.1499749217659234
1789799547658281000,42.67728100585938,1.6725450899302958,-1.4566566061496733,-1.5947726989418267
1789799547668252200,42.68725219726562,0.2499509123802185,-1.2875836495578288,-2.2915578627616164
1789799547678223000,42.69722314453125,-0.28375249808654185,-0.8127475847318768,-2.1224071647584437
1789799547688194000,42.70719409179687,1.1062066533185542,-1.2457967641860246,-2.52215993154943
1789799547698165200,42.71716528320312,1.7729085213027893,-1.8302341904595494,-3.4512247419804334
1789799547708137000,42.727136962890626,1.2846692234158514,-1.8005851943880318,-5.096105579915642
1789799547718108200,42.73710815429688,0.8164778573013841,-0.6721729928717016,-7.090663778874277
1789799547728079000,42.7470791015625,1.0039666144192219,0.6626876639068127,-8.242474683895706
1789799547738050300,42.75705029296875,1.3725252015233038,1.4023814106047152,-8.864310112932325
1789799547748021200,42.76702124023438,1.2723638685941696,1.704259201838076,-9.56240635935068
1789799547757992000,42.77699194335938,0.6205261730689555,2.617359258157015,-8.618485340571404
1789799547767963100,42.78696313476563,0.611502324135974,3.09898717508018,-6.853698604795336
1789799547777935000,42.79693505859375,0.8439083005405962,2.43656459185034,-6.3287704753279685
1789799547787906000,42.806906005859375,0.7312474784571678,1.6850950671628118,-6.568743014529347
1789799547797877000,42.816876953125,0.08639350433945656,1.3660922458663582,-5.923915416961908
1789799547807848200,42.82684814453125,-0.7394564308106899,1.33540952283293,-4.291649145928025
1789799547817819100,42.836819091796876,-1.4629823020398616,1.1102288945719598,-1.8406886567175387
1789799547827790000,42.8467900390625,-1.3117477844774723,0.534958232833445,-0.7216495559632777
1789799547837761300,42.85676123046875,-1.656524513977766,-0.08352642447054386,-1.394095812818408
1789799547847733000,42.86673291015625,-1.3831822046160698,-0.5924293018102645,-3.6651515702992676
1789799547857704200,42.8767041015625,-0.8889011423468589,-1.2401315780311821,-5.743972691309452
1789799547867675100,42.886675048828124,-1.7219237456053493,-0.9343938964992761,-3.854070798611641
1789799547877646000,42.89664599609375,-2.648748668155074,0.13917203158587216,2.2346926507234572
1789799547887617000,42.906616943359374,-2.8967841023027896,-0.1099213871821761,6.437208053693175
1789799547897588000,42.916587890625,-1.9423416895091532,-1.8072732938498257,4.3104146366745235
1789799547907559200,42.92655908203125,-1.0079396097034214,-2.9698195278972386,0.22479601285755632
1789799547917530000,42.936530029296875,-0.7168056230634451,-2.318670033831894,1.6772925767183302
1789799547927502000,42.94650219726562,-0.8502349462788552,-1.430696235463023,3.51553617837131
1789799547937473000,42.95647314453125,-1.181322173122689,-1.4312924477905034,3.31760303799808
1789799547947444200,42.9664443359375,-0.9184978237092495,-2.8077818767696616,0.7214186698168515
1789799547957415200,42.976415283203124,0.22904373342990875,-3.9381116023451086,-1.6861784784853457
1789799547967386000,42.98638623046875,0.7471598447948694,-3.7163410747885703,-1.8483529077351093
1789799547977357000,42.996357177734374,-0.13753573562093077,-2.956321748420596,-0.07105155830085277
1789799547987328000,43.006327880859374,-0.77426887405999,-2.810104766759276,0.3088970223456621
1789799547997299200,43.01629931640625,-0.05197985114939511,-2.859745872762799,-1.0057271943509578
1789799548007271200,43.02627124023437,0.6634884588956832,-1.5957465124100445,-1.3321312318146228
1789799548017242000,43.0362421875,0.11622918208949268,-0.06135375562906265,-0.6653150898009538
1789799548027213000,43.04621313476562,-0.08184533951580523,1.1545242556333541,0.1736795736044645
1789799548037184000,43.05618408203125,-0.46357378931641574,1.6686106730908155,0.872880566394329
1789799548047155200,43.0661552734375,-1.014209264557436,1.5056389559835195,1.5390554878950118
1789799548057126100,43.076126220703124,-1.4452274496406317,0.9936451268911362,2.953358222439885
1789799548067097000,43.08609716796875,-1.1878626077421008,0.48274435373246666,4.47696479679048
1789799548077069000,43.09606909179688,-0.677670786570385,0.6905576676070689,4.597161786532402
1789799548087040300,43.10604028320312,-0.5528500825505703,1.2918173416048289,3.500617426180839
1789799548097011200,43.11601123046875,-0.77411499867253,1.1799357602655887,2.777588983079791
1789799548106982100,43.12598217773437,-1.6864923667401075,0.44096448262333865,3.2746120375335215
1789799548116953000,43.135953125,-2.726148718699813,-0.9441010515213012,4.549807330161332
1789799548126924000,43.14592407226562,0.09165420134663581,-3.4603426989376542,6.273238557720184
1789799548136895200,43.15589526367187,3.0966882504880426,-4.093734710255265,7.109049914914369
1789799548146867000,43.165866943359376,1.8617127400457858,-1.5942308471500872,6.377844010576605
1789799548156838100,43.17583813476563,0.23890406971964984,0.26219547692537304,5.1112411897271866
1789799548166809000,43.18580908203125,0.1688677711422555,0.521755929172039,3.2380840956032273
1789799548176780300,43.1957802734375,0.5521136580348015,-0.17413666972219943,1.666259726050496
1789799548186751200,43.20575122070313,1.126471296581626,-0.8045294992238282,1.4550281281650066
1789799548196722000,43.21572192382813,0.8161006945520639,-1.0797206513226032,1.9972733031362293
1789799548206693000,43.22569311523438,0.6724824972122907,-0.9029144701302051,2.01323659594357
1789799548216664000,43.2356640625,0.7369201903313398,-0.2213023255228996,1.742908081445098
1789799548226636300,43.24563623046875,1.0569482630223035,0.5984668284088372,1.081899164405465
1789799548236607000,43.25560693359375,0.9040718234717845,1.0788421149224041,0.3244996651470661
1789799548246578200,43.265578125,0.5794400563776493,1.285123396924138,0.032790508967638014
1789799548256549000,43.275549072265626,0.40332941970136016,1.3588573261767625,0.6462889022916555
1789799548266520000,43.28552001953125,0.8061211523294448,1.510128668618202,0.9955454075545072
1789799548276491300,43.2954912109375,1.8662632429569959,1.5285399390995502,0.4951350487500429
1789799548286462000,43.3054619140625,1.5633751056373117,1.552354529929161,0.0023240590333938596
1789799548296433200,43.31543310546875,-0.7492571093350648,1.641236928474903,0.13083061195909976
1789799548306405000,43.325405029296874,-2.4701029965758323,1.2359370489507913,0.2336988657593727
1789799548316376300,43.335376220703125,-3.157123137706518,0.3499742981433868,0.7919920892119408
1789799548326347000,43.345346923828124,-2.2180185792982576,0.06194003108441829,2.5480577583938837
1789799548336318000,43.35531787109375,-0.10388296553445979,0.30664252141714093,3.772964879286289
1789799548346289200,43.3652890625,1.1719196270704269,0.9689853174090385,4.3788463678658
1789799548356260000,43.375260009765626,1.3586544970810412,1.0387444978117941,3.9046933168679474
1789799548366231300,43.38523120117188,1.0349415983974932,0.26444121002554893,1.8713404000908136
1789799548376202000,43.395201904296876,0.2793476872563362,-0.46658816870152947,0.038055882149934765
1789799548386174200,43.40517431640625,-0.1473024388104677,-0.7535989379316568,0.03841828572154045
1789799548396145200,43.415145263671874,-0.9269424114495515,-1.2579238398313521,1.1981015315532684
1789799548406116000,43.4251162109375,-0.9328910907208919,-1.798538783252239,2.211529217278957
1789799548416087000,43.435087158203125,-0.17710662544369696,-2.330701540148258,2.27415138540864
1789799548426058000,43.44505810546875,0.07479775909185409,-2.490745387110114,1.6430471927672623
1789799548436029200,43.455029296875,0.45420974864363667,-2.5136171441316604,1.0681032787650824
1789799548446000000,43.465000244140626,1.1436743603169917,-2.4640935270279645,1.5318617769986391
1789799548455972000,43.47497216796875,1.0533715735793112,-2.0486013393133877,2.408030279022455
1789799548465943000,43.48494311523437,-0.07644728899770416,-1.936439187467098,2.6340105332285164
1789799548475914000,43.4949140625,-1.2464952678442,-2.1356366486877203,2.672430572515726
1789799548485885200,43.50488525390625,-1.2635258976221084,-2.1478630930542946,3.1118636077880857
1789799548495856000,43.514856201171874,-0.6157002872824668,-1.8493816662609577,3.7082331716567274
1789799548505827000,43.5248271484375,0.48995560028553004,-1.8432360031127928,3.435499934104085
1789799548515798000,43.534798095703124,1.1362170300483703,-2.4363532871872184,2.138949134236574
1789799548525769200,43.544769287109375,0.6765431707799434,-2.9820258062586187,0.5502022714555264
1789799548535741200,43.5547412109375,0.47718967874739315,-2.7469568211898205,-0.40552141332030295
1789799548545712000,43.56471215820312,0.78928925999403,-2.6404484573215243,-1.1703636298000812
1789799548555683000,43.57468310546875,1.6152268734276294,-2.600633456544578,-2.0152017585366964
1789799548565654000,43.58465405273437,2.109661080431938,-2.219316510154307,-2.9461832162439823
1789799548575625200,43.59462524414062,2.7625089028477667,-1.4582421217754482,-4.537082873144746
1789799548585596200,43.60459619140625,3.2142636595547196,-0.3702902332022786,-5.065697582170367
1789799548595567000,43.61456713867187,3.239353677147627,0.9316063116073607,-3.61059580424726
1789799548605539000,43.6245390625,2.5314181737601755,1.6110837822735309,-2.5602865408480167
1789799548615510300,43.63451025390625,1.9971219119668007,0.9839294963017106,-2.4932336967945097
1789799548625481200,43.64448120117188,2.4719360572218894,-0.20590864929705857,-3.9149972687393424
1789799548635452200,43.6544521484375,2.519514969998598,0.1677022527605295,-4.984830147776007
1789799548645423000,43.66442309570313,1.3438333600461483,1.3787085663333534,-4.839374798136949
1789799548655394000,43.67439404296875,0.5695533070050179,1.3355574068710208,-4.4366964992880815
1789799548665365200,43.684365234375,-0.6986193935096263,0.5470519907310605,-3.6532062809616326
1789799548675336200,43.69433618164062,-1.108102696198225,-0.29221739796251056,-3.2275936812490222
1789799548685308200,43.70430810546875,-0.25185864569768307,-0.6594865297779441,-3.9257852047353983
1789799548695279000,43.714279052734376,0.7307656132243573,-0.8635954361766576,-4.811317162910104
1789799548705250300,43.72425024414063,1.6489399040676653,-1.2970000049397348,-6.026217853572964
1789799548715221200,43.73422119140625,1.5926187357783317,-0.7007724798902869,-7.346664492812752
1789799548725192200,43.74419213867188,0.9054068714678287,1.3209534197181463,-6.640647974789142
1789799548735163100,43.7541630859375,0.34598215976729985,2.596215055580437,-3.635268473210931
1789799548745134000,43.76413403320313,0.47070970561094577,1.4829048538669942,-3.7948967251092194
1789799548755105300,43.77410522460937,-0.13287475807256996,0.4554238006085157,-5.28760897950232
1789799548765077000,43.784076904296874,-0.4298655809819698,0.3710007195591926,-5.549699827009439
1789799548775048200,43.794048095703126,-1.0554419501125811,0.8606234346285462,-3.78806892491579
1789799548785019100,43.80401904296875,-1.1997558015663177,1.6079966299131512,-1.6815180854588747
1789799548794990000,43.813989990234376,-1.9814824442863463,1.5172019680052995,-0.07520107919573783
1789799548804961300,43.82396118164063,-2.5459762759447098,0.49664837592244143,-1.0607429791301488
1789799548814932200,43.83393212890625,-2.3172762413859367,0.10036240845918655,-2.913411996498704
1789799548824903200,43.84390307617188,-1.3914894297122955,0.1591974592655897,-3.547563886272907
1789799548834874000,43.8538740234375,-0.739948598241806,0.251781342677772,-3.250785756266117
1789799548844846300,43.863846435546876,-0.5305435947289691,0.5542652831107377,-2.7780162685811516
1789799548854817300,43.8738173828125,-0.3317769626736641,0.5856172837078572,-2.666909763267636
1789799548864788000,43.8837880859375,-0.14454759627752936,0.13942571408599613,-3.1524639137238264
1789799548874759200,43.89375927734375,0.002814472898840904,-0.2993041413530707,-3.4626761103212833
1789799548884730000,43.903730224609376,-0.10960372693459502,-0.6559747222647071,-2.6591578339666126
1789799548894701300,43.91370141601563,-0.4698381104081869,-1.1066297010362147,-1.27040455121994
1789799548904672300,43.92367236328125,-0.7378992644965648,-1.6032465127766131,-0.33256606722474097
1789799548914643000,43.933642822265625,-0.7373299401760101,-2.0594833833336827,0.38829672227501866
1789799548924615200,43.943615234375,-0.3312193653235212,-2.51941793936491,1.264274670162797
1789799548934586000,43.953586181640624,0.111746045326069,-2.773900065433979,2.676509950783849
1789799548944557300,43.963557373046875,0.2496026834644377,-3.049057315263152,4.518271789690852
1789799548954528000,43.973528076171874,0.1509066007822752,-3.9157279211014506,5.655997470736503
1789799548964499200,43.983499267578125,0.13242920626215635,-5.1101282600492235,5.518786802351475
1789799548974470100,43.99347021484375,-1.0405991127025336,-5.047009832835197,5.777753964880109
1789799548984441000,44.003441162109375,-0.6831996329944581,-3.9781186185628172,4.931400755405425
1789799548994412300,44.013412353515626,0.8891017064202577,-2.2731863397687673,3.5982594697654244
1789799549004384000,44.02338403320312,0.7253023063171654,-1.4742571447700261,2.9024299992352725
1789799549014355200,44.03335522460937,-0.6383370665043592,-1.3914444215267896,2.402282090759277
1789799549024326100,44.043326171875,-1.2234265269458293,-0.7936632372945547,1.7135615754514932
1789799549034297300,44.05329736328125,-0.27663141403496266,0.43639059883654113,0.7995733381211757
1789799549044268000,44.06326806640625,0.584767461945489,1.3774731793195008,0.6459972258687019
1789799549054239200,44.0732392578125,0.17152977515943346,1.4177110816836356,1.4094213922441006
1789799549064210200,44.083210205078124,-0.6511293280601501,1.2094178753376006,2.391196633121371
1789799549074181000,44.09318115234375,-0.7959054632633924,1.1158458576709032,3.141143478286266
1789799549084153000,44.10315307617188,-0.45608547938764094,1.296544370126724,3.633261225041747
1789799549094124000,44.1131240234375,0.093371526658535,1.1978759061038493,3.6906858245283365
1789799549104095200,44.12309521484375,0.5549433285027742,0.7320534610778093,4.335658968046308
1789799549114066200,44.13306616210937,0.917905703034997,-0.04620177920460701,4.981162272918224
1789799549124037400,44.14303735351562,1.2191975110739468,-0.5983785656034946,4.589560079357028
1789799549134008000,44.15300805664062,1.3932225371152163,-0.44748716239035125,3.842113234314322
1789799549143979000,44.16297900390625,0.3182487515261397,0.1897445732206106,3.9228976666003463
1789799549153950200,44.1729501953125,-0.8302788575083017,0.5373293458789586,4.555540905377269
1789799549163922200,44.18292211914063,-0.4170224660217762,0.3753109839737415,4.416156984606385
1789799549173893000,44.19289306640625,0.8073013020247221,0.17768179498314857,3.3443227026194333
1789799549183864000,44.20286401367188,1.427500069770217,-0.017760697618126868,1.924676853480935
1789799549193835300,44.21283520507812,0.37063480885624883,-0.17728139748871324,1.6965747848153114
1789799549203806200,44.22280615234375,-0.4661439320653677,-0.10184767858088016,2.1248639102607965
1789799549213777200,44.23277709960937,0.8579857796013355,-0.5469640201866627,1.1780752270907162
1789799549223748000,44.242748046875,2.8765841948390007,-1.2480103485822678,0.11628361569046973
1789799549233719000,44.25271899414062,2.3162392995536325,-1.8372838167101144,0.2604781516134739
1789799549243691300,44.26269116210938,-0.22201779858218504,-2.125015885952115,1.7288883239209651
1789799549253662200,44.272662109375,-0.9821136790513991,-1.7753408630162477,2.7961504756867885
1789799549263633200,44.28263305664063,0.24555176410581916,-0.7320008541077375,2.2033090859442948
1789799549273604000,44.29260400390625,1.3604197531878948,0.5926134262055158,0.6578799713641404
1789799549283575000,44.30257495117188,0.9288672420322894,0.9918319399893283,-0.8649480198293924
1789799549293546200,44.31254614257813,-1.605850557795167,0.7147077740013599,-0.4579992040544748
1789799549303517200,44.32251708984375,-2.7722581434458493,0.10190846885740756,1.0221616118013859
1789799549313488100,44.33248803710938,-1.3199451194584368,-0.96124274045825,2.062493671065569
1789799549323460000,44.342460205078126,1.2210504454642535,-1.834746407186985,2.547943192103505
1789799549333431300,44.35243139648438,1.3764485124468802,-2.318685523661971,2.595797414690256
1789799549343402200,44.36240234375,-0.4701408927470445,-2.1806214533179995,2.4927105497032405
1789799549353373000,44.372373046875,-1.045686279773712,-1.5283067148655651,1.8885458019137382
1789799549363344100,44.38234423828125,-0.489700164219737,-0.8258008353114128,0.6369073259621858
1789799549373315000,44.39231518554688,-0.2056505646164529,-0.32072482278347014,-0.3192670251905918
1789799549383286300,44.40228637695313,-0.34254034875035283,-0.126376555159688,-0.3051958297401666
1789799549393257200,44.41225732421875,-0.5229892703592777,-0.12100246090590953,-0.11610124486088752
1789799549403229200,44.422229248046875,-0.2342436401605606,-0.16069792695641516,-0.8975205021321773
1789799549413200100,44.4322001953125,0.692622198921442,-0.4481190305531025,-2.2043203088134526
1789799549423171000,44.442171142578125,1.0521686275303364,-0.9635708911448716,-2.841279072701931
1789799549433142300,44.452142333984376,0.4440554343760013,-0.9744657946467399,-0.9025772009998559
1789799549443113200,44.46211328125,0.33090777862370013,-1.4404267713606356,2.1182658271700143
1789799549453084200,44.47208422851563,0.6476736346483231,-2.407165186625719,3.978270594254136
1789799549463055000,44.48205517578125,0.5611807615876198,-3.503727374894917,2.995214081394672
1789799549473026000,44.49202612304688,-0.09803250420689583,-3.629025487168133,0.6179840143054723
1789799549482998000,44.501998046875,-1.4394611411988734,-2.35595960778445,0.21023674162924288
1789799549492969200,44.51196923828125,-1.5207470932662486,-0.7990358702436089,1.0784469781249761
1789799549502940200,44.521940185546875,-0.21616907255398107,-0.3062330638334155,2.2585095796406267
1789799549512911000,44.5319111328125,1.0076081857919692,-1.1945336099386215,3.2975235420435665
1789799549522882300,44.54188232421875,1.405343767541647,-2.7926421753048896,2.740187765446305
1789799549532853200,44.551853271484376,0.5996060615718365,-3.8656107220187783,1.6843600308865307
1789799549542824200,44.56182421875,0.0003425298273563385,-3.053756871256232,1.2899620691269635
1789799549552795100,44.571795166015626,1.0028361490845679,-2.139946913102269,-0.5168816011339425
1789799549562767000,44.58176708984375,2.480586981189251,-2.2924808228254316,-3.2518606920212507
1789799549572738000,44.59173803710937,1.7395909197211266,-2.007330586770177,-4.288996001070737
1789799549582709000,44.601708984375,0.693128541008383,-1.5360536757305263,-6.094954705190658
1789799549592680200,44.61168017578125,1.1992823388356715,-0.29840310086011884,-8.97659092272222
1789799549602651100,44.621651123046874,1.060757592177391,1.310078974482417,-8.825071742999553
1789799549612622000,44.6316220703125,0.9881225640773773,2.5327014915689823,-7.602599155777693
1789799549622593300,44.64159326171875,1.4442764325261115,3.1944016057431694,-6.219926069727539
1789799549632564000,44.65156396484375,1.6910113054692744,2.4341341498330236,-5.472924045842886
1789799549642536200,44.6615361328125,1.4550538471281527,1.1628586609974503,-5.526711165609956
1789799549652507100,44.67150708007812,0.7665336766980588,0.60477469638139,-5.082352948895097
1789799549662478300,44.68147827148437,0.0999624493561685,0.6123118138879537,-4.862123805561661
1789799549672449000,44.69144897460937,-0.23688670201525092,0.0777384887188673,-3.984008845645189
1789799549682420000,44.701419921875,-0.16280680886916815,-1.2682947194591163,-3.7396418708771466
1789799549692391200,44.71139111328125,-0.12915478770136832,-1.6404799726277588,-4.492381561630964
1789799549702362000,44.72136206054687,-0.45224349007196724,-0.5694540844142436,-4.571106723299622
1789799549712333300,44.731333251953124,-0.2851718633651733,0.3237219587728381,-4.211395459517837
1789799549722305000,44.74130493164063,-0.2538052497208118,0.5749082581669092,-4.144878037515283
1789799549732276200,44.75127612304688,-0.3935012686481699,0.4313824152857065,-4.069273053693771
1789799549742247200,44.7612470703125,-0.7883435035765171,0.4565285469800234,-3.4948972949683665
1789799549752218000,44.77121801757813,-1.3871873486042021,0.745575205951929,-2.809685664564371
1789799549762189000,44.78118896484375,-1.5047802933275698,0.702885234260559,-3.2265222526252266
1789799549772160000,44.79115991210937,-1.3242764266610145,0.4688599130257964,-3.889943491503596
1789799549782131200,44.80113110351562,-1.3496060982286928,0.4014025798246264,-4.05791696242094
1789799549792102100,44.81110205078125,-0.42221418944597244,0.4107461622312665,-5.253154921236634
1789799549802074000,44.82107421875,0.21263386589884756,0.40922435949146746,-6.696953214856982
1789799549812045000,44.83104516601563,0.006094791477452963,0.7517550636306405,-6.048806117478013
1789799549822016000,44.84101611328125,-0.7306687287211417,1.240745910537243,-3.111377870097756
1789799549831987200,44.8509873046875,-1.645864003753662,0.7137164248764515,-0.5415946021080017
1789799549841958100,44.86095825195312,-1.3983026168584822,-0.9866741188347339,-0.5496645113170147
1789799549851929000,44.87092919921875,-0.7355763745069503,-2.2387007173210383,-0.3632867841809988
1789799549861900000,44.88090014648437,-0.8948159193485975,-2.5998428906887767,1.6080150423526762
1789799549871871200,44.89087133789062,-1.2993933298170566,-3.1589947767972943,3.1262358320116994
1789799549881842200,44.90084228515625,-0.9561556464523077,-4.182268149232864,3.867432969009876
1789799549891814100,44.91081420898438,-0.056606268841028214,-4.761963057154417,4.520404710066318
1789799549901785000,44.92078515625,0.06018120471835136,-4.686158751368523,5.108275910180807
1789799549911756000,44.93075610351563,-0.3406991047978401,-4.26620081641674,5.417773236507177
1789799549921727200,44.94072729492188,-0.027118235484883187,-3.967320745694637,5.292883705034852
1789799549931698200,44.9506982421875,0.10721994620375334,-4.278839348715543,4.57485935383141
1789799549941669000,44.96066918945313,-0.24876250631324945,-4.3373184256911275,4.440436854860186
1789799549951640000,44.97064013671875,0.04866838851384818,-3.59970323883295,4.662618301305175
1789799549961611000,44.98061108398438,0.7909248253066092,-2.0811901882290837,4.202293869173526
1789799549971583200,44.990583251953126,0.7850696695376187,-0.6624088469654321,2.8949750070542097
1789799549981554000,45.000553955078125,0.4309258306246251,0.40865737325847146,1.456241595607996
1789799549991525000,45.010525146484376,-0.21942717930078506,1.1384095716565847,0.219337747451663
1789799550001496000,45.02049609375,-1.30740654040277,1.60457630007565,0.07253390581309795
1789799550011467300,45.03046728515625,-1.79260647059381,1.9565169298559426,0.9012953444957733
1789799550021438200,45.04043823242188,-1.3098930965214968,1.967471454590559,2.2757816169589757
1789799550031409200,45.0504091796875,-0.006667604663036763,1.7491542823582886,3.2844699992030857
1789799550041380000,45.06038012695313,0.3166594730406999,1.756981030461192,3.8025370107293126
1789799550051352000,45.07035205078125,0.03384494992401451,1.7158230906426906,3.6412417024016377
1789799550061323300,45.0803232421875,0.13874854547679424,1.0862374858707189,3.280424523204565
1789799550071294000,45.0902939453125,1.099126193538308,0.16583704341053962,3.2085528806924817
1789799550081265200,45.10026513671875,2.0600141292095184,-0.529876107263565,2.78842660343647
1789799550091236000,45.110236083984375,1.604112189695239,-0.02242225968837738,2.9236025511234995
1789799550101207000,45.12020703125,0.9434837964057922,0.9761182380288839,2.7355542604267598
1789799550111178200,45.13017822265625,0.9990554615020751,1.5163631790935992,1.7449398795336484
1789799550121149200,45.14014916992188,0.8493599900752306,1.8292746977776289,1.791757744809985
1789799550131121200,45.15012109375,0.341087227332592,1.861781129106879,2.991138210257888
1789799550141092000,45.16009204101562,1.124305642980337,1.2573287965476512,3.5278853723347186
1789799550151063300,45.170063232421874,2.063362270593643,0.22125790185928343,2.9873522619783874
1789799550161034000,45.180033935546874,2.0613117678046224,-0.4964736038774252,2.4913953754514453
1789799550171005000,45.1900048828125,0.9715642279863357,-0.5538590403974056,2.960202973768115
1789799550180976000,45.19997607421875,0.17489598192321135,-0.5784042835891247,3.255192466792464
1789799550190947000,45.209947021484375,-0.05532671389188617,-0.7639017207592725,2.7767379192084074
1789799550200918300,45.219918212890626,0.001076671054493636,-0.7281582072049378,1.7497049019783735
1789799550210889200,45.22988916015625,-0.6121072312265634,-0.5193102895855903,1.2271791574776172
1789799550220861200,45.23986108398437,-1.4023083453685043,-0.5737602571755648,1.3386030581772326
1789799550230832000,45.24983203125,-1.2635270666658878,-0.9471446570008992,1.8087252462238073
1789799550240803000,45.25980297851562,-0.045536008772253986,-1.4492705875515937,1.7199819638878107
1789799550250774300,45.269774169921874,0.661297670853138,-1.7406074032872914,1.1678905176848173
1789799550260745000,45.27974487304687,0.24991759463250635,-1.837127749365568,1.1633879455685614
1789799550270716200,45.289716064453124,-0.39236382558345795,-1.6733920621484517,1.4881880549669264
1789799550280687000,45.29968701171875,0.15870996800959108,-1.0581804351657629,1.5172341167092323
1789799550290658000,45.309657958984374,1.3873691349118946,-0.23514789552390575,1.400384683829546
1789799550300630000,45.31963012695312,1.8124767077118158,0.07741466359198093,0.8753425725936889
1789799550310601000,45.32960107421875,0.3097323041260242,-0.22856091834902761,0.43203298814892765
1789799550320572200,45.339572265625,-1.735960454264283,-0.5623042126595974,1.2619459349542856
1789799550330543000,45.34954321289062,-1.437141758340597,-0.601141600576043,2.1485119123518466
1789799550340514300,45.359514404296874,0.45990532993674277,-0.26054537163078784,1.944173581111431
1789799550350485000,45.36948510742187,2.133525940144062,-0.2727595410376787,0.43996085853874684
1789799550360456200,45.379456298828124,1.4934136806607246,-0.5564695151567459,-0.16100713903605937
1789799550370427100,45.38942724609375,0.029297406154870986,-1.3698457531809807,1.3427397195905446
1789799550380398000,45.399398193359374,0.6229986275970936,-2.616996854585409,4.036858392301202
1789799550390370000,45.4093701171875,1.6834359017789362,-3.8454157829910516,4.968031573188305
1789799550400341000,45.41934106445313,1.1552233438134192,-4.348579532156885,2.1309978829711675
1789799550410312200,45.42931225585937,-0.4397159438669681,-3.0784003141254184,-0.7396890705227851
1789799550420283100,45.439283203125,-1.3456886325240134,-1.286467797270417,-0.7789759557723999
1789799550430254300,45.44925439453125,-0.7516834596991538,-0.6011722879752517,-0.6525321805953979
1789799550440225000,45.45922509765625,0.1448772940227762,-0.5250222374916076,0.1915314566373825
1789799550450196000,45.46919604492187,1.2669593792021274,-0.6889779972001909,1.4600538473725317
1789799550460167200,45.479167236328124,1.362951902014017,-1.4135267817363142,1.2957412370502948
1789799550470139100,45.48913916015625,1.5908640010654926,-2.245260514228046,-0.20280629936754702
1789799550480110000,45.49911010742188,2.2069395514011383,-2.556440094552934,-2.4038684831678867
1789799550490081000,45.5090810546875,2.6134803708970544,-1.740246168759465,-4.289701518991589
1789799550500052200,45.51905224609375,2.4575088879406453,-0.43900048907399175,-4.538896644568443
1789799550510023200,45.52902319335937,1.9462227687261997,0.5720955388337373,-3.7715696255356073
1789799550519994000,45.538994140625,1.3991875829994678,0.390384926725924,-4.127177545651794
1789799550529965000,45.54896508789062,1.3292692665122448,-0.9638160980775952,-6.202293966925144
1789799550539936000,45.55893603515625,1.198045271321386,-1.4485814362436533,-7.540228332060575
1789799550549908200,45.568908203125,0.8194504433713853,-0.18702508512884378,-6.4837131997585296
1789799550559879400,45.57887939453125,-0.028977234289795158,1.6776941432565449,-4.486739756351709
1789799550569850000,45.58885009765625,-0.21979776617884636,2.0978709816560146,-3.2936844022721052
1789799550579821300,45.5988212890625,0.25242680097445847,0.7058434995442628,-3.8036061012655495
1789799550589792300,45.60879223632813,1.3354220900535583,-0.5526403122574091,-4.384787448352575
1789799550599763200,45.61876318359375,0.8968156417984515,-1.469189924508333,-4.654185988524556
1789799550609734400,45.628734375,0.31204584176540373,-1.31461457208544,-3.917381533527374
1789799550619705000,45.638705078125,0.6456032581150531,-1.1799138406947254,-3.045976300382614
1789799550629676300,45.64867626953125,0.8935060057938098,-1.5072227180436253,-2.809401586925983
1789799550639648300,45.658648193359376,0.4009177919823676,-0.6545452739834785,-3.896977043402195
1789799550649619500,45.66861938476563,-0.27624621410965916,0.4047513057306409,-4.7758974744826554
1789799550659590100,45.678590087890626,-0.142771809643507,0.4176362140059471,-5.232452324947714
1789799550669561000,45.68856103515625,0.05529233669824898,0.35320758097618815,-5.294947651827335
1789799550679532300,45.6985322265625,-0.24643092156052587,0.7139283140614628,-4.769492283615469
1789799550689503200,45.70850317382813,-0.4025006407270208,1.0474553352728486,-4.0855011349171395
1789799550699474400,45.71847436523438,-0.5929927443793043,1.34170394680202,-2.8795927290052172
1789799550709445000,45.72844506835938,-1.1284709459662436,1.3565171927914024,-1.738176376748085
1789799550719417300,45.738417236328125,-1.619492714178562,0.839586491818726,-1.8412112192869186
1789799550729388300,45.74838818359375,-1.1720540671050548,0.24586364306658504,-3.157941468352079
1789799550739359200,45.758359130859375,-0.7072445985138416,-0.016417174054682255,-3.8719121602505444
1789799550749330200,45.768330078125,-0.6682096421986818,0.02110153247863054,-3.089162531158328
1789799550759301000,45.778301025390626,-0.867431068816781,0.11238923860043287,-1.8059779933422804
1789799550769272300,45.78827221679688,-1.0638508820176125,-0.17935411210954189,-1.1522983962774276
1789799550779243300,45.7982431640625,-1.0138380200922488,-0.889423120394349,-1.352011990326643
1789799550789214200,45.80821411132813,-0.933431773468852,-1.5347554526135325,-2.22553027010262
1789799550799185200,45.81818505859375,-0.8818108918249606,-1.6831524086624383,-2.3360306262165307
1789799550809157000,45.8281572265625,-0.35024843890964985,-1.2563415390759707,-1.8749965845108032
1789799550819128300,45.83812841796875,-0.29034543007817115,-0.7743044568300247,-0.9579781857043504
1789799550829099300,45.848099365234376,-0.15489362459182737,-0.467542108425498,0.7197013445049524
1789799550839070200,45.8580703125,0.23767416259851304,-0.6104103641808033,2.3075299233973023
1789799550849041200,45.868041259765626,-0.05629588771760463,-1.7721581413269043,3.382154712885618
1789799550859012000,45.87801220703125,-0.5012379687350244,-3.7309862707346677,3.714769295427203
1789799550868983300,45.8879833984375,-0.4524018955040723,-5.056297301140427,3.615152152377367
1789799550878954200,45.89795434570313,-0.3501970740485936,-4.556233563816547,3.5882758358895774
1789799550888925400,45.90792553710938,-0.19559797542393206,-2.6744839979141948,3.5352076780468225
1789799550898897200,45.917897216796874,-0.4249106619883328,-0.9962579397380351,4.196401304003596
1789799550908868400,45.927868408203125,-0.9857418064206838,-0.800139739832282,4.109216357025504
1789799550918839300,45.93783935546875,-0.643818055198714,-0.9887719678968191,3.381121278184652
1789799550928810200,45.947810302734375,0.28627251808345316,-0.5721171661436557,2.7176971166968342
1789799550938781200,45.95778125,0.994307390192151,-0.33891631303429604,2.600167300337553
1789799550948752100,45.967752197265625,0.8701157047908753,-0.6217302150964736,3.2900369856804605
1789799550958723300,45.977723388671876,0.3094458884000778,-1.0256073683410882,4.047375694662333
1789799550968694300,45.9876943359375,-0.7026666230738162,-1.2849544700980187,4.261483724766969
1789799550978666200,45.99766625976562,-1.3587977049440145,-1.3132517592996358,4.280588238209486
1789799550988637200,46.00763720703125,-1.194564005076885,-0.8665057706654071,4.798445406377315
1789799550998608400,46.0176083984375,-0.008497194710373877,0.0742132372021675,5.257937479338049
1789799551008579300,46.027579345703124,1.524440687087178,1.1678805808126926,4.424121679875254
1789799551018550300,46.03755029296875,2.055873960664868,1.9018103571563958,2.549438399097323
1789799551028521200,46.047521240234374,0.9566764554560184,2.169459423312545,1.5382570309937
1789799551038492200,46.0574921875,-0.37205110539495945,1.3163590776652097,1.347159289598465
1789799551048463400,46.06746337890625,-0.30685528738498685,0.02769815426468849,2.0127754081726072
1789799551058435300,46.07743530273437,1.0002315195441245,-1.3075403959155083,3.3032050948113203
1789799551068406300,46.08740625,2.524738257604837,-1.8325743238449095,3.2361762161552905
1789799551078377200,46.09737719726562,2.737759661516547,-0.9527005375623703,1.7399883946061134
1789799551088348200,46.10734814453125,1.5233575680255889,0.4559165525615215,0.6091524730741977
1789799551098319400,46.1173193359375,-0.17694529740214346,1.3791507571429014,0.010451835909485816
1789799551108290300,46.12729028320312,-0.4867039050132036,1.3161334522157906,-0.523126633003354
1789799551118261200,46.13726123046875,0.659811231687665,0.8347048572570085,-0.8417115211486816
1789799551128232200,46.147232177734374,1.2727671886980534,0.5011714063048363,-1.0196662878543137
1789799551138203100,46.157203125,0.6400035384118556,0.27795944776833054,-0.5665285523563623
1789799551148175400,46.16717529296875,-0.576090709417127,0.19458499898910522,0.9523357959032058
1789799551158146000,46.17714599609375,-0.9514595975905656,-0.2691086173146963,2.576828510326147
1789799551168117200,46.1871171875,-0.2679407060464844,-0.7288958738297223,3.798405610013008
1789799551178088200,46.19708813476562,0.25680212998185303,-0.7197153730303049,4.571255776381492
1789799551188059400,46.20705932617187,0.14543547589480876,-0.3125274878025055,4.9628515402019024
1789799551198030300,46.2170302734375,-0.25064126926455643,-0.09372340883612632,4.012348804944754
1789799551208001000,46.2270009765625,-1.5155495246231554,-0.22105624180734157,2.4319039065629244
1789799551217972200,46.23697216796875,-1.43202602276206,-0.3371872972846031,1.0333972915649414
1789799551227943200,46.24694311523437,-1.2918576736152172,-0.1149567510008812,1.4458283381432293
1789799551237915400,46.25691528320313,-0.8671633577913045,-0.014559855750203132,2.162909271016717
1789799551247886000,46.26688598632813,0.1556950041025877,-0.20000410142838954,1.8707757519453763
1789799551257857300,46.27685717773438,0.38718203903138637,-0.6793178961902856,1.0391232679963112
1789799551267828200,46.286828125,-0.3111550304055214,-1.4196078552156686,0.34689620587229725
1789799551277799200,46.29679907226563,-0.32096447675824163,-1.8455524633616207,-0.03376899861097336
1789799551287770400,46.30677026367187,0.1919271779567003,-1.9395254630446432,0.0468774865090847
1789799551297741000,46.31674096679688,0.7015203756481408,-1.6833102295726536,0.338308410269022
1789799551307712300,46.32671215820312,1.3231091364473104,-1.786612198615074,0.1496644917666912
1789799551317684200,46.33668432617188,1.0892863520473242,-2.0604969442903993,-0.2737573199033737
1789799551327655400,46.34665551757813,-0.3990764749646187,-1.916314098805189,0.10458733267784118
1789799551337626000,46.35662622070313,-1.3870096539497374,-1.8657845195293425,0.6027016894996166
1789799551347597000,46.36659716796875,-1.395371239581704,-1.6133037964105605,1.6708745263695717
1789799551357568300,46.376568359375,-1.0695768584489822,-1.4182435811251402,3.020111206763983
1789799551367539200,46.38653930664063,-0.7451479204505681,-1.838561873821914,3.454865144309401
1789799551377510400,46.39651049804687,-0.9183511087149381,-2.3793813999041915,2.8972347686797377
1789799551387481000,46.40648120117187,-1.2729507285714148,-2.4624337771221994,1.9939830294191836
1789799551397452300,46.41645239257812,-0.6705483142793178,-1.9475208457127213,1.096646067160368
1789799551407424300,46.42642431640625,-0.002709825214277953,-1.3471379545494913,0.1222626901000738
1789799551417395500,46.4363955078125,0.3992062388241291,-1.021152142497897,-0.5818155533373356
1789799551427366100,46.4463662109375,1.1495721861839294,-1.0537398223698138,-1.3407821557819843
1789799551437337000,46.45633715820313,0.933069954419136,-1.4008511322975157,-2.5526573611438272
1789799551447308300,46.46630834960938,1.6184440819084642,-1.784685906727612,-4.138360618445277
1789799551457279200,46.476279296875,2.514973234915733,-1.6449313990786671,-5.2606444002091886
1789799551467250400,46.48625048828125,2.8386767812490463,-0.2020972743153572,-4.1018467050403356
1789799551477221400,46.49622143554687,2.110796075811237,0.661008332517743,-3.2850492603957653
1789799551487192000,46.50619213867188,1.1603637023765594,0.09923661929965019,-3.9247769044756886
1789799551497164300,46.516164306640626,0.9489608395773916,-0.5272992425128817,-4.733078907975554
1789799551507135200,46.52613525390625,1.7673707609198988,-0.45227468892782924,-4.298286976507306
1789799551517106200,46.536106201171876,1.248711628719419,0.3312202055737376,-2.5032465567648408
1789799551527077000,46.5460771484375,-0.5083691357892006,0.47755496839582917,-1.5216127701848745
1789799551537048300,46.55604833984375,-0.2930266685187816,-0.6477534218862653,-2.7657471541166303
1789799551547019300,46.56601928710938,0.8557822051424533,-1.121028813266754,-2.6104128000199793
1789799551556990500,46.57599047851563,-0.25255663789920507,-1.1762643782764672,-2.455359016430378
1789799551566961400,46.58596142578125,-0.9143873927157372,-0.9173170894920826,-3.3959336473912
1789799551576932400,46.59593237304688,0.1368283910691738,-0.4048232019230723,-4.964489370536804
1789799551586904300,46.605904296875,0.7973836460571736,0.8259519342198968,-5.292596704787016
1789799551596875500,46.61587548828125,0.7547358330070972,1.4192606492131947,-5.832608421617746
1789799551606846200,46.62584619140625,0.5809178007800132,1.3975976834595203,-6.843239754623174
1789799551616817400,46.6358173828125,0.39710787830539046,1.619019251447916,-6.788721982493996
1789799551626788400,46.645788330078126,0.5753274334270507,1.2431535562008618,-6.366133699038625
1789799551636759300,46.65575927734375,0.03805697812847793,1.301520404973626,-4.804543723252415
1789799551646730500,46.66573046875,-1.1044752264160662,1.7968503917738794,-3.485133441323042
1789799551656701400,46.67570141601563,-2.5816134065151215,1.5436995143085717,-3.103331341764331
1789799551666672400,46.68567236328125,-2.729838805389404,0.8460439973950385,-3.693782036978006
1789799551676644400,46.695644287109374,-1.0843488956451415,-0.03984831852465868,-4.671276824057102
1789799551686615600,46.705615478515625,-0.12167405829085036,-0.3600613923937082,-4.700148698276281
1789799551696586500,46.71558642578125,-1.154123273617029,0.027045243313908576,-3.3102392312318085
1789799551706557200,46.72555712890625,-0.7778595189630985,0.1792638034775853,-3.867248260092735
1789799551716528400,46.7355283203125,0.3409598015606403,-0.2156713338986039,-5.593127465325594
1789799551726499300,46.745499267578126,0.21328383597387,-0.06577449468076228,-4.915868839752674
1789799551736470500,46.75547045898438,-1.3129244270414113,0.6062056059673429,-1.641371368509531
1789799551746441500,46.76544140625,-3.138347710087895,0.10781915420591831,0.7025754376590252
1789799551756412200,46.775412109375,-2.093288037779927,-1.5958055491209029,0.38001930779516696
1789799551766384400,46.78538427734375,-0.10973989313542842,-2.424069559675455,1.3435200563132763
1789799551776355300,46.795355224609374,0.1871825772454962,-2.02728090338707,3.7038504265278576
1789799551786326500,46.805326416015625,-0.08424893005881458,-2.4740526109844443,4.129462441718578
1789799551796297200,46.815297119140624,0.06126731945462525,-4.091062276175618,2.5209336046248674
1789799551806268400,46.825268310546875,0.4433445826929062,-5.26547196649611,0.2676180864959955
1789799551816239400,46.8352392578125,1.1364162789475172,-5.0220261982262135,-0.9284118994802236
1789799551826210300,46.845210205078125,0.8760925141781568,-3.408509635847807,0.23135317941606043
1789799551836181500,46.855181396484376,-0.8219226056385784,-1.6037106231570244,3.163305041211843
1789799551846152200,46.865152099609375,-2.021241623222828,-0.6513181286305189,4.700384845119714
1789799551856124400,46.87512451171875,-0.44615043389387427,-0.8892161996454,4.264341452285647
1789799551866095400,46.885095458984374,0.8563625623136758,-0.9607780455559491,4.1231677254885435
1789799551876066600,46.895066650390625,0.30953130166120824,-0.35968905194997786,4.635760689517856
1789799551886037200,46.905037353515624,-0.07566876977272331,0.3181985191762447,4.463889626640081
1789799551896008200,46.91500830078125,-0.36805472923517224,0.9596206922143697,4.1730923246085645
1789799551905979400,46.9249794921875,-0.3201548774084076,1.6631985849142075,3.453815342995524
1789799551915950300,46.934950439453125,-0.0678343498200178,2.120733678588271,2.3318887041062117
1789799551925921500,46.944921630859376,0.10023089103400706,2.1502947041153906,1.709212732592225
1789799551935892200,46.954892333984375,0.056100036351941523,1.7079682854890823,1.816241613203287
1789799551945864400,46.96486450195312,0.04654489355385303,0.9814379717469215,2.2192554276168344
1789799551955835400,46.97483544921875,0.3159510325103998,0.22079788313210008,2.913031472748518
1789799551965806300,46.98480639648437,0.28677460412038486,-0.03350479471683502,3.3399709371507167
1789799551975777300,46.99477734375,-0.05946574992537498,-0.2598778476327658,3.478395072978735
1789799551985748200,47.00474829101562,-0.41876317220926285,-0.8818927248895168,4.35229095389545
1789799551995719400,47.014719482421874,-0.14803837013589216,-2.0199667809814215,6.5329504011362785
1789799552005690400,47.0246904296875,1.2734785518378018,-3.2450726393163203,8.700022052529453
1789799552015661600,47.03466162109375,2.9359827247470616,-3.1862516170352695,8.706757498264313
1789799552025632300,47.04463232421875,2.7667221366286276,-2.1377602167129517,6.32695787294805
1789799552035604500,47.0546044921875,1.4385305823504924,-1.175832416599989,3.9288732338786123
1789799552045575400,47.06457543945312,0.14073065920472144,-0.3401929088413715,2.676020705962181
1789799552055546400,47.07454638671875,-0.33487142155766486,-0.21786767489910125,1.345693308699131
1789799552065517300,47.08451733398437,-0.0019482297246344387,-0.4955927293896675,0.01893967826962471
1789799552075488300,47.09448828125,0.6584387742906809,-0.6328723713576794,-0.9319201998621225
1789799552085459500,47.10445947265625,0.8668705123245716,-0.44309974108636374,-1.6906927410393953
1789799552095430400,47.114430419921874,0.6523024634927511,0.05189326884448528,-2.2060306198626756
1789799552105401300,47.1244013671875,0.6485545091360807,0.8085340586900711,-2.4666040485441685
1789799552115373300,47.13437329101563,0.8290536996275186,1.349531279426813,-2.4922195513159036
1789799552125344300,47.14434423828125,0.9573276128411292,1.6883967390567063,-2.017635707685351
1789799552135315500,47.1543154296875,0.10951949185039847,1.745145631238818,-0.8565379188805818
1789799552145286400,47.16428637695312,-0.9959797073185443,1.5967255865752696,1.4153876071721314
1789799552155257300,47.17425732421875,-1.2818904063522816,1.0796335575610398,4.1687487424463034
1789799552165228300,47.18422827148437,-0.241315222514607,0.3004366525143385,6.40631373373568
1789799552175199200,47.19419921875,0.18544307663440704,-0.6244295371830463,7.468377732336521
1789799552185170400,47.20417041015625,-0.228095602392219,-0.9858131180912255,6.999152200868726
1789799552195141400,47.21414135742187,-1.936736124587059,-0.9347031085789204,4.32569462339282
1789799552205113300,47.22411328125,-2.35244400087893,0.30559330462515355,2.4728999338179825
1789799552215084300,47.23408422851563,-0.3553296876966953,2.0982693333238362,2.2864514795333144
1789799552225055500,47.24405541992188,1.9869336954295633,2.8755665422290564,1.4378613047868012
1789799552235026400,47.2540263671875,2.5164216801583765,2.5716993307441474,0.5261000958561897
1789799552244997400,47.26399731445313,1.5921195540845394,1.3973533533096312,0.11723755541443824
1789799552254968300,47.27396826171875,-0.0008732757031917572,-0.6583990268021822,0.6901496713280677
1789799552264939300,47.28393920898438,-0.4683575529942289,-2.980762946715951,0.8090081059426069
1789799552274910500,47.29391040039062,0.5347978181073442,-4.160079698300361,-0.044594928529858587
1789799552284881400,47.30388134765625,1.2844880216300487,-3.590817337065935,-1.0783832652390002
1789799552294853400,47.313853271484376,0.6837608470737934,-2.359981995168328,-2.1493618071794507
1789799552304824300,47.32382421875,-0.3501168849518522,-1.8656132546156643,-2.3627801014542578
1789799552314795300,47.333795166015626,0.3593079071452841,-2.167716963559389,-1.1882710424125194
1789799552324766500,47.34376635742188,1.8566028496861458,-2.650843302346766,0.8480342944294214
1789799552334737400,47.3537373046875,2.376457913672924,-3.0874896295100447,3.283727071881294
1789799552344708400,47.36370825195313,1.3508464536786078,-3.882384454426169,5.336050062066317
1789799552354679300,47.37367919921875,-0.15088493693973867,-4.613774483159184,6.160265089491009
1789799552364650200,47.38365014648438,0.13781506401896476,-4.692236609977483,5.220083841761946
1789799552374621400,47.39362133789062,1.6616823351323604,-3.9316149338021873,2.944643585586548
1789799552384592400,47.40359228515625,1.62124978697896,-2.8546970649406314,0.7109218257218599
1789799552394564400,47.413564453125,0.5631809954941273,-2.2213146982342002,-1.1767436862260103
1789799552404535300,47.42353540039063,0.8489630266468972,-1.7664155060216784,-4.763801378497481
1789799552414506500,47.43350659179688,1.0487198022507132,-0.9583075637891888,-7.677257214137911
1789799552424477400,47.4434775390625,1.3938368696212768,-0.6574366115108132,-8.51541250410974
1789799552434448400,47.45344848632813,2.7985692272663116,-0.22072861728817222,-8.518812083420157
1789799552444419300,47.46341943359375,2.719973244935274,1.187634205813706,-7.412366506779193
1789799552454390300,47.47339038085938,2.086308408025652,2.013281019607186,-7.93528212738037
1789799552464361500,47.48336157226562,2.1802771699249743,1.4601368494808673,-9.926801981556414
1789799552474332400,47.49333251953125,2.584125681596994,0.8798197180077433,-10.633493622362613
1789799552484304400,47.503304443359376,2.271373737388849,1.333014736650884,-9.269877118960022
1789799552494275300,47.513275390625,-0.049654988398402926,2.4025071316868067,-5.5472670469045635
1789799552504246500,47.52324658203125,-0.6331375981651246,1.568167892871797,-4.786092705282568
1789799552514217500,47.53321752929688,0.30506898849010466,-0.24114655141681432,-5.7848652581900355
1789799552524188200,47.543188232421876,0.8429005117375403,-1.175744446055591,-4.718478135693073
1789799552534159400,47.55315942382813,-0.4830990854542702,-0.8357754090979694,-1.5157862559884785
1789799552544130300,47.56313037109375,-3.102797673279047,0.10312339760512113,0.37515608567297454
1789799552554101200,47.57310131835938,-2.8394425049245355,-0.3515633209004998,-1.082102578023076
1789799552564072200,47.583072265625,-0.7957821291446685,-1.1346686315625905,-2.9717046109914778
1789799552574044200,47.593044189453124,-0.8961994826614856,-0.5569081988349557,-2.0732927129775285
1789799552584015000,47.60301513671875,-1.5487211418628692,0.6809300075620413,-0.8657640123873949
1789799552593986300,47.612986328125,-1.1731798562645912,0.8941451804801821,-1.6517840414524076
1789799552603957200,47.622957275390625,-0.9894190336287021,0.8830918715462088,-3.173853323233127
1789799552613928200,47.63292822265625,-1.414638834631443,1.28135206169188,-4.085184324052929
1789799552623899100,47.642899169921876,-1.7038590966045855,1.484557589510083,-5.373053804814815
1789799552633870000,47.6528701171875,-0.8501344815790652,1.4616972306653857,-5.976382686302066
1789799552643841300,47.66284130859375,0.008344059108430519,1.5227768455281854,-4.531794119086861
1789799552653812200,47.67281225585938,0.007057535562384873,1.1193614645764232,-1.8068816641837357
1789799552663784200,47.6827841796875,-0.21824173237588254,0.14625176071375606,-0.25306232239902016
1789799552673755100,47.692755126953124,-0.47634387557301666,-0.8150602455884218,0.10485855083465576
1789799552683726300,47.702726318359375,-0.9951496862351894,-2.1641016956716776,0.09634089785814284
1789799552693697300,47.712697265625,-1.499787307345867,-3.6560990797936914,0.22794190966784952
1789799552703668500,47.72266845703125,-1.8114415194451807,-4.7864819968611,0.3117161714196205
1789799552713639200,47.73263916015625,-0.9045465283114462,-4.677188678449392,0.1724690287709236
1789799552723610000,47.742610107421875,0.9213742559283972,-2.87231426243484,0.7125783607572317
1789799552733581300,47.752581298828126,0.8071101633667945,-0.7345189744085073,2.4862737946540117
1789799552743552300,47.76255224609375,-1.1475562432516366,-0.27842940336763855,3.6237984001696106
1789799552753524200,47.77252416992187,-1.8529501723974942,-1.2888333573579787,3.1008360178172585
1789799552763495200,47.7824951171875,-0.442622259767726,-2.134997181740403,1.9577970327943561
1789799552773466400,47.79246630859375,1.2540396918743848,-1.9543793333053587,1.8023983812898396
1789799552783437300,47.802437255859374,1.674946890375018,-1.7870973517835138,2.5673195082247258
1789799552793408300,47.812408203125,1.1333487811356782,-2.4573048898011445,3.5401363666206596
1789799552803379200,47.822379150390624,-0.024193872470781207,-3.219589238491654,3.7378836290329693
1789799552813350100,47.83235009765625,-0.032251579785346984,-2.127363910382986,3.13311682369709
1789799552823321300,47.8423212890625,-0.0112591337043792,0.42358956945240495,2.2738386661976575
1789799552833292300,47.852292236328125,-0.8054636382687836,2.8942665665239096,1.4887573792874813
1789799552843264300,47.86226416015625,-1.7218933504670857,3.934479967844486,0.7878665337145329
1789799552853235200,47.87223510742187,-2.3364918139874935,3.638885494664311,0.8707388781905174
1789799552863206100,47.8822060546875,-2.2975036194235083,2.5200328563928602,2.495170802336931
1789799552873177300,47.89217724609375,-2.742579044497013,-0.25755437312126156,5.839560724973678
1789799552883148300,47.90214819335937,1.5643489191055298,-5.038565245094895,9.155215551513432
1789799552893119200,47.912119140625,5.762651088294387,-6.629922582635283,10.786051497483253
1789799552903090200,47.92209008789062,5.133136795192956,-2.974593318170309,7.642529015105962
1789799552913061000,47.93206103515625,2.691977569028735,-0.16416355724036694,3.6634336604654787
1789799552923032300,47.9420322265625,-0.32681554087400433,0.7291384504139423,1.917341688287258
1789799552933004000,47.95200415039063,-2.040012374666333,1.027383145841956,2.268923421627283
1789799552942975200,47.96197534179687,-1.1821925992816686,0.7735767270773649,3.075941230535507
1789799552952946200,47.9719462890625,-0.24064064772129057,0.7262602646291255,2.63135563480556
1789799552962917400,47.98191748046875,0.3949444897264242,1.379378720679879,1.1385387509942053
1789799552972888300,47.991888427734374,0.7903565969645977,1.5961293742477893,-0.10064064087867736
1789799552982859000,48.00185888671875,-0.5511608873546123,1.1824918744891881,0.5390899258106947
1789799552992830200,48.011830322265624,-1.0625456446379422,-0.3010252660572529,1.7373299890518188
1789799553002801200,48.02180126953125,0.6905144129872322,-1.9429110138297079,1.8438620260566472
1789799553012772400,48.0317724609375,2.1535218494683503,-2.1516279985457656,1.0628379055827855
1789799553022744000,48.041744140625,2.308518934434652,-0.5918272442638873,0.9989777200907468
1789799553032715300,48.05171533203125,1.7278502130448816,1.3005991984754801,0.705934684959054
1789799553042686200,48.06168627929687,1.0416828893512486,2.266098427334428,-0.02885843021571636
1789799553052657200,48.0716572265625,-0.9101198714643717,1.808184563475847,0.0052495910912752144
1789799553062628400,48.08162841796875,-2.1486165417701004,0.9481360061258077,1.4384744682490824
1789799553072599300,48.09159936523437,-0.8714853126436471,0.14630582898855207,2.199190544709563
1789799553082570200,48.1015703125,0.9344541022539138,-0.2847112601161003,2.0598247441172597
1789799553092541200,48.11154125976562,1.6455045227915048,-0.4582575627297163,1.8906372212350366
1789799553102512000,48.12151220703125,0.5058733003854752,-0.9893284327358007,2.1761960380911827
1789799553112484000,48.13148413085938,-0.8956272357314825,-1.897205493709445,3.4757372519463297
1789799553122455300,48.14145532226563,-0.5646709417909384,-2.348869065001607,4.521032486575842
1789799553132426200,48.15142626953125,0.6637719520121812,-1.8950024307072162,4.615401792100072
1789799553142397200,48.16139721679688,0.6366261709332466,-1.2244634687781333,3.998052568566799
1789799553152368400,48.17136840820312,-0.6527694964826106,-1.0518255131810903,2.2246078945606946
1789799553162339300,48.18133935546875,-1.8758873958706854,-0.7447773335725069,0.9277262553036212
1789799553172310300,48.19131030273437,-1.2825696207880972,-0.32895898264348505,0.425928241533041
1789799553182281200,48.20128125,0.1379109347420279,-0.6369733769357204,-0.029938042145967483
1789799553192252200,48.21125219726562,0.7303764677762985,-1.2127584179371595,0.0656038142889738
1789799553202224000,48.22122412109375,0.7712614358723163,-1.8736977768719196,-0.38781858336925507
1789799553212195000,48.231195068359376,0.5630161603212356,-1.999754598557949,-0.7954857765465975
1789799553222166300,48.24116625976563,0.8298656005322933,-1.7185376102983951,-0.8774147026926279
1789799553232137200,48.25113720703125,1.031463693153858,-1.2038462126851082,-0.7382184134483337
1789799553242108400,48.2611083984375,0.8155074048340321,-0.8030079887449741,-0.8905103311091661
1789799553252079400,48.27107934570312,0.34540333696603776,-0.696048081716895,-1.2156377727657557
1789799553262050000,48.28105004882813,0.09528057515025139,-0.802750799113512,-1.2033511226445435
1789799553272021200,48.29102124023437,-0.029742775302194057,-1.0723667814284563,-0.47466275408565994
1789799553281992200,48.3009921875,0.3567910289535299,-1.4310799740836024,1.0152075548797845
1789799553291963400,48.31096337890625,1.0083844308614731,-2.0204162783145905,2.2600807744801044
1789799553301935000,48.32093505859375,1.3801941287159918,-2.8515687037870285,2.661031226623058
1789799553311906300,48.33090625,1.3248714699447155,-3.4234090988159176,1.992466195115447
1789799553321877200,48.34087719726563,1.0557400562763213,-2.996686492034793,0.9422820194005965
1789799553331848200,48.35084814453125,1.2043499974887817,-2.125840646338463,0.8088537921637297
1789799553341819400,48.3608193359375,1.9905401954889297,-2.1402935345828533,0.4897323129236698
1789799553351790000,48.3707900390625,2.8596739765703676,-2.4509689647778865,-0.5883154367506503
1789799553361761300,48.38076123046875,2.9691759692966935,-2.0181071245893833,-2.504035661315918
1789799553371732200,48.39073217773438,1.7576676975511014,-0.5108668708890676,-3.7268314891427754
1789799553381703200,48.400703125,1.2239596109092234,0.9984098570749163,-4.043026267281174
1789799553391675100,48.410675048828125,2.0296971707485616,0.5942360589712857,-4.9074295127093785
1789799553401646000,48.42064599609375,2.3125287545979023,-0.06228723708689213,-5.9396016463935375
1789799553411617300,48.4306171875,1.1735776234105229,0.3616571371525526,-7.081461066243052
1789799553421588200,48.440588134765626,0.8061131151534616,1.7247697826862334,-7.735029604148864
1789799553431559400,48.45055932617188,1.9141991524778306,2.0004151082932946,-8.250998182091116
1789799553441530000,48.460530029296876,2.4102632987715302,0.7742699700385332,-9.263957081261276
1789799553451501000,48.4705009765625,1.6913269472897052,-0.11379793635457754,-9.210838654536008
1789799553461472300,48.48047216796875,0.3772970432244241,1.155968316961825,-5.764262030622363
1789799553471443200,48.49044311523438,0.2734744113087654,1.9910119046539068,-4.991994632577896
1789799553481415200,48.500415283203125,0.2139714711781591,1.820182167522609,-6.461684907823801
1789799553491386000,48.51038623046875,0.5119243440527469,1.463007436481118,-7.816446489119529
1789799553501357300,48.520357421875,0.48898865494951604,0.9953609908983111,-7.452143805894255
1789799553511328300,48.530328369140626,-0.18355039475560186,1.0293146984264254,-4.56564670432806
1789799553521299200,48.54029931640625,-0.9380104064960032,1.1544409612640738,-1.6281453917115927
1789799553531270100,48.55027026367188,-0.6967430782437324,0.34399142434149976,-1.8588059126883745
1789799553541241000,48.560240966796876,-0.47073301342129703,-0.3715577689200639,-2.999641834709048
1789799553551212000,48.5702119140625,-0.7977835320949554,-0.3949146791100502,-2.725933030122518
1789799553561183200,48.58018334960938,-1.5141688839197158,-0.5704486484095453,-1.4691916780740022
1789799553571155000,48.590155029296874,-2.32174549575448,-0.8978054565533995,0.45386078907549376
1789799553581126100,48.600126220703125,-2.0634628083586692,-1.3697513528957963,1.1684516586989164
1789799553591097000,48.61009716796875,-1.1765490404367447,-1.6001020772710441,0.21801731250286102
1789799553601068300,48.620068359375,-0.47301264879107474,-1.32060124527961,-0.7019125898361206
1789799553611039200,48.630039306640626,-0.032539166838361416,-0.6926210298776626,-1.0256500384390355
1789799553621010200,48.64001025390625,0.08479951314628124,-0.25677578996419903,-0.6197217978835106
1789799553630981000,48.649981201171876,-0.5764724387437105,-0.441620316183567,0.4319429717779159
1789799553640952000,48.6599521484375,-1.0295569827497004,-1.2527198414474725,0.9225970757216214
1789799553650923300,48.66992333984375,-0.36313656205534933,-2.001810362043977,0.4835141690611839
1789799553660895200,48.679895263671874,0.8195049500375986,-2.3512591750085354,0.40871874805688857
1789799553670866200,48.6898662109375,1.2313444604635237,-2.651469617551565,1.408161747571826
1789799553680837000,48.699837158203124,0.3664543083012104,-3.1370074013948437,3.133473382049799
1789799553690808000,48.70980810546875,-0.23584291031705215,-3.8527082780867814,3.8477942025601863
1789799553700779300,48.719779296875,0.16969196527302263,-3.552894141384959,2.794819519343972
1789799553710750200,48.729750244140625,0.48643970111906526,-1.5331237597584724,0.648505409297347
1789799553720721200,48.73972119140625,0.4726555059164762,0.669153060528636,-0.9425076448500156
1789799553730692000,48.749692138671875,0.3171457952529192,2.0287638354212043,-0.627110154569149
1789799553740663000,48.7596630859375,-0.27394084151042625,2.5737019027382133,1.226243337932229
1789799553750634200,48.76963427734375,-0.7762579289853573,1.7817741109341383,3.604716683080792
1789799553760606000,48.77960595703125,-0.2566840382938273,0.3315221111297607,5.051156431120634
1789799553770577200,48.7895771484375,0.2961211091364734,-0.3850274913460016,4.87629963043034
1789799553780548000,48.79954809570312,0.757712802991271,-0.606977467122674,4.389465377035736
1789799553790519300,48.809519287109374,1.0441109932810066,-1.5171569598197936,5.020181447142362
1789799553800490200,48.819490234375,0.7198486440211534,-3.1448797422051427,5.726684871900082
1789799553810461000,48.8294609375,0.7134171496689319,-4.024215768349171,5.215404159513116
1789799553820432100,48.83943212890625,0.5903986727654934,-2.400174889346957,4.31948466283679
1789799553830403000,48.849403076171875,-0.09792143591470084,-0.2486778237044811,3.667474460288882
1789799553840374300,48.859374267578126,-0.7057745259612799,0.5329226353526115,3.6364030301988124
1789799553850346000,48.86934594726562,-0.6154343298226594,0.5955255142599344,3.2544156372010704
1789799553860317200,48.87931713867187,0.37234979608058927,0.6590799948036671,3.180806795632839
1789799553870288100,48.8892880859375,1.2146961080014704,0.13825403995811938,3.4069641599714755
1789799553880259300,48.89925927734375,1.2283832725703716,-0.16186112551689147,3.6813527635157106
1789799553890230300,48.909230224609374,0.9717208798527717,-0.0696124654084444,3.648579790204763
1789799553900201000,48.91920092773437,1.2948282138586042,0.06306055954694748,2.6753298010885715
1789799553910172200,48.929172119140624,1.124831712681055,0.4215396511852741,1.80196875770092
1789799553920143000,48.93914306640625,0.5392635288119316,0.7173918985188007,1.2500824786812066
1789799553930114300,48.9491142578125,0.5098854586362839,1.1656173120558262,0.7090764901161194
1789799553940086000,48.9590859375,1.014210945057869,1.4172306046903131,-0.16185235768854617
1789799553950057200,48.96905712890625,1.8118600371181963,1.6167489684283733,-0.7233703884065151
1789799553960028200,48.97902807617187,1.805540186446905,1.644694375452399,-0.919063640898466
1789799553969999000,48.9889990234375,1.0155956774145365,1.4025707956969737,-0.5499632020026445
1789799553979970300,48.99897021484375,0.698489629650116,0.7191922259390354,0.00012976385951042174
1789799553989941200,49.00894116210937,0.519006922724843,-0.41038405092060565,0.875327375024557
1789799553999912200,49.018912109375,0.3130231623649597,-1.6822364628612994,1.9864041185975074
1789799554009883100,49.02888305664062,0.40031449232697486,-2.2648025423049924,3.2796441864818333
1789799554019854000,49.03885400390625,1.0938415311336516,-1.9872586896002291,3.908824717584252
1789799554029825300,49.0488251953125,0.701561292180419,-1.6023182920157908,3.4350901842594146
1789799554039797000,49.058796875,-0.6534381895244121,-1.7329010666936635,2.0883558420747517
1789799554049768200,49.06876831054687,-2.255610935589671,-1.81336401194036,1.9408236861616373
1789799554059739100,49.0787392578125,-2.0993103668093682,-1.6826164020895957,2.672766088080406
1789799554069710300,49.08871044921875,-0.9049234718650578,-1.287361531239748,3.547847379389405
1789799554079681300,49.09868139648437,-0.3927309053301811,-0.7030015541166067,3.2445757957100865
1789799554089652000,49.10865185546875,-1.097246371141076,-0.5771925697118043,0.61209495626688
1789799554099623200,49.118623046875,-1.2487123593717813,0.07586275797486305,-1.1022124691158532
1789799554109594000,49.12859399414062,-0.5581915166437625,0.5179617975860834,-1.4308487956762312
1789799554119565300,49.1385654296875,0.22282442052364348,0.22225918785631654,-1.5894482890486716
1789799554129537000,49.148537109375,0.9147580526590346,-0.4800947160065174,-1.3826210636019707
1789799554139508200,49.15850830078125,1.0940016901314258,-1.4445669399052858,-1.5786761351436376
1789799554149479200,49.16847924804687,1.2572960633218289,-1.671851262447238,-1.8312275854110718
1789799554159450000,49.1784501953125,1.140529632550478,-1.2216197697848081,-1.7771984735816717
1789799554169421300,49.18842138671875,0.7597299880325794,-1.0795990707695484,-2.1228741977483034
1789799554179392000,49.19839208984375,0.12911854734420775,-1.3515338514208792,-2.3999796590358016
1789799554189363200,49.20836328125,-0.5460048197656869,-1.5733479258581995,-1.7510305976241827
1789799554199334100,49.21833422851562,-0.5062748669236898,-1.551505804145336,0.5875561428159475
1789799554209305000,49.22830517578125,-0.29507541774213314,-1.7030498260483145,3.674226272636652
1789799554219277000,49.23827709960938,-0.3078542352944612,-2.4495821865946055,5.685253960359097
1789799554229248000,49.248248046875,-0.6437129143238067,-3.754096512687206,5.638814280745387
1789799554239219200,49.25821923828125,-0.33641455934643744,-4.750999180069566,3.972120839452743
1789799554249190100,49.26819018554688,-0.2751110725998878,-3.7025676932409404,3.288680894896388
1789799554259161300,49.27816137695312,0.36078210788369175,-1.8114508717954159,3.773095812189579
1789799554269132000,49.28813208007813,1.2801099526762962,-2.2520710710257292,2.1903449749529362
1789799554279103000,49.29810302734375,1.799499737238884,-3.79215414840281,-1.9364070387631653
1789799554289074200,49.30807421875,1.4082114319324492,-3.2360566814288494,-4.006497156307101
1789799554299045000,49.31804516601562,2.0369711072742938,-1.8743913120940328,-5.248225063619017
1789799554309017000,49.32801708984375,3.2710160588681694,-1.0108794625476003,-7.008937097302079
1789799554318988000,49.337988037109376,3.198866183936596,0.09198036456108093,-7.852281188088655
1789799554328959200,49.34795922851563,2.997795330059528,1.6329983847007155,-7.53329999410212
1789799554338930200,49.35793017578125,2.6948937487363813,3.0368253179386255,-6.828979174080491
1789799554348901400,49.3679013671875,1.8670295511543749,3.0000477851614353,-7.352402744203806
1789799554358872000,49.3778720703125,1.3602267148338258,2.4822435162246226,-7.394738495630025
1789799554368843000,49.38784301757813,0.6854395939409732,1.4314683888792992,-7.854936671033501
1789799554378814200,49.39781420898437,0.9887504867173731,-0.8478849490866065,-9.642404609695076
1789799554388785200,49.40778515625,0.7093348487913608,-0.9957382997781038,-8.132548912799358
1789799554398756400,49.41775634765625,0.5259890366971492,1.1936737782388924,-4.952926358515024
1789799554408728000,49.42772802734375,0.5742283861439674,2.2111767505794764,-4.938343706411123
1789799554418699300,49.43769921875,-0.8874889374613761,1.8768144475877284,-5.772728830194473
1789799554428670200,49.44767016601563,-1.340775141519308,1.440389069698751,-6.411048361042141
1789799554438641200,49.45764111328125,-0.173645086812973,0.9755591428413987,-6.605534575831889
1789799554448612000,49.46761206054688,-0.0795382316172123,1.3889604957565664,-4.303365302684903
1789799554458583000,49.4775830078125,-0.9561433714926242,2.1402800905793904,-1.8292396264642476
1789799554468554200,49.48755419921875,-1.3703724074035881,1.750216650892794,-1.9240414781868456
1789799554478525200,49.49752514648438,-1.7278133881658315,0.8668553147554398,-1.4726456179201601
1789799554488496000,49.50749609375,-1.766455545771122,-0.24064912328869104,0.10475859759151936
1789799554498468000,49.517468017578125,-2.2259785983920097,-1.4720494055926798,1.8213164322495459
1789799554508439000,49.52743896484375,-2.747261649355292,-2.342116960392892,2.0836697300851346
1789799554518410200,49.53741015625,-2.6452181559413668,-3.138207717095315,1.4021587077647446
1789799554528381200,49.547381103515626,-1.7888661150217056,-3.9059038617014883,0.7574468455314636
1789799554538352000,49.55735205078125,-0.9690513683825731,-3.873403275591135,0.9293535642445087
1789799554548323000,49.567322998046876,-0.6774007374573499,-3.188503779876232,1.6893068396389483
1789799554558294500,49.57729443359375,-1.594921752023697,-2.493454938329756,2.366981644797325
1789799554568265700,49.587265625,-1.685675351268798,-1.7491215491324663,1.2814058377057314
1789799554578236700,49.59723657226562,-0.8609756821323186,-1.065580482289195,-0.7492465879410505
1789799554588207600,49.60720751953125,0.050132761977985496,-0.6104191320091485,-1.6527753905773162
1789799554598179600,49.6171796875,-0.06554419305622577,-0.37715222792625425,-1.1279676726192236
1789799554608150800,49.62715087890625,-1.0953928522288798,-0.45932489970028395,-0.015063713619112967
1789799554618121700,49.63712182617188,-0.9635334817439317,-1.0180717121392489,0.025782091510295868
1789799554628092400,49.64709252929688,0.08499766606688498,-1.090150275400281,-0.3733019822388887
1789799554638063600,49.65706372070313,0.3970645506203174,-0.8699065190196037,-0.432972314825654
1789799554648034600,49.66703466796875,0.281992648807168,-0.49306701030433175,-0.42235272113382816
1789799554658005800,49.677005859375,0.11368008212856948,-0.14800971029698848,-0.6324047538459301
1789799554667976700,49.68697680664062,-0.027506431084871292,0.1948041946977377,-0.42092882581055163
1789799554677947600,49.69694775390625,-0.11713526408374308,0.59806993804574,0.5990601181268692
1789799554687919600,49.706919677734376,-0.2960053920686245,0.6229372527986764,1.9386802443921565
1789799554697890600,49.716890625,-0.5135177507240325,0.2093120279997587,3.1633944730609653
1789799554707861800,49.72686181640625,-0.5629197142094373,-0.37890813168287274,4.059193558228015
1789799554717832400,49.73683251953125,-1.2440963900089264,-0.7738315786212683,4.725711594077945
1789799554727803600,49.7468037109375,-1.1123820540178566,-1.0693149926424026,5.818510922682285
1789799554737774600,49.75677465820313,0.09512326569668948,-1.383175774875283,6.090518768569827
1789799554747745500,49.76674560546875,-0.21665303841233252,-1.7943629588723182,5.35297723146975
1789799554757716700,49.776716796875,-0.9898252763420343,-1.8569816198706626,4.809340309879183
1789799554767687700,49.78668774414062,-1.0241712711233646,-1.7632915287822484,4.749960484671592
1789799554777659600,49.79665966796875,0.3369516618978232,-1.7279045735806227,4.376280316770076
1789799554787630600,49.806630615234376,2.17289991915524,-1.7044278364032506,4.006702323490381
1789799554797601800,49.81660180664063,1.9501672685682772,-0.6866238352894782,4.119977989536523
1789799554807572500,49.826572509765626,0.6295318287581205,0.5221428826630116,3.5894957330733535
1789799554817543400,49.83654345703125,-0.13231237494945525,1.2366606870502233,3.646072191298008
1789799554827514600,49.8465146484375,0.36662502522561696,1.4211767119675873,3.2182647118896246
1789799554837485600,49.85648559570313,0.6855237650930881,1.049198087286949,2.252811660259962
1789799554847456800,49.86645678710938,0.024803601866960526,0.9956132120937108,2.180232746261358
1789799554857427700,49.876427734375,0.13819734133481978,0.8303840714484453,1.792054097408056
1789799554867398400,49.8863984375,0.5871212585300207,0.09981178883910179,1.0033949520111083
1789799554877370600,49.89637060546875,0.5846072298824787,-0.45342999644279475,0.6440583667606115
1789799554887341600,49.906341552734375,0.1829126448413357,-0.7337076580256223,0.6864724441200495
1789799554897312800,49.916312744140626,-0.07283614016268401,-0.6422936951756477,0.9055366353273391
1789799554907283500,49.926283447265625,-0.016626067565008996,-0.3649403966069221,1.3623024981945753
1789799554917254700,49.936254638671876,0.11016129688527435,0.2120534356623888,1.5039678079009056
1789799554927225600,49.9462255859375,0.44668753644526005,0.7398392926484346,1.1248568471223115
1789799554937196800,49.95619677734375,-0.3694072398226708,0.9095341805309056,0.8169412370294332
1789799554947167700,49.96616772460938,-1.4125339713066816,0.9553507598102092,1.2424766798526048
1789799554957138400,49.97613842773438,-0.5702513722717761,0.9235311417013407,1.5336901614695786
1789799554967110700,49.986110595703124,1.1741337959885596,0.42293607397973537,1.6996885329216718
1789799554977081600,49.99608154296875,1.4731155735194683,-0.6376520068496465,2.061518104031682
1789799554987052800,50.006052734375,-0.08071549523565917,-2.1167957546174523,3.2738246865481138
1789799554997023500,50.0160234375,-0.84211783692725,-3.5080104590415955,4.408431943312287
1789799555006994700,50.02599462890625,0.049824645876884455,-4.1106233012139795,4.106847289806604
1789799555016965600,50.035965576171876,-0.3563444176971912,-3.557254674682021,2.808955012202263
1789799555026936600,50.0459365234375,-2.180288860362768,-2.023990045148134,1.1538579006791114
1789799555036907800,50.05590771484375,-2.612507141950726,-0.6192232007116079,-0.15818623639643192
1789799555046878500,50.06587841796875,-1.7526444625616073,0.15293313817381857,-0.4588689726263284
1789799555056850700,50.0758505859375,-0.21805475843641905,0.15293372269570826,0.09521335513293742
1789799555066821600,50.085821533203124,0.7481073547780513,-0.3810159176170826,1.1614800661206244
1789799555076792800,50.095792724609375,1.0044389081060885,-1.0341419724524021,1.7373527854055166
1789799555086763500,50.105763427734374,1.3917472038656473,-1.5844629018515348,0.6721148329436779
1789799555096734500,50.115734375,1.176201249912381,-1.661595241370797,-0.6350087988644838
1789799555106705700,50.12570556640625,0.16342473983811215,-1.3382079213798046,-0.9271002323597669
1789799555116676600,50.135676513671875,-0.6695236474066972,-0.8362380581736564,-0.44947570585906504
1789799555126647800,50.145647705078126,-0.8534779467880725,-0.15920798065960406,0.7332078918099403
1789799555136618500,50.155618408203125,-0.608543985787034,-0.026211130577325818,1.4037959535777569
1789799555146589400,50.16558935546875,-0.40855683549344535,-1.2469611317902802,-0.01879062518775463
1789799555156561700,50.175561767578124,-0.35273791763782497,-2.351521917597949,-1.3320838855415582
1789799555166532600,50.18553271484375,-0.16362755066752432,-2.1255279271274805,-1.6141729804605245
1789799555176503600,50.195503662109374,0.6241571499824523,-1.0493395415842532,-0.8414648529112339
1789799555186474500,50.205474609375,1.185735386455059,-0.09976970326304435,0.8126870867162942
1789799555196445700,50.21544580078125,1.3980653009712696,-0.5479971626266836,1.8054782271265983
1789799555206416600,50.225416748046875,1.7378911300659179,-2.213897992236912,0.5275035329133272
1789799555216387600,50.2353876953125,2.2275907097637653,-3.3681565826714035,-1.2861270210087299
1789799555226358500,50.245358642578125,2.1799171044409276,-2.623938052025437,-2.2058248681575057
1789799555236329500,50.25532958984375,1.5491209548354148,-0.7543070862010121,-2.1587141574144364
1789799555246300700,50.26530078125,0.7086265543915331,-0.021457214048504827,-2.7076889329016205
1789799555256272600,50.27527270507812,0.4576117391068488,-0.5922244268879294,-3.7172026600539683
1789799555266243600,50.28524365234375,1.4599112240314482,-1.1167521588608622,-4.550675929689407
1789799555276214500,50.29521459960937,1.133121329055354,-1.044615727932751,-5.613448368820547
1789799555286185500,50.305185546875,1.0243196666181087,-0.5748012906610965,-5.858208726820349
1789799555296156700,50.31515673828125,2.0221207441449165,0.19313509244173763,-4.355052235302328
1789799555306127600,50.325127685546875,1.694217992556095,0.24564473961889743,-2.9439444974064823
1789799555316098800,50.335098876953126,0.23704444986023007,-0.23343933804035186,-2.4580150838971138
1789799555326069500,50.345069580078125,-0.1317827981173992,-0.052663376434147355,-3.6094273449897765
1789799555336040400,50.35504052734375,-0.19381233411617577,0.22990678000003098,-6.262579801061749
1789799555346012700,50.3650126953125,0.15712408705763517,0.7734665447011589,-7.964169783690571
1789799555355983600,50.37498364257812,0.29771336503028867,1.4626839036151766,-8.141044938465953
1789799555365954600,50.38495458984375,-0.3129121762711555,1.963299429602921,-7.6477283373147245
1789799555375925500,50.39492553710937,-1.0000082321822643,2.3494664463728663,-6.358515625250339
1789799555385896700,50.404896728515624,-1.423887139970064,2.1135732854396103,-5.652260622295737
1789799555395867600,50.41486767578125,-0.2686918532073498,1.167167464107275,-6.421057129359245
1789799555405838800,50.4248388671875,0.7063105325341225,0.5304229274913669,-7.35731798877418
1789799555415809500,50.4348095703125,0.32451369367241856,0.48086394681334493,-7.1318854315787545
1789799555425780500,50.444780517578124,0.11845452998876571,0.7408201203793287,-6.472831155738234
1789799555435751700,50.454751708984375,-1.0380337191939353,1.2726941234618425,-3.724101771917939
1789799555445723600,50.4647236328125,-2.0249252801716326,0.7992261321187019,-1.9225895258128642
1789799555455694600,50.47469458007812,-2.3929443535715342,-0.5014490542024373,-2.5289953305274246
1789799555465665500,50.48466552734375,-2.0859324143201112,-1.3442232361465691,-2.8838141460925337
1789799555475636700,50.49463671875,-2.491727968406677,-1.6161773060202598,-0.6901853271633386
1789799555485607700,50.50460766601562,-2.244793773499131,-1.6037755050867795,1.4187912781357765
1789799555495578600,50.51457861328125,-1.7458949883013963,-1.3877420598775148,2.666384278088808
1789799555505549600,50.52454956054687,-1.561974006667733,-1.7089999666243791,2.7390806809872386
1789799555515520500,50.5345205078125,-1.218371654709056,-2.3747575394958256,2.341721531334519
1789799555525491700,50.54449169921875,-0.8014795370686799,-2.197944928562641,3.189859870660305
1789799555535463700,50.55446362304688,-0.53089259082973,-1.7808160795569419,3.9336119528383016
1789799555545434600,50.5644345703125,-0.5919833116084336,-2.1664976508975027,3.2516514331847426
1789799555555405800,50.57440576171875,-0.47637021559067066,-3.134213386762142,1.9436516030639408
1789799555565376800,50.58437670898437,-0.44117841763496396,-3.7185505675315853,1.0332359635233879
1789799555575347700,50.59434765625,-0.4428928934026509,-3.216436327418685,0.7699830864995717
1789799555585319000,50.60431884765625,-0.1883072338938713,-1.9461527722299097,0.5089776961416006
1789799555595289600,50.61428955078125,0.45577276017665863,-0.7155623450040817,0.34219080466032026
1789799555605260800,50.6242607421875,0.6971301047999411,0.07623802102804184,0.8120482042908668
1789799555615231700,50.634231689453124,0.4275122958540916,0.10272855306863785,1.9833307025015352
1789799555625202700,50.64420263671875,0.3675210607498884,-0.30569793404340745,2.9474826084047554
1789799555635174700,50.65417456054688,-0.15619886197149752,-0.3562789512455463,3.654316872552037
1789799555645145600,50.6641455078125,-0.5951864915639161,-0.08157002970576285,4.354438487318158
1789799555655116800,50.67411669921875,-0.2140875718384981,-0.17937807750701903,5.206719333276152
1789799555665087700,50.68408764648437,0.35302382190711795,-0.9305050723671913,6.098155547058582
1789799555675059000,50.69405883789062,-0.0909094473939389,-2.117466785746813,6.436668539988994
1789799555685029600,50.70402954101562,-0.5758749843072146,-2.822169883084297,6.8872858170986175
1789799555695000600,50.71400048828125,-0.015486907467246055,-2.497936759918928,6.54303807990849
1789799555704971800,50.7239716796875,1.2021692193835973,-0.5886351702243089,4.849804422214627
1789799555714942700,50.73394262695312,1.6948299869745969,1.0797726737707853,3.2968080872505903
1789799555724914000,50.743913818359374,0.532315280576609,1.5879589272737502,2.355810262441635
1789799555734885600,50.7538857421875,-0.9186112940210849,1.3421148656904696,2.339739417606592
1789799555744856800,50.76385693359375,-0.13398589765224606,0.2322130111157894,2.0739105526149273
1789799555754827800,50.77382788085937,1.6411673703700302,-0.9114940824270248,1.9642799650728702
1789799555764798700,50.783798828125,1.5099901369303463,-0.47954701899588104,2.5478175198972224
1789799555774769700,50.79376977539062,0.9181693224072456,0.4353624248325825,1.8630583094358444
1789799555784740600,50.80374072265625,0.4963800438424572,1.0084025510400534,0.43041853868961333
1789799555794711800,50.8137119140625,-0.7551718863368034,1.358485570254922,-0.06432371135056018
1789799555804682800,50.82368286132812,-2.2672136950999495,1.0268009620398282,0.5770955390781164
1789799555814653700,50.83365380859375,-1.6018606113761662,0.517658430725336,1.1287380724698304
1789799555824625000,50.843625,0.13647881044652313,0.284262347304821,1.5501204872667789
1789799555834596600,50.8535966796875,1.96756264000535,0.3794885619193315,0.9403571888178587
1789799555844567800,50.86356787109375,2.691024213826656,0.44843350332975385,0.13621990378201007
1789799555854538800,50.87353881835938,-0.5132949017535895,0.3658592650175094,1.2364338925570248
1789799555864509700,50.883509765625,-3.0110125390291214,0.19873978058099745,2.8996745630472898
1789799555874480600,50.89348071289062,-1.492204304870963,0.17719196563959122,2.797055900093913
1789799555884451600,50.90345166015625,0.9801637140274048,-0.15981822151243685,1.4488883102357386
1789799555894422800,50.9134228515625,2.5682278552412985,-0.6142524265617132,0.6202502056717872
1789799555904393700,50.92339379882812,0.787424708231166,-1.0994628781467675,1.5427210246652363
1789799555914365000,50.933364990234374,-1.4543810624331235,-1.6035072095394134,3.7099808921068904
1789799555924336600,50.94333666992188,-1.0666051491618156,-2.270259054145217,4.447886586344242
1789799555934307800,50.95330786132813,-0.5896890631914139,-2.7766093243926764,3.6409266451030966
1789799555944278800,50.96327880859375,-0.8025777806341647,-2.243992393988371,2.824457117238641
1789799555954250000,50.97325,-1.760479978492856,-1.5756144094854592,2.3365268853008745
1789799555964220700,50.983220703125,-2.2284663235545157,-0.7648012999475002,3.1140386137396097
1789799555974191600,50.99319165039063,-0.6354921984672546,-0.15524959842264652,3.751622816050052
1789799555984162800,51.00316284179687,0.5715238764256239,-0.09207681067287922,3.6032805127978325
1789799555994133800,51.0131337890625,0.8516554075360298,-0.5152402636677026,2.3613801715284586
1789799556004105000,51.02310498046875,0.8872633120119571,-1.2710410955578089,0.4899976858615875
1789799556014075600,51.03307568359375,0.05213116925358772,-1.508511881071329,-0.5039747732877731
1789799556024047900,51.0430478515625,-0.8901999499857425,-1.4411504094600676,-0.5157762702405453
1789799556034018800,51.05301879882813,-0.5266974772274494,-1.385921274191141,-0.06645955433547496
1789799556043989800,51.06298974609375,0.6197533620655536,-1.236271395471692,0.408330041000247
1789799556053960700,51.07296069335938,1.389545309907198,-1.1396505116283893,0.13224398588836192
1789799556063931600,51.082931640625,1.0555740520596504,-1.6604112922832368,-0.7585679585158824
1789799556073902800,51.09290283203125,0.21075992525313048,-2.528962889562547,-1.5745377201646567
1789799556083873800,51.10287377929688,0.27181670722961426,-2.591987501013279,-0.9768693486571312
1789799556093844700,51.1128447265625,1.0657973399102687,-1.83199506265223,0.3717869015008211
1789799556103815700,51.12281567382813,1.4370014730870724,-1.2611603375345468,1.6291846716314553
1789799556113786600,51.13278662109375,1.2100912445545196,-1.6987585585951803,1.474647020870447
1789799556123758800,51.1427587890625,0.9222539613723755,-2.7977973661109803,0.05011866038739681
1789799556133729800,51.152729736328126,1.767486642384529,-2.7216505304977296,-0.8630079916775226
1789799556143700700,51.16270068359375,2.50684721160531,-1.4194687390059233,-0.2740963425993919
1789799556153671700,51.17267163085938,1.8976538219988346,-0.98716628626585,-0.6700994014680385
1789799556163642600,51.182642578125,2.642932090830803,-1.382529001404345,-3.239090057775378
1789799556173613800,51.19261376953125,2.806134109562635,-1.024251862078905,-5.72114828056097
1789799556183584800,51.20258471679688,2.904310406154394,0.33795711261332034,-5.946425354933738
1789799556193555700,51.2125556640625,2.8017840976595876,1.1623290841653942,-5.6599307185322045
1789799556203526700,51.22252661132813,1.3028291494846342,1.262974401219189,-5.820972344359755
1789799556213497600,51.23249755859375,0.480929121004045,2.031271142067015,-5.525903356358409
1789799556223469800,51.2424697265625,1.062415296256542,2.186665994179249,-6.330643283462524
1789799556233440500,51.2524404296875,1.7663151143871247,0.43690351679474115,-8.255396709311007
1789799556243411700,51.26241162109375,1.9187443946920335,-0.7079615146115422,-8.459248718339204
1789799556253382700,51.272382568359376,0.7207493922531605,0.27915567181557416,-5.834733158686757
1789799556263353900,51.28235375976563,-1.4958230798900127,2.001192814667523,-2.601893977999687
1789799556273324800,51.29232470703125,-2.028800660300255,1.4332465044677256,-4.705163311567902
1789799556283295700,51.30229565429688,-0.8826971000749617,-0.1664902466222644,-7.867967417520284
1789799556293266700,51.3122666015625,0.011303411237522959,-0.7913403473049402,-7.474688230657577
1789799556303237600,51.32223754882813,-0.8202852867603302,0.32875849163532256,-4.595292485529184
1789799556313209900,51.3322099609375,-2.132147637528181,1.0254694211751223,-2.9049118791788815
1789799556323180800,51.342180908203126,-2.652835060685873,0.5064131063506007,-3.319637758696079
1789799556333151700,51.35215185546875,-1.608718806707859,0.049131110654771326,-4.362105076423287
1789799556343122700,51.362122802734376,-0.7963175511956214,0.08887158489078283,-4.919668816557526
1789799556353093600,51.37209375,-1.3900807319581507,0.19973405231535435,-4.240691112107038
1789799556363064800,51.38206494140625,-2.0306921731352805,0.07924830875992775,-3.3764678994208572
1789799556373035800,51.39203588867188,-1.8915064052850006,-0.22421733618676662,-3.111969406250119
1789799556383006700,51.4020068359375,-1.619572793677449,-0.52009413343966,-3.241093214291334
1789799556392977700,51.41197778320313,-1.0869003336936234,-0.7277619013637304,-3.2768314671486616
1789799556402948900,51.42194897460938,-0.910648863774538,-0.9094801122561097,-2.746236982482672
1789799556412920800,51.4319208984375,-2.0387077218085525,-0.9484721062123775,-0.8280500755429268
1789799556422891800,51.441891845703125,-2.2690572771400213,-1.5448843401789665,0.7528104179024696
1789799556432862700,51.45186279296875,-1.6318565211892126,-2.282817506945133,2.3066239144682883
1789799556442833700,51.461833740234376,-0.4671194990992546,-2.753576823851466,3.0733781020492312
1789799556452804900,51.47180493164063,-0.08727905500233173,-3.1361148364692926,3.0505320639908313
1789799556462775800,51.48177587890625,-0.1287117201089859,-3.473411439347267,3.5885949848413463
1789799556472746800,51.49174682617188,0.03937975116483867,-3.98766269197762,3.3444279165595767
1789799556482717700,51.5017177734375,-0.26875381252765657,-4.156359800994396,2.50608324149549
1789799556492688600,51.51168872070313,-0.42601233961991963,-3.234085965877771,1.94581667214334
1789799556502659800,51.52165991210938,0.016554828959703446,-1.8427064262807369,1.7496113784760237
1789799556512630800,51.531630859375,0.15872333894781768,-1.0530267056643963,2.211740814203024
1789799556522602800,51.541602783203125,0.3113395931921899,-1.1892717438876628,2.968518966692686
1789799556532573700,51.55157373046875,0.4687760341346264,-1.5664759942620992,4.068111608698964
1789799556542545000,51.561544921875,0.3370412398774177,-0.9838906255960463,4.7341304628551
1789799556552515800,51.571515869140626,0.4620843544762581,0.7025146473824977,4.110427486380934
1789799556562486000,51.58148608398437,0.13241810034625232,2.2024942624300716,2.873122071686387
1789799556572457000,51.59145703125,-0.5837047280848026,2.545337978041172,2.5740041005551815
1789799556582428000,51.60142797851562,-1.0745821193903684,1.6637538807094097,3.3670851540476083
1789799556592398800,51.61139892578125,-0.17377547172699123,-0.006679916155338287,4.569662369710207
1789799556602370000,51.6213701171875,1.5038281071692705,-1.7857979596227407,5.213047367253899
1789799556612341000,51.631341064453125,2.028760912811756,-1.5276847835749388,4.826441666805744
1789799556622313000,51.64131298828125,1.4904893176466225,0.19958032305836676,3.71746043420732
1789799556632284000,51.65128393554688,0.06282616626918315,0.7545984703630209,2.9187480968296526
1789799556642255000,51.66125512695312,-2.037493085321784,0.1868126114219427,3.1595278607606887
1789799556652226000,51.67122607421875,-1.3123071719259023,-0.6775128925949335,4.544055634766817
1789799556662197000,51.68119702148437,1.5463094045460224,-1.0430278742194175,5.459868164914846
1789799556672168000,51.69116796875,2.171777637127042,0.14052607654333113,4.447794231885672
1789799556682139000,51.70113891601562,1.9498720850139855,1.5602613575309514,2.547301387068629
1789799556692110000,51.711110107421874,1.2670692693173884,2.2743267419755457,0.5575877055317163
1789799556702081000,51.7210810546875,0.10855273831062949,2.2390853327244518,-0.31750819882452486
1789799556712052200,51.73105224609375,-0.5577098706066608,1.6084382362008094,0.9166530726253986
1789799556722024000,51.74102392578125,0.5220750781238078,0.22862813836634158,2.113297975629568
1789799556731995100,51.7509951171875,2.458331310239434,-1.3293880705863237,1.7504338007748126
1789799556741966000,51.76096606445312,2.7239041546434164,-2.074934634965658,0.6351981839567422
1789799556751937000,51.77093701171875,1.191602817183733,-1.4492933839052915,-0.6498322739869355
1789799556761908000,51.78090795898437,-0.7505792978495359,-0.5056991128623485,-1.6741373275578022
1789799556771879000,51.79087890625,-1.6478075390368698,-0.39458617780804633,-1.6855173842281101
1789799556781850000,51.80085009765625,-2.2807453768461943,-0.3913023338317871,0.32402327980697154
1789799556791821000,51.81082104492187,-1.321712713652849,-0.3517003912836313,1.5230448488146067
1789799556801792000,51.8207919921875,0.5970973301539197,-0.48020051446855067,1.4405898529678582
1789799556811763000,51.83076293945312,0.7854121262997389,-0.5644798031330108,2.1909300813645123
1789799556821735000,51.84073486328125,-1.1757727953672408,-0.8773410529345274,4.125928422373533
1789799556831706000,51.8507060546875,-3.0485341681718823,-1.6894973937749862,5.971888882014155
1789799556841677000,51.86067700195313,-2.638881354135275,-2.369720129850507,6.863205268809199
1789799556851648000,51.87064794921875,-1.0081219805330037,-2.480562431269884,5.378536620140076
1789799556861619000,51.88061889648438,-1.0850988372296095,-2.0254887592732906,2.420868717807531
1789799556871590000,51.89058984375,-1.8034879300922155,-0.874042595911026,0.38486733234822745
1789799556881561000,51.90056103515625,-1.6930653153896331,0.6939081470787525,-0.48635669901072975
1789799556891532000,51.91053198242187,-0.9321043242573738,1.8286352308303118,-1.1272849510520695
1789799556901503000,51.9205029296875,-0.22811083649396896,2.048736363869905,-1.0871154377490282
1789799556911474000,51.93047387695312,0.5057832840144634,1.2858552183300256,-0.309773805180192
1789799556921446100,51.94044604492188,1.348600720578432,-0.22028291934728622,0.9061521368771791
1789799556931417000,51.9504169921875,1.8128280053675174,-2.040930074033141,1.8007582128673791
1789799556941387800,51.9603876953125,1.6054022295057773,-3.660021806195378,2.360181317132711
1789799556951359000,51.97035888671875,1.4240660036683082,-4.917544664010405,2.471390113776922
1789799556961330000,51.98032983398438,0.9524082766175269,-4.8424020370036365,2.144307446399331
1789799556971301000,51.99030102539062,-0.28839024088978765,-3.3585368136718867,1.9215806410312652
1789799556981272000,52.00027197265625,-1.0725193416416645,-2.537650053887069,1.323430623486638
1789799556991243000,52.01024291992187,-0.5128863940179348,-2.623385094317794,1.2882552652090786
1789799557001214000,52.0202138671875,-0.19095277996659277,-2.3422858872190115,2.629122761186957
1789799557011185000,52.03018481445312,0.25548633467555043,-2.224260688558221,4.102610675150156
1789799557021157000,52.0401572265625,0.6267454129099845,-2.8451737420529124,4.688913018512726
1789799557031127800,52.0501279296875,0.996927801823616,-3.544977084650099,3.270295927900076
1789799557041099000,52.06009912109375,1.469424902307987,-3.520172313739359,0.7277753453671931
1789799557051070000,52.07007006835938,2.1976865698873995,-2.476161273701489,-1.2866197729617357
1789799557061041000,52.080041015625,2.7035809130609034,-1.1833651501923799,-3.000986819577217
1789799557071012000,52.09001220703125,3.0016905839323997,-0.947085620290041,-5.056109669613838
1789799557080983000,52.09998315429687,3.3151182354450226,-1.4103507820487022,-7.890031949812173
1789799557090954000,52.1099541015625,3.41238267788887,-0.9731804310113191,-10.178217705792187
1789799557100925000,52.11992504882812,2.8736194998145104,1.0528715151026844,-10.246572864615917
1789799557110895900,52.12989575195313,2.0592599498413504,3.5968045947819944,-8.724433440208434
1789799557120867800,52.139867919921876,2.6696786434590813,3.3309561483070254,-9.18630919343531
1789799557130838800,52.1498388671875,2.8279227475225923,1.6297697780430316,-9.89331706058383
1789799557140810000,52.15981005859375,1.7873931198596953,1.8079191905379295,-8.284108424532413
1789799557150781000,52.16978100585938,1.288292090088129,2.425321021041274,-6.170365627744793
1789799557160752000,52.17975219726563,0.29254041937179864,2.449073360289633,-4.964137488359213
1789799557170723000,52.18972314453125,-0.7037841558616608,1.77980281086117,-3.854636615800857
1789799557180694000,52.19969409179687,-0.007930792999267577,-0.3107426502123475,-3.6936926051288843
1789799557190665000,52.2096650390625,-0.27112119924612343,-2.070784529548883,-3.5299311989486215
1789799557200636000,52.21963598632812,-1.6339350810289381,-1.2921554875180123,-2.5450346111804247
1789799557210607000,52.22960717773437,-1.3513678472042083,0.22223609924167392,-3.029211628064513
1789799557220578000,52.239578125,-1.0263830288887024,0.2893435960918665,-4.255930766814947
1789799557230550000,52.24955004882813,-1.0429226602792738,0.29430677145719525,-4.050317593333125
1789799557240521000,52.25952099609375,-1.1482651952385903,0.7641989501401781,-2.668455823665857
1789799557250492200,52.2694921875,-1.624398021876812,0.8311509641677141,-2.2650205689698457
1789799557260463000,52.27946313476563,-1.0249415979087353,0.37402649712115527,-3.7186493517309427
1789799557270433800,52.28943383789063,-0.6732943981170654,0.14103051893413066,-4.631804645368456
1789799557280405000,52.29940502929688,-0.7009042895764112,0.35627924350649115,-3.78312679233849
1789799557290376000,52.3093759765625,-0.8115034298896789,0.3982546371877193,-1.7951649229049682
1789799557300347100,52.31934716796875,-1.593449925905466,-0.22342238641679285,-0.6813070241808891
1789799557310318000,52.32931811523437,-2.060147400200367,-1.0801152035981416,-0.8481313250631094
1789799557320289000,52.3392890625,-1.973012137582898,-1.6518118062421678,-1.532887612915039
1789799557330261000,52.349260986328126,-1.7426643358170986,-1.9225930329442023,-1.8099714468926191
1789799557340232000,52.35923193359375,-1.2752467305541038,-2.01657480045557,-1.7631331233501433
1789799557350203100,52.369203125,-0.5990384542843327,-1.6668682133376598,-0.9639321256726979
1789799557360173800,52.379173828125,-0.3329085239868611,-1.06245679731071,0.2674012288749218
1789799557370145000,52.38914501953125,-0.36616496996581555,-0.7362211021512747,0.5893184763133525
1789799557380116000,52.39911596679688,-0.34947982915733006,-1.279418463280797,-0.1576771178305149
1789799557390087000,52.4090869140625,-0.1468804870713502,-2.3535031545430423,-0.13435703251957892
1789799557400058000,52.41905810546875,-0.04155841037817299,-3.2965649261444807,1.9732517915576695
1789799557410029000,52.42902905273438,-0.34412038448341187,-3.9464229190945623,3.944499257555604
1789799557420000000,52.439,-0.1504787307590246,-4.198758096262813,2.987811696183681
1789799557429972000,52.448971923828125,0.1769874560434371,-3.25036899215877,1.4046446793615817
1789799557439943200,52.458943115234376,0.17944997369945048,-1.95626090926826,1.8738287097752093
1789799557449913900,52.468913818359376,-0.5311053567975759,-0.9066992493659257,4.502256474435329
1789799557459884800,52.478884765625,-1.1720622504115104,-0.1750093609035015,5.135240489473938
1789799557469856000,52.48885595703125,-2.0120529391169546,0.9126508512467145,4.019212260973453
1789799557479827000,52.49882690429688,-1.746661881020665,1.9371224935561417,2.6537422386586664
1789799557489798100,52.50879809570313,-1.3068266946882008,2.3793957206904888,2.624211023747921
1789799557499769000,52.51876904296875,-0.8528606916725635,2.2838602939963337,3.663078855678439
1789799557509739800,52.52873974609375,-0.03529931345079094,1.3919985482782125,4.3245624044924975
1789799557519711000,52.5387109375,0.7537684492796659,0.28488895477056503,4.796026070275903
1789799557529682000,52.54868188476563,1.5400480060636996,-0.5013444247841835,4.794017653062939
1789799557539654100,52.558654052734376,1.8356605994224546,-0.9096183516830205,4.095874060371518
1789799557549624800,52.568624755859375,1.5854238558381795,-1.0836012921482323,3.631974107840657
1789799557559596500,52.57859643554688,1.2919313233733176,-1.5230138691544532,3.2549569044709203
1789799557569567700,52.58856762695312,1.0180997691899538,-1.7468787386417388,3.8083436511814592
1789799557579538700,52.59853857421875,0.26640867417361586,-1.1218576653063297,5.442555211064219
1789799557589509600,52.60850952148437,-0.7805360446959734,-0.6863865194022655,6.715843793287873
1789799557599480600,52.61848046875,0.19840132414055986,-0.6644073273062706,6.637005234372616
1789799557609451800,52.62845166015625,2.131789325609803,-0.11908172197639942,4.775412905836105
1789799557619422700,52.63842260742187,2.257392558309436,-0.41292379853129385,2.7322996425449846
1789799557629393700,52.6483935546875,0.39801436215844005,-0.8902858747035265,2.806474301302433
1789799557639365600,52.65836572265625,-1.2419050174444912,-1.3201970483928918,4.014502183586359
1789799557649336600,52.66833666992188,-0.42005028941035266,-1.5179747059434652,4.010097226625681
1789799557659307800,52.67830786132812,1.3115508006006478,-1.8835691825449465,1.9667144987434149
1789799557669278700,52.68827880859375,2.1578274377077817,-1.2937392495781181,-0.3933499140113592
1789799557679249700,52.69824975585937,1.286785192656517,-0.24323475586771964,-2.405872224205732
1789799557689220600,52.708220703125,-1.2518775454044342,0.43607612605988977,-2.9176836824685335
1789799557699191600,52.71819165039062,-2.3472762428522107,0.8855190986931324,-2.4776176099896428
1789799557709162800,52.72816284179687,-0.599722381427884,1.2193208451926707,-2.5180051499575375
1789799557719133700,52.7381337890625,0.7637538367211818,1.4374918869525193,-2.6326117723464963
1789799557729104600,52.74810473632812,0.3617530352750793,1.6523177099376916,-2.3799819961458444
1789799557739076600,52.75807666015625,0.05720657282173633,1.4767565603703259,-2.383471591827273
1789799557749047800,52.7680478515625,-0.9272785115361213,0.9357301135390996,-1.7984557811439037
1789799557759018800,52.77801879882813,-2.202563236013055,0.3440028225183487,1.0540905355036259
1789799557768989400,52.78798950195313,-1.2752946613490581,-0.6110317109495401,3.7976024769365786
1789799557778960600,52.79796069335937,0.8177408629745244,-1.6771166356295346,5.3505573108464475
1789799557788931600,52.807931640625,1.675495171907544,-2.6686323492765425,6.0291913164258
1789799557798902800,52.81790283203125,-0.5896148289114237,-3.5459091048032043,6.2878083503425115
1789799557808873700,52.82787377929687,-2.040788619735837,-3.6805268340855837,5.517300947707891
1789799557818844700,52.8378447265625,-1.0096966825038194,-2.68100258602798,4.482639335295557
1789799557828815600,52.84781567382812,0.3116606418401003,-2.064738819643855,3.7297102594494818
1789799557838786600,52.85778662109375,0.9681535427600145,-2.1171762783676384,2.040958131083846
1789799557848758800,52.8677587890625,0.7336497903585434,-2.03390119830966,0.7395821030169725
1789799557858729700,52.87772973632813,0.07703063271045685,-1.749426085036993,0.22653262739181518
1789799557868700700,52.88770068359375,0.010365911191701889,-1.7297785507589578,-0.08423428047895432
1789799557878671600,52.89767163085938,0.7931576258599757,-1.7289432689785957,0.17058043854534624
1789799557888642600,52.907642578125,1.2266846519589423,-1.8464947126477955,0.4497556918442249
1789799557898613800,52.91761376953125,0.8062041544377804,-2.0250448148980738,0.47896308162808415
1789799557908584700,52.92758471679687,0.03695931908488274,-2.300638118056953,-0.16239245591461657
1789799557918555600,52.9375556640625,0.2081529210925102,-2.3209452852874994,-0.8867407494425773
1789799557928526600,52.94752661132812,0.7911047119181602,-2.2727549626141785,-1.242942543798685
1789799557938497500,52.95749755859375,1.4330734859883785,-2.5002476672098037,-2.2074983543276785
1789799557948469800,52.9674697265625,1.8249463131844996,-2.1612164956241844,-2.7381670732736585
1789799557958440400,52.9774404296875,2.029901899540424,-1.3037898112103343,-3.0145027192324396
1789799557968411600,52.98741162109375,2.132695919060707,-0.32715836296230555,-2.652276842281222
1789799557978382600,52.99738256835938,1.583970149898529,0.8540949096426367,-1.3666945956736802
1789799557988353800,53.00735375976563,1.1303929270047695,1.4624737679958342,-0.290659354865551
1789799557998324700,53.01732470703125,1.176992108029127,0.5278194669947028,-0.9721119249969721
1789799558008295700,53.02729565429688,2.312783752272278,-1.0353776517271995,-2.653638193762302
1789799558018266600,53.0372666015625,1.8408277729272842,-1.4650994403243065,-3.212834503534436
1789799558028237600,53.04723754882812,0.055503860557079315,-0.1873331281647086,-3.652186874786019
1789799558038208800,53.05720874023437,0.11636880975589156,0.028552725267410276,-5.458478171861171
1789799558048179700,53.0671796875,1.0627741926968097,-0.23922288987785575,-6.774712746363877
1789799558058151700,53.07715161132813,0.9823650234639644,0.5256394926071166,-7.225754970887303
1789799558068122600,53.08712255859375,1.1553449243664742,1.1687106018960476,-8.021008692243695
1789799558078093800,53.09709375,1.6253108989380298,1.0616852284163236,-10.225740504467487
1789799558088064800,53.10706469726563,2.220748296523094,1.842325610269606,-11.624702462017536
1789799558098035500,53.11703540039063,1.1348537788711488,3.4927003694459793,-7.646556955447792
1789799558108006700,53.12700659179688,0.206574565859884,3.311883491307497,-3.546623975074291
1789799558117977600,53.1369775390625,-0.11507599346637726,1.208745675164461,-2.389033317607641
1789799558127948800,53.14694873046875,-0.5386872632939368,-0.5941130171135067,-3.080954674783349
1789799558137919700,53.15691967773437,-1.39371879619956,-0.5802192240566015,-3.1571704839795824
1789799558147890700,53.166890625,-1.8252350669980049,-0.23329876052588222,-2.6597774271696806
1789799558157862700,53.176862548828126,-1.8655822749555109,-0.18201251766383647,-1.8064742524266242
1789799558167833600,53.18683349609375,-1.499369958716631,-0.1861374886393547,-1.3128215511888264
1789799558177804800,53.1968046875,-1.342541566669941,-0.7685884172707795,-1.4350819032013415
1789799558187775500,53.206775390625,-1.0267536157667636,-1.2904168271571397,-1.6762322540104388
1789799558197746700,53.21674658203125,-0.9905424847006797,-1.1315750494614243,-1.7776257590830324
1789799558207717600,53.22671752929688,-0.9520365206956863,-1.1459876056954263,-2.6477374452859164
1789799558217688600,53.2366884765625,-0.36993279806673524,-1.078158224311471,-3.0752152543485165
1789799558227659800,53.24665966796875,-0.32630466874241826,-0.5362006341099739,-2.697816942706704
1789799558237630700,53.25663061523438,-1.1644190421819687,-0.10820026247799396,-2.4294044909626242
1789799558247601700,53.2666015625,-0.9395628235697746,-0.058469724625349044,-3.02781929692328
1789799558257572600,53.27657250976562,-0.5807231184581294,-0.15334464158415795,-3.713695528715849
1789799558267544800,53.286544921875,-0.43521395627260206,0.054641106247901916,-3.3982466005086898
1789799558277515800,53.29651586914063,-0.4996258573632687,0.3435568323165178,-2.416919103398919
1789799558287486500,53.30648657226563,-0.494629437315464,0.16916998722553253,-1.3634265337884426
1789799558297457700,53.31645776367188,-0.2126847193032503,-0.8552765206426381,-0.3259387580394745
1789799558307428600,53.3264287109375,-0.02877301695458591,-2.3969851533949376,0.9196142605185508
1789799558317399800,53.33639990234375,0.41535891672372816,-4.147782526785135,2.0845196249127387
1789799558327370800,53.34637084960937,0.36854105144739147,-5.375452682650089,3.5613247005999087
1789799558337341400,53.35634155273438,-0.003980521003529429,-6.093569388312101,4.875580668506026
1789799558347312600,53.36631274414062,-0.13419972306601702,-5.49807543823421,5.728256066739559
1789799558357283600,53.37628369140625,-0.13656535621881485,-3.346863034752011,5.541218998911977
1789799558367255800,53.386255859375,-0.4683586124401539,-1.187180909088254,4.2231291519314045
1789799558377226500,53.3962265625,-1.0015145450919867,0.0749456431299448,3.0290824487268924
1789799558387197700,53.40619775390625,-1.6133803687781094,0.6859896290391683,2.728607802289724
1789799558397168600,53.41616870117188,-1.7444757691532373,0.48190614934265613,3.3825247152417894
1789799558407139600,53.4261396484375,-0.7033961063921451,-0.3900993877828121,4.48899367275834
1789799558417110800,53.43611083984375,0.717850163680315,-1.4563175834536553,4.959433840712904
1789799558427081500,53.44608154296875,1.286335695323348,-1.355663498571515,4.329701520946622
1789799558437052700,53.456052734375,0.9702940619200467,-0.7622288191109895,3.8772108511805534
1789799558447023600,53.46602368164063,0.7301777303338051,-0.5787368765443563,3.1993051598757503
1789799558456994800,53.47599487304687,0.19009641886558382,-0.33169045343399045,2.9613632497191427
1789799558466965800,53.4859658203125,-0.2916337528556585,0.10722118831276893,3.3164480227440594
1789799558476937700,53.495937744140626,-0.18348025212883948,0.9257944104582071,3.9670997964203356
1789799558486908700,53.50590869140625,1.0578653778672218,1.554879664492607,3.3264942004621028
1789799558496879600,53.515879638671876,1.3114455866605044,1.4110580535352228,2.593061267724633
1789799558506850800,53.52585083007813,0.1336690502554178,0.9392343222677707,3.515800966787338
1789799558516821500,53.535821533203126,-0.16308100443435833,-0.016444938844442366,4.160985122707486
1789799558526792700,53.54579272460938,1.166506954371929,-0.9063573040604591,3.8152065226882694
1789799558536763600,53.555763671875,2.018647515076399,-1.077719832894206,2.7148697843164205
1789799558546734600,53.56573461914063,1.4805974537074564,-0.46418344564735886,1.560502765071392
1789799558556705000,53.575705078125,0.37821492525432254,0.7065916875630617,0.9404343457072972
1789799558566676200,53.58567626953125,-0.5833371003488078,1.6181810470581053,0.47425826493799683
1789799558576648000,53.59564794921875,-0.3211199595808983,1.9728040477901696,-0.44165889462828634
1789799558586619100,53.605619140625,0.3642892026891932,1.914848117905855,-1.479348914951086
1789799558596590000,53.615590087890624,0.7145020222961902,1.8776345317989587,-1.9222960958242414
1789799558606561300,53.625561279296875,0.026077275064587593,2.0372417409092187,-1.3049135545432566
1789799558616532000,53.635531982421874,-0.5831868782231584,1.9681214429318903,-0.295609086227417
1789799558626503200,53.645503173828125,-0.42317459544334557,1.4844406851321459,0.9019394876182079
1789799558636474000,53.65547412109375,0.26664840121362354,0.2784422628492117,2.188202117705345
1789799558646445000,53.665445068359375,0.5225047747779638,-1.3805237990617751,3.6296693380296228
1789799558656416300,53.675416259765626,0.4437438476761803,-2.3695243150174616,4.968194654795528
1789799558666387200,53.68538720703125,-0.007217128304578363,-2.4948142439842225,5.360780014175177
1789799558676358100,53.695358154296876,-0.33434834753163156,-2.391936637833714,3.8566912102431057
1789799558686330000,53.705330078125,-1.8590274464845655,-2.082669028609991,2.739263051816821
1789799558696301300,53.71530126953125,-3.250216431945562,-1.619153691482544,3.255581758370995
1789799558706272000,53.72527197265625,-2.131239290511608,-1.3334545893728733,5.045509365144372
1789799558716243000,53.73524291992187,-0.2749158057561144,-1.380219847679138,6.650818071147799
1789799558726214100,53.745214111328124,0.8318500523477792,-2.3132833723574877,6.369475995203852
1789799558736185000,53.75518505859375,1.2332733826994895,-3.977231314334273,3.550382450824976
1789799558746156300,53.76515625,0.9679244101792573,-4.528170667892694,0.9600912323355674
1789799558756127200,53.775127197265626,0.503389703408815,-3.0810780089020726,0.18690788848996162
1789799558766098000,53.785097900390625,0.47703240582644935,-1.649021591001749,-0.6353133347690105
1789799558776069000,53.795069091796876,0.6620727468788623,-0.9101981973975897,-1.0735013384163379
1789799558786040000,53.8050400390625,1.0596645362436772,-0.5584001909583807,-1.2624760963082313
1789799558796012300,53.81501220703125,0.8980220219135284,-0.47249242430925364,-1.2979051370859145
1789799558805983000,53.82498291015625,0.680012892717123,-0.6574263823777436,-0.5325508794307708
1789799558815954200,53.8349541015625,0.6198363641738891,-1.4243360527813433,0.5401444032996893
1789799558825925000,53.844925048828124,0.6896703633785247,-2.570517719744146,1.3297533967673778
1789799558835896000,53.85489599609375,0.9949380893111228,-3.636800797344744,1.505322729641199
1789799558845867300,53.8648671875,0.9132745361030101,-3.9843192267686125,1.0729209081798792
1789799558855838000,53.874837890625,0.6416308473527431,-3.3643972301378846,0.5760369699358939
1789799558865809200,53.88480908203125,0.7678408137738704,-2.406150456625223,0.11727554933726787
1789799558875780000,53.894780029296875,0.412401235961914,-2.0781991897195575,-0.7588292398005724
1789799558885751000,53.9047509765625,0.881871682101488,-2.2194436436653135,-2.16198923356235
1789799558895722200,53.91472216796875,1.0804489655971528,-2.263001922623813,-3.7382898717463013
1789799558905694000,53.92469384765625,1.0489232889335602,-1.743711506782472,-4.788671615859866
1789799558915665200,53.9346650390625,2.079285815912485,-0.7857821286559105,-5.2771939684718845
1789799558925636000,53.94463598632812,2.3800854565203187,0.3848550573885441,-4.949942958790063
1789799558935607300,53.954607177734374,1.4126678268194197,0.8812953435182571,-4.927293320086598
1789799558945578000,53.96457788085937,2.035622030752897,0.504241607530415,-6.691596656259894
1789799558955549000,53.974548828125,3.371384312546253,0.38715865815579886,-8.612472948414087
1789799558965520100,53.98452001953125,3.2723756567835807,1.067430786330998,-9.252587545984984
1789799558975491000,53.994490966796874,2.4836931305110452,1.954540953607857,-9.682413379478454
1789799558985462300,54.004462158203125,0.9445232224561273,3.1260870711907742,-8.534404204827547
1789799558995433200,54.01443310546875,0.25218729313015936,3.243297154076397,-7.244107204657793
1789799559005405200,54.0244052734375,0.7198597499370575,1.9249577162489293,-6.20573329372406
1789799559015376100,54.03437622070312,1.3301917881846428,1.3048013263404368,-5.508307493913174
1789799559025347300,54.044347412109374,0.4325731594402343,1.3420625509813426,-5.61890838779211
1789799559035318000,54.05431811523437,-0.48336811165399846,1.4216203640818594,-5.46795444073677
1789799559045289000,54.0642890625,-0.9065349256496876,1.1667129983380435,-4.291162823715806
1789799559055260200,54.07426025390625,-0.08355733106546104,0.3007128391072154,-2.7311124785870313
1789799559065231000,54.084231201171875,-0.23280677575785666,0.4434975082322955,-0.6743699183940887
1789799559075202300,54.094202392578126,-0.9155354667723178,0.8936109274730086,-0.49110477032065386
1789799559085173200,54.10417333984375,-1.8240601779997347,0.42546880732774733,-1.1924182252198456
1789799559095144000,54.11414404296875,-1.6206851388335226,-0.01709434266388416,-2.0812655915528535
1789799559105115100,54.124115234375,-0.6029951194882393,-0.2864212789043784,-2.5893372787654396
1789799559115087000,54.13408715820312,-0.23923311901092528,-0.24254502003788947,-1.5287392610639332
1789799559125058000,54.14405810546875,-0.560799653315544,-0.267975229370594,0.09574117839932442
1789799559135029000,54.15402905273437,-0.44315234805643555,-0.8307038049221038,0.5086538710147143
1789799559145000200,54.164000244140624,0.10851531977653503,-1.4899880901262164,0.2647895850718021
1789799559154971100,54.17397119140625,-0.27004383407188576,-1.9223197689607738,-0.20712416256666183
1789799559164942000,54.183942138671874,-1.0693313592553138,-2.657789468222856,-0.8466898940831422
1789799559174913300,54.193913330078125,-1.2972230000406504,-3.5425533646345135,-1.3895494015604257
1789799559184884000,54.203884033203124,-1.2271242124199866,-3.8340216977953907,-1.9794453855007885
1789799559194855200,54.213855224609375,-0.5409317908177151,-3.322287980943918,-2.8178046736121174
1789799559204826000,54.223826171875,0.8297907817304134,-2.0836773288697,-3.2280759118080136
1789799559214797000,54.233797119140625,0.7070972989976406,-0.4319003016799688,-1.5254776289194822
1789799559224769000,54.24376904296875,-0.9657902476947754,0.6517243713438511,1.2668962508380412
1789799559234740000,54.25373999023437,-1.660371837055683,-0.09630641106665133,1.172292552036047
1789799559244711200,54.26371118164062,-0.8455647625107318,-0.6701397334784269,-0.10490122093260287
1789799559254682000,54.27368212890625,0.723922104005143,-0.22570260630846023,-0.42814357949495313
1789799559264653300,54.2836533203125,1.0630028138209133,0.7040665529996156,1.6670985149621962
1789799559274624000,54.2936240234375,-1.0673463959831744,0.8111673298031091,5.620462631496787
1789799559284595000,54.303594970703124,-1.7467425450414418,-1.6211948419213293,7.019702236944436
1789799559294566100,54.313566162109375,-1.2293389658600091,-2.9906156476885077,6.620828591075539
1789799559304537000,54.323537109375,-0.23024485284797847,-1.0748907469481228,4.781192658281326
1789799559314508300,54.33350830078125,0.34387831935584545,0.6205927354991435,3.010393530347943
1789799559324480000,54.34347998046875,-0.6443780271690338,1.135654135468602,3.0953309906601905
1789799559334451200,54.353451171875,-1.9695698881745338,0.5219663570523262,4.307070002421736
1789799559344422100,54.36342211914062,-1.9267671037584542,-1.4971505291014908,5.6303784608334295
1789799559354393000,54.37339306640625,0.45434239857997744,-4.410580645778775,6.229689923372864
1789799559364364000,54.38336401367187,3.4876387021422386,-5.642517811438441,6.197034438961744
1789799559374335000,54.3933349609375,3.96854648809731,-4.212565672340989,5.887270570653676
1789799559384306200,54.40330615234375,2.7045447896569965,-2.356515195840597,4.837064767628908
1789799559394277000,54.413277099609374,0.6156424196153879,-0.8582482299298048,4.345617467480897
1789799559404248000,54.423248046875,-0.47430970286428925,0.544479217633605,3.751157536625862
1789799559414219300,54.43321923828125,-1.1711387058258056,1.3251660689771174,2.839329692199826
1789799559424190000,54.44318994140625,-0.964832873904705,1.5384855790525673,2.1922844185829162
1789799559434162200,54.453162109375,-0.03997958022151142,1.5440210013478994,1.5630957041740416
1789799559444133000,54.46313305664062,0.6684995650559663,1.4191227020472288,0.6635322980374098
1789799559454104000,54.47310400390625,0.9274322407931089,1.0133896918028593,-0.16988018132150173
1789799559464075000,54.48307495117187,0.8564438108563422,0.7017752271920442,-0.9752531456321477
1789799559474046200,54.49304614257812,0.21733575997948645,0.510144401833415,-1.356407594937086
1789799559484017200,54.50301708984375,-0.6437561689436435,0.4073708405792713,-0.8802963956087827
1789799559493988000,54.51298803710937,-0.46116559566352516,0.3384592169165611,-0.4482499634563923
1789799559503959300,54.522959228515624,-0.051229836499691005,0.6640133595526218,0.15351356841027736
1789799559513930000,54.53292993164062,0.06374218513555824,1.1760481051772833,0.33822949981391426
1789799559523901200,54.542901123046875,0.24100429340191185,1.5334160207033156,-0.3572814062863588
1789799559533872000,54.5528720703125,-0.09792604815773666,1.863385057172179,-1.2711872260302304
1789799559543844000,54.56284399414063,-1.2624036155939102,1.961066848245263,-0.7304045248270035
1789799559553815000,54.57281494140625,-1.975533765015006,1.8257833485305308,1.912156979125738
1789799559563787000,54.582787109375,-0.8923351353835314,1.1772756011456251,4.606594800788164
1789799559573758000,54.592758056640626,0.9096621908247471,-0.5441840340793133,6.184152745556831
1789799559583729000,54.60272900390625,1.3015624905496834,-2.5587217757493255,6.43124885302782
1789799559593699800,54.61269995117188,0.49828204153887923,-3.881761938613653,4.503422595605254
1789799559603670800,54.6226708984375,-0.987881229602173,-3.636998073482513,2.237947268605232
1789799559613642000,54.63264208984375,-0.9929150590509176,-2.195102983134985,1.7354618570923803
1789799559623613000,54.64261303710938,-0.27947759724631904,-1.6711171029537915,1.679279366621375
1789799559633584000,54.65258422851562,-0.3826794669151306,-2.210134548050165,1.8418167839646338
1789799559643554800,54.66255493164063,-0.6099696346759795,-2.7428333115190267,2.841780592483282
1789799559653527000,54.672527099609376,0.02191905940659344,-2.6910651303589344,3.7948230753511187
1789799559663498000,54.682498046875,1.3322247553169726,-2.5627771886199713,4.230621553513408
1789799559673469000,54.692468994140626,2.132360403496027,-2.371601705813408,4.674737193644047
1789799559683439900,54.70243994140625,1.4281646711587905,-2.918106876316666,4.908253104051948
1789799559693410800,54.712410888671876,-0.2817733800332993,-4.2383758209019895,4.592280444231629
1789799559703382000,54.72238208007813,-1.304642920908332,-5.197086412534118,3.4283851336628195
1789799559713353000,54.73235302734375,-0.49526773521900175,-5.069592836043238,1.3639759843647479
1789799559723324000,54.74232397460938,0.10656714485082774,-3.2245740411669015,-0.459248327332735
1789799559733294800,54.752294921875,-0.0973930372595787,-0.6616513065963984,-1.6688766305506229
1789799559743265800,54.76226586914063,-0.05407645810246467,-0.14892974775135517,-2.494188221040368
1789799559753238000,54.772238037109375,0.35738135952949523,-1.0113698764130472,-2.7029496294200417
1789799559763209000,54.782208984375,1.1611281839430332,-1.544213893571496,-2.308938621151447
1789799559773180000,54.792179931640625,2.005597479367256,-1.1578691821470857,-1.531033509480953
1789799559783150800,54.80215087890625,2.1405448789954185,-0.817256878849864,-1.5948165380835533
1789799559793121800,54.812121826171875,2.797400183486938,-1.2866373086184262,-3.153784933194518
1789799559803093000,54.822093017578126,3.1729169191658495,-1.3271379535719752,-4.42821450214684
1789799559813064000,54.83206396484375,2.9026129545867443,-0.6596659779980778,-4.364657098993659
1789799559823035000,54.842034912109376,1.304993049520254,-0.18943214627057312,-4.063448293063044
1789799559833005800,54.852005859375,-0.4599918391764164,-0.17237842787802218,-5.277572738656401
1789799559842976800,54.86197680664063,0.5470936379157006,-0.26191344511359926,-7.675448703411221
1789799559852948000,54.87194799804688,2.446176031412929,0.23821926579326388,-8.078658332657813
1789799559862919700,54.88191967773437,1.9925579650521277,0.8117083048120141,-6.847474031192064
1789799559872891000,54.891890869140624,0.4658380809865892,1.0305635294437407,-5.469360800403356
1789799559882861800,54.90186181640625,0.48060427296385166,1.2313912222146988,-4.501518223288655
1789799559892833000,54.9118330078125,0.570240923942998,2.0865601908296347,-4.256161068439483
1789799559902804000,54.921803955078126,1.203668371900171,1.7271517093867061,-5.679534413668513
1789799559912775000,54.93177490234375,0.5947264728367329,0.9369611166387796,-6.245425252643227
1789799559922745900,54.941745849609376,0.1658253529727459,-0.07220394320636987,-5.128507381826639
1789799559932716800,54.951716796875,0.4482160611867904,-0.6558943505048751,-3.8607273338913917
1789799559942688000,54.96168798828125,0.16402392957396805,0.2599257784277201,-2.3876444935977457
1789799559952659000,54.97165893554688,-0.1205202303469181,0.8082523191392421,-2.4245722485005854
1789799559962630000,54.9816298828125,-0.847029428235814,0.11251520306766033,-3.9658267077445983
1789799559972601900,54.991601806640624,-1.7954665362000464,0.29178134463280436,-4.2675715202480555
1789799559982572800,55.00157275390625,-2.1606699676573276,0.5935185583516955,-4.90895686840713
1789799559992544000,55.0115439453125,-2.2013889315366746,0.7664563736781478,-6.5380427558392284
1789799560002515000,55.021514892578125,-0.2982231046507135,0.6901832813367247,-9.004127164423466
1789799560012486000,55.03148583984375,1.614893695950508,1.0092790416136384,-8.196578025117516
1789799560022456800,55.041456787109375,2.0030676686286926,1.985729872597754,-2.7583745795220134
1789799560032427800,55.051427734375,0.30843466553092,2.3878812249630688,1.265833590042591
1789799560042399000,55.06139892578125,-1.6517589070111511,1.2144698980301618,1.3935481158077716
1789799560052370000,55.071369873046876,-2.3698393723160027,-1.5491165709212422,-0.9104811059921979
1789799560062340900,55.0813408203125,-1.9837018739014862,-2.985091039048135,-1.5743758076012133
1789799560072311800,55.09131176757813,-0.7367956871688366,-3.7266912038892506,-1.742238219359517
1789799560082284000,55.101283935546874,-0.758395524558425,-3.877821092033386,-0.5322212090849876
1789799560092255000,55.1112548828125,-1.1451841803580523,-2.8177175798505543,0.9904664968550204
1789799560102226000,55.121225830078124,-0.8517354870349169,-1.3279004623770714,1.2569704846292733
1789799560112196900,55.13119677734375,-0.003523497951030731,-0.5469464845299721,0.16686346384882925
1789799560122167800,55.141167724609375,0.6018845278978348,-0.8438608081370592,-1.474216228237748
1789799560132139000,55.151138916015626,0.46714638710618017,-0.9284382029652595,-0.46619887712299823
1789799560142110000,55.16110986328125,0.4627543626923114,-0.9072077834099531,3.954417424979806
1789799560152081000,55.171080810546876,0.1638298683065921,-2.1664555653214452,7.160515313735604
1789799560162051800,55.1810517578125,0.2544423785805702,-4.618789680972695,7.32218179346323
1789799560172022800,55.191022705078126,0.9983996279418468,-5.221169298911095,6.658260788369178
1789799560181994000,55.20099389648438,1.1802163307726383,-3.6953403723359104,6.032570437470078
1789799560191965700,55.21096557617187,0.3161076843768358,-1.7121008552491663,4.156577827659249
1789799560201937000,55.22093701171875,-0.6127449446082115,-0.307407076048851,2.1190023247510195
1789799560211907800,55.230907958984375,-0.6526192743569612,0.284292157921195,0.9311743499308824
1789799560221879000,55.240879150390626,-0.9641922379136085,0.4025929586529732,1.1372416969209909
1789799560231850000,55.25085009765625,-1.1337141073167323,-0.0391349095582962,2.831026558756828
1789799560241821000,55.260821044921876,-0.0013000132152810693,-0.592247515502572,4.992831667923927
1789799560251792000,55.2707919921875,0.6223053846359252,-0.506996166935563,6.628142713481187
1789799560261762800,55.2807626953125,0.8021183464288711,-0.6050280866205692,7.1298033646076915
1789799560271734000,55.29073413085938,1.0064905799388886,-1.5662854401260613,6.974716847792267
1789799560281705000,55.300705078125,1.7349053922533988,-2.8725013094395395,6.0319543513983485
1789799560291676000,55.31067602539063,3.305040493544936,-2.9202216765135525,4.349551884320378
1789799560301648000,55.32064794921875,2.750024099805951,-1.3770406331211327,2.737666722536087
1789799560311618800,55.330618896484374,0.5457300944775343,0.5375865355104208,2.2185995940566063
1789799560321590000,55.340590087890625,-1.7319985648959875,2.250280095955729,2.596224700191617
1789799560331561000,55.35056103515625,-2.5428064137369395,3.254633079344034,2.8882366387099028
1789799560341532000,55.360531982421875,-0.8750386212110519,3.074721917873621,2.465897946101427
1789799560351502800,55.3705029296875,0.8665279824972152,3.1652742954581976,1.5551087970733641
1789799560361473800,55.380473876953126,1.8971949723154304,3.133323744446039,-0.0683271017730236
1789799560371445000,55.39044506835938,2.331937803944945,2.5662346355974672,-1.653968984276056
1789799560381416000,55.400416015625,0.9127046272605657,1.892156978148222,-0.9979951387941837
1789799560391387000,55.41038696289063,0.310948694178462,0.8548352066159248,0.14832593663930893
1789799560401357800,55.42035791015625,0.8186568087756634,-0.29150048186481,0.6268371828466653
1789799560411330000,55.430330078125,1.8639789314121007,-0.8103145123660564,0.4295908556938171
1789799560421301000,55.440301025390625,2.134710181492567,-0.878887697854638,-0.30453239739537236
1789799560431271700,55.450271728515624,1.951958243638277,-0.33920272876024243,-1.5135294169723987
1789799560441243000,55.460242919921875,0.911971052289009,0.17544599875509737,-2.6552088040798902
1789799560451213800,55.4702138671875,-1.5334212814003227,0.48757192001938815,-1.9642922400325535
1789799560461185000,55.48018505859375,-3.1203122871816156,0.9215385065793991,0.2761322323411703
1789799560471156000,55.490156005859376,-2.0495289755523203,0.575166032320261,1.6911679573357103
1789799560481127000,55.500126953125,0.3635399186918512,-0.7874918551832437,1.7471359282732009
1789799560491097900,55.510097900390626,0.8649731542706489,-2.0799059936374427,1.7939052782326936
1789799560501068800,55.52006884765625,-0.8290146097261458,-2.289427280473709,2.5357588333129883
1789799560511040000,55.5300400390625,-1.5609423255324362,-1.4956184972286224,3.5329841567784546
1789799560521011700,55.54001171875,-0.505233833438158,-0.9300140739798546,4.544421545469761
1789799560530983000,55.54998291015625,0.22555771794505416,-0.7921931647419929,5.444831923824548
1789799560540953900,55.559953857421874,0.1998006512781605,-1.4306278464019297,4.28578522233069
1789799560550925000,55.569925048828125,-0.41915772448480126,-2.588689628511667,1.1618079829007386
1789799560560895700,55.579895751953124,-1.5190145703852176,-1.8932330829471349,0.7749146976828575
1789799560570867000,55.589866943359375,-0.727087363103032,-1.154365850201249,0.8231301547974348
1789799560580837600,55.599837646484374,1.1351561228185891,-1.5825725580602883,1.0420604904919861
1789799560590808600,55.60980859375,1.9328858788996934,-2.134818318042159,2.6681758376806974
1789799560600779800,55.61977978515625,1.0168605827838182,-3.2604788827627895,4.5882226932734245
1789799560610750700,55.629750732421876,-0.3262777807354927,-4.802074702790379,5.7009401897907255
1789799560620722000,55.63972192382813,-0.9827864637464284,-5.798105263513326,4.968590376114845
1789799560630693600,55.64969360351562,-0.33308574371729044,-5.143911871707439,2.8833295774459837
1789799560640664800,55.65966479492187,-0.006428590009082108,-3.4114638094782825,1.078916933724284
1789799560650635800,55.6696357421875,-0.4636947853475809,-2.192515889251232,0.35220366463065145
1789799560660606700,55.679606689453124,-0.3900432736814022,-1.7808330306917428,0.3613005787998438
1789799560670577700,55.68957763671875,0.34688334639072416,-1.6474653014704583,0.46522857078611846
1789799560680548600,55.699548583984374,0.834241331398487,-1.968805041281879,0.24489538255631924
1789799560690519800,55.709519775390625,0.6670493662476539,-2.6942197949975726,-0.7278244452059268
1789799560700490800,55.71949072265625,1.300638361442089,-3.006831746213138,-2.371470772910118
1789799560710462000,55.7294619140625,2.5077345158338544,-2.5164284021601078,-3.4438854851335283
1789799560720432600,55.7394326171875,3.6779450008988377,-1.7517530666798353,-3.9645951201230285
1789799560730403600,55.749403564453125,3.5934944473206993,-0.872761323928833,-4.1171126632332795
1789799560740375800,55.75937573242187,1.2734333975218235,0.025040625493228434,-4.66014635823369
1789799560750346800,55.7693466796875,-0.5533481682658196,0.7948597536027431,-6.370273867583275
1789799560760317700,55.77931762695312,0.6580676028907299,0.7466708922341465,-8.490387368446587
1789799560770288600,55.78928857421875,2.272406149176508,0.8075932707086205,-8.976278788033127
1789799560780259800,55.799259765625,2.0983776160039005,1.5798367033556102,-8.148464859333634
1789799560790230800,55.809230712890624,1.4202153195895253,2.3166297601759434,-7.186964344722032
1789799560800201700,55.81920166015625,1.6706315113939343,2.2379405466035007,-7.4519900766372675
1789799560810172700,55.829172607421874,2.0001191940866407,1.1639350580573082,-8.619072785070538
1789799560820143600,55.8391435546875,1.5449439614117144,0.846468360286951,-7.322620769402384
1789799560830114800,55.84911474609375,0.4038532609123736,1.6940189628526567,-3.548927575841546
1789799560840085800,55.859085693359376,-0.06443067885637282,1.36752490901798,-2.3721464802145955
1789799560850057700,55.8690576171875,-0.3282978883862495,-0.0321855288118124,-4.876557404583692
1789799560860028700,55.87902856445312,0.21648118897676466,-0.059843351066112514,-5.341569702270626
1789799560869999600,55.88899951171875,-0.13801372839622197,0.4304658849626779,-2.951165096309781
1789799560879970800,55.898970703125,-0.7529272492151707,0.5173310984671116,-1.1481377694666386
1789799560889941800,55.908941650390624,-1.2222562410574405,0.20766864470690488,-1.3126555469721555
1789799560899913000,55.918912841796875,-1.0468716901659965,0.023446049778163433,-1.839781478744745
1789799560909883600,55.928883544921874,-0.14447740798499434,0.0578854949966073,-2.308048978835344
1789799560919854600,55.9388544921875,-0.02606963974740356,0.11119915203303098,-2.2499311363875867
1789799560929825800,55.94882568359375,-0.17324878097176552,0.2101119462057948,-1.891836075630784
1789799560939796700,55.958796630859375,-0.4899848263800144,0.1296373105213046,-2.16135502731204
1789799560949768000,55.968767822265626,-0.8096329598426818,-0.17689035234451292,-2.7905028251886366
1789799560959739600,55.97873974609375,-0.6891957316040992,-0.32160861988067624,-3.0994039391875265
1789799560969710800,55.9887109375,-0.5571195034980774,-0.3570344457879662,-3.3206752850502728
1789799560979681800,55.998681884765624,-0.4316355132639408,-0.3549500407293439,-3.649091246858239
1789799560989652700,56.00865283203125,-0.18097966748476027,-0.46719168755263085,-3.7873411951631306
1789799560999623700,56.018623779296874,-0.004744564178586006,-0.6040764849841594,-3.6303210799366235
1789799561009594600,56.0285947265625,0.1948854432404041,-0.7013742451757192,-3.4890666891187427
1789799561019565800,56.03856591796875,0.44504035376012324,-1.1229466295868158,-2.9460546214282513
1789799561029536800,56.048536865234375,0.08867664684057235,-2.1637696872383354,-1.6171218933939933
1789799561039507700,56.0585078125,-0.22719375818166881,-3.5488778914809225,0.32648002530932424
1789799561049478700,56.068478759765625,-0.040285212104581296,-4.39509140022397,2.5330308696538206
1789799561059449600,56.07844970703125,0.23902031651046127,-3.8282746785759922,4.044609152558445
1789799561069421800,56.088421875,0.4285813133250922,-2.189170085954666,5.58878914386034
1789799561079392800,56.09839282226562,0.09312135128974915,-1.651634403848648,7.527950449767708
1789799561089363700,56.10836376953125,-0.39893681076560167,-2.329220361679792,8.45328834863007
1789799561099334700,56.11833471679687,-1.1109908188551663,-2.089951586833596,7.712657613343
1789799561109305900,56.128305908203124,-1.4537082777380943,-0.5692313815742731,6.5584250341326
1789799561119276800,56.13827685546875,-1.2169102769196032,0.23288696485459803,5.781453403919935
1789799561129247700,56.148247802734375,-0.54187751070261,-0.3124129215121269,5.390238748371601
1789799561139218700,56.15821875,0.6514952387630939,-1.9671850388646124,4.9056373685956
1789799561149189600,56.168189697265625,2.6840321629822252,-3.252109698346257,3.853538299170136
1789799561159160800,56.178160888671876,2.664530759176612,-2.6391765376895666,2.1901000602811576
1789799561169131800,56.1881318359375,0.4325929601192474,-0.9954220734357834,1.143252335512638
1789799561179102700,56.198102783203126,-0.06654314553227741,0.6458025800794363,0.5100906258195639
1789799561189074700,56.20807470703125,0.44466450618505476,1.8626742785543202,0.017569558960199357
1789799561199045600,56.21804565429687,0.33246143780648707,2.608628254690766,-0.08489362117052078
1789799561209016800,56.228016845703124,-0.2107633958518505,3.0106314307570456,0.33196927037537094
1789799561218987800,56.23798779296875,-0.28911387898921964,2.8731004443764685,0.9576800795406103
1789799561228958700,56.247958740234374,1.1476789197832344,2.219015773642063,1.0941215171188114
1789799561238929700,56.2579296875,2.70513574128747,1.522867154160142,0.49061786358654497
1789799561248900600,56.267900634765624,2.2022341501891614,1.3271335696578026,0.15540858837664126
1789799561258871800,56.277871826171875,0.09876257204711436,1.213538754659891,1.2404630019426346
1789799561268842800,56.2878427734375,-1.3997773655861616,0.790218065276742,2.619333773100376
1789799561278814000,56.29781396484375,-0.9040461045086383,0.15988777961730957,3.4023259787768123
1789799561288784600,56.30778466796875,0.433116143743135,-0.28982056595385075,3.447394370037317
1789799561298756900,56.3177568359375,0.9111626585155725,-0.38053251801431176,2.99965703227818
1789799561308727800,56.32772778320312,0.09718439947757869,0.07539046428799628,2.867504231804609
1789799561318698800,56.33769873046875,-0.7683961095690727,0.5145031815648079,2.761374345859885
1789799561328669700,56.34766967773437,-1.3694792579561472,0.18690496588051317,2.242456854984164
1789799561338640600,56.357640625,-1.4475456634551287,-0.4044032229453325,2.5470208165615795
1789799561348611800,56.36761181640625,-0.21515724689662455,-1.1933680732905865,2.72344939661324
1789799561358582800,56.377582763671874,0.7286556353330612,-1.9858593441963195,3.0386434732764958
1789799561368553700,56.3875537109375,1.1004472130089997,-2.3004724061012265,2.7844161987513303
1789799561378524700,56.397524658203125,0.4315180243641138,-2.2375065391004085,2.054179431706667
1789799561388495600,56.40749560546875,-1.0688982285350561,-1.994728294828534,1.00257136066854
1789799561398466800,56.417466796875,-1.833770840153098,-1.4118600175678728,-0.33770635272264476
1789799561408438800,56.42743872070312,-1.526831966137886,-0.40301965963244435,-1.3161089022964239
1789799561418409700,56.43740966796875,-1.0505378114581108,0.3127975369155407,-2.065604496562481
1789799561428380700,56.44738061523437,-1.5018214435219763,0.15619360127449033,-2.152045931696892
1789799561438351600,56.4573515625,-2.1061171242147685,-0.6463888555347919,-0.40259880387187
1789799561448322800,56.46732275390625,-1.2456938883334399,-1.3878840986967087,2.8445383667588233
1789799561458293800,56.477293701171874,1.1607020674854516,-1.6076432864308356,5.871208493646979
1789799561468264700,56.4872646484375,1.5269284122496842,-1.2715642426490783,7.612792048490047
1789799561478235600,56.497235595703124,0.3727542852282524,-0.8442612056314944,5.979697509938478
1789799561488206600,56.50720654296875,-0.6066203242480754,-0.3495739006489515,2.6021839008569714
1789799561498177800,56.517177734375,-1.1699246538609265,-0.19278876322209834,1.4210446100205183
1789799561508148700,56.527148681640625,-0.07298515671193599,-0.6073404552161693,0.6311994697093963
1789799561518120000,56.537119873046876,0.5378203442662954,-1.4670710326582193,-0.07533201209902762
1789799561528091600,56.54709155273437,0.10306932933032512,-2.2718132978498935,-0.44005905821621416
1789799561538062800,56.55706274414062,0.024692533574765547,-2.7898171810120345,-0.4878332013040781
1789799561548033800,56.56703369140625,0.4472796571195125,-2.6921011954084038,-0.07759761894345284
1789799561558004700,56.57700463867187,1.2106395260870455,-2.558297705118358,0.2139133843153715
1789799561567975400,56.58697534179687,1.5793898363709449,-2.4160449509128927,0.5420914457142353
1789799561577946400,56.5969462890625,1.5410112981379032,-1.991391843882203,1.3724497981995343
1789799561587917600,56.60691748046875,1.174075343799591,-2.1923469624251126,1.1165367625445126
1789799561597888500,56.616888427734374,1.051684643405676,-3.0623762310415503,-0.6263800867289304
1789799561607859700,56.626859619140625,1.3512345762133597,-2.7950390073135494,-1.4265116432547569
1789799561617830400,56.636830322265624,1.9211504329204558,-1.3215870414465665,-1.0375614255070686
1789799561627801300,56.64680126953125,2.118417218339443,0.27484453061819075,-0.7299053431332111
1789799561637772500,56.6567724609375,1.4809446597099303,0.4901435240730643,-1.4496668933928012
1789799561647744500,56.66674462890625,0.8502828770738095,-0.5864873445406555,-3.1387182969659566
1789799561657715500,56.67671557617187,1.0041501542925835,-1.425972421811521,-4.183018090817332
1789799561667686400,56.68668627929687,1.0478723916411399,-1.437669873867929,-5.550920308715105
1789799561677657600,56.69665771484375,0.7752771012544631,-0.7319619834020733,-6.926701297163963
1789799561687628500,56.706628662109374,1.1200713664114474,0.34993455065488815,-7.191796587184071
1789799561697599700,56.716599853515625,2.4319801866695285,0.877893718381226,-6.332083545398712
1789799561707570400,56.7265703125,2.423173049227148,0.9030360506832599,-5.54837413136363
1789799561717541400,56.73654125976562,1.5800401169732212,1.2092612234711646,-4.831137131145597
1789799561727512600,56.7465126953125,1.1117232247829436,2.2400030320912596,-4.719580543977022
1789799561737483500,56.7564833984375,1.1334991493918,3.3665962014868853,-5.569714441034198
1789799561747455500,56.76645556640625,0.8340285654306411,2.917617339234054,-6.280980550149083
1789799561757426400,56.77642651367187,0.1183073035378009,1.1633581349521875,-6.034544952413439
1789799561767397600,56.78639770507812,-0.22120061871409416,0.20030863733291626,-4.80973836928606
1789799561777368600,56.79636865234375,0.0003343465209007263,0.48459085838198657,-4.249835957071185
1789799561787339500,56.80633959960937,-0.4891150578081608,0.6195131235688924,-4.591470296892523
1789799561797310500,56.816310546875,-0.7166355271935463,0.7589774160996079,-4.373838184314966
1789799561807281400,56.82628149414062,-0.7955646870017051,0.6947489818170667,-4.356863084116577
1789799561817252600,56.836252685546874,-0.7878687987368553,0.40288580411970615,-4.564420377403497
1789799561827223600,56.8462236328125,-0.5972657089907676,0.04517214389592409,-4.639928330591321
1789799561837194500,56.856194580078125,-0.4139502555022016,0.05486556265354156,-3.414389341536164
1789799561847165700,56.866165771484376,0.04307579267118126,0.5840995726212859,-1.4484388129025696
1789799561857136400,56.876136474609375,0.02353988380776718,0.5175701679199933,0.0912754311621189
1789799561867108600,56.88610864257812,-0.4680255080282688,-0.18953063820898533,0.9308546164572238
1789799561877079600,56.89607958984375,-1.2698480863809585,-1.1355749327525495,0.6920669031262398
1789799561887050800,56.90605078125,-2.0598837808281183,-2.02965786165148,-0.22595862689614293
1789799561897021400,56.916021484375,-1.5954647728592157,-2.6882763764232394,-0.9192553640782832
1789799561906992400,56.92599243164062,-0.8263671639572828,-3.0320319461822507,-1.2736439715325831
1789799561916963600,56.935963623046874,-0.9110241268277168,-2.8274972155869005,-0.9946399831473827
1789799561926934500,56.9459345703125,-0.9998837290197611,-2.305534950187802,-0.7902648270279169
1789799561936905700,56.95590576171875,-1.1416302872687578,-1.794465834724903,-1.0763742635041476
1789799561946876400,56.96587646484375,-1.0285767395406962,-1.2728893537729977,-1.4616104291647671
1789799561956847400,56.975847412109374,-0.3267226384261623,-0.738620564508438,-1.798594897353649
1789799561966818600,56.985818603515625,0.5172936525335535,-0.20531506731808186,-1.3847843791157006
1789799561976790500,56.99579052734375,0.9195499631106853,-0.0003559738308191299,0.10737784017920493
1789799561986761500,57.00576147460937,0.7844488342255354,-0.4824059155583381,1.9691174682319164
1789799561996732400,57.015732421875,0.3622170725902542,-2.0556202781647444,2.9720898109167813
1789799562006703600,57.02570361328125,-0.2941431783933192,-3.2691461733430622,3.5080420232236382
1789799562016674600,57.03567456054687,-0.5848889694333076,-3.150841865479946,3.45887730256021
1789799562026645500,57.0456455078125,-0.2941138792335987,-1.723802398958802,3.0506898849010464
1789799562036616400,57.05561645507812,-0.16612824490945785,-0.05013911865353584,2.9096435838758943
1789799562046587400,57.06558740234375,-0.82058397744596,0.8715180458694696,3.2917361908137797
1789799562056558600,57.07555859375,-1.565885042631626,0.9286842866808176,4.045666552656889
1789799562066529500,57.085529541015624,-1.485835354360938,0.3816132989883423,4.73506452883482
1789799562076500500,57.09550048828125,-0.6994768871217966,-0.5082289236009121,5.53380843039453
1789799562086471700,57.1054716796875,0.5904909906914457,-1.6449883899629114,5.70499677170515
1789799562096443400,57.115443359375,1.6338251909136772,-2.715396438539028,6.02958411513567
1789799562106414600,57.12541455078125,1.9380144739598035,-3.317671427059173,5.782847488626837
1789799562116385500,57.13538549804687,2.34947872133255,-2.2695284017831088,4.520300080648064
1789799562126356500,57.1453564453125,1.6289584616601467,-0.6872989580720663,3.4248756642371414
1789799562136327400,57.15532739257812,0.6873240925133228,0.5490735596865415,2.6623522460937497
1789799562146298600,57.165298583984374,0.436092492672801,1.0330600224345923,1.7486673756241797
1789799562156269600,57.17526953125,0.1924549646904692,0.9769593650281428,1.7329904985427855
1789799562166240500,57.185240478515624,-0.036133974176645274,0.37011926054954525,2.2082553101748226
1789799562176211700,57.195211669921875,-0.8348696924299002,-0.6023457156687975,3.077675506982207
1789799562186182400,57.205182373046874,-1.179836391544342,-1.1647200709551573,3.57905851021111
1789799562196153600,57.215153564453125,-0.2735305254101753,-0.8928986875504255,3.105146866753697
1789799562206124500,57.22512451171875,0.37087793342974035,-0.18692308605909347,2.3989064768463373
1789799562216096500,57.23509643554687,0.16016075133979318,0.8505740420401096,2.018375127875805
1789799562226067500,57.2450673828125,-0.14441785981748254,1.7130542104512452,1.3136176700025797
1789799562236038400,57.25503833007812,-0.2227969845274463,2.171502911838889,0.14246376660764218
1789799562246009600,57.26500952148437,0.41697219713926315,2.5836042880713936,-0.9176187027871608
1789799562255980500,57.27498046875,0.31471060399524864,2.6030267814218995,-1.3096663020282984
1789799562265951700,57.28495166015625,0.08855035357978194,2.1559271570444105,-1.011844215926528
1789799562275922400,57.29492236328125,0.000565744123980403,1.341452017867565,-0.20564649122953413
1789799562285893400,57.30489331054687,-0.3487947329699993,0.6518073734521865,0.8521031513035296
1789799562295864600,57.314864501953124,-0.6004436814397573,0.2657522926241159,1.8860908099770546
1789799562305835500,57.32483544921875,-0.6300760186374187,0.09059563220441341,2.3107675901442764
1789799562315806700,57.334806640625,-0.4816618557253852,0.029593758752942085,2.3325509674072262
1789799562325777400,57.34477734375,-0.7525672567963599,-0.17307751605808733,1.8276643399715422
1789799562335749600,57.35474951171875,-1.5711568455547094,-0.24229835180044174,1.4947119037777186
1789799562345720600,57.36472045898437,-2.112132438981533,-0.44343993282616134,2.467225395312905
1789799562355691500,57.37469140625,-1.3814064271152018,-1.3328197986006736,5.34659892860949
1789799562365662500,57.38466235351562,1.1581477068275212,-2.5210189448207614,8.308741930529475
1789799562375633400,57.39463330078125,2.393610124003887,-4.301944914492965,9.632087213820219
1789799562385604600,57.4046044921875,1.3959306270301342,-6.467554092118144,7.888298257887363
1789799562395575600,57.414575439453124,-0.06835804490055888,-6.818799725371599,3.7827176270157095
1789799562405546500,57.42454638671875,-0.4480038797408342,-4.8812160440444945,-0.313716405326128
1789799562415517700,57.434517578125,-0.630386984282732,-2.9690567268311976,-1.7950258066952227
1789799562425488400,57.44448828125,-0.8151905939698219,-2.3078899888813496,-1.622811044946313
1789799562435459600,57.45445947265625,-0.0020779753178358077,-2.317521740579605,-0.6143529643267392
1789799562445431600,57.464431640625,1.2654729400366544,-2.2887737850010392,1.0857494100928307
1789799562455402500,57.47440258789062,1.803736936417222,-2.200774014508724,2.7062778970599175
1789799562465373400,57.48437353515625,1.322123048019409,-2.588279001884162,3.3508383681237697
1789799562475344400,57.49434448242187,0.5222703084349632,-3.117129857753217,2.6077730991661547
1789799562485315600,57.504315673828124,0.12011575033240951,-3.1926451174646613,0.7646756277412176
1789799562495286500,57.51428662109375,0.2784042871926911,-2.330863744972646,-1.1613473796516656
1789799562505257700,57.5242578125,0.6027846916079521,-1.2720061411976813,-2.8673984333425757
1789799562515228400,57.534228515625,0.6557037963688374,-0.7949334033608436,-4.362938020116091
1789799562525199400,57.544199462890624,0.6845054548960179,-0.39864451328814027,-5.708929434978962
1789799562535170600,57.554170654296875,1.1430862582307308,0.21190672066807745,-6.419675904133915
1789799562545141500,57.5641416015625,1.580053853237629,1.0298571347400545,-6.323689811062812
1789799562555113500,57.57411352539062,1.923973673647642,1.6968033328741787,-6.002997721505165
1789799562565085000,57.5840849609375,1.7866297342717647,2.0190584339648483,-5.551765527367592
1789799562575056100,57.59405615234375,1.1406630496717989,2.002005884616077,-4.578657577070594
1789799562585027000,57.604027099609375,0.5057844530582428,1.636790762721002,-4.112209109100699
1789799562594997800,57.613997802734374,0.6974797219552099,0.9143947723045944,-3.78144921451509
1789799562604969000,57.623968994140625,1.8659061000823973,0.14674685075432062,-3.1561767967671153
1789799562614940000,57.63393994140625,2.1986931165814396,-0.5065975230067968,-2.5917881790488955
1789799562624911000,57.6439111328125,0.23216398434229193,-1.0224696548372507,-3.015054507896304
1789799562634882000,57.65388208007813,-0.6589722966454923,-1.1585986654654143,-3.2523850081562995
1789799562644853000,57.66385302734375,-0.05104629662632942,-1.2108359254419803,-2.5009365262567997
1789799562654824000,57.67382397460938,0.5459071315448731,-1.1558514125838875,-1.7063678645551204
1789799562664795000,57.683794921875,0.25619119500927623,-0.9484946103051304,-2.842075191515684
1789799562674767000,57.69376708984375,-0.4004688791710883,-0.8209615785866975,-5.29096588871479
1789799562684738000,57.703738037109375,-0.108612350410223,-0.2597024910658598,-6.662834087634086
1789799562694709000,57.713708984375,-0.0847661953985691,0.8331643498167395,-6.610578999739885
1789799562704680000,57.723679931640625,-0.3211842569887638,1.7994532677486539,-5.7896291115909815
1789799562714651100,57.733651123046876,-0.32609190277457234,2.1317104151546955,-5.462270549881458
1789799562724622000,57.7436220703125,-0.07440503344722092,1.8809008401185272,-5.732571591851115
1789799562734593000,57.753593017578126,0.3189595301439985,1.3598288015574216,-5.607378693518042
1789799562744564000,57.76356396484375,0.2737526071956381,1.1142208868175745,-4.564513316383958
1789799562754535000,57.773534912109376,-0.41019992652535436,0.8065475610479712,-3.9052491971850394
1789799562764506000,57.78350610351563,-0.8711924671769141,0.12423632826060056,-3.939261356902122
1789799562774477000,57.79347705078125,-0.7398971603155136,-0.4751201424643397,-3.719616150936484
1789799562784448000,57.80344799804688,-0.9152075499922037,-0.5785217724889516,-2.643017431026697
1789799562794420000,57.813419921875,-1.4239315636336802,-0.5781102690786123,-2.0070476781755686
1789799562804391000,57.823390869140624,-1.5759937641918658,-0.8665542859822511,-2.4427403578758238
1789799562814362000,57.833362060546875,-1.0174527034580707,-1.2812775351509451,-2.8589140981137753
1789799562824333000,57.8433330078125,-0.5530886770794168,-1.3612068119123577,-2.080792713344097
1789799562834304000,57.853303955078125,-0.650529024079442,-1.1672370222121475,-0.25440555370151996
1789799562844275000,57.86327490234375,-1.2010322512429208,-1.556287777724862,0.6714683517336845
1789799562854246000,57.873245849609376,-1.0095026212364435,-2.8486855495661496,0.32751346001029014
1789799562864217000,57.88321704101563,-0.21971819813661275,-4.137824027350545,0.28377193343937396
1789799562874188000,57.89318798828125,-0.2904525071818381,-4.662817623269557,1.8969389517277477
1789799562884159000,57.90315893554688,-0.4687784452874213,-4.56501249807775,3.9452451074868438
1789799562894130000,57.9131298828125,-0.15221943694651127,-4.4379877081423995,4.3540421814769505
1789799562904100900,57.92310083007813,-0.022066870379447937,-3.6640824797630307,3.8165193588525055
1789799562914073000,57.933072998046875,-0.024686112967133522,-2.551486563798785,2.8998265387386084
1789799562924043800,57.943043701171874,-0.3844232418425381,-1.4021119460135698,3.0803198840111494
1789799562934015000,57.953014892578125,-0.8063292421221733,-0.6021598377078772,4.480809197258949
1789799562943986000,57.96298583984375,-0.6169809747427701,-0.937316505947709,5.573763424164056
1789799562953957000,57.97295703125,-0.6525170560915022,-1.5440081418663263,5.837421374857425
1789799562963928000,57.982927978515626,-0.5311725768148898,-1.1997609891980885,5.039981541633606
1789799562973899000,57.99289892578125,-0.09312895007431507,-0.5803273606061935,3.914903745236993
1789799562983870000,58.002869873046876,0.0311566972207278,-0.32909517624378204,3.601032441610098
1789799562993841000,58.0128408203125,-0.03345167629010975,-0.04169862256646156,3.3880174674391745
1789799563003812000,58.02281201171875,0.029603695625066755,0.5049374808400869,2.7823879077941176
1789799563013783000,58.03278295898438,0.0694740067858249,0.9487544302850961,1.5915543214172123
1789799563023754000,58.04275390625,0.06490538369603455,1.365011172631383,0.8711468744695187
1789799563033726000,58.052725830078124,-0.2620405786246061,1.5791232943892477,0.6571575023084879
1789799563043697000,58.06269677734375,-0.5502513712942599,1.8648802641659974,0.808776635274291
1789799563053668000,58.072668212890626,-0.06727788498103618,2.090173120629787,1.0359557438760996
1789799563063639000,58.08263916015625,0.4512169965684414,2.141395942866802,1.053590184766054
1789799563073610000,58.09260986328125,0.5561953378578648,1.9785013826489448,0.8633850082963704
1789799563083581000,58.102580810546876,0.4137865163078531,1.3907225369930267,1.0515250689297915
1789799563093551900,58.1125517578125,-0.011553148214891552,0.6394476580947637,2.3121815485954285
1789799563103523000,58.12252319335938,0.03091353611461818,-0.27874913684129715,3.7292128313213584
1789799563113494000,58.13249389648438,0.5618675748080015,-1.3529045552521943,4.706895249927044
1789799563123465000,58.14246484375,1.0706997249990702,-1.7560966488420962,4.786297872465848
1789799563133436000,58.15243579101563,1.0673837323188782,-1.7232757447361946,4.1030005512505765
1789799563143407000,58.16240698242188,0.3017751711091026,-1.228953181412816,3.5198692391395565
1789799563153379000,58.172379150390626,-0.7737591709721833,-0.4350549663186073,3.5575539498895403
1789799563163350000,58.18235009765625,-1.3572832087278366,0.1302981125175953,3.7211218793243166
1789799563173321000,58.192321044921876,-1.3830769906759262,0.20510054778456688,3.8620103594392536
1789799563183292000,58.2022919921875,-0.2739542307149619,-0.10404372732043266,3.1482465882897377
1789799563193263000,58.21226318359375,0.7878320469230413,-0.3740133453786373,2.229228540098667
1789799563203234000,58.22223413085938,0.013477905732393264,-0.4695248066753149,2.4214444718688726
1789799563213205000,58.232205078125,-0.7805004619259387,-0.8244786467969417,3.421567854863405
1789799563223176000,58.24217602539063,0.1845557358732447,-1.3810031070113182,3.3755519536197185
1789799563233147000,58.25214697265625,1.1902584168374537,-2.0313357317358256,2.763337170365453
1789799563243118000,58.2621181640625,0.9111854548692703,-2.7647119658499952,1.5679530810773372
1789799563253089000,58.27208911132813,-0.4707067099362611,-3.2151258293420075,1.04682785102427
1789799563263060000,58.28206005859375,-1.635354884698987,-2.704922390797734,1.4356056348145008
1789799563273032000,58.292031982421875,-1.6635054589062928,-1.4159937563717364,1.0362509274303913
1789799563283003100,58.302003173828126,-1.3626608101129531,0.13684709576964377,0.2639753460794687
1789799563292974000,58.31197412109375,-0.7397773333281278,1.471578865471482,-0.4099222786277532
1789799563302945000,58.321945068359376,-0.4447638749063015,2.2886878602832557,-0.8532038060218096
1789799563312916000,58.331916015625,-0.3254910142719745,2.2297738990217444,-0.8008002495676279
1789799563322887000,58.34188696289063,-0.4141203148394823,1.4608189865261316,0.05907353573739528
1789799563332858000,58.35185815429688,-0.24491174916923045,0.16701134788691996,1.27661509629786
1789799563342829000,58.3618291015625,0.8586492119461298,-1.5133265878766775,2.246916757002473
1789799563352800000,58.37180004882813,1.7172504930973052,-2.946739681082964,2.00271812453866
1789799563362771000,58.38177099609375,1.5445616840958594,-3.283986599600315,-0.16471242329478264
1789799563372742000,58.39174194335938,0.24413082792460916,-2.8031039480865,-1.988426564335823
1789799563382713000,58.40171313476562,-0.8233230470210313,-2.5128707096785305,-2.4510779781103134
1789799563392685000,58.41168505859375,-0.3852899416744709,-1.8854563114657996,-1.7373334961831568
1789799563402656000,58.421656005859376,0.5273755226194858,-1.2194056008666754,0.0864917040169239
1789799563412627000,58.431626953125,0.786141025096178,-1.8278993177711962,1.679148433718085
1789799563422598000,58.441597900390626,0.6818190653562546,-3.3651837043404575,2.4284347691476342
1789799563432569000,58.45156909179688,0.9910907662332057,-4.628199606613815,2.5024837556987998
1789799563442540000,58.4615400390625,1.151820257371664,-3.9523885495007036,3.3389807570695873
1789799563452511000,58.47151098632813,1.16870592572093,-2.575436763706803,4.27856579247117
1789799563462482000,58.48148193359375,1.8200000889539718,-2.5976629163011906,2.379661678150296
1789799563472452900,58.49145288085938,2.688357624965906,-3.370890099288523,-1.9865479109823703
1789799563482424000,58.50142407226563,1.9384978735625742,-2.476854516662657,-4.543139688965678
1789799563492395000,58.51139501953125,1.3905471804261207,-1.1914677926272152,-5.491868984809518
1789799563502366000,58.52136596679688,1.7119126392006874,-0.0413633992627263,-6.258079567033052
1789799563512337000,58.5313369140625,1.4426245736658572,1.135971530854702,-7.3077441027879715
1789799563522309000,58.54130908203125,1.0634943236649035,0.8235562712550163,-9.03636471568346
1789799563532280000,58.551280029296876,2.1840052505373952,-0.2812958987146616,-11.225549999207258
1789799563542250800,58.561250732421875,3.273687323904037,0.5505237584948539,-12.35650282511711
1789799563552222000,58.571221923828126,2.8230548492252825,3.268337195047736,-12.376395274066924
1789799563562192100,58.581192138671874,1.6236859280847011,5.52071572458744,-11.739358768767119
1789799563572163000,58.5911630859375,0.5942940727688372,5.718621976953744,-10.377468358504771
1789799563582134000,58.601134033203124,0.05932897180318832,3.836228267928958,-9.410159449875355
1789799563592105200,58.611105224609375,0.0375403338432312,1.1872469600617885,-7.904517571282386
1789799563602076200,58.621076171875,0.19328498577382414,0.16079758793860674,-5.233009374308586
1789799563612047000,58.631047119140625,-0.19907178901433945,-0.016016776560246943,-2.783150124338269
1789799563622018000,58.64101806640625,-0.9871896671414375,-0.10887918465286493,0.572974659755826
1789799563631989000,58.650989013671875,-1.1897761862784624,-0.8390291501969098,2.5707056435316797
1789799563641961200,58.66096118164062,-2.005368346786499,-1.6179966304019093,2.5149878479629755
1789799563651932000,58.67093188476562,-2.6005419788688418,-1.7214309936523438,2.260468897014856
1789799563661903000,58.68090307617187,-2.2174778965502977,-1.8175047650068998,2.765240958160162
1789799563671874000,58.6908740234375,-1.5673533616185187,-1.982598004312813,3.9554216335862873
1789799563681845200,58.70084521484375,-1.4629671044707298,-2.050447259441018,4.599306981867551
1789799563691816200,58.710816162109374,-1.8303309288322924,-2.1109882373824713,3.4292432117968796
1789799563701787100,58.720787109375,-1.7171756742954254,-2.046326087857783,1.6994845347821712
1789799563711758000,58.730758056640624,-1.0051924298871309,-1.7872735851332544,-0.6064665949910879
1789799563721729000,58.74072900390625,-0.16778470687959343,-1.273733987903595,-3.0029940677464007
1789799563731700200,58.7507001953125,-0.21180793646872043,-0.6033209904417395,-4.880748426532745
1789799563741671200,58.760671142578126,-0.789470534845069,0.03307458660602569,-5.839283077076077
1789799563751643100,58.77064306640625,-0.8007038034558296,0.4191092091679573,-5.939238658300042
1789799563761614000,58.78061401367187,-0.3149666245829314,0.842046452191472,-5.255974070310592
1789799563771585300,58.79058520507812,0.39337862864919004,1.5470844805717467,-3.755948862555623
1789799563781556200,58.80055615234375,0.15299809316881,1.9277473469674586,-1.8915794705212114
1789799563791527000,58.81052685546875,-0.3861065918195992,1.1887088493078946,-0.6709907973498106
1789799563801498000,58.820498046875,-0.6648240183483809,-0.21219372091591357,0.7784995704323053
1789799563811469000,58.830468994140624,-0.9656459438532591,-2.170560662552714,3.705979839771986
1789799563821440300,58.840440185546875,-0.45153263838887214,-4.345189012935758,6.864634424829482
1789799563831411200,58.8504111328125,-0.31502514983713625,-5.554792766234279,8.638517490252852
1789799563841382100,58.860382080078125,-0.3611052754234522,-4.594583460476994,7.047740582948923
1789799563851353000,58.87035302734375,-0.7652513087373226,-1.7333043867975473,5.060279064252972
1789799563861324000,58.880323974609375,-1.8565438129752874,0.21928455595970153,4.775222351700068
1789799563871296300,58.89029614257812,-1.917216600602865,0.6876297974616289,4.69468692573905
1789799563881267000,58.90026684570312,-0.7286860304713249,0.6008744740724563,4.274228640049696
1789799563891238100,58.91023803710937,0.01599482045676559,0.48281975705623625,3.47568113784492
1789799563901209000,58.920208984375,0.4531931920122355,0.24384499672055243,2.733103360143304
1789799563911180000,58.93017993164062,0.664779667750001,-0.6109960551142692,2.7540233985751867
1789799563921151200,58.940151123046874,1.0796423253893852,-1.903695440250635,2.9207436545610426
1789799563931122200,58.9501220703125,1.8632693218380212,-2.5407249312877656,3.2605349968641995
1789799563941093000,58.960093017578124,2.0842565900623797,-0.9518500582128763,3.3837919586986303
1789799563951064000,58.97006396484375,1.9749393062531946,0.9631681555628776,2.5019138468563553
1789799563961035000,58.980034912109375,1.0921125153839588,1.7700106079041957,1.5860042860746382
1789799563971006200,58.990006103515626,-0.829192815837264,2.038013894325495,1.5114824213147162
1789799563980977200,58.99997705078125,-1.6397686094880104,2.002794696906209,2.9115047015726563
1789799563990949000,59.00994921875,-0.5384136339843273,0.8299182075023651,4.465502907055616
1789799564000920000,59.01992016601562,0.7140086858212947,-0.6493044507205485,5.0190439675450325
1789799564010891300,59.029891357421874,1.363164667981863,-1.4410311669945717,4.704261978814006
1789799564020862200,59.0398623046875,0.9459896417468786,-1.6402397341310977,4.408852214550972
1789799564030833000,59.0498330078125,1.1459691932559013,-1.314077688729763,3.9860762995690107
1789799564040804000,59.05980419921875,2.172933236902952,-0.8678449103146791,2.6877579055070875
1789799564050775000,59.069775146484375,2.5257243460327383,-0.22337737823128698,0.9174544521361588
1789799564060746200,59.079746337890626,1.7853344337642192,0.5582938079744577,-0.12326631418466567
1789799564070717200,59.08971728515625,0.35352468410134313,0.9504963055163621,-0.40657004559040066
1789799564080687900,59.09968798828125,-0.5259534173944964,0.8620295020341873,-0.6032645840793848
1789799564090659000,59.1096591796875,-0.37584235090408474,0.5501555097043513,-0.7198352000176906
1789799564100630000,59.119630126953126,0.2244873852998018,0.32951661652624603,-0.9031184682697058
1789799564110602200,59.129602294921874,-0.5100204831928015,0.08970598988831043,-0.9976888493239879
1789799564120573000,59.13957299804687,-1.7764134606838224,-0.08340425939559937,-0.38585108268857
1789799564130544000,59.149544189453124,-1.557255745974183,-0.07988134596645832,0.35201661762595177
1789799564140515000,59.15951513671875,-0.697078082351759,-0.23502046975195406,0.6230868904024363
1789799564150486300,59.169486328125,-0.5810094611188397,-0.5098667539358138,0.9469342291206121
1789799564160457200,59.179457275390625,-0.4640986899733543,-0.9185568604201078,1.0258154581338166
1789799564170428200,59.18942822265625,-0.4258779361179098,-1.027594158244133,1.5731278533667326
1789799564180399000,59.199399169921875,-0.2501560430308804,-0.7564344536185265,2.507540454566479
1789799564190370000,59.2093701171875,-0.6197568691968918,-0.738922762325406,3.260827257809043
1789799564200341200,59.21934130859375,-0.8044593565970659,-1.101334517237544,3.753186996626854
1789799564210312200,59.22931225585938,-0.34392040493190285,-1.68104170011878,3.8275843582242723
1789799564220283100,59.239283203125,0.6211357563346624,-2.2469354617029427,3.069098232772946
1789799564230255000,59.24925512695312,1.443376853337884,-2.751840209317207,1.5454980881631373
1789799564240226000,59.25922607421875,0.6256213773161172,-2.9362305620282885,0.7774684738188982
1789799564250197200,59.269197265625,-0.5331862547248601,-3.091599987438321,1.0605798975229264
1789799564260168200,59.279168212890625,-0.6731640497356652,-3.196305393537879,1.9047078321635722
1789799564270139100,59.28913916015625,-0.2878174094378948,-3.0903491105943917,2.690996156775951
1789799564280110000,59.299110107421875,0.01104278297338169,-2.8155630321651697,2.1044091512531042
1789799564290081000,59.3090810546875,0.11722586497664451,-2.501910924246907,0.6097901864558458
1789799564300052200,59.31905224609375,-0.21801146728396414,-2.2577865260630845,-0.1890168434679508
1789799564310023200,59.329023193359376,0.3211690594196319,-1.8797031547665595,0.03779927704036236
1789799564319994000,59.338994140625,0.8147884429097175,-1.566368149973452,0.4922007488638162
1789799564329965000,59.348965087890626,1.1689677915275096,-1.6470456147536634,0.9491448909074067
1789799564339936000,59.35893603515625,1.3957073396682738,-2.106274360603094,0.4115659541815519
1789799564349908200,59.368908203125,1.578419530034065,-2.3613386704742907,-1.3177414719343186
1789799564359879000,59.37887890625,1.5718402977742254,-2.0659613471761347,-2.7696330556392668
1789799564369850000,59.38885009765625,1.8655929424799977,-1.6826178633943198,-3.9664492235571145
1789799564379821000,59.398821044921874,2.1764032511010765,-1.3375275379002094,-4.800795768895745
1789799564389792300,59.408792236328125,1.8090005560338496,-0.37477702322751283,-5.12363889900744
1789799564399763200,59.41876318359375,1.5398375781834124,0.5892997716128826,-5.543530782985687
1789799564409734000,59.42873388671875,1.6501415349423885,0.5060694074794649,-6.481762065690756
1789799564419705000,59.438705078125,1.799061345821619,0.40526743855923414,-6.891633490914106
1789799564429676000,59.448676025390625,1.6931939102053641,0.89170597063452,-6.280889364734292
1789799564439647200,59.45864721679688,1.8469383647620676,1.7430501202642916,-5.0830590513378375
1789799564449618200,59.4686181640625,1.5183797796130178,1.4701447410151363,-5.561283297297358
1789799564459590100,59.47859008789062,1.4372691841125487,0.7810904637083411,-6.655395462065934
1789799564469561000,59.48856103515625,1.197022504144907,0.978812883940339,-6.556545211735368
1789799564479532000,59.49853198242187,-0.20168832818828522,1.0831421502038836,-5.162717694464326
1789799564489503200,59.508503173828124,-0.7862344755332916,0.10926672266572714,-4.508279972508549
1789799564499474200,59.51847412109375,-0.3432767732661217,-0.7652350151896476,-6.025376142051815
1789799564509445000,59.528445068359375,0.4674106640655547,-0.22637188387215137,-7.649367921215295
1789799564519416000,59.538416015625,0.4677110352516174,0.9389844391599297,-6.965434640184045
1789799564529387000,59.548386962890625,-0.26120062066912647,1.7711898808166384,-5.333755229127407
1789799564539358200,59.558358154296876,-0.9381681543409823,1.959071290513873,-4.361464440432191
1789799564549329200,59.5683291015625,-1.0804477965533732,1.5868521350756286,-4.381285577711463
1789799564559300000,59.578300048828126,-0.3501835569798946,1.1671627879321576,-4.567281027531624
1789799564569271800,59.58827172851562,-0.44022915408611296,1.063456329742074,-3.53608796801269
1789799564579242800,59.59824267578125,-0.9272504544854163,1.0922814422100782,-1.02547351282835
1789799564589214700,59.608214599609376,-1.346025317132473,0.3454948146417737,0.9254787686377763
1789799564599185700,59.618185546875,-2.473963763657212,-0.7457555309548973,1.4859218636006115
1789799564609156900,59.62815698242188,-3.083425448811054,-1.8716142485961318,0.1468926889657974
1789799564619127800,59.6381279296875,-2.4613749157190323,-2.8913305130720137,-1.2738596601098775
1789799564629098800,59.6480986328125,-1.3834195205032824,-3.3524273908808824,-1.3798492608010768
1789799564639069700,59.65806958007813,-0.9033271425843238,-2.952013529832661,-0.5479822573184967
1789799564649040600,59.66804052734375,-0.9141279380619526,-2.264339600968361,0.49655777502954
1789799564659011800,59.67801171875,-1.0645845300544052,-1.720326247280836,0.7416057177990675
1789799564668982800,59.68798266601563,-0.9277298355001956,-1.3945306971043347,0.217948338919878
1789799564678953700,59.69795361328125,-0.5605372029870748,-1.13435240522027,-0.19097499179840086
1789799564688924700,59.70792456054688,-0.4987094001054764,-0.8740957874029874,0.3769149120390415
1789799564698895600,59.7178955078125,-0.3638490942388773,-1.0128332269638776,0.9086042062044143
1789799564708867800,59.72786791992188,-0.16422778158299625,-1.2120400405347347,1.187574292320013
1789799564718838800,59.7378388671875,-0.6281371595293284,-1.4558289231538772,1.5516577798366546
1789799564728809700,59.74780981445313,-0.7885081195537,-1.5840777019262313,2.148680839177966
1789799564738780700,59.75778076171875,-0.6647866820126771,-0.9004489567995071,3.1439439226597545
1789799564748751600,59.76775170898438,-0.1204823825545609,-0.3884785085827112,3.9662908181250094
1789799564758722800,59.77772290039063,0.3071510554611683,-1.3286813836216926,4.928524323186278
1789799564768693800,59.78769384765625,0.13992803758494554,-3.135554864498973,6.030165714415907
1789799564778664700,59.79766479492187,-0.395754710130766,-4.147673805713653,6.156892398187518
1789799564788635600,59.8076357421875,-0.6363315719008446,-3.4700533610910176,5.966390869119763
1789799564798606600,59.81760668945312,0.31495844127647576,-1.7488731273293494,5.129515682086348
1789799564808577800,59.82757788085937,0.6370113708585501,-0.20738369028568265,3.662603054860234
1789799564818548700,59.837548828125,-0.5744364759366959,0.5962655189722776,2.6225480589717627
1789799564828520700,59.84752075195313,-1.3357558520525694,0.9328308849662542,2.1816139714866876
1789799564838491600,59.85749169921875,-1.5258850406765936,1.0022475355416536,1.7333189998447893
1789799564848462800,59.867462890625,-0.21749880505409092,0.6977735903352499,1.9504501771628855
1789799564858433800,59.87743383789063,1.7874176697790622,0.559190464553237,2.4555647681355475
1789799564868404700,59.88740478515625,2.70895851444602,1.1526830116808413,2.0778134052723645
1789799564878375700,59.89737573242188,1.9895377404481172,1.7360095541030167,1.5023586191385983
1789799564888346600,59.9073466796875,0.04991053406205028,2.1523072129815817,1.7145312972664832
1789799564898317800,59.91731787109375,-1.0684849715590476,2.3163959514200685,2.3691367770045995
1789799564908288800,59.92728881835937,-0.11035188755393027,2.2485826443880796,2.4154040226608515
1789799564918259700,59.937259765625,0.9903115985542535,2.674042099365592,1.4527759653240442
1789799564928230700,59.94723071289062,2.4450316836833954,2.601485981720686,-0.835785638231039
1789799564938201600,59.95720166015625,0.3800642794480547,1.857014353096485,-0.21786709037721155
1789799564948173800,59.967173828125,-1.9740800590753553,1.1845552367597818,3.0027246031552552
1789799564958144800,59.97714477539063,-0.6884732625484467,-1.0308213035970926,4.953893742242455
1789799564968115700,59.98711572265625,2.042765472766757,-4.246906333360076,5.967396246770024
1789799564978086700,59.99708666992188,3.2731174150615927,-5.701632263708114,6.314073841455579
1789799564988057900,60.00705786132813,1.5552081657946109,-4.675874673241377,6.151481479054689
1789799564998028800,60.01702880859375,-0.8992197803307325,-2.944448939797282,5.1164206381917
1789799565007999700,60.02699975585937,-1.1756178240012376,-1.618798886695504,3.163132022732496
1789799565017970700,60.036970703125,-0.9197101221084594,-1.2988935636013745,1.696401766335964
1789799565027941600,60.04694165039062,-1.239455286204815,-1.3079051375746726,1.0469950242847204
1789799565037912800,60.05691284179687,-1.5860703370481728,-1.2053799981236457,1.398113231766224
1789799565047883800,60.0668837890625,-2.2726526712834834,-0.9140051884651184,2.5000726029038427
1789799565057854700,60.07685473632812,-1.875921882662177,-0.6013444296717644,2.372395486539602
1789799565067826700,60.08682666015625,-0.592070405369997,-0.473235936152935,0.8553583537071943
1789799565077797600,60.09679760742188,0.0378997965390794,0.019885434687137604,-0.4650830248355865
1789799565087768800,60.10676879882813,0.21769290285408496,0.44697804382443423,-1.6368313869923352
1789799565097739800,60.11673974609375,0.16887423741566016,0.1812187369376421,-2.04796304140985
1789799565107710700,60.12671069335938,-0.30112521930038927,-0.33755496155321596,-1.5180822579711675
1789799565117681700,60.136681640625,-0.08155601031356491,-0.9257230987876653,-1.501016556879878
1789799565127652600,60.14665258789063,0.7847685676991939,-1.1457429832845925,-2.047400146830082
1789799565137623800,60.15662377929687,1.2622697600811719,-0.8596680335998534,-2.6472704122960566
1789799565147594800,60.1665947265625,1.09110304608047,-0.38888182868659493,-2.87322845467031
1789799565157566000,60.17656591796875,-0.23083120136857033,-0.1446411106467247,-1.4991419951796532
1789799565167536600,60.18653662109375,-1.137866550821066,-0.35068332319557666,1.9220558573275803
1789799565177507600,60.19650756835937,-0.2535930682748556,-1.5284221579387782,5.710657866206764
1789799565187479800,60.20647973632813,0.5775286697983741,-3.5826869298413393,7.351882519721984
1789799565197450800,60.21645068359375,-0.11371756459474563,-4.875146661002933,7.008456620308756
1789799565207421700,60.22642163085938,-1.0373246941417456,-4.434013836075366,5.151954308387637
1789799565217392600,60.236392578125,-0.8019125947237015,-2.924345478445291,3.4052404049187897
1789799565227363800,60.24636376953125,0.2296726789832115,-2.1658403560325503,2.2628970009446143
1789799565237334800,60.25633471679687,0.910307502990961,-2.7252351109862327,0.9199866009622811
1789799565247305700,60.2663056640625,0.5873591954717412,-3.5638694166466593,-0.852690011280775
1789799565257276700,60.27627661132812,0.832570840902999,-3.936124520181119,-3.054222735202312
1789799565267247600,60.28624755859375,2.6456103701293467,-3.2429861884310838,-5.131169879034161
1789799565277218800,60.29621875,4.63410941517949,-1.4503881934046745,-4.932877257698774
1789799565287189800,60.30618969726562,5.4955953118562695,0.34523616370558735,-3.7147991060435768
1789799565297160700,60.31616064453125,4.7862744915902615,1.0085887212619185,-3.7000948733866212
1789799565307132700,60.32613256835938,3.0493256108105182,0.6308078400433064,-6.137208039030432
1789799565317103600,60.336103515625,1.8254243059597908,0.7374412915959954,-9.026157794445753
1789799565327074800,60.34607470703125,2.650442028069496,1.5590847149670124,-10.385609579384326
1789799565337045800,60.35604565429688,2.8615877012372017,3.031842853350937,-8.497479957056045
1789799565347016700,60.3660166015625,-0.5747251566849648,3.9397587850302456,-5.130675958037376
1789799565356987600,60.37598754882813,-1.4283692538201809,2.544940503156185,-4.503209245115518
1789799565366958800,60.38595874023437,-0.640729368468374,0.30877164240032434,-7.049299502828717
1789799565376929800,60.3959296875,0.1124002714511007,-0.8652513866901397,-9.724263977736234
1789799565386900700,60.40590063476562,0.1368283180039376,-0.06389350323975086,-8.040360458445548
1789799565396871700,60.41587158203125,0.3420656439106911,2.0667145036309957,-4.6966281229346984
1789799565406842600,60.42584252929687,0.010391557089611887,3.2073917279586195,-3.5049294441610575
1789799565416814800,60.43581494140625,-0.3986778310358524,2.421950667825341,-4.41344480303824
1789799565426785800,60.44578588867188,0.22950897632148115,1.0867650168761611,-4.947837510943413
1789799565436756700,60.4557568359375,0.07826510640885681,0.5585664874359965,-4.557116191869974
1789799565446727700,60.46572778320313,-0.6899801599800587,0.6512161295607686,-3.990751305642724
1789799565456698600,60.47569873046875,-1.2987737366139889,0.4502914061561227,-3.691542149096727
1789799565466669800,60.485669921875,-1.4957149433404207,0.19571487980186938,-2.6774294037163258
1789799565476640800,60.49564086914062,-2.170564754205942,-0.02631342190802097,-0.8338187220722436
1789799565486612000,60.50561206054687,-3.118023299461603,-0.29110008437037466,0.48714463451802725
1789799565496582700,60.51558276367187,-2.8134809651941057,-0.9988447413608431,-0.10848901629149914
1789799565506553600,60.5255537109375,-1.535118148446083,-2.00173028254509,-0.3634568800508976
1789799565516524800,60.53552490234375,-0.659227294319868,-2.623235164453089,0.2435720249980688
1789799565526495700,60.545495849609374,-0.4309808852801099,-2.878657786242664,1.6169664105713366
1789799565536467700,60.5554677734375,-0.47902854807972906,-3.2880104482889174,3.2609903394162654
1789799565546438700,60.56543872070313,-0.7555524100869894,-3.886407718592882,3.8385499888747927
1789799565556409900,60.57540991210937,-1.0925041450500488,-4.3222792619913815,2.823919357100129
1789799565566379500,60.585379638671874,-1.0451315685003995,-4.03014691196382,1.1528770729482174
1789799565576350700,60.595350830078125,-0.28713465133812277,-3.167546332043409,-1.284785543271899
1789799565586321700,60.60532177734375,0.2985154021281749,-1.7330746696949004,-3.4666835923969743
1789799565596292600,60.615292724609375,0.2362163650056347,-0.2018786631286144,-4.505272022864222
1789799565606263600,60.625263671875,-0.1551636737048626,1.3463742767006157,-3.9558904201418157
1789799565616234500,60.635234375,-0.592525784454681,2.856769487300515,-2.143174058455229
1789799565626205700,60.64520581054688,-0.49858255885541436,3.557377424278855,-0.6181330673873424
1789799565636176600,60.6551767578125,-0.39295769982337947,3.0421394986987114,0.7514882293879985
1789799565646148600,60.66514868164062,-0.39638478819523004,1.7143775680094957,3.2248072654008864
1789799565656119600,60.67511962890625,0.12428455131649971,0.2562643333107233,5.734101285636425
1789799565666090800,60.6850908203125,1.3492290816098451,-1.365368900027871,6.9156643548429
1789799565676061700,60.695061767578125,1.9158406360745428,-2.676718040576577,7.214550270783901
1789799565686033000,60.705032958984376,1.4762351668447256,-3.846289643216133,6.539780539417267
1789799565696003600,60.715003662109375,0.8527425451856107,-3.5461417445152996,4.783203998103738
1789799565705974500,60.724974609375,0.16960308141317218,-1.8376374524533747,3.2601714242488145
1789799565715945700,60.73494580078125,-1.1397557255685329,-0.47115094657242296,3.2363439739376303
1789799565725916700,60.744916748046876,-2.302452766263485,0.31067689149975775,3.5602322291880846
1789799565735888000,60.75488793945313,-2.3564731102645395,0.3467138350427151,3.84062504158318
1789799565745858600,60.764858642578126,-1.4934095890074968,-0.1677121896326542,4.449060306298732
1789799565755829500,60.77482958984375,-0.13780104462676682,-1.5157605370253324,5.510033002531528
1789799565765801700,60.7848017578125,1.983985951539874,-3.0089293030142783,6.373020535942912
1789799565775772700,60.794772705078124,4.211123072317243,-2.996944850710034,5.957268820509314
1789799565785743600,60.80474365234375,4.832919922909141,-1.02284374884665,4.133489213016629
1789799565795714600,60.814714599609374,3.6768320712208746,0.524624178084731,1.8495856644004582
1789799565805685800,60.824685791015625,1.700734242582321,1.059791377493739,0.35919746904075145
1789799565815656700,60.83465673828125,-0.24370529598891733,1.2912521089375018,0.2492401337623596
1789799565825627600,60.844627685546875,-0.3394020507246256,1.666716822168231,0.5898129818320273
1789799565835598600,60.8545986328125,0.4419277746975422,1.929848703160882,0.3651321197867393
1789799565845569500,60.864569580078125,1.2350298709779977,1.7411387336850166,-0.7169125905692577
1789799565855540700,60.87454077148438,0.6749135237514973,1.0780980185568332,-0.9267138633906841
1789799565865511700,60.88451171875,-0.9702373632967471,0.32778234007954593,1.3213877194821835
1789799565875483600,60.89448364257812,-1.3738631721287966,-0.6721189245969057,3.8882156447976826
1789799565885454600,60.90445458984375,0.5400584785819054,-1.5722107385218143,4.695008997300267
1789799565895425500,60.91442553710937,2.1888106049925087,-1.40701666918993,4.52640599630773
1789799565905396700,60.924396728515624,1.9957827723175285,0.20955343554019926,3.704241471672058
1789799565915367700,60.93436767578125,0.6620592298101633,1.387766025274992,1.4831822095036507
1789799565925338600,60.944338623046875,-1.2139818222522736,1.7216612952768802,0.11457038203179835
1789799565935309600,60.9543095703125,-2.33506265796721,1.4997972442179917,0.41657530677616594
1789799565945280500,60.964280517578125,-1.54780578058362,0.6183440797895192,1.0468114844113587
1789799565955251700,60.974251708984376,0.03294306918084621,-0.7838847706019878,1.1091928295224904
1789799565965222700,60.98422265625,0.36031799750328064,-2.026878752326965,0.8356161268830299
1789799565975193900,60.99419384765625,-0.711423345503211,-2.6013205620259043,1.0098626867204903
1789799565985164500,61.00416455078125,-1.2748293819248675,-3.1236902391821144,1.4458020346581935
1789799565995136800,61.01413671875,-0.4276256931006908,-3.2915392069369553,1.354383980154991
1789799566005107700,61.024107666015624,1.0413134715169667,-2.85912920216918,0.8277449551165104
1789799566015078700,61.03407861328125,1.8474848927289247,-1.9750532880216836,0.5762649334728718
1789799566025049600,61.044049560546874,1.0093564907640218,-1.1499883657693861,0.9036638271927833
1789799566035020500,61.0540205078125,-0.4795487725615501,-1.2295540699154137,1.2691507517665623
1789799566044991700,61.06399169921875,-1.0115987167328595,-1.6847633509904145,1.8194862942129373
1789799566054962700,61.073962646484375,-0.36676410490274425,-1.6588211004823445,3.558390400713682
1789799566064933600,61.08393359375,0.24814589051855726,-1.4268576802134514,5.230560227590799
1789799566074904600,61.093904541015625,-0.4704115263819694,-2.7291449779063464,2.8887960261583325
1789799566084875500,61.10387548828125,-1.4170961646556854,-3.795114751774072,-0.1337006144374609
1789799566094846700,61.1138466796875,-1.6772265257447958,-2.859738273978233,-0.17889993860125541
1789799566104817700,61.12381762695313,-0.8276642910957336,-1.5683765671864152,-0.3452566219717264
1789799566114788900,61.13378881835938,0.6732347768843173,-0.6351850322142243,-0.08015490221083164
1789799566124760600,61.14376049804687,1.3550176018834112,-0.3462853804975748,0.6319312911152839
1789799566134731800,61.153731689453124,1.2597452100396156,-1.1208417662620545,0.3867243583917618
1789799566144702700,61.16370263671875,1.1130231284003704,-2.437577568285167,-0.6615227117806672
1789799566154673700,61.173673583984375,1.3269804249227046,-3.0561250616922973,-1.1460270609229803
1789799566164644600,61.18364453125,2.0717489906668662,-2.6827818706601856,-1.4803835186958312
1789799566174615600,61.193615478515625,3.0989433359384533,-2.0693860609278083,-2.2329291481822726
1789799566184586800,61.203586669921876,3.562065874356031,-1.5185110047772525,-3.3050954386025664
1789799566194557700,61.2135576171875,2.074310365587473,-0.6184025319784879,-3.6953643377333876
1789799566204528600,61.223528564453126,0.29979798928461965,0.05974924304187298,-3.6029946815937755
1789799566214499600,61.23349951171875,0.8634382728535681,-0.6069917879089712,-4.661740349426865
1789799566224470500,61.243470458984376,2.329770981299877,-1.5352610640481112,-5.690400675597787
1789799566234441700,61.25344165039063,2.5826643768727777,-0.9842594589084386,-5.657921132275462
1789799566244413700,61.26341357421875,1.321211193871498,1.6887880764618515,-5.212898898693919
1789799566254384600,61.273384521484374,1.301380704241991,3.2341245443224906,-5.385063976082206
1789799566264355600,61.28335546875,1.0428421423889696,2.4625439594984053,-6.58292994531393
1789799566274326500,61.293326416015624,0.9170927792169153,1.0566799674749374,-9.089120154315232
1789799566284297700,61.303297607421875,0.9534791207194327,0.4744397589847445,-10.833252809119223
1789799566294268700,61.3132685546875,1.7446306674540042,0.8114964156270027,-11.723886474347115
1789799566304239900,61.32323999023438,2.551635616880655,1.9900302001401782,-10.577302364063263
1789799566314210600,61.33321044921875,1.4174971466720103,3.269911312496662,-5.347205077809095
1789799566324181500,61.343181396484376,0.16020108335018157,2.170543126896024,-2.409465864783525
1789799566334152700,61.35315258789063,-0.8429740884304047,-0.1515007672831416,-2.0590736334890125
1789799566344123600,61.36312353515625,-1.0064987632453442,-1.1099456937164067,-3.636681847140193
1789799566354094800,61.3730947265625,-0.908938552725315,-0.3594204641416669,-5.552019209867716
1789799566364065500,61.3830654296875,-1.0342740743994712,0.5649377760335803,-4.946805245286226
1789799566374037800,61.393037841796875,-0.9625111529588699,0.8833125285595655,-2.701208923232555
1789799566384008700,61.4030087890625,-0.47443712863624093,1.05940763887316,0.48966860003769397
1789799566393979600,61.412979736328126,-1.1728192062586544,0.2842246456429362,2.3279741610109803
1789799566403950600,61.42295068359375,-2.2233675391107797,-1.1585410900592803,1.3321575352996586
1789799566413921500,61.432921630859376,-1.6542513083487749,-2.4352991019591688,-0.12185820095241069
1789799566423892700,61.44289282226563,-0.7781137859851122,-2.84794759068042,-0.42873570016920565
1789799566433863700,61.45286376953125,-0.40159930797312404,-2.7264868646129963,0.05708031609356403
1789799566443834600,61.46283471679688,-0.968443465617299,-2.772745050179958,0.07056582061052322
1789799566453805600,61.4728056640625,-1.291138127169013,-3.228880798450112,-1.0708224745959043
1789799566463776500,61.48277661132813,-0.6593523820042609,-3.6190094123274084,-2.6555443196445703
1789799566473747700,61.49274780273438,0.23935119243264197,-3.0649609868377445,-3.46264454613924
1789799566483718700,61.50271875,0.402445622604154,-1.8076818746507166,-3.020847119823098
1789799566493690600,61.512690673828125,-0.22480952992625533,-0.7953788090407848,-2.142207259249687
1789799566503661600,61.52266162109375,-0.3723364251423627,0.1093921026110649,-1.5482506017416715
1789799566513632800,61.5326328125,-0.5178110640037804,0.6191852067887783,-0.8094184403091669
1789799566523603700,61.542603759765626,-0.5909902089178561,0.6158779819369316,0.8410919279456138
1789799566533574700,61.55257470703125,-0.639637700774148,-0.24632746118605137,3.6043741532534357
1789799566543545600,61.562545654296876,-0.5779256332267075,-2.3187089045375586,6.448675788646936
1789799566553516500,61.5725166015625,-0.22028240789063275,-3.9928146679133176,8.374693535342812
1789799566563488500,61.58248852539062,-0.23072839858122168,-3.3417484682172534,8.541080029329658
1789799566573459700,61.592459716796874,0.013923822868987917,-1.9923942989230154,7.479806304323673
1789799566583430700,61.6024306640625,0.16309380911700427,-1.6029916612327098,6.447476934251189
1789799566593401300,61.6124013671875,0.013964154879376292,-2.0078174935042856,5.721074630802869
1789799566603372500,61.62237255859375,-0.4752040213555097,-2.2858546826839445,5.289655975160002
1789799566613343500,61.632343505859374,-1.2229250071644782,-2.205097138404846,5.118075419661403
1789799566623315500,61.6423154296875,-0.9946603683482855,-1.8554285452097654,4.794114683696628
1789799566633286400,61.65228637695313,0.10595277581214904,-1.6727829903393983,4.05239673769474
1789799566643257600,61.66225756835937,0.2653910946289077,-1.8937094682872295,3.8467490774214266
1789799566653228500,61.672228515625,0.642459114870429,-2.1146382843226195,4.239154988580942
1789799566663199500,61.68219946289062,1.473772576123476,-1.607870080924034,4.6282145119220015
1789799566673170700,61.69217065429687,2.002581930938363,-0.2143751566082239,3.9663913558900354
1789799566683141400,61.70214135742187,2.47012579292953,1.218695406770706,2.2727935410588977
1789799566693112600,61.712112548828124,2.0413900927603246,2.1369003850132224,0.5684989756464958
1789799566703083500,61.72208349609375,0.46634383855164047,2.4808126066386698,-0.04684884493649005
1789799566713054500,61.732054443359374,-0.4032014459401369,2.6612714651197193,-0.2452671384781599
1789799566723025700,61.742025634765625,-0.10450844048904255,2.3906623801141977,-0.5758446622341871
1789799566732996400,61.751996337890624,0.01931848498675972,1.9786042585015295,-0.7697720740973949
1789799566742968600,61.76196850585937,0.021527941197156904,1.9551123237550256,-1.0327397044390438
1789799566752939500,61.771939453125,0.8136545435089617,2.1452339135944842,-1.6046762533187866
1789799566762910700,61.78191064453125,0.8468962303102016,2.138614787715673,-1.1778583694696425
1789799566772881400,61.79188134765625,-0.46334757934510706,1.714378737053275,0.7878039898723364
1789799566782852600,61.8018525390625,-1.182079786556959,1.032810431587696,2.56481249383986
1789799566792823600,61.81182348632812,0.3216793835619464,0.49406069751679893,3.0269279010415073
1789799566802794500,61.82179443359375,2.6131998003900048,0.0795464149236679,3.165480047163367
1789799566812765700,61.831765625,1.402172736290097,-0.23063830914497374,4.3769665454685684
1789799566822736400,61.841736328125,-2.910573558202386,-1.2069184597373008,6.4005433336406945
1789799566832707600,61.85170751953125,-2.79064544852972,-2.8978157834380864,6.50829234521985
1789799566842678500,61.861678466796874,0.19996150439567864,-4.341708185082674,5.56254703362286
1789799566852649500,61.8716494140625,-0.5009206829467788,-4.810666590046882,5.449951166534423
1789799566862620700,61.88162060546875,-1.9303361944168804,-4.637124379086494,4.675301841789484
1789799566872592400,61.89159228515625,-1.5152029031425713,-4.289922468265891,3.688877313801646
1789799566882563600,61.9015634765625,-0.4918401353904977,-3.886832666006684,2.3708090941309927
1789799566892534500,61.91153442382812,-0.13064710861835627,-3.4637153902411457,0.6638216363728046
1789799566902505700,61.92150561523437,0.046864627027511596,-2.5091040506213904,-0.6015262159794569
1789799566912476400,61.93147631835937,-0.3587052650770172,-1.6363725373089313,-1.7549287741065025
1789799566922447400,61.941447265625,-0.5690653773576021,-0.938204394698143,-2.4374574490368364
1789799566932418600,61.95141845703125,-0.4067120844095945,-0.22610358832478522,-2.5413515387535095
1789799566942389500,61.961389404296874,0.09266076630698517,0.057791679233312604,-2.3796961649417874
1789799566952360700,61.971360595703125,1.0800333705335854,-0.05596504832804203,-2.131447964826226
1789799566962331600,61.98133154296875,1.5178011029422283,-0.2965986817866564,-1.9170441666454077
1789799566972302300,61.99130224609375,1.649394515967369,-0.6900625775665045,-1.9497522580265998
1789799566982273500,62.0012734375,1.5317103858292103,-0.9677557756140828,-1.9599135865569113
1789799566992245500,62.01124560546875,1.5469827737629414,-0.6966340649113059,-1.4182172776401043
1789799567002216700,62.021216796875,1.7999182549118995,-0.0741071464791894,-0.13171850070953367
1789799567012187400,62.0311875,1.551791050827503,0.22818857790529726,1.615705012333393
1789799567022158600,62.04115869140625,0.6131985335946083,-0.5326318357124924,2.72939866040647
1789799567032129500,62.051129638671874,-0.16644143904447556,-2.311544127474725,1.8552075959354637
1789799567042100500,62.0611005859375,-0.8144365607321262,-3.4557772907182573,1.0737444995224474
1789799567052071700,62.07107177734375,-0.3301952464401722,-2.78610459022969,1.668697182330489
1789799567062042400,62.08104248046875,1.1423602820437402,-1.4231295996010302,2.7524188859879968
1789799567072013600,62.091013671875,1.8936288042664526,-1.142254556646943,1.0164806435555218
1789799567081984500,62.100984619140625,1.5428572182655333,-2.1253405878618357,-2.4487165096759793
1789799567091955500,62.11095556640625,0.9898632702648639,-2.775928356391191,-4.26970794775486
1789799567101927400,62.12092749023437,1.3510428530335425,-3.0294007208958265,-5.529513948071003
1789799567111898400,62.1308984375,1.6649232167497277,-2.3050980200752615,-6.425319462978839
1789799567121869600,62.14086962890625,1.9911036745905875,0.47820437221527096,-6.545002657979726
1789799567131840500,62.15084057617187,2.7516251052618026,2.812099155446887,-7.393574712547659
1789799567141811700,62.160811767578124,3.1135739188373086,2.774085943394899,-8.538490012836455
1789799567151782400,62.170782470703124,3.1043738365545868,1.839293110705912,-9.39558322751224
1789799567161753300,62.18075341796875,1.0844716452419758,2.236139926922321,-8.867631366309523
1789799567171724500,62.190724609375,-0.9551648087840526,2.955172578385472,-7.694898669290542
1789799567181695500,62.200695556640625,-0.9883130451481789,2.90659296413362,-6.335625163528323
1789799567191666700,62.210666748046876,-0.4920891051828861,2.086921133096516,-4.620052832776308
1789799567201637600,62.2206376953125,-0.2869323702316731,0.7246180503800511,-3.0705975314199923
1789799567211609600,62.23060961914062,-0.803308432996273,-0.6291910524964333,-2.3855302779227494
1789799567221580500,62.24058056640625,-1.216996786159277,-0.8394923837944864,-1.7383295214831829
1789799567231551700,62.2505517578125,-0.7638602197051048,-0.5585220637723803,-1.6776012042760848
1789799567241522400,62.2605224609375,-0.48580081869363784,-0.611537322384119,-2.596560215756297
1789799567251493400,62.27049340820312,-0.496321043664217,-0.5312207998707891,-2.468247139576077
1789799567261464600,62.280464599609374,-0.31269816819429397,-0.17708879752606152,-1.5672510702878235
1789799567271435500,62.290435546875,-0.966533832603693,-0.20062106428295373,-1.2521329814702271
1789799567281406700,62.30040673828125,-1.9555904626607894,-0.5039475930199027,-2.668797184449434
1789799567291377700,62.310377685546875,-1.4130781611859797,-0.5440615767434239,-5.248119265156984
1789799567301348400,62.320348388671874,-0.07323065590560436,-0.40276919200271366,-6.82010262466371
1789799567311319600,62.330319580078125,0.4130682119706645,-0.12219634686559439,-6.018648879623413
1789799567321291500,62.34029150390625,0.3321282968619838,0.5225035326689481,-2.7667928637772796
1789799567331262500,62.35026245117187,-0.5925304240971804,0.8459194942325353,-0.17601766116321085
1789799567341233400,62.3602333984375,-1.6837708328217267,-0.10215221448540687,-1.0016852254837751
1789799567351204600,62.37020458984375,-1.4420903206586837,-1.533075828963518,-2.7384745317876336
1789799567361175600,62.38017553710937,0.09816635971963406,-2.5311761816978455,-2.945163810068369
1789799567371146500,62.390146484375,0.6928945861220359,-2.743147199773788,-0.6464589981615543
1789799567381117700,62.40011767578125,0.11326280656456947,-3.110164402654767,2.91298997169435
1789799567391088400,62.41008837890625,-0.10612294474728405,-4.660667167237401,4.3124166241466995
1789799567401059600,62.4200595703125,0.5268359358500689,-6.416605995169282,3.8922324792236087
1789799567411030500,62.430030517578125,0.7065566162496805,-6.762368228575587,3.601970014721155
1789799567421001500,62.44000146484375,-0.30209961729049684,-4.96093430840373,3.9533816521912812
1789799567430973400,62.44997338867187,-0.7054436865717172,-2.6545032861590383,4.358381671985984
1789799567440944400,62.4599443359375,-0.3242215057928115,-1.0746154371380805,4.816379122474789
1789799567450915600,62.46991552734375,0.19647468519322572,-1.223455168518424,4.3389919118613
1789799567460886500,62.47988647460937,0.17695399216525257,-1.8863725495278834,3.931833837249875
1789799567470857700,62.489857666015624,-0.35632395943105216,-1.4521476042926311,3.2451275843739507
1789799567480828400,62.49982836914062,-0.3024777298878878,0.1761807427704334,2.5062813944160935
1789799567490799400,62.50979931640625,0.7660258733063936,1.7711241221040486,2.050212281641364
1789799567500770600,62.5197705078125,1.4329466447383163,2.231003733077645,1.3558522991418838
1789799567510741500,62.529741455078124,0.5300280829548836,1.7586796510726213,0.9349807564765215
1789799567520712700,62.539712646484375,-0.8506804250240325,1.058888875696063,1.330584586894512
1789799567530684400,62.54968432617188,-1.2129489720731972,0.40141748513281345,1.9417904853671788
1789799567540655600,62.55965551757812,-0.6735000767569989,-0.11790274132490157,2.7701164552420376
1789799567550626600,62.56962646484375,0.8526824124962091,-0.04295709819495678,3.517466854172945
1789799567560597500,62.57959741210937,1.272553253686428,0.20412147361934183,3.8409564654946324
1789799567570568700,62.58956860351562,0.30552791123874484,0.43196459908783436,4.260506988689303
1789799567580540000,62.599539794921874,-0.6738812580943108,-0.10779635785222053,5.118164266988635
1789799567590510800,62.6095107421875,-0.11223404803872108,-1.2775070767015217,5.841425349801779
1789799567600481800,62.619481689453124,1.1437439184218645,-1.6426672535389661,5.862514315059781
1789799567610453000,62.629452880859375,0.7128355503886937,-0.8065548675715923,5.187188703376054
1789799567620423700,62.639423583984374,0.7001608507979661,0.43632863951623435,3.0095109022945166
1789799567630396000,62.64939599609375,0.7740572771359234,0.9446183533936738,0.5673316854327917
1789799567640366800,62.65936694335937,-1.2299305020123719,0.7097440141141415,0.8849065197527408
1789799567650338000,62.669338134765624,-2.0713193670779466,0.18250234700739382,2.666850142034888
1789799567660308700,62.67930883789062,0.32974399554133416,-0.43328035786151886,1.7891203820437191
1789799567670280000,62.689280029296874,2.5651632069736716,-0.6423363652735948,0.15887304961681364
1789799567680251000,62.6992509765625,1.8955910442501305,-0.0846095435321331,-1.3291630296587944
1789799567690221800,62.709221923828125,-0.856471794841811,0.6440694726765155,-1.7704747182846068
1789799567700193000,62.719193115234376,-2.341598781737685,0.9212982680827378,-1.323126672104001
1789799567710163700,62.729163818359375,-0.8522650638669729,1.1029454595655201,-1.1227882241547107
1789799567720136000,62.73913598632812,0.5205769485205411,1.6487667394578456,-0.6323205826938152
1789799567730107000,62.74910693359375,0.16072130783200264,1.992038909614086,-0.5166530530750751
1789799567740078000,62.759078125,-0.16906879187338053,1.6534908453702926,-1.028006246176362
1789799567750048800,62.769048828125,-1.8712831169456243,0.7645511245787143,-0.3290905000686645
1789799567760019700,62.77901977539062,-2.8339912537813183,-0.21585399698913096,3.8974902536213394
1789799567769991000,62.788990966796874,-0.16617844072673468,-1.51285546323359,7.077401561719179
1789799567779961900,62.7989619140625,1.828866116976738,-2.6074358300358056,8.112285876971482
1789799567789933000,62.80893310546875,0.284046074205637,-3.7306799812644718,7.840560939678549
1789799567799903700,62.81890380859375,-2.286881103122234,-4.945623926547169,6.611679654458165
1789799567809876000,62.8288759765625,-0.923035321008414,-4.840091421973705,5.502207423472404
1789799567819847000,62.83884692382812,1.1535334910303354,-3.2482273039549585,3.1932015823036433
1789799567829817900,62.84881787109375,0.36838089244961736,-2.0943466069221497,1.5555349135309458
1789799567839788800,62.85878881835937,-1.1918746198624373,-1.7006535785615444,0.6885083338618279
1789799567849759700,62.868759765625,-0.7396762110412121,-1.9452561156511305,-0.24943302598595618
1789799567859731000,62.87873095703125,0.47788697682917114,-2.1561212183117866,-0.2571703422397375
1789799567869702000,62.88870190429687,0.9078174397408961,-2.2749743922293186,0.6670581340759992
1789799567879672800,62.8986728515625,0.7679992192059755,-2.5298557467490435,1.528323666000366
1789799567889644000,62.90864404296875,0.5979530336678027,-2.7078084676280616,1.6029174269527195
1789799567899614700,62.91861474609375,0.35015900706052777,-2.3020801335588095,0.9741326171696185
1789799567909587000,62.9285869140625,0.37516602254509923,-1.8969453814685344,-0.6506038428813219
1789799567919558000,62.93855786132813,0.5353320345818996,-1.4935896217495201,-2.360716739183664
1789799567929528800,62.94852880859375,1.2342436890363693,-0.8735591963082552,-3.214421480464935
1789799567939499800,62.95849975585938,1.9550912809669971,-0.393076065506041,-3.8154064291745424
1789799567949470700,62.968470703125,2.1824492532670496,0.07162175940424204,-3.9386996313661333
1789799567959442000,62.97844189453125,2.044216840618849,0.18397826477885246,-3.878856864821911
1789799567969412900,62.98841284179687,1.9586253003120422,-0.3008390958353877,-4.139072566106916
1789799567979384000,62.99838403320312,1.913475660508871,-0.8282447213321924,-3.981493647953868
1789799567989355800,63.008355712890626,2.0326655190348624,-0.7107198734089731,-2.872118447601795
1789799567999327000,63.01832690429688,1.8170353939294814,0.027158640560507773,-0.9822288298636674
1789799568009298000,63.0282978515625,1.341236037029326,-0.0819517224997282,-0.7845341744214296
1789799568019268900,63.03826879882813,1.30833885281682,-0.9449196744278072,-2.7241011385202407
1789799568029239800,63.04823974609375,0.5403473785258829,-1.1390282880768179,-3.9552059450089927
1789799568039210800,63.05821069335938,-0.09462707967758179,-0.921232801631093,-4.435493553239107
1789799568049182000,63.06818188476562,0.4482604848504066,-0.03581307165920734,-4.8824435400128365
1789799568059153000,63.07815283203125,1.178964431015402,0.5966778991654514,-5.163115753871202
1789799568069124000,63.0881240234375,1.31626496964097,0.3481418220192194,-6.12863368743062
1789799568079095800,63.098095703125,1.7232921113491058,1.0447890386730432,-6.760849640706181
1789799568089067000,63.10806689453125,1.7354092501223086,2.023714443077147,-6.766846250772476
1789799568099038000,63.11803784179688,0.6575579728681594,1.9309929047599435,-5.963122807234526
1789799568109009000,63.1280087890625,0.02205291491933167,1.002752270193398,-5.771625837388634
1789799568118979800,63.13797973632813,0.1184942774772644,0.09567015898972749,-6.45984015673995
1789799568128950800,63.14795068359375,0.43177229138612744,0.5687134951800108,-6.292913564527034
1789799568138922000,63.157921875,-0.1744610793709755,1.4854022236406803,-4.721070490273833
1789799568148893000,63.16789282226563,-1.0775942337531597,1.5097729870483279,-3.6913024951219557
1789799568158865000,63.177864990234376,-1.448234814763069,0.9119161072313785,-3.6662580702364442
1789799568168835800,63.1878359375,-1.0168471387803555,0.34721330899745223,-3.6152182033509015
1789799568178806800,63.197806884765626,-0.3692938791086897,-0.024240999548137188,-3.4675293955713506
1789799568188778000,63.20777807617188,-0.5754769614329561,-0.037489480438828465,-2.4880180079728365
1789799568198749000,63.2177490234375,-0.9654267481446266,0.12159048992693423,-1.3014064232051372
1789799568208720000,63.22771997070313,-0.7853554276764393,-0.20171324343383312,-0.8316589136898517
1789799568218690800,63.23769091796875,-0.8070651551812886,-0.7948495244696736,-1.2025041504263878
1789799568228661800,63.24766186523438,-1.1257827297955751,-1.1318266861349344,-1.934581576901674
1789799568238634000,63.257634033203125,-1.052525770404935,-1.4788929878771304,-2.9444921944171187
1789799568248604700,63.267604736328124,-0.8128846551150083,-1.7471517103642225,-3.2059213631451127
1789799568258576000,63.277575927734375,-0.49005562659390267,-1.7637538855969905,-2.241378996619582
1789799568268546800,63.287546875,-0.2688415273437276,-1.6706582532703875,-0.2449216860413551
1789799568278518000,63.29751806640625,-0.2427092706888914,-1.7931459842979907,1.1170236692786215
1789799568288489000,63.307489013671876,-0.2714823972413316,-2.4883950245916844,0.8934837939620017
1789799568298459600,63.317459716796876,0.0442804192205891,-3.407656818410754,0.3886649710655212
1789799568308430800,63.32743090820313,0.6937491571247577,-3.8771798715204,0.5580699360907078
1789799568318402800,63.33740283203125,0.6382680929213762,-3.9588662210822103,2.0750193906396626
1789799568328374000,63.3473740234375,-0.11487798667624592,-3.7387025442004203,4.456940245893597
1789799568338344700,63.3573447265625,-0.16477204452753066,-3.744436119416356,5.384639613190293
1789799568348316000,63.36731591796875,0.04829955520145595,-3.4121950463622808,4.559761737942695
1789799568358286800,63.377286865234375,0.1277256316810846,-2.4432220039129255,3.914522636964917
1789799568368257800,63.3872578125,0.3994137440949678,-1.3300135090082883,3.763445355790853
1789799568378229000,63.39722900390625,0.011923004440590738,-0.22607085509896277,3.9479835925400253
1789799568388199700,63.40719970703125,-0.5987509060472249,0.7674754875928163,3.3312557157754896
1789799568398172000,63.417171875,-0.7646750432193279,1.524822964403033,1.9593501074552535
1789799568408142800,63.42714282226562,-0.8075450476527214,1.9455887086063621,1.1898667871713637
1789799568418114000,63.437114013671874,-1.1724515419900416,2.151013666039705,1.3022381978541613
1789799568428084700,63.44708471679687,-1.0199918665468692,2.0717565894514323,1.89115335406363
1789799568438055700,63.4570556640625,0.04492518339753151,1.6918220373302697,2.5017279688954353
1789799568448027000,63.46702685546875,1.7132886037290096,0.894881970322132,2.6602339387655256
1789799568457997800,63.476997802734374,2.7822482070624828,-0.008969488397240637,3.2248183713167906
1789799568467969800,63.4869697265625,2.2071195841431615,-1.0505196912795305,4.007956707465649
1789799568477940700,63.49694067382813,1.090938795429468,-2.2612439730405804,5.0631490667313335
1789799568487912000,63.50691186523437,0.4955833770394325,-3.0316058297246693,6.102893681496381
1789799568497883000,63.5168828125,0.7458850025534629,-2.7909260190367697,5.894307045161724
1789799568507853800,63.52685375976562,-0.3397083036622032,-1.8030869480758904,5.874419856908917
1789799568517824800,63.53682470703125,-0.8332049740880727,-0.8002560596883297,5.188523751372099
1789799568527795700,63.54679565429687,-0.44459903973340986,-0.25680560058057306,4.087287433812022
1789799568537767000,63.55676684570312,0.33987668249905106,-0.3038286330401897,3.0848101811677218
1789799568547739000,63.56673876953125,1.0123077417850495,-0.43373686945736406,2.310923657488823
1789799568557709800,63.57670971679688,1.3877701169282197,-0.4800725041747093,1.405315710490942
1789799568567681000,63.58668090820313,1.2671201227217912,-0.35203824493587016,0.4934650697112083
1789799568577652000,63.59665185546875,1.1814210303872823,0.06745031893849372,-0.24729426039159297
1789799568587623000,63.60662280273438,0.8594611128509044,0.46460663949549197,-0.88975688239336
1789799568597594000,63.61659399414062,0.5313111085027455,1.0333785868644714,-1.3622680114030836
1789799568607564800,63.62656469726563,-0.008638649007678032,2.19927062420845,-1.7090496509850024
1789799568617537000,63.636537109375,-0.5275018158802762,3.3871874463558194,-2.3667378991693258
1789799568627508000,63.64650805664063,-0.5130418768405914,3.859023452582955,-3.8863171176999805
1789799568637479200,63.65647924804688,-0.5435942514926195,3.602003916990757,-4.548258347153664
1789799568647449900,63.66644995117188,-1.3949994836598634,2.9568852275222537,-2.334329082995653
1789799568657420800,63.6764208984375,-2.0776392177492378,2.0691537134766578,1.2161036367118359
1789799568667392000,63.68639208984375,-1.1687567791253328,0.4164209929972887,4.7413902247250075
1789799568677363000,63.69636303710938,2.39110603222847,-1.4733511358410118,7.898999684643745
1789799568687335000,63.7063349609375,3.043268210467696,-3.285370162913203,10.332961692780255
1789799568697305900,63.716305908203125,-0.39956108014378694,-5.420039427873492,9.572729600444436
1789799568707277000,63.726277099609376,-1.0560083518236876,-6.278386442002653,4.748590365362167
1789799568717248000,63.736248046875,0.6821160024762153,-4.225316432842612,1.6369839472055434
1789799568727219200,63.74621923828125,-0.68455053614676,-2.1068717419743535,2.3461276573389767
1789799568737190000,63.75618994140625,-2.146355026578903,-1.7796441131681202,2.635982125562429
1789799568747160800,63.76616088867188,-0.7188035188823938,-2.1440210306733847,2.3415625413805246
1789799568757133000,63.776133056640624,0.7570154683768748,-2.703816475382447,2.289149632576108
1789799568767104000,63.78610400390625,0.9998100792616605,-3.4111224486947056,2.665114696544409
1789799568777075000,63.796074951171875,1.4226935462713242,-4.248552931523323,2.95338627949059
1789799568787046000,63.8060458984375,1.5549065524995327,-5.092108619233966,1.7666612974762916
1789799568797017000,63.81601708984375,1.0779331833839416,-4.837026773706079,0.7360381467998027
1789799568806988000,63.825988037109376,0.6710206079661846,-3.4755446519836783,-0.02880582324564457
1789799568816959000,63.835958984375,0.4610743737161159,-2.266941015638411,-1.2914613677740097
1789799568826931000,63.84593090820312,0.8184089714944363,-1.935249685421586,-2.6328870821565387
1789799568836902000,63.85590185546875,1.1972365122217685,-1.7254507506877184,-3.32582784550786
1789799568846873000,63.865873046875,0.9972107104182243,-1.1583616418391465,-3.510989182591438
1789799568856844000,63.875843994140624,1.029386302357912,-0.1961106011211872,-2.874856348133087
1789799568866815000,63.88581494140625,0.8342062600851059,0.5790761915013194,-2.1399638642370697
1789799568876786000,63.895785888671874,0.8409750966329127,0.3273015708252787,-2.767825713956356
1789799568886758100,63.90575805664062,0.7974925132591277,-0.202752231092751,-2.931543280994892
1789799568896729000,63.91572900390625,1.378889621988684,-0.3515764726430177,-2.584476979252696
1789799568906699800,63.92569970703125,1.8398294095396994,0.10648498299270867,-2.469849314075708
1789799568916671000,63.9356708984375,1.2354793683111667,0.6443991430222987,-2.4036843587726353
1789799568926642000,63.94564184570312,0.7290987029254437,0.2524579267650843,-2.8502035529136656
1789799568936613000,63.95561303710937,1.156556199852377,-0.712905985276401,-3.9723195768952366
1789799568946584000,63.965583984375,1.0674809090830386,-1.304998602478206,-4.558756944814324
1789799568956556000,63.97555615234375,0.3404151732899248,-0.05068009366244077,-4.7408068718791005
1789799568966527000,63.98552685546875,1.0585855088353155,1.1187009548410773,-6.050533964183926
1789799568976498000,63.99549780273438,2.035109843447059,0.8224787051513791,-7.389405317908525
1789799568986469000,64.00546923828125,2.4997394254267213,0.49278556301444765,-8.198335682439804
1789799568996439800,64.01543969726562,2.0473019471526146,0.2735622357226908,-8.298650744625926
1789799569006411000,64.02541088867187,1.3242518767416476,0.8169903368681669,-7.051057160151005
1789799569016383000,64.03538305664063,1.110540152478218,2.2742264964714645,-6.132936353060603
1789799569026354200,64.04535424804688,0.9583679156742989,2.905098049400747,-6.426587875479459
1789799569036324900,64.05532495117187,0.7566271997116506,2.404770108182728,-5.644174930995702
1789799569046295800,64.0652958984375,0.870038694031909,0.8706392172083258,-4.114612663111091
1789799569056267000,64.07526708984375,-0.029150106638669966,-0.16327654527276753,-1.382338739529252
1789799569066238000,64.08523803710938,-1.0600199255526066,-0.34819881290346383,0.3202390850931406
1789799569076209200,64.09520922851563,-0.28277408150844274,-1.226769115372002,-1.2958680783003569
1789799569086180900,64.10518090820312,0.007808006869815289,-2.570688984657824,-2.0360691899985075
1789799569096152000,64.11515209960938,-0.04122052019331604,-1.576148077970743,1.0412281313210725
1789799569106123000,64.125123046875,0.5138461789608001,-0.343625513638556,1.734845186498761
1789799569116094000,64.13509399414062,-0.5285656091868877,-0.9058657211512327,-0.052314124605059624
1789799569126065000,64.14506494140625,-1.3580197063088417,-1.703655098465085,-2.4865590413361787
1789799569136035800,64.15503588867188,-0.937327611863613,-2.035700356686115,-4.720606379893422
1789799569146008000,64.16500805664063,-0.23825813649892805,-1.365456870572269,-4.750856556728482
1789799569155979000,64.17497900390624,0.26775895627141,-0.22901333829164502,-3.4306478178977966
1789799569165950000,64.18494995117187,-0.3672761460781097,0.7906365829497576,-2.9560809254020453
1789799569175921000,64.1949208984375,-1.1141665262818337,1.353423610690236,-4.186115472310782
1789799569185892000,64.20489208984375,-0.46468379638493057,1.6461930895775556,-5.877075339853763
1789799569195863000,64.21486303710938,0.4198936375439167,1.6770774726629256,-6.943750631642342
1789799569205835000,64.2248349609375,0.9897954657256602,1.8427526035100221,-6.699737292617559
1789799569215806000,64.23480590820313,1.1599176391094923,1.866913815820217,-5.057285727655887
1789799569225777000,64.24477685546876,0.06573708527982235,0.928579072740674,-2.898067712372541
1789799569235748000,64.254748046875,-1.491374283787608,-1.1172229912430047,-1.3243319562405347
1789799569245719000,64.26471899414062,-0.649510786947608,-3.9433506720423694,-0.4739385314643383
1789799569255690000,64.27468994140625,0.23307810351252556,-5.984565408235788,0.5862678565710783
1789799569265662000,64.28466186523437,-0.5505821376185864,-6.579072100841999,2.922956069913506
1789799569275633200,64.29463305664062,-1.3561749552249909,-6.0427019553840156,5.881422429147363
1789799569285604000,64.30460400390625,-0.6683277886856347,-5.0070712056785815,7.698980385646224
1789799569295574800,64.31457470703126,-1.1343781241834163,-3.5385248397707936,9.988526324063539
1789799569305546000,64.3245458984375,-2.3969459904283283,-3.473202765032649,13.100299915480614
1789799569315517000,64.33451684570312,-0.9164935712147504,-4.408697900772094,14.593528887224197
1789799569325489200,64.3444892578125,1.584630075111985,-4.464090702170133,12.848020267891883
1789799569335459800,64.3544599609375,1.9289530694954096,-4.082109154391288,8.869418834248185
1789799569345431000,64.36443115234376,1.1307218666981904,-3.9645769999444482,5.030385445770621
1789799569355402000,64.37440209960937,-0.32967447396907956,-3.807154149135947,2.800207642123103
1789799569365373000,64.384373046875,-0.6292383987694978,-2.33140705806911,1.0222884530514478
1789799569375344000,64.39434423828125,-0.07859598233103751,-0.003863689690828323,0.045777416312694545
1789799569385315800,64.40431591796874,-0.5234335069954394,2.2113912701129914,0.22443477832973002
1789799569395287000,64.414287109375,-0.946423356989026,3.725000766584277,0.33899697705507276
1789799569405258000,64.42425805664062,-0.9759411278963088,4.677263497251272,1.1004179869145154
1789799569415229200,64.43422924804688,-0.2627870130777359,5.265986930280923,2.4120564657986163
1789799569425199900,64.44419995117188,1.2936316975504158,5.276675497555733,2.408044892069697
1789799569435170800,64.4541708984375,2.958839284199476,4.574693349614739,1.2958072880238294
1789799569445143000,64.46414306640625,2.81845290838778,3.632145957276225,0.18974632678627967
1789799569455114000,64.47411401367188,-0.006432626863382756,2.794464130035043,0.13468027312457562
1789799569465085000,64.4840849609375,-0.7266828739553689,1.9253268418222664,0.582818008378148
1789799569475055900,64.49405590820312,0.4319056354422122,0.8649223008662462,-0.30136195066571236
1789799569485027000,64.50402709960937,0.4822498116811737,1.0950964996308088,-0.44943069767355914
1789799569494999000,64.5139990234375,-0.937508813649416,2.031034702962637,0.7111106262922287
1789799569504970000,64.52396997070312,-1.4910831918865441,2.1595698974609374,1.1646014130115507
1789799569514941000,64.53394091796875,-0.8522457746446133,1.778158258524537,1.1586129862517118
1789799569524911900,64.54391186523438,-0.9378624493926763,1.1945002921909094,1.9770137744396923
1789799569534883000,64.55388305664063,-1.8191811737865209,-0.1544791985720396,3.787455761453509
1789799569544854000,64.56385400390624,-2.2920237267076966,-1.4947697714447974,6.710742670756578
1789799569554826000,64.57382592773438,-1.0420821178019046,-2.27269651042521,8.529536306530236
1789799569564797000,64.583796875,0.862460879188776,-2.7759926537990567,6.881867883703112
1789799569574767600,64.593767578125,1.9342641815155743,-2.758558119395375,2.3336679887384175
1789799569584738600,64.60373852539063,0.5603957486897707,-2.2997943607091904,-0.18321955536603926
1789799569594709500,64.61370947265625,-1.4293056578874588,-2.0793927834182977,-0.9836872119784354
1789799569604680400,64.62368041992187,-1.8968197092622519,-2.462651511526108,-1.4321125320017336
1789799569614652400,64.63365234375,-1.1460942809402943,-2.788717695337534,-2.319477550822496
1789799569624623600,64.64362353515625,-0.2421855390757322,-2.501846042317152,-2.6674440162748096
1789799569634594600,64.65359448242188,0.2932558010995388,-1.8486919304311273,-2.5444635332942007
1789799569644565500,64.6635654296875,0.25906770029366016,-0.8616092307955027,-1.9386013339370487
1789799569654536400,64.67353637695312,0.20750117918550967,-0.2631651987403631,-0.7362883221685886
1789799569664507400,64.68350732421875,0.32412144295182077,-0.3443026822477579,0.6767705497950315
1789799569674479400,64.69347924804687,0.6689379564732313,-0.6235416484326124,1.99632111697793
1789799569684450300,64.7034501953125,1.0915542969793082,-0.769598471096158,3.466837321653962
1789799569694421500,64.71342138671875,1.11869839755781,-0.8529208974272012,4.958925306668878
1789799569704392400,64.72339233398438,0.2989806815523654,-1.2303531113386152,5.968231528550386
1789799569714363600,64.73336376953125,-1.1120300987750291,-2.063950299614668,5.944392387801408
1789799569724335400,64.74333544921875,-2.4088760821968314,-2.728395620843768,5.691919847989082
1789799569734306600,64.753306640625,-2.078279999870807,-2.7256822702318426,5.886385604512691
1789799569744277500,64.76327758789063,-0.8329986378610134,-3.0623689245179295,3.955405266973376
1789799569754248400,64.77324853515626,-0.21700141345858573,-3.515164422449469,0.12130991941988467
1789799569764219600,64.7832197265625,-0.01695466019855812,-3.254137112520635,-2.4376012414216994
1789799569774190300,64.7931904296875,0.37037235852777955,-2.7558941608831287,-2.7532833938628434
1789799569784162600,64.80316259765625,0.9705319623291492,-1.6229232731491325,-0.4201414748251438
1789799569794133500,64.81313354492187,1.5055506931781768,-0.7346732881873845,2.4622131201088426
1789799569804104400,64.8231044921875,2.396025368452072,-1.2999819433599709,3.921029534640908
1789799569814075400,64.83307543945313,3.415537927049398,-2.8298841107234356,2.97811623159945
1789799569824046300,64.84304638671875,2.832007386487722,-3.5276296440079804,0.7770119622230529
1789799569834018600,64.8530185546875,1.239533612138033,-2.6043174057543275,-0.7035942593127489
1789799569843989200,64.8629892578125,-0.06654781714081764,-2.681199862165749,-2.781993940040469
1789799569853960400,64.87296044921875,-1.217391922956705,-3.3248478945598006,-4.70617570348084
1789799569863931400,64.88293139648438,-0.9838999779462814,-3.131188485983014,-6.414768258348107
1789799569873902600,64.89290258789063,-0.531567713612318,-0.9376642964720725,-6.941656874233484
1789799569883873500,64.90287353515625,0.3197054896730929,2.1505258825227616,-6.083453652489185
1789799569893845500,64.91284545898438,0.537353384341672,3.534626371027529,-4.391136525118351
1789799569903816400,64.92281640625,-0.02983056318350136,2.6067367418557406,-3.65893693356812
1789799569913787600,64.93278759765624,0.46451479649357497,1.3728034339427948,-5.1180590530484915
1789799569923758600,64.94275854492187,1.18081714621,0.2938432455986738,-7.427724234908819
1789799569933729500,64.9527294921875,1.1525824739158153,0.06579904460012913,-8.465623514068126
1789799569943701500,64.96270141601562,1.2990158748067915,1.656063910728693,-7.1733303716450925
1789799569953672400,64.97267236328125,0.7504629779934883,2.3453709937527774,-6.757669257104396
1789799569963643600,64.9826435546875,-0.6164988172490149,1.7020917946711183,-7.410777191761135
1789799569973614300,64.9926142578125,-1.153136600667238,0.6829983382686973,-7.572936423441767
1789799569983585500,65.00258544921876,-0.3433750094762072,-0.5553337891250848,-7.025109064424037
1789799569993557500,65.0125576171875,0.5722364086091518,-1.130918923640251,-5.797876715454459
1789799570003528700,65.02252880859375,0.49690088937878607,-0.04493132087737321,-4.225214141511917
1789799570013499400,65.03249951171875,0.4262836308419704,0.1869441288471222,-4.026313032889366
1789799570023470300,65.04247021484375,0.08974396554483101,-0.09073270258754491,-3.650598144289851
1789799570033441500,65.05244165039062,-0.5431272185027599,-0.23353315380364656,-2.6552082195580002
1789799570043412500,65.06241259765625,-0.5058639480352402,-0.4164636630952358,-1.9981307967483997
1789799570053384400,65.07238452148438,-0.7371241884708404,-0.6085825642317533,-2.5797709935188293
1789799570063355400,65.08235546875,-0.21767942231800405,-0.8032590408965945,-3.971885861653089
1789799570073326600,65.09232666015625,0.2909282349348068,-1.1045745220720766,-3.6287948932826515
1789799570083297500,65.10229760742187,-0.058821606802940365,-1.0062146856069565,-1.3245388769894837
1789799570093268500,65.1122685546875,-1.3580343193560838,-0.8607485223129391,1.3063292665600776
1789799570103240400,65.12224047851562,-1.5807272224545479,-1.4778502008259295,1.019732923349738
1789799570113211400,65.13221142578125,-0.8256885340433567,-2.42626151676178,-0.7017004083901643
1789799570123182600,65.1421826171875,0.030877295757457613,-2.7825299466133115,-1.8018173665314912
1789799570133153500,65.15215356445313,0.9554875379323958,-2.3441700935304164,-2.6278350594639774
1789799570143124500,65.16212451171874,1.0787321517419068,-1.5189619634151459,-2.166846025943756
1789799570153095400,65.17209545898437,-0.2754449076641351,-1.3772089754253625,-0.3038525984376669
1789799570163067600,65.18206762695313,-1.6160270838946103,-2.080177211794257,2.3103531641244888
1789799570173038600,65.19203857421876,-1.3992209007471799,-2.79141000316143,4.19969508485198
1789799570183009300,65.20200927734375,-0.4985943223584443,-2.3042770590811967,4.274864015343785
1789799570192980500,65.21198046875,-0.060192237569019195,-1.7629793940931557,4.1553357186436655
1789799570202951400,65.22195141601563,0.7246908964205533,-2.562864866903424,5.390765987116098
1789799570212923600,65.23192358398437,-0.15281389570832252,-4.302405517742038,7.657419125723838
1789799570222894300,65.24189428710937,-1.5176327606379985,-4.315602852967381,8.214468486595154
1789799570232865500,65.25186547851563,-1.665064378786087,-2.1319985844463107,6.989197793087363
1789799570242836500,65.26183642578125,0.14528876090049742,-0.47588265126943585,5.216261068603396
1789799570252807400,65.27180737304687,1.6471341698199509,0.14774375283718108,3.7768840985566374
1789799570262779400,65.281779296875,1.4617355168491601,0.37236382460594175,2.774175959765911
1789799570272750300,65.29175024414063,0.3611678923308849,0.3338590296447277,2.389598550274968
1789799570282721500,65.30172143554688,-0.5026461550325155,0.2792792981952429,1.9748621493637561
1789799570292692500,65.3116923828125,0.14206691277716307,0.38967444036900994,1.1213988156229258
1789799570302663700,65.32166357421875,0.8215338255167007,0.7070522908121347,0.7458779882907867
1789799570312635400,65.33163549804688,0.4485550838828087,0.9667331545680761,1.414006381946802
1789799570322606600,65.34160668945313,0.07113576598558574,0.6309685835629701,2.5429239026367663
1789799570332577500,65.35157763671874,0.597919131398201,0.0159685535043478,3.3417502217829225
1789799570342548700,65.361548828125,1.3908826959908007,0.21248715090453624,3.2739386683166023
1789799570352519400,65.37151953125,0.7885065851837396,1.3447609962850808,2.5546698700100183
1789799570362491600,65.38149169921876,-0.7945382665634155,2.4406647206455467,1.604138493180275
1789799570372462600,65.39146264648437,-1.8732798437207936,3.055297670957446,0.7670540473103523
1789799570382433500,65.40143359375,-1.97662623642683,3.137339409828186,0.6957330244183539
1789799570392404500,65.41140454101563,-1.7534481801599262,2.5149521921277045,1.321686994689703
1789799570402375400,65.42137548828126,-0.5776379753917456,1.743379790610075,1.8684698130905628
1789799570412347600,65.43134765625,0.9228560189187526,0.8050088071733713,1.7247785505145787
1789799570422318300,65.441318359375,1.7976701837241649,0.25106325753629205,1.3591682918220758
1789799570432289500,65.45128955078125,1.4774305141091346,-0.03299509162902832,1.3440011178284883
1789799570442260500,65.46126049804687,0.4155500553816557,-0.17749650154411792,1.7920348081856965
1789799570452231400,65.4712314453125,-0.07782092457162215,-0.2535439684361219,1.7983154958903789
1789799570462203400,65.48120336914063,0.367342781573534,-0.3771282625287771,1.3766624474585056
1789799570472174300,65.49117431640624,0.8267167811125516,-0.4320248048424721,0.7572177129507064
1789799570482145500,65.5011455078125,0.49590018790364265,-0.4927981302350759,0.16404489929676055
1789799570492116500,65.51111645507812,-0.9790887782722711,-0.45640579738318915,0.6491910534739493
1789799570502087700,65.52108764648438,-1.7232453495979307,-0.7194196049541235,1.4968284575402735
1789799570512059400,65.53105932617187,-1.078741577157378,-1.1423521718025207,1.7369103023350239
1789799570522030600,65.54103051757812,0.02587857415471226,-1.3981921422213315,1.3620125753372907
1789799570532001500,65.55100146484375,0.3579238323757425,-1.374255970838666,1.0165589694887398
1789799570541972500,65.56097241210938,-0.31716044483277944,-1.4005126941233872,1.4911714546918868
1789799570551943400,65.570943359375,-0.611276004566811,-1.68687932023108,2.2549293830662966
1789799570561915400,65.58091528320313,-0.2286801608145237,-1.8689532126933335,3.2516461724877357
1789799570571886000,65.59088598632812,0.26363340077400205,-1.4037421775639056,3.7702924452066418
1789799570581857300,65.60085717773437,0.0945434930473566,-0.5855424649059772,3.407677276676893
1789799570591828200,65.610828125,-0.06784136408269405,0.022301263657212255,2.0423913787573573
1789799570601799000,65.620798828125,0.250778010854125,-0.08368424538075923,0.35216041001081466
1789799570611771100,65.63077124023438,-0.4862918536135927,-0.8774398371338844,0.04068096995651722
1789799570621742000,65.6407421875,-0.5155986121186986,-1.8749848940730094,0.511435026165843
1789799570631713000,65.65071313476562,0.07739124618377537,-2.411995091000199,2.015036338841915
1789799570641684000,65.66068408203125,0.7866045509546995,-1.9719208352148532,3.7833874891012904
1789799570651655200,65.6706552734375,1.125303421846032,-1.5997341207414864,3.3300095151066778
1789799570661627100,65.68062719726562,0.27171149328947064,-1.7917080604493616,0.6432353599399327
1789799570671598000,65.69059814453125,-0.7802443682730198,-2.1257851167589426,-1.099051374736428
1789799570681569000,65.70056909179688,-0.8257610878229141,-2.4581837184622883,-1.4922615880161523
1789799570691540000,65.7105400390625,-0.28500116470707576,-2.184631858003139,-0.8593377787321805
1789799570701511200,65.72051123046874,0.8109609935760498,-1.5761691207587718,0.012567805150151252
1789799570711483000,65.73048291015625,1.5237632262170313,-1.7392808308586478,0.02788870840072632
1789799570721454000,65.7404541015625,1.6108780305683612,-2.399458850032091,-0.5686936214357614
1789799570731425000,65.75042504882812,1.0337176095604896,-2.0994845543324945,-0.17288871548771856
1789799570741396200,65.76039624023437,0.37139227616004644,-1.5470587616086005,0.6088356622099876
1789799570751367200,65.7703671875,0.665239613411948,-1.9742472323358058,-0.024024434188008308
1789799570761339100,65.78033911132812,1.8745932644069194,-2.3027006035447117,-1.4331313536554575
1789799570771310000,65.79031005859375,2.2644424768209457,-1.576898019555211,-2.8531729241132733
1789799570781281300,65.80028125,1.1374596505206078,-0.620448358592391,-3.6041228088408706
1789799570791252200,65.81025219726563,-0.03759060272574424,-0.05589549022316932,-3.137227181625366
1789799570801223000,65.82022290039062,0.32769831505790353,0.31876492088735103,-2.2963363292098045
1789799570811195100,65.83019506835937,1.0224166825409977,0.0976914356842637,-1.9960043061137198
1789799570821166000,65.840166015625,1.1703298736609518,-0.7162763384923339,-2.6072125426739454
1789799570831137300,65.85013720703125,1.2699977239847182,-1.0317375416591763,-3.0885405998677014
1789799570841108000,65.86010791015624,0.9417080919701606,-0.7082011685863137,-3.989768139824271
1789799570851079200,65.8700791015625,0.40937575066089626,0.29011925663948057,-4.500844269549846
1789799570861051100,65.88005102539063,0.44841947480440136,1.2181965173378586,-5.497607236200571
1789799570871022300,65.89002221679688,0.9880958222009241,0.9861275908678769,-7.467038592687249
1789799570880993000,65.89999291992187,1.2950316274762153,0.8065075212985277,-8.379815116140247
1789799570890964000,65.9099638671875,1.2220868027746676,1.6509496364548801,-7.213121114763617
1789799570900936200,65.91993627929688,1.0757868920702487,1.9781088762000203,-6.383599797624349
1789799570910907100,65.9299072265625,0.7933074826594442,1.1770327323004603,-7.4111156299352645
1789799570920878000,65.93987817382812,0.30944610759578645,1.1221607399061322,-7.470638663005828
1789799570930849000,65.94984912109375,0.5913176142413169,1.5649027535960078,-6.997872097930312
1789799570940820200,65.9598203125,0.7126281181830912,1.2049921678498388,-6.973058559191227
1789799570950792200,65.96979223632812,0.8269161761421709,0.975112860378623,-5.533706139063835
1789799570960763100,65.97976318359375,0.8638836054682731,1.1384756226301194,-4.031109619516134
1789799570970734000,65.98973413085938,0.35528760212063787,0.7730769608616829,-3.196388980168104
1789799570980705000,65.999705078125,-0.5577461474964395,-0.02770458400547504,-2.3165642937242983
1789799570990676200,66.00967626953125,-0.9523732053041457,-0.5988938216492533,-1.1329004528462887
1789799571000648000,66.01964794921875,-0.5314063855707645,-1.2776800951808691,-0.28057050704956055
1789799571010619100,66.029619140625,-0.6070446871399879,-2.0368165012344717,0.4892389764487743
1789799571020590000,66.03959008789063,-0.8228343867212533,-2.291357079492509,2.1379320661485193
1789799571030561300,66.04956127929688,-0.7686123826682567,-2.4027780575826765,3.272807618460059
1789799571040532200,66.0595322265625,-0.868126649865508,-2.879408312349021,3.2930648090690373
1789799571050504200,66.06950415039063,-1.2563584902107714,-3.454989062950015,2.8407255304723975
1789799571060475100,66.07947509765626,-0.8184282607167959,-3.7190988490641117,1.6359990278214216
1789799571070446000,66.08944604492187,-0.348991132324934,-3.319911314940452,0.1340700322717428
1789799571080417300,66.09941723632812,0.1944552716622129,-1.8616040189743042,-0.27110885122120376
1789799571090389000,66.10938891601562,1.304159521305561,0.4598644134044647,-0.15108078830540178
1789799571100360200,66.11936010742187,0.12974457028806208,0.11660042655467986,0.5978782148659229
1789799571110331100,66.1293310546875,0.09751169520318508,-1.749327300837636,1.8015747899472712
1789799571120302000,66.13930200195313,0.9845242473244666,-4.299198246133328,3.106176794323325
1789799571130273000,66.14927294921876,0.175493345028162,-4.511612331801652,2.9851883619427677
1789799571140245200,66.15924536132812,-0.9610679684132337,-3.1294355048358438,1.17553197234869
1789799571150216200,66.16921630859375,-0.7942973704796285,-0.9638386021703481,0.19587679236531255
1789799571160187000,66.17918676757813,-0.5106417568963021,0.37331893337368965,0.5065530993431806
1789799571170158000,66.18915795898438,-0.3411187915146351,0.7403057411164045,1.9971751034587621
1789799571180129000,66.19912890625,-0.47566111747324463,0.666582917779684,3.496071014922857
1789799571190101200,66.20910131835937,0.2950052751153707,0.7590583723813294,3.7137107262849804
1789799571200072000,66.21907202148438,1.1347609129559248,1.3675637797236442,2.753025619709492
1789799571210043100,66.22904321289063,1.4117857832878826,1.604384576895833,1.8128578159838913
1789799571220014000,66.23901416015624,0.7529524567216634,0.9067577015548944,1.507814546456933
1789799571229986300,66.248986328125,0.10183949527442454,-0.3449707907676697,1.705294097843766
1789799571239957000,66.25895703125,-0.6742582747131586,-3.8416666595906017,2.97554258171916
1789799571249928000,66.26892797851562,-0.10384444188866764,-6.718380033767223,3.47948579082489
1789799571259899100,66.27889916992187,2.652456290501356,-3.1090766074180602,3.601556173223257
1789799571269870000,66.2888701171875,1.4958511369407177,1.2612474312961102,3.2555794202834365
1789799571279842000,66.29884204101562,0.8083370748132467,2.012904587510228,2.9867034426808354
1789799571289813000,66.30881298828125,1.630339686885476,1.5715946524500846,2.1214263370275495
1789799571299784200,66.3187841796875,1.2574386866629124,0.5376438186556101,1.6506635129898786
1789799571309755100,66.32875512695313,0.6533715540289878,-0.3420715621948242,2.294966209900379
1789799571319727000,66.33872705078124,0.7521341260761022,0.9457488187283277,3.061907444486022
1789799571329698000,66.34869799804687,1.2090367670655249,1.8755027804672717,3.879221606481075
1789799571339669200,66.35866918945312,-0.14746024145437403,2.764836469012499,3.480226380059123
1789799571349640200,66.36864013671875,-1.4330477670252322,3.5233681871712204,2.5336107153683898
1789799571359611100,66.37861108398438,-0.8680296192318201,2.13440564558804,1.3054460539847612
1789799571369583000,66.3885830078125,0.4912316115707159,0.5091986454159021,-0.460939933681488
1789799571379554000,66.39855395507813,0.6229103647917509,-0.42823008873462676,-0.43518765278756616
1789799571389525200,66.40852514648438,1.2539309708029032,-0.5484744247496127,1.357599435070157
1789799571399496200,66.41849609375,1.7548808433115481,0.03203822929561138,3.4094121376454827
1789799571409467100,66.42846704101562,0.3168739925742149,-1.2553706482172011,4.603345443603396
1789799571419439000,66.43843920898438,1.1810866838663816,-2.744997796076536,2.1660376321703194
1789799571429410300,66.44841040039063,0.0930231516122818,-3.90192794380784,-1.0772586451232433
1789799571439381200,66.45838134765626,0.4185609276354313,-4.722503153425455,-3.449134491702914
1789799571449352000,66.46835205078125,0.8076245426297187,-4.761898759746551,-3.279627235347032
1789799571459324200,66.47832421875,0.9949240607857703,-4.741557397985458,-1.599699633949995
1789799571469295000,66.48829516601562,1.3928940358132123,-3.0162977859556674,-0.7063701537668705
1789799571479266000,66.49826611328125,0.40648298836145547,-2.730366628655791,-0.2212029568016529
1789799571489237000,66.50823706054688,1.4359844049990176,-4.616196157348155,0.5023065478146076
1789799571499209200,66.51820922851563,2.106286051040888,-6.332493879765272,1.191830196198821
1789799571509180200,66.52818017578124,1.3481301804572343,-5.996371581363678,1.5461767180770634
1789799571519151000,66.53815112304687,0.24810963189508764,-4.8373389083951706,1.7263135049968956
1789799571529122000,66.5481220703125,0.2636211075480096,-3.5897120061725376,1.4604741186112165
1789799571539093000,66.55809301757813,1.0137228692799807,-2.55716577847898,0.8239011391699314
1789799571549065200,66.56806518554687,1.0255635291993617,-2.7648727093696595,0.03025309944450855
1789799571559036000,66.57803588867188,1.7303320929884909,-3.1097283493250605,-0.8445943831086158
1789799571569007400,66.58800732421875,2.9981121409237383,-2.0955594898432492,-1.2913947322785853
1789799571578978300,66.59797827148438,2.6347546295940876,-2.207899920865893,-1.5595242754280567
1789799571588950300,66.6079501953125,1.053088664984703,-2.548980133935809,-2.043999398475885
1789799571598921200,66.61792114257813,0.22202245649099348,-1.8342291053146123,-1.7695926747530697
1789799571608892400,66.62789233398438,0.9664215313356369,-2.8104005348354577,-1.7099369552135466
1789799571618863400,66.63786328125,1.3739490968465804,-3.7527322385966775,-2.748026788508892
1789799571628834600,66.64783447265626,1.3704793749094009,-2.0961574557363987,-3.3347996719926596
1789799571638806300,66.65780615234375,-0.36926578552536665,-2.297282670149207,-3.2997207598268985
1789799571648777500,66.66777758789063,0.22655264726653693,-3.2279788811743257,-3.7968496127426623
1789799571658748400,66.67774853515625,0.4857635554231703,-2.374454757156968,-3.5020728856861587
1789799571668719400,66.68771923828125,0.04635368183068931,-0.8255237719357014,-2.4002543843239543
1789799571678691300,66.69769140625,0.96323829818964,-0.6251935072928667,-1.4211112455159425
1789799571688662300,66.70766235351563,1.0291747054338454,-0.6789449712246656,-0.3238561065465212
1789799571698633500,66.71763354492188,-0.7868821988523006,0.28274785108864303,1.5418307978272436
1789799571708604400,66.7276044921875,-0.43553310522437094,0.3933715413212776,3.729711136232316
1789799571718575400,66.73757543945312,1.3176269056439398,0.10043196656405926,3.3924107339620586
1789799571728547300,66.74754736328126,0.055512664918042715,-0.5742781435698271,3.292740983942151
1789799571738518500,66.7575185546875,-1.652359795513749,-1.0941630181729793,3.4635222057566044
1789799571748489500,66.76748950195312,-0.9471966794490814,-0.7985036630630493,3.7044060145840048
1789799571758460400,66.77746044921875,-0.8666156607806682,-0.34560791962742804,4.840099020758271
1789799571768432400,66.78743237304687,-2.8293554106742143,0.3616308336675167,5.593307498067617
1789799571778403600,66.79740356445312,-3.9542590195477008,0.66992872107625,4.666173655699193
1789799571788374500,66.80737451171875,-2.3563066676564515,1.2401707409977911,2.3366426206350326
1789799571798345200,66.81734521484375,0.06986980117037891,-0.13567688294649125,2.4823113207638263
1789799571808316400,66.82731640625,-0.0733551590681076,-0.15358254199326038,4.2291237161710855
1789799571818288400,66.83728833007812,-0.44144028344154357,1.6552753906995057,3.8259900747701523
1789799571828259600,66.84725952148438,-0.1055326507039368,2.4821558379411695,4.388158970612287
1789799571838230300,66.85723022460938,1.4623562790960072,3.2642426192104814,5.008098210638761
1789799571848201500,66.86720141601562,1.576250953823328,3.8705408718973398,5.499572983315587
1789799571858173400,66.87717333984375,0.12250380537956952,3.9954987924307583,7.306803022545576
1789799571868144600,66.88714453125,-0.3508995962947607,4.3242771578103305,8.586817113631962
1789799571878115300,66.897115234375,-0.4799240356147289,5.181812855556607,11.578417680704593
1789799571888086300,66.90708618164062,0.18335516444444655,5.79925384902656,12.391914330238103
1789799571898058500,66.91705859375,0.9973699926331638,6.046608315172791,12.227011352807283
1789799571908029400,66.92702954101563,1.8212179403111337,6.258447231301665,11.551070239573717
1789799571918000400,66.93700048828126,1.9475915728613733,5.550125358945131,10.255186379182339
1789799571927971300,66.94697143554687,2.422357787321508,4.408718359038233,8.997560060992836
1789799571937942500,66.95694262695312,2.737358679500222,3.089257223704457,7.864914459690451
1789799571947914200,66.96691430664063,3.230650730732083,1.7310095538586376,6.90220047763586
1789799571957885400,66.97688549804687,3.766680099928379,0.6629910307675599,5.903473517435788
1789799571967856400,66.9868564453125,4.1189959927618505,-0.40679216390848155,4.857770871049166
1789799571977827300,66.99682739257813,4.80918862644881,-1.4390297640442848,3.6415520835250614
1789799571987799300,67.00679931640624,5.5246115629822015,-2.309748183968663,2.292724276192486
1789799571997770200,67.01677026367187,6.181259946724772,-2.969602670276165,0.7199819150120019
1789799572007741400,67.02674145507812,7.008557742595672,-3.7941058669924734,-1.041434175287187
1789799572017712400,67.03671240234375,7.603633175000548,-4.554261971482634,-2.682695361420512
1789799572027684400,67.04668432617187,8.178563644999265,-3.4163118340313434,-3.1802526688814163
1789799572037655300,67.0566552734375,7.53721629076302,-4.340815620157122,-0.6089122345775365
1789799572047626500,67.06662646484375,5.4100657308697695,-4.570778221997618,-1.41070909396708
1789799572057597400,67.07659741210938,3.5654210300028324,-4.261684215775132,-1.6305565445065497
1789799572067568400,67.086568359375,3.298350640517473,-4.2043861652776595,-0.8185510103136301
1789799572077540400,67.09654028320313,3.219095317494869,-3.874188288488984,-0.02905541409254074
1789799572087511300,67.10651123046875,3.0301486166536806,-3.831179167845845,0.5647673879027366
1789799572097482500,67.116482421875,2.703732304230332,-4.319886521635949,1.1091372999429703
1789799572107453400,67.12645336914062,1.8645342272073029,-4.433298673543334,1.1193109034329651
1789799572117425400,67.13642529296875,0.8023024708241224,-4.6862177880793805,0.7213175475299358
1789799572127396400,67.14639624023438,-0.171131058165431,-4.518979061177372,0.7809662528067827
1789799572137367600,67.15636743164063,-0.8520014444947243,-3.621524902279675,1.0661688035711645
1789799572147338500,67.16633837890625,-1.8510662583470343,-3.0110300746858116,1.1789335974857211
1789799572157310500,67.176310546875,-2.6309721884459254,-2.5461244522437454,1.1014338859587907
1789799572167281400,67.18628149414063,-3.2533062146544456,-2.540136317744851,0.9374559144183993
1789799572177252400,67.19625244140624,-3.7590094191700216,-3.105473614490032,0.801971339173615
1789799572187223600,67.2062236328125,-3.90336352956891,-4.020704837618768,0.4218453561335802
1789799572197194200,67.2161943359375,-3.946103185620904,-5.52618041973412,-0.3612978023208678
1789799572207166500,67.22616650390626,-3.990952381172776,-6.666119100654125,-1.1487722679778933
1789799572217137400,67.23613745117187,-3.9893402698010205,-7.31408791885674,-1.9158812603458761
1789799572227108400,67.2461083984375,-3.714696814712882,-7.662821861550212,-2.9023616101741787
1789799572237079300,67.25607934570313,-2.3676859936743972,-8.571820035508274,-4.449394068297743
1789799572247051500,67.26605151367187,1.0608967083871363,-8.900842731037736,-6.440477869144082
1789799572257022500,67.2760224609375,1.6189268969893456,-7.730736290869117,-6.897159560859203
1789799572266993400,67.28599340820313,2.890207646521926,-5.870613450363278,-6.527214487832785
1789799572276964400,67.29596435546875,2.7774709096580743,-5.000132930848002,-5.149487626013159
1789799572286936600,67.3059365234375,1.61125329362154,-5.210093778145313,-3.3297958723559975
1789799572296907500,67.31590747070312,-2.2963906897455453,-4.876086279940605,-1.3920070238456128
1789799572306878200,67.32587817382813,-7.13560708245039,-4.035762998279929,0.8285328906238079
1789799572316849400,67.33584936523438,-7.118513908830285,-2.8233389268636704,1.8903727250799536
1789799572326821400,67.3458212890625,-6.630320642042159,-1.8477859215021133,1.6513455039046703
1789799572336792600,67.35579248046875,-5.3127708932876585,-1.154455282050371,1.0663523434445261
1789799572346763300,67.36576318359376,-3.5891432663738727,-1.1670233794614673,0.9596709610968828
1789799572356734500,67.375734375,-1.3648276327580213,-1.7987433659136294,-0.02229176517650485
1789799572366706400,67.38570654296875,1.4939999561160802,-1.9984271493464707,-0.411530298346281
1789799572376677600,67.395677734375,3.29857977309823,-2.0271394490897654,0.3112511842563748
1789799572386648300,67.4056484375,3.787588447922468,-2.4048259300231933,1.070887210395187
1789799572396619300,67.41561938476562,3.578804827710986,-2.7825007205188275,1.1974797463931142
1789799572406590500,67.42559057617187,2.6239263615876434,-2.642438169834018,0.9354350761152803
1789799572416562400,67.4355625,1.7535358584433793,-2.3178712846696374,0.45412674653530116
1789799572426533400,67.44553344726563,1.1201584601730108,-1.940406337532401,-0.12045037998110056
1789799572436504300,67.45550439453125,0.7326204473108052,-1.6826742697566746,-0.5355712501652539
1789799572446475500,67.4654755859375,0.6830541601091623,-2.065783360260725,-0.7883807668469845
1789799572456447500,67.47544750976563,0.9050403762429952,-2.0951783815711735,-1.2645067253530025
1789799572466418400,67.48541845703124,1.1290051989734171,-2.0587942320257424,-1.7340918839134274
1789799572476389400,67.49538940429687,2.7362971877485514,-1.9136890109986067,-1.546271118362248
1789799572486360300,67.5053603515625,3.6052538586974143,-2.092448664346337,-0.4321884709715843
1789799572496332300,67.51533227539062,3.818111011958122,-2.020189483821392,0.3426726333605125
1789799572506303200,67.52530322265625,3.160522717016935,-2.33571439987421,1.810418898399174
1789799572516274400,67.5352744140625,2.8081840278297663,-2.320583466237783,2.7120816149026155
1789799572526245400,67.54524536132813,2.3777836093187332,-2.144966202569008,2.9421643359914422
1789799572536217300,67.55521728515625,1.87899354519248,-1.981143421590328,2.6728607806265354
1789799572546188300,67.56518823242187,1.5508207444906235,-1.7031892345190047,2.2292300014033914
1789799572556159500,67.57515942382813,1.376995624935627,-1.2906471287816763,1.511382175810635
1789799572566130400,67.58513037109375,1.4940695142209528,-0.8373468961983919,0.32181502917297183
1789799572576101600,67.5951015625,1.5057880090653895,-1.326252110648155,-0.3823451934594661
1789799572586073600,67.60507348632812,1.1290823558628558,-2.416859482166171,-0.45980208875797685
1789799572596044500,67.61504443359375,0.4235205958694219,-3.309256649935245,-0.37834984021298584
1789799572606015700,67.625015625,-0.3632645723491907,-3.329848771587014,-0.5453364189848303
1789799572615986700,67.63498657226563,-1.0976502757668494,-2.6245167286962268,-0.8668086991347372
1789799572625958700,67.64495874023437,-1.432326467013359,-1.7167741077572107,-1.1229957294255495
1789799572635929600,67.6549296875,-1.2096060913860798,-1.1876456039905547,-1.00376977667287
1789799572645900800,67.66490087890625,-1.0247329235941172,-1.3277566699922083,-0.646566330993548
1789799572656494600,67.67549462890625,-0.8960054213941097,-1.766539132401347,-0.4900759387295693
1789799572666466800,67.685466796875,-0.7790741554498672,-2.0338480068176983,-0.5621511409897357
1789799572676437500,67.6954375,-0.5169792162895203,-2.272075748178363,-0.8658549786064773
1789799572686408700,67.70540869140625,-0.09379939668178558,-2.1544015549123285,-1.2730278854608534
1789799572696379600,67.71537963867188,0.3477928624510765,-1.9670260489106177,-1.5152639856800436
1789799572706351900,67.72535180664063,0.6744657799839973,-1.9419412920147179,-1.4494645026884971
1789799572716322600,67.73532250976562,0.7254530398994684,-2.0387743573039767,-0.9310298999588936
1789799572726293500,67.74529345703125,0.23341829525232313,-2.0398019467860458,-0.20288973986729977
1789799572736264700,67.7552646484375,-0.6095815121412277,-1.958806502097845,0.15230689603425562
1789799572746236700,67.76523657226562,-1.2573767273426055,-1.6040660124659538,-0.22711050034500657
1789799572756207600,67.77520751953125,-1.5282552769392728,-1.1067156257539987,-1.121972158531472
1789799572766178600,67.78517846679688,-1.4346177928209305,-0.8324246373653411,-1.8771881032057105
1789799572776149800,67.79514965820313,-1.0822048693537711,-0.9062959292620419,-2.0183650448732076
1789799572786121700,67.80512182617187,-0.615175971147418,-1.094752800759673,-1.6327242439344525
1789799572796092700,67.8150927734375,0.019090484917163846,-1.1939987724095582,-1.0995957107461989
1789799572806063600,67.82506372070313,0.9028373132407664,-1.2298568522542714,-0.7775815788045525
1789799572816034600,67.83503466796876,1.679788485187292,-1.194616612046957,-0.7304437608588487
1789799572826006500,67.84500659179687,2.009075969132781,-1.1343570813953876,-0.7359856128949671
1789799572835977500,67.8549775390625,1.8341110318928955,-1.0844470953226089,-0.723563426760584
1789799572845948700,67.86494873046875,1.5853519596457482,-0.9982301165938376,-0.7638643844235689
1789799572855919600,67.87491967773437,1.6554326270878315,-0.8099415874004363,-0.8483818657580763
1789799572865891600,67.8848916015625,1.9669968228161334,-0.5996113222688436,-0.877832051321864
1789799572875862500,67.89486254882813,2.0275018526613713,-0.46952889832854267,-0.7543214069873094
1789799572885833700,67.90483374023438,1.605182449275255,-0.4106517619460821,-0.6270110781088472
1789799572895804700,67.9148046875,0.9783107796370982,-0.3577461011886596,-0.5861133601291105
1789799572905776600,67.92477661132813,0.505232079872489,-0.278665550211072,-0.7802158728308975
1789799572915747600,67.93474755859376,0.19377835878133773,-0.23807985732257364,-1.0890576578579843
1789799572925718500,67.94471850585937,0.05089081380367279,-0.20557342599332332,-1.283642510716617
1789799572935689700,67.95468969726562,0.0659440060287714,-0.12090659931600094,-1.4368731705322861
1789799572945661400,67.96466137695313,0.005302782583236694,-0.04945639708638191,-1.498613441260904
1789799572955632600,67.97463256835937,-0.4313917676359415,-0.14770225178301333,-1.3856635000377893
1789799572965603600,67.984603515625,-1.081172019174695,-0.44541327872574327,-1.192902501605451
1789799572975574800,67.99457470703125,-1.7127946827322245,-0.6385077468961476,-1.1813043452050536
1789799572985546500,68.00454638671874,-1.9193179567962884,-0.40847441790699957,-1.3729954493835568
1789799572995517700,68.014517578125,-1.3719178832799195,0.08093114728033542,-1.6225021251276135
1789799573005488600,68.02448852539062,-0.4087953204244375,0.4404746532797813,-1.5584449557587503
1789799573015459600,68.03445947265625,0.2896738509595394,0.40563247247934336,-0.9468736580397933
1789799573025431600,68.044431640625,0.17296528785526752,0.19861001672148704,-0.06645180942043662
1789799573035402800,68.05440283203124,-0.24235972659885882,-0.007292495095729827,0.2658276959478855
1789799573045373700,68.06437377929687,-0.260295196262002,-0.06406769076287747,-0.06506546962857246
1789799573055344600,68.0743447265625,0.25028058272600173,-0.01965980923771858,-0.7385418001838028
1789799573065316600,68.08431665039062,1.0966600956857204,-0.09906360082030295,-1.0962165897019207
1789799573075287600,68.09428759765625,1.9980992325663565,-0.3661719842284918,-0.8527085698507726
1789799573085258800,68.1042587890625,2.1584844403117893,-0.5948416236490011,-0.2963151156049222
1789799573095229700,68.11422973632813,1.8260136501550674,-0.6993857017070054,-0.16082929825112222
1789799573105201700,68.12420166015625,1.6091180351585148,-0.6485767209678888,-0.7471727042764424
1789799573115172600,68.13417260742187,1.8871458719879388,-0.6407178241610527,-1.5109583974406122
1789799573125143800,68.14414379882813,2.472486676841974,-0.703383246910572,-1.8521061227887867
1789799573135114800,68.15411474609375,2.5767139440357685,-0.6917395708680153,-1.5460095448166131
1789799573145086700,68.16408666992187,2.179298095759749,-0.571627921321988,-1.1657314399547873
1789799573155057700,68.1740576171875,1.224576281502843,-0.06315817470252513,-0.7303009183220565
1789799573165028600,68.18402856445313,-1.4281366141080856,0.7782441343665123,-0.1927122639197856
1789799573174999800,68.19399975585938,-2.596354464051127,0.6741127287626266,0.14550006556361914
1789799573184971500,68.20397143554688,-2.483885438212752,0.4416869516789913,0.36975261919423935
1789799573194942700,68.21394262695313,-1.3595260192185639,0.31337796715199945,-0.053973436119407414
1789799573204913700,68.22391357421876,-0.06650397799909115,0.20837036323547362,-0.4458942671757191
1789799573214884900,68.233884765625,0.45363516362607476,0.043287353062629694,-0.050777124296128746
1789799573224856600,68.24385668945312,0.2653442963451147,-0.04131634525060653,0.5190357104279101
1789799573234827800,68.25382788085938,0.03471943120360374,0.001250292322039604,0.5283959517084061
1789799573244798700,68.263798828125,0.00998246483206749,0.0291442614197731,0.10666888819225132
1789799573254769700,68.27376977539062,-0.24052491238713264,0.08889175089597702,-0.3329126156400889
1789799573264741600,68.28374169921875,-0.7504881124347448,0.09184767809212208,-0.7409863437917084
1789799573274712600,68.29371264648438,-1.1600117471337317,0.15391805755794047,-1.107831039649993
1789799573284683800,68.30368383789063,-1.1347978109002113,0.5784294180303812,-1.3607086531318724
1789799573294654700,68.31365478515625,-0.8077607362300157,1.146376020491123,-1.3298513041839002
1789799573304626700,68.32362670898438,-0.49276831961870193,1.0041893172591925,-1.0261140757542102
1789799573314597600,68.33359765625,0.02780979794561863,0.5050619840025902,-1.216563290112838
1789799573324568800,68.34356884765624,0.552929650592804,0.09726911861896514,-1.6631803186051546
1789799573334539800,68.35353979492187,0.8576140236794948,-0.24683482618629932,-1.9306920221172272
1789799573344511700,68.36351171875,1.0916466514378786,-0.3477800029695034,-2.18199668719396
1789799573354482700,68.37348266601562,1.4062176277667284,-0.08700082258284092,-2.2962812380217015
1789799573364453600,68.38345361328125,1.8686849171459674,0.009759177470207214,-2.08134625557363
1789799573374424600,68.39342456054688,1.967370916825533,-0.1986035869807005,-1.4483625327959655
1789799573384396500,68.403396484375,1.6458967369794844,-0.3321896351277828,-0.8996702275119721
1789799573394367700,68.41336767578125,1.458820506185293,-0.34018647910058497,-0.818283080092445
1789799573404338700,68.42333862304687,1.7531214324235915,-0.38236733222603797,-1.0302632313229143
1789799573414310700,68.433310546875,2.226255077245831,-0.4859025255024433,-1.0607895216856151
1789799573424281600,68.44328149414062,2.365271333748102,-0.5569891551166772,-0.8724557651109993
1789799573434252800,68.45325268554687,1.715169595170021,-0.5591144767075776,-0.5589082135457545
1789799573444223700,68.4632236328125,0.23492986885905265,-0.6161573834002018,-0.4000022115074098
1789799573454195700,68.47319580078126,-1.2482459109038113,-0.6263163738429546,-0.6355402753926813
1789799573464166700,68.48316674804687,-2.032005593821406,-0.39278585038781166,-1.0943201814960688
1789799573474137600,68.4931376953125,-2.0812316892832516,-0.05496317780911922,-1.61192914705649
1789799573484108800,68.50310888671875,-1.7032698985397814,0.056579965355992315,-1.7788031322993336
1789799573494080500,68.51308056640624,-1.593044852235913,-0.09459025479853153,-1.483060044428706
1789799573504051700,68.5230517578125,-2.055368349230289,-0.28400398862957954,-1.022810796425119
1789799573514022700,68.53302270507812,-2.762422393608093,-0.3444768697708845,-0.8902660009592771
1789799573523993900,68.54299389648438,-2.971865939033031,-0.2185626714259386,-1.1613315244954079
1789799573533965600,68.55296557617187,-2.5004408516943455,-0.03056114248037338,-1.648737805624306
1789799573543936800,68.56293676757812,-1.5538602583169936,0.015111644414067267,-1.9841136695727706
1789799573553907700,68.57290771484375,-0.6328992593646049,-0.23011223944425582,-1.9703753593385218
1789799573563878700,68.58287866210938,-0.13904898972809313,-0.5815192007392644,-1.7009511002033948
1789799573573849900,68.59284985351563,0.057278469014167784,-0.577409427332878,-1.5338624492965638
1789799573583821000,68.60282104492188,0.27332711179256436,-0.33483751928806305,-1.619070543243736
1789799573593792000,68.6127919921875,0.7182312719523907,-0.13955401664078235,-1.7627081759363412
1789799573603763200,68.62276318359375,1.2787532773703336,-0.12766776401400565,-1.7764336266890166
1789799573613735000,68.63273486328124,1.9005109649956224,-0.32441900112628935,-1.7128557652696965
1789799573623706000,68.6427060546875,2.450874564492702,-0.5451309595406055,-1.5680293611839413
1789799573633677000,68.65267700195312,2.637988204687834,-0.6240817466586828,-1.4836235235303639
1789799573643648000,68.66264794921875,2.4504455254256725,-0.49738779611289496,-1.4446715693235397
1789799573653620000,68.67261987304687,2.0922522649914024,-0.33141923527717587,-1.4050178965881466
1789799573663591000,68.6825908203125,1.7460943102657793,-0.28695816226005555,-1.3439955648705362
1789799573673562000,68.69256201171875,1.2576269027113913,-0.2657920401126146,-1.2773964559338986
1789799573683533000,68.70253295898438,0.5490379038512706,-0.20145488475859163,-1.307184422084689
1789799573693505000,68.71250512695312,-0.06574760667383671,-0.20234335803091524,-1.3942176856324076
1789799573703476000,68.72247607421875,-0.629019787582755,-0.18849135828912256,-1.4987398441195487
1789799573713447200,68.732447265625,-1.0509650969594717,-0.14933423689901829,-1.6666133617937564
1789799573723419000,68.7424189453125,-1.106463112297654,-0.1226946517765522,-1.905599520306289
1789799573733390000,68.75239013671874,-0.8977835369825362,-0.16964286543428897,-2.017501267650723
1789799573743361000,68.76236108398437,-0.6267465819537639,-0.3227811707913875,-1.8613924220502376
1789799573753332000,68.77233203125,-0.443653283315897,-0.46923663738369936,-1.5813238731734454
1789799573763304000,68.78230395507812,-0.4750350945293903,-0.5206149424433708,-1.4849556489169597
1789799573773275000,68.79227490234375,-0.5116004458606243,-0.4699064994692802,-1.5578770927429197
1789799573783246000,68.80224609375,-0.5601859053313731,-0.38798283402025696,-1.6833932316809892
1789799573793217000,68.81221704101563,-0.7910065853059292,-0.2639706699043512,-1.8090198452562092
1789799573803189000,68.82218896484375,-1.262802844044566,-0.18762509684860706,-1.9320684250369666
1789799573813160000,68.83215991210938,-1.76343765925467,-0.10454407805800438,-2.065000831580907
1789799573823131100,68.84213110351563,-1.7955074527323245,-0.1177577798962593,-2.270626426152885
1789799573833102000,68.85210205078126,-1.0551987890064716,-0.23496435565054416,-2.459866264721751
1789799573843074000,68.86207397460937,0.2774912457346916,-0.2636567816495895,-2.3713170436531303
1789799573853045000,68.872044921875,1.6612077033579349,-0.3082879505366087,-1.9939546801075339
1789799573863016000,68.88201586914063,2.904826538982987,-0.4582552246421575,-1.4202426459878683
1789799573872987100,68.89198706054688,4.0082945611178875,-0.5880284365028142,-0.8799889370948075
1789799573882958800,68.90195874023438,4.791789455619454,-0.5317027381688356,-0.4961915720656514
1789799573892930000,68.91192993164063,4.9480134520322085,-0.30840660848021506,-0.35111660004630685
1789799573902901000,68.92190087890626,4.460419320181012,-0.09289572584033012,-0.3855243349522352
1789799573912872200,68.9318720703125,3.482800029939413,-0.03806289641261101,-0.6384354123122989
1789799573922844000,68.94184399414063,2.2686364213794468,-0.12119886026084423,-0.809359915054962
1789799573932815000,68.95181518554688,0.8671428995251655,-0.07882219230234623,-1.0173707973282784
1789799573942786000,68.9617861328125,-0.25530571741163727,0.05635200181901454,-1.3998710352189838
1789799573952757000,68.97175708007812,-0.9418763612091541,0.18711890089213848,-1.7948701777420937
1789799573962729000,68.98172900390625,-1.371999131822586,0.1593991193175316,-1.9588553096756338
1789799573972700000,68.99169995117188,-1.6395815624833106,-0.1607926195025444,-1.9549748149804769
1789799573982671000,69.00167114257812,-1.5483376955032349,-0.4619102400183677,-1.8208757027447222
1789799573992642000,69.01164208984375,-1.0065209750771522,-0.6450801110237836,-1.62660707622841
1789799574002614000,69.02161401367188,-0.08018412830531596,-0.6751864954739809,-1.4704991074107587
1789799574012585000,69.0315849609375,0.7192705518722534,-0.6543786852449178,-1.0854365447513759
1789799574022556200,69.04155615234374,0.7239128247201442,-0.5637187556326388,-0.5208662868559361
1789799574032528000,69.05152783203125,-0.2538379829466343,-0.38823242486715315,-0.16830058397985995
1789799574042499000,69.0614990234375,-1.5491379059702157,-0.0013274492114782332,-0.15583105157241225
1789799574052470000,69.07146997070312,-2.3762369643986223,0.47978258131742474,-0.3958566361352801
1789799574062441000,69.08144091796875,-2.4039877256333826,0.6735381437450647,-0.8972887392029165
1789799574072413000,69.09141284179688,-1.8504378973156212,0.45919221323132514,-1.313918991036713
1789799574082384000,69.1013837890625,-0.9244617005497217,0.054425417670607566,-1.3649471674844622
1789799574092355000,69.11135498046875,0.07972118696868419,-0.2435802083045244,-1.1644463685803115
1789799574102326000,69.12132592773438,0.9921095878869295,-0.3508510809779167,-0.883065933387354
1789799574112298000,69.13129809570313,2.010332691195607,-0.3323813583076,-0.5740258493091911
1789799574122269000,69.14126904296874,3.043668607962131,-0.33833529827594755,-0.34497144835479554
1789799574132240100,69.151240234375,3.626557928010821,-0.26127368590533734,-0.19976598182357846
1789799574142211000,69.16121118164062,3.1430764921754597,-0.15666472591757774,-0.29916334464289246
1789799574152183000,69.17118310546876,2.1197943519115445,-0.17144143928885458,-0.7513322351086884
1789799574162154000,69.18115405273437,1.307085637885332,-0.2572276253849268,-1.3793705373734235
1789799574172125200,69.19112524414062,0.9846855753660202,-0.28196868340969083,-2.064164234626293
1789799574182096100,69.20109619140625,1.122481934684515,-0.26602935599982735,-2.471779989877343
1789799574192068000,69.21106811523437,1.1261650071114302,-0.23243454491198062,-2.168543915902823
1789799574202039000,69.2210390625,0.5663268923044205,-0.18074644325077532,-1.4039583045326172
1789799574212010000,69.23101000976563,-0.4037526500821113,0.044534722775220865,-0.7691356028247625
1789799574221981000,69.24098095703125,-1.458348797020316,0.3472206155210733,-0.5604470404855907
1789799574231953000,69.25095288085937,-2.1904501888930796,0.5091010302603245,-0.7132956421811133
1789799574241924000,69.26092407226562,-2.0341338380217553,0.5544862323850392,-1.060601305637136
1789799574251895000,69.27089501953125,-1.0069868390232324,0.45854047132432457,-1.2701494074150919
1789799574261866000,69.28086596679688,-0.06422317358553409,0.24811025294959543,-1.1015163766104727
1789799574271838000,69.290837890625,0.10036825367808341,-0.046616789746284484,-0.8045078719139098
1789799574281809200,69.30080908203125,-0.37026656006574626,-0.14157120168209075,-0.509991914685443
1789799574291780000,69.31078002929688,-1.1071779825687407,0.055119829675555225,-0.5380868862479925
1789799574301752000,69.320751953125,-1.6349252611100673,0.3503109827518463,-0.8543558986663818
1789799574311723000,69.33072290039063,-1.5071359165430067,0.43403439109921454,-1.1709371188391
1789799574321694000,69.34069384765625,-0.6249100141763687,0.24060382284224033,-1.358031981268525
1789799574331665200,69.3506650390625,0.2623229026973247,-0.09241466432511806,-1.2983384139366447
1789799574341636900,69.36063696289062,0.7225894671618938,-0.36818683118224144,-1.1518471453785895
1789799574351608000,69.37060815429687,0.8942004177987575,-0.49659167729914183,-0.9938540934666991
1789799574361579000,69.3805791015625,1.0303303052097559,-0.47949967272281646,-1.011744116552919
1789799574371550200,69.39055029296875,1.1112030003011226,-0.5257610731601715,-1.3500984117902814
1789799574381522000,69.40052197265625,1.0825473991811274,-0.765508571434021,-1.7341896451994776
1789799574391493000,69.4104931640625,0.9382903194159269,-1.0796703824400902,-1.9736444441370664
1789799574401464000,69.42046411132813,0.6785667855620384,-1.228242402794957,-2.080962663083523
1789799574411435000,69.43043505859374,0.5272136100560426,-1.155872747632861,-2.243652786770463
1789799574421407000,69.44040698242188,0.5587450588732957,-0.8951391599535942,-2.1557877485737205
1789799574431378000,69.4503779296875,0.5287099860936403,-0.6444324607700109,-1.7745817152120171
1789799574441349000,69.46034912109376,0.20119711060523984,-0.4246680123388767,-1.391329562975466
1789799574451319800,69.47031982421875,-0.2595493463307619,-0.23958324762284755,-1.2559696370236575
1789799574461292000,69.4802919921875,-0.7451882524609565,-0.0830541307836771,-1.2383411874830723
1789799574471263000,69.49026293945313,-1.0737842470109462,-0.07643325133919715,-1.3121999121591448
1789799574481234200,69.50023413085937,-0.6780787097841501,-0.2055173118919134,-1.5125170250594615
1789799574491204900,69.51020483398437,0.5197679702252149,-0.43816403824985023,-1.7268671933569013
1789799574501177000,69.52017700195313,1.618858507928252,-0.7017243737876415,-1.700833319042623
1789799574511148000,69.53014794921874,2.013085204774141,-0.8855500783532857,-1.3710070520453155
1789799574521119000,69.54011889648437,1.7312486233115196,-0.8892781589657067,-0.8430874126117676
1789799574531091000,69.55009106445313,0.94373046464324,-0.5853296989381312,-0.48601329240053887
1789799574541062000,69.56006176757812,0.37736148676276204,-0.09583820903301238,-0.4792248743694275
1789799574551033000,69.570033203125,-0.12980126891136168,0.24696342100203036,-0.7663258791662753
1789799574561004000,69.58000415039062,-0.31680326542556286,0.04951543379724026,-1.2910793827190994
1789799574570976000,69.58997607421875,-0.056815527677536004,-0.4362029673099518,-1.3629999789394438
1789799574580947500,69.59994750976563,-0.02332709957361221,-0.8548509887069463,-1.2408306662112474
1789799574590918400,69.60991845703126,-0.03770049284100532,-0.9763602300912141,-1.2443937655203043
1789799574600889000,69.61988916015625,0.14333470422327518,-0.9385206210404634,-1.2161513483110815
1789799574610861300,69.629861328125,0.4669014724344015,-0.8723392991244793,-0.9713076228767633
1789799574620832300,69.63983227539063,0.7681704841196536,-0.8072761675834655,-0.538656137503311
1789799574630803500,69.64980346679687,0.9857587575554847,-0.7837573448300361,-0.05264218751564621
