time,seconds_elapsed,z,y,x
1789453531549694000,0.06569384765625,7.467747617739438,6.333119902709126,-0.5428904871374368
1789453531559633000,0.0756328125,7.462597979891299,6.332737040871382,-0.6135648826889694
1789453531569572900,0.08557275390625,7.452139714241027,6.337858037146925,-0.6837802093613893
1789453531579511800,0.09551171875,7.438044553393125,6.3484297000437975,-0.7371085525102913
1789453531589452000,0.1054521484375,7.422151403212547,6.363906086117029,-0.7633892411924899
1789453531599391000,0.115390869140625,7.404898070594668,6.383730730527639,-0.7654140250183642
1789453531609331000,0.1253310546875,7.3871128230571745,6.405995169305801,-0.7511220264241099
1789453531619270100,0.135270263671875,7.372265382537245,6.425543919384479,-0.7297055097121745
1789453531629210000,0.145210205078125,7.36658675237894,6.434193089786172,-0.7105931052241474
1789453531639149800,0.15514990234375,7.376286893138289,6.4239972744643685,-0.7021634227920324
1789453531649089000,0.165089111328125,7.405466810393333,6.389236926728486,-0.712106797722727
1789453531659029000,0.175029052734375,7.45730104252696,6.324513402405381,-0.748046564501524
1789453531668968000,0.184968017578125,7.5343527180254455,6.222639420339465,-0.8262368155758828
1789453531678908000,0.194907958984375,7.634328172993659,6.0801382443308825,-0.9588202625516802
1789453531688847000,0.20484716796875,7.747418545600771,5.902047284024953,-1.1461793288752435
1789453531698787000,0.214787109375,7.864504125323891,5.692214447021484,-1.3851584731251
1789453531708726000,0.22472607421875,7.9803265532433985,5.466366294762492,-1.613571215175092
1789453531718666000,0.234666015625,8.097019918778539,5.239557188516855,-1.7764280737310647
1789453531728605000,0.24460498046875,8.224197853448986,5.00233716289401,-1.8733859344437718
1789453531738545000,0.254544921875,8.371836392346024,4.741549214679003,-1.8974853335641324
1789453531748483800,0.26448388671875,8.526164784270524,4.474113206751644,-1.8593563861779867
1789453531758424000,0.274424072265625,8.654170401936769,4.2505777153491975,-1.7911732229202986
1789453531768363000,0.284363037109375,8.729782984542846,4.121380257549882,-1.724963405562192
1789453531778303000,0.294302978515625,8.758429817834497,4.102097172670066,-1.6226782123468815
1789453531788242200,0.3042421875,8.760172277587651,4.167334491734207,-1.4363457856573163
1789453531798182000,0.314181884765625,8.74641087873876,4.2838790964484215,-1.1485055798657238
1789453531808121000,0.32412109375,8.72138340498805,4.4158109476476906,-0.7800459230914711
1789453531818060800,0.334060791015625,8.705124344104528,4.497429492670298,-0.40537049707490946
1789453531828000000,0.344,8.710053032678365,4.505078253857791,-0.09813086828114465
1789453531837940000,0.35393994140625,8.736797247219085,4.4526086464300745,0.11418707266948185
1789453531847879000,0.36387890625,8.760310809275508,4.3983352044507855,0.2863363040346652
1789453531857819100,0.373819091796875,8.767455420333146,4.369768158397078,0.4552326619505882
1789453531867759000,0.383759033203125,8.756956822672485,4.372258806169032,0.607816877088882
1789453531877698000,0.393697998046875,8.730468628719448,4.409287391097843,0.7123799886409193
1789453531887638000,0.403637939453125,8.693717399427294,4.472283360975981,0.7670377537626772
1789453531897577000,0.413576904296875,8.657503345751762,4.539675227725506,0.7806237960446626
1789453531907517000,0.423516845703125,8.627854057419299,4.595729707902669,0.7808926030486821
1789453531917456000,0.433455810546875,8.605104465472698,4.633171842068434,0.810115117336437
1789453531927396400,0.443396240234375,8.586695533078908,4.653434585635364,0.8857745347589254
1789453531937335300,0.453335205078125,8.567502756831049,4.665970826603472,0.9984984121412038
1789453531947275300,0.463275146484375,8.543924312844872,4.677878998801112,1.1354237607788293
1789453531957214500,0.47321435546875,8.515297353297472,4.689385019938648,1.2921931891798972
1789453531967154200,0.483154296875,8.484180915021895,4.693825924995541,1.4686945422068238
1789453531977093000,0.493093017578125,8.454176821902394,4.6871924783304335,1.6515167688183485
1789453531987033000,0.503033203125,8.427591597315669,4.677537053495645,1.8074094874501228
1789453531996972300,0.51297216796875,8.405117899700999,4.6765734691604965,1.9115543370574712
1789453532006912300,0.522912353515625,8.385150631949305,4.68761771800518,1.9712606177404521
1789453532016851200,0.532851318359375,8.362778641143441,4.712902965909242,2.0057085385262967
1789453532026791400,0.54279150390625,8.334210718306899,4.752328967368602,2.03142530971542
1789453532036730400,0.55273046875,8.298984506624937,4.801674889817834,2.059408272270858
1789453532046670000,0.562670166015625,8.259718664163351,4.8546989162579175,2.092685541842133
1789453532056610300,0.5726103515625,8.222431428298353,4.902096627248824,2.1287221931241453
1789453532066549200,0.58254931640625,8.19619750136733,4.930975807991624,2.1629167236708104
1789453532076489200,0.5924892578125,8.189540966087579,4.930991005560755,2.187950919423252
1789453532086428200,0.60242822265625,8.203890978479384,4.900380763241649,2.2029114649288357
1789453532096368400,0.612368408203125,8.234471410182119,4.848099664123356,2.2044931811623276
1789453532106307300,0.622307373046875,8.273542606854438,4.79057511139363,2.183865842066705
1789453532116247300,0.632247314453125,8.311760986089705,4.742362869149447,2.1435978368252515
1789453532126186200,0.642186279296875,8.34094148786664,4.711607665401697,2.09757740553692
1789453532136126200,0.652126220703125,8.357022269573807,4.701073996427655,2.0568093418188393
1789453532146065200,0.662065185546875,8.359829728209972,4.70901005012393,2.027032189323008
1789453532156005000,0.672005126953125,8.348051612132787,4.734818445119261,2.0154174471139905
1789453532165944300,0.6819443359375,8.324884087035059,4.773238192145526,2.020614431235194
1789453532175884300,0.69188427734375,8.29646346371472,4.818734453429282,2.029502232698351
1789453532185824300,0.70182421875,8.268842466339468,4.8678299082487815,2.025060158597678
1789453532195763500,0.711763427734375,8.246184059807657,4.914736036330461,2.004045573750138
1789453532205703200,0.721703125,8.231229651781916,4.9537452736824745,1.9691756281599402
1789453532215642000,0.73164208984375,8.223890394935012,4.981909291893244,1.9283654788658022
1789453532225582000,0.74158203125,8.21788793964982,5.00375579752028,1.8971375430397688
1789453532235521300,0.751521240234375,8.208129346701503,5.026330617421865,1.8796296511389314
1789453532245461200,0.761461181640625,8.191618356883525,5.054590497222542,1.8758719060406088
1789453532255400200,0.771400146484375,8.168683471497893,5.090153978034854,1.879714699073881
1789453532265340400,0.78134033203125,8.141140800055862,5.134703898379207,1.878037413511425
1789453532275279400,0.791279296875,8.113530324074626,5.18605940708518,1.8562875001266597
1789453532285219000,0.801218994140625,8.088228709557653,5.239213489645719,1.817026187709719
1789453532295158300,0.811158203125,8.064246945467591,5.290852491468191,1.7734673242293297
1789453532305098200,0.82109814453125,8.042804344466328,5.338268322637677,1.7281727229975163
1789453532315038200,0.8310380859375,8.022287041616439,5.382434212100505,1.6860297176644206
1789453532324977200,0.84097705078125,8.002212221837043,5.42394169600904,1.6479831878647206
1789453532334917400,0.85091748046875,7.983564219990372,5.461933280751109,1.6125646684810517
1789453532344856300,0.860856201171875,7.967181240466236,5.493681002667546,1.5855194251671432
1789453532354796300,0.87079638671875,7.955823980149626,5.516449299314618,1.5633410572372377
1789453532364735200,0.8807353515625,7.949324096736311,5.531275697046518,1.5438972288377582
1789453532374675200,0.89067529296875,7.946955029517412,5.539335084861516,1.5271063991650937
1789453532384614100,0.9006142578125,7.948379509362578,5.541474434977769,1.5118550540193914
1789453532394554000,0.91055419921875,7.951998868903517,5.540304222154617,1.4970402005948125
1789453532404493300,0.920493408203125,7.9557251959502695,5.538472915074229,1.48396181557402
1789453532414433300,0.930433349609375,7.958293585133552,5.537620682159066,1.4733312620967625
1789453532424373200,0.940373291015625,7.958867001107334,5.538615538415312,1.4664789119839667
1789453532434312400,0.9503125,7.957314510968327,5.541542824038863,1.4638408185653389
1789453532444252200,0.960252197265625,7.954287272101641,5.545836721840501,1.464031811092794
1789453532454191000,0.970191162109375,7.950824564427137,5.550412943714857,1.4654999839492142
1789453532464131300,0.98013134765625,7.947072518417238,5.555770086833834,1.4655502528317272
1789453532474070300,0.9900703125,7.9439932571023695,5.5617637742906805,1.4594975286640226
1789453532484010200,1.00001025390625,7.942868052464723,5.566888277697563,1.4460276601076125
1789453532493949200,1.00994921875,7.944556151682138,5.569097770440578,1.4281310611501334
1789453532503889400,1.019889404296875,7.949317082473635,5.567503194725513,1.4077093276292085
1789453532513828400,1.029828369140625,7.956237821647524,5.562872612315416,1.3867624011904
1789453532523768000,1.03976806640625,7.962995479214191,5.5575283286780115,1.3692932338647543
1789453532533708300,1.049708251953125,7.966978995892405,5.555308314540982,1.3550564725890755
1789453532543647200,1.059647216796875,7.966822344025969,5.559089002123475,1.3403914028987287
1789453532553587200,1.069587158203125,7.963349114957452,5.569098354962468,1.3193193887755275
1789453532563526100,1.079526123046875,7.957932350605725,5.584242148080468,1.287610391434282
1789453532573466400,1.08946630859375,7.951646986725926,5.602779675289988,1.2452103426001966
1789453532583405300,1.0994052734375,7.944573687338829,5.624027630501986,1.1935030247818679
1789453532593345300,1.10934521484375,7.9355235349208115,5.648960411706566,1.134502773476392
1789453532603284200,1.1192841796875,7.922735365018248,5.678814282700419,1.0731838699650018
1789453532613224200,1.12922412109375,7.905610627216101,5.713754078656435,1.0122869181927292
1789453532623163100,1.1391630859375,7.884819183599949,5.752220295172929,0.9549703091252595
1789453532633103000,1.14910302734375,7.862386402517557,5.7912540824443095,0.9025704789981246
1789453532643043300,1.159043212890625,7.84080234721899,5.828035122352838,0.8521778970401733
1789453532652982300,1.168982177734375,7.821822921460867,5.86057604047358,0.8019447434276342
1789453532662922200,1.178922119140625,7.80559074858427,5.888591005602478,0.7534163479063659
1789453532672861400,1.188861328125,7.790559768190979,5.913795004963874,0.7103471676390618
1789453532682801200,1.19880126953125,7.774988689571619,5.938601529440284,0.67301528891474
1789453532692740000,1.208739990234375,7.757278845357894,5.965910392126441,0.6347549702338874
1789453532702680300,1.218680419921875,7.73669724510014,5.996959025862813,0.5919340291066095
1789453532712619300,1.228619384765625,7.714334606644511,6.030128889536857,0.54495578563679
1789453532722559200,1.238559326171875,7.691940988528728,6.062973759040236,0.4947519677165895
1789453532732499200,1.248499267578125,7.671307950344682,6.093042149567604,0.44301648324970155
1789453532742438400,1.2584384765625,7.653616226309538,6.118717273572087,0.3922327830823138
1789453532752378000,1.268378173828125,7.638920761480927,6.139987440615892,0.34326738438326865
1789453532762317000,1.278317138671875,7.626274630397558,6.158047997963428,0.2979400864582509
1789453532772257300,1.28825732421875,7.615400769683718,6.173344351294636,0.25665384408496317
1789453532782196200,1.2981962890625,7.606684379264712,6.1855433231323955,0.2186078988071531
1789453532792136200,1.30813623046875,7.60012370557487,6.194736683413386,0.18368432333357632
1789453532802075100,1.3180751953125,7.595399015140533,6.2013809437334535,0.1522381325138267
1789453532812015400,1.328015380859375,7.592431397506594,6.205664904662966,0.12283302820078097
1789453532821955300,1.337955322265625,7.589724476635456,6.209479494515061,0.09395030379402451
1789453532831894300,1.347894287109375,7.586378088817,6.213949333405495,0.06394649836889002
1789453532841834200,1.357834228515625,7.582810751724243,6.218533738586307,0.034694057017040904
1789453532851773200,1.367773193359375,7.581381011182069,6.220367383754253,0.008663853660059976
1789453532861713200,1.377713134765625,7.584816246327757,6.216167593976855,-0.01453217772541102
1789453532871652000,1.387652099609375,7.5947309066206214,6.203966284051537,-0.03526560754401144
1789453532881592300,1.39759228515625,7.610619965147972,6.184333362820744,-0.053653885308839376
1789453532891531300,1.40753125,7.630664389789104,6.159439744582772,-0.06815556743128691
1789453532901471200,1.41747119140625,7.650783633232116,6.134314071154594,-0.07803736206758767
1789453532911411200,1.4274111328125,7.665859037289023,6.115337568005919,-0.08737458779867738
1789453532921350100,1.43735009765625,7.673471265858411,6.105656131947041,-0.09588230390306561
1789453532931291000,1.447290771484375,7.67242789428532,6.10685031016767,-0.10298390693604015
1789453532941229800,1.457229736328125,7.667198761460185,6.113365391150117,-0.1058972370994743
1789453532951170000,1.467170166015625,7.664535095208882,6.11673399080038,-0.10414348876732402
1789453532961109000,1.47710888671875,7.6679171388626095,6.112515496322512,-0.10288093975191004
1789453532971048700,1.487048583984375,7.678246809697151,6.099546709156036,-0.10220776233123614
1789453532980988000,1.49698779296875,7.693462499007582,6.080349841254949,-0.10179238646337761
1789453532990928000,1.506927978515625,7.708826072356104,6.060872987368702,-0.10098785601430572
1789453533000867800,1.516867919921875,7.720085717517137,6.046553370115161,-0.09930910001397132
1789453533010806800,1.526806884765625,7.7263418553024525,6.038547173792123,-0.09984765473692678
1789453533020747000,1.5367470703125,7.726023875394463,6.039100131499767,-0.09060692991656251
1789453533030686000,1.54668603515625,7.719923220431804,6.047201604890823,-0.0673541879205266
1789453533040626000,1.5566259765625,7.717969748276472,6.049964639863371,-0.035517627810011616
1789453533050565000,1.566565185546875,7.726513120216131,6.039153907513618,0.0010964644555242556
1789453533060504800,1.5765048828125,7.747000027927756,6.012738194274902,0.0368548243806581
1789453533070444800,1.58644482421875,7.777823620736599,5.972523672786354,0.0693414116484113
1789453533080384000,1.596384033203125,7.8150576651096335,5.92325899887979,0.10126284616393968
1789453533090324000,1.606323974609375,7.853501669794321,5.871482049891353,0.1363839078378398
1789453533100263000,1.616262939453125,7.889263303527236,5.8221115775227545,0.18145082866046577
1789453533110203000,1.626202880859375,7.9201915257543325,5.777575101181864,0.24612596553089094
1789453533120142000,1.63614208984375,7.944772424781322,5.739190133208036,0.33568215341866015
1789453533130081800,1.646081787109375,7.964294286853074,5.704565979072451,0.44533875218480823
1789453533140020700,1.656020751953125,7.982469995012879,5.668159617695212,0.5679140884306282
1789453533149961000,1.6659609375,8.003193049567937,5.625176800537109,0.690411756330356
1789453533159901000,1.67590087890625,8.032230343481897,5.567680304858088,0.8090759835470467
1789453533169839900,1.68583984375,8.068721460533142,5.498550654530525,0.912170666514337
1789453533179780000,1.695780029296875,8.109069837534427,5.4198418594747775,1.01916038415879
1789453533189719000,1.705718994140625,8.146590882155298,5.334612138217687,1.1598938929077238
1789453533199658800,1.71565869140625,8.17336841444373,5.249213490134477,1.3461758315190673
1789453533209598000,1.725597900390625,8.19375244630277,5.152861486360431,1.5750624746911226
1789453533219538000,1.735537841796875,8.213862921917437,5.041588392308354,1.8125189394183456
1789453533229478000,1.745477783203125,8.23543820938766,4.911643915534019,2.055163328177482
1789453533239416800,1.755416748046875,8.247225677815079,4.7591079599842425,2.3461771955691275
1789453533249357000,1.765357177734375,8.23442815556228,4.601115200333297,2.6822230677336454
1789453533259296000,1.7752958984375,8.188921957406402,4.45673098705709,3.0412977871775624
1789453533269236000,1.785236083984375,8.108529154786467,4.333424340862035,3.412268403859436
1789453533279175000,1.7951748046875,7.998619750303029,4.220904169358313,3.791626617397368
1789453533289115000,1.805114990234375,7.86820005723238,4.108199873459339,4.169472380545735
1789453533299054800,1.815054931640625,7.715552750262618,4.011593310402334,4.532962578344345
1789453533308993800,1.824993896484375,7.528947644111514,3.9521836745783685,4.885240477254986
1789453533318934000,1.83493408203125,7.312770991039276,3.9277380923688407,5.221746222016215
1789453533328873000,1.844873046875,7.071395599302649,3.928711029054224,5.5435524102956055
1789453533338813000,1.85481298828125,6.786090464946628,3.939916605940461,5.881872511002421
1789453533348752100,1.864752197265625,6.440400127732754,3.9346617541521787,6.26179420364201
1789453533358691800,1.87469189453125,6.057489190149307,3.8616485403895378,6.6756935692071915
1789453533368630800,1.884630859375,5.679678206053376,3.6782059899225827,7.098059149822593
1789453533378570800,1.89457080078125,5.348589225643873,3.3736756383538244,7.495418883997202
1789453533388511000,1.904510986328125,5.068592719089985,2.9693364205554125,7.852566434770822
1789453533398450000,1.914449951171875,4.820243396687507,2.5130291151106356,8.162127473983167
1789453533408390000,1.924389892578125,4.581009108632803,2.056130419643968,8.423602235418558
1789453533418329000,1.9343291015625,4.325708359657228,1.6321498050473628,8.648394741144775
1789453533428268800,1.944268798828125,4.050855061210692,1.2500294333197175,8.842985585352778
1789453533438207700,1.954207763671875,3.781251061594486,0.9188090085502714,9.001572219243645
1789453533448148000,1.96414794921875,3.5349689008548855,0.629507059643045,9.125683752080798
1789453533458088000,1.974087890625,3.2871859801635144,0.3588722922069952,9.232333862507343
1789453533468027000,1.98402685546875,3.0114763571485876,0.10327405812218785,9.332240928414464
1789453533477966800,1.993966796875,2.683241889387369,-0.16697180132782086,9.430945048272608
1789453533487906000,2.003906005859375,2.3365257162570954,-0.45614893654529004,9.513303598007559
1789453533497846000,2.013845947265625,2.009533211380988,-0.7579156320869922,9.56858007954955
1789453533507785700,2.02378564453125,1.7325192277692258,-1.0778857640456407,9.5920240835011
1789453533517725000,2.033724853515625,1.52551912997365,-1.4142862218014896,9.583474866342543
1789453533527665000,2.043664794921875,1.4559111946098506,-1.7749680841811,9.534160508075356
1789453533537603800,2.053603759765625,1.5110067666269837,-2.1589619946956633,9.445959077531098
1789453533547544000,2.0635439453125,1.635083228150755,-2.554810155263543,9.325761503267287
1789453533557483000,2.07348291015625,1.798068827652931,-2.9493878575041887,9.178149852377176
1789453533567423000,2.083423095703125,1.9941483029834925,-3.33988968860805,9.00216083278656
1789453533577363000,2.093363037109375,2.1483466387875376,-3.7220793261796232,8.814823320707678
1789453533587302000,2.103302001953125,2.2535126481361685,-4.08528749216646,8.625687819296122
1789453533597241900,2.113241943359375,2.4249966113924977,-4.445309429332614,8.398154490429162
1789453533607180800,2.123180908203125,2.6482307817608115,-4.800435703411698,8.13099408457279
1789453533617121000,2.13312109375,2.93491334194988,-5.137314373138547,7.8207842260628935
1789453533627060000,2.14306005859375,3.2035140097424386,-5.437322571107745,7.506225524693727
1789453533637000000,2.153,3.4605493274256585,-5.68935028976202,7.199046412181854
1789453533646940000,2.16293994140625,3.519062306670844,-5.8476043306976555,7.042166582208871
1789453533656878800,2.17287890625,3.4337823165312407,-5.921667930296063,7.022347198495268
1789453533666818800,2.18281884765625,3.5311320991709825,-5.986049509313702,6.918720819804072
1789453533676757800,2.1927578125,3.643813014194369,-6.065937285020947,6.789508164435625
1789453533686698000,2.202697998046875,3.8258100420281287,-6.1161009535938495,6.6428060296058655
1789453533696637000,2.212636962890625,3.964071973031759,-6.1582309533149004,6.521709460675716
1789453533706577000,2.222576904296875,4.003734998117387,-6.201046012690663,6.456587292423844
1789453533716516900,2.232516845703125,3.9299288804113863,-6.220268599554896,6.483387036544084
1789453533726455800,2.242455810546875,3.837588742627203,-6.178720199114084,6.577743482586741
1789453533736395800,2.252395751953125,3.7872766054943203,-6.0758478536605836,6.701565677088499
1789453533746334700,2.262334716796875,3.7300238554432985,-5.995207213759422,6.805498345249891
1789453533756275000,2.27227490234375,3.6057623927414415,-5.926855562067032,6.931179319360852
1789453533766214000,2.2822138671875,3.443619527673721,-5.801816392990946,7.1169374532938
1789453533776153900,2.29215380859375,3.2690985348090527,-5.645140561157465,7.322279993140697
1789453533786093800,2.30209375,3.0764190771803257,-5.506739806205034,7.508784561526775
1789453533796033000,2.312032958984375,2.8307755066052076,-5.401967180088162,7.679573674386739
1789453533805972700,2.32197265625,2.5172037704467773,-5.28671290744543,7.866683807450532
1789453533815912000,2.331911865234375,2.1538754852116107,-5.132044908303022,8.074238762649893
1789453533825852000,2.341851806640625,1.7653047683008014,-4.935483640804886,8.288250346642732
1789453533835790800,2.351790771484375,1.3642400421284138,-4.7130698469087475,8.490947924938798
1789453533845731000,2.36173095703125,0.9695840870197862,-4.488573401519656,8.665044847172497
1789453533855671000,2.371671142578125,0.5870868082711472,-4.292895931118727,8.797541931039094
1789453533865610000,2.38160986328125,0.2306657451411709,-4.160711274202168,8.877254350179433
1789453533875549700,2.3915498046875,-0.10904804754690267,-4.162708000977337,8.878645512276888
1789453533885489000,2.401489013671875,-0.42559941143747415,-4.200768851563335,8.851146679976582
1789453533895428900,2.411428955078125,-0.6989496483772992,-4.167117341852188,8.849690051427483
1789453533905367800,2.421367919921875,-0.9271374225649982,-4.0845276137098665,8.867210510548949
1789453533915308000,2.43130810546875,-1.0958497291509062,-3.956233242230117,8.906048482987284
1789453533925247500,2.44124755859375,-1.234399610250443,-3.799896140831709,8.955860269382596
1789453533935187500,2.4511875,-1.3563539650537073,-3.635812078568339,9.006197540956736
1789453533945126400,2.46112646484375,-1.4534912739865482,-3.4775556995451447,9.053417557293177
1789453533955066400,2.47106640625,-1.5312302010968326,-3.3437948793530463,9.09091580556035
1789453533965005300,2.48100537109375,-1.595364381224662,-3.244683347737789,9.115767338222264
1789453533974945300,2.4909453125,-1.6470039675690233,-3.165666509646177,9.13435104266107
1789453533984885500,2.500885498046875,-1.7329500204019248,-3.151552059575915,9.123320530080795
1789453533994824400,2.510824462890625,-1.8452609330691396,-3.177686325524747,9.092178957363963
1789453534004764400,2.520764404296875,-1.9290652976982294,-3.1254417590245605,9.092894412156939
1789453534014703600,2.53070361328125,-2.003360075704008,-3.0673005357012153,9.096627168944478
1789453534024643300,2.540643310546875,-2.08586899369508,-3.006430471935868,9.098402361923455
1789453534034582300,2.550582275390625,-2.1738844001479447,-2.933590861174464,9.101574562218785
1789453534044522200,2.560522216796875,-2.2615502625107764,-2.8517630573153494,9.106218588632345
1789453534054461400,2.57046142578125,-2.3455784990236164,-2.7817516557171937,9.106620155170559
1789453534064401400,2.5804013671875,-2.418943010441959,-2.7305130513891576,9.102933575612306
1789453534074341400,2.59034130859375,-2.4756655991390346,-2.684060512293875,9.101501496982573
1789453534084280600,2.600280517578125,-2.520085171101987,-2.6268676757365466,9.105992963182926
1789453534094220300,2.61022021484375,-2.557340550523996,-2.5545383525848386,9.116180595198273
1789453534104159200,2.6201591796875,-2.588734636697173,-2.474969141307473,9.129259272480011
1789453534114099500,2.630099365234375,-2.605663559666276,-2.4039203594855962,9.14341463908255
1789453534124039400,2.640039306640625,-2.606433667255938,-2.3417899203956125,9.159307789263128
1789453534133978400,2.649978271484375,-2.5825901425927875,-2.2671875377453863,9.184797035306692
1789453534143918600,2.659918701171875,-2.529627198690176,-2.1622703885912893,9.224747352901101
1789453534153857500,2.669857421875,-2.4800486365288497,-2.0177612337611612,9.270835734859109
1789453534163797500,2.679797607421875,-2.435014001407474,-1.824270605880022,9.322720235875249
1789453534173736400,2.689736328125,-2.359695725572854,-1.5954000370599328,9.383865901711582
1789453534183676400,2.699676513671875,-2.2757708033040163,-1.4705344709850847,9.424904014542697
1789453534193616400,2.709616455078125,-2.2069535799264908,-1.4834407143093644,9.439233568668365
1789453534203555300,2.719555419921875,-2.1612403148911894,-1.5446438094213604,9.439995785212517
1789453534213495600,2.72949560546875,-2.1511077740639446,-1.5821514100387692,9.436098193252086
1789453534223434500,2.7394345703125,-2.1687527363479138,-1.6013624525956809,9.428812712419033
1789453534233374500,2.74937451171875,-2.1972293276391923,-1.6203326721340416,9.418972870928048
1789453534243313400,2.7593134765625,-2.2323076552830634,-1.6343724495328962,9.408295994091034
1789453534253253400,2.76925341796875,-2.2762093408517536,-1.6379565916299819,9.397145654523372
1789453534263193300,2.779193359375,-2.3401493135817346,-1.626233859001845,9.383468426826596
1789453534273132300,2.78913232421875,-2.426317776993662,-1.6008051109738648,9.365940368920564
1789453534283072500,2.799072509765625,-2.5273265205323696,-1.5689749714709817,9.344588953334092
1789453534293011500,2.809011474609375,-2.6229130928918716,-1.53367817877084,9.324084509965777
1789453534302951400,2.818951416015625,-2.6925895634472368,-1.4967562690868972,9.310213221001625
1789453534312890400,2.828890380859375,-2.728418417197466,-1.4605556594148277,9.305531785187124
1789453534322830300,2.838830322265625,-2.732524683472514,-1.4258083172909914,9.309712285742163
1789453534332770300,2.848770263671875,-2.720373934690654,-1.3906028561361132,9.318591757768392
1789453534342709200,2.858709228515625,-2.710081088735163,-1.3589768609032034,9.326256008785963
1789453534352649500,2.8686494140625,-2.704765738931298,-1.3354359724484384,9.331196972319484
1789453534362588400,2.87858837890625,-2.702603884722292,-1.318291653162986,9.334262205108999
1789453534372528400,2.8885283203125,-2.701494754436612,-1.30505676240623,9.33644247175753
1789453534382468400,2.89846826171875,-2.702788885900378,-1.2958410441629589,9.337347896164655
1789453534392407300,2.9084072265625,-2.712710560455918,-1.2899198374204337,9.335293301722407
1789453534402347300,2.91834716796875,-2.7185475960463283,-1.2725341105945407,9.335980699464677
1789453534412286500,2.928286376953125,-2.660337691400945,-1.2305736222214996,9.358349183139204
1789453534422226400,2.938226318359375,-2.5158587855786085,-1.1823123532038182,9.404413599699735
1789453534432165400,2.948165283203125,-2.369198297933489,-1.1335312980957328,9.448407055205106
1789453534442105300,2.958105224609375,-2.3041436419598758,-1.096418030558154,9.468853630906343
1789453534452045600,2.968045654296875,-2.3276719631940126,-1.0756468990776686,9.46548152412474
1789453534461984500,2.977984619140625,-2.3579591110385953,-1.0530085124205797,9.460528285631536
1789453534471924200,2.98792431640625,-2.374308480554074,-1.0229628451816737,9.459733920383453
1789453534481863400,2.997863525390625,-2.396410422246903,-0.9928565337967127,9.457368360295892
1789453534491803400,3.007803466796875,-2.41888032046929,-0.9692099930103868,9.454100298410653
1789453534501742300,3.017742431640625,-2.4192491537816823,-0.9548915448006242,9.45546574154496
1789453534511682600,3.0276826171875,-2.398492343087494,-0.9499414481125772,9.46124958564341
1789453534521622500,3.03762255859375,-2.368262332257628,-0.9448171639014035,9.469371517300605
1789453534531561500,3.0475615234375,-2.333764873241633,-0.9226775205466896,9.480116198676823
1789453534541501400,3.05750146484375,-2.293933359721303,-0.8815855586364865,9.493736727750301
1789453534551440400,3.0674404296875,-2.2408485430046916,-0.8298199347596615,9.511066632735728
1789453534561380400,3.07738037109375,-2.1872627910286186,-0.7728300003632903,9.528326979616283
1789453534571320300,3.0873203125,-2.1588680328018963,-0.7232607174869626,9.538688214632868
1789453534581259500,3.097259521484375,-2.1730166774027047,-0.6962993530642241,9.537481176930665
1789453534591199500,3.107199462890625,-2.272321247372031,-0.6731294898789376,9.515978954696655
1789453534601138400,3.117138427734375,-2.514617261084914,-0.6490799943149089,9.456521388077736
1789453534611078400,3.127078369140625,-2.782671400910616,-0.6731723791725933,9.379443409094215
1789453534621017300,3.137017333984375,-2.8906337629795074,-0.730813690149784,9.342403425988554
1789453534630957300,3.146957275390625,-2.841310929144919,-0.789447300099954,9.352759984830021
1789453534640897500,3.1568974609375,-2.774552391862869,-0.8502963210772723,9.367454280614853
1789453534650836500,3.16683642578125,-2.727626682297885,-0.9164738436009734,9.37499461299181
1789453534660776400,3.1767763671875,-2.691550283527374,-0.9875386997748166,9.378203053644299
1789453534670715400,3.18671533203125,-2.652474410679936,-1.063277539109066,9.38105493594408
1789453534680655400,3.1966552734375,-2.61067291226089,-1.1405197687435895,9.383708080801368
1789453534690594600,3.206594482421875,-2.5620602725222703,-1.2225370307601988,9.38677915880978
1789453534700534300,3.2165341796875,-2.5020538398489354,-1.3170746785886585,9.390176400032638
1789453534710474500,3.226474609375,-2.442346390122175,-1.4257688620634377,9.39002325529754
1789453534720413400,3.236413330078125,-2.385230125932395,-1.5561968845710157,9.383993327483534
1789453534730353400,3.246353515625,-2.308212791094929,-1.7088912455528973,9.376686803862452
1789453534740292400,3.256292236328125,-2.195611517179012,-1.867732730987668,9.373431601458787
1789453534750232600,3.266232666015625,-2.079760593817383,-2.0247804648734626,9.367244437256455
1789453534760172300,3.27617236328125,-1.9886125884272157,-2.175409710019082,9.353255659392476
1789453534770111200,3.286111328125,-1.9315679281689226,-2.318130373997241,9.330901204243302
1789453534780051500,3.296051513671875,-1.902845983814448,-2.460843877582252,9.30020503720641
1789453534789990400,3.305990478515625,-1.9068726089820265,-2.6215467729747295,9.255362271395326
1789453534799930400,3.315930419921875,-1.9892577544629573,-2.8146321810558437,9.181017516767978
1789453534809869300,3.325869384765625,-2.1744927413046358,-3.0726264068990945,9.055436495900153
1789453534819809500,3.3358095703125,-2.383708323192596,-3.3977366051599383,8.885028491312266
1789453534829749200,3.345749267578125,-2.5061419859454035,-3.7110236791580915,8.724560281458496
1789453534839688200,3.355688232421875,-2.5384300983488557,-3.967834248174727,8.601339559981227
1789453534849628400,3.36562841796875,-2.5291607502222058,-4.188086772383749,8.49903887693584
1789453534859567400,3.3755673828125,-2.522073714570701,-4.396403944127261,8.395307284304499
1789453534869507300,3.38550732421875,-2.5329814775541424,-4.593811599321663,8.28560596961379
1789453534879446500,3.395446533203125,-2.5519880835801363,-4.770315582697093,8.179352749550342
1789453534889386500,3.405386474609375,-2.5733719401314854,-4.9288715291887515,8.078017696666716
1789453534899326200,3.415326171875,-2.6017966551050544,-5.081669058284163,7.973560712370276
1789453534909265400,3.425265380859375,-2.6393343585997817,-5.239240962174534,7.858412822711467
1789453534919205400,3.435205322265625,-2.683601370349526,-5.4041684895247215,7.73069245172739
1789453534929144600,3.44514453125,-2.736568113644421,-5.56989622734189,7.593273693549633
1789453534939084800,3.455084716796875,-2.7957366341888905,-5.731508931055664,7.450106162586808
1789453534949024800,3.465024658203125,-2.8390993905752895,-5.878836504307389,7.317730074751377
1789453534958963700,3.474963623046875,-2.8570906820788977,-5.993340835365653,7.2171502241492265
1789453534968903400,3.4849033203125,-2.859518786008656,-6.066430036973953,7.154858895409107
1789453534978842600,3.494842529296875,-2.959525220637023,-6.099336281275749,7.085877713641524
1789453534988782600,3.504782470703125,-3.0731621212109923,-6.178678698059916,6.967783833658695
1789453534998721500,3.514721435546875,-3.1212004681929946,-6.304001944774389,6.832866829168796
1789453535008661800,3.524661865234375,-3.14013839289695,-6.440331154149771,6.695675450006127
1789453535018601700,3.534601806640625,-3.1666154809340834,-6.570615822663902,6.555145281809568
1789453535028540700,3.544540771484375,-3.23482450928539,-6.666278090608119,6.4239399913191795
1789453535038480600,3.554480712890625,-3.341616950792074,-6.709702221792936,6.3232783076524735
1789453535048419800,3.564419921875,-3.422369234374165,-6.700232382658124,6.290044146570563
1789453535058359600,3.574359619140625,-3.466952764727175,-6.677277039006352,6.290038885873556
1789453535068299800,3.5842998046875,-3.470317857246101,-6.6743871627837414,6.291253522360324
1789453535078238700,3.59423876953125,-3.4503514662772417,-6.68530135550797,6.290643866029382
1789453535088178700,3.6041787109375,-3.4225329005032776,-6.713206430521607,6.276107975676656
1789453535098117600,3.61411767578125,-3.408938090392947,-6.7520660302698605,6.241723475515842
1789453535108057900,3.624057861328125,-3.4353561417192218,-6.78901424343884,6.186923379313946
1789453535117996800,3.633996826171875,-3.427073758803308,-6.822690303069352,6.154381876671314
1789453535127936500,3.6439365234375,-3.3831238501787184,-6.8781859803199765,6.1168140702992675
1789453535137876700,3.653876708984375,-3.3434903434485195,-6.942935223606228,6.065238781362772
1789453535147815700,3.663815673828125,-3.3536773909419773,-6.953029332119226,6.048024611711502
1789453535157755600,3.673755615234375,-3.3562039868101476,-6.935505950388312,6.0667176217436785
1789453535167694600,3.683694580078125,-3.3344206095471978,-6.951603683230281,6.06029840235114
1789453535177634800,3.693634765625,-3.3188840177193284,-7.030362747168541,5.977407353174686
1789453535187574500,3.703574462890625,-3.3309947267517446,-7.129062190851569,5.852464045688509
1789453535197513500,3.713513427734375,-3.341359761160612,-7.225799979072809,5.726560368737578
1789453535207453700,3.72345361328125,-3.2933982788071035,-7.356051914361119,5.586808783698082
1789453535217392600,3.733392578125,-3.248351514856517,-7.461831671693921,5.471717592662572
1789453535227332600,3.74333251953125,-3.2093408161997794,-7.553896791929006,5.367413753101229
1789453535237272800,3.75327294921875,-3.111747287932038,-7.740305498725175,5.1551031278073784
1789453535247211800,3.763211669921875,-2.9737583286508915,-7.968482386192679,4.881643914067745
1789453535257151500,3.7731513671875,-2.6748019778221845,-8.202179498386382,4.662620639392733
1789453535267090400,3.78309033203125,-2.4659549369856713,-8.396966741949319,4.424972159224748
1789453535277030700,3.79303076171875,-2.4238015563890336,-8.545745098531246,4.1552179374828935
1789453535286969600,3.802969482421875,-2.4575728930875655,-8.624158125510812,3.9692084591373797
1789453535296909600,3.81290966796875,-2.5446397666439413,-8.66838188264072,3.8150177221179007
1789453535306849800,3.822849853515625,-2.5784239628240466,-8.758409359568358,3.579436988134682
1789453535316788700,3.832788818359375,-2.473229896424711,-8.877645979845523,3.352750631485879
1789453535326728700,3.842728759765625,-2.2484918973647057,-8.973264408648014,3.255032015533745
1789453535336667600,3.852667724609375,-2.0143886885881424,-9.037032824203372,3.231814806075394
1789453535346607600,3.862607666015625,-1.8595223903946578,-9.070715313574672,3.2302810206368564
1789453535356547600,3.872547607421875,-1.7905688272863625,-9.08065919996202,3.241276169642806
1789453535366486500,3.882486572265625,-1.7670945743270217,-9.070068832364678,3.2835327183529732
1789453535376426800,3.8924267578125,-1.7625621915943919,-9.042197659620642,3.361902490712702
1789453535386365700,3.90236572265625,-1.7720501509077846,-9.004401305189727,3.4570202765166758
1789453535396305700,3.9123056640625,-1.8024014500297605,-8.963304155647753,3.546959198378026
1789453535406245600,3.92224560546875,-1.8474071513175963,-8.927734245094657,3.6128941443175075
1789453535416184600,3.9321845703125,-1.9164374329239129,-8.892705017289519,3.6629812405228614
1789453535426124500,3.94212451171875,-2.007593037098646,-8.849514110338687,3.7183433545216915
1789453535436063700,3.952063720703125,-2.1139481101013717,-8.803613359907269,3.7680250847965477
1789453535446003700,3.962003662109375,-2.2412489404991267,-8.754597107803821,3.808439512771368
1789453535455943700,3.971943603515625,-2.371840921396762,-8.703952377715707,3.8452518246009944
1789453535465882600,3.981882568359375,-2.5071155071526765,-8.654120717576145,3.871816006399691
1789453535475822600,3.991822509765625,-2.6474738259136674,-8.603305891618133,3.8915798605337737
1789453535485761500,4.001761474609375,-2.7940786378487945,-8.552623752129078,3.900790171949565
1789453535495701500,4.011701416015625,-2.948747806034982,-8.500130179303884,3.9016798142656683
1789453535505640700,4.021640625,-3.1065599484220145,-8.4435893769145,3.901985811474919
1789453535515580700,4.03158056640625,-3.263697552548349,-8.385842705866693,3.8982439945980905
1789453535525520600,4.041520751953125,-3.4127544338107105,-8.329666060614585,3.8910385932639238
1789453535535459800,4.0514599609375,-3.5459313166350124,-8.277979712519048,3.8822462149992583
1789453535545399600,4.061399658203125,-3.6608357529267668,-8.230075805571675,3.8774396915003657
1789453535555338500,4.07133837890625,-3.755717391887307,-8.18198660518527,3.8884564678162334
1789453535565278700,4.08127880859375,-3.8251834345623847,-8.136168272340297,3.9167742152839895
1789453535575218700,4.09121875,-3.8684880310207603,-8.10389915689826,3.941061684322357
1789453535585157600,4.10115771484375,-3.9258381039664147,-8.067827726563811,3.9583287532046434
1789453535595097600,4.11109765625,-4.011178299860656,-8.015611217114328,3.978799878825247
1789453535605036800,4.121036865234375,-4.110079111334681,-7.949185565048456,4.010992714160681
1789453535614976800,4.130976806640625,-4.210985709673166,-7.86573688198924,4.070407026159763
1789453535624916500,4.14091650390625,-4.309750912068784,-7.775812865436077,4.139225126320124
1789453535634855700,4.150855712890625,-4.4099934935405845,-7.698163808566331,4.178588876198232
1789453535644795600,4.160795654296875,-4.506554463890194,-7.641504348233342,4.179563858710229
1789453535654734600,4.170734619140625,-4.586696798880398,-7.593081385847926,4.180634702812135
1789453535664674800,4.1806748046875,-4.65531645385921,-7.546566887432336,4.18899921105355
1789453535674614800,4.19061474609375,-4.717464574736357,-7.498281872212886,4.206152298167348
1789453535684553700,4.2005537109375,-4.778169803328812,-7.446975463345646,4.228720396067202
1789453535694493700,4.21049365234375,-4.841835343031585,-7.39403940744996,4.2491438831537955
1789453535704432600,4.2204326171875,-4.910308867537975,-7.341366970926523,4.261874477650225
1789453535714372600,4.23037255859375,-4.981266317814589,-7.290620534029602,4.266646514357626
1789453535724312600,4.2403125,-5.048619606119394,-7.243166708937287,4.268299834522605
1789453535734251800,4.250251708984375,-5.1084027514308685,-7.199156302297115,4.271625179553031
1789453535744191700,4.260191650390625,-5.158241425833106,-7.157170679482817,4.282273122556507
1789453535754130700,4.270130615234375,-5.199367216947675,-7.114966445481777,4.3028123449772595
1789453535764070700,4.280070556640625,-5.238994293937087,-7.071192185685038,4.326840578557551
1789453535774010600,4.2900107421875,-5.283900188112258,-7.024696976491809,4.34791726885587
1789453535783949600,4.299949462890625,-5.336954317429662,-6.974452643898129,4.363982268472015
1789453535793889800,4.309889892578125,-5.395280249670147,-6.919110695904493,4.38032170111537
1789453535803828700,4.319828857421875,-5.451331807237863,-6.859113615581393,4.405213273526728
1789453535813768700,4.329768798828125,-5.50113307223916,-6.796337133672833,4.440459358952939
1789453535823708700,4.339708740234375,-5.5437230906873936,-6.732325557011365,4.484783653847873
1789453535833647600,4.349647705078125,-5.5833215261042115,-6.669573040500283,4.529202056767046
1789453535843587600,4.359587646484375,-5.6269426411658525,-6.608297026282549,4.564904653789103
1789453535853526500,4.369526611328125,-5.675924406477809,-6.547258912473916,4.592132267932594
1789453535863466800,4.379466796875,-5.725383726173639,-6.48738575079143,4.615648168076574
1789453535873406700,4.38940673828125,-5.7717146847158665,-6.430145275700092,4.637993270875513
1789453535883345700,4.399345703125,-5.816029627260566,-6.372987802717089,4.661464747355878
1789453535893285600,4.40928564453125,-5.860898696556687,-6.312589740377664,4.687375433681905
1789453535903224800,4.419224853515625,-5.907657525122166,-6.247205706319212,4.716182425971329
1789453535913164500,4.42916455078125,-5.955237022420763,-6.175719263732433,4.75037432616949
1789453535923104800,4.439104736328125,-5.999726737010478,-6.098509182801842,4.793939034868776
1789453535933043700,4.449043701171875,-6.046483227488398,-6.020865971150994,4.833176235757768
1789453535942983700,4.458983642578125,-6.095189682990312,-5.943910157242417,4.867136665287614
1789453535952922600,4.468922607421875,-6.147402685308456,-5.86708469171524,4.894600426274538
1789453535962862800,4.47886279296875,-6.207479845130443,-5.789377767178416,4.911283265528082
1789453535972802600,4.488802490234375,-6.273986745738982,-5.709335093170404,4.9204655198931695
1789453535982741500,4.498741455078125,-6.339418710592389,-5.626302589696645,4.932227269357442
1789453535992681700,4.508681640625,-6.4065680007576935,-5.541393770956993,4.941576696982979
1789453536002620700,4.51862060546875,-6.469488859573007,-5.455380790367722,4.9552925031244754
1789453536012560600,4.528560546875,-6.529784630581736,-5.3699184293985365,4.969531456357241
1789453536022500900,4.5385009765625,-6.594264993798732,-5.2863405670017,4.973999541682004
1789453536032439800,4.548439697265625,-6.655442808338999,-5.204886857151985,4.978416189080477
1789453536042379500,4.558379638671875,-6.712292822808027,-5.124211730459332,4.985779995846748
1789453536052318500,4.568318359375,-6.773134537261724,-5.043061971992254,4.986234753876924
1789453536062258700,4.5782587890625,-6.827073632720112,-4.962171741244196,4.993827693223953
1789453536072198700,4.58819873046875,-6.866324277612566,-4.882362291470169,5.01861902013123
1789453536082137600,4.5981376953125,-6.907703166705369,-4.802352058427036,5.038988438943028
1789453536092077800,4.608077880859375,-6.952016355684399,-4.720203936572372,5.055642636623978
1789453536102017500,4.618017578125,-6.994218836119771,-4.636968019481003,5.0744303392022845
1789453536111956500,4.62795654296875,-7.031604856184124,-4.555125310313701,5.0968362322777505
1789453536121896700,4.637896728515625,-7.070484329676628,-4.476942292697728,5.112302096956968
1789453536131835600,4.647835693359375,-7.109970536890626,-4.402625595121085,5.122065950602293
1789453536141775600,4.657775634765625,-7.139077973431348,-4.333591514122486,5.140420522460341
1789453536151715800,4.6677158203125,-7.161024432301521,-4.273468177071213,5.160195482510328
1789453536161654800,4.67765478515625,-7.187199907043576,-4.219256694412231,5.168404507929086
1789453536171594500,4.687594482421875,-7.206057167726755,-4.16464159938842,5.18641362735033
1789453536181533700,4.69753369140625,-7.214260347926616,-4.107123476399481,5.220763640719652
1789453536191473700,4.7074736328125,-7.214516953036188,-4.047824607473611,5.266524690419435
1789453536201413600,4.71741357421875,-7.200291443806886,-3.9917102138027545,5.3284518620222805
1789453536211352600,4.7273525390625,-7.190919804349541,-3.947022346292436,5.374202974849939
1789453536221292800,4.737292724609375,-7.17954559289813,-3.917807065463066,5.410663112241029
1789453536231231700,4.747231689453125,-7.160476150768995,-3.9032495478004217,5.4463429129093885
1789453536241171700,4.757171630859375,-7.138437921962142,-3.8936142889708276,5.482047263497114
1789453536251111700,4.767111572265625,-7.115485500919818,-3.8846012536928054,5.51816077940762
1789453536261050600,4.777050537109375,-7.091735792019962,-3.8820425091207027,5.550441000765562
1789453536270990600,4.786990478515625,-7.069997422942519,-3.8854911882698535,5.5757052058815955
1789453536280929500,4.796929443359375,-7.047213344204425,-3.8971021310865877,5.596404295039177
1789453536290869800,4.806869873046875,-7.024890453237295,-3.913826763655245,5.61277324603796
1789453536300809700,4.816809814453125,-7.003607426711916,-3.9303503206938504,5.62780597999692
1789453536310748700,4.826748779296875,-6.982224446943402,-3.948361193680763,5.641748580631614
1789453536320688600,4.836688720703125,-6.957483388918638,-3.973240198871493,5.654837779307365
1789453536330628600,4.846628662109375,-6.9315475681513545,-4.002673798626661,5.665917391726374
1789453536340567600,4.856567626953125,-6.907762787938117,-4.035114763504266,5.671951411193609
1789453536350507800,4.8665078125,-6.885496011072397,-4.071561164630949,5.672985430416465
1789453536360446700,4.87644677734375,-6.865716959369182,-4.112810582125187,5.667198079186678
1789453536370386700,4.88638671875,-6.848641321405768,-4.159999618801474,5.653399270936847
1789453536380326700,4.89632666015625,-6.830308961379528,-4.218613720333576,5.6321051384955645
1789453536390265600,4.906265625,-6.807765705659985,-4.2928956388577815,5.603195270353555
1789453536400205600,4.91620556640625,-6.777742323318123,-4.381551242910326,5.57086711820066
1789453536410144500,4.92614453125,-6.739284290108085,-4.482229585450887,5.537331343823671
1789453536420084700,4.936084716796875,-6.692730044203996,-4.59230703997761,5.503493371629714
1789453536430024700,4.946024658203125,-6.639205959287286,-4.709595741057396,5.469102441728115
1789453536439963600,4.955963623046875,-6.580651478987932,-4.831749125564098,5.433197015610337
1789453536449903600,4.965903564453125,-6.516101557666063,-4.9590924799293274,5.396128390932083
1789453536459843600,4.975843505859375,-6.4442994732588526,-5.091641001722216,5.358787963575124
1789453536469782500,4.985782470703125,-6.368588690975308,-5.226894690820575,5.318934676614403
1789453536479722800,4.99572265625,-6.292805427977442,-5.361731615811586,5.274734300360083
1789453536489661700,5.00566162109375,-6.215276782616972,-5.496501320785284,5.227733479732275
1789453536499601700,5.0156015625,-6.13376286701262,-5.63248683128953,5.179036961102486
1789453536509541600,5.025541748046875,-6.049026482230425,-5.768975615140795,5.128216289925575
1789453536519480800,5.035480712890625,-5.9637178505182264,-5.902577445378899,5.0758296846061945
1789453536529420500,5.045420654296875,-5.879453174901008,-6.030242286783457,5.023801975727081
1789453536539360800,5.05536083984375,-5.795549733811616,-6.152642339527606,4.972622408109903
1789453536549299700,5.0652998046875,-5.713545404341817,-6.271283331999182,4.919024088913202
1789453536559239700,5.07523974609375,-5.633685685685276,-6.386355818334222,4.862756842768192
1789453536569178600,5.0851787109375,-5.55465891072154,-6.498371839708089,4.804926877351105
1789453536579118800,5.095118896484375,-5.475425215008855,-6.6083677534312,4.745477494038641
1789453536589058600,5.10505859375,-5.397101035356521,-6.716850339981913,4.682481816421449
1789453536598997500,5.11499755859375,-5.31931403132081,-6.822231453385949,4.61870492529869
1789453536608937700,5.124937744140625,-5.242582089295983,-6.923001858124136,4.5560666828170415
1789453536618876700,5.134876708984375,-5.167189286920428,-7.0191019329637285,4.494746829457581
1789453536628816600,5.144816650390625,-5.095092018958926,-7.111366375163197,4.431578425621987
1789453536638756900,5.1547568359375,-5.025635036373139,-7.200653847378492,4.3662244944408535
1789453536648695800,5.16469580078125,-4.955891053539514,-7.289160398349165,4.298571054145693
1789453536658635500,5.174635498046875,-4.887301793698966,-7.378136904919147,4.224664398674666
1789453536668575700,5.18457568359375,-4.821877427630127,-7.4661314147144555,4.144490791763365
1789453536678514700,5.1945146484375,-4.75741635363549,-7.553785148248076,4.059271591900289
1789453536688454700,5.20445458984375,-4.691910154502094,-7.641580336079001,3.9702176361799237
1789453536698393600,5.2143935546875,-4.626292603948712,-7.728191867083311,3.8785099510803818
1789453536708333800,5.224333740234375,-4.560627122600376,-7.811709523725509,3.787909058178961
1789453536718273500,5.2342734375,-4.495935454720258,-7.891133773574232,3.6995886774301527
1789453536728212500,5.24421240234375,-4.436994605451822,-7.964035928177833,3.6135248434364793
1789453536738152700,5.254152587890625,-4.3814387224465605,-8.031176450514794,3.5317949469938874
1789453536748091600,5.264091552734375,-4.320909142681956,-8.096105142021178,3.457338840946555
1789453536758031600,5.274031494140625,-4.254314856050908,-8.160868413832784,3.3869512995123863
1789453536767971800,5.283971923828125,-4.187132540398836,-8.224089716899394,3.317023192283511
1789453536777910800,5.293910888671875,-4.120838698019087,-8.286026240852475,3.245134014114737
1789453536787850500,5.3038505859375,-4.0574487603873015,-8.345822830167412,3.170915223954618
1789453536797790700,5.313790771484375,-3.99275446215868,-8.402531974861025,3.1025401913866397
1789453536807729700,5.323729736328125,-3.9245787515550847,-8.456586805653572,3.042071109637618
1789453536817669600,5.333669677734375,-3.854439339663088,-8.508429221093655,2.9866943825915455
1789453536827608600,5.343608642578125,-3.7870670543968674,-8.557751762667298,2.931451803319156
1789453536837548800,5.353548828125,-3.7259333712592717,-8.603132288616894,2.876438356627524
1789453536847488800,5.36348876953125,-3.6672748460635543,-8.644448049345613,2.827546607686579
1789453536857427700,5.373427734375,-3.608150749182701,-8.681837576541303,2.788786084398627
1789453536867367700,5.38336767578125,-3.5491783357322215,-8.715951443067192,2.757885626961291
1789453536877307600,5.3933076171875,-3.4943037129893897,-8.747034563595056,2.7293992449283597
1789453536887246600,5.40324658203125,-3.4450703110039234,-8.773454368487,2.707091843791306
1789453536897186800,5.413186767578125,-3.40402752199769,-8.793889838272333,2.692665551292896
1789453536907125800,5.423125732421875,-3.3752427415400743,-8.80726486815214,2.6851898085847496
1789453536917065700,5.433065673828125,-3.3589693598702546,-8.81388808568418,2.683857098676264
1789453536927005700,5.443005615234375,-3.3540482700809835,-8.814193790632485,2.688997676435113
1789453536936944600,5.452944580078125,-3.361284066553414,-8.808816773769259,2.697574950644374
1789453536946884600,5.462884521484375,-3.377824282465875,-8.797982660543918,2.7122230691999194
1789453536956824800,5.472824951171875,-3.4000714778482912,-8.782954602760077,2.733052506738901
1789453536966763800,5.482763671875,-3.427561834581196,-8.764083313551545,2.75918297329545
1789453536976703700,5.492703857421875,-3.459363624772429,-8.742292922025918,2.7884549527481197
1789453536986643000,5.502642822265625,-3.493105443115532,-8.71765415533185,2.823318176336586
1789453536996582700,5.512582763671875,-3.5281329173550007,-8.690048940047621,2.864563209916651
1789453537006522600,5.522522705078125,-3.5656887410283087,-8.65920488897264,2.9110864761605857
1789453537016461800,5.5324619140625,-3.6054306765690445,-8.62470173086822,2.964090044334531
1789453537026401800,5.54240185546875,-3.6459894814506173,-8.586427237531542,3.0249639074921606
1789453537036341800,5.552341796875,-3.6861402900531886,-8.545541684913635,3.09134951980859
1789453537046280700,5.56228076171875,-3.727292969174683,-8.502185358268022,3.160780491170287
1789453537056220700,5.572220703125,-3.769031631490588,-8.457369480463862,3.2307343173623084
1789453537066159600,5.58215966796875,-3.8091979299232364,-8.412904315793513,3.2990064740777014
1789453537076099600,5.592099609375,-3.846645324786007,-8.3700921790272,3.3638185534670946
1789453537086039800,5.602039794921875,-3.881271232487261,-8.328491756138206,3.4267142778411506
1789453537095978800,5.611978759765625,-3.9144548324257133,-8.288356145104766,3.4857641404420137
1789453537105918700,5.621918701171875,-3.9461473170235752,-8.249171551185846,3.542522677235305
1789453537115858700,5.631858642578125,-3.974826883541047,-8.21119165688157,3.5982583007216453
1789453537125797600,5.641797607421875,-4.001395156992972,-8.174128292900324,3.6527883478105068
1789453537135737600,5.651737548828125,-4.026464716319739,-8.137014660036563,3.7076895662993192
1789453537145676800,5.6616767578125,-4.050097813102603,-8.10018627385497,3.762186880162358
1789453537155616800,5.67161669921875,-4.073654045256972,-8.06233029819131,3.8176603455811735
1789453537165556700,5.681556640625,-4.098934909246862,-8.020806447669862,3.8776042344123125
1789453537175495700,5.69149560546875,-4.125727639104426,-7.9747502144157885,3.94361984437257
1789453537185435600,5.701435546875,-4.150985999001563,-7.926959704715013,4.012854416379333
1789453537195375600,5.711375732421875,-4.1721652728915215,-7.880424163511395,4.081951918002963
1789453537205314600,5.721314453125,-4.193869739699363,-7.834660191202163,4.147280714742839
1789453537215254800,5.7312548828125,-4.225482144798338,-7.78641843060255,4.205637918904423
1789453537225193700,5.74119384765625,-4.264093907265365,-7.7344065038144585,4.2622620156630875
1789453537235133700,5.7511337890625,-4.300718295307457,-7.679514637675881,4.324267513199151
1789453537245074000,5.761073974609375,-4.332385060942173,-7.622610847193002,4.392791891109943
1789453537255012900,5.771012939453125,-4.36237074162215,-7.562921225383877,4.465687615972757
1789453537264952600,5.78095263671875,-4.395667738807201,-7.499151056262851,4.5399610589295625
1789453537274892800,5.790892822265625,-4.431989052249491,-7.431832254749536,4.614732514536381
1789453537284831700,5.800831787109375,-4.467593157333136,-7.364191966196894,4.688244033209979
1789453537294771700,5.810771728515625,-4.499247063486278,-7.299262105646729,4.758983456821739
1789453537304712000,5.8207119140625,-4.530964682525396,-7.237419105195999,4.822916707549989
1789453537314651000,5.83065087890625,-4.567248002044856,-7.176378068777918,4.879572368490695
1789453537324590600,5.840590576171875,-4.609833052057027,-7.114417579427361,4.929994980260729
1789453537334529500,5.850529541015625,-4.659428565353155,-7.05028266864717,4.975304779061675
1789453537344469800,5.8604697265625,-4.712567742605507,-6.983226317462325,5.019621475172043
1789453537354409700,5.87040966796875,-4.769149753788113,-6.9138190192371605,5.062082898804545
1789453537364348700,5.8803486328125,-4.826311026163399,-6.843501035907864,5.1032887694180005
1789453537374289000,5.890288818359375,-4.880139062462747,-6.774208888494968,5.1443870880037545
1789453537384228600,5.900228515625,-4.931838562300801,-6.706523007234931,5.1836155210644
1789453537394167600,5.91016748046875,-4.986323601204156,-6.639938949736952,5.2171010265588755
1789453537404107800,5.920107666015625,-5.042371067118644,-6.573260784214734,5.247583843106031
1789453537414046700,5.930046630859375,-5.103543036440015,-6.505309530016779,5.2730578915804625
1789453537423986700,5.939986572265625,-5.171984119981527,-6.4342229004025455,5.293552982598543
1789453537433927000,5.949927001953125,-5.243714308196306,-6.359794559144974,5.312895980972051
1789453537443865900,5.959865966796875,-5.317508443203568,-6.282442439395189,5.331545151862501
1789453537453805600,5.9698056640625,-5.395215952262282,-6.2031637354969975,5.346289132007956
1789453537463745800,5.979745849609375,-5.470501787132024,-6.122174136027693,5.363113425558805
1789453537473684700,5.989684814453125,-5.544964030659198,-6.040769526016712,5.378928249806165
1789453537483624700,5.999624755859375,-5.6207168985188005,-5.958350186005235,5.392212678793072
1789453537493565000,6.00956494140625,-5.6983437435567375,-5.873085393434763,5.404270196333528
1789453537503504000,6.01950390625,-5.779830771154165,-5.784974563783407,5.412763299390673
1789453537513443600,6.029443603515625,-5.864861170446872,-5.69389962362945,5.417866175487637
1789453537523382800,6.0393828125,-5.95242839474082,-5.598957486653328,5.421316608202457
1789453537533322800,6.04932275390625,-6.0418947306543584,-5.499102443194389,5.424553690427541
1789453537543262700,6.0592626953125,-6.1307479031056165,-5.396669658201932,5.427732320463657
1789453537553201700,6.06920166015625,-6.220075122809409,-5.293514988675713,5.427682636103034
1789453537563142000,6.079141845703125,-6.310298999091983,-5.189436774563789,5.424045156383514
1789453537573081900,6.089081787109375,-6.4021963615447275,-5.085376096108556,5.414906741160154
1789453537583020800,6.099020751953125,-6.4952493237733835,-4.982648712083697,5.399568886774778
1789453537592960800,6.108960693359375,-6.590716361406445,-4.880092592972517,5.377505523526668
1789453537602899700,6.118899658203125,-6.687839934074878,-4.776233574569225,5.3507712458580725
1789453537612839700,6.128839599609375,-6.7763973384499545,-4.670019225211441,5.33307776825726
1789453537622780000,6.13877978515625,-6.865055280590057,-4.5602308167591685,5.314664744210243
1789453537632718800,6.14871875,-6.957883201891184,-4.449266058003902,5.2879404034137725
1789453537642658800,6.158658935546875,-7.055107896846533,-4.342287446275353,5.247888963532447
1789453537652598500,6.1685986328125,-7.148650688418746,-4.239072863255441,5.205518140792846
1789453537662537700,6.178537841796875,-7.228693946948647,-4.144797373494506,5.1707852655857796
1789453537672477700,6.188477783203125,-7.293955815932154,-4.060210334055125,5.146189753511548
1789453537682417700,6.198417724609375,-7.35159318138659,-3.983910353706777,5.123755803385377
1789453537692356900,6.20835693359375,-7.395796480250358,-3.9131732681825753,5.114654213041067
1789453537702296800,6.218296875,-7.4258964349597685,-3.8451308285698294,5.122634690400957
1789453537712235800,6.22823583984375,-7.438419816446304,-3.776097624354064,5.15571629126966
1789453537722175700,6.23817578125,-7.4363155376434324,-3.7124236090838907,5.204761769467592
1789453537732115700,6.24811572265625,-7.434977567037939,-3.6571439126715064,5.245643814954161
1789453537742054700,6.2580546875,-7.429424024564027,-3.6153713480859992,5.282337761101126
1789453537751995000,6.267994873046875,-7.417048527115583,-3.5916289457097648,5.315827942770719
1789453537761934800,6.277934814453125,-7.396894212359189,-3.580613630698621,5.351220158669352
1789453537771873800,6.287873779296875,-7.373447870320081,-3.574816634857654,5.38733075197041
1789453537781813500,6.2978134765625,-7.354232882240415,-3.5726129873335357,5.414985651615262
1789453537791753700,6.307753662109375,-7.332015205213427,-3.5790073645457623,5.440829702445864
1789453537801692700,6.317692626953125,-7.308484107500314,-3.593590308910608,5.462834613505006
1789453537811632600,6.327632568359375,-7.282852238115668,-3.617566812303662,5.481212566238641
1789453537821571800,6.33757177734375,-7.251800681769847,-3.647677288407087,5.502388040736317
1789453537831511800,6.34751171875,-7.217466450491547,-3.681038290739059,5.525268565586209
1789453537841451500,6.357451416015625,-7.186146598598361,-3.7180841190636156,5.541260499966144
1789453537851390700,6.367390625,-7.156403202241659,-3.760134039285779,5.551372144135833
1789453537861330700,6.37733056640625,-7.1244614190578455,-3.8090143900498745,5.5591188127398485
1789453537871270700,6.387270751953125,-7.091775539508461,-3.8673704251676795,5.560623956605792
1789453537881209900,6.3972099609375,-7.058388818213343,-3.933957697536051,5.556390849080682
1789453537891149800,6.40714990234375,-7.022634198743105,-4.008296899205446,5.548567023587227
1789453537901089800,6.41708984375,-6.985784185251593,-4.088685902433097,5.5364136444568635
1789453537911028700,6.42702880859375,-6.949276117065549,-4.175390664678812,5.517612497875094
1789453537920968700,6.43696875,-6.912227366131543,-4.270018328878283,5.491672000932693
1789453537930907100,6.4469072265625,-6.8730234829902646,-4.371057321424782,5.461299659022688
1789453537940847000,6.45684716796875,-6.828298790600895,-4.47950220631361,5.429436201772093
1789453537950787000,6.466787109375,-6.776138395252824,-4.595656934927404,5.397620675316452
1789453537960726000,6.47672607421875,-6.719720342460274,-4.718407700805366,5.3621238299995655
1789453537970666200,6.486666259765625,-6.659279610022902,-4.847583239033818,5.322153054139018
1789453537980606000,6.49660595703125,-6.593111732110381,-4.982181094571947,5.280072154256701
1789453537990545200,6.506545166015625,-6.519318766146898,-5.11981495680511,5.239884520775079
1789453538000485000,6.516485107421875,-6.438999028763175,-5.258515571486949,5.2016988747656345
1789453538010425000,6.526425048828125,-6.35702217182219,-5.396971856018901,5.160559055125713
1789453538020364000,6.536364013671875,-6.275052913665771,-5.532581518948078,5.117092838364839
1789453538030304300,6.54630419921875,-6.192620129650831,-5.665919145292043,5.0714147907733915
1789453538040243200,6.5562431640625,-6.109807990929484,-5.79781826326549,5.022542915576696
1789453538050183200,6.56618310546875,-6.02702800091207,-5.9277919661343095,4.970577750539779
1789453538060123100,6.576123046875,-5.940668983364105,-6.056867258858681,4.918659347254038
1789453538070062000,6.58606201171875,-5.851070545503497,-6.184619778546691,4.866807871724665
1789453538080002000,6.596001953125,-5.763713164567947,-6.3066410611063235,4.814176936255395
1789453538089942300,6.6059423828125,-5.679392959371209,-6.421113243460655,4.762796585369109
1789453538099881200,6.615881103515625,-5.596153535148501,-6.531555147385597,4.710862107731401
1789453538109821200,6.6258212890625,-5.517056033036113,-6.639053983595967,4.65354535253346
1789453538119761200,6.63576123046875,-5.444229866278171,-6.744092567172646,4.587805929166079
1789453538129700000,6.6457001953125,-5.371948473921418,-6.849728532120585,4.51594363900423
1789453538139640000,6.65564013671875,-5.296605940428376,-6.958655355307459,4.437731687554717
1789453538149579000,6.6655791015625,-5.22106525401473,-7.067965624853969,4.3536996516495945
1789453538159519200,6.675519287109375,-5.147768547135591,-7.175145896634459,4.2647599699586625
1789453538169459200,6.685459228515625,-5.07926842688322,-7.277305709904432,4.172803278534114
1789453538179398100,6.695398193359375,-5.01136451895833,-7.37324445670247,4.085569816239178
1789453538189338000,6.705338134765625,-4.938032740765809,-7.466687879553437,4.004349038362503
1789453538199278000,6.715278076171875,-4.860848378798365,-7.560296137577295,3.9223023310557004
1789453538209217000,6.725217041015625,-4.786059972056746,-7.651462263146042,3.8365515085339545
1789453538219157200,6.7351572265625,-4.714256718605757,-7.738909660452604,3.749055595910549
1789453538229097200,6.74509716796875,-4.640618066421151,-7.823635523840784,3.6641242730781434
1789453538239036200,6.7550361328125,-4.564249404750764,-7.904957131743431,3.584645662693679
1789453538248976100,6.76497607421875,-4.486939078316092,-7.9819678907096385,3.5108296081155537
1789453538258915000,6.7749150390625,-4.408253371874988,-8.055907571667433,3.4409316037639974
1789453538268855000,6.78485498046875,-4.328765993662178,-8.128622094744443,3.3701138542190194
1789453538278795000,6.794794921875,-4.250756579047441,-8.19942230863273,3.297112038633227
1789453538288734200,6.804734130859375,-4.174302869442105,-8.266457617029547,3.2266461712658403
1789453538298674200,6.814674072265625,-4.099029894053936,-8.32904120671451,3.1615564439788457
1789453538308614000,6.82461376953125,-4.022824021729827,-8.388147475677728,3.102622024451196
1789453538318553000,6.834552978515625,-3.9457027881264684,-8.445003335365653,3.0469267329752445
1789453538328493000,6.8444931640625,-3.8688039651021358,-8.499609954822063,2.9932240766212344
1789453538338433000,6.85443310546875,-3.794365686972439,-8.550730485728382,2.9424735480710864
1789453538348372200,6.864372314453125,-3.7247237032085656,-8.596900700750947,2.896564906594157
1789453538358312200,6.874312255859375,-3.6580294633343815,-8.637926538622379,2.85926861063987
1789453538368252200,6.884252197265625,-3.5947815645217895,-8.673766498288511,2.8308485718414187
1789453538378191000,6.894191162109375,-3.5372052816048263,-8.704775969058275,2.8081045328527687
1789453538388131000,6.904131103515625,-3.4873309513673183,-8.730140711939335,2.791696126626432
1789453538398070000,6.914070068359375,-3.4464316624850033,-8.749441040214895,2.7820471315324307
1789453538408010000,6.924010009765625,-3.415057157795131,-8.762086002254486,2.7809426774218675
1789453538417950200,6.9339501953125,-3.3910318468242884,-8.768400592228769,2.790414562383294
1789453538427889200,6.94388916015625,-3.3738696996212005,-8.769944899061322,2.8063261250033973
1789453538437829000,6.9538291015625,-3.364930898623168,-8.76757875445187,2.8243992495715617
1789453538447769000,6.96376904296875,-3.365302070023119,-8.761205712288618,2.843664214272797
1789453538457708000,6.9737080078125,-3.373842227092385,-8.750892408066987,2.8652155363455414
1789453538467648000,6.98364794921875,-3.388270565417409,-8.737306365785003,2.8895442141771315
1789453538477588200,6.993588134765625,-3.407585506740212,-8.719407721000909,2.9207407319515943
1789453538487527200,7.003527099609375,-3.4338132961913943,-8.695382702291012,2.961359158065915
1789453538497467100,7.013467041015625,-3.4715851007029412,-8.664228854614496,3.0082611944943665
1789453538507406000,7.023406005859375,-3.5202401182785628,-8.625905845960974,3.0613837128728627
1789453538517346000,7.033345947265625,-3.5755160152986645,-8.581550571405888,3.1213843003273007
1789453538527286000,7.0432861328125,-3.632862288852036,-8.533245682442187,3.186907158334553
1789453538537225000,7.053224853515625,-3.6854219126507637,-8.483653091755508,3.2581659296453
1789453538547165200,7.063165283203125,-3.7277842598229642,-8.43454623875916,3.336525472871959
1789453538557105200,7.073105224609375,-3.762032858644426,-8.386134382289647,3.4190994189232584
1789453538567044000,7.083044189453125,-3.7922052940681574,-8.336823531153797,3.5052725585103035
1789453538576984000,7.092984130859375,-3.8202676054701206,-8.285860821157693,3.594508592799306
1789453538586924000,7.102924072265625,-3.8471167416900394,-8.234290208396315,3.68328490062207
1789453538596863000,7.112863037109375,-3.8726688238367437,-8.184425230509042,3.7666973433241244
1789453538606803200,7.12280322265625,-3.8942259911283847,-8.138096610054374,3.8440593999460337
1789453538616743200,7.1327431640625,-3.9101100812196727,-8.094531024572253,3.9191841990351675
1789453538626682000,7.14268212890625,-3.923821211186051,-8.05102856745422,3.9943659890085454
1789453538636622000,7.1526220703125,-3.941496276347339,-8.005832165899871,4.067144224971533
1789453538646561000,7.16256103515625,-3.9615962305679915,-7.960347010532021,4.136307485307753
1789453538656501000,7.1725009765625,-3.978878204758465,-7.91736185528636,4.201702040760219
1789453538666441200,7.182441162109375,-3.991785909387469,-7.878359047675132,4.262334496377409
1789453538676380200,7.192380126953125,-4.00534272557497,-7.842768094334006,4.314926853401959
1789453538686320000,7.202320068359375,-4.023032988305389,-7.808417496442794,4.360528913147747
1789453538696260000,7.212260009765625,-4.046659655347466,-7.772389320728182,4.402824917085469
1789453538706199300,7.22219921875,-4.075779366847873,-7.733069702252745,4.445004016645252
1789453538716139000,7.232138916015625,-4.108433389954269,-7.690188591903448,4.489119052703678
1789453538726079200,7.242079345703125,-4.142635811546445,-7.6443141449570655,4.535791372029483
1789453538736018200,7.25201806640625,-4.178171819829941,-7.5960221154749386,4.584072003334761
1789453538745958100,7.261958251953125,-4.21640539663434,-7.545544558647275,4.63218136972636
1789453538755897000,7.27189697265625,-4.2593522656962275,-7.493008315724134,4.677941250382363
1789453538765837300,7.28183740234375,-4.306787970609963,-7.439463188019395,4.719787172465026
1789453538775777000,7.291777099609375,-4.357053930513561,-7.384972888419032,4.759061198233067
1789453538785716000,7.301716064453125,-4.409433521570265,-7.330166362476349,4.795405892550945
1789453538795656200,7.31165625,-4.465020676496625,-7.27564917486906,4.826895255792141
1789453538805596200,7.32159619140625,-4.526493382330239,-7.218052141425013,4.856022566077113
1789453538815535000,7.33153515625,-4.595132618792355,-7.153816108357906,4.886518826627731
1789453538825475300,7.341475341796875,-4.668935521627962,-7.081731115356087,4.921438164317608
1789453538835415000,7.3514150390625,-4.74369791714549,-7.00214553746581,4.96363772214353
1789453538845354000,7.36135400390625,-4.813735329967737,-6.917774478864669,5.014252641615271
1789453538855294200,7.371294189453125,-4.878923841454088,-6.8320829853147265,5.0684477576613425
1789453538865234200,7.381234130859375,-4.945516959041357,-6.7444649076163765,5.120981077975034
1789453538875173000,7.391173095703125,-5.019802676957846,-6.654424571207166,5.166298475560546
1789453538885113000,7.401113037109375,-5.103021642914414,-6.5629509871244425,5.201659711799025
1789453538895053000,7.411052978515625,-5.191727515849471,-6.471371604579686,5.22854304254949
1789453538904992000,7.420991943359375,-5.27897325310409,-6.381599563717842,5.251475005325675
1789453538914932000,7.430931884765625,-5.362790184953808,-6.291203837999701,5.275573673793673
1789453538924871200,7.44087109375,-5.442486822003126,-6.196095112285017,5.306421231999993
1789453538934811100,7.45081103515625,-5.522303870561719,-6.096047761124372,5.339732549971342
1789453538944751000,7.460751220703125,-5.60287086070478,-5.990629238319396,5.374998509141802
1789453538954690000,7.47068994140625,-5.682450593376159,-5.882195167085528,5.411093904873728
1789453538964630000,7.480630126953125,-5.761248235759139,-5.772652257826924,5.445633887857198
1789453538974570000,7.490570068359375,-5.839810315820574,-5.66227114417851,5.477741675257683
1789453538984509000,7.500509033203125,-5.9219163520991795,-5.552219700875878,5.502192225903272
1789453538994449200,7.51044921875,-6.002772096055746,-5.44430643864572,5.522375182232261
1789453539004389000,7.52038916015625,-6.08081512067914,-5.338225652539729,5.540525171428919
1789453539014328000,7.530328125,-6.1574237285852425,-5.230623355954886,5.558516170671582
1789453539024268000,7.54026806640625,-6.2354246676325795,-5.120666605198383,5.573927090293169
1789453539034208000,7.5502080078125,-6.318751185616851,-5.010089092195034,5.580574857744574
1789453539044147000,7.56014697265625,-6.407372887399792,-4.899494335795938,5.577714792138337
1789453539054087000,7.5700869140625,-6.496943268209695,-4.790412029786408,5.568845841506123
1789453539064027100,7.580027099609375,-6.586301467573643,-4.68215185381472,5.555943689835071
1789453539073966000,7.589966064453125,-6.673911946487427,-4.5748280819103115,5.540780022972822
1789453539083906000,7.599906005859375,-6.758721981027722,-4.4703354417786,5.523239105585217
1789453539093846000,7.609845947265625,-6.838784528779983,-4.368240802699328,5.5063493455827235
1789453539103785000,7.619784912109375,-6.914069194605946,-4.270985128083825,5.4886003384023905
1789453539113725000,7.629724853515625,-6.988342637562751,-4.179734539102018,5.464730217993259
1789453539123664100,7.6396640625,-7.054680026823282,-4.095767677387595,5.443027504751086
1789453539133604000,7.64960400390625,-7.106351761871576,-4.020525097137689,5.431897623449563
1789453539143544000,7.6595439453125,-7.151255317959189,-3.9550037004351615,5.421057665005326
1789453539153483000,7.66948291015625,-7.189472528150677,-3.898988967746496,5.411075784695148
1789453539163423000,7.679423095703125,-7.218321021494269,-3.8508354699522256,5.407154227337241
1789453539173363000,7.689363037109375,-7.2364260025054215,-3.8073178152650593,5.413768677040935
1789453539183302000,7.699302001953125,-7.247490417355299,-3.7594849277272817,5.4323582266986365
1789453539193242000,7.7092421875,-7.241972530716657,-3.7134424307376146,5.471252313238382
1789453539203182000,7.71918212890625,-7.231583823171258,-3.677086922764778,5.509409902197122
1789453539213121000,7.72912109375,-7.210264556288719,-3.6566119977518916,5.550823862603306
1789453539223061000,7.73906103515625,-7.18396691647172,-3.6490731266796588,5.589752435934543
1789453539233001000,7.7490009765625,-7.154552021417022,-3.650050447279215,5.626717015716433
1789453539242940000,7.75893994140625,-7.128063242942094,-3.6547725073650477,5.657181712085008
1789453539252880100,7.768880126953125,-7.102308623960614,-3.664280048161745,5.683365370133519
1789453539262820000,7.778820068359375,-7.075059967029095,-3.6778088072985406,5.7085565100133415
1789453539272759000,7.788759033203125,-7.051454050514102,-3.691600309024751,5.728825391060114
1789453539282699000,7.798698974609375,-7.029203055739402,-3.7065418575689195,5.746500163960457
1789453539292639000,7.808638916015625,-7.001897115662693,-3.724660574844479,5.768080712127685
1789453539302578000,7.818577880859375,-6.969519279149174,-3.7483363417252895,5.791905824351311
1789453539312518100,7.82851806640625,-6.934908569017052,-3.7776281949222086,5.8143783529222
1789453539322458000,7.8384580078125,-6.9022893249630926,-3.8112913950711484,5.831200308385491
1789453539332397000,7.84839697265625,-6.868514481133222,-3.852177239950001,5.844196568080783
1789453539342337000,7.8583369140625,-6.839810949218273,-3.8964410368293523,5.848516769367456
1789453539352277000,7.868277099609375,-6.810104377740621,-3.9475601064309473,5.848898462161421
1789453539362216000,7.8782158203125,-6.775351628789306,-4.009401353316009,5.847197503462433
1789453539372156200,7.88815625,-6.738782770326734,-4.079288251751661,5.841111461547016
1789453539382096100,7.89809619140625,-6.7054305358231066,-4.153381369705498,5.827268229633569
1789453539392035000,7.90803515625,-6.6701949717909095,-4.2358161995470525,5.80833790371418
1789453539401975000,7.91797509765625,-6.628209348976612,-4.327982442069054,5.788421489366889
1789453539411915000,7.9279150390625,-6.576115004602074,-4.432377759306132,5.7688061037927865
1789453539421854000,7.93785400390625,-6.515963025978207,-4.545220294632017,5.749224035966396
1789453539431794000,7.9477939453125,-6.446359328398108,-4.665773258204758,5.73108865981698
1789453539441733000,7.957733154296875,-6.366027900576591,-4.796312193740904,5.713094737964868
1789453539451673000,7.967673095703125,-6.276750365233421,-4.935311791369319,5.693459478646516
1789453539461613000,7.977613037109375,-6.183879773834347,-5.07863422063291,5.668998406606912
1789453539471553000,7.987552978515625,-6.08728636251986,-5.224387091913819,5.641019681835174
1789453539481492000,7.997491943359375,-5.991746844172478,-5.369236292353272,5.60719690721035
1789453539491432000,8.007431884765625,-5.899625609835982,-5.510652595734596,5.567544111257791
1789453539501371100,8.01737109375,-5.807355906939506,-5.64966300701797,5.525065151968598
1789453539511311000,8.02731103515625,-5.714622093662619,-5.7870759199768305,5.479345603322982
1789453539521251000,8.0372509765625,-5.623259568738937,-5.922278755670786,5.429176089531183
1789453539531190000,8.04718994140625,-5.531970109051466,-6.056360478380322,5.374776390823722
1789453539541130000,8.0571298828125,-5.446605947759747,-6.188341429418325,5.31124003045857
1789453539551070000,8.067070068359374,-5.37105006377697,-6.315512349826097,5.237985409155487
1789453539561009000,8.0770087890625,-5.302233717182278,-6.437267674925923,5.159292980712652
1789453539570949000,8.08694921875,-5.236742715618014,-6.5557993618041275,5.076258139151334
1789453539580889000,8.09688916015625,-5.170958284065127,-6.67373658992052,4.989269591528177
1789453539590828000,8.106828125,-5.10399837899208,-6.793665284115075,4.895476040065288
1789453539600768000,8.11676806640625,-5.040758955746889,-6.912192294818163,4.794029928022622
1789453539610708000,8.1267080078125,-4.980811559784412,-7.026813530254364,4.688905127467215
1789453539620647000,8.13664697265625,-4.920319973942637,-7.138961653575301,4.582146003708243
1789453539630587100,8.146587158203126,-4.858430211740732,-7.247812488916516,4.476076908040047
1789453539640527000,8.156527099609375,-4.795990706701576,-7.353155608397722,4.370347127328813
1789453539650466000,8.166466064453125,-4.736258414794504,-7.453897956085204,4.2635272132933135
1789453539660406000,8.176406005859375,-4.680017179873586,-7.548967518833279,4.1570352160379285
1789453539670346000,8.186345947265625,-4.625386595019698,-7.639573087909818,4.051313326372206
1789453539680285000,8.196284912109375,-4.570178210277855,-7.727347232952713,3.9461356265857814
1789453539690225200,8.20622509765625,-4.513293416756391,-7.81234197641015,3.8429043846920132
1789453539700165000,8.2161650390625,-4.454418326200544,-7.893909083506465,3.743626848860085
1789453539710104000,8.22610400390625,-4.386756702598929,-7.973779323557019,3.6531636108636856
1789453539720044000,8.2360439453125,-4.307698947975039,-8.053986832737921,3.5703441656187174
1789453539729984000,8.24598388671875,-4.228378450761735,-8.132492798697948,3.486222113342583
1789453539739923000,8.2559228515625,-4.158800179883838,-8.205752096176147,3.397116135174036
1789453539749863200,8.26586328125,-4.095914392381906,-8.272695050114393,3.3100399092674255
1789453539759803100,8.27580322265625,-4.032102722206711,-8.334713407132028,3.2318937165305015
1789453539769742000,8.2857421875,-3.9665500535830853,-8.392792671135068,3.1619492426887152
1789453539779682000,8.29568212890625,-3.90390479683876,-8.446565177854895,3.096035339537263
1789453539789622000,8.3056220703125,-3.8471032976865764,-8.496057230776549,3.0310341673165557
1789453539799561000,8.31556103515625,-3.792335350188613,-8.542786248725653,2.9680601170092817
1789453539809501000,8.3255009765625,-3.7381817351967093,-8.585497847726941,2.9130025389149785
1789453539819441200,8.335441162109374,-3.687547526502609,-8.623699860349298,2.8642902381941675
1789453539829380000,8.345380126953126,-3.6449288664817807,-8.655750949126482,2.8218568716123698
1789453539839320000,8.355320068359376,-3.613694939306378,-8.681452376616,2.7828046719014643
1789453539849260000,8.365260009765626,-3.5926813773721453,-8.700525910398364,2.7502488484725354
1789453539859199000,8.375198974609376,-3.578701951858401,-8.71235897153318,2.7309555344596506
1789453539869139000,8.385138916015626,-3.5735055522590873,-8.717194136604666,2.7223127937987446
1789453539879079200,8.3950791015625,-3.5785207500725984,-8.715377442571521,2.721534210641682
1789453539889018000,8.40501806640625,-3.592562719428539,-8.708340383541584,2.7255563057646155
1789453539898958000,8.4149580078125,-3.6115778010219333,-8.696901290160417,2.736935485652089
1789453539908898000,8.42489794921875,-3.6329932217553256,-8.681026260158418,2.7589044486150143
1789453539918837000,8.4348369140625,-3.6572292528674004,-8.660444659900664,2.791378438979387
1789453539928777000,8.44477685546875,-3.686961543308198,-8.634107857117057,2.8335326963588594
1789453539938717200,8.45471728515625,-3.7243960786893964,-8.60181828340888,2.882358686587214
1789453539948656000,8.46465625,-3.7676407616540786,-8.564054077681899,2.9380709291979668
1789453539958596400,8.474596435546875,-3.8116087904572487,-8.523591134390234,2.9984046941295266
1789453539968536000,8.4845361328125,-3.8523303846850987,-8.482778062486648,3.061442749583721
1789453539978475000,8.49447509765625,-3.888644391603768,-8.442590429005026,3.1259374335870147
1789453539988415000,8.5044150390625,-3.9208214448481797,-8.402401041957736,3.193307965287566
1789453539998355200,8.514355224609375,-3.9495077333673834,-8.361450022888183,3.2646453547924756
1789453540008294100,8.524294189453125,-3.9742300866916773,-8.319891101053356,3.339956908625364
1789453540018234000,8.534234130859375,-3.995381888052821,-8.279518758654595,3.414218076622486
1789453540028174000,8.544174072265625,-4.012882473430038,-8.242664068987965,3.482190081347525
1789453540038113000,8.554113037109374,-4.029301401050389,-8.208811483746766,3.5426749451875685
1789453540048053000,8.564052978515624,-4.051253997400403,-8.175286230763792,3.5947771806076165
1789453540057993200,8.5739931640625,-4.080661878192425,-8.139947206357121,3.641411213749647
1789453540067932200,8.58393212890625,-4.113680642957985,-8.103851810625194,3.684508889459073
1789453540077872000,8.5938720703125,-4.148879674372076,-8.06678493951261,3.726146429488063
1789453540087812000,8.60381201171875,-4.187655395229161,-8.02793878376782,3.766452136391401
1789453540097751000,8.6137509765625,-4.230259442202747,-7.986853324663638,3.805982767269015
1789453540107691000,8.62369091796875,-4.2737496243610975,-7.943224610817432,3.848464064645767
1789453540117631200,8.63363134765625,-4.314989981766045,-7.898093091192841,3.8950437372520565
1789453540127570200,8.643570068359375,-4.352584383884072,-7.852526687282324,3.9450235736906527
1789453540137510100,8.65351025390625,-4.386775699560344,-7.806572160837054,3.998004053249955
1789453540147450000,8.6634501953125,-4.421545691907405,-7.7583607953757046,4.053162169109284
1789453540157389000,8.67338916015625,-4.463239346037805,-7.706533577504754,4.105997687239944
1789453540167329000,8.6833291015625,-4.513728885564208,-7.650740963134169,4.154851734519005
1789453540177269200,8.693269287109375,-4.572143665131926,-7.591285150080918,4.199797960704565
1789453540187208200,8.703208251953125,-4.635767411519587,-7.52940064857602,4.241248453728854
1789453540197148200,8.713148193359375,-4.7000274099841715,-7.466095174357295,4.282234544111788
1789453540207087900,8.723087890625,-4.759677284304797,-7.402724818208814,4.326144997508823
1789453540217027000,8.733027099609375,-4.814411914055049,-7.339302439612149,4.373378750109672
1789453540226967000,8.742967041015625,-4.868125091803074,-7.274118896561861,4.422547270165383
1789453540236907000,8.752906982421875,-4.924582307562232,-7.20545043400526,4.472178439296782
1789453540246846200,8.76284619140625,-4.986344059470295,-7.132888471141457,4.519806159651279
1789453540256786200,8.7727861328125,-5.051044202917814,-7.055127186068892,4.569739526599645
1789453540266726100,8.78272607421875,-5.113779183772206,-6.972626597514748,4.62623999697864
1789453540276665000,8.7926650390625,-5.1760968159973615,-6.887312120583653,4.684373913778364
1789453540286605000,8.80260498046875,-5.24156151407659,-6.799086140120029,4.7401282419651745
1789453540296545000,8.812544921875,-5.312037902837991,-6.707159551572799,4.792349719850718
1789453540306484200,8.822484130859374,-5.388185322973132,-6.612820056664943,4.838228550711274
1789453540316424200,8.832424072265624,-5.467238401421905,-6.516995291635394,4.879390582183003
1789453540326364200,8.8423642578125,-5.544332747018337,-6.420291990205645,4.92042635692656
1789453540336303000,8.85230322265625,-5.619639040154218,-6.323752354905009,4.959855865517258
1789453540346243000,8.8622431640625,-5.69447771577835,-6.227320856153964,4.996375624141097
1789453540356183000,8.87218310546875,-5.7711810162305826,-6.129815590691566,5.028837631806731
1789453540366122000,8.8821220703125,-5.851872509536147,-6.029133448758721,5.057221430248021
1789453540376062200,8.892062255859376,-5.93355359840095,-5.923887944433092,5.086344064357877
1789453540386002200,8.902002197265626,-6.017338966068625,-5.815594742974638,5.112815307176112
1789453540395941000,8.911941162109375,-6.102264151421189,-5.704481807920336,5.137281639912724
1789453540405881000,8.921881103515625,-6.1884799611061805,-5.591687203389406,5.158111077451705
1789453540415821000,8.931821044921875,-6.280473185148835,-5.480550887459517,5.16619676875174
1789453540425760000,8.941760009765625,-6.376276322868466,-5.367234889402985,5.167807711079717
1789453540435700200,8.9517001953125,-6.472128560426831,-5.249790997761488,5.169298826420307
1789453540445640200,8.96164013671875,-6.5679211767524475,-5.131317763072252,5.167430109938979
1789453540455579100,8.9715791015625,-6.659774115541577,-5.014562438216805,5.164489380311966
1789453540465519000,8.98151904296875,-6.744642602270841,-4.900959732173383,5.163408014816046
1789453540475459000,8.991458984375,-6.824705734544992,-4.79004465777874,5.162291578006744
1789453540485398000,9.00139794921875,-6.901198607116937,-4.681541612961888,5.160138783887028
1789453540495338200,9.011338134765625,-6.977258933490514,-4.573464684602618,5.154774626505374
1789453540505278200,9.0212783203125,-7.05098994013369,-4.463768046087027,5.150601140213013
1789453540515217200,9.031217041015625,-7.120255784061551,-4.355071524524688,5.14836709755063
1789453540525157000,9.0411572265625,-7.1892059861689805,-4.252688423892855,5.138126274043321
1789453540535097000,9.05109716796875,-7.2507368519306175,-4.155828762857616,5.130914442968368
1789453540545036000,9.0610361328125,-7.310107909309863,-4.063240203270316,5.120824426108598
1789453540554976300,9.070976318359374,-7.367997203698754,-3.9759903743624685,5.106321853503585
1789453540564916200,9.080916259765624,-7.419341606488824,-3.896633052270114,5.093137962281704
1789453540574855200,9.090855224609374,-7.457340790015459,-3.8276547931119795,5.089940043023228
1789453540584795000,9.100794921875,-7.490336466166377,-3.766683314798772,5.086975347998738
1789453540594735000,9.110735107421876,-7.512849326747656,-3.714065823332965,5.0924657621085645
1789453540604674000,9.120674072265626,-7.522804903572798,-3.665297408510744,5.113064313501119
1789453540614614000,9.130614013671876,-7.515707638788223,-3.613973463986814,5.159820219457149
1789453540624554200,9.14055419921875,-7.500868966096639,-3.5593113149508833,5.2190685272395605
1789453540634493200,9.1504931640625,-7.483779299607873,-3.519250814980268,5.270514052316546
1789453540644433000,9.160432861328125,-7.459934313639998,-3.49991746121794,5.3169923103749746
1789453540654373000,9.170373046875,-7.429929051476717,-3.4944998200833797,5.362367575627565
1789453540664312000,9.18031201171875,-7.395762577980756,-3.4936358967304226,5.40995467171073
1789453540674252000,9.190251953125,-7.36093734831512,-3.4974852656349538,5.454775810211896
1789453540684192300,9.200192138671875,-7.33159844110608,-3.5082638492807745,5.487271720147133
1789453540694131200,9.210131103515625,-7.304941320326924,-3.5242449700057503,5.512521896737813
1789453540704071200,9.2200712890625,-7.277033322703838,-3.5432647277742624,5.537189305004477
1789453540714011100,9.23001123046875,-7.2481567723095415,-3.565429213309288,5.560786453691125
1789453540723950000,9.2399501953125,-7.218751814126968,-3.5915307460322974,5.582195152422785
1789453540733890000,9.24989013671875,-7.187270634192228,-3.622365152496099,5.602858585745096
1789453540743830300,9.259830322265625,-7.153425063213706,-3.6585493955552577,5.622625362488627
1789453540753769200,9.269769287109375,-7.1152060994565485,-3.7055984392389654,5.64028259973228
1789453540763709200,9.279709228515625,-7.073950544482469,-3.762250300787389,5.654647225171328
1789453540773649200,9.289649169921875,-7.032579254174232,-3.8263536473855373,5.663234436252713
1789453540783589000,9.299589111328125,-6.991337143203616,-3.8998011609122156,5.664195974761247
1789453540793528000,9.309528076171874,-6.95061701028049,-3.982093367412686,5.657052532747388
1789453540803468300,9.31946826171875,-6.908602161371707,-4.073819757212698,5.643187089002132
1789453540813408300,9.329408203125,-6.86407912903428,-4.177452565644681,5.621712339296937
1789453540823347200,9.33934716796875,-6.813374193191528,-4.292719405508041,5.596504832804203
1789453540833287000,9.349286865234374,-6.754018333381414,-4.418585088536143,5.57043749461174
1789453540843227100,9.35922705078125,-6.682662823697925,-4.5536312723636625,5.547687902665138
1789453540853166000,9.369166015625,-6.599695202153921,-4.693667519563436,5.530272657483816
1789453540863106000,9.37910595703125,-6.508842380318045,-4.8389466358527535,5.512708359220624
1789453540873046300,9.38904638671875,-6.409144573247432,-4.989275436747074,5.495484252697229
1789453540882985200,9.398985107421876,-6.30442981479764,-5.141604179286957,5.476171064940095
1789453540892925000,9.408925048828126,-6.196532334658503,-5.294662405145168,5.453430825343728
1789453540902865200,9.418865234375,-6.089817926824092,-5.445290188986062,5.425250440520048
1789453540912804000,9.42880419921875,-5.985767769762873,-5.594993259197473,5.388603256124258
1789453540922744000,9.438744140625,-5.88392710544467,-5.742160673451424,5.345780013442039
1789453540932684800,9.448684814453125,-5.783306922832131,-5.88476647887826,5.300312393730879
1789453540942623700,9.458623779296875,-5.68677605535984,-6.023852293485403,5.248258381366729
1789453540952563700,9.468563720703125,-5.59609917461276,-6.159689335429668,5.187709512379765
1789453540962504000,9.47850390625,-5.50930235016942,-6.292402107873559,5.120904505607485
1789453540972443000,9.48844287109375,-5.425327597409487,-6.420362132832407,5.051249954622984
1789453540982382800,9.4983828125,-5.347125582832097,-6.541984186941385,4.9780613842934365
1789453540992322800,9.50832275390625,-5.276081038793921,-6.657682696220278,4.899862292325496
1789453541002261800,9.51826171875,-5.2075172056555745,-6.771193924587965,4.816960137233138
1789453541012201700,9.52820166015625,-5.1366638002753255,-6.886240691959857,4.729139522700011
1789453541022142000,9.538141845703125,-5.064645442768931,-7.001818789729476,4.636194404760003
1789453541032081000,9.548080810546875,-4.9920525002449745,-7.118341474872827,4.536407165840268
1789453541042020900,9.558020751953125,-4.9184676240742204,-7.235482584175467,4.430223211620747
1789453541051960800,9.5679609375,-4.8440097644612194,-7.349342772111296,4.323555565537512
1789453541061899800,9.577899658203124,-4.766794422833621,-7.45765643183589,4.22272816991508
1789453541071839700,9.58783984375,-4.684739532220363,-7.561214421465992,4.129358981344104
1789453541081780000,9.597780029296874,-4.602793362678587,-7.659604068547487,4.039201740556955
1789453541091719000,9.607718994140624,-4.523759865713119,-7.752628389203548,3.9500279578492044
1789453541101659000,9.617658935546874,-4.4475843885272734,-7.8414850687861435,3.860116216255724
1789453541111598800,9.627598876953124,-4.371639212965965,-7.926525989472865,3.772181035432219
1789453541121538000,9.6375380859375,-4.292368107852339,-8.008978647232055,3.688122403781116
1789453541131477800,9.647477783203126,-4.2130864813447,-8.088536168071627,3.6049776721045372
1789453541141418000,9.65741796875,-4.135022413933277,-8.164340473857521,3.523567216874659
1789453541151357000,9.66735693359375,-4.058582440592349,-8.235632270655035,3.4456744143769145
1789453541161297000,9.677296875,-3.98574136852622,-8.301367602369188,3.372171079009771
1789453541171236900,9.68723681640625,-3.9151711640015243,-8.362823064807056,3.302280088920891
1789453541181176000,9.697176025390625,-3.8459471133887764,-8.421302141782641,3.2343057461082934
1789453541191115800,9.70711572265625,-3.7780692166879772,-8.475270463335514,3.1727567601680753
1789453541201055700,9.7170556640625,-3.713167705449462,-8.524724522334337,3.11637874712497
1789453541210995000,9.726994873046875,-3.6540377633497116,-8.56966314973533,3.062561816741526
1789453541220935000,9.736934814453125,-3.601807809896767,-8.609206640094518,3.0131258779212833
1789453541230875000,9.746875,-3.5563507115796207,-8.643377205243706,2.96896817176491
1789453541240814000,9.75681396484375,-3.520146010254323,-8.672060863414407,2.9281928015232084
1789453541250753800,9.76675390625,-3.4947979262471196,-8.694401290038227,2.892081331439316
1789453541260693800,9.77669384765625,-3.4796631932184097,-8.709916839078069,2.8635031794697046
1789453541270632700,9.7866328125,-3.4725244273796676,-8.7185695166111,2.845792458473146
1789453541280573000,9.796572998046875,-3.472827794240415,-8.721096989262103,2.837660882204771
1789453541290513000,9.806512939453125,-3.4804800625592467,-8.719339916461706,2.833680872657895
1789453541300452900,9.816452880859375,-3.4946868670880793,-8.714754926759005,2.830302920657396
1789453541310391800,9.826391845703125,-3.5128155212357637,-8.708062735643983,2.8284461868748068
1789453541320331800,9.836331787109375,-3.5315272359684107,-8.699290231123566,2.832149717567861
1789453541330272000,9.84627197265625,-3.5495196965157985,-8.686861542183161,2.847757328805327
1789453541340211000,9.8562109375,-3.568564588725567,-8.669489551621675,2.8767507835775614
1789453541350151000,9.86615087890625,-3.590677344073355,-8.646873815187812,2.9170234649941325
1789453541360091000,9.8760908203125,-3.6132974644213913,-8.620871943446993,2.965642826734483
1789453541370029800,9.88602978515625,-3.6340278255000706,-8.593767663422227,3.0185093245252963
1789453541379969800,9.8959697265625,-3.6523876580551264,-8.56675456881225,3.072651249079406
1789453541389909800,9.90590966796875,-3.6684921128988264,-8.54027338912189,3.1267025727406144
1789453541399849000,9.915848876953126,-3.684957217748463,-8.513809745088219,3.179076318578422
1789453541409789000,9.925788818359376,-3.704369189704954,-8.486744628030062,3.228500859221816
1789453541419728600,9.935728759765626,-3.728766548858583,-8.458480072054266,3.2742589863121507
1789453541429667800,9.945667724609375,-3.7589851615115997,-8.428338616290688,3.317150033533573
1789453541439607800,9.95560791015625,-3.795676477310061,-8.395954350036382,3.357255249428749
1789453541449547800,9.9655478515625,-3.8384815998136994,-8.361258299708366,3.3949618797495957
1789453541459487000,9.975487060546875,-3.885470730003714,-8.323900921216607,3.4331057324439285
1789453541469427000,9.985427001953125,-3.9333144311964507,-8.285025539377331,3.472428273528814
1789453541479366700,9.99536669921875,-3.978811861523986,-8.245365729162096,3.514736260165274
1789453541489305900,10.005305908203125,-4.020328113260865,-8.204422893399,3.5629721755459904
1789453541499245800,10.015245849609375,-4.058298362953961,-8.162145594161748,3.61662836240977
1789453541509185800,10.025185791015625,-4.091359797817469,-8.118751273593306,3.6765526697576045
1789453541519124700,10.035124755859375,-4.122340919275581,-8.072798500713706,3.742539053623378
1789453541529065000,10.04506494140625,-4.155729978658258,-8.023231628990173,3.811574011404812
1789453541539005000,10.0550048828125,-4.194322451902925,-7.970448717829584,3.879435833753645
1789453541548944000,10.06494384765625,-4.239429129347205,-7.914969991713762,3.943457931809127
1789453541558883800,10.0748837890625,-4.291403938995302,-7.856224372756481,4.004246454770863
1789453541568823800,10.08482373046875,-4.3487174793228505,-7.794449176844954,4.062713549047708
1789453541578762800,10.0947626953125,-4.407855020207166,-7.730750319394469,4.1202731730908155
1789453541588703000,10.104702880859374,-4.464992327184975,-7.666445897266268,4.178496521739661
1789453541598643000,10.114642822265624,-4.518428441557288,-7.601957350742817,4.238443333180249
1789453541608582000,10.124581787109374,-4.568432535654306,-7.536727045941352,4.300884007263184
1789453541618521900,10.13452197265625,-4.615524833957851,-7.470104409998655,4.366330877424776
1789453541628461800,10.1444619140625,-4.6603933187320825,-7.4008175232827655,4.436103501830995
1789453541638400800,10.15440087890625,-4.705146068172157,-7.329225866755842,4.507157398219406
1789453541648341000,10.164341064453126,-4.751888530124724,-7.255150576719641,4.577412837706506
1789453541658281000,10.174281005859376,-4.7998365684747695,-7.179136427575349,4.646710538077354
1789453541668220000,10.184219970703126,-4.84842758090347,-7.102179444622993,4.7140445371598005
1789453541678160000,10.194159912109376,-4.899804716919363,-7.023602166992426,4.778217441862822
1789453541688099800,10.204099853515626,-4.95451859614253,-6.941200362637638,4.841787412236631
1789453541698038800,10.214038818359375,-5.009733118364214,-6.854956495901942,4.907397948527336
1789453541707979000,10.22397900390625,-5.0636061628490685,-6.766065914049745,4.974999658635259
1789453541717919000,10.2339189453125,-5.117042569482326,-6.675066961741447,5.04278900026977
1789453541727858700,10.243858642578125,-5.173323844152689,-6.5836757952451705,5.105125921717286
1789453541737798000,10.2537978515625,-5.237844539380073,-6.492690286940336,5.155608739241957
1789453541747737900,10.26373779296875,-5.311509495049715,-6.399608098617196,5.196470910984277
1789453541757677800,10.273677734375,-5.3889305883824825,-6.302709566876292,5.235040587875247
1789453541767616800,10.28361669921875,-5.467323741617799,-6.204675893625617,5.270743184897303
1789453541777557000,10.293556884765625,-5.540682407817244,-6.105650286728143,5.309642532134056
1789453541787496700,10.30349658203125,-5.610688256457448,-6.004773499006032,5.351007977223396
1789453541797435600,10.313435546875,-5.686474442064762,-5.9010360611557955,5.386292641094327
1789453541807376000,10.3233759765625,-5.765301895064115,-5.795400680729746,5.417103374421596
1789453541817315800,10.33331591796875,-5.843180084514618,-5.6913078535705806,5.4439528029024595
1789453541827254800,10.3432548828125,-5.921661500555277,-5.5906882554799315,5.463382895037531
1789453541837195000,10.353195068359375,-6.0015346632152795,-5.4903983277350665,5.477907094952464
1789453541847134700,10.363134765625,-6.081646895328164,-5.385709288248419,5.493460053393244
1789453541857073700,10.37307373046875,-6.160699973776937,-5.2764592244565485,5.511365712440013
1789453541867014000,10.383013916015624,-6.239243349137902,-5.166191508054733,5.527452923887968
1789453541876953900,10.392953857421874,-6.317854529038072,-5.058288767218589,5.53794859893918
1789453541886892800,10.402892822265626,-6.400387850818038,-4.950799283358454,5.540303637632728
1789453541896833000,10.4128330078125,-6.486915795192122,-4.843626902623474,5.534399966546893
1789453541906772700,10.422772705078126,-6.570078647047281,-4.742335981142521,5.524008336392045
1789453541916711700,10.432711669921876,-6.651228405514359,-4.648312128055095,5.506788906043767
1789453541926652000,10.44265185546875,-6.728607413271069,-4.554421838219463,5.491214904814958
1789453541936591600,10.452591552734376,-6.792378166913986,-4.45826974093169,5.491611795178056
1789453541946530600,10.462530517578125,-6.855093274024129,-4.364917503495514,5.488680417901278
1789453541956470800,10.472470703125,-6.912555282911658,-4.279463325832784,5.483898444321751
1789453541966410800,10.48241064453125,-6.959748995763063,-4.201764584602415,5.484289489465952
1789453541976349700,10.492349609375,-6.995555637681484,-4.130468988412618,5.492893651682138
1789453541986289400,10.502289306640625,-7.027827675732969,-4.0632086390882725,5.501853203207254
1789453541996229600,10.512229736328125,-7.051371048405766,-3.9970498212650414,5.52015633713901
1789453542006168600,10.52216845703125,-7.059352110287547,-3.935306189535558,5.554212920519709
1789453542016108500,10.532108642578125,-7.063282435473799,-3.8838670941993594,5.585336957579851
1789453542026048800,10.542048828125,-7.056167635032534,-3.8476726220071313,5.619279559192061
1789453542035987700,10.55198779296875,-7.041698964697122,-3.8214655830830333,5.65520018287897
1789453542045927400,10.561927490234375,-7.022850471842289,-3.802862589421868,5.69106586150825
1789453542055867600,10.57186767578125,-6.999462581992149,-3.791175074237585,5.727560485690832
1789453542065806600,10.581806640625,-6.971656291177869,-3.7859742907240985,5.764790438410639
1789453542075746600,10.59174658203125,-6.948792132940888,-3.7872485484436154,5.79149490546286
1789453542085686800,10.601686767578125,-6.92551354868412,-3.7952407162412998,5.814101289546489
1789453542095625700,10.611625732421874,-6.8988447374671695,-3.809642166559398,5.836352868843078
1789453542105565400,10.6215654296875,-6.872508519205451,-3.82943495452702,5.85444089871943
1789453542115505700,10.631505615234374,-6.846907044959068,-3.853860078470409,5.868392851704359
1789453542125444600,10.641444580078126,-6.82411186030507,-3.882106806528568,5.876320722094178
1789453542135384600,10.651384521484376,-6.804886935353279,-3.9162083980947733,5.875988713660836
1789453542145324800,10.66132470703125,-6.787751091635227,-3.9561908643931147,5.869020628213882
1789453542155263700,10.671263671875,-6.7695233610272405,-4.0042318417236205,5.85747865898013
1789453542165203500,10.681203369140626,-6.74753598562479,-4.063237865182757,5.842197503218054
1789453542175143700,10.691143798828126,-6.721471570041775,-4.133333145672083,5.823039213761687
1789453542185082600,10.70108251953125,-6.689611035400628,-4.213915041123331,5.801933881890774
1789453542195022600,10.711022705078125,-6.653911360988021,-4.304584907607734,5.776368063479661
1789453542204962800,10.720962890625,-6.615280309298634,-4.4034912720397115,5.746107949772477
1789453542214901800,10.73090185546875,-6.572595013782381,-4.509128698292375,5.713066096392273
1789453542224841500,10.740841552734375,-6.522433683297038,-4.621817796622216,5.680408273893595
1789453542234781400,10.750781494140625,-6.4613265959054225,-4.743766598467529,5.649629689270258
1789453542244720600,10.760720703125,-6.389969917178154,-4.875500881268084,5.618557090136409
1789453542254660600,10.77066064453125,-6.312518428707122,-5.014167301419377,5.583960408529639
1789453542264600600,10.7806005859375,-6.23309242529273,-5.157697820475697,5.542298610842227
1789453542274539800,10.790539794921875,-6.152419636687636,-5.303439001318812,5.494695148146152
1789453542284479700,10.800479736328125,-6.070418814349174,-5.4493736589074135,5.4428615005344145
1789453542294419500,10.81041943359375,-5.986343523824215,-5.594406983742117,5.388572276464104
1789453542304358700,10.820358642578125,-5.89927548122406,-5.7391340191066265,5.3320951869606965
1789453542314298600,10.830298583984375,-5.808285881265998,-5.88381370819807,5.273990203994512
1789453542324238600,10.840238525390625,-5.715916809648275,-6.0263347579509015,5.213630135577917
1789453542334177500,10.850177490234374,-5.6259927930951115,-6.1671449121326205,5.14635225059688
1789453542344117800,10.86011767578125,-5.539975136330724,-6.305424086531996,5.071559752202034
1789453542354057500,10.870057373046874,-5.459308777466416,-6.4376026059687135,4.992357620671391
1789453542363996400,10.879996337890624,-5.38326598674953,-6.562439530470967,4.911745037820935
1789453542373936600,10.8899365234375,-5.312267619940638,-6.681531773841381,4.8277691160172225
1789453542383876600,10.899876708984374,-5.247732311666011,-6.796553406772017,4.736934706620872
1789453542393815600,10.909815673828126,-5.1880198935031885,-6.907241978934406,4.641643025554717
1789453542403755800,10.919755859375,-5.132207989910245,-7.014307684424519,4.542058031208813
1789453542413695500,10.929695556640626,-5.079871068951487,-7.117949845206737,4.438482213661074
1789453542423634400,10.939634521484376,-5.0267672552734615,-7.219206572157145,4.334171359837055
1789453542433574700,10.94957470703125,-4.969354930746555,-7.320591309401393,4.229050066412985
1789453542443514600,10.9595146484375,-4.908924135181308,-7.422391057187318,4.1207928130507465
1789453542453453600,10.96945361328125,-4.847370765326917,-7.523597515255212,4.0085970511958005
1789453542463393800,10.979393798828125,-4.783240238460898,-7.6235764773547645,3.895130538752675
1789453542473333500,10.98933349609375,-4.711503035983443,-7.7214423928231,3.788331082983315
1789453542483272400,10.9992724609375,-4.629776938933134,-7.816715369188785,3.6924928739503025
1789453542493212700,11.009212646484375,-4.54115085323602,-7.907558838674426,3.608159517011046
1789453542503152600,11.019152587890625,-4.450195447808504,-7.993502845680713,3.5312931349515915
1789453542513091600,11.029091552734375,-4.364104141286015,-8.074645589885115,3.4532740757256746
1789453542523031800,11.03903173828125,-4.283281715077162,-8.152075451046228,3.371583926771581
1789453542532971500,11.048971435546875,-4.204080168068408,-8.227578728058933,3.2867943504974244
1789453542542910500,11.058910400390625,-4.126240849323571,-8.300061195945739,3.2021102804243564
1789453542552850700,11.0688505859375,-4.049330335861444,-8.367412146162986,3.1240576111897824
1789453542562790700,11.078790771484375,-3.9699975636884566,-8.429823886412382,3.0573800301894543
1789453542572729600,11.0887294921875,-3.8914933512941,-8.486848672926426,3.0000173900231717
1789453542582669600,11.098669677734375,-3.823243406410515,-8.53622499051392,2.947208467638492
1789453542592609500,11.108609619140625,-3.769322431130707,-8.577214588028191,2.8972373990282416
1789453542602548500,11.118548583984374,-3.7249899529293176,-8.6124665186733,2.849611724500358
1789453542612488400,11.128488525390624,-3.683808924496174,-8.64404180663228,2.807221612538397
1789453542622428700,11.1384287109375,-3.645536769247055,-8.67160435181856,2.7719495158880947
1789453542632367600,11.14836767578125,-3.6167429287001487,-8.692915435394644,2.7427628766313195
1789453542642307600,11.1583076171875,-3.600688742738962,-8.70659266309142,2.7204183583542703
1789453542652247600,11.16824755859375,-3.597161445395648,-8.712894393584131,2.7048616005212067
1789453542662186500,11.1781865234375,-3.6042329912170765,-8.712904330456256,2.695405497650802
1789453542672126500,11.18812646484375,-3.618795769576728,-8.707993177539109,2.6917513590574265
1789453542682066700,11.198066650390626,-3.637945583465695,-8.698920813289284,2.695271934399009
1789453542692005600,11.208005615234375,-3.659490183536708,-8.686138488605618,2.707309285934269
1789453542701945600,11.217945556640625,-3.6828055926725267,-8.669507087278365,2.728916137586534
1789453542711884500,11.227884521484375,-3.7073493745595214,-8.64885359082818,2.7610259708136318
1789453542721824800,11.23782470703125,-3.7331288357213137,-8.623987445119022,2.803739615641534
1789453542731764500,11.247764404296875,-3.761506788943708,-8.594744399499893,2.8551407170549035
1789453542741703400,11.257703369140625,-3.793649355396628,-8.561521344333887,2.9118644747957587
1789453542751643600,11.2676435546875,-3.8302491935193537,-8.524956577524542,2.9706366894990204
1789453542761583600,11.27758349609375,-3.8699741779252883,-8.486755149424075,3.0279841320961713
1789453542771522600,11.2875224609375,-3.906308350849151,-8.449415891110897,3.0852079483136534
1789453542781462800,11.297462890625,-3.9334997246354817,-8.415180444031954,3.14367270450294
1789453542791402500,11.307402587890625,-3.9550256200060248,-8.382800269430875,3.202623490643501
1789453542801341400,11.317341552734375,-3.977437066039443,-8.349715745952725,3.260766467532515
1789453542811281700,11.32728173828125,-4.003475762659311,-8.314557923331856,3.318233444856107
1789453542821221600,11.3372216796875,-4.03472576418668,-8.277374147841334,3.3729002700671553
1789453542831160600,11.34716064453125,-4.070872013323009,-8.23955791966617,3.4217031716808677
1789453542841100800,11.357100830078124,-4.108519314672052,-8.202251394578814,3.466053770060837
1789453542851040500,11.36704052734375,-4.145109800444543,-8.164777696231008,3.510680262772739
1789453542860979500,11.3769794921875,-4.178841389654576,-8.125629927191138,3.5611546047300098
1789453542870919700,11.386919677734374,-4.209265754012764,-8.084993380898236,3.617374504601955
1789453542880859600,11.396859619140624,-4.236317427067458,-8.042226836839317,3.6805680428788063
1789453542890798600,11.406798583984376,-4.262213792607188,-7.997224496552348,3.7481080859273668
1789453542900738800,11.41673876953125,-4.291185620069504,-7.949236418452858,3.816507083892822
1789453542910678500,11.426678466796876,-4.324043933576345,-7.899373778653144,3.8823900073841213
1789453542920617500,11.436617431640625,-4.359840930883586,-7.847486939549445,3.947039005166292
1789453542930557700,11.4465576171875,-4.400070065419376,-7.792708470657467,4.010414037489891
1789453542940497200,11.4564970703125,-4.446731571090221,-7.734635636395216,4.070914098899066
1789453542950436400,11.466436279296875,-4.498669263598322,-7.673662404516339,4.128832034860551
1789453542960376300,11.476376220703125,-4.551197323215008,-7.612179469549655,4.184701221598685
1789453542970316300,11.48631640625,-4.600440077550709,-7.551369903799891,4.24065925566405
1789453542980255200,11.496255126953125,-4.646202880816161,-7.490142989420891,4.298944855894148
1789453542990195200,11.5061953125,-4.689780448997021,-7.426784323710203,4.361107005296647
1789453543000135200,11.51613525390625,-4.734268117760122,-7.3616902125090355,4.422964326533675
1789453543010074000,11.52607421875,-4.780985737532377,-7.294395960915089,4.483787336286902
1789453543020014300,11.536014404296875,-4.83092553422153,-7.224087914457916,4.543687970498204
1789453543029953300,11.545953369140625,-4.8869683239609,-7.1505322643816465,4.599760278593004
1789453543039893200,11.555893310546875,-4.950953597137332,-7.073512737587094,4.650146942266821
1789453543049833200,11.565833251953125,-5.020368494147062,-6.992086500266194,4.698617543186247
1789453543059772200,11.575772216796874,-5.090822086554765,-6.905649741306901,4.7503614666879175
1789453543069712100,11.585712158203124,-5.159219915476441,-6.812839940184355,4.810202771927416
1789453543079652400,11.59565234375,-5.225730907738209,-6.715154641979932,4.875328447310626
1789453543089591300,11.60559130859375,-5.292108629009127,-6.61417030223012,4.941328275179862
1789453543099531300,11.61553125,-5.359607463264465,-6.511582034415007,5.0044262441277505
1789453543109471200,11.62547119140625,-5.429178427618742,-6.409132298287749,5.061369197577238
1789453543119410200,11.63541015625,-5.501895288783311,-6.307500308284163,5.1102849119156595
1789453543129350100,11.64535009765625,-5.577189306959509,-6.206161163747311,5.152565718284249
1789453543139290400,11.655290283203126,-5.656463334682583,-6.103067869019508,5.18915561953485
1789453543149229300,11.665229248046876,-5.737171194601059,-5.995880582976341,5.225383117213845
1789453543159169300,11.675169189453126,-5.815604095324874,-5.883771622622013,5.2659623803615565
1789453543169109200,11.685109130859376,-5.892801901295781,-5.7694695361375805,5.306459225922823
1789453543179048200,11.695048095703125,-5.973545417049527,-5.6550891237199306,5.339201219573616
1789453543188988200,11.70498828125,-6.0579614838361735,-5.5390305489569895,5.365688829004764
1789453543198928400,11.714928466796875,-6.147844583857059,-5.422476299631596,5.382480389329791
1789453543208867300,11.724867431640625,-6.238001824644208,-5.306339983457327,5.394485884422063
1789453543218807300,11.734807373046875,-6.330431686538457,-5.191538715279102,5.398510902154445
1789453543228747000,11.7447470703125,-6.428720211333036,-5.074037540492415,5.394076719099283
1789453543238686200,11.754686279296875,-6.5275038261681795,-4.953703772628307,5.387289835438132
1789453543248626200,11.764626220703125,-6.621672640684246,-4.834829555922746,5.380361497479677
1789453543258566100,11.774566162109375,-6.706173463144898,-4.716495437443256,5.380735006967186
1789453543268505300,11.78450537109375,-6.782905405169725,-4.604805287022889,5.381293225371837
1789453543278445300,11.7944453125,-6.854816210648417,-4.50110818118304,5.3779065055429935
1789453543288385300,11.80438525390625,-6.92556849374175,-4.401007054008543,5.370101969271898
1789453543298324200,11.81432421875,-6.990536932736635,-4.306133598354458,5.362836362183094
1789453543308264200,11.82426416015625,-7.047015191283822,-4.221124826371669,5.35650189846456
1789453543318204200,11.8342041015625,-7.094260342061519,-4.143962091714143,5.354384760180116
1789453543328143000,11.84414306640625,-7.132368831181526,-4.069633411438763,5.360764232084155
1789453543338083300,11.854083251953124,-7.17202981044054,-3.995760073715448,5.363418545985222
1789453543348022300,11.864022216796876,-7.209803368517756,-3.9234368880435824,5.366173982173204
1789453543357962200,11.873962158203126,-7.2376242723792785,-3.8562627556979656,5.377399725064635
1789453543367902200,11.883902099609376,-7.253655954247713,-3.7953985371515153,5.399053922989964
1789453543377841200,11.893841064453126,-7.26572808483541,-3.7432150531888007,5.41922226627171
1789453543387781000,11.903781005859376,-7.261575641331076,-3.7028932719334957,5.452385700204968
1789453543397721300,11.913721435546876,-7.242689154553413,-3.6748651550620792,5.496292646470666
1789453543407660300,11.923660400390625,-7.2110080681324,-3.6594431295245884,5.547994776657223
1789453543417600300,11.933600341796875,-7.1830351885795585,-3.6513492549180984,5.5894601749897
1789453543427540200,11.943540283203125,-7.154656066313385,-3.6500817192003128,5.626562701937556
1789453543437479200,11.953479248046875,-7.127704931023716,-3.6513919250160454,5.659820243895053
1789453543447419100,11.963419189453125,-7.102347202405333,-3.6582848994001744,5.687182882595062
1789453543457359400,11.973359375,-7.081067683011293,-3.6713098006680607,5.705288448128104
1789453543467298300,11.98329833984375,-7.061469248571991,-3.688591774858534,5.7184191478580235
1789453543477238300,11.99323828125,-7.0407006013095375,-3.711238783213496,5.7293643202424045
1789453543487178200,12.00317822265625,-7.01840810548067,-3.739791800741851,5.738145008069276
1789453543497117200,12.0131171875,-6.993500458717346,-3.7747269205227494,5.7456742345303295
1789453543507057200,12.02305712890625,-6.964470179066062,-3.817549286422133,5.752637643802165
1789453543516997400,12.032997314453125,-6.932706090536713,-3.8691853656351562,5.756506594190001
1789453543526936300,12.042936279296875,-6.899127061539888,-3.9296933180898423,5.755860697501897
1789453543536876300,12.052876220703125,-6.864006648319959,-3.9993607285559176,5.749861749348044
1789453543546816300,12.062816162109375,-6.825695330104232,-4.079341735504568,5.739273719838261
1789453543556755200,12.072755126953124,-6.783749454778432,-4.1692663365796205,5.724365489041805
1789453543566695200,12.082695068359374,-6.739491210857033,-4.269144176392257,5.702985431882738
1789453543576635100,12.09263525390625,-6.693071989509463,-4.378297501811385,5.674827258890867
1789453543586574300,12.10257421875,-6.641815849524736,-4.495764482067525,5.64311753089726
1789453543596514300,12.112514404296874,-6.582489800330996,-4.622122332526743,5.610453863179683
1789453543606453200,12.122453369140626,-6.511933332070708,-4.758201951055228,5.578944041672349
1789453543616393200,12.132393310546876,-6.433098280286789,-4.901389063501358,5.546349347537755
1789453543626333200,12.142333251953126,-6.348925959128141,-5.048716636753082,5.5110775431483985
1789453543636272000,12.152272216796876,-6.262063083711266,-5.1960559004426,5.473385818135738
1789453543646212400,12.16221240234375,-6.171689569824934,-5.34441573935151,5.433036272090673
1789453543656152300,12.17215234375,-6.076445819553732,-5.496535807576775,5.388440759038925
1789453543666091300,12.18209130859375,-5.979975157836079,-5.64822625221312,5.339272531244158
1789453543676031200,12.19203125,-5.887076509386301,-5.7952983893990515,5.284628502386808
1789453543685971200,12.20197119140625,-5.795556163552403,-5.939791031485796,5.225020713642239
1789453543695910100,12.21191015625,-5.704539091065525,-6.083996088802814,5.1588405607700345
1789453543705850000,12.22185009765625,-5.614045750191807,-6.2270022917240855,5.086978270608187
1789453543715790300,12.231790283203125,-5.523030431270599,-6.366551632189751,5.013336695814132
1789453543725729300,12.241729248046875,-5.43278200506866,-6.502349511167407,4.937074124866724
1789453543735669200,12.251669189453125,-5.342510782513022,-6.634757747706771,4.8588057670548555
1789453543745609200,12.261609130859375,-5.253185900896788,-6.762806619992852,4.779003623804449
1789453543755548200,12.271548095703125,-5.170373177653551,-6.88605013782382,4.6925440684914586
1789453543765488000,12.281488037109375,-5.092615984234214,-7.005383788734674,4.6000259437918665
1789453543775428400,12.291428466796875,-5.019581727683544,-7.120427633497118,4.502634367837012
1789453543785367300,12.3013671875,-4.947065942049027,-7.230840895849466,4.40588868857026
1789453543795307300,12.311307373046875,-4.872895667205751,-7.338699797543883,4.309149146783351
1789453543805247200,12.321247314453124,-4.799351707567275,-7.443277777871489,4.211207535730302
1789453543815186200,12.331186279296874,-4.724965159624815,-7.545430576878785,4.112373359751701
1789453543825126100,12.341126220703124,-4.644809965153038,-7.646911175712942,4.015081152518094
1789453543835065000,12.351065185546876,-4.559813175868988,-7.745325372713804,3.9228094037950036
1789453543845005300,12.36100537109375,-4.472748640400171,-7.837245531520247,3.839592483665049
1789453543854945300,12.3709453125,-4.384709122419357,-7.922696786573529,3.7650466535076497
1789453543864884200,12.38088427734375,-4.300504944817722,-8.00303698222339,3.691533089007437
1789453543874824200,12.39082421875,-4.2262648196086285,-8.079398921892047,3.6100405084520575
1789453543884764200,12.40076416015625,-4.162276623822748,-8.152831237849593,3.5181162579923866
1789453543894703000,12.410703125,-4.1058994875624775,-8.22212221621871,3.421789973181486
1789453543904643300,12.420643310546875,-4.04879666737616,-8.287607957085967,3.3306445981398225
1789453543914583300,12.430583251953125,-3.9834170172318815,-8.350915184870361,3.250379513552785
1789453543924522200,12.440522216796875,-3.912832784181833,-8.410621173292398,3.1814383715346453
1789453543934462200,12.450462158203125,-3.8444963300585746,-8.465165248906612,3.11948401966393
1789453543944402700,12.460402587890625,-3.7826352094292637,-8.514734458717703,3.0596348233789206
1789453543954341600,12.470341552734375,-3.7284295719891785,-8.559297238543628,3.0012749888688326
1789453543964281600,12.480281494140625,-3.6813723449990152,-8.598686999645828,2.9462641725257037
1789453543974221800,12.490221923828125,-3.6405166029974816,-8.632976222738623,2.896333435925841
1789453543984160800,12.500160888671875,-3.6045612002581358,-8.662335003691911,2.8533351289376614
1789453543994100500,12.5101005859375,-3.5751968663468956,-8.68663767029941,2.8161449237063527
1789453544004040700,12.520040771484375,-3.554389932900667,-8.705465120366215,2.7841639775559304
1789453544013979600,12.529979736328125,-3.5423251088365912,-8.71789614739418,2.760541109906137
1789453544023919600,12.539919677734375,-3.5391707364588973,-8.724225934937596,2.744550929091871
1789453544033858600,12.549858642578124,-3.5421102970421314,-8.725810573780537,2.7357112045541405
1789453544043798800,12.559798828125,-3.5484281018868087,-8.723377209153771,2.7352728131368753
1789453544053738500,12.569738525390624,-3.556896362763643,-8.717467108327149,2.743104821936786
1789453544063677400,12.579677490234374,-3.5685707262054085,-8.708286023005842,2.7570751873612402
1789453544073617700,12.58961767578125,-3.5866225157245992,-8.69510505439341,2.7751854290693996
1789453544083557600,12.5995576171875,-3.611084756807983,-8.677195303693413,2.7994124000921845
1789453544093496600,12.60949658203125,-3.6391570050820707,-8.654640357536078,2.8326906925767656
1789453544103436800,12.619436767578126,-3.668191960908472,-8.628276082223653,2.875342670345306
1789453544113376500,12.62937646484375,-3.696173316028714,-8.599182089686392,2.9262136104047296
1789453544123315500,12.6393154296875,-3.7246918467655776,-8.568279001900553,2.980217880053818
1789453544133255700,12.649255615234376,-3.7551945370569824,-8.536434249350428,3.0328529071763155
1789453544143195600,12.659195556640626,-3.7865561822652816,-8.50351046939194,3.085888039532304
1789453544153134600,12.669134521484375,-3.8181586504921317,-8.470406072169542,3.1375545138835905
1789453544163074800,12.67907470703125,-3.84949428447634,-8.437330901041626,3.1879803405240175
1789453544173014500,12.6890146484375,-3.8802854363203045,-8.403992110541463,3.238321703751385
1789453544182953500,12.698953369140625,-3.912588454031944,-8.369940203335881,3.2872730739250775
1789453544192893700,12.708893798828125,-3.946703489601612,-8.334218901613355,3.3368773550495505
1789453544202833700,12.718833740234375,-3.981273283201456,-8.296501457637548,3.389382033790648
1789453544212772600,12.728772705078125,-4.0161774233222,-8.256932248315215,3.4443872971758243
1789453544222712800,12.738712890625,-4.053250139653683,-8.215662080293892,3.4992093129485844
1789453544232651800,12.74865185546875,-4.094682512499392,-8.17221223014593,3.5523131266266104
1789453544242591700,12.758591796875,-4.140962033115327,-8.126728243821859,3.602656535680592
1789453544252531700,12.76853173828125,-4.188774462386966,-8.080242971500754,3.6516046909838913
1789453544262470700,12.778470703125,-4.2331420119017364,-8.033490572676062,3.703236094021797
1789453544272410600,12.78841064453125,-4.270498513610661,-7.986720638194679,3.761048816043138
1789453544282350600,12.7983505859375,-4.303034755556285,-7.938724376788735,3.825035258263349
1789453544292289800,12.808289794921874,-4.335877871493995,-7.887461807063222,3.8933907093480227
1789453544302229800,12.818229736328124,-4.372537038588524,-7.832002370169758,3.963713661113381
1789453544312169500,12.82816943359375,-4.414273070555925,-7.773239215555787,4.032533222578466
1789453544322108700,12.838108642578124,-4.46400302388668,-7.711704842662811,4.09544209869504
1789453544332048600,12.848048583984376,-4.522288916377723,-7.64710289889276,4.152234537757933
1789453544341988600,12.857988525390626,-4.5858457350090145,-7.579098453202843,4.206863076785207
1789453544351927800,12.867927734375,-4.649601583343744,-7.507223303559422,4.265349752545356
1789453544361867800,12.87786767578125,-4.70879523832947,-7.432559984502196,4.330666858847439
1789453544371807500,12.887807373046876,-4.76285328399241,-7.355684250092506,4.402217014320194
1789453544381746700,12.89774658203125,-4.813732115097344,-7.276179336223006,4.478340761318803
1789453544391686700,12.907686767578125,-4.863974401864409,-7.193609774085879,4.556764601953327
1789453544401625600,12.91762548828125,-4.917307932645082,-7.1090031531631945,4.63168657194674
1789453544411565600,12.927565673828125,-4.976421215870976,-7.020631042227149,4.702803888960182
1789453544421505800,12.937505859375,-5.042014508765936,-6.928727834555506,4.768772737169265
1789453544431444700,12.94744482421875,-5.1126533946126695,-6.834290139970183,4.82945137001574
1789453544441384400,12.957384521484375,-5.186795904666185,-6.736464556512236,4.887491763313115
1789453544451324700,12.96732470703125,-5.263740612658858,-6.635545683214068,4.942968443602323
1789453544461263600,12.977263671875,-5.342497923031449,-6.533577008602022,4.994048057976364
1789453544471203600,12.98720361328125,-5.421008565166592,-6.430035385584831,5.043579273864626
1789453544481143800,12.997143798828125,-5.499483551466465,-6.32630554651916,5.089592837020755
1789453544491082800,13.007082763671875,-5.579131088677048,-6.224488263076544,5.128294031336903
1789453544501022500,13.0170224609375,-5.6587032225638625,-6.123506261414289,5.162568641382456
1789453544510962700,13.026962646484375,-5.7402598082661624,-6.0219783163070675,5.19187715345323
1789453544520901600,13.036901611328124,-5.820237600344419,-5.916500756791233,5.224007737207413
1789453544530841600,13.046841552734374,-5.898972698885202,-5.807808911404013,5.257550525847077
1789453544540781800,13.05678173828125,-5.976051846912503,-5.695457958987355,5.293292285835743
1789453544550720800,13.066720703125,-6.053896134093404,-5.580790546321869,5.326861962482333
1789453544560660500,13.076660400390624,-6.137839322671294,-5.464866411593556,5.350937834596634
1789453544570599700,13.086599609375,-6.226269301274418,-5.3462365250378845,5.368583381402492
1789453544580539600,13.09653955078125,-6.317976694113016,-5.225141125151515,5.380657265555858
1789453544590479600,13.106479736328126,-6.409112424543499,-5.102026202136278,5.391010901787877
1789453544600418600,13.11641845703125,-6.501352316823601,-4.979075529772043,5.39551698103547
1789453544610358800,13.12635888671875,-6.595318886765837,-4.851849372045695,5.397379267776012
1789453544620298800,13.136298828125,-6.687888449391722,-4.724449611318111,5.396494886156916
1789453544630237700,13.14623779296875,-6.77638798609972,-4.599442006424069,5.394077303621173
1789453544640177700,13.156177734375,-6.863037511026858,-4.478163943447172,5.386570288991928
1789453544650117600,13.16611767578125,-6.944073872247338,-4.363505590870976,5.376805850824713
1789453544660056600,13.176056640625,-7.014096672022342,-4.253154287838935,5.374340337494015
1789453544669996800,13.185996826171875,-7.074353864586353,-4.149555966198444,5.376344078531861
1789453544679936800,13.195936767578125,-7.130469135040045,-4.058019838273525,5.372083498477935
1789453544689875700,13.205875732421875,-7.1744713583737605,-3.9778666896283625,5.373452448743581
1789453544699815700,13.215815673828125,-7.209280221426487,-3.9016722154811023,5.382714198085665
1789453544709755600,13.225755615234375,-7.23305155763626,-3.8283158873692154,5.403454203775524
1789453544719694600,13.235694580078125,-7.252592708930373,-3.7621713903322815,5.423685675421357
1789453544729634800,13.245634765625,-7.2639727656006805,-3.7039006954103706,5.448506812945008
1789453544739574800,13.25557470703125,-7.2635881501972674,-3.651510290698707,5.484264939546585
1789453544749513700,13.265513671875,-7.246806526744365,-3.607018822543323,5.535666040959954
1789453544759453700,13.27545361328125,-7.227772155928611,-3.577681376639008,5.579418673446774
1789453544769392600,13.285392578125,-7.20737234197855,-3.5628450420349833,5.615184983354807
1789453544779332600,13.29533251953125,-7.180482581487298,-3.5565257758855817,5.653509161052107
1789453544789272600,13.3052724609375,-7.146957328504324,-3.5578488411828872,5.695003200957179
1789453544799211800,13.315211669921876,-7.116384495586156,-3.5668422949776053,5.727574514216184
1789453544809151700,13.32515185546875,-7.090377947670221,-3.582717324979603,5.749872855263948
1789453544819091500,13.335091552734376,-7.061691951411962,-3.608562544853985,5.768981460359692
1789453544829030700,13.34503076171875,-7.031145421978831,-3.641267129103839,5.785716322061419
1789453544838970600,13.354970703125,-6.996517760711908,-3.6810301074326035,5.802514312127232
1789453544848910600,13.36491064453125,-6.959352105399966,-3.7278313138350843,5.8173044695019716
1789453544858849800,13.374849853515625,-6.922123321723937,-3.7798032008737326,5.828182421869039
1789453544868789800,13.384789794921875,-6.8856596772015095,-3.8356063366383313,5.834910268819332
1789453544878729500,13.3947294921875,-6.849222336164116,-3.895579451563954,5.838062010848522
1789453544888668400,13.40466845703125,-6.8118024138301605,-3.961108447051048,5.837754552334546
1789453544898608600,13.414608642578125,-6.774630913299322,-4.0347468069747086,5.830569024744629
1789453544908547600,13.424547607421875,-6.73714727807939,-4.118674797983467,5.815303066551685
1789453544918487600,13.434487548828125,-6.695895814758539,-4.21325248556137,5.795156350579857
1789453544928427800,13.444427734375,-6.648779258796572,-4.318576608081162,5.771829251006245
1789453544938366200,13.4543662109375,-6.592972031378745,-4.434886527256667,5.74759438893795
1789453544948306200,13.46430615234375,-6.529906211134791,-4.5615155958727,5.720431072202325
1789453544958246100,13.47424609375,-6.463804384195805,-4.6964121420964595,5.686239464265108
1789453544968185000,13.48418505859375,-6.391380368497967,-4.838149347995222,5.649152719408273
1789453544978125000,13.494125,-6.311082258424163,-4.985670690253377,5.611037216025591
1789453544988065000,13.50406494140625,-6.224120014286041,-5.13818531075418,5.57043807913363
1789453544998004200,13.514004150390624,-6.132884330612421,-5.294730209684372,5.524851801478863
1789453545007944200,13.523944091796874,-6.040149348291754,-5.452808309531211,5.4730111396044485
1789453545017884000,13.5338837890625,-5.947349484041333,-5.609817318841815,5.415658436310291
1789453545027823000,13.543822998046876,-5.8539574991166585,-5.765689433076977,5.3533536635667085
1789453545037763000,13.55376318359375,-5.763647113594413,-5.919614504897594,5.282887211677432
1789453545047703000,13.563703125,-5.6768660712420935,-6.070906305605173,5.204581152203679
1789453545057642200,13.573642333984376,-5.595692347377538,-6.217952139306068,5.1181724502950905
1789453545067582200,13.583582275390626,-5.5179579503118985,-6.358236223787069,5.029444365528225
1789453545077521200,13.593521240234375,-5.439364890590309,-6.49404345511496,4.940758366337418
1789453545087461000,13.603461181640625,-5.361363367021084,-6.625986412230134,4.84999468408972
1789453545097401000,13.613401123046875,-5.287465771639347,-6.753214031261205,4.754698911370337
1789453545107340000,13.623340087890625,-5.217117393171787,-6.876814107444882,4.654193295048177
1789453545117280000,13.633280029296875,-5.150159826186299,-6.996443526431918,4.549283598548174
1789453545127220200,13.64322021484375,-5.083351312282681,-7.111429503527283,4.4449449799343945
1789453545137159200,13.6531591796875,-5.014985632064938,-7.222797874647378,4.341828304331004
1789453545147099100,13.66309912109375,-4.948989603587985,-7.328235102152824,4.239675505323707
1789453545157039000,13.6730390625,-4.88599801762402,-7.428465408664941,4.137060934023559
1789453545166978000,13.68297802734375,-4.822850364315509,-7.5277002743989225,4.030416376554966
1789453545176918000,13.69291796875,-4.761286765328049,-7.625557422038912,3.918092312145233
1789453545186858200,13.702858154296875,-4.701797926788032,-7.719653171318769,3.8040073755428194
1789453545196797200,13.712797119140625,-4.641982048250735,-7.809811581149697,3.691778003679216
1789453545206737200,13.722737060546875,-4.57965184880495,-7.895926853069662,3.5849022678032516
1789453545216676000,13.732676025390624,-4.510514891953766,-7.979443340668082,3.486277350661158
1789453545226616000,13.742615966796874,-4.435919085174799,-8.061681478893757,3.3915047250330446
1789453545236556000,13.75255615234375,-4.361462686866521,-8.141471054923533,3.2961265347272155
1789453545246495000,13.762494873046874,-4.2905370930328965,-8.216742276746034,3.2010677856341
1789453545256435200,13.772435302734374,-4.223805736018717,-8.286002859976888,3.1099858312174677
1789453545266375200,13.782375244140624,-4.157274577751756,-8.349929680964351,3.0275568465948104
1789453545276314000,13.792314208984376,-4.086714017838239,-8.409879415014386,2.95687412160635
1789453545286254000,13.802254150390626,-4.013963254404068,-8.466299221372603,2.8948692085921763
1789453545296194000,13.812194091796876,-3.9449999005541203,-8.518654262509942,2.8354660025089977
1789453545306133000,13.822133056640626,-3.8839819527506827,-8.566855106577277,2.7738129716724154
1789453545316073200,13.8320732421875,-3.8304920623645184,-8.609997498211264,2.7139760503470898
1789453545326013200,13.84201318359375,-3.7810713211134073,-8.647796190729737,2.6626190803363916
1789453545335952100,13.8519521484375,-3.7363279240235685,-8.680119666707515,2.620265500992536
1789453545345892000,13.86189208984375,-3.7005984389945863,-8.706192850118875,2.584213944402337
1789453545355832000,13.87183203125,-3.6777348652794957,-8.724788244995475,2.5539587991312143
1789453545365771000,13.88177099609375,-3.666967095288634,-8.735430635040998,2.532977970422804
1789453545375711200,13.891711181640625,-3.667267831800878,-8.738959978210925,2.5203359309926627
1789453545385650200,13.901650146484375,-3.6777623378083106,-8.735251771342753,2.5179066580191254
1789453545395590100,13.911590087890625,-3.6962314759567376,-8.725052448889613,2.526204530765116
1789453545405530000,13.921530029296875,-3.719286188329756,-8.710144802615046,2.5437434023261067
1789453545415469000,13.931468994140625,-3.7449081208422776,-8.691738208308815,2.568989779524505
1789453545425409000,13.941408935546875,-3.772778416803479,-8.669957169133424,2.6016096081003544
1789453545435349200,13.951349365234375,-3.803233468560874,-8.644613469040394,2.641298059888184
1789453545445288200,13.9612880859375,-3.8340556000649926,-8.616709563070534,2.687517667010426
1789453545455228200,13.971228271484375,-3.864463890071213,-8.586948046535253,2.738725876200199
1789453545465168000,13.98116796875,-3.8957109689891336,-8.555310799255967,2.792932098162174
1789453545475107000,13.991107177734374,-3.9285570075362917,-8.521445939055084,2.8498735903069377
1789453545485047000,14.001047119140624,-3.962154741233587,-8.48562936026454,2.9096035441264507
1789453545494987000,14.010987060546874,-3.9949131014972923,-8.447647712394595,2.974611438348889
1789453545504926200,14.02092626953125,-4.029070222643018,-8.406901275986433,3.0431893000125885
1789453545514866200,14.0308662109375,-4.06996629665494,-8.361707212519645,3.1124902152538296
1789453545524805000,14.04080517578125,-4.118715714515745,-8.312737722167372,3.178831111645698
1789453545534745300,14.050745361328126,-4.170257977965474,-8.262713169804215,3.2414389589890837
1789453545544685000,14.06068505859375,-4.21774015236944,-8.213892732533813,3.3034935563638803
1789453545554624000,14.0706240234375,-4.256475833477079,-8.166555227297543,3.370483856575191
1789453545564564200,14.080564208984375,-4.285568949231505,-8.120152957084775,3.444912490093708
1789453545574504200,14.090504150390625,-4.309887690190971,-8.073435629573464,3.523475739198923
1789453545584443100,14.100443115234375,-4.334084850597382,-8.025210235586762,3.6030730075269934
1789453545594383000,14.110383056640625,-4.359489048705995,-7.9773390618652105,3.6779455854207277
1789453545604323000,14.120322998046875,-4.389063225975632,-7.9319211265146725,3.7404753990918396
1789453545614262000,14.130261962890625,-4.422255301481485,-7.889512309852242,3.790732591167092
1789453545624202000,14.140201904296875,-4.45667311939001,-7.849471391364932,3.8333103346556423
1789453545634142200,14.15014208984375,-4.491639218831062,-7.808527386558056,3.875881356142461
1789453545644081200,14.1600810546875,-4.526004137508571,-7.764577185672521,3.9239065513819456
1789453545654021000,14.170021240234375,-4.557954396259785,-7.718919011825323,3.9766467924445865
1789453545663960300,14.179960205078125,-4.586349885138869,-7.672776269331574,4.032900594586134
1789453545673900000,14.189900146484375,-4.614209367445111,-7.62682992619276,4.087899428230524
1789453545683840000,14.199840087890625,-4.647157989583909,-7.580614702984691,4.136251955728232
1789453545693779200,14.209779296875,-4.688757535690069,-7.5319994328975675,4.177910538545251
1789453545703719200,14.21971923828125,-4.7412812113925815,-7.477170695123076,4.216933804422617
1789453545713659100,14.2296591796875,-4.802640812240541,-7.413783387839794,4.259209934616089
1789453545723598000,14.23959814453125,-4.868660221593082,-7.34112907051742,4.309801473212242
1789453545733538000,14.2495380859375,-4.934067344266176,-7.259250413253903,4.373633017131686
1789453545743478000,14.25947802734375,-4.996822783386707,-7.170490764304995,4.448173002070188
1789453545753417000,14.2694169921875,-5.057004572626948,-7.076963754823804,4.529201764506102
1789453545763357200,14.279357177734376,-5.114062092366814,-6.980016123244166,4.614776061417162
1789453545773296000,14.289296142578126,-5.170305957636237,-6.882166574388742,4.698313007281721
1789453545783236000,14.299236083984376,-5.226461560100317,-6.784403534772991,4.777692541205883
1789453545793176000,14.309176025390625,-5.286022002571821,-6.685362145784497,4.851215165795385
1789453545803115000,14.319114990234375,-5.351749735501408,-6.581762070578336,4.920324650117754
1789453545813055000,14.329054931640625,-5.426669075146317,-6.474820868250728,4.9797944916963575
1789453545822995200,14.3389951171875,-5.509598702767491,-6.366586118981242,5.028052618908882
1789453545832934100,14.34893408203125,-5.594847713246941,-6.2559969155400985,5.072531812104582
1789453545842874000,14.3588740234375,-5.678779795908928,-6.142249540328979,5.118066067311167
1789453545852814000,14.36881396484375,-5.761825743386149,-6.021881870195269,5.16804268887937
1789453545862753300,14.378753173828125,-5.842401501357555,-5.8959957289010285,5.222449401849508
1789453545872693000,14.38869287109375,-5.924440902140736,-5.769658336707949,5.270899836763739
1789453545882633200,14.39863330078125,-6.013084815755486,-5.647154239067435,5.303097640535235
1789453545892572200,14.408572265625,-6.107261229056119,-5.526528210258483,5.322519549363851
1789453545902512000,14.41851220703125,-6.206744516593218,-5.405611089548469,5.331610033792257
1789453545912451000,14.428451171875,-6.306802973669767,-5.282811808353662,5.337276388990879
1789453545922391300,14.438391357421875,-6.400547425293922,-5.160111895880103,5.345711039859056
1789453545932331000,14.4483310546875,-6.4882619491040705,-5.037110954633355,5.357272298315167
1789453545942270700,14.458270751953124,-6.573957534307241,-4.916758482068777,5.364599864724278
1789453545952210700,14.468210693359374,-6.656243018805981,-4.802653963983059,5.366497222778201
1789453545962151000,14.47815087890625,-6.737323219168186,-4.693234096582233,5.3621314287841315
1789453545972089900,14.48808984375,-6.817521960520744,-4.584646296091377,5.354699817478656
1789453545982029600,14.498029541015624,-6.890640972745418,-4.474302884104848,5.354440289759635
1789453545991969800,14.5079697265625,-6.955273311653733,-4.367329533073306,5.359195959854126
1789453546001908700,14.51790869140625,-7.0179100928306575,-4.268968819825351,5.3567970820188515
1789453546011848700,14.5278486328125,-7.08056908583939,-4.178614302900433,5.345568416517972
1789453546021789000,14.537788818359376,-7.136275190970301,-4.094605940131843,5.336491376093029
1789453546031727900,14.547727783203126,-7.189962942016124,-4.019537255144119,5.3214837765753265
1789453546041667600,14.55766748046875,-7.239703416740894,-3.958182914993167,5.299985645994544
1789453546051606500,14.5676064453125,-7.275420626810193,-3.9083427792862055,5.288052047094703
1789453546061546800,14.577546630859375,-7.299169166666269,-3.862131939992308,5.289280712106824
1789453546071486700,14.58748681640625,-7.309991004931926,-3.816801390664279,5.307207998463511
1789453546081425700,14.59742578125,-7.304338093736767,-3.778239020296931,5.342468112415075
1789453546091366000,14.607365966796875,-7.294409989440441,-3.7434038537591694,5.380415273493528
1789453546101305600,14.6173056640625,-7.271675010541081,-3.7157051149725913,5.430165685090422
1789453546111244800,14.627244873046875,-7.233306409180164,-3.7032925003841517,5.489561292389035
1789453546121184800,14.637184814453125,-7.194933131644129,-3.706680973778665,5.537496763518452
1789453546131124700,14.647124755859375,-7.1568486079216,-3.721633920499682,5.576676681262255
1789453546141063700,14.657063720703125,-7.1191270722925655,-3.74301163957119,5.610550309291481
1789453546151004000,14.66700390625,-7.080803479117154,-3.768144035001099,5.642132611513137
1789453546160943900,14.67694384765625,-7.0431403956770895,-3.7957507115900513,5.670702287915349
1789453546170882800,14.6868828125,-7.005547454863787,-3.826128606458008,5.696793006983399
1789453546180822800,14.69682275390625,-6.969165058884024,-3.8575530877694484,5.72017855874598
1789453546190761700,14.70676171875,-6.936017991563677,-3.888919993674755,5.739195978426933
1789453546200701700,14.71670166015625,-6.904166809272765,-3.9219849356696006,5.755074515560269
1789453546210641700,14.7266416015625,-6.873403422218561,-3.956708750787377,5.768118121528625
1789453546220580900,14.736580810546876,-6.841407278499007,-3.9971261013716455,5.778280619102716
1789453546230520800,14.746520751953126,-6.80859572674334,-4.045098105119169,5.783648283615708
1789453546240460500,14.75646044921875,-6.775050600016117,-4.100817361992597,5.783799674785137
1789453546250399700,14.766399658203126,-6.73987056556344,-4.165336303654313,5.778799090018868
1789453546260339700,14.776339599609376,-6.702752256524563,-4.242108285428583,5.766112626925111
1789453546270279700,14.78627978515625,-6.659963500633835,-4.333064567638933,5.748024597048759
1789453546280219000,14.796218994140625,-6.6115142347633835,-4.437298264573514,5.72439296157062
1789453546290158800,14.806158935546875,-6.556456364408135,-4.551029857693612,5.698369462519884
1789453546300097800,14.816097900390625,-6.490396038523316,-4.674878647941351,5.673678088855743
1789453546310037800,14.826037841796875,-6.4128510265499346,-4.808612580126524,5.650040608158707
1789453546319977700,14.835977783203125,-6.326667950090766,-4.947988902112841,5.626815215393901
1789453546329916700,14.845916748046875,-6.23510727224648,-5.091688932517171,5.60076307477057
1789453546339856600,14.855856689453125,-6.142185242921114,-5.237704838648438,5.568697957468032
1789453546349796900,14.865796875,-6.0480848174661395,-5.382869680908322,5.53315610396564
1789453546359735800,14.87573583984375,-5.953114623439312,-5.526740976226329,5.4941755081862205
1789453546369675500,14.885675537109375,-5.862735264334082,-5.66931872460246,5.44587354183197
1789453546379615700,14.89561572265625,-5.776548680743574,-5.810123033565282,5.389281301516294
1789453546389554700,14.9055546875,-5.689506941628456,-5.951287408012151,5.327479217597842
1789453546399494700,14.91549462890625,-5.603046801793575,-6.092063659924269,5.259560112103819
1789453546409435000,14.925434814453125,-5.519717945721745,-6.229161515584588,5.186583723220229
1789453546419373800,14.935373779296874,-5.438005292674899,-6.362417308863997,5.110592370429635
1789453546429313500,14.9453134765625,-5.3612604911684985,-6.489676492077112,5.03104011028707
1789453546439252700,14.955252685546874,-5.290048773869872,-6.609728520390391,4.949470080581307
1789453546449192700,14.965192626953124,-5.220974653121829,-6.727119805061816,4.863917410980164
1789453546459132700,14.975132568359374,-5.15648026137948,-6.84205434423089,4.771520866833627
1789453546469071600,14.985071533203126,-5.094686360767484,-6.95376816778779,4.675431313388049
1789453546479011800,14.99501171875,-5.032528303018212,-7.064523375445604,4.575645243512094
1789453546488951800,15.004951904296876,-4.972427762320637,-7.172765723499655,4.471779210846126
1789453546498890800,15.014890869140626,-4.913184715235233,-7.277330259823799,4.367086079706251
1789453546508830700,15.024830810546876,-4.854621759368479,-7.379547356238961,4.259731035880744
1789453546518770700,15.034770751953126,-4.7974897130876775,-7.478727276915311,4.150076775202155
1789453546528709600,15.044709716796875,-4.735414365185797,-7.5753060751825565,4.044871018365026
1789453546538649900,15.05464990234375,-4.66785707874149,-7.670182161185145,3.9433229072526097
1789453546548588800,15.0645888671875,-4.5993484829217195,-7.761542348021268,3.843801625792682
1789453546558528800,15.07452880859375,-4.530244843818247,-7.84787038590908,3.749424429222941
1789453546568468700,15.08446875,-4.46081445697844,-7.929925568783283,3.6589334264367817
1789453546578407700,15.09440771484375,-4.391306328727305,-8.008864665463566,3.570002220313251
1789453546588347600,15.10434765625,-4.321926210770011,-8.084176803818345,3.4838849025666714
1789453546598288000,15.114287841796875,-4.2531513652294874,-8.15645410452187,3.3990210920125246
1789453546608226800,15.124226806640625,-4.185834025020897,-8.225923946589232,3.314121333362162
1789453546618166800,15.134166748046875,-4.118808361235261,-8.292160213562846,3.2320097441256044
1789453546628106800,15.144106689453125,-4.050788133454323,-8.35500216192305,3.155224610608816
1789453546638045700,15.154045654296874,-3.9807907603815194,-8.413910277965664,3.087038086350262
1789453546647985700,15.163985595703124,-3.9108901256814597,-8.468627956581114,3.0261618851050733
1789453546657924600,15.173924560546874,-3.842814660581946,-8.519282039019465,2.970687835164368
1789453546667864800,15.18386474609375,-3.7792134182870387,-8.565107970649004,2.920078760911524
1789453546677804800,15.1938046875,-3.723581547436118,-8.60500685031712,2.8738787352725863
1789453546687743700,15.20374365234375,-3.678054598753154,-8.638179052078723,2.8326965377956626
1789453546697683700,15.21368359375,-3.6430958058357237,-8.664587751054762,2.7969842961624263
1789453546707623700,15.223623779296876,-3.6187729732230305,-8.684684782665967,2.7660668875902887
1789453546717562600,15.233562744140626,-3.6040088270723816,-8.698563670414686,2.7416300732091066
1789453546727502800,15.2435029296875,-3.597303484214842,-8.706042043471335,2.7266525765687226
1789453546737442800,15.25344287109375,-3.5993992874503133,-8.706768604180215,2.7215646057799456
1789453546747381800,15.2633818359375,-3.6095392809316516,-8.700988267213106,2.7266148749068377
1789453546757321700,15.27332177734375,-3.6245348977506158,-8.689953662979603,2.741868265879154
1789453546767260700,15.2832607421875,-3.6417046437382696,-8.674374985575675,2.7683208039969203
1789453546777200600,15.29320068359375,-3.6596684627130625,-8.65472569773197,2.8058690288856623
1789453546787140900,15.303140869140625,-3.6806744258627293,-8.631990718832611,2.8481168097674847
1789453546797079800,15.313079833984375,-3.7057901624187823,-8.60625714263916,2.893069757954776
1789453546807019800,15.323019775390625,-3.733479256594181,-8.57869225936532,2.938978399431705
1789453546816959700,15.332959716796875,-3.761118081887066,-8.550861418631673,2.984491027328372
1789453546826898700,15.342898681640625,-3.7871702225103974,-8.523286598485708,3.0300726288080213
1789453546836838700,15.352838623046875,-3.8108626482650636,-8.495506611156463,3.0780028392404315
1789453546846778600,15.362778564453125,-3.8344139119833707,-8.465963121286034,3.129711399167776
1789453546856717800,15.3727177734375,-3.8595232187986372,-8.434259823033214,3.183977534623444
1789453546866657800,15.38265771484375,-3.886341667619347,-8.401585049399733,3.23729616009593
1789453546876596700,15.3925966796875,-3.9153178789958356,-8.369565524804592,3.284969180896878
1789453546886537000,15.402536865234374,-3.9462013852983713,-8.339302488487958,3.3247447264462706
1789453546896476700,15.4124765625,-3.97688293928802,-8.310574406653641,3.359933528727293
1789453546906415600,15.42241552734375,-4.0040903874263165,-8.28314396341443,3.395171138586104
1789453546916355800,15.43235595703125,-4.026160472676158,-8.255809966287016,3.4354067028626796
1789453546926295800,15.4422958984375,-4.044721088500321,-8.226817096036672,3.4828275024682283
1789453546936234800,15.45223486328125,-4.062640776072442,-8.194881742593646,3.5368431702941656
1789453546946174700,15.4621748046875,-4.0833737674996256,-8.159030092489719,3.595369593542814
1789453546956114000,15.472114013671876,-4.107623242615163,-8.119698199054598,3.6562747286215425
1789453546966053600,15.4820537109375,-4.135135226657987,-8.078165580704807,3.7167636841148135
1789453546975993600,15.49199365234375,-4.166972964945435,-8.034272662964463,3.7758725834265348
1789453546985932800,15.501932861328125,-4.205141952081024,-7.986308550262451,3.834849673052132
1789453546995872800,15.511872802734375,-4.249515054553747,-7.933076726290583,3.89593221052438
1789453547005812700,15.521812744140625,-4.298566377970576,-7.87508104891777,3.959266034054756
1789453547015752000,15.531751953125,-4.3502334368437525,-7.812296968224644,4.026640657408535
1789453547025691600,15.541691650390625,-4.402745129847526,-7.7438184752821915,4.101154923383891
1789453547035631600,15.551631591796875,-4.453628344866633,-7.671013351312279,4.182236292789876
1789453547045570800,15.56157080078125,-4.502561594861746,-7.595901703965663,4.266103493522107
1789453547055510800,15.5715107421875,-4.552412251962721,-7.519522813162207,4.347723207588493
1789453547065450800,15.58145068359375,-4.60648052675873,-7.442346049979329,4.422919026087224
1789453547075389700,15.5913896484375,-4.665865904924273,-7.363529702895879,4.492051891285181
1789453547085329700,15.60132958984375,-4.728275891608,-7.281697807383537,4.559676105485856
1789453547095268600,15.6112685546875,-4.790972586278617,-7.196619477295875,4.628781205894053
1789453547105208600,15.62120849609375,-4.851381462273001,-7.108593987840414,4.701318034316599
1789453547115148800,15.631148681640624,-4.909677583897113,-7.017829428809881,4.776559153261781
1789453547125087700,15.641087646484374,-4.971643918466568,-6.924402372571826,4.848275605212152
1789453547135027700,15.65102783203125,-5.040482476893067,-6.82812168046832,4.913315648138523
1789453547144967700,15.6609677734375,-5.115407077234983,-6.728636639365553,4.9727702921479935
1789453547154906600,15.67090673828125,-5.188550639379025,-6.627436611038446,5.032537655368447
1789453547164846600,15.6808466796875,-5.255506452798843,-6.525312453603744,5.096108502525091
1789453547174785800,15.690785888671876,-5.317143117022514,-6.422409713011979,5.162464011964202
1789453547184725800,15.700725830078126,-5.377981324344873,-6.317107510063051,5.228941686478257
1789453547194665700,15.710665771484376,-5.444967532902956,-6.208315126910805,5.28956712783277
1789453547204604700,15.720604736328125,-5.51745233887732,-6.096399058780074,5.3443391669839615
1789453547214545000,15.730544921875,-5.594940067705512,-5.983321545654535,5.391373889881372
1789453547224484600,15.740484619140625,-5.672766234707832,-5.870228834959864,5.434202977782488
1789453547234423600,15.750423583984375,-5.751159972465038,-5.758587492117285,5.47112547198832
1789453547244363800,15.76036376953125,-5.83310468070209,-5.6470145383357995,5.500589466881752
1789453547254303700,15.7703037109375,-5.918852288353443,-5.532676211494207,5.5251312029421324
1789453547264242700,15.78024267578125,-6.006295009484886,-5.413252544212341,5.549011260223389
1789453547274183000,15.790182861328125,-6.092472825247049,-5.290858336687088,5.573054399111867
1789453547284121900,15.800121826171875,-6.183145029819011,-5.167735814887285,5.588706726273894
1789453547294061600,15.8100615234375,-6.277844005689024,-5.04120319238305,5.598686268496513
1789453547304001800,15.820001708984375,-6.37751960092783,-4.9140474695444105,5.59908491242528
1789453547313940700,15.829940673828125,-6.477191104513406,-4.787868775044381,5.593985543459653
1789453547323880700,15.839880615234375,-6.5783771043151615,-4.663426402817667,5.581020847946405
1789453547333821000,15.849821044921875,-6.670953681203723,-4.543381388767063,5.57013997296989
1789453547343760000,15.859759765625,-6.75275635062158,-4.430770324109495,5.562280491641164
1789453547353699600,15.869699462890624,-6.816593155238032,-4.324013246177136,5.568424401223659
1789453547363639800,15.879639892578124,-6.8716317363709205,-4.226301059965789,5.57578820798993
1789453547373578800,15.889578857421874,-6.916264658823609,-4.1416903473898765,5.5840919259548185
1789453547383518700,15.899518798828124,-6.95028091019392,-4.067840098281205,5.596127816185355
1789453547393457700,15.909457763671876,-6.981901790860295,-4.0052562163352965,5.601908153152466
1789453547403398000,15.91939794921875,-7.005489587196707,-3.9544250237643714,5.608569949129223
1789453547413337600,15.929337646484376,-7.017226786741614,-3.9092867821380493,5.625516992276907
1789453547423276500,15.939276611328125,-7.01771836965084,-3.8664869203314183,5.654408740240335
1789453547433216800,15.949216796875,-7.006159449282288,-3.824998725645244,5.696799436724185
1789453547443156700,15.95915673828125,-6.981245372778177,-3.7843539960458874,5.754236311170459
1789453547453095700,15.969095703125,-6.95311467231512,-3.7546789887502787,5.807490931496024
1789453547463036000,15.979035888671875,-6.919073871025443,-3.746817169333994,5.853046229490637
1789453547472974800,15.988974853515625,-6.881874897965789,-3.757537593051791,5.8899114405512805
1789453547482914600,15.99891455078125,-6.846788971537351,-3.778524266979098,5.917313826739788
1789453547492854800,16.008854736328125,-6.809894534382224,-3.8022690074428915,5.9446215203821655
1789453547502793700,16.018793701171877,-6.774176155269146,-3.8274186462685464,5.969237490722537
1789453547512733700,16.028733642578125,-6.745501264926791,-3.854254923006892,5.984428045591712
1789453547522674000,16.038673828125,-6.718500445276498,-3.882325417715311,5.996641630476713
1789453547532612900,16.04861279296875,-6.688339700290561,-3.9117484960764646,6.011219021883607
1789453547542552800,16.058552734375,-6.655801120257377,-3.94296810246557,6.026912265577912
1789453547552492500,16.068492431640625,-6.6235086239397525,-3.9763653451547025,6.040532794651389
1789453547562431700,16.078431640625,-6.593024638348817,-4.012425085051357,6.050028937271237
1789453547572371700,16.088371826171876,-6.569001373204588,-4.0513299852460625,6.050237611585855
1789453547582310700,16.098310546875,-6.545975886926055,-4.095739328075945,6.045290218311548
1789453547592251000,16.1082509765625,-6.522125055739283,-4.148124472090601,6.035339317661523
1789453547602190800,16.11819091796875,-6.496798306781053,-4.212238632343709,6.018227439340949
1789453547612129800,16.1281298828125,-6.4677598438233135,-4.288136753892898,5.995860709232091
1789453547622069800,16.13806982421875,-6.434601670587062,-4.375071525502205,5.968676349708438
1789453547632009700,16.148009765625,-6.395805783724785,-4.4748190169334405,5.93633183094263
1789453547641948700,16.15794873046875,-6.350010831755399,-4.5893443907797336,5.897941017749905
1789453547651889000,16.167888916015624,-6.292820041024685,-4.717784892731904,5.857755722355842
1789453547661827800,16.177827880859375,-6.223536661440134,-4.857271689355373,5.817634724369645
1789453547671767800,16.187767822265624,-6.145280286327004,-5.00431518496871,5.7760506680935615
1789453547681707500,16.19770751953125,-6.061373338106274,-5.155085007628799,5.731949660560488
1789453547691646700,16.207646728515623,-5.974053951093554,-5.306784220093489,5.68498566481173
1789453547701586700,16.217586669921875,-5.88782528192699,-5.45724892232716,5.632257698708773
1789453547711526700,16.227526611328123,-5.804872857952118,-5.6044730352044105,5.573484022700787
1789453547721465900,16.2374658203125,-5.720117183947563,-5.749972808507085,5.512570996576548
1789453547731405800,16.24740576171875,-5.633004717683792,-5.896792432236671,5.446788903111219
1789453547741345500,16.257345458984375,-5.5444362073928115,-6.044105976963043,5.375724485328793
1789453547751284700,16.26728466796875,-5.452003422889113,-6.191183959367871,5.302382185742259
1789453547761224700,16.277224609375,-5.360808655747771,-6.334875806465744,5.225077996787428
1789453547771163600,16.28716357421875,-5.2737417821913954,-6.473577005669474,5.143036257916688
1789453547781103900,16.297103759765626,-5.191217228239775,-6.607053748223185,5.056529356330633
1789453547791043800,16.3070439453125,-5.113050869497656,-6.734507577225566,4.967240715071559
1789453547800982800,16.316982666015626,-5.039374807912111,-6.855953105723858,4.875554072760045
1789453547810922500,16.326922607421874,-4.9733495533406735,-6.970185634103417,4.780448561915755
1789453547820862700,16.33686279296875,-4.918236153405904,-7.076220242980122,4.680648463514447
1789453547830801700,16.3468017578125,-4.8695273598164315,-7.175053542175888,4.580031788033247
1789453547840741600,16.35674169921875,-4.825363516180217,-7.269287238621711,4.477015357933938
1789453547850680800,16.366680908203126,-4.782531797930598,-7.3617042410343885,4.370708654117584
1789453547860620800,16.376620849609374,-4.73758089556992,-7.453470670583844,4.26279802223593
1789453547870560800,16.386560791015626,-4.69149718978703,-7.543786901324987,4.153496812778711
1789453547880499700,16.396499755859374,-4.6435777930095785,-7.632422631633281,4.043973777264356
1789453547890439700,16.406439697265625,-4.589906408576667,-7.721618918433785,3.9344250227868556
1789453547900379600,16.416379638671874,-4.530548502939939,-7.810858459854125,3.8255762332722543
1789453547910318800,16.42631884765625,-4.4691032696351405,-7.897261316543817,3.7189793143376706
1789453547920258800,16.4362587890625,-4.406411251139641,-7.978582924446463,3.6188591902017593
1789453547930197800,16.44619775390625,-4.340995068377256,-8.055905818101763,3.5254178131774068
1789453547940137000,16.456136962890625,-4.273871497175097,-8.130525298017263,3.4349563287466762
1789453547950077200,16.4660771484375,-4.208908611138165,-8.20155230639875,3.3451462939620016
1789453547960016100,16.47601611328125,-4.147770544086397,-8.268690490648149,3.2550162334427237
1789453547969955800,16.485955810546876,-4.087238333973288,-8.333270807108283,3.165670601299405
1789453547979896000,16.49589599609375,-4.0258080059766765,-8.39523188098073,3.0795041837140915
1789453547989835000,16.5058349609375,-3.965172335489094,-8.45341869701147,2.9979180796563623
1789453547999775000,16.51577490234375,-3.90799908041507,-8.506866794082521,2.9208187656238676
1789453548009714000,16.5257138671875,-3.85443583253175,-8.554627493166922,2.851674209988117
1789453548019654100,16.535654052734376,-3.804684544152021,-8.596735281056166,2.791212142501771
1789453548029593900,16.54559375,-3.7583015631616115,-8.633713304841518,2.7394422077760097
1789453548039532800,16.55553271484375,-3.7172798169434067,-8.665736336567997,2.693920812050998
1789453548049473000,16.56547314453125,-3.687942955560982,-8.690776085278392,2.653280466365814
1789453548059413000,16.5754130859375,-3.6727646756514907,-8.70776813661158,2.6183926928579804
1789453548069352000,16.58535205078125,-3.6691727886393664,-8.716177068516611,2.595345871530473
1789453548079292200,16.595292236328124,-3.67260714700222,-8.717718452739716,2.58529004920125
1789453548089231000,16.605231201171875,-3.6818504839047788,-8.714368557789921,2.5834350689843295
1789453548099170800,16.6151708984375,-3.6967318266943097,-8.706866219335794,2.5874779146343467
1789453548109111000,16.625111083984375,-3.718174427695572,-8.693890417906642,2.600348209862411
1789453548119050000,16.635050048828123,-3.7463372768625613,-8.674466170990467,2.6246917930021882
1789453548128990000,16.644989990234375,-3.7820068483978506,-8.647148540475964,2.6633848040118813
1789453548138930200,16.65493017578125,-3.8262817511931058,-8.612157306593655,2.713059520024061
1789453548148869000,16.664869140625,-3.877206759527325,-8.571018071475624,2.77042858993113
1789453548158808800,16.674808837890627,-3.931993411725759,-8.525978321787715,2.831523110102117
1789453548168749000,16.6847490234375,-3.988666023801267,-8.478161508601904,2.8951129542201754
1789453548178688000,16.69468798828125,-4.044498970182239,-8.428112990841269,2.962985005702078
1789453548188628000,16.7046279296875,-4.096605881777405,-8.376699029946327,3.0363015863254663
1789453548198567000,16.71456689453125,-4.1441818719446655,-8.32389390695393,3.115914052222669
1789453548208507100,16.724507080078126,-4.186282353310287,-8.27057206661105,3.2004780030474067
1789453548218446800,16.73444677734375,-4.221653818681836,-8.217595678704976,3.2892446662589907
1789453548228386000,16.744385986328126,-4.25033046258986,-8.166522494071721,3.378303882676363
1789453548238326000,16.754325927734374,-4.274457772630453,-8.11853967666924,3.462473281225562
1789453548248266000,16.764265869140626,-4.29675026845932,-8.074185571157932,3.5377719755768773
1789453548258205000,16.774204833984374,-4.3207299867227675,-8.03319714268744,3.6013092127248645
1789453548268145200,16.784145263671874,-4.347227825286984,-7.995407217997312,3.6531443216413257
1789453548278084000,16.794083984375,-4.374880679105222,-7.961103381857275,3.6948090419381856
1789453548288024000,16.804024169921874,-4.402556913799047,-7.929318835061788,3.7301211783379316
1789453548297964000,16.813964111328126,-4.430267635284364,-7.898540834960341,3.7624735881492493
1789453548307903000,16.823903076171874,-4.458892256744206,-7.866478055745363,3.795677354092896
1789453548317843000,16.833843017578126,-4.486627235887944,-7.832170127952098,3.833752817726135
1789453548327783000,16.843782958984374,-4.513256884138285,-7.795608868274092,3.8767759668946264
1789453548337722000,16.85372216796875,-4.539626420147717,-7.757009965288638,3.923138781879842
1789453548347662000,16.863662109375,-4.5659605925828215,-7.716745759439468,3.971673972468078
1789453548357601000,16.87360107421875,-4.591187972819805,-7.675073440358042,4.023009022907912
1789453548367541000,16.883541015625,-4.614895888404548,-7.63244250537753,4.0766368604600425
1789453548377481000,16.89348095703125,-4.640195749355852,-7.589338107666372,4.128067480228841
1789453548387420000,16.903419921875,-4.672052192343771,-7.545400766262412,4.172441459484398
1789453548397360000,16.913360107421877,-4.713852521719038,-7.498038126584887,4.210632658451796
1789453548407300000,16.923300048828125,-4.764597205050289,-7.444436300256848,4.248450932453572
1789453548417239000,16.933239013671876,-4.822010698620975,-7.383510999172925,4.289801764495671
1789453548427179000,16.943178955078125,-4.884317809452116,-7.313491706529259,4.338970576812327
1789453548437118000,16.953117919921876,-4.94927718835771,-7.234456163737177,4.3974590061381456
1789453548447058000,16.963057861328124,-5.015360310596227,-7.1474097484469405,4.464420080254972
1789453548456998000,16.972997802734376,-5.080653159239888,-7.053615027940273,4.539151203851402
1789453548466937000,16.98293701171875,-5.144391179656982,-6.954796926313638,4.619136594714224
1789453548476877000,16.992876953125,-5.2090568363130085,-6.852376416280865,4.699049797123671
1789453548486816800,17.002816650390624,-5.278690344509482,-6.748046273234486,4.771763735678792
1789453548496756000,17.012755859375,-5.354294159287214,-6.642365884622931,4.835376668411493
1789453548506696000,17.022696044921876,-5.432981327033042,-6.536077593246102,4.892114162416756
1789453548516635000,17.032634765625,-5.512034405481815,-6.428959280785918,4.945335172733664
1789453548526575000,17.0425751953125,-5.589086080980301,-6.318773397448658,5.000562554436922
1789453548536515000,17.05251513671875,-5.662706612986326,-6.204228734380006,5.060798704212904
1789453548546454000,17.0624541015625,-5.7345420151412485,-6.0870133907973765,5.121882995250821
1789453548556394000,17.07239404296875,-5.806823992019892,-5.969832534006238,5.17805788693726
1789453548566334000,17.082333984375,-5.881356962695717,-5.854631452855467,5.225255691441893
1789453548576273000,17.09227294921875,-5.958068446454406,-5.742655178970098,5.2624833060741425
1789453548586212900,17.102212890625,-6.035162207528948,-5.633498638680577,5.292534745466709
1789453548596153000,17.112153076171875,-6.1095198216378686,-5.523024586051702,5.323565259024501
1789453548606092000,17.122092041015627,-6.1822770148128265,-5.409675270247459,5.355861262473463
1789453548616032000,17.132031982421875,-6.252699627560377,-5.292827006411552,5.390744359806179
1789453548625971200,17.14197119140625,-6.324052799156307,-5.173447762793303,5.423300475496053
1789453548635911000,17.151910888671875,-6.404303562957048,-5.05189000609219,5.443684507355093
1789453548645851000,17.161850830078127,-6.491625288057327,-4.930081489500403,5.451931526696682
1789453548655790000,17.1717900390625,-6.583124006581306,-4.810255086636543,5.449250324788689
1789453548665730000,17.18172998046875,-6.675862496033311,-4.692920500588417,5.4387254236429925
1789453548675670000,17.191669921875,-6.765360396128893,-4.57802980056107,5.426044221246242
1789453548685609200,17.201609130859374,-6.844431594756245,-4.468730636930466,5.4179889250844715
1789453548695549000,17.211548828125,-6.9158093162715435,-4.364935623674095,5.411962504401803
1789453548705489000,17.221489013671874,-6.979288393491506,-4.266564973554015,5.408909546571969
1789453548715427800,17.231427734375,-7.035092113777995,-4.178477524778247,5.405386048620939
1789453548725368000,17.2413681640625,-7.080934996542334,-4.101175089389086,5.404733137670159
1789453548735307000,17.25130712890625,-7.11626642216444,-4.033117159946262,5.409539076647162
1789453548745247000,17.2612470703125,-7.137216855734586,-3.9737972482323642,5.4258115815341466
1789453548755187000,17.27118701171875,-7.148463641414046,-3.9214308089181777,5.449060355174542
1789453548765126000,17.2811259765625,-7.1521595733225345,-3.8722047134563327,5.479329236710071
1789453548775065900,17.29106591796875,-7.148568855354189,-3.824571732404828,5.51734069519639
1789453548785006000,17.301006103515626,-7.132498595041036,-3.783649647168815,5.56613015280664
1789453548794945000,17.310945068359374,-7.111496139022708,-3.758209208703041,5.610066909688711
1789453548804885000,17.320885009765625,-7.084544419211149,-3.7502424676075576,5.649365485376119
1789453548814824200,17.33082421875,-7.049661906400322,-3.7559061924576755,5.689093100130558
1789453548824764000,17.340763916015625,-7.011141913869976,-3.7686592910468577,5.728132148098945
1789453548834704000,17.350703857421873,-6.97665161524713,-3.783776488418877,5.7601849904417985
1789453548844642800,17.360642822265625,-6.947866834789514,-3.800750127312541,5.783757589209079
1789453548854583000,17.3705830078125,-6.920549788796901,-3.821205178581178,5.803000049817562
1789453548864523000,17.38052294921875,-6.8931246062546965,-3.8440480017691847,5.8205275232017035
1789453548874462000,17.3904619140625,-6.867278217336535,-3.8677810517951845,5.835334631711245
1789453548884402000,17.40040185546875,-6.841819366431236,-3.8923151890709993,5.848915413296222
1789453548894342000,17.410341796875,-6.817140267726779,-3.9167312529250977,5.861420674604177
1789453548904280800,17.42028076171875,-6.794322286719083,-3.9425004849538205,5.870627478888631
1789453548914221000,17.430220947265624,-6.772067784813046,-3.9721544494614003,5.876347610101104
1789453548924160000,17.440159912109376,-6.748633717733621,-4.008108390896022,5.878897294583917
1789453548934100000,17.450099853515624,-6.724045804443955,-4.053142003104091,5.876195049887896
1789453548944040400,17.46004052734375,-6.698489338383078,-4.108344834887981,5.867036176398396
1789453548953979400,17.4699794921875,-6.6708356077820055,-4.172760608436167,5.853066687756776
1789453548963919400,17.47991943359375,-6.640103200387954,-4.248039429043233,5.833829487845302
1789453548973859600,17.489859619140624,-6.60516106634438,-4.3362315072372555,5.808555930379033
1789453548983798500,17.499798583984376,-6.560764875257015,-4.439011498232186,5.781169326281547
1789453548993738500,17.509738525390624,-6.5048062566697595,-4.555995663407445,5.7533238725006575
1789453549003678500,17.519678466796876,-6.440414740779995,-4.683989298374951,5.722905353361368
1789453549013617400,17.529617431640624,-6.3675628550589085,-4.819793607093393,5.6915855014681815
1789453549023557400,17.539557373046875,-6.290392521616816,-4.962488552108407,5.654647225171328
1789453549033497600,17.54949755859375,-6.208876852446794,-5.110349209323525,5.612891319459677
1789453549043436500,17.5594365234375,-6.122417881655693,-5.262046083700657,5.567516054207086
1789453549053376500,17.56937646484375,-6.0336734302759165,-5.414133418700098,5.518362439459562
1789453549063315500,17.5793154296875,-5.9454696616441005,-5.5644099048852915,5.464349109721184
1789453549073255400,17.58925537109375,-5.858629582580924,-5.712310309588909,5.405218875360489
1789453549083195400,17.5991953125,-5.77497280972898,-5.857003442683816,5.33999792290926
1789453549093134300,17.60913427734375,-5.6940445850580925,-6.0002358555763955,5.267392705425619
1789453549103074600,17.619074462890627,-5.6140200312286614,-6.143810798296332,5.187169998675585
1789453549113014500,17.6290146484375,-5.536638685384393,-6.28635581344664,5.098801979392767
1789453549122953500,17.638953369140626,-5.461984134155512,-6.426338869154453,5.003928231477738
1789453549132893400,17.6488935546875,-5.391391425538063,-6.561636397394538,4.903893739798665
1789453549142832600,17.65883251953125,-5.3268613779604435,-6.691222562250495,4.798173603698611
1789453549152772400,17.6687724609375,-5.267837526583671,-6.814775292161107,4.688190841718018
1789453549162712600,17.678712646484374,-5.208931748628616,-6.934471931165456,4.577172599209844
1789453549172651500,17.688651611328126,-5.148413274779916,-7.051584983417391,4.465357945626974
1789453549182591500,17.698591552734374,-5.0888084086447956,-7.165714635944366,4.35050845439285
1789453549192531700,17.70853173828125,-5.034321031653881,-7.274410572984814,4.231899318364262
1789453549202470700,17.718470703125,-4.981345812791585,-7.376932205304503,4.115513995864987
1789453549212410400,17.728410400390626,-4.926180390408635,-7.4745339168787,4.004308414091169
1789453549222350600,17.7383505859375,-4.865968498291075,-7.570405443659424,3.8963711864635346
1789453549232289500,17.74828955078125,-4.799253507889807,-7.667007622802257,3.788733818565309
1789453549242229500,17.7582294921875,-4.725919391609728,-7.765369212833046,3.6790082462161777
1789453549252169500,17.76816943359375,-4.649647760573029,-7.862090634441375,3.5691315749585626
1789453549262108700,17.778108642578125,-4.576564111922681,-7.952437844842672,3.461810433402657
1789453549272048400,17.78804833984375,-4.5072427384153,-8.034367355510591,3.3621535428643226
1789453549281987300,17.7979873046875,-4.442411662064492,-8.107268925592303,3.272242678053677
1789453549291927600,17.807927490234373,-4.379905229268968,-8.172184757617115,3.194094439490139
1789453549301867500,17.817867431640625,-4.3160763156980275,-8.232762852698563,3.12465908421427
1789453549311806500,17.827806396484377,-4.252060939644277,-8.290180437922476,3.059942866414785
1789453549321746700,17.83774658203125,-4.191957476337254,-8.343598724377156,2.9970418813437223
1789453549331686400,17.847686279296877,-4.1379833095654845,-8.392009996324777,2.9362603726446626
1789453549341625300,17.857625244140625,-4.087284511202574,-8.435183952140807,2.883080863381922
1789453549351565600,17.867565673828125,-4.03784974142611,-8.473869364365935,2.838952675580978
1789453549361505500,17.877505615234377,-3.9915035853147502,-8.508956459838151,2.7992762064918875
1789453549371444500,17.887444580078125,-3.952680225923657,-8.540511289530992,2.757959861241281
1789453549381384400,17.897384521484376,-3.9208807738199827,-8.567677528876066,2.7188191064640876
1789453549391323600,17.90732373046875,-3.8936636810705063,-8.58909850256741,2.6901903933510183
1789453549401263400,17.917263427734376,-3.8712323612928388,-8.603463128006458,2.6766329926416277
1789453549411203300,17.927203369140624,-3.8558956759512424,-8.610255856886505,2.6769351904585954
1789453549421142500,17.937142578125,-3.8484050279349087,-8.611081201794743,2.6850372483715415
1789453549431082500,17.94708251953125,-3.8485730779781937,-8.607793850687147,2.6953166503235697
1789453549441022500,17.9570224609375,-3.855752175827324,-8.60187264394462,2.70395062315613
1789453549450961700,17.966961669921876,-3.8677994642347095,-8.592868668755889,2.7153490922659635
1789453549460901400,17.9769013671875,-3.8822032526403665,-8.579374396410584,2.7373741693302986
1789453549470841300,17.98684130859375,-3.9002787152960896,-8.559318281331658,2.774215414993465
1789453549480780500,17.996780517578124,-3.9214205797851083,-8.533937756359578,2.8221912181332707
1789453549490720500,18.006720458984375,-3.9433059561178085,-8.506061322918534,2.8753482233032583
1789453549500659500,18.016659423828123,-3.9646600020527836,-8.47786866313517,2.9287583264514803
1789453549510599400,18.026599365234375,-3.9847327760055657,-8.450276891854404,2.980790419244766
1789453549520539600,18.03653955078125,-4.004883583630622,-8.422374154928326,3.0323139779940247
1789453549530478600,18.046478515625,-4.02650212572068,-8.39243319017291,3.0862142027467487
1789453549540418300,18.056418212890627,-4.0491345210283995,-8.360363981217146,3.143125592014193
1789453549550358500,18.066358642578123,-4.072183388182521,-8.326158929276465,3.2035537572309374
1789453549560297500,18.07629736328125,-4.094766391390562,-8.290550440278649,3.266503549879789
1789453549570237400,18.086237548828127,-4.117925440920889,-8.25397573659718,3.3294057039946314
1789453549580177700,18.096177734375,-4.142275161540508,-8.216458199107647,3.391423768751323
1789453549590116600,18.10611669921875,-4.16924880092293,-8.17819773429632,3.4503345151424405
1789453549600056300,18.116056396484375,-4.1997152508571745,-8.139062824738025,3.5054905851751563
1789453549609995500,18.12599560546875,-4.231836482261121,-8.099222397258877,3.5587332228019832
1789453549619935500,18.135935546875,-4.26434583619982,-8.058209418869017,3.612617373202741
1789453549629875500,18.14587548828125,-4.297558077710867,-8.014818020910024,3.669337623812258
1789453549639814400,18.155814453125,-4.33073817051798,-7.968617995271086,3.7304455879867073
1789453549649754600,18.165754638671874,-4.363554398448765,-7.920172821053862,3.7948219063073396
1789453549659694300,18.1756943359375,-4.395964968188107,-7.869740272411704,3.8617420638918873
1789453549669633300,18.18563330078125,-4.428642079909146,-7.816545857840776,3.9318122099399564
1789453549679573500,18.195573486328126,-4.464138632965088,-7.759454435831308,4.004085711251199
1789453549689513500,18.205513427734374,-4.504485840922594,-7.696731729936599,4.07925318043828
1789453549699452400,18.215452392578126,-4.549755892235041,-7.629042926067114,4.155455253370106
1789453549709392600,18.225392578125,-4.595923184648156,-7.557918887051939,4.233879386265576
1789453549719332400,18.235332275390626,-4.636576974336803,-7.486458163428306,4.315728817434609
1789453549729271300,18.245271240234374,-4.674317214666306,-7.414469616538286,4.398498870579898
1789453549739211500,18.25521142578125,-4.713023085157573,-7.338553082549572,4.483687967565656
1789453549749150500,18.265150390625,-4.754265780650079,-7.256257661178708,4.5731911283582445
1789453549759090400,18.27509033203125,-4.7998581957846875,-7.165484918841719,4.667710071486234
1789453549769030700,18.28503076171875,-4.850624798686802,-7.067146709686518,4.764163782069087
1789453549778969600,18.294969482421877,-4.905200730744004,-6.963397581398486,4.8600949300825596
1789453549788909300,18.304909423828125,-4.961052966347337,-6.855047096794843,4.956480836126208
1789453549798849500,18.314849609375,-5.015127670884132,-6.742780315530299,5.055080911087989
1789453549808788500,18.32478857421875,-5.067836347764731,-6.628973903608322,5.1521016079038375
1789453549818728400,18.334728515625,-5.121345235112309,-6.517458232972025,5.24070343594253
1789453549828668700,18.344668701171877,-5.177669179880619,-6.411165265420079,5.315926726970076
1789453549838607600,18.354607666015625,-5.238287606972456,-6.311656258919835,5.375286093911528
1789453549848547600,18.364547607421876,-5.300638556945324,-6.217507902669906,5.423670477852225
1789453549858487600,18.374487548828125,-5.362841622880101,-6.125982296139002,5.466504241928458
1789453549868426500,18.384426513671876,-5.425061639949679,-6.034178457188606,5.5070648003757
1789453549878366500,18.394366455078124,-5.481656218352914,-5.9399798320561645,5.553240276095271
1789453549888305400,18.404305419921876,-5.539077310708165,-5.844819668415188,5.597059544077515
1789453549898245600,18.41424560546875,-5.598160198795795,-5.750780617758632,5.6355573247760535
1789453549908185600,18.424185546875,-5.654962866991758,-5.658557092091441,5.672081175053119
1789453549918124500,18.43412451171875,-5.717618937391042,-5.571248226472735,5.695644421470165
1789453549928064500,18.444064453125,-5.783591000470519,-5.485545042484999,5.712197496864199
1789453549938004500,18.45400439453125,-5.8478182657092805,-5.396103256490826,5.731970118826627
1789453549947944000,18.46394384765625,-5.920481350859999,-5.300443326634168,5.746617652860284
1789453549957884000,18.4738837890625,-5.994818506702781,-5.198929994574189,5.7622594586282965
1789453549967823600,18.48382373046875,-6.070095573744178,-5.093724237737059,5.7773991600930685
1789453549977762800,18.4937626953125,-6.149573015084862,-4.984640178161859,5.788481110599637
1789453549987702800,18.503702880859375,-6.2320654203325505,-4.872516897021233,5.7957198296815156
1789453549997642800,18.513642822265624,-6.321848567110299,-4.760050793792307,5.791936219489574
1789453550007582000,18.52358203125,-6.4129223382204765,-4.647658340321481,5.7830824664264915
1789453550017522000,18.53352197265625,-6.503671115159988,-4.537491746206581,5.769210008418559
1789453550027460900,18.5434609375,-6.591901187276839,-4.42865377034694,5.753633669102191
1789453550037401000,18.553401123046875,-6.66741440116167,-4.321065502287447,5.748424994543194
1789453550047340800,18.5633408203125,-6.73966481385827,-4.217520956660807,5.741064694908261
1789453550057279700,18.57327978515625,-6.808887403166294,-4.122693678236008,5.728244376301765
1789453550067220000,18.583219970703126,-6.869247471582889,-4.039158778198063,5.715684169936179
1789453550077160000,18.593159912109375,-6.917765711036324,-3.962872826375067,5.710563758182525
1789453550087099000,18.603098876953126,-6.953577613651752,-3.8944910718053576,5.714108298921585
1789453550097038800,18.613038818359374,-6.973965152642131,-3.8353403791785237,5.729250338473916
1789453550106978800,18.622978759765626,-6.991079369050264,-3.7799776806578036,5.745168038573861
1789453550116917800,18.632917724609374,-6.990838546031713,-3.731206635487079,5.777250107011199
1789453550126857700,18.642857666015626,-6.976360523346066,-3.6963580249458547,5.8170192228198045
1789453550136797000,18.652796875,-6.962111633241176,-3.6797076266571875,5.844584106093644
1789453550146737000,18.66273681640625,-6.938952875971793,-3.6799376360207794,5.87191459608972
1789453550156676900,18.6726767578125,-6.909372561222314,-3.686876203112304,5.902367602020502
1789453550166616000,18.682615966796874,-6.877122150480747,-3.696350426161289,5.934015955215692
1789453550176555800,18.6925556640625,-6.845678379946946,-3.71040145560652,5.961541675522923
1789453550186495700,18.702495849609374,-6.8153960544079535,-3.728079151116311,5.985163374128938
1789453550196435000,18.71243505859375,-6.788169609308242,-3.747360482430458,6.004033494293689
1789453550206375000,18.722375,-6.763671127867698,-3.767390586285293,6.019129356616735
1789453550216315000,18.73231494140625,-6.742821816584468,-3.790260882002115,6.028160219812393
1789453550226253800,18.74225390625,-6.726047207394242,-3.8165959312200544,6.030276773574948
1789453550236193800,18.75219384765625,-6.71100161395371,-3.847431214466691,6.027449441194534
1789453550246133800,18.7621337890625,-6.694889852586388,-3.8868133767843243,6.02009089512527
1789453550256072700,18.77207275390625,-6.676660368412732,-3.937713542938232,6.007245442077517
1789453550266013000,18.782012939453125,-6.654907386288047,-3.999865463207662,5.990296060842275
1789453550275951900,18.791951904296877,-6.62836132466793,-4.07460915402472,5.9693158166557545
1789453550285891800,18.801891845703125,-6.5971309046238655,-4.161532819718122,5.943896128717064
1789453550295831800,18.811831787109377,-6.557828821805119,-4.261143533027171,5.916751516681909
1789453550305770800,18.821770751953125,-6.508987341746687,-4.374239750853181,5.888076041817665
1789453550315710700,18.831710693359376,-6.448968049591779,-4.5010076434180135,5.8585062484621995
1789453550325651000,18.84165087890625,-6.378494583439827,-4.638813062825799,5.828083637669682
1789453550335590000,18.85158984375,-6.303108795326948,-4.783119826951623,5.793356023159623
1789453550345529900,18.86152978515625,-6.223312205034494,-4.932034377133846,5.754632032489776
1789453550355469800,18.8714697265625,-6.141213183018565,-5.0836587707966565,5.710715149351954
1789453550365409000,18.881408935546876,-6.059176704844832,-5.237300934022665,5.659278976625203
1789453550375348700,18.8913486328125,-5.9766901448160406,-5.390937252029777,5.60244006807208
1789453550385289000,18.9012890625,-5.891008003616332,-5.543852854546905,5.5436547016263
1789453550395228000,18.911227783203124,-5.80442102253139,-5.695816270905733,5.480582451641559
1789453550405167900,18.92116796875,-5.721032545226812,-5.844972813150286,5.410777094009518
1789453550415106800,18.93110693359375,-5.6390796536833045,-5.991958441096544,5.335499442446231
1789453550425047000,18.941047119140624,-5.558206958591938,-6.136689568114281,5.255260953605175
1789453550434986800,18.95098681640625,-5.478984368795156,-6.2786231733679765,5.170104297584295
1789453550444925700,18.96092578125,-5.400245178601145,-6.419352663528919,5.079329801681637
1789453550454866000,18.970865966796875,-5.323240849375725,-6.558156154063344,4.982377493926882
1789453550464806000,18.980805908203124,-5.250341032859683,-6.693516810667514,4.878640640598535
1789453550474744800,18.990744873046875,-5.18096763690412,-6.8233777008116245,4.7717365554109215
1789453550484685000,19.00068505859375,-5.1142655059844255,-6.948465969726443,4.66191862860322
1789453550494624800,19.010624755859375,-5.053311563327909,-7.067752858886123,4.547674994307756
1789453550504563700,19.020563720703127,-4.997400291013717,-7.18060825369358,4.4311666299507015
1789453550514504000,19.03050390625,-4.943556472623348,-7.287536596539616,4.315484779545664
1789453550524444000,19.04044384765625,-4.886458913134038,-7.3894509106159205,4.2058188284292815
1789453550534382800,19.0503828125,-4.825406770800054,-7.488892112576961,4.0990687647596
1789453550544323000,19.060322998046875,-4.763431668402254,-7.585752065873145,3.9920571275442835
1789453550554262800,19.0702626953125,-4.699080776783823,-7.679788778442144,3.8871380786940453
1789453550564201700,19.08020166015625,-4.632083170048892,-7.771287496966123,3.7843440591737627
1789453550574142000,19.090141845703126,-4.558959189388156,-7.861408497396111,3.6857185575097797
1789453550584081000,19.100080810546874,-4.479188902580738,-7.951505532428622,3.5889866145074367
1789453550594020900,19.110020751953126,-4.401136525607109,-8.037738877770304,3.492158225393295
1789453550603960800,19.1199609375,-4.326901076573133,-8.118479470914602,3.3968557306721805
1789453550613900000,19.129900146484374,-4.253391019204258,-8.194718076464534,3.3053988054633137
1789453550623839700,19.13983984375,-4.178861555659771,-8.265959604379534,3.222023479901254
1789453550633779700,19.14977978515625,-4.102609213845431,-8.332799097943305,3.146975545440614
1789453550643719000,19.159718994140626,-4.02302275917232,-8.395899404978751,3.0813226313129065
1789453550653659000,19.169658935546874,-3.9440573590070005,-8.454467913803457,3.0227085297808047
1789453550663598800,19.179598876953126,-3.872296775653958,-8.506768594405054,2.9682644074097273
1789453550673538000,19.1895380859375,-3.8100109998717904,-8.552687465015053,2.916456771022081
1789453550683477800,19.199477783203125,-3.753311792050302,-8.593512227356433,2.8696017886057494
1789453550693417700,19.209417724609374,-3.7002813358694313,-8.629954829090833,2.828816773752868
1789453550703357000,19.21935693359375,-3.6544954439893362,-8.660177533397079,2.7957790120258927
1789453550713297000,19.229296875,-3.6182957111001013,-8.683065657031536,2.7717726980164645
1789453550723235800,19.23923583984375,-3.5919860885843633,-8.698526845535635,2.757480261030793
1789453550733175800,19.24917578125,-3.5762039975628253,-8.706708398425578,2.7521602350518104
1789453550743115800,19.25911572265625,-3.5701126949504016,-8.709087987038492,2.752542220106721
1789453550753055000,19.269054931640625,-3.572849718698859,-8.70715263506174,2.755111778333783
1789453550762994700,19.27899462890625,-3.5823832707196472,-8.701540640398859,2.7604487554475665
1789453550772935000,19.288934814453125,-3.598786708509922,-8.691568112438917,2.770522405694425
1789453550782873900,19.298873779296876,-3.620879297852516,-8.67722219170034,2.7866481955870985
1789453550792813800,19.308813720703125,-3.646143795229494,-8.658091374772786,2.8130861206576228
1789453550802754000,19.318754150390625,-3.6741599294021725,-8.634424083459377,2.849158135513961
1789453550812693000,19.32869287109375,-3.703778822596371,-8.607564133584498,2.8917572140514847
1789453550822632700,19.3386328125,-3.7334777952894567,-8.5791581233114,2.9376167556896804
1789453550832573000,19.348572998046876,-3.763270583745837,-8.549625154834985,2.9853122805833814
1789453550842512000,19.358511962890624,-3.7923528858453035,-8.519359780430793,3.034629269199073
1789453550852451800,19.368451904296876,-3.8221667170897122,-8.488405839240551,3.083566903108358
1789453550862390800,19.378390869140624,-3.8553547009423372,-8.455876027035712,3.131257167305052
1789453550872331000,19.3883310546875,-3.895382175426185,-8.41988701428771,3.1783439126506448
1789453550882270700,19.398270751953124,-3.9427237723156807,-8.380147709095478,3.2246555819705125
1789453550892209700,19.408209716796875,-3.993302743691206,-8.338819673407077,3.2692502182394265
1789453550902150000,19.41814990234375,-4.040784625834227,-8.298304707667231,3.3136955091655254
1789453550912089900,19.42808984375,-4.081432570303976,-8.260138935402034,3.358926105250418
1789453550922028800,19.43802880859375,-4.115286324588954,-8.224071012198925,3.405800961410999
1789453550931969000,19.447968994140624,-4.145847174808383,-8.188269046455622,3.4546500402539966
1789453550941908700,19.45790869140625,-4.175981031787395,-8.150656231898068,3.5068989906683563
1789453550951847400,19.467847412109375,-4.2063364225625985,-8.110213162350654,3.5639211468338963
1789453550961787400,19.477787353515627,-4.236816316500306,-8.066914118850232,3.6255598568841814
1789453550971727400,19.487727294921875,-4.265839289627969,-8.021790198010205,3.6910534887969493
1789453550981666300,19.497666259765627,-4.294121381260455,-7.974676564657687,3.7597090918719767
1789453550991606500,19.5076064453125,-4.3253035782486196,-7.924953625589609,3.8284813070639965
1789453551001545500,19.51754541015625,-4.363729755015671,-7.87194684254527,3.8936730334207414
1789453551011485400,19.5274853515625,-4.411536046807468,-7.814846068185568,3.9543551733985542
1789453551021425200,19.537425048828126,-4.466608237949013,-7.753946486064791,4.011992246592045
1789453551031364400,19.5473642578125,-4.52121222705692,-7.690052398303151,4.073341033785045
1789453551041304300,19.55730419921875,-4.571582231856882,-7.623220503523945,4.142163225598633
1789453551051244300,19.567244384765626,-4.618201359690725,-7.552258961594104,4.219713790529966
1789453551061183500,19.57718359375,-4.662741927684843,-7.476765036931633,4.304323334062099
1789453551071123500,19.58712353515625,-4.707753328061104,-7.397075414144992,4.392124659372866
1789453551081063200,19.597063232421874,-4.756666704311967,-7.313852356535196,4.4779523465231055
1789453551091002400,19.60700244140625,-4.811143267647922,-7.226829322120547,4.56028342372924
1789453551100942300,19.6169423828125,-4.873780341085792,-7.1352458479225636,4.637340067663788
1789453551110882300,19.62688232421875,-4.944999072647095,-7.039062186452746,4.708394256313145
1789453551120821500,19.636821533203126,-5.02145395129621,-6.938416284877062,4.776375613388419
1789453551130761500,19.646761474609374,-5.0992175744563335,-6.834294231623411,4.843633332364261
1789453551140700400,19.656700439453125,-5.1768327290564775,-6.727026866081356,4.911002695021033
1789453551150640000,19.66664013671875,-5.25422576533854,-6.615909839373827,4.979280696955323
1789453551160580400,19.676580322265625,-5.331998740848898,-6.501379204830527,5.047008079269528
1789453551170519300,19.686519287109373,-5.410882307949662,-6.384788130626082,5.11147792109251
1789453551180459300,19.696459228515625,-5.489450817751884,-6.267719502037763,5.172234295350313
1789453551190399500,19.7063994140625,-5.5713271369278425,-6.1509787902295585,5.224570631787181
1789453551200338400,19.71633837890625,-5.656615310373902,-6.0345724249422545,5.2684933601439
1789453551210278400,19.7262783203125,-5.7440124387979505,-5.917936342552304,5.306104421135783
1789453551220218400,19.73621826171875,-5.832267645356059,-5.799114148294925,5.340909192535281
1789453551230157300,19.7461572265625,-5.91980973520875,-5.678326206922531,5.374277793651819
1789453551240097300,19.75609716796875,-6.010514673006535,-5.555690007334947,5.401707652369141
1789453551250037500,19.76603759765625,-6.104672381606698,-5.4316082851141685,5.422267040795088
1789453551259976400,19.7759765625,-6.2021782315909855,-5.308336710232496,5.433682753300666
1789453551269916400,19.78591650390625,-6.301253522849082,-5.1851037137955425,5.438685091632604
1789453551279855400,19.79585546875,-6.40284459632039,-5.061164030393958,5.436781303837895
1789453551289795300,19.80579541015625,-6.505528141203523,-4.936249364480376,5.429723786541819
1789453551299735300,19.8157353515625,-6.609868805643916,-4.810438918770849,5.416615883165598
1789453551309674200,19.82567431640625,-6.713641899329423,-4.682990642726421,5.400644407051801
1789453551319614500,19.835614501953124,-6.811641085788607,-4.558618997648358,5.384319295194745
1789453551329554400,19.845554443359376,-6.9005626473009585,-4.439222218373418,5.370840804940462
1789453551339493400,19.855493408203124,-6.978433237966895,-4.3272041511729356,5.361634000656008
1789453551349433300,19.865433349609376,-7.047883206290006,-4.222956133452057,5.3539089593619105
1789453551359373300,19.875373291015624,-7.109460833802819,-4.122356701366603,5.350905101370811
1789453551369312300,19.885312255859375,-7.1662114795506,-4.024829516333341,5.349444965690374
1789453551379252500,19.89525244140625,-7.222060792544483,-3.9338261801108714,5.342024460300803
1789453551389192400,19.9051923828125,-7.26908324048221,-3.8541494168058037,5.3363242028325795
1789453551399131400,19.91513134765625,-7.3044918229937545,-3.7842756701126694,5.337978984302282
1789453551409071400,19.9250712890625,-7.323757079955935,-3.7220515613898635,5.355303044068813
1789453551419010300,19.93501025390625,-7.333769355404376,-3.6642093210130926,5.381427665406465
1789453551428950300,19.9449501953125,-7.33585142237544,-3.609312486438453,5.415587709161639
1789453551438890500,19.954890380859375,-7.313286539345979,-3.5662320541247725,5.474324560290575
1789453551448829400,19.964829345703127,-7.289273795595765,-3.538704872512817,5.523987293604016
1789453551458769400,19.974769287109375,-7.261238956722616,-3.5296509207025166,5.566542240738868
1789453551468709400,19.98470947265625,-7.229793432623148,-3.5313936727166175,5.606220171132684
1789453551478648300,19.9946484375,-7.19750561248064,-3.5376112320572135,5.643724849140644
1789453551488588300,20.00458837890625,-7.167336684188246,-3.5480180597811937,5.675494782888889
1789453551498528500,20.014528564453126,-7.141570959290862,-3.564422958876192,5.697652254161238
1789453551508467500,20.024467529296874,-7.119702241832018,-3.5836923074916003,5.7129129516571755
1789453551518407400,20.034407470703126,-7.096693706688284,-3.605950024268031,5.727520738202333
1789453551528347100,20.04434716796875,-7.072442478007078,-3.632861412069201,5.740490694412589
1789453551538286300,20.054286376953126,-7.048112923392653,-3.6643753252297637,5.750378466698527
1789453551548226300,20.064226318359374,-7.024037051278352,-3.7004882566183803,5.756707085198164
1789453551558165200,20.074165283203126,-7.001703054395318,-3.7416838980987666,5.757288099956512
1789453551568105500,20.08410546875,-6.98041827430427,-3.7888574449449774,5.75227524023056
1789453551578045400,20.09404541015625,-6.958631974431872,-3.8449481654793023,5.741444634136557
1789453551587984400,20.103984375,-6.935149392035603,-3.9124306331217285,5.724247415620089
1789453551597924400,20.11392431640625,-6.907227950409054,-3.9930885164186356,5.702267054480314
1789453551607864300,20.1238642578125,-6.873551890778542,-4.087774925068021,5.675806917577981
1789453551617803300,20.13380322265625,-6.834561942648887,-4.194876286393404,5.6446559925109145
1789453551627743200,20.1437431640625,-6.789389506492018,-4.31141796849817,5.611258165299892
1789453551637683500,20.153683349609373,-6.734301240998506,-4.436956027007103,5.579698074910044
1789453551647622400,20.163622314453125,-6.669909140586853,-4.570171780537069,5.549438545724749
1789453551657562400,20.173562255859373,-6.596117343667149,-4.710945402100682,5.519841864362359
1789453551667502300,20.18350244140625,-6.5132987752050155,-4.858967387357354,5.489783995229005
1789453551677441300,20.193441162109377,-6.4246472628057,-5.012272865974903,5.456320117044449
1789453551687381200,20.20338134765625,-6.330698813042044,-5.171678999555111,5.417230800193548
1789453551697320400,20.213320556640625,-6.2338762691467995,-5.336711156323552,5.369236876875162
1789453551707260400,20.223260498046876,-6.1401189580410716,-5.50344485631287,5.308621956914663
1789453551717200400,20.233200439453125,-6.048984981176257,-5.667740515500307,5.2399347896575925
1789453551727139600,20.2431396484375,-5.954352640801668,-5.828788571068644,5.17119501543045
1789453551737079300,20.253079345703124,-5.85496229224503,-5.988233283093571,5.1020419842272995
1789453551747019300,20.263019287109376,-5.7571834705382585,-6.14601386129856,5.025113058325648
1789453551756958200,20.272958251953124,-5.668364784878492,-6.298432035687566,4.936580203869939
1789453551766898400,20.2828984375,-5.58578587039113,-6.443286496824026,4.842871992602944
1789453551776838400,20.29283837890625,-5.504982148882746,-6.582089987358451,4.747805936986207
1789453551786777300,20.30277734375,-5.426351679760217,-6.715897569301724,4.649923654904962
1789453551796717300,20.31271728515625,-5.354015926867723,-6.8442837107181544,4.545397989286482
1789453551806656300,20.32265625,-5.2921834478110075,-6.964783482798934,4.43338898217529
1789453551816596200,20.33259619140625,-5.239665909588337,-7.075046523025631,4.319727531681955
1789453551826536400,20.342536376953124,-5.1851609969407315,-7.179331657886505,4.212092501871288
1789453551836475400,20.352475341796875,-5.126059404152631,-7.280805826979875,4.108989854793251
1789453551846415400,20.362415283203124,-5.066727509739994,-7.378518013191223,4.007008320699632
1789453551856355300,20.372355224609375,-5.004695708718896,-7.474540931141376,3.9057188605234026
1789453551866294300,20.382294189453123,-4.937151866278052,-7.570771938884258,3.805039348939061
1789453551876234200,20.392234130859375,-4.862669456745684,-7.668226350942254,3.704478203037381
1789453551886173200,20.402173095703127,-4.7837321136310695,-7.7666878942161794,3.600672083865106
1789453551896113400,20.412113525390627,-4.704665591178834,-7.862517919942736,3.4953289643839
1789453551906053400,20.422053466796875,-4.6245279323637485,-7.953351452556252,3.39533626601994
1789453551915992300,20.431992431640627,-4.5385532379582525,-8.040380332189798,3.3051772716671226
1789453551925932300,20.441932373046875,-4.452305864091217,-8.123302945548296,3.218591459625959
1789453551935872300,20.451872314453126,-4.371656164100766,-8.200417164888977,3.1324376092612742
1789453551945811000,20.46181103515625,-4.2907714863106605,-8.273366665765643,3.0514082623034713
1789453551955751000,20.4717509765625,-4.20840563005209,-8.342768118771911,2.97623231754899
1789453551965691100,20.481691162109374,-4.127636687596142,-8.40623492103219,2.910017677885294
1789453551975630000,20.491630126953126,-4.051737104742228,-8.463180797091127,2.8510329894751307
1789453551985570000,20.501570068359374,-3.9835777607515452,-8.513627374258636,2.7963547660872337
1789453551995509200,20.51150927734375,-3.9252804700836537,-8.557855807563662,2.74329333024621
1789453552005449000,20.521448974609374,-3.872787774041295,-8.598241009443997,2.691121828982234
1789453552015389000,20.531388916015626,-3.823834650301933,-8.634616975682974,2.644253694823384
1789453552025327900,20.541327880859374,-3.783340142828226,-8.664396027874947,2.6047932065725323
1789453552035268000,20.55126806640625,-3.755686996749043,-8.685234817764162,2.5752462095707656
1789453552045208000,20.5612080078125,-3.7429312678113575,-8.696027429935336,2.557338504697382
1789453552055147000,20.57114697265625,-3.745131992726028,-8.697572321289778,2.5488462784230705
1789453552065087000,20.5810869140625,-3.7572041233137248,-8.692418007266522,2.5486653688982126
1789453552075027000,20.59102685546875,-3.773140235853195,-8.683117094957828,2.5568083433434365
1789453552084966000,20.6009658203125,-3.7892286163449285,-8.67106776072383,2.5738579700827597
1789453552094906000,20.610906005859373,-3.8036750748485324,-8.656576878556608,2.601172385726869
1789453552104845000,20.620844970703125,-3.8170620874270793,-8.638529180690645,2.641249836832285
1789453552114785000,20.630784912109377,-3.8321830841913815,-8.615607154786586,2.6937089228659867
1789453552124725000,20.64072509765625,-3.8507252875760196,-8.588125858142972,2.754338455873728
1789453552134664000,20.650663818359376,-3.8737002127110958,-8.557183022868633,2.8177076429784296
1789453552144604000,20.66060400390625,-3.9010099521800874,-8.523926065433026,2.880141595059633
1789453552154544000,20.670544189453125,-3.9302363389253614,-8.489063426366448,2.942693912823498
1789453552164483000,20.680483154296876,-3.9585885731846093,-8.452658234032988,3.0087378720954057
1789453552174423000,20.690423095703125,-3.986004403376579,-8.4142539768368,3.079362437155843
1789453552184362000,20.700362060546876,-4.013473425060511,-8.37294639941454,3.1553467756837605
1789453552194302200,20.71030224609375,-4.040130838100612,-8.32891261189878,3.2368159753635526
1789453552204242000,20.720241943359376,-4.06946974530965,-8.28211754297614,3.3190903539463874
1789453552214180900,20.730180908203124,-4.103495641291142,-8.233117072963713,3.398156584137678
1789453552224121000,20.74012109375,-4.139135109949112,-8.184069256678223,3.472595739050209
1789453552234061000,20.75006103515625,-4.171862198291719,-8.138184288337825,3.5406051531761884
1789453552244000000,20.76,-4.199967472052574,-8.097210472914576,3.600810323292017
1789453552253940200,20.769940185546876,-4.2265889369964595,-8.06023770982623,3.6522400662779804
1789453552263879200,20.779879150390624,-4.255615417255461,-8.025982389003039,3.6937440430551765
1789453552273819000,20.78981884765625,-4.288138799719512,-7.993839530289173,3.7256992702424525
1789453552283759000,20.799759033203124,-4.321262193903327,-7.963192463091016,3.7529496807396407
1789453552293698000,20.809697998046875,-4.351685681478679,-7.932904292333125,3.7818347067013383
1789453552303638000,20.819637939453123,-4.379522659692168,-7.901195148861408,3.8159240233078595
1789453552313578200,20.829578125,-4.4084322355732315,-7.86549488992691,3.856177415502071
1789453552323517200,20.83951708984375,-4.441190595836937,-7.825051235857606,3.90061306181699
1789453552333457000,20.849456787109375,-4.479296162347495,-7.781510200294852,3.9439033374890684
1789453552343395800,20.859395751953127,-4.523475788074731,-7.735361028060317,3.9840608680933713
1789453552353336000,20.869336181640627,-4.5752235109686845,-7.684867104619741,4.022500488863885
1789453552363276000,20.879276123046875,-4.6355569836393,-7.627178885760903,4.063023053388298
1789453552373215000,20.889215087890626,-4.702773493821919,-7.559400650042295,4.112149195607007
1789453552383155200,20.8991552734375,-4.7722120639681815,-7.481610723397135,4.17394952595979
1789453552393095000,20.909094970703126,-4.839016778479516,-7.397470550942421,4.246374710701406
1789453552403033900,20.919033935546874,-4.90182248648256,-7.3089271750926965,4.3269037069216365
1789453552412974000,20.92897412109375,-4.965757783037424,-7.216437107443809,4.408481919933855
1789453552422913000,20.9389130859375,-5.037471020117402,-7.118276008421182,4.486027224168181
1789453552432853000,20.94885302734375,-5.118877968215942,-7.014626248854398,4.556585153733193
1789453552442793200,20.958793212890626,-5.205038832843304,-6.908585794758796,4.620544415685535
1789453552452732200,20.968732177734374,-5.293364766550064,-6.801608936595916,4.678545938277244
1789453552462672000,20.978671875,-5.383753478005528,-6.692489805707335,4.732460191555321
1789453552472612000,20.988612060546874,-5.4742871508896345,-6.580192044782638,4.785775309896469
1789453552482551000,20.998551025390626,-5.562500856393576,-6.4646151160568,4.84125695862174
1789453552492491000,21.008490966796874,-5.64815084888935,-6.347178238677978,4.897154494671523
1789453552502431000,21.018430908203126,-5.732737011545896,-6.228886790296435,4.950462014228105
1789453552512370200,21.0283701171875,-5.818036875429749,-6.109111240836977,4.999956989759206
1789453552522310100,21.03831005859375,-5.904614504164457,-5.986898819619417,5.046079273986816
1789453552532249000,21.0482490234375,-5.98967237598598,-5.86294510769248,5.091181567516923
1789453552542189000,21.05818896484375,-6.0718164061874145,-5.739897404694557,5.133902518868446
1789453552552129000,21.06812890625,-6.151335933104157,-5.618823632118105,5.1730380129486315
1789453552562068000,21.07806787109375,-6.231320154923201,-5.498918318799138,5.206049471190571
1789453552572008200,21.08800830078125,-6.313058526933193,-5.378095890635252,5.233711969619989
1789453552581948200,21.0979482421875,-6.39254941227734,-5.256767851036787,5.260431634241343
1789453552591887000,21.10788720703125,-6.4715966455072165,-5.136682504975796,5.282357050323486
1789453552601827000,21.1178271484375,-6.5505158684432505,-5.0163212645828725,5.300722728097439
1789453552611766000,21.12776611328125,-6.633609746715426,-4.893021924911439,5.312617748552561
1789453552621706000,21.1377060546875,-6.724517513608932,-4.766013501589,5.313790299463272
1789453552631646000,21.14764599609375,-6.8193269641160965,-4.638389284455776,5.305891070646047
1789453552641585200,21.157585205078124,-6.913070831218361,-4.517224910986423,5.2890954186677925
1789453552651525000,21.167525146484376,-6.99882662217617,-4.404355195392668,5.271472668215632
1789453552661464800,21.17746484375,-7.074936048388481,-4.2964796348243945,5.258889080974459
1789453552671404000,21.187404052734376,-7.1416475316584105,-4.1976363987565035,5.248534860220551
1789453552681344000,21.197343994140624,-7.195335282704233,-4.110476878480613,5.2441854328393935
1789453552691283000,21.207282958984376,-7.236552259233593,-4.028568702861667,5.2510290151238435
1789453552701223200,21.21722314453125,-7.272257778865098,-3.9477150047317147,5.263099392145872
1789453552711163100,21.2271630859375,-7.304080904105305,-3.8713948583781717,5.275708698350191
1789453552721102000,21.23710205078125,-7.324410575428605,-3.80277520339936,5.297383354541659
1789453552731042000,21.2470419921875,-7.328127550125122,-3.7393417188867923,5.337251839071512
1789453552740982000,21.25698193359375,-7.321575644263625,-3.683186993205547,5.38507449747622
1789453552750921000,21.2669208984375,-7.309926123002171,-3.6423832736521957,5.428482262048125
1789453552760861000,21.27686083984375,-7.28751146209836,-3.6234012175455685,5.471149437385797
1789453552770800000,21.286800048828123,-7.255520579075813,-3.6201729031488297,5.515628630581498
1789453552780740000,21.296739990234375,-7.2118819283574815,-3.6252938994243737,5.569240978303552
1789453552790679800,21.3066796875,-7.170580780676007,-3.6351378325685855,5.615950122508407
1789453552800619000,21.316618896484375,-7.1357719176232814,-3.6496105945572257,5.65079931757152
1789453552810559000,21.32655908203125,-7.104356204140186,-3.6728964853376147,5.675236424213647
1789453552820499000,21.3364990234375,-7.0776757024854415,-3.7047140576198694,5.687880217209458
1789453552830438100,21.346438232421875,-7.052988420474529,-3.7445591612741347,5.6924541009962555
1789453552840378000,21.356378173828126,-7.03062461297512,-3.788310040195286,5.691173413535952
1789453552850317000,21.366317138671874,-7.012250167372822,-3.8357860771194097,5.6820285685718055
1789453552860257000,21.376257080078126,-6.993837727847695,-3.8936712798550723,5.66532819366157
1789453552870197000,21.386197021484374,-6.9735261767029755,-3.9607492583498356,5.643825971427559
1789453552880136000,21.396135986328126,-6.948239759755134,-4.039435257051885,5.619190711864829
1789453552890076000,21.406075927734374,-6.918535526365042,-4.130286909843981,5.58972145627439
1789453552900016000,21.41601611328125,-6.884844853687286,-4.233913288535177,5.553669315162301
1789453552909955000,21.425955078125,-6.848304052275419,-4.348806618911028,5.509900900584459
1789453552919895000,21.43589501953125,-6.806175221598148,-4.476058495600522,5.459973963376879
1789453552929834200,21.445834228515626,-6.75423168387115,-4.614445806549489,5.409029373559355
1789453552939774000,21.45577392578125,-6.693415688380599,-4.759876606269181,5.3583735375553365
1789453552949714000,21.4657138671875,-6.625891719684004,-4.910870008552074,5.305781765052676
1789453552959652900,21.47565283203125,-6.551725828754901,-5.067065947914124,5.250729155394435
1789453552969592800,21.4855927734375,-6.4719163789808745,-5.222623589372635,5.19700750207901
1789453552979531800,21.49553173828125,-6.3905088463604445,-5.3738545998036855,5.143292863026261
1789453552989472000,21.505471923828125,-6.307926424741745,-5.520456781390309,5.089699220004677
1789453552999411700,21.51541162109375,-6.223267781370878,-5.665989287918806,5.033671043312549
1789453553009350700,21.5253505859375,-6.133427351447939,-5.814433882501721,4.974317521589994
1789453553019291000,21.535290771484377,-6.039945350152253,-5.968371813803911,4.905915016493201
1789453553029230800,21.54523095703125,-5.945724513188004,-6.127077105638384,4.8246983302697535
1789453553039169800,21.555169677734376,-5.854799795159697,-6.286629954212904,4.729690142320096
1789453553049110000,21.565110107421877,-5.766239468175172,-6.441537022808194,4.628979651075602
1789453553059049000,21.575049072265625,-5.675877644726634,-6.5906286831229925,4.529729587772488
1789453553068989000,21.584989013671876,-5.586489050224423,-6.734040544235706,4.428797854992747
1789453553078929000,21.594928955078124,-5.501352852469682,-6.868644829514622,4.327497873422503
1789453553088867800,21.604867919921876,-5.416601854640245,-6.9965691986382,4.228338995534181
1789453553098807800,21.614807861328124,-5.3288084203749895,-7.120803481072187,4.1313858109965915
1789453553108748000,21.624748046875,-5.23773874091804,-7.238978609597683,4.041495404452085
1789453553118687000,21.63468701171875,-5.145115986800193,-7.350635150009393,3.958067179659009
1789453553128627000,21.644626953125,-5.057321383491158,-7.456821734577417,3.8716529247924685
1789453553138566000,21.65456591796875,-4.978771578389406,-7.557318583071232,3.777459852617979
1789453553148505900,21.664505859375,-4.902719435322284,-7.654833200883865,3.6792996303781864
1789453553158445800,21.67444580078125,-4.823327334177494,-7.752301056945323,3.578795475360751
1789453553168384800,21.684384765625,-4.742870234149694,-7.848447309014201,3.4752646659985182
1789453553178325000,21.694324951171875,-4.661558855380117,-7.9405790647447105,3.374530793878436
1789453553188265000,21.704264892578124,-4.580482454410195,-8.02765704421699,3.27815833183825
1789453553198204000,21.714203857421875,-4.500008403247595,-8.11057673496604,3.184159905453026
1789453553208144000,21.724143798828123,-4.421421481005847,-8.1901576366812,3.089134181846678
1789453553218082800,21.734082763671875,-4.345115947699546,-8.265114970248938,2.996371142475307
1789453553228022800,21.744022705078127,-4.270153061173856,-8.333731994879246,2.912913691587746
1789453553237963000,21.753962890625,-4.195793985760211,-8.396468144777417,2.839898724259436
1789453553247902000,21.76390185546875,-4.120542637681961,-8.454360361775755,2.7776459739640353
1789453553257842000,21.773842041015627,-4.046308649952709,-8.50886702798903,2.719724530871212
1789453553267782000,21.783781982421875,-3.979314842610061,-8.560418351528048,2.656059575690329
1789453553277720800,21.793720947265626,-3.920860023292899,-8.607790343555807,2.589051739822328
1789453553287660800,21.803660888671875,-3.866437820492685,-8.650189807868003,2.528887778499722
1789453553297599700,21.813599853515626,-3.8126922017797824,-8.68777456537485,2.481205989870429
1789453553307540000,21.8235400390625,-3.765736681598425,-8.719041225776076,2.442937926274538
1789453553317480000,21.83347998046875,-3.7343174609839913,-8.741685603782534,2.410016922795027
1789453553327419000,21.8434189453125,-3.718077981583774,-8.75605548991859,2.3828058213949204
1789453553337358800,21.85335888671875,-3.7114126784756776,-8.764319460394978,2.362731293876469
1789453553347297800,21.8632978515625,-3.71014017432183,-8.767565310448408,2.3526707953721284
1789453553357237800,21.87323779296875,-3.7138635787591334,-8.765776673465966,2.353451424355805
1789453553367178000,21.883177978515626,-3.7246678813681005,-8.758194840034841,2.3645783830478786
1789453553377117000,21.893116943359374,-3.7426258551239964,-8.74555221608281,2.3829477140836417
1789453553387057000,21.903056884765626,-3.7649867400139567,-8.729524041345716,2.4063863112077115
1789453553396996900,21.912996826171874,-3.787577049745619,-8.711748146158456,2.435175183318555
1789453553406935800,21.922935791015625,-3.8065325101062655,-8.693026494553685,2.472247607389092
1789453553416875800,21.932875732421873,-3.822038706795871,-8.672149710741639,2.5211586455523967
1789453553426814700,21.942814697265625,-3.8372351068839428,-8.6484046780169,2.5789745824441312
1789453553436755000,21.9527548828125,-3.855327228413522,-8.621278186160325,2.6420404026880857
1789453553446695000,21.96269482421875,-3.8806776505082845,-8.589205470073223,2.708554317559302
1789453553456633900,21.9726337890625,-3.9148242502599953,-8.551672735014558,2.7773022750928997
1789453553466574000,21.982573974609377,-3.9546325290352105,-8.510853233370185,2.845461911344528
1789453553476513000,21.992512939453125,-3.9954157903224226,-8.469985216408967,2.9097081735447046
1789453553486452700,22.00245263671875,-4.034195310571789,-8.430269876614213,2.9708889106944203
1789453553496393000,22.01239306640625,-4.069953729434311,-8.39208013895154,3.0296587873101233
1789453553506332000,22.022331787109376,-4.104422985269129,-8.353969896265864,3.087931235797703
1789453553516271900,22.03227197265625,-4.13967023973912,-8.313914949253201,3.148384827716648
1789453553526212000,22.042212158203125,-4.173387508162856,-8.27154237294793,3.214780376905203
1789453553536151000,22.052151123046876,-4.203081804680824,-8.228097783496976,3.286772723187506
1789453553546090800,22.0620908203125,-4.229797669909894,-8.184488358873129,3.360553998713195
1789453553556029700,22.07202978515625,-4.25787400983721,-8.140701239594817,3.430721175394952
1789453553565970000,22.081969970703124,-4.293647918529809,-8.095531726047396,3.492473574952781
1789453553575910000,22.091909912109376,-4.338680069433153,-8.04815155071318,3.5459091048032043
1789453553585848800,22.101848876953124,-4.387928961248695,-7.998927793338894,3.596339899879694
1789453553595789000,22.1117890625,-4.435175281070173,-7.9482439002841705,3.6503505992695686
1789453553605728800,22.121728759765624,-4.477187499630451,-7.895586076807975,3.7128061786606907
1789453553615667700,22.131667724609375,-4.51336209807843,-7.840846770882606,3.784317171166837
1789453553625608000,22.14160791015625,-4.546730991455912,-7.782568769437074,3.8638364058226347
1789453553635547000,22.151546875,-4.580744320216775,-7.720107929348945,3.948048474469781
1789453553645486800,22.16148681640625,-4.619640452583134,-7.6531059386998415,4.032274863903225
1789453553655427000,22.171427001953123,-4.665476028823853,-7.582191743043064,4.112671465915441
1789453553665366000,22.181365966796875,-4.718145250476897,-7.507890243035554,4.188202507717907
1789453553675305700,22.1913056640625,-4.774647474421561,-7.430358675065636,4.261797320760786
1789453553685244700,22.20124462890625,-4.83108364739269,-7.349127083534002,4.338354490740597
1789453553695185000,22.211184814453127,-4.8867751394763586,-7.262582772547006,4.420937496881186
1789453553705124900,22.221124755859375,-4.944664726126193,-7.1701008882045745,4.506697671753168
1789453553715063800,22.231063720703126,-5.0052171022444965,-7.071335978069901,4.5950417256385085
1789453553725004000,22.241004150390626,-5.065982244330645,-6.968030501896142,4.685377830123901
1789453553734943700,22.25094384765625,-5.1250312301486725,-6.863401083642244,4.774739828880131
1789453553744883000,22.260883056640626,-5.184848862251639,-6.759073863205313,4.85825573195666
1789453553754823000,22.270822998046874,-5.251373883038759,-6.653373600849509,4.932147774380446
1789453553764761900,22.280761962890626,-5.325282584336399,-6.544373712426424,4.998295194026827
1789453553774701800,22.290701904296874,-5.404920184674859,-6.432846935874223,5.057240134948492
1789453553784642000,22.30064208984375,-5.485823859426379,-6.3207619409173725,5.111173385187983
1789453553794581000,22.3105810546875,-5.566331812858581,-6.210716342833638,5.158813672763109
1789453553804521000,22.32052099609375,-5.647247762569785,-6.1021378946930165,5.200277317529917
1789453553814460700,22.330460693359374,-5.731206733238697,-5.994561901593208,5.233437828853726
1789453553824400000,22.34039990234375,-5.816821654421091,-5.886831010192632,5.261197357916831
1789453553834339800,22.35033984375,-5.901641041311621,-5.77926320039928,5.285935493332147
1789453553844278800,22.36027880859375,-5.987293956416845,-5.670298967811465,5.30758326151669
1789453553854219000,22.370218994140625,-6.0753399041384455,-5.558930596691369,5.3253077187776565
1789453553864159000,22.380158935546874,-6.1683776687979694,-5.444042819273472,5.337032643362879
1789453553874098000,22.390097900390625,-6.265446296408772,-5.326694204699993,5.342371081781387
1789453553884038000,22.400037841796873,-6.364674147880077,-5.20872015170455,5.341401944488287
1789453553893976800,22.409976806640625,-6.468160825839639,-5.091802914285659,5.329807368284464
1789453553903916800,22.419916748046877,-6.5686483219832175,-4.97792402164936,5.3144671758115285
1789453553913856800,22.429856689453125,-6.665322397318482,-4.868247841399908,5.295660184010863
1789453553923796000,22.4397958984375,-6.756149500191212,-4.758956568814813,5.279881600120663
1789453553933736000,22.44973583984375,-6.833357243034243,-4.647901209166646,5.279457237228751
1789453553943675600,22.459675537109376,-6.906662717741727,-4.540005774854123,5.27794800170958
1789453553953615600,22.46961572265625,-6.976625311762094,-4.438902484899759,5.271928010767698
1789453553963555600,22.4795556640625,-7.039734386625885,-4.344936499479413,5.26631075540781
1789453553973494800,22.489494873046876,-7.104924943938851,-4.259367755526304,5.248637736073136
1789453553983434800,22.499434814453124,-7.162914191570877,-4.185768266308307,5.228997216057777
1789453553993374500,22.50937451171875,-7.209775311467051,-4.122431227907538,5.2148891957283015
1789453554003313700,22.519313720703124,-7.244750178736448,-4.065505517853796,5.211105585536361
1789453554013253600,22.529253662109376,-7.260684245449304,-4.014362190593779,5.228554148465395
1789453554023192600,22.539192626953124,-7.269167996156216,-3.9676036542892454,5.252399718955159
1789453554033132500,22.549132568359376,-7.269759532308578,-3.922659181669354,5.285234651586413
1789453554043072800,22.55907275390625,-7.256305591973662,-3.8823704259008167,5.333259554564952
1789453554053011700,22.56901171875,-7.231904725688696,-3.853590906140208,5.386996405449509
1789453554062951700,22.57895166015625,-7.211843934434652,-3.8364743516445157,5.425975832185149
1789453554072891600,22.5888916015625,-7.188691022384166,-3.8318274026215073,5.459871087524294
1789453554082830600,22.59883056640625,-7.164597030091286,-3.83557126532495,5.488837654289603
1789453554092770600,22.6087705078125,-7.1421759394466875,-3.8428319039776917,5.512926385885477
1789453554102709800,22.618709716796875,-7.121157116815447,-3.8532778946682806,5.532786686131358
1789453554112649700,22.628649658203123,-7.101792491132021,-3.867751533439755,5.547561645936965
1789453554122589700,22.638589599609375,-7.085972406187653,-3.883794321224093,5.556574973475933
1789453554132528600,22.648528564453127,-7.069570137441158,-3.9030399967029688,5.5639820348620415
1789453554142468600,22.658468505859375,-7.049583580467105,-3.929087168890238,5.57099688206017
1789453554152408600,22.66840869140625,-7.02441465241909,-3.964396382680535,5.577773828849196
1789453554162347500,22.678347412109375,-6.996710652935504,-4.009458928722143,5.580380211955308
1789453554172287700,22.688287841796875,-6.970137703308462,-4.063807481764257,5.5743157973498105
1789453554182226700,22.698226806640626,-6.944478361395001,-4.125803919211029,5.560789376300573
1789453554192166700,22.708166748046875,-6.916781376174092,-4.196373246952891,5.542466368624567
1789453554202106600,22.718106689453126,-6.885400149482488,-4.277997929455339,5.519098352518677
1789453554212045600,22.728045654296874,-6.848198838335275,-4.373271490342915,5.49063330553472
1789453554221985500,22.737985595703126,-6.805140617853403,-4.481584273284674,5.456722268104553
1789453554231924700,22.7479248046875,-6.7582765753477805,-4.600454106076062,5.415898090285062
1789453554241864700,22.75786474609375,-6.707814216089249,-4.727855912630259,5.368707300043106
1789453554251804700,22.7678046875,-6.652468760964274,-4.861870707583427,5.31763645349741
1789453554261743600,22.77774365234375,-6.589205956843495,-5.003202255290747,5.265049941691756
1789453554271683600,22.78768359375,-6.517525452989339,-5.1500183718889945,5.212439464488625
1789453554281623600,22.79762353515625,-6.440536321333051,-5.298310990780592,5.159238620176911
1789453554291562500,22.8075625,-6.358484061068296,-5.447200991043448,5.105687062731385
1789453554301502700,22.817502685546874,-6.27376871907413,-5.59520485612154,5.050135271379351
1789453554311441700,22.827441650390625,-6.188266610616445,-5.742649333751201,4.989766435134411
1789453554321381600,22.837381591796873,-6.098379418942332,-5.891405478501319,4.926605922344327
1789453554331321600,22.847321533203125,-6.002547639650106,-6.041975979197025,4.861516195057332
1789453554341260500,22.857260498046877,-5.903387008196115,-6.192462893262505,4.7930976156085725
1789453554351200500,22.867200439453125,-5.802399161314964,-6.341702437615394,4.720735266970098
1789453554361139500,22.877139404296877,-5.704425109297037,-6.486741607668995,4.6424216087117784
1789453554371079700,22.88707958984375,-5.613217482674122,-6.625315965622663,4.557115022826195
1789453554381019600,22.89701953125,-5.526545161393284,-6.757638861966132,4.467885126017034
1789453554390958600,22.90695849609375,-5.445255702194571,-6.884454393064975,4.373089411774277
1789453554400898800,22.91689892578125,-5.365105476158857,-7.006447618573904,4.277349694679677
1789453554410838500,22.926838623046876,-5.286992308908701,-7.1236875120759,4.179856411916017
1789453554420777500,22.936777587890624,-5.213785618400573,-7.233961073696613,4.081258675041795
1789453554430717700,22.9467177734375,-5.144859381690621,-7.337589205953479,3.9825381885707376
1789453554440656600,22.95665673828125,-5.078651756289601,-7.434853648397326,3.885956175433099
1789453554450596600,22.9665966796875,-5.012607797017694,-7.527079512152075,3.793045836545527
1789453554460536800,22.976536865234376,-4.945421097451448,-7.617901354327797,3.698746965909004
1789453554470475800,22.986475830078124,-4.875480715262889,-7.7077932221770284,3.604161095024645
1789453554480415500,22.99641552734375,-4.801081892360747,-7.795785978406667,3.51364320423156
1789453554490354400,23.0063544921875,-4.721763733235001,-7.8821607780456535,3.4273747875764964
1789453554500294700,23.016294677734376,-4.642805055071413,-7.966635881543159,3.338785819019377
1789453554510234600,23.026234619140624,-4.569814345401525,-8.046792537319659,3.245975141113996
1789453554520173600,23.036173583984375,-4.501760215350985,-8.120915173628926,3.155204152342677
1789453554530113800,23.04611376953125,-4.434343798682093,-8.190275125581026,3.070238050457835
1789453554540052700,23.056052734375,-4.3664600567623975,-8.255557452830672,2.991684153702855
1789453554549992400,23.065992431640623,-4.3002369415313,-8.31618990844786,2.9187840449258684
1789453554559932700,23.0759326171875,-4.237165860590339,-8.371808335295318,2.8512556923151013
1789453554569871600,23.08587158203125,-4.17828463255465,-8.421565176632999,2.7909754111364484
1789453554579811600,23.0958115234375,-4.123278784647583,-8.46591694405675,2.7381077443018556
1789453554589751800,23.105751708984375,-4.07028310751915,-8.50645762875974,2.6913474544316527
1789453554599690800,23.115690673828126,-4.024585186183453,-8.542651808691025,2.6450384154602884
1789453554609630500,23.12563037109375,-3.988785266266763,-8.573382462519406,2.599434309887886
1789453554619569700,23.135569580078126,-3.960116221143305,-8.598949449974297,2.5585037490844726
1789453554629509600,23.145509521484374,-3.9353333698034283,-8.620538181447982,2.523852706941962
1789453554639449600,23.15544970703125,-3.916641236554086,-8.636950387066602,2.4966768229857084
1789453554649388500,23.165388427734374,-3.9068136700227853,-8.646620717209577,2.478531802225113
1789453554659328800,23.175328857421874,-3.9047079299151894,-8.649701732090115,2.471101359963417
1789453554669267700,23.185267822265626,-3.9068262372434135,-8.64753023326993,2.4753484960138796
1789453554679207700,23.195207763671874,-3.91032050909996,-8.641917069563268,2.4893840356290338
1789453554689147600,23.205147705078126,-3.9141894594877957,-8.633644915780424,2.5119138473451135
1789453554699086600,23.215086669921874,-3.9208179377168415,-8.622699158874154,2.53901929641366
1789453554709026600,23.225026611328126,-3.9319454809308048,-8.608879307836293,2.5685350214943288
1789453554718966800,23.234966796875,-3.9471147007510066,-8.5915418040663,2.6030963395267723
1789453554728905700,23.24490576171875,-3.965332786747813,-8.571299811026453,2.6418410807237027
1789453554738845700,23.254845703125,-3.985337463900447,-8.548699856683612,2.6846213610470295
1789453554748784600,23.26478466796875,-4.0067786035969855,-8.52371096137762,2.731754868143797
1789453554758724600,23.274724609375,-4.028912986254692,-8.496928752914071,2.782165789476037
1789453554768664600,23.28466455078125,-4.051266856881976,-8.46803817399442,2.837237396095693
1789453554778603500,23.294603515625,-4.074349041783809,-8.436549979797006,2.8973516730576754
1789453554788543700,23.304543701171873,-4.099469162254035,-8.402655893501638,2.9597485079988837
1789453554798482700,23.314482666015625,-4.12686599548459,-8.367621404999493,3.0203169584691523
1789453554808422700,23.324422607421877,-4.155893937048316,-8.332136250120401,3.078054277166724
1789453554818362600,23.334362548828125,-4.190090513421595,-8.294099072670937,3.133919956773519
1789453554828301600,23.344301513671876,-4.231524932093918,-8.249877653628587,3.194380562955141
1789453554838241500,23.354241455078125,-4.276095895226299,-8.200121981334686,3.2624162805661556
1789453554848181800,23.364181640625,-4.318066904993355,-8.146138462212681,3.3414220127418637
1789453554858120700,23.37412060546875,-4.35133876773715,-8.090476780745387,3.432265189966559
1789453554868060700,23.384060791015624,-4.374393187849224,-8.03588302077055,3.5298251082256433
1789453554877999600,23.39399951171875,-4.392503137296438,-7.983272543567419,3.6254157722383735
1789453554887939600,23.403939697265624,-4.416653243690729,-7.930821056318282,3.7102027181640267
1789453554897879600,23.413879638671876,-4.456958950594068,-7.87493258035779,3.780393567982316
1789453554907818500,23.423818603515624,-4.510473975421488,-7.815035453277826,3.840733762654662
1789453554917758700,23.4337587890625,-4.564822236202657,-7.753046322354674,3.9016771839171644
1789453554927697700,23.44369775390625,-4.610675348100066,-7.689723897001147,3.972430928315222
1789453554937637600,23.4536376953125,-4.6492450249910355,-7.624583608570695,4.052235994175076
1789453554947577600,23.46357763671875,-4.686631337316334,-7.557780355364084,4.133495642757415
1789453554957516500,23.4735166015625,-4.7274347646087405,-7.491192790734767,4.207584084536135
1789453554967456500,23.48345654296875,-4.774917231273651,-7.426048995172977,4.269002722094953
1789453554977395500,23.4933955078125,-4.824892683798074,-7.363055071121454,4.32160033981651
1789453554987335700,23.503335693359375,-4.872465166833996,-7.300346393752098,4.374289142952859
1789453554997275600,23.513275634765623,-4.917127315381169,-7.234716275978088,4.43296169667393
1789453555007214600,23.523214599609375,-4.961853761336207,-7.163491699197888,4.498308321331441
1789453555017154800,23.53315478515625,-5.011141816118359,-7.08642599517405,4.565238123527169
1789453555027094500,23.543094482421875,-5.067134921497106,-7.002382853353023,4.632622683753073
1789453555037033500,23.553033447265626,-5.130885801395774,-6.910695334258675,4.69964776301682
1789453555046973700,23.5629736328125,-5.203557069852948,-6.8114394257366655,4.76420440634042
1789453555056912600,23.57291259765625,-5.282224363854527,-6.707637105956673,4.824531157009304
1789453555066852600,23.5828525390625,-5.365114828509092,-6.602334903007745,4.878019001568854
1789453555076792800,23.592792724609374,-5.4511488518863915,-6.495586008381843,4.925718618115782
1789453555086731800,23.602731689453126,-5.533514415884017,-6.387070104083419,4.975539172339439
1789453555096671500,23.61267138671875,-5.6066188150614495,-6.275721606707573,5.03503122574985
1789453555106610400,23.6226103515625,-5.6748769432514905,-6.161741591784358,5.098932912296056
1789453555116550700,23.632550537109374,-5.7443678281068795,-6.046385612332821,5.1588610190361734
1789453555126490600,23.64249072265625,-5.815657871338725,-5.933243801799416,5.210097285276651
1789453555136429600,23.6524296875,-5.888403958597779,-5.825052307149767,5.250322912681103
1789453555146369800,23.662369873046874,-5.961875437521934,-5.721952582681179,5.280693501025438
1789453555156308700,23.672308837890625,-6.037195174661278,-5.618762841841578,5.305864767161012
1789453555166248400,23.68224853515625,-6.112562258073687,-5.509610393205285,5.333961565354466
1789453555176188700,23.692188720703125,-6.189903856429457,-5.394302929070592,5.362552869066596
1789453555186127600,23.702127685546873,-6.274238090151548,-5.276322446334362,5.381896451961994
1789453555196067600,23.712067626953125,-6.36520956993103,-5.1583413790762425,5.38943853790462
1789453555206007800,23.7220078125,-6.462498562294244,-5.040889304128289,5.384790419837832
1789453555215946800,23.73194677734375,-6.566824029165506,-4.921525258079171,5.368962736108899
1789453555225886500,23.741886474609377,-6.673572339269518,-4.803350714075565,5.344308187323809
1789453555235825700,23.75182568359375,-6.778106480455398,-4.689449025085568,5.313821279123426
1789453555245765600,23.761765625,-6.876065334904194,-4.5805438292086125,5.2828708450645205
1789453555255705600,23.77170556640625,-6.963198259434104,-4.47576214300245,5.258498620352149
1789453555265644500,23.78164453125,-7.032189378073811,-4.378406222882867,5.248639489638805
1789453555275584800,23.791584716796876,-7.095082764360308,-4.290263829049468,5.236776617887616
1789453555285523700,23.801523681640624,-7.149643791109323,-4.212269612003863,5.225870023947954
1789453555295463700,23.811463623046876,-7.1951558344841,-4.14353159134239,5.218362424796819
1789453555305403600,23.821403564453124,-7.23266051249206,-4.079322154021263,5.217103364646435
1789453555315342600,23.831342529296876,-7.259339845103025,-4.01613153835386,5.2290597598999735
1789453555325282600,23.841282470703124,-7.27717886865437,-3.9525291270151732,5.252672690677643
1789453555335221500,23.851221435546876,-7.293346159601211,-3.8922473845317955,5.275221207094193
1789453555345161700,23.86116162109375,-7.294739659786224,-3.8468449390113353,5.30650131149888
1789453555355101700,23.871101806640624,-7.281274029013514,-3.819875391282141,5.344338582462072
1789453555365040600,23.88104052734375,-7.257472882187366,-3.8058272844463583,5.386571458035707
1789453555374980600,23.890980712890624,-7.2257140543550245,-3.8004844621136784,5.432839872735738
1789453555384920600,23.900920654296876,-7.190598901832104,-3.8018718248188494,5.478269498524069
1789453555394859500,23.910859619140624,-7.1572852457731955,-3.8072161084562537,5.518039783376455
1789453555404799700,23.9207998046875,-7.123720829823613,-3.8184026883810755,5.553632490283251
1789453555414738700,23.93073876953125,-7.090487837785482,-3.8353199209123847,5.584416335603595
1789453555424678700,23.9406787109375,-7.057366489428281,-3.8599402751669287,5.609352623939514
1789453555434618600,23.95061865234375,-7.023729008242488,-3.8935236880779263,5.628329711610078
1789453555444557600,23.9605576171875,-6.987457671421766,-3.937053325463831,5.64317306047678
1789453555454497500,23.97049755859375,-6.950044763350486,-3.9897988272234794,5.652321412572264
1789453555464436500,23.9804365234375,-6.914795170792937,-4.049960742719471,5.652769156339764
1789453555474376700,23.990376708984375,-6.880695332792401,-4.118078293395042,5.645161019423604
1789453555484316700,24.000316650390626,-6.845777748668193,-4.194119622807205,5.631614724630117
1789453555494255600,24.010255615234374,-6.8073746605157845,-4.279647450228035,5.613793236735463
1789453555504195600,24.020195556640626,-6.7658087244182825,-4.3746208591252564,5.590789962288737
1789453555514134500,24.030134521484374,-6.722653473302722,-4.479343216359615,5.559837774664163
1789453555524074500,24.040074462890626,-6.679681762060523,-4.5925767968297,5.519100690606236
1789453555534014700,24.0500146484375,-6.629993894305825,-4.71396007374674,5.476504242417216
1789453555543953700,24.05995361328125,-6.571084609219431,-4.84298159045726,5.434778147321939
1789453555553893600,24.0698935546875,-6.502755169358849,-4.979512752145529,5.393426146236061
1789453555563832600,24.07983251953125,-6.4266206087052815,-5.1217380338221785,5.351329464262724
1789453555573772500,24.0897724609375,-6.343046837961674,-5.268580453905463,5.308316836488246
1789453555583712500,24.09971240234375,-6.254053380256891,-5.416795331385732,5.26455660521686
1789453555593651500,24.1096513671875,-6.166856742841005,-5.561126645430922,5.216714073067903
1789453555603591700,24.119591796875,-6.081018534296751,-5.701728709819912,5.16545150334239
1789453555613531600,24.12953173828125,-5.995747311985492,-5.84103079752624,5.109181334587931
1789453555623470600,24.139470703125,-5.91122895386815,-5.980447451522946,5.0459921802252525
1789453555633410800,24.149410888671873,-5.823453639781475,-6.122596160832047,4.9771062755256885
1789453555643349800,24.159349853515625,-5.733305166822672,-6.26587942712903,4.902891284757852
1789453555653289500,24.16928955078125,-5.646178672033548,-6.405739733240008,4.822606034165621
1789453555663229700,24.179229736328125,-5.5652872722417115,-6.540013179129362,4.735627715675532
1789453555673168600,24.189168701171877,-5.490152244019508,-6.665632193920016,4.647366956159472
1789453555683108600,24.199108642578125,-5.416104426512121,-6.785121327653527,4.560514017614722
1789453555693047600,24.209047607421876,-5.343666966810822,-6.901094562220573,4.471075446490943
1789453555702987800,24.21898779296875,-5.275116577675938,-7.014507590910792,4.374950821731985
1789453555712927500,24.228927490234376,-5.209363125783205,-7.124579492479563,4.274724899134039
1789453555722866400,24.238866455078124,-5.146511825072765,-7.2322975243985645,4.168656095726788
1789453555732806700,24.248806640625,-5.084743058902025,-7.337960377353429,4.058334018789232
1789453555742745600,24.25874560546875,-5.017203308114409,-7.442869197070598,3.9499025779038663
1789453555752685600,24.268685546875,-4.941632811084389,-7.5474103525191545,3.845424258558452
1789453555762625800,24.278625732421876,-4.8610024003162975,-7.64904175800085,3.746095869322121
1789453555772564700,24.288564697265624,-4.777975742061436,-7.747339050623774,3.649665831875801
1789453555782504400,24.29850439453125,-4.694571774926781,-7.84320765479505,3.551827973458171
1789453555792444700,24.308444580078124,-4.611654422265291,-7.936525989961623,3.4517461355060335
1789453555802383600,24.318383544921875,-4.530407633164525,-8.025021435016393,3.353330477200448
1789453555812323600,24.328323486328124,-4.451915111207962,-8.107471170166134,3.2587948751986024
1789453555822262500,24.338262451171875,-4.375031193491816,-8.184828550612925,3.1682921819746492
1789453555832202800,24.34820263671875,-4.29762588225007,-8.258028811380267,3.083148093174398
1789453555842142500,24.358142578125,-4.2215182096034285,-8.327206392502784,3.0011341190934178
1789453555852081700,24.36808154296875,-4.1533018747285,-8.389992811283468,2.9203540707215665
1789453555862021600,24.378021728515623,-4.091938766749203,-8.446047291460633,2.8444162016838788
1789453555871960600,24.387960693359375,-4.033488331346214,-8.497112292787433,2.7749717863187193
1789453555881900500,24.397900634765627,-3.977970150002837,-8.544126557418704,2.7099928259298203
1789453555891840800,24.4078408203125,-3.9268312066569924,-8.586776197099685,2.649084475980699
1789453555901779700,24.41777978515625,-3.88138521425575,-8.624239958575368,2.593779645127058
1789453555911719700,24.4277197265625,-3.844958102351427,-8.655355812329054,2.543910283325612
1789453555921658600,24.43765869140625,-3.8198265837043524,-8.679227101781963,2.500070557077229
1789453555931598600,24.4475986328125,-3.8047771908715364,-8.695845059105753,2.4650284697905183
1789453555941538600,24.45753857421875,-3.7982211933568117,-8.70560599014163,2.440566667098552
1789453555951477200,24.467477294921874,-3.800074127747118,-8.70922067350745,2.42472641614899
1789453555961417200,24.477417236328126,-3.8082401908069845,-8.708055136859416,2.41608338322714
1789453555971356200,24.487356201171874,-3.820000478966534,-8.703135800635813,2.41525306988284
1789453555981296400,24.49729638671875,-3.834370072841644,-8.69428497018218,2.4243435543112457
1789453555991236000,24.507236083984374,-3.8507816939383743,-8.68001679085493,2.4493211975708604
1789453556001175000,24.517175048828125,-3.869864872331917,-8.66011732764244,2.4893533482298253
1789453556011115300,24.527115234375,-3.889977393773198,-8.636881998005508,2.538248604302108
1789453556021054200,24.53705419921875,-3.9106232914388177,-8.612040986737608,2.590401693126559
1789453556030994200,24.546994140625,-3.9333036175414917,-8.586165956246852,2.6414506201013923
1789453556040934400,24.556934326171874,-3.9591076286226508,-8.559020175167918,2.6905463671818373
1789453556050873300,24.566873291015625,-3.988037662769854,-8.530115567722916,2.7391727431848643
1789453556060813300,24.576813232421873,-4.016232368379831,-8.49985954566896,2.7915397670209408
1789453556070753300,24.586753173828125,-4.04093689378649,-8.469441026529669,2.847767557938397
1789453556080692200,24.596692138671877,-4.062069698186218,-8.43937322052419,2.9063594476386903
1789453556090632200,24.606632080078125,-4.080295967489481,-8.409174481615423,2.9677181717038152
1789453556100571100,24.616571044921876,-4.097090158163011,-8.379298983311653,3.02846197874099
1789453556110511400,24.626511474609377,-4.113681227479875,-8.34954097390771,3.0875875369265673
1789453556120451300,24.636451416015625,-4.130874062082171,-8.318902674537897,3.146764533038437
1789453556130390300,24.646390380859376,-4.15080421269387,-8.285853222373127,3.2071532430276273
1789453556140330200,24.656330322265624,-4.173628623442352,-8.249988128265738,3.2693975177556274
1789453556150269200,24.666269287109376,-4.1985201958537095,-8.211533017665147,3.3336952178820964
1789453556160209200,24.676209228515624,-4.225079701477289,-8.169722166895866,3.4021672810837624
1789453556170149400,24.6861494140625,-4.2542458824679255,-8.123952933889626,3.4746474108830094
1789453556180088300,24.69608837890625,-4.284877167575061,-8.07441178112924,3.551631866364181
1789453556190028300,24.7060283203125,-4.313720107960701,-8.022692699807882,3.632992929494381
1789453556199967200,24.71596728515625,-4.341550364172458,-7.970137752184272,3.7145930620774625
1789453556209907200,24.7259072265625,-4.372801534743607,-7.915357529726624,3.7942233558923
1789453556219847200,24.73584716796875,-4.412280435433984,-7.855915160676837,3.8712718165203928
1789453556229786000,24.7457861328125,-4.459217543175816,-7.790638094124198,3.9486376725345846
1789453556239726300,24.755726318359375,-4.511140622636676,-7.720930936169624,4.025821157719195
1789453556249665300,24.765665283203123,-4.566457436189055,-7.647654687556624,4.102588171057403
1789453556259605200,24.775605224609375,-4.624659157527983,-7.5705714478760955,4.17963633942455
1789453556269545200,24.785545166015623,-4.686664362803101,-7.488972776597738,4.256863663750886
1789453556279484200,24.795484130859375,-4.751041557906568,-7.4017153489053245,4.337348236307501
1789453556289424100,24.805424072265627,-4.8170659356951715,-7.308093646878004,4.422450239531695
1789453556299363000,24.815363037109375,-4.881823654548824,-7.209786417382955,4.511889395177364
1789453556309303300,24.82530322265625,-4.9429351258546115,-7.110725739172101,4.601667865779995
1789453556319243300,24.8352431640625,-5.002340085503459,-7.010925056248903,4.68976291334033
1789453556329182200,24.84518212890625,-5.06580513419807,-6.907003494003415,4.775075928966701
1789453556339122200,24.8551220703125,-5.13298072784841,-6.79958824442327,4.856799687929451
1789453556349061400,24.865061279296874,-5.204550757065415,-6.69192165043056,4.929625562426447
1789453556359001000,24.8750009765625,-5.277368155995011,-6.585422931173444,4.995196058967709
1789453556368941300,24.88494140625,-5.351227172932028,-6.4810659001201385,5.0527743877112865
1789453556378880300,24.89488037109375,-5.425180297893285,-6.376781349781155,5.1063119166314594
1789453556388820200,24.9048203125,-5.497210345837473,-6.269619198179245,5.16168309071958
1789453556398759200,24.91475927734375,-5.566866650387644,-6.1591223491966725,5.219730206018686
1789453556408699400,24.924699462890626,-5.638161954316496,-6.046912851077318,5.27412405950725
1789453556418639000,24.93463916015625,-5.714551366513967,-5.932666878694295,5.321444029086828
1789453556428578000,24.944578125,-5.798418567246198,-5.816842697209119,5.3584600467950105
1789453556438518300,24.954518310546874,-5.892302135080099,-5.700032427296042,5.3815206043869255
1789453556448457200,24.964457275390625,-5.994005436754226,-5.579889213567972,5.395100216928124
1789453556458397200,24.974397216796874,-6.099868196195364,-5.456494304567575,5.402650486177206
1789453556468337400,24.98433740234375,-6.206260532468557,-5.329547840565443,5.408201690563559
1789453556478276400,24.9942763671875,-6.313183030095696,-5.198620197972655,5.4118765796840185
1789453556488216000,25.004216064453125,-6.422351845344901,-5.0618081735163925,5.413119857743382
1789453556498156300,25.01415625,-6.534352669149637,-4.919079618492722,5.41066252771914
1789453556508095200,25.02409521484375,-6.641618865647912,-4.7774707151487465,5.40695022919774
1789453556518035200,25.03403515625,-6.7368561861783265,-4.643990465463697,5.405413521149754
1789453556527974100,25.04397412109375,-6.817028624045848,-4.519415991289914,5.410492431849241
1789453556537914400,25.053914306640625,-6.892226780632138,-4.402997058781981,5.411209055685997
1789453556547854000,25.06385400390625,-6.963790964630245,-4.2947818909958,5.406552169790864
1789453556557793000,25.07379296875,-7.024090827292204,-4.192524754831195,5.40881543854773
1789453556567733200,25.083733154296876,-7.070664362418651,-4.0965220028862355,5.421681934383511
1789453556577672200,25.093672119140624,-7.114488306576013,-4.00998792103231,5.429038142365217
1789453556587612200,25.103612060546876,-7.152004675021767,-3.9356472580581903,5.434140433940291
1789453556597552400,25.113552490234376,-7.180474398180842,-3.8726001425147056,5.441890025153755
1789453556607491300,25.1234912109375,-7.198198270919918,-3.818735573597252,5.456516516399383
1789453556617431000,25.13343115234375,-7.204077392086386,-3.767289756259322,5.484451986551284
1789453556627370200,25.143370361328124,-7.1935828860789535,-3.715761521334946,5.533159611096978
1789453556637310200,25.153310302734376,-7.182827098786831,-3.6686148624956605,5.578411542230844
1789453556647250200,25.163250244140624,-7.1643678975105285,-3.639731005577743,5.6209039455235
1789453556657189000,25.173189208984375,-7.135289687064289,-3.6323216061040755,5.6625324254631995
1789453556667129300,25.18312939453125,-7.102064878332614,-3.636441316382587,5.701519450983405
1789453556677068300,25.193068359375,-7.065798217687011,-3.6442823852717874,5.741438204395771
1789453556687008300,25.20300830078125,-7.02751086486876,-3.657748016044497,5.779737832173705
1789453556696948200,25.2129482421875,-6.9918111904561515,-3.6784485665068027,5.809816159573197
1789453556706887200,25.22288720703125,-6.9625237211734055,-3.7017064002364872,5.830182071253657
1789453556716827100,25.2328271484375,-6.934547334489226,-3.7272172735899685,5.847250110432506
1789453556726766300,25.242766357421875,-6.905705855408311,-3.7560377098828552,5.862912958988547
1789453556736706300,25.252706298828127,-6.8766223842650644,-3.7882492499187586,5.876359885060787
1789453556746646300,25.262646240234375,-6.848342630720138,-3.824901402750611,5.885637416493893
1789453556756585200,25.272585205078126,-6.821148918846249,-3.866813960328698,5.889829022964835
1789453556766525200,25.282525146484375,-6.791517166170477,-3.9177725786715745,5.890393086588382
1789453556776464100,25.292464111328126,-6.756511319240928,-3.9815108913496133,5.887914713776111
1789453556786404000,25.302404052734374,-6.715709937775134,-4.058603191119432,5.881951421457528
1789453556796344300,25.31234423828125,-6.669998572435975,-4.1470960058256985,5.87223140695393
1789453556806283300,25.322283203125,-6.622394525218009,-4.2467301000103355,5.854875783005356
1789453556816223200,25.33222314453125,-6.5757590307712555,-4.355700762338936,5.82732142112553
1789453556826162400,25.342162353515626,-6.524726178148389,-4.4754543922275305,5.793841760849952
1789453556836102100,25.35210205078125,-6.462615466672181,-4.608339890889823,5.759181950879096
1789453556846042000,25.3620419921875,-6.389219391071796,-4.751462705928087,5.724668855902553
1789453556855981300,25.371981201171874,-6.303584011623263,-4.902051619063317,5.692550547108054
1789453556865921300,25.38192138671875,-6.210755505800247,-5.0559191154778,5.659910844787955
1789453556875860200,25.391860107421873,-6.116648066082597,-5.211562097132206,5.621086900874972
1789453556885800200,25.40180029296875,-6.023394028323889,-5.3681420673757785,5.5742427321136
1789453556895740200,25.411740234375,-5.930175646400452,-5.5247553553670645,5.520912123942375
1789453556905679000,25.42167919921875,-5.832583871698379,-5.682536518093944,5.464444386789203
1789453556915619000,25.431619140625,-5.73084725227654,-5.8423488943874835,5.403213965278864
1789453556925558300,25.441558349609377,-5.628654705780744,-6.001731647092104,5.335527499496936
1789453556935498200,25.451498291015625,-5.529194214597344,-6.1576896860450505,5.26129497307241
1789453556945438200,25.461438232421877,-5.43220274387598,-6.310237624293565,5.18096822142601
1789453556955377400,25.47137744140625,-5.339084315195679,-6.458937070420384,5.093789119666814
1789453556965317400,25.4813173828125,-5.25198704650104,-6.602370558843016,4.999574712443351
1789453556975256300,25.49125634765625,-5.169577058839797,-6.740394297176599,4.900297761133313
1789453556985196300,25.5011962890625,-5.086567936241626,-6.875151142668724,4.7989095167577265
1789453556995136300,25.51113623046875,-5.004622058960795,-7.006319608280062,4.6942122939646245
1789453557005075500,25.521075439453124,-4.9312183845758435,-7.130750874590873,4.5832168478101485
1789453557015015400,25.531015380859376,-4.860449734869599,-7.248666475397348,4.472497003726661
1789453557024954400,25.540954345703124,-4.787234568794071,-7.361665662589669,4.365621267850697
1789453557034894600,25.55089453125,-4.7135593839913605,-7.470628141611814,4.25939288996756
1789453557044834300,25.560834228515624,-4.640675641827285,-7.576309114745259,4.151388150061667
1789453557054773200,25.570773193359376,-4.570361165629327,-7.678060931736231,4.040980732928216
1789453557064713500,25.58071337890625,-4.503319427491724,-7.775819879698753,3.9277369233250616
1789453557074652400,25.59065234375,-4.4349894031092525,-7.871018621784448,3.814229494349658
1789453557084592400,25.60059228515625,-4.360251265250146,-7.96445210776329,3.70487158626914
1789453557094532400,25.610532470703124,-4.282070001199841,-8.055859056350588,3.5968572017520666
1789453557104471600,25.620471435546875,-4.203570464980602,-8.142855202758312,3.4920331377089022
1789453557114411300,25.630411376953123,-4.1261973024427885,-8.223879873540996,3.3930358801230787
1789453557124350200,25.64035009765625,-4.052377156211436,-8.29899678158462,3.2977678721934556
1789453557134290400,25.65029052734375,-3.9823873819231985,-8.369108428686857,3.2045304933086034
1789453557144230400,25.66023046875,-3.914455416947603,-8.43452928762436,3.1154730304569003
1789453557154169300,25.67016943359375,-3.847876912407577,-8.495228963258862,3.0323800289675593
1789453557164109600,25.680109619140627,-3.785190739130974,-8.550055362945795,2.9562241332650183
1789453557174048500,25.690048583984375,-3.7271503458335995,-8.598428640970587,2.888909131143987
1789453557183988200,25.69998828125,-3.6720629571229217,-8.641458804401754,2.830465710003674
1789453557193928400,25.709928466796875,-3.6201392931401726,-8.679605287444591,2.7801898132279512
1789453557203867400,25.719867431640626,-3.5763320078566667,-8.711384573543071,2.7371567271873354
1789453557213807400,25.729807373046874,-3.543721531631052,-8.735329512754083,2.703040814834833
1789453557223746300,25.739746337890626,-3.5224788371160622,-8.751197528493403,2.679381414566934
1789453557233686500,25.7496865234375,-3.5117665967047214,-8.758874638992548,2.668328982415795
1789453557243626200,25.759626220703126,-3.510532670995593,-8.759608798485994,2.667547768910229
1789453557253565200,25.769565185546874,-3.5161636626198884,-8.755143051248789,2.674776843380928
1789453557263505400,25.77950537109375,-3.5253447479411957,-8.74691590565145,2.6895705078870056
1789453557273444400,25.7894443359375,-3.538807456104457,-8.734612304395437,2.7117887694358824
1789453557283384300,25.79938427734375,-3.5570986073374744,-8.717514454600215,2.742699748267233
1789453557293324500,25.809324462890626,-3.580865851894021,-8.69521845164001,2.7822613588050005
1789453557303263500,25.819263427734374,-3.6093221310496326,-8.667469443970917,2.8316379686534403
1789453557313203500,25.829203369140625,-3.63947498499006,-8.635935072544216,2.888815607641637
1789453557323142400,25.839142333984373,-3.6684281077519056,-8.602709094768763,2.950659777136147
1789453557333082400,25.849082275390625,-3.695268768404424,-8.569118375334144,3.0142306242927908
1789453557343022300,25.859022216796873,-3.719706167307496,-8.535985336539149,3.077517101550102
1789453557352961300,25.868961181640625,-3.742093355682492,-8.503377782922982,3.14000804451555
1789453557362901500,25.878901611328125,-3.765048114812374,-8.470083416086435,3.2019512904703613
1789453557372840400,25.88884033203125,-3.791046479421854,-8.435001581311225,3.2632989086195825
1789453557382780400,25.898780517578125,-3.820360544450581,-8.397838264086841,3.324389337137341
1789453557392720400,25.908720458984376,-3.8522868378043174,-8.3595164244771,3.383605788476765
1789453557402659300,25.918659423828124,-3.884400470423698,-8.320969543939828,3.4414106194525953
1789453557412599300,25.928599365234376,-3.9140681711956855,-8.283702766340971,3.497244150355458
1789453557422538200,25.938538330078124,-3.9430098957806825,-8.248225794768333,3.5482159204408523
1789453557432478500,25.948478515625,-3.9762764978274703,-8.211611928120256,3.595694295452535
1789453557442418400,25.95841845703125,-4.016578697599471,-8.170428269338608,3.6443905218213795
1789453557452357400,25.968357421875,-4.062213490571081,-8.123998526597022,3.697225747691095
1789453557462297300,25.97829736328125,-4.107884523899853,-8.074348652765154,3.755073833286762
1789453557472236300,25.988236328125,-4.150071222244203,-8.022727186599374,3.818784965696931
1789453557482176300,25.99817626953125,-4.188934913645684,-7.969728586861491,3.886722775891423
1789453557492116500,26.008116455078124,-4.229493426266313,-7.914176210987567,3.9556998660057783
1789453557502055400,26.018055419921875,-4.276785338795185,-7.853183689886331,4.025791639363765
1789453557511995400,26.027995361328124,-4.3299464356184005,-7.78528095100522,4.100166204607486
1789453557521934300,26.037934326171875,-4.386267457777262,-7.71241562128067,4.177283054296672
1789453557531874300,26.047874267578123,-4.441872732882201,-7.635567943921685,4.258908029060065
1789453557541814300,26.057814208984375,-4.494444047118723,-7.557233242875337,4.342652187934518
1789453557551753200,26.067753173828127,-4.547614496292174,-7.476988324293494,4.425402659596503
1789453557561693400,26.077693359375,-4.606745315174758,-7.393862297317385,4.503236133122444
1789453557571632400,26.08763232421875,-4.673390455210209,-7.308117027753591,4.573971172820031
1789453557581572400,26.097572265625,-4.748158695946634,-7.219688218194245,4.636965096871554
1789453557591512300,26.10751220703125,-4.829670565724372,-7.128260811340809,4.693882331357896
1789453557601451500,26.117451416015626,-4.913689157626033,-7.0338266238868234,4.748824174118042
1789453557611391200,26.12739111328125,-4.997075881364942,-6.934809784817695,4.807079379209876
1789453557621330200,26.137330078125,-5.077946822890639,-6.830881208309531,4.870718030905723
1789453557631270400,26.1472705078125,-5.154771703895926,-6.724035283049941,4.938219787770509
1789453557641210400,26.15721044921875,-5.229615640217066,-6.613781010651588,5.007935129031539
1789453557651149300,26.1671494140625,-5.302168835252523,-6.502190521213412,5.077293327417969
1789453557661089500,26.177089599609374,-5.373841740322113,-6.391856169316172,5.14163632799089
1789453557671028500,26.187028564453126,-5.451219579035043,-6.282655205363035,5.194502241259813
1789453557680968200,26.19696826171875,-5.536969524773955,-6.173460086628794,5.234570632275939
1789453557690908400,26.206908447265626,-5.626968944650888,-6.062974343562126,5.267632359400391
1789453557700847400,26.216847412109374,-5.715792306485771,-5.951560964256525,5.298964486253261
1789453557710787300,26.226787353515626,-5.80255464413762,-5.838900215238333,5.329915504834055
1789453557720726300,26.236726318359374,-5.882953876498341,-5.724639629808068,5.365610503071546
1789453557730666500,26.24666650390625,-5.963183597511053,-5.608747643783688,5.399335078018903
1789453557740606200,26.256606201171873,-6.047035016152262,-5.491151776450872,5.4268812565922735
1789453557750545200,26.266545166015625,-6.137637662619352,-5.371487870672345,5.444899143841862
1789453557760485400,26.2764853515625,-6.231725813114643,-5.249365465825796,5.457122081077099
1789453557770424300,26.28642431640625,-6.3304731875926255,-5.125381358760595,5.4613160256355995
1789453557780364300,26.2963642578125,-6.432613127118349,-4.998089442321658,5.459946490848064
1789453557790304500,26.306304443359377,-6.537839926743507,-4.868021923689544,5.452467533269524
1789453557800243500,26.316243408203125,-6.644189592918753,-4.737958788971603,5.4384629733145236
1789453557810183200,26.32618310546875,-6.748703860360384,-4.608916229473055,5.420632133069634
1789453557820122400,26.336122314453124,-6.849799843791127,-4.484343216603994,5.398266572004556
1789453557830062300,26.346062255859376,-6.943837725403904,-4.369499862849712,5.37224307295382
1789453557840002300,26.356002197265624,-7.031773783010244,-4.264198244422674,5.342395631700754
1789453557849941200,26.365941162109376,-7.105060553017259,-4.1665272670045495,5.322456420999765
1789453557859881500,26.375881591796876,-7.16080231398344,-4.07148517678529,5.321302574789524
1789453557869820400,26.3858203125,-7.215809915456175,-3.9796237624287603,5.316492544159293
1789453557879760400,26.395760498046876,-7.265508304604888,-3.898800167176127,5.308686838844419
1789453557889700400,26.405700439453124,-7.30177730333805,-3.8321795770600438,5.307435962000489
1789453557899639300,26.415639404296876,-7.325587802514433,-3.776531339596212,5.314505754256248
1789453557909579300,26.425579345703124,-7.337285254570841,-3.729032798579335,5.331879498383403
1789453557919518500,26.4355185546875,-7.333730776959658,-3.685149817711115,5.367164162254333
1789453557929458400,26.44545849609375,-7.319319389769435,-3.6434362898364663,5.415102555993199
1789453557939398400,26.4553984375,-7.296911743128299,-3.6070848735168575,5.469405224066972
1789453557949337000,26.465337158203123,-7.265106738066673,-3.5866698619976636,5.524889795401692
1789453557959276800,26.47527685546875,-7.227298693197965,-3.586177402305603,5.574576494112611
1789453557969216000,26.485216064453127,-7.190688918203115,-3.6020655840501186,5.611553933376073
1789453557979156000,26.495156005859375,-7.157936987680197,-3.622636662913859,5.640110750296712
1789453557989095000,26.505094970703126,-7.122996607202291,-3.645523032982647,5.6695209691762924
1789453557999035100,26.51503515625,-7.0860916486531496,-3.6754689661741256,5.696368059569597
1789453558008975000,26.52497509765625,-7.049948906648159,-3.712061790034175,5.717446503433584
1789453558018914000,26.5349140625,-7.0162640791893,-3.751332600931823,5.733228594455123
1789453558028854000,26.54485400390625,-6.988642497292161,-3.792570035727322,5.739834276330471
1789453558038793000,26.55479296875,-6.970051778590679,-3.835283972816169,5.734050432232022
1789453558048733000,26.56473291015625,-6.956597253733873,-3.8792800586700436,5.720782954379916
1789453558058673200,26.574673095703126,-6.940262205004692,-3.9313460537329314,5.705055223894119
1789453558068612000,26.584612060546874,-6.917260099601745,-3.995657490123808,5.688291136097908
1789453558078552000,26.594552001953126,-6.885459186193347,-4.070799824869632,5.673569952306151
1789453558088491000,26.604490966796874,-6.845849644860625,-4.15694841453731,5.659023540559411
1789453558098431200,26.61443115234375,-6.800840290310979,-4.2535047087118025,5.641510680222511
1789453558108371000,26.624370849609374,-6.751689598172903,-4.359852329060435,5.619321060246229
1789453558118310000,26.634309814453125,-6.697707832616567,-4.474651843672991,5.5936184637129305
1789453558128250000,26.64425,-6.637130322057009,-4.596453053741157,5.567003428509831
1789453558138189000,26.65418896484375,-6.569730272001028,-4.7262326953426,5.5382104647457595
1789453558148129000,26.66412890625,-6.496250025248528,-4.8642947198599575,5.505245768254995
1789453558158069200,26.6740693359375,-6.4169233905553815,-5.0110073760837315,5.466564447683096
1789453558168008200,26.68400830078125,-6.331162923422456,-5.165321154960989,5.422749271354079
1789453558177948000,26.693947998046873,-6.2403440038561815,-5.323732432284951,5.374602787822485
1789453558187886800,26.703886962890625,-6.146496676379442,-5.482623017558455,5.322762710469961
1789453558197827000,26.7138271484375,-6.048991995438933,-5.640366186362504,5.269380079850555
1789453558207767000,26.72376708984375,-5.951075811088085,-5.795920905211568,5.211754989355803
1789453558217706000,26.7337060546875,-5.85412408785522,-5.949412846311927,5.148214537337422
1789453558227646200,26.743646240234376,-5.757731752070784,-6.102004623702168,5.077839855384826
1789453558237585200,26.753585205078124,-5.663941707739234,-6.251753286620974,5.000575413918495
1789453558247524900,26.76352490234375,-5.569762371829151,-6.399733186301589,4.918493343037366
1789453558257465000,26.773465087890624,-5.474747169616818,-6.546271070480346,4.83155009586066
1789453558267404000,26.783404052734376,-5.385942512482404,-6.687244306269288,4.737382450388371
1789453558277344000,26.793343994140624,-5.3078989033371204,-6.820014361858368,4.635084397691488
1789453558287283000,26.803282958984376,-5.236939114972949,-6.945277987340092,4.528572234430909
1789453558297223200,26.81322314453125,-5.1664136263728135,-7.065821014040708,4.421843798071146
1789453558307163000,26.823162841796876,-5.093757555484771,-7.184173252698779,4.314121089977026
1789453558317102000,26.83310205078125,-5.019485281571746,-7.300698275929689,4.204160832089186
1789453558327042000,26.8430419921875,-4.944273680981993,-7.414654325455427,4.092361960597336
1789453558336981000,26.85298095703125,-4.871027242985368,-7.524250426205993,3.9785789295509457
1789453558346921000,26.8629208984375,-4.798604104070365,-7.628720269984006,3.866054081872105
1789453558356861200,26.872861083984375,-4.721792667068541,-7.7292860920608035,3.7594112779691815
1789453558366800100,26.882800048828123,-4.642256773538887,-7.824671296629309,3.659829498493671
1789453558376740000,26.892739990234375,-4.563673066167533,-7.913971628326177,3.5654414882689713
1789453558386679000,26.902678955078127,-4.485523950821161,-7.998928962382673,3.4738492462426422
1789453558396619000,26.912618896484375,-4.409099467310309,-8.079287278211117,3.3845763870745897
1789453558406558000,26.922557861328126,-4.3353184840455645,-8.155851462453603,3.2950667965412137
1789453558416498000,26.932497802734375,-4.265107175961137,-8.228695164868235,3.2043434463039038
1789453558426438100,26.942438232421875,-4.196272709187865,-8.296779690057038,3.1185069913253187
1789453558436377000,26.952377197265626,-4.126200809574127,-8.359711654788255,3.043037032060325
1789453558446317000,26.962317138671875,-4.055596995040774,-8.41714619114697,2.978958819903433
1789453558456256000,26.972256103515626,-3.98903368806988,-8.468852997508645,2.921739972122013
1789453558466196000,26.982196044921874,-3.93323172134906,-8.514057582369446,2.8654610355392096
1789453558476136000,26.992135986328126,-3.8876840221390125,-8.554008484485745,2.808064493103325
1789453558486075000,27.002074951171874,-3.8473517194896933,-8.590117324221133,2.752837988182902
1789453558496015000,27.01201513671875,-3.81255688496232,-8.621483937865495,2.7027453390195966
1789453558505954000,27.0219541015625,-3.7850162593469023,-8.645985926437378,2.6628809461429714
1789453558515894000,27.03189404296875,-3.7635719047799703,-8.663389481180905,2.636591197371483
1789453558525834000,27.041833984375,-3.7488109734997153,-8.674633344250918,2.6206045236885545
1789453558535773000,27.05177294921875,-3.7429374052911997,-8.680569164040683,2.6093209131300448
1789453558545713000,27.061712890625,-3.745670629647374,-8.68173294712305,2.6015143310323356
1789453558555652000,27.071652099609373,-3.7538586122781035,-8.678697524949907,2.5998344151213764
1789453558565592000,27.081592041015625,-3.766158998663723,-8.671466404652595,2.6061715091884134
1789453558575532000,27.091531982421873,-3.782076991024613,-8.659369139623642,2.623285725596547
1789453558585471000,27.101470947265625,-3.801522280728817,-8.641871476855874,2.652715233698487
1789453558595411000,27.111410888671877,-3.826280289888382,-8.617710849067569,2.6953745179906488
1789453558605350100,27.12135009765625,-3.8559924143239854,-8.587412156915665,2.749197585853934
1789453558615289900,27.131289794921877,-3.888293093948066,-8.553323424831031,2.8093066021189093
1789453558625230000,27.14122998046875,-3.9216201940104365,-8.517747084537149,2.870407552030682
1789453558635169000,27.1511689453125,-3.955075012105703,-8.48245715996921,2.928425148974359
1789453558645109000,27.16110888671875,-3.9888586237639188,-8.447972122043371,2.9818042724624276
1789453558655048200,27.171048095703124,-4.024481725808978,-8.41304167843759,3.032264293633401
1789453558664988200,27.18098828125,-4.062287724851072,-8.375995265591143,3.0839751916483045
1789453558674927000,27.190927001953124,-4.100360850396752,-8.336548805865645,3.1399647898957133
1789453558684867000,27.2008671875,-4.136493071007728,-8.296101644665002,3.1991406169638035
1789453558694807000,27.21080712890625,-4.1691982397794725,-8.255695399996638,3.2606226751476526
1789453558704746000,27.22074609375,-4.200560761770606,-8.214695281088352,3.3233243382543325
1789453558714686000,27.23068603515625,-4.231589521762729,-8.171956794080138,3.388684406915307
1789453558724625200,27.240625244140624,-4.261884706783294,-8.127280032485723,3.4574586679339405
1789453558734565000,27.250565185546876,-4.28715446485728,-8.082142083120345,3.5312408202424646
1789453558744504800,27.2605048828125,-4.307772305472195,-8.037665228012203,3.6068627551987764
1789453558754444000,27.270444091796875,-4.328217127607762,-7.992503313249349,3.681962127585709
1789453558764384000,27.280384033203124,-4.351567900317907,-7.945301417091488,3.755853585487604
1789453558774323000,27.290322998046875,-4.379001266166568,-7.894678314313292,3.8299844051033256
1789453558784263200,27.30026318359375,-4.409590757958591,-7.840161711227894,3.9061221806272863
1789453558794203100,27.310203125,-4.441924463069439,-7.783159136545658,3.9827284504458307
1789453558804142000,27.32014208984375,-4.478006122536957,-7.723007742443681,4.0586967146217825
1789453558814082000,27.33008203125,-4.51869469127804,-7.65801358448565,4.136015516623854
1789453558824021000,27.34002099609375,-4.564208780479431,-7.58883892597258,4.212826953625679
1789453558833961000,27.3499609375,-4.614339131304622,-7.513451384294033,4.292587303560972
1789453558843901000,27.35990087890625,-4.663199608324468,-7.431933961558341,4.3807904876708985
1789453558853840100,27.369840087890626,-4.707361990655959,-7.348958741229772,4.472580590356886
1789453558863780000,27.379780029296874,-4.750033549907803,-7.265947280544042,4.562185457958281
1789453558873719000,27.389718994140626,-4.794580547642708,-7.181649287179112,4.648253383605182
1789453558883659000,27.399658935546874,-4.847329556533694,-7.095586622229218,4.725082356263697
1789453558893598000,27.409597900390626,-4.908487497329712,-7.006708899858594,4.794076689773798
1789453558903538000,27.419537841796874,-4.972195122608542,-6.914478944450616,4.861852879665792
1789453558913478100,27.42947802734375,-5.03251310544908,-6.819286047583818,4.933710785913467
1789453558923417000,27.4394169921875,-5.087242474502324,-6.721815268912911,5.010745510277152
1789453558933357000,27.449357177734374,-5.1413768002718685,-6.621454029497504,5.088512056046724
1789453558943296000,27.4592958984375,-5.198505631682276,-6.5166644522458315,5.165174439966679
1789453558953236700,27.46923681640625,-5.260282581159472,-6.409034683132171,5.236802336850762
1789453558963176700,27.4791767578125,-5.324460162037611,-6.301286840596795,5.302296261024475
1789453558973115600,27.48911572265625,-5.390796382254361,-6.1936804523587226,5.361717002764344
1789453558983056000,27.499055908203125,-5.460273823106289,-6.08637275480628,5.414048078504204
1789453558992994800,27.508994873046873,-5.5337406258553266,-5.979295943400263,5.4585781251043075
1789453559002934800,27.518934814453125,-5.610735602730513,-5.8705590898275375,5.497865594875813
1789453559012874800,27.528874755859373,-5.689719707596302,-5.75882130087316,5.534752433246374
1789453559022813700,27.538813720703125,-5.76943329578042,-5.6439645031154155,5.570426973217725
1789453559032753700,27.548753662109377,-5.850034772714972,-5.527472213110327,5.603080119541287
1789453559042692600,27.558692626953125,-5.932237255105376,-5.41038195721209,5.630869459220767
1789453559052632800,27.5686328125,-6.018754093563556,-5.292562802517414,5.650994547882676
1789453559062571800,27.57857177734375,-6.1129135557293885,-5.1724254340082405,5.661161137109994
1789453559072511700,27.58851171875,-6.210090904411673,-5.051999896207452,5.664136353528499
1789453559082451700,27.59845166015625,-6.304474238461256,-4.9337499488800765,5.664103620302677
1789453559092390700,27.608390625,-6.397450043800473,-4.818474925710261,5.659096021273732
1789453559102330600,27.61833056640625,-6.489578292399645,-4.705328439001739,5.649391204339265
1789453559112269600,27.62826953125,-6.5827183483898635,-4.596368298067152,5.6313066815942525
1789453559122209800,27.638209716796876,-6.667423168990015,-4.491879457327723,5.615950707030296
1789453559132149800,27.648149658203124,-6.7377259547501795,-4.3930657396152615,5.610201349723339
1789453559142088700,27.658088623046876,-6.797938723650574,-4.303187900291383,5.607224379739165
1789453559152028700,27.668028564453124,-6.847596196267008,-4.223986645543575,5.60702798038423
1789453559161967900,27.6779677734375,-6.886066504436731,-4.152041937795281,5.6136494443505995
1789453559171907600,27.687907470703124,-6.919996831089258,-4.085692273575067,5.620600578662753
1789453559181847800,27.697847900390624,-6.950470879808067,-4.02576416683495,5.626239461332559
1789453559191786800,27.707786865234375,-6.9712161461949345,-3.9717271639600393,5.638966256436706
1789453559201726700,27.717726806640623,-6.981508992150426,-3.9207881271004674,5.661830414673686
1789453559211665700,27.727665771484375,-6.9791609677195545,-3.872827229268849,5.697625366154313
1789453559221606000,27.73760595703125,-6.956606606084108,-3.834178057400882,5.751093336969614
1789453559231545600,27.747545654296875,-6.92985829989016,-3.810177004088461,5.799139867258072
1789453559241484500,27.757484619140627,-6.902057854294776,-3.7986052242383357,5.8397448493689295
1789453559251424800,27.7674248046875,-6.869626826289296,-3.79476462316215,5.8803428172171115
1789453559261363700,27.77736376953125,-6.837177678105235,-3.7949858646973964,5.917894256976246
1789453559271303700,27.7873037109375,-6.810197316721081,-3.798921742841601,5.9464119109302755
1789453559281243000,27.797242919921874,-6.789096076503395,-3.807301448652148,5.965151098191738
1789453559291182800,27.807182861328126,-6.771803580918908,-3.8194440141275523,5.977030336555838
1789453559301122600,27.81712255859375,-6.754217655345797,-3.8356653733491894,5.986532324394584
1789453559311061500,27.8270615234375,-6.734640263694525,-3.856414439128339,5.995257482641935
1789453559321001700,27.837001708984374,-6.713955203062295,-3.8814012886077163,6.0023255213320255
1789453559330940700,27.846940673828126,-6.692907154336571,-3.910718568506837,6.006804712572693
1789453559340880600,27.856880615234374,-6.671141312730312,-3.946294616539776,6.0077440392494195
1789453559350820900,27.86682080078125,-6.648520315599441,-3.990551106895506,6.003588088613748
1789453559360759800,27.876759765625,-6.625466772270202,-4.04666111665219,5.991502514022589
1789453559370699500,27.886699462890626,-6.600415917643904,-4.115971091982722,5.9719046641051765
1789453559380638700,27.896638671875,-6.570989916673303,-4.196950462318957,5.947946280890703
1789453559390578700,27.90657861328125,-6.5350412359356875,-4.288729459089041,5.922029749345779
1789453559400518700,27.9165185546875,-6.4953790876328945,-4.390166511042416,5.891257594463229
1789453559410457900,27.926457763671873,-6.450649719068408,-4.50165792402029,5.85615588594377
1789453559420397800,27.936397705078125,-6.396208519306779,-4.62629786464572,5.818614967578649
1789453559430336800,27.946336669921877,-6.334543213510513,-4.762584111662209,5.775960067200661
1789453559440276700,27.95627685546875,-6.265273277929425,-4.909681675550341,5.728154944452643
1789453559450216000,27.9662158203125,-6.188785666054486,-5.0640620899230235,5.676671425452828
1789453559460155600,27.97615576171875,-6.107796066585183,-5.220349799221753,5.622561065080761
1789453559470095600,27.986095703125,-6.023271863248944,-5.3769999120920895,5.565827954989671
1789453559480034800,27.996034912109376,-5.936390283131599,-5.533698540279269,5.505251613473892
1789453559489974800,28.005974853515625,-5.84966535488069,-5.689093684652447,5.439302346748113
1789453559499913700,28.015913818359376,-5.76096649620831,-5.8435880807936185,5.369740734744072
1789453559509854000,28.02585400390625,-5.668590410327911,-5.9984963184326885,5.2967473947256805
1789453559519793700,28.035793701171876,-5.573228586634993,-6.15474194215536,5.218108742296695
1789453559529732600,28.045732666015624,-5.4771267582297325,-6.311134280872345,5.132353535860776
1789453559539672800,28.0556728515625,-5.384705664163827,-6.464280185014009,5.038693255388736
1789453559549611800,28.06561181640625,-5.295564906942844,-6.611755642303824,4.940857735058665
1789453559559551700,28.0755517578125,-5.211314844372868,-6.75223612613976,4.83940986945033
1789453559569491700,28.08549169921875,-5.131763168752193,-6.884580065271258,4.736871285995841
1789453559579431000,28.095430908203124,-5.0536862418591975,-7.010302540436387,4.63533252723366
1789453559589370600,28.10537060546875,-4.978644152617454,-7.130207853755355,4.532507235792279
1789453559599309600,28.1153095703125,-4.908182961425185,-7.243904375562072,4.4278614509254695
1789453559609249800,28.125249755859375,-4.839311669772863,-7.35271195628345,4.323085025416314
1789453559619188700,28.135188720703123,-4.770272035816312,-7.457535435804724,4.219011195218563
1789453559629128700,28.145128662109375,-4.701562656727433,-7.559281992098689,4.113756046281755
1789453559639069000,28.15506884765625,-4.633294591665267,-7.658827238956094,4.005665089397132
1789453559649007900,28.1650078125,-4.565099299578368,-7.753880435091257,3.8996921475797888
1789453559658947600,28.174947509765627,-4.4930034929215905,-7.845161126950383,3.7995775764018296
1789453559668886800,28.18488671875,-4.415355897356569,-7.933806794130802,3.7053655072659253
1789453559678826800,28.19482666015625,-4.335504946528375,-8.019224146914482,3.6146678759917616
1789453559688766700,28.2047666015625,-4.2560210754469034,-8.101275238135457,3.525055117344856
1789453559698705700,28.21470556640625,-4.180588525582849,-8.180482045841217,3.4311510912448164
1789453559708646000,28.22464599609375,-4.107929824346304,-8.256541787692903,3.335393253971636
1789453559718584800,28.234584716796874,-4.035722081747651,-8.329014318707586,3.2420398474916814
1789453559728524800,28.24452490234375,-3.9648619543656705,-8.395576164373756,3.1566727635905143
1789453559738463700,28.254463623046874,-3.8938802464306352,-8.4556954097718,3.083714494885504
1789453559748403700,28.26440380859375,-3.8260412204355,-8.51058143069148,3.0169147488102315
1789453559758343700,28.27434375,-3.76448668153733,-8.56013485841155,2.953492662474513
1789453559768282600,28.28428271484375,-3.709959264796972,-8.603594645431638,2.895649545314908
1789453559778222800,28.294222900390626,-3.662356678883731,-8.641182325547932,2.8438576910182833
1789453559788161800,28.304161865234374,-3.6258728683561086,-8.671817117786407,2.7969685140714047
1789453559798101800,28.314101806640625,-3.603969664105773,-8.69421190494597,2.7554478784203527
1789453559808041700,28.324041748046874,-3.594904898640513,-8.708390067902206,2.722307825362682
1789453559817980700,28.333980712890625,-3.596740297374129,-8.714919761931895,2.698885448721051
1789453559827920600,28.343920654296873,-3.6098517078816887,-8.713906785497068,2.684614346784353
1789453559837859600,28.353859619140625,-3.631932314525544,-8.707279476311802,2.676329918041825
1789453559847799800,28.3637998046875,-3.65780851406008,-8.696817703530192,2.675100668507814
1789453559857738800,28.37373876953125,-3.6839135539144277,-8.683741948857904,2.681757203787565
1789453559867678700,28.3836787109375,-3.7103444647222754,-8.668092544305324,2.6959017567351458
1789453559877618700,28.39361865234375,-3.7391032339558,-8.649437528195977,2.7160180775687097
1789453559887557600,28.4035576171875,-3.7713057139024135,-8.627233295172452,2.7419904309540986
1789453559897497600,28.41349755859375,-3.8071243385195728,-8.601144914191961,2.774250194045901
1789453559907436800,28.423436767578124,-3.844810218313336,-8.572263103100656,2.8114281243175268
1789453559917376800,28.433376708984376,-3.8829625465750692,-8.541830555436015,2.851331095638871
1789453559927316700,28.443316650390624,-3.9215883375674485,-8.510269880524277,2.8925431037321685
1789453559937255700,28.453255615234376,-3.9601507079347966,-8.477678108999132,2.9353990796402094
1789453559947195600,28.463195556640624,-3.9987732840567825,-8.44454273211658,2.9782381044134496
1789453559957134800,28.473134765625,-4.036868913695216,-8.410869010573625,3.021808073809743
1789453559967074600,28.483074462890624,-4.072366051273048,-8.376998889675736,3.0679131146416068
1789453559977014500,28.4930146484375,-4.105395337432623,-8.342340248748659,3.11792597656697
1789453559986953500,28.502953369140624,-4.135377803242206,-8.30686561526358,3.1725460400268433
1789453559996893700,28.512893798828124,-4.16283191961795,-8.270435873010754,3.231271785239875
1789453560006832600,28.52283251953125,-4.192677607305348,-8.232447795400024,3.2891701397180557
1789453560016772600,28.532772705078123,-4.228535687150061,-8.192334396198392,3.342984147492051
1789453560026711800,28.5427119140625,-4.271381433925033,-8.150293243804574,3.390933647146821
1789453560036651500,28.552651611328123,-4.321045044021308,-8.106748116588593,3.4321477010667323
1789453560046591500,28.562591552734375,-4.374538733799755,-8.060451060315966,3.4731790918961165
1789453560056530700,28.57253076171875,-4.426695329755544,-8.011362327498198,3.5203432863920927
1789453560066470700,28.582470703125,-4.473537452690303,-7.958660664880275,3.5801617952778932
1789453560076409600,28.59240966796875,-4.514216084559261,-7.902330874893069,3.653130585376918
1789453560086349800,28.602349853515626,-4.5523444474235175,-7.841341860923171,3.736294606275856
1789453560096289500,28.61228955078125,-4.593308325974643,-7.775366290712356,3.823027425572276
1789453560106228500,28.622228515625,-4.6437981577619905,-7.703549008736014,3.9065184864684936
1789453560116168400,28.63216845703125,-4.70308855112046,-7.625638670581579,3.9876004403963683
1789453560126107600,28.642107666015626,-4.767040798810124,-7.544031815996766,4.066114297401905
1789453560136047600,28.652047607421874,-4.834171384274959,-7.459052270108461,4.1429146284878255
1789453560145986600,28.661986572265626,-4.903677466699481,-7.370162857300043,4.219607992067933
1789453560155926800,28.6719267578125,-4.974502230507135,-7.276887776753306,4.2978593987450004
1789453560165866500,28.681866455078126,-5.044512170800567,-7.179801613485813,4.378783531762659
1789453560175805700,28.6918056640625,-5.11474072228074,-7.080277993938326,4.458644419462979
1789453560185745700,28.70174560546875,-5.185258027574419,-6.980252854609489,4.534264308592677
1789453560195684600,28.7116845703125,-5.260688239350914,-6.878131619784235,4.6029216652333735
1789453560205624600,28.72162451171875,-5.340771245369315,-6.77256521294117,4.666786234639584
1789453560215564800,28.731564697265625,-5.421029023432731,-6.666216131287813,4.72698818988502
1789453560225503700,28.741503662109373,-5.495075087374448,-6.56110915865004,4.788154606248438
1789453560235443700,28.751443603515625,-5.564603966152668,-6.457465244302154,4.8483717590630055
1789453560245382700,28.761382568359377,-5.63597291983962,-6.354064491060376,4.902246264852583
1789453560255322600,28.771322509765625,-5.711016178125143,-6.249041105052829,4.950167999717593
1789453560265261600,28.781261474609376,-5.788647114816308,-6.142441848030686,4.993227973765134
1789453560275201500,28.791201416015625,-5.867661614820361,-6.034331017401814,5.032668588271737
1789453560285141800,28.801141845703125,-5.951982404538989,-5.924039920124411,5.064589328667521
1789453560295080700,28.811080810546876,-6.0401768208205695,-5.812202762448788,5.089688698610663
1789453560305020700,28.821020751953125,-6.128883862799405,-5.700700535815954,5.109715003073215
1789453560314959600,28.830959716796876,-6.216926303389668,-5.59102610913217,5.124508667579293
1789453560324899600,28.840899658203124,-6.305293153628707,-5.48205427775979,5.134274274790287
1789453560334839600,28.850839599609376,-6.391893578717112,-5.373389904901385,5.142058937317133
1789453560344778500,28.860778564453124,-6.475573147922754,-5.264105938839912,5.150387789723276
1789453560354718700,28.87071875,-6.554039366394281,-5.155141121730208,5.161341145414114
1789453560364657700,28.88065771484375,-6.630886459231376,-5.046397838416695,5.170651410073042
1789453560374597600,28.89059765625,-6.709132312950492,-4.935651983109116,5.176609441694617
1789453560384536600,28.90053662109375,-6.79102733682692,-4.823925007809699,5.175136446532607
1789453560394476500,28.9104765625,-6.8772285334646694,-4.712643730451166,5.1638259479671715
1789453560404416500,28.92041650390625,-6.964119465932249,-4.604045700827241,5.145304787370562
1789453560414355500,28.93035546875,-7.040352810785174,-4.4993005472391845,5.134211146426201
1789453560424295700,28.940295654296875,-7.103108834427594,-4.399954330085218,5.133873292773962
1789453560434234600,28.950234619140623,-7.158341476827859,-4.311209294183552,5.132441798666119
1789453560444174600,28.960174560546875,-7.204577158302068,-4.233402124142646,5.132522462686896
1789453560454114600,28.970114501953127,-7.238323945081233,-4.159954902876914,5.145074485746026
1789453560464053500,28.980053466796875,-7.255464464974403,-4.087875170572102,5.178603245860338
1789453560473993500,28.989993408203127,-7.265537530699372,-4.019207584798336,5.218076593592762
1789453560483932400,28.999932373046875,-7.270237671214342,-3.956969739811122,5.258936427247524
1789453560493872600,29.00987255859375,-7.265209613919258,-3.9052638102322814,5.304342672160267
1789453560503812600,29.0198125,-7.2530047968626015,-3.8661096114516256,5.349534982061386
1789453560513751600,29.02975146484375,-7.229301849713921,-3.8398987731352445,5.400259207126498
1789453560523691800,29.03969189453125,-7.207969723349809,-3.822874573098123,5.440702861195803
1789453560533630700,29.049630615234374,-7.1857029464840885,-3.812327752381563,5.477431294134259
1789453560543570400,29.0595703125,-7.165307808709144,-3.807907013329863,5.5071384501338
1789453560553509600,29.069509521484374,-7.147353634345531,-3.8098201534748077,5.529107705357671
1789453560563449600,29.07944970703125,-7.132052020317316,-3.8162788280948994,5.544391199207306
1789453560573389600,29.0893896484375,-7.118580544325709,-3.825623287284374,5.555249862352014
1789453560583328800,29.099328857421874,-7.107292257592081,-3.8377097386583685,5.561361038708687
1789453560593268700,29.109268798828126,-7.098665299022198,-3.8511893979564307,5.5630625819295645
1789453560603207700,29.119207763671874,-7.0902914384305475,-3.8680584074318407,5.562039668622613
1789453560613147400,29.1291474609375,-7.079857138177752,-3.892181625819206,5.55850155762434
1789453560623087600,29.139087646484374,-7.06719756309092,-3.9235257353708146,5.552570998531579
1789453560633026600,29.149026611328125,-7.049422252425551,-3.9655142807945607,5.545336955624818
1789453560642966500,29.158966552734373,-7.027706679701804,-4.01942385789752,5.5340743878543375
1789453560652905700,29.16890576171875,-7.001739294752478,-4.085319933131337,5.5187143216371535
1789453560662845700,29.178845703125,-6.969210651591419,-4.165690816180407,5.499776396933198
1789453560672784600,29.18878466796875,-6.9319321835547685,-4.25876891285032,5.4755427039086815
1789453560682724600,29.198724609375,-6.887222104212642,-4.3640851443246005,5.448970923325419
1789453560692664600,29.20866455078125,-6.8345151808977125,-4.480400908719003,5.4208694489568465
1789453560702603500,29.218603515625,-6.776352914786338,-4.6051390490219,5.389259089684486
1789453560712543700,29.228543701171876,-6.712756933188438,-4.737223168173432,5.354253242754936
1789453560722482700,29.238482666015624,-6.641154170745611,-4.87581564630568,5.31901475611329
1789453560732422700,29.248422607421876,-6.562978459653258,-5.019954652649164,5.281833318710327
1789453560742362600,29.258362548828124,-6.479618039399385,-5.169290643113851,5.240550291207432
1789453560752301600,29.268301513671876,-6.392524862357973,-5.322423103252053,5.19402293331027
1789453560762241500,29.278241455078124,-6.302368790614604,-5.477246585217118,5.142990080687404
1789453560772180500,29.288180419921876,-6.209777600678801,-5.633638923934102,5.08637387497425
1789453560782120700,29.29812060546875,-6.115580144590139,-5.790586558446288,5.02386101243794
1789453560792060700,29.308060791015624,-6.018216917946934,-5.947499121645093,4.95769021191597
1789453560801999600,29.31799951171875,-5.920041205877065,-6.102558750453591,4.886949911521375
1789453560811939800,29.32793994140625,-5.824053943762183,-6.25317776646614,4.811290274903178
1789453560821878800,29.337878662109375,-5.732933410900831,-6.3988254238069056,4.728515253321826
1789453560831818500,29.347818603515623,-5.645328192684054,-6.538551874405146,4.6419811714679
1789453560841757400,29.35775732421875,-5.5586272298306225,-6.674329879638552,4.552515712337196
1789453560851697700,29.36769775390625,-5.473849928516149,-6.80723554430604,4.457456086461246
1789453560861637600,29.3776376953125,-5.394013006213307,-6.933505131959914,4.359074330425262
1789453560871576600,29.38757666015625,-5.316780128929019,-7.053607429155707,4.260149845814705
1789453560881516800,29.397516845703127,-5.244494644919038,-7.166645194792747,4.159912232778966
1789453560891455700,29.407455810546875,-5.175243998560309,-7.271780224481224,4.063057540179789
1789453560901395500,29.4173955078125,-5.105851897904277,-7.373530287906527,3.966326181699335
1789453560911335700,29.427335693359375,-5.038192904651165,-7.474636208209395,3.8622339390620586
1789453560921274600,29.437274658203126,-4.972061851617694,-7.574393636512756,3.752013568933308
1789453560931214600,29.447214599609374,-4.905297176855802,-7.6723168351262805,3.6392391304075717
1789453560941153500,29.457153564453126,-4.836256373855472,-7.7680872396200895,3.526731526124477
1789453560951093800,29.46709375,-4.759283901073038,-7.861904171958566,3.4219954326257107
1789453560961033700,29.47703369140625,-4.676347843711078,-7.951929895320534,3.3270074106812477
1789453560970972700,29.48697265625,-4.591689784862101,-8.036417273777722,3.240795984910428
1789453560980913000,29.496912841796874,-4.508730346624553,-8.11656107007265,3.1564529833599924
1789453560990851800,29.506851806640626,-4.431291133113205,-8.192164884850383,3.06961261203587
1789453561000791800,29.516791748046874,-4.358674809713661,-8.262023433974385,2.9851781328096982
1789453561010731000,29.52673095703125,-4.28583052277714,-8.326541791114211,2.9104572383463383
1789453561020671000,29.5366708984375,-4.213329057928919,-8.386956804588436,2.8420342749834058
1789453561030610700,29.546610595703125,-4.149250845772028,-8.441102236273885,2.7752260533407327
1789453561040549600,29.556549560546873,-4.09748354139477,-8.48734376296699,2.7103543527185914
1789453561050489900,29.56648974609375,-4.05412312309593,-8.52654530802071,2.6518898887902496
1789453561060428800,29.5764287109375,-4.014874816291034,-8.561225576257705,2.5993442935168742
1789453561070368800,29.58636865234375,-3.9820103653043506,-8.591049052113295,2.5510569402098655
1789453561080309000,29.59630908203125,-3.9568537122160192,-8.61562001426816,2.5069445344999433
1789453561090248000,29.606248046875,-3.9387466853782533,-8.63473738719225,2.469406246483326
1789453561100188000,29.61618798828125,-3.9279400446817276,-8.647655905476212,2.44125991005972
1789453561110126800,29.626126953125,-3.9235739584267137,-8.653787540099025,2.426509792434424
1789453561120066800,29.63606689453125,-3.9244080711632963,-8.65416806384921,2.423787381733209
1789453561130005800,29.646005859375,-3.929611192764342,-8.65042186305821,2.428725422657281
1789453561139945700,29.65594580078125,-3.939581382636726,-8.643405262294412,2.4375438121460378
1789453561149886000,29.665885986328124,-3.9529645958229898,-8.633700445359946,2.4502350975453853
1789453561159825000,29.675824951171876,-3.9678184660837053,-8.621619546943903,2.468697221431136
1789453561169764900,29.685764892578124,-3.9830397083520888,-8.606429576596618,2.497030166468024
1789453561179704000,29.6957041015625,-3.999858156684041,-8.587019942727684,2.5366493524119256
1789453561189643800,29.705643798828124,-4.019875693318247,-8.56322990181744,2.5849779145121574
1789453561199583700,29.715583740234376,-4.0443025708273055,-8.535604228267074,2.637702958005667
1789453561209523000,29.72552294921875,-4.071779191295803,-8.504934949237107,2.6938968466535207
1789453561219463000,29.735462890625,-4.101198178003728,-8.472638361266254,2.7504525543510914
1789453561229401900,29.74540185546875,-4.131702037338912,-8.43918851160705,2.8070424565792083
1789453561239342000,29.755342041015624,-4.163010198794305,-8.404594752609729,2.864001776641607
1789453561249281000,29.765281005859375,-4.194671411471068,-8.37048147060573,2.917220156610012
1789453561259220700,29.775220703125,-4.227766748604179,-8.335632860064505,2.9687679730176924
1789453561269160700,29.78516064453125,-4.2614992145970465,-8.298533840247988,3.0239646673217413
1789453561279100000,29.795099853515627,-4.294602442775666,-8.258717378166317,3.085506346738338
1789453561289040000,29.805039794921875,-4.327150667420029,-8.216467551457882,3.1521091089367865
1789453561298978800,29.814978759765626,-4.3596077066496015,-8.172986137127875,3.2196988363459704
1789453561308919000,29.8249189453125,-4.396343153850734,-8.127372386944293,3.284560892356932
1789453561318858800,29.834858642578126,-4.4399119542032475,-8.078275470820069,3.34649244787395
1789453561328797700,29.844797607421874,-4.487153013327718,-8.025742150506376,3.409292602919042
1789453561338738000,29.854738037109374,-4.53352108900994,-7.970632842224836,3.476579840250313
1789453561348676900,29.8646767578125,-4.576460067026317,-7.91355486421883,3.549942013581097
1789453561358616800,29.874616943359374,-4.616698261651396,-7.853633771741389,3.629998716114461
1789453561368555800,29.8845556640625,-4.6545597902730105,-7.790037790143489,3.7176369598180052
1789453561378496000,29.89449609375,-4.694921026755869,-7.721201569804549,3.8093443526566024
1789453561388436000,29.90443603515625,-4.743442773340642,-7.645044212797283,3.9017242379292845
1789453561398375000,29.914375,-4.798248130239546,-7.56168496158719,3.9960169710859654
1789453561408315000,29.92431494140625,-4.857499068370461,-7.473308174476027,4.089594541710615
1789453561418253800,29.93425390625,-4.921635148194432,-7.381212074580788,4.179187718874216
1789453561428193800,29.94419384765625,-4.9907548616498705,-7.284402390167116,4.266171590322256
1789453561438134000,29.954134033203125,-5.06513293402493,-7.182183540186285,4.35098396295011
1789453561448073000,29.964072998046873,-5.142368149396777,-7.075248767599463,4.434785404969752
1789453561458013000,29.974012939453125,-5.22142005880177,-6.964287808236479,4.517286285784841
1789453561467951900,29.983951904296877,-5.299855297613144,-6.849937790957092,4.600026236052811
1789453561477891800,29.993891845703125,-5.374951747390628,-6.733862849581241,4.683523434428871
1789453561487830800,30.003830810546877,-5.445383712488413,-6.618828357169032,4.765427810655534
1789453561497770800,30.013770751953125,-5.511474433511495,-6.506421875172853,4.8436099514886735
1789453561507711000,30.0237109375,-5.576632842120528,-6.394290118464827,4.9177825644195075
1789453561517650000,30.03364990234375,-5.641861393356323,-6.2820332740724085,4.987568048307299
1789453561527590000,30.04358984375,-5.708072525888681,-6.1708823450952766,5.050595290106535
1789453561537528800,30.05352880859375,-5.77868510825038,-6.060498308837413,5.103679814562201
1789453561547468800,30.06346875,-5.854373094180226,-5.949943592187762,5.147320218846201
1789453561557407700,30.07340771484375,-5.9342953566789625,-5.839455511033535,5.182210330441594
1789453561567347700,30.08334765625,-6.015615211015939,-5.730501215317845,5.210002008208632
1789453561577288000,30.093287841796876,-6.094859428122639,-5.623208130812644,5.23475358762741
1789453561587227000,30.103226806640624,-6.170740890797973,-5.516065268433094,5.259790413728356
1789453561597166800,30.113166748046876,-6.2434969149291515,-5.408486937245726,5.2855859492421144
1789453561607106000,30.12310595703125,-6.314859438875318,-5.299362545660138,5.311283285078406
1789453561617045800,30.133045654296875,-6.387027433985471,-5.1858232602417464,5.336989973264933
1789453561626985700,30.14298583984375,-6.464411117917299,-5.068817760017514,5.356200869691372
1789453561636924700,30.152924560546875,-6.545957766747474,-4.952027363848686,5.366397269535065
1789453561646865000,30.162864990234375,-6.629450873470306,-4.838257776805758,5.367681464126706
1789453561656803800,30.172803955078123,-6.721075848722458,-4.729840948967635,5.350340453225374
1789453561666743800,30.182743896484375,-6.810240571340918,-4.62458901490122,5.329557777437567
1789453561676683000,30.19268310546875,-6.889362623372674,-4.516396058946848,5.320641480532288
1789453561686623000,30.202623046875,-6.9640557530462734,-4.412291249088943,5.3107461094617845
1789453561696562700,30.212562744140627,-7.027720708227157,-4.319150024054944,5.303440754884481
1789453561706502000,30.222501953125,-7.075134785830974,-4.238095834916829,5.3057899483591315
1789453561716441900,30.23244189453125,-7.1105556433022015,-4.166752892453968,5.314942392107844
1789453561726380800,30.242380859375,-7.138849425372481,-4.1027012760430575,5.326821630471945
1789453561736321000,30.252321044921874,-7.156527705404162,-4.04284681906104,5.348822449877858
1789453561746260000,30.262260009765626,-7.16417909694016,-3.983069518968463,5.383311579456925
1789453561756200000,30.272199951171874,-7.16248106085062,-3.922881299987435,5.4295706418067216
1789453561766139600,30.2821396484375,-7.1624500811904666,-3.867067058306932,5.46950342374444
1789453561776078800,30.292078857421874,-7.14867991451323,-3.8262867196291683,5.516002724590897
1789453561786018800,30.302018798828126,-7.126099833914637,-3.8014109293088314,5.562227884671092
1789453561795957800,30.311957763671874,-7.101441193476319,-3.787888892173767,5.602836373913288
1789453561805898000,30.32189794921875,-7.072017530593276,-3.779485220965743,5.645567262136936
1789453561815838000,30.331837890625,-7.04655224994719,-3.7724586833298206,5.681992328214645
1789453561825777000,30.34177685546875,-7.021371631461381,-3.7715804391905663,5.713665231329203
1789453561835716900,30.351716796875,-7.000155240431427,-3.7739807783305643,5.7380567452639335
1789453561845655800,30.36165576171875,-6.97976594787538,-3.7792514122098684,5.759384779974818
1789453561855595800,30.371595703125,-6.962082991668582,-3.7871678844228382,5.77556843753457
1789453561865534700,30.38153466796875,-6.945607657685875,-3.800154791767895,5.786857308790087
1789453561875475000,30.391474853515625,-6.928184813719987,-3.820701320712268,5.794208256074786
1789453561885415000,30.401414794921877,-6.910046514961123,-3.84916724447906,5.7970355884552
1789453561895353900,30.411353759765625,-6.888710296943783,-3.886804608955979,5.7973091446995735
1789453561905293800,30.4212939453125,-6.864812119483948,-3.933554961954057,5.794124084922671
1789453561915233000,30.43123291015625,-6.839619810560345,-3.988756916955113,5.786174002701044
1789453561925172700,30.4411728515625,-6.812293412217498,-4.052912578262388,5.773815456387401
1789453561935113000,30.451113037109376,-6.780106129840016,-4.130828761635721,5.756459832438826
1789453561945052000,30.461052001953124,-6.740857238513231,-4.223819472283124,5.735028337353468
1789453561954991400,30.470991455078124,-6.692680359843373,-4.3315065245419735,5.711085736230015
1789453561964930300,30.480930419921876,-6.637497986325621,-4.450785522656142,5.6837055618733165
1789453561974870500,30.49087060546875,-6.575147620874643,-4.579162603983283,5.654127585211396
1789453561984809500,30.5008095703125,-6.5065674211233855,-4.715791673088074,5.6210582593023775
1789453561994749200,30.510749267578124,-6.431795965516567,-4.856739774435758,5.586988816440105
1789453562004689400,30.520689453125,-6.352071855938434,-5.001042446908355,5.550777100852131
1789453562014628400,30.53062841796875,-6.271597220253944,-5.146548065429926,5.509126409080625
1789453562024568300,30.540568359375,-6.18745704779923,-5.294540824592113,5.463846420896053
1789453562034507300,30.55050732421875,-6.0998775485455985,-5.444467766687274,5.414759441643953
1789453562044447500,30.560447509765623,-6.010085049417615,-5.595402424520254,5.361038957372307
1789453562054386400,30.570386474609375,-5.916872512713074,-5.748167804911732,5.302791351065039
1789453562064326400,30.580326416015627,-5.818321537590027,-5.9036184788644315,5.240688822895288
1789453562074266400,30.590266357421875,-5.714636122187971,-6.061442896211147,5.174188352027535
1789453562084205300,30.600205322265627,-5.612547036066651,-6.218062613943219,5.099547829324007
1789453562094145300,30.610145263671875,-5.520290192651748,-6.367860961222648,5.0146875259011985
1789453562104084200,30.620084228515626,-5.4327627158463,-6.510612897121906,4.9261973415434355
1789453562114024400,30.6300244140625,-5.343896099391579,-6.651073507213592,4.834910804465413
1789453562123963400,30.63996337890625,-5.260139373296499,-6.787716604843736,4.735842819730937
1789453562133903400,30.6499033203125,-5.181686014306545,-6.917196971237659,4.633885251034796
1789453562143843300,30.65984326171875,-5.107901231649517,-7.040626951551437,4.52871953394711
1789453562153782300,30.6697822265625,-5.039740718615055,-7.157261864897609,4.420975783064961
1789453562163722200,30.67972216796875,-4.973894327741861,-7.268635496714711,4.31250108755976
1789453562173661400,30.689661376953126,-4.910224111863971,-7.376335408455133,4.201165449665487
1789453562183601400,30.699601318359374,-4.8468482027575375,-7.480424728482961,4.089216356047988
1789453562193541400,30.709541259765626,-4.778752571652829,-7.582595647668838,3.979710271668434
1789453562203480300,30.719480224609374,-4.704521506533027,-7.68486885818541,3.8704797893598673
1789453562213420300,30.729420166015625,-4.630804528415203,-7.783972791016101,3.75975819171071
1789453562223359200,30.739359130859373,-4.564164356815815,-7.8761437097132205,3.647625265958905
1789453562233299200,30.74929931640625,-4.5022740100920196,-7.960247057288885,3.5403961866006255
1789453562243238400,30.75923828125,-4.440770909120142,-8.037098241779209,3.443112162673473
1789453562253178400,30.769178466796873,-4.377567726232111,-8.108787513461708,3.3548201312363144
1789453562263118300,30.779118408203125,-4.315069769003987,-8.176120343500376,3.271338130429387
1789453562273057500,30.7890576171875,-4.253433981563151,-8.239971176642179,3.19085706500411
1789453562282997200,30.798997314453125,-4.191918897892535,-8.301779105779529,3.111053752709925
1789453562292936400,30.8089365234375,-4.1273567016109824,-8.362515021771191,3.0337521941035983
1789453562302876400,30.81887646484375,-4.061285854332149,-8.419706397023797,2.963934269250929
1789453562312815400,30.8288154296875,-3.998115696930885,-8.470808223229646,2.9035929055348038
1789453562322755300,30.83875537109375,-3.9405367836654186,-8.514878835624456,2.8529604504063726
1789453562332695300,30.8486953125,-3.889885916097462,-8.55252555245161,2.8095345656558868
1789453562342634500,30.858634521484376,-3.847672914268076,-8.585124338239432,2.767939111202955
1789453562352574500,30.868574462890624,-3.813447404061258,-8.613578863829375,2.7265818494200706
1789453562362513400,30.878513427734376,-3.785997379338741,-8.63727421219349,2.6896362665995954
1789453562372453400,30.888453369140624,-3.7652711099132894,-8.654363294160365,2.663671219737828
1789453562382393300,30.898393310546876,-3.7512814552664753,-8.664446881279348,2.6505843591496347
1789453562392332300,30.908332275390624,-3.745101013065874,-8.668508723890781,2.6460399937182664
1789453562402272500,30.9182724609375,-3.7462770711079236,-8.667846460589766,2.6465473587185144
1789453562412211500,30.92821142578125,-3.7538951448962092,-8.661559343144297,2.656326117672026
1789453562422151400,30.9381513671875,-3.766683899320662,-8.648585879802704,2.6803736404746767
1789453562432090400,30.94809033203125,-3.784787126766145,-8.62975609164834,2.7153455851346253
1789453562442030300,30.9580302734375,-3.8064690894812343,-8.606676829355955,2.757954308283329
1789453562451970300,30.96797021484375,-3.830176128283143,-8.581219147494435,2.804066947899759
1789453562461909200,30.9779091796875,-3.855215584732592,-8.55504191918671,2.8493787925273177
1789453562471849500,30.987849365234375,-3.8822573209151625,-8.527849960878491,2.8938302209332583
1789453562481788400,30.997788330078127,-3.9116345143079756,-8.498677642408014,2.9397298023208975
1789453562491728400,31.007728271484375,-3.940836351133883,-8.467478202024102,2.9903198796123265
1789453562501668400,31.01766845703125,-3.967283336293697,-8.43499105991721,3.046634472030401
1789453562511607300,31.027607177734374,-3.989852018715441,-8.402310441064834,3.1068694527626035
1789453562521547300,31.03754736328125,-4.012555725693702,-8.369631575778126,3.1652906620711088
1789453562531486200,31.047486328125,-4.043063676682114,-8.334692364344,3.2182205804869533
1789453562541426400,31.057426513671874,-4.0817514269948,-8.296760985356569,3.2670228975787756
1789453562551365400,31.067365478515626,-4.123003182576596,-8.257376484951376,3.3146614315882323
1789453562561305300,31.077305419921874,-4.162197421106696,-8.21714033615291,3.365278104625642
1789453562571245300,31.087245361328126,-4.198514350634813,-8.176472810199856,3.4187975133672355
1789453562581184500,31.0971845703125,-4.236232086871564,-8.133865256094932,3.473468722492456
1789453562591124200,31.107124267578126,-4.277595778395235,-8.086782602402568,3.5322102497965093
1789453562601063200,31.117063232421874,-4.318469056053459,-8.035663240540027,3.598518997484445
1789453562611003400,31.12700341796875,-4.351968005551398,-7.983212922334671,3.674114336694777
1789453562620943400,31.136943359375,-4.375595841637254,-7.931565152683854,3.7569732371672986
1789453562630882300,31.14688232421875,-4.39512033405751,-7.879862437975406,3.842018541768193
1789453562640822500,31.156822509765625,-4.420288093061745,-7.825029024025797,3.9243291607081887
1789453562650761500,31.166761474609373,-4.452985370787978,-7.765293224987388,4.005188704057038
1789453562660701200,31.176701171875,-4.491502440708875,-7.701750434881449,4.084094482989609
1789453562670640400,31.186640380859377,-4.535277869549393,-7.634689992043375,4.160904458686709
1789453562680580400,31.196580322265625,-4.580722692906856,-7.5644818988293405,4.238627749836445
1789453562690520300,31.206520263671877,-4.625109531643987,-7.492519655424356,4.317513362763822
1789453562700459500,31.21645947265625,-4.674929501345753,-7.417516144627332,4.39270538187027
1789453562710399500,31.2263994140625,-4.734285653416812,-7.336337744587659,4.464875130546092
1789453562720338400,31.23633837890625,-4.79957470266819,-7.248188336491585,4.538528688038886
1789453562730278100,31.246278076171876,-4.865813307729363,-7.15285632341504,4.618535706211627
1789453562740217300,31.25621728515625,-4.92740262567997,-7.053205278095603,4.705677398569882
1789453562750157300,31.2661572265625,-4.985225869095325,-6.951482687199116,4.795292495304346
1789453562760097300,31.27609716796875,-5.045024796497821,-6.848479993364214,4.880206282480061
1789453562770036500,31.286036376953124,-5.113644743737578,-6.7450786556005475,4.952269940432906
1789453562779976400,31.2959765625,-5.191058822807669,-6.640957186868786,5.012088741579651
1789453562789915400,31.305915283203124,-5.268616109740734,-6.533654165491462,5.071830970358849
1789453562799855400,31.31585546875,-5.3402539434969425,-6.421856170782447,5.13924797154963
1789453562809795300,31.32579541015625,-5.402581512594223,-6.31043343912661,5.211615288624167
1789453562819734300,31.335734375,-5.466874828806519,-6.199888659349083,5.276842670816182
1789453562829674200,31.34567431640625,-5.54410302991569,-6.087419048988819,5.326971268075704
1789453562839613400,31.355613525390623,-5.63755872772634,-5.972983691513538,5.358337297198176
1789453562849553400,31.365553466796875,-5.739488239371776,-5.857562245610356,5.377514875876903
1789453562859493400,31.375493408203123,-5.841748590406775,-5.743188262933493,5.3907490359812975
1789453562869432600,31.3854326171875,-5.938187103420495,-5.630462631985544,5.404276041552424
1789453562879372300,31.395372314453127,-6.028308688372373,-5.51782467932105,5.420651422291994
1789453562889311200,31.405311279296875,-6.118325059384107,-5.402329583659768,5.436113195317983
1789453562899251500,31.41525146484375,-6.212047883698344,-5.282746926423907,5.447334846556187
1789453562909190400,31.4251904296875,-6.309357334327697,-5.162714187332988,5.45057426686883
1789453562919130400,31.43513037109375,-6.410423507142067,-5.045266204038262,5.442626522734761
1789453562929070600,31.445070556640626,-6.512803685164451,-4.92840858785212,5.4281292108267545
1789453562939009500,31.455009521484374,-6.615289077126979,-4.811290859425068,5.409232202655077
1789453562948949200,31.46494921875,-6.7165475576430556,-4.696227140918373,5.385517565068603
1789453562958888200,31.47488818359375,-6.822014595764875,-4.5816167191371315,5.351567949193716
1789453562968828400,31.484828369140626,-6.916942119693756,-4.469895881317556,5.324126400038599
1789453562978768400,31.494768310546874,-6.992255427092314,-4.361888803324103,5.31532233133614
1789453562988707300,31.504707275390626,-7.058253793656825,-4.263586834526062,5.30784454280138
1789453562998647600,31.5146474609375,-7.113234507122636,-4.175465483480692,5.304511014464497
1789453563008586500,31.52458642578125,-7.158851764437556,-4.095581214904785,5.305414685305952
1789453563018526200,31.534526123046874,-7.195381459933519,-4.022038424310088,5.312258852112293
1789453563028466400,31.544466552734374,-7.22717828168869,-3.9521816287517546,5.321517094323038
1789453563038405400,31.5544052734375,-7.253383567047119,-3.8833515458926557,5.3365176795780656
1789453563048345300,31.564345458984373,-7.272370591589808,-3.816308054189384,5.358990208148956
1789453563058284300,31.5742841796875,-7.284542675420641,-3.7550174269244074,5.385688245460391
1789453563068224500,31.584224609375,-7.2822893435359,-3.7046877541348335,5.423461803537607
1789453563078163500,31.59416357421875,-7.2757964743852614,-3.666121876636147,5.458271835634112
1789453563088103200,31.604103271484377,-7.263028762748837,-3.6378240029126405,5.494096013209224
1789453563098043400,31.61404345703125,-7.247000588011741,-3.619972704401612,5.526946143409609
1789453563107982300,31.623982421875,-7.228481765502691,-3.6110447170585394,5.556959588879346
1789453563117922300,31.63392236328125,-7.2104837519973515,-3.608479250484705,5.581951406794786
1789453563127861200,31.643861328125,-7.191898293992876,-3.6119185772836206,5.603664641430973
1789453563137801500,31.653801513671876,-7.171566284582019,-3.622496085399389,5.622854495069384
1789453563147741400,31.663741455078124,-7.151162378978729,-3.638833764477074,5.638273013475537
1789453563157680400,31.673680419921876,-7.1314932173907755,-3.66051251232177,5.649143951579928
1789453563167620400,31.683620361328124,-7.113570607209205,-3.687535836064815,5.654162072002888
1789453563177559300,31.693559326171876,-7.096432425403594,-3.7210996674925085,5.653716081801057
1789453563187499300,31.703499267578124,-7.07538554572165,-3.764797939443588,5.651157629489898
1789453563197439500,31.713439453125,-7.049322299182415,-3.8213223752200602,5.6457893804550165
1789453563207378400,31.72337841796875,-7.018886244386434,-3.890823781469464,5.6362347856462
1789453563217318400,31.733318359375,-6.986431835505366,-3.97154859252274,5.620227069175243
1789453563227257300,31.74325732421875,-6.953202350598573,-4.05945571629554,5.598590991428494
1789453563237197300,31.753197265625,-6.920922713762521,-4.151965949949622,5.570675979542732
1789453563247136300,31.76313623046875,-6.887302768233418,-4.252357584503293,5.536507167959213
1789453563257076200,31.773076171875,-6.845897575655579,-4.367768216751515,5.497879623401165
1789453563267016400,31.783016357421875,-6.794517517030239,-4.4979365654096,5.456511840224266
1789453563276955400,31.792955322265627,-6.734469583302736,-4.638437507511675,5.413151421925425
1789453563286895400,31.802895263671875,-6.66627750608623,-4.785242810454965,5.369595188793539
1789453563296834600,31.81283447265625,-6.593014701476693,-4.93512357532084,5.32420063431859
1789453563306774300,31.822774169921875,-6.516601323881745,-5.086678995400667,5.275410007664561
1789453563316714200,31.83271435546875,-6.4323892552345985,-5.24152410467565,5.226970094144344
1789453563326653400,31.8426533203125,-6.339163274526595,-5.401570874246954,5.177687300059199
1789453563336593400,31.852593505859375,-6.241636381754279,-5.5655865474492305,5.122169410976767
1789453563346532400,31.862532470703126,-6.139384798547625,-5.7318754262804985,5.0620080800026654
1789453563356472300,31.872472412109374,-6.036348202443122,-5.899167344674468,4.993270059341192
1789453563366412300,31.882412353515626,-5.938055585995317,-6.062808923867345,4.914494044268131
1789453563376351200,31.892351318359374,-5.841084573540091,-6.220814542999864,4.832551966379582
1789453563386291200,31.902291259765626,-5.744957026171684,-6.372672160896658,4.749204405607283
1789453563396230400,31.91223046875,-5.649463100531697,-6.517694379815459,4.666221001972258
1789453563406170400,31.92217041015625,-5.556908735474944,-6.6573243843019005,4.579426807877421
1789453563416110300,31.9321103515625,-5.4690112563133235,-6.791254131320119,4.48767148424387
1789453563426049500,31.942049560546874,-5.384875175511836,-6.918789793387055,4.3936125598430635
1789453563435989500,31.951989501953125,-5.304278959274292,-7.0401721935212604,4.297787210291624
1789453563445928400,31.961928466796873,-5.230490669485926,-7.155111993387341,4.197225479868054
1789453563455868200,31.9718681640625,-5.16246810361743,-7.264374916660786,4.092452561490237
1789453563465807400,31.981807373046873,-5.092034969475865,-7.370994631949067,3.9887341206014155
1789453563475747300,31.991747314453125,-5.015039992600679,-7.478243292790651,3.885309401962161
1789453563485687300,32.00168725585937,-4.930854811960458,-7.58676971848309,3.781261875249445
1789453563495626500,32.01162646484375,-4.8455099398911,-7.6939885687083,3.6734187556460496
1789453563505566500,32.02156640625,-4.7604336556300515,-7.795844430595636,3.5683988767698405
1789453563515505400,32.03150537109375,-4.672736959737539,-7.892315092313289,3.470920207053423
1789453563525445400,32.0414453125,-4.580829368151724,-7.98522718476653,3.3797286547824736
1789453563535385300,32.05138525390625,-4.490130860094726,-8.07387109838128,3.28963746496886
1789453563545324300,32.06132421875,-4.405172356994449,-8.15608176407814,3.2005005071401595
1789453563555264500,32.071264404296876,-4.324786860898137,-8.232088898959756,3.1143688686072823
1789453563565203500,32.081203369140624,-4.247119683849811,-8.302033372801542,3.0345716937929392
1789453563575143400,32.091143310546876,-4.170836070114374,-8.365554535597562,2.9651383843436836
1789453563585083100,32.10108325195313,-4.096641537612676,-8.423602819940447,2.9035931977957485
1789453563595022300,32.111022216796876,-4.029416259601712,-8.476126203382014,2.844202558933198
1789453563604962300,32.12096240234375,-3.970177888691425,-8.522641286319494,2.787956063315272
1789453563614901200,32.1309013671875,-3.9171173296332356,-8.56315449849367,2.7384225093394514
1789453563624841500,32.14084155273437,-3.8721769486665725,-8.597370071828365,2.6947856121867892
1789453563634781400,32.150781494140624,-3.8371646719962356,-8.624657307204604,2.6574054373413323
1789453563644720400,32.16072045898437,-3.8120337378710505,-8.645018542709947,2.627252583400905
1789453563654660400,32.170660400390624,-3.795223765106499,-8.658772342774272,2.6062045346751805
1789453563664599300,32.18059936523437,-3.787261700186133,-8.666536547034978,2.591940154740214
1789453563674539300,32.19053930664062,-3.7875568837404248,-8.66935043541193,2.5820827775925395
1789453563684478200,32.20047827148438,-3.7936929022774097,-8.667059109604358,2.580773156298697
1789453563694418400,32.21041845703125,-3.803886087250709,-8.659400119283795,2.591452078962326
1789453563704358400,32.2203583984375,-3.8172900509640573,-8.646015152531861,2.616316471105814
1789453563714297300,32.23029736328125,-3.8342476155057548,-8.627578747609258,2.652135680244863
1789453563724237600,32.24023754882813,-3.8555420402079816,-8.605275145864486,2.6934084786146877
1789453563734176500,32.250176513671875,-3.879934723186493,-8.580700676578283,2.7364327968269584
1789453563744116200,32.2601162109375,-3.9054841749846934,-8.555128428426384,2.7798145501747724
1789453563754056400,32.27005639648438,-3.9321182071492076,-8.527673435267806,2.82623961674124
1789453563763995400,32.279995361328126,-3.9600907944411037,-8.497088911911845,2.878815607152879
1789453563773935400,32.28993530273438,-3.9897482660800216,-8.462550682494044,2.9389740155175326
1789453563783874300,32.299874267578126,-4.022014166651666,-8.42410317067802,3.0047151924505826
1789453563793814500,32.309814453125,-4.0547453466475005,-8.383529168227314,3.0734155114501713
1789453563803754200,32.31975415039062,-4.08664767460376,-8.342085397204757,3.143133483059704
1789453563813693200,32.32969311523438,-4.115962031893432,-8.30142020933926,3.2118042837038634
1789453563823633400,32.33963330078125,-4.141635986854136,-8.262332646054029,3.278881969937682
1789453563833572400,32.349572265625,-4.166558538925647,-8.223442066645621,3.3444244094282385
1789453563843512300,32.35951220703125,-4.193925269278884,-8.183148050180078,3.408435109306872
1789453563853452500,32.36945263671875,-4.224439065486193,-8.141053121772408,3.470983043156564
1789453563863391500,32.3793916015625,-4.256896104715764,-8.096222630921005,3.535592877972126
1789453563873331200,32.389331298828125,-4.289099753706157,-8.048522722113132,3.604899930693209
1789453563883270100,32.39927026367187,-4.319752958384156,-7.99910431894958,3.677566522975266
1789453563893210400,32.40921044921875,-4.350110687246919,-7.948982151430845,3.7497514692202207
1789453563903149300,32.4191494140625,-4.382613026922941,-7.8982836453288785,3.8184085335999725
1789453563913089300,32.42908935546875,-4.4207983806714415,-7.845564447054266,3.882528831332922
1789453563923029500,32.43902954101563,-4.466938492816686,-7.788252660292387,3.9446185000211
1789453563932968400,32.448968505859376,-4.52042107667923,-7.72494835511744,4.007658016780018
1789453563942908200,32.458908203125,-4.580299499058723,-7.654520481672883,4.0742587331518525
1789453563952847400,32.468847412109376,-4.643013729386031,-7.5780083198785775,4.145671525980532
1789453563962787300,32.47878735351563,-4.708427574060857,-7.496179346975683,4.22000488243103
1789453563972727600,32.4887275390625,-4.774332709383964,-7.410332955124974,4.296868926402926
1789453563982666500,32.49866650390625,-4.841166357728839,-7.322914199391007,4.3713200640141965
1789453563992606500,32.5086064453125,-4.911307815447449,-7.233057987377047,4.442101865462958
1789453564002545700,32.51854565429687,-4.982117966207862,-7.138199437031149,4.516086554606258
1789453564012485600,32.528485595703124,-5.05112545146048,-7.038865787097811,4.594660909627378
1789453564022425300,32.53842529296875,-5.116235929274558,-6.938206441518664,4.675022148065269
1789453564032364300,32.5483642578125,-5.179938878378271,-6.8372174255937335,4.753007012760639
1789453564042304500,32.558304443359376,-5.245780008554458,-6.732887867069244,4.829118484799563
1789453564052243500,32.568243408203124,-5.32004117655158,-6.624094899395108,4.897847737632691
1789453564062183400,32.578183349609375,-5.40156093737483,-6.5106883004456755,4.960291334325075
1789453564072123600,32.58812353515625,-5.4863896766155955,-6.39549715616703,5.016728676339984
1789453564082062600,32.5980625,-5.569264359179138,-6.281517725765704,5.069145676797628
1789453564092002300,32.60800219726563,-5.652052532503008,-6.167731772109866,5.117005160081386
1789453564101941500,32.61794140625,-5.736988239249587,-6.052040277093648,5.160442735269665
1789453564111881500,32.62788159179688,-5.8251703805714845,-5.935314178332686,5.19709985653758
1789453564121820400,32.6378203125,-5.915296641698479,-5.817893667566776,5.227979563447833
1789453564131760600,32.6477607421875,-6.005063421863317,-5.699866423079371,5.255576595425605
1789453564141700600,32.65770068359375,-6.096278647270799,-5.581865482077002,5.277174094727635
1789453564151639600,32.6676396484375,-6.190173905542492,-5.45995350511074,5.295379613503814
1789453564161579300,32.67757934570312,-6.287436009898782,-5.333322098407149,5.3098178887009615
1789453564171518500,32.6875185546875,-6.387485114625096,-5.204718514847755,5.318018146291375
1789453564181458400,32.69745849609375,-6.483968635824322,-5.076374459007382,5.325312394952774
1789453564191398400,32.7073984375,-6.578795621988177,-4.9469578054994345,5.33080222454071
1789453564201337600,32.717337646484374,-6.667959175562858,-4.81649982624501,5.339476529383659
1789453564211277600,32.727277587890626,-6.75583444289267,-4.688680086539685,5.3427843387573954
1789453564221216500,32.737216552734374,-6.839423995727301,-4.56898490884006,5.340132362943887
1789453564231156500,32.747156494140626,-6.914277284398675,-4.456749691757559,5.338596239417791
1789453564241096400,32.75709643554688,-6.984118882387876,-4.348649382522702,5.336825722613931
1789453564251035400,32.767035400390625,-7.04785631828308,-4.248210109435021,5.333927078562975
1789453564260975600,32.7769755859375,-7.102468198436498,-4.159060584385693,5.331745642870664
1789453564270914600,32.78691455078125,-7.147804885244369,-4.08023137782067,5.332074144172668
1789453564280854500,32.7968544921875,-7.187395137354732,-4.010111547411978,5.332054270428419
1789453564290794500,32.80679443359375,-7.218302901315688,-3.945591728967428,5.338425559026002
1789453564300733400,32.8167333984375,-7.240451020237803,-3.8874791472166774,5.351058246105909
1789453564310673400,32.82667333984375,-7.256376319122314,-3.8334979661822315,5.368395165354013
1789453564320612400,32.8366123046875,-7.259428692430258,-3.780676184315979,5.401625234782696
1789453564330552600,32.84655249023437,-7.24916565709114,-3.7314980196490883,5.4493941171735525
1789453564340492500,32.856492431640625,-7.228164370116591,-3.6972786469221113,5.500374947348237
1789453564350431500,32.86643139648437,-7.211994741082191,-3.6800109935179353,5.533088883948325
1789453564360371700,32.87637182617188,-7.186629413679242,-3.6761958191439508,5.568513833072781
1789453564370310700,32.886310546875,-7.154453237217664,-3.6800533713549375,5.607261204618215
1789453564380250400,32.89625048828125,-7.122375260433555,-3.689711134277284,5.641652134519815
1789453564390190600,32.90619067382813,-7.092963872510194,-3.7062101413965225,5.66782644021809
1789453564400129500,32.916129638671876,-7.063176052489876,-3.728046125629544,5.690661372360587
1789453564410069500,32.92606958007813,-7.031511332681775,-3.752862002456188,5.7135191008567805
1789453564420008400,32.936008544921876,-7.0006029841989275,-3.7803468062311407,5.733320948913693
1789453564429948700,32.94594873046875,-6.9712886269092555,-3.810651343601942,5.74895515589714
1789453564439887600,32.9558876953125,-6.942817734706401,-3.8444402159571647,5.7608981071472165
1789453564449827300,32.96582739257813,-6.916389746508002,-3.8823505521565673,5.767264719569683
1789453564459767600,32.975767578125,-6.888980346056819,-3.9267689550757408,5.769990929663181
1789453564469706500,32.98570654296875,-6.858270735016465,-3.982895331445336,5.768106431090831
1789453564479646500,32.995646484375,-6.824566033813357,-4.051671053768694,5.760172715482115
1789453564489585400,33.00558544921875,-6.788166686698794,-4.131702037338912,5.746327145481109
1789453564499525600,33.01552563476562,-6.748464206385612,-4.222720278869569,5.726886531952023
1789453564509465300,33.02546533203125,-6.706441174170375,-4.326081576883793,5.699037571039796
1789453564519404300,33.035404296875,-6.660947835496067,-4.442092805373669,5.663035698810219
1789453564529344500,33.045344482421875,-6.60793988340795,-4.569464801311493,5.623657043623924
1789453564539283500,33.05528344726562,-6.545875933682918,-4.706244677063823,5.583289961922168
1789453564549223400,33.065223388671875,-6.474344482910633,-4.851273033462465,5.542416684263944
1789453564559163600,33.07516357421875,-6.392572208631038,-5.003376442813873,5.501964262366294
1789453564569102600,33.0851025390625,-6.305645035806298,-5.157371657261252,5.459920771884918
1789453564579042600,33.09504248046875,-6.216278068614006,-5.310517561402917,5.415415859726071
1789453564588981500,33.1049814453125,-6.124918466299772,-5.463108169749379,5.367517213475704
1789453564598921500,33.11492138671875,-6.032551732769608,-5.616300251120329,5.313742953190207
1789453564608861400,33.124861328125,-5.938881515425443,-5.772270565032959,5.251760252007842
1789453564618800400,33.13480029296875,-5.844304120108485,-5.930468491867185,5.1811254578143355
1789453564628740600,33.14474072265625,-5.749249170407652,-6.088900811979174,5.103116919982433
1789453564638679600,33.15467944335938,-5.652053701546788,-6.247388077148795,5.019444949561358
1789453564648619500,33.16461962890625,-5.557291012790799,-6.401690165588259,4.9300341432273385
1789453564658559500,33.1745595703125,-5.471007398566603,-6.545397210255265,4.836966860212385
1789453564668498400,33.18449853515625,-5.3895443363666535,-6.681132545390724,4.741901681378484
1789453564678438400,33.1944384765625,-5.309631426218152,-6.811463975656032,4.6456630748510355
1789453564688377300,33.20437744140625,-5.230516972970962,-6.936863794738054,4.548846668435633
1789453564698317600,33.214317626953125,-5.155010773348808,-7.059340419849753,4.445447084237635
1789453564708257500,33.22425756835938,-5.086328282266855,-7.177765723744034,4.333511142362654
1789453564718196500,33.234196533203125,-5.019124631565809,-7.292487496945261,4.2188159649074075
1789453564728136400,33.24413647460938,-4.949077281871438,-7.404836695796251,4.104313679675758
1789453564738075400,33.254075439453125,-4.878564360491931,-7.513756504720449,3.9891687126263973
1789453564748015400,33.26401538085938,-4.809668226659298,-7.617610846948623,3.874213715191185
1789453564757954600,33.27395458984375,-4.739178393894433,-7.716776739099621,3.7632282059088347
1789453564767894500,33.28389453125,-4.665903606586158,-7.812108752176165,3.656597384704649
1789453564777834500,33.29383447265625,-4.588440719938278,-7.904168611714243,3.5553809897646307
1789453564787773400,33.3037734375,-4.507321941131353,-7.993454330363869,3.45819662681967
1789453564797713400,33.31371337890625,-4.424812000226974,-8.079946034380793,3.362424761021137
1789453564807652400,33.32365234375,-4.343929076002538,-8.162398107618094,3.2674095588088035
1789453564817592300,33.33359228515625,-4.265383947075903,-8.238781674596666,3.1779440996780988
1789453564827532500,33.343532470703124,-4.187398790119588,-8.309435758012533,3.096673345179856
1789453564837471500,33.35347143554687,-4.110854187360406,-8.373903846269846,3.024735359433293
1789453564847411500,33.363411376953124,-4.040296257795394,-8.432294660440087,2.9568188842877743
1789453564857350700,33.3733505859375,-3.9788016323909163,-8.485145960661768,2.888219103053212
1789453564867290600,33.38329052734375,-3.9262040146693584,-8.53232856759727,2.8204078418478367
1789453564877230300,33.393230224609376,-3.8793648143440485,-8.574543907514213,2.756464361986518
1789453564887169500,33.40316943359375,-3.837126678073406,-8.611694365257025,2.699186185233295
1789453564897109500,33.41310961914063,-3.8011671836808323,-8.642733646643162,2.650405203190446
1789453564907048400,33.42304833984375,-3.7706259149447083,-8.667747676390409,2.612067873750627
1789453564916988400,33.43298852539063,-3.7468671459555623,-8.686202201491593,2.5848127870783206
1789453564926928600,33.4429287109375,-3.7345670518308878,-8.697261940166353,2.565351130761206
1789453564936867600,33.45286767578125,-3.734873633562028,-8.701406200364232,2.55081582493037
1789453564946807300,33.46280737304688,-3.744031338007748,-8.70023423397541,2.541369366671145
1789453564956746200,33.47274633789063,-3.756468794776499,-8.695634046703576,2.538764152608812
1789453564966686500,33.4826865234375,-3.7699051994547244,-8.687956351682542,2.545113813896477
1789453564976626400,33.49262646484375,-3.786127727720141,-8.676184080824255,2.561148710635304
1789453564986565400,33.5025654296875,-3.806555598720908,-8.659220671063661,2.5881363785430787
1789453564996505600,33.512505615234375,-3.8298616555064915,-8.637390532049537,2.6264064879655837
1789453565006444500,33.52244458007812,-3.853610779884457,-8.612539583909511,2.6728698407158253
1789453565016384300,33.53238427734375,-3.8748578583136197,-8.586745217439532,2.7246409444853663
1789453565026323200,33.5423232421875,-3.894451324316859,-8.560553376084565,2.778595822034776
1789453565036263400,33.552263427734374,-3.9153827609255907,-8.53288678600192,2.8337296802356837
1789453565046203400,33.562203369140626,-3.939856692446768,-8.503075585106014,2.8888769824400544
1789453565056142300,33.572142333984374,-3.96821038801074,-8.471407358166575,2.942614125585556
1789453565066082600,33.58208251953125,-3.999580216525495,-8.437760524630546,2.996322919419408
1789453565076021500,33.592021484375,-4.033889021101594,-8.402593934181333,3.048697249779105
1789453565085961200,33.601961181640625,-4.070883703760803,-8.36596720805168,3.099817196163535
1789453565095901400,33.6119013671875,-4.105728514909744,-8.3304019736737,3.1492446594163774
1789453565105840400,33.62184033203125,-4.137583496592939,-8.2963114880234,3.197182176372409
1789453565115780400,33.6317802734375,-4.171842032286524,-8.261043190765381,3.2436566350385543
1789453565125719300,33.64171923828125,-4.212372487856447,-8.221398578119278,3.2916470512256026
1789453565135659500,33.65165942382812,-4.256748805199563,-8.17689425048232,3.344983212354779
1789453565145599500,33.661599609375,-4.300446200367808,-8.129584802296757,3.4038775921329854
1789453565155538400,33.67153833007813,-4.340094612406194,-8.082443696415424,3.4652719720333813
1789453565165478400,33.681478515625,-4.375055451150239,-8.036688491934537,3.527170209802687
1789453565175417300,33.69141723632813,-4.407616243015229,-7.991337192079424,3.5891251461952924
1789453565185357300,33.701357421875,-4.443519623306393,-7.943291830834746,3.6509772067353126
1789453565195297500,33.711297607421876,-4.489700651983917,-7.887498047420382,3.714885615283251
1789453565205236500,33.721236572265624,-4.546652081000804,-7.82030433359146,3.786977330286801
1789453565215176400,33.731176513671876,-4.606142088584601,-7.744653172540664,3.869654152190685
1789453565225115400,33.741115478515624,-4.661912491123378,-7.665358686551452,3.9597012106016276
1789453565235055400,33.751055419921876,-4.715686166886985,-7.583312856027484,4.0529052717387675
1789453565244995300,33.76099536132813,-4.773229132056236,-7.497290523087978,4.14454719812572
1789453565254934300,33.770934326171876,-4.839304363249242,-7.406286310082674,4.2306537022173405
1789453565264874500,33.78087451171875,-4.914249129596352,-7.310753805997967,4.30969275214076
1789453565274813400,33.7908134765625,-4.993680978229642,-7.212489831122755,4.383326143628358
1789453565284753400,33.80075341796875,-5.072736979287862,-7.113147413361072,4.454305221214891
1789453565294692600,33.81069262695313,-5.149303501617908,-7.0118766578853124,4.526441359882057
1789453565304632300,33.82063232421875,-5.22429239936769,-6.907547099360823,4.6003220041289925
1789453565314572300,33.830572265625,-5.296145921701193,-6.800116652211546,4.677564526024461
1789453565324511200,33.84051123046875,-5.366990559253097,-6.689506990504264,4.755663664749265
1789453565334451500,33.85045141601562,-5.437002837634086,-6.577168897569179,4.832205929420888
1789453565344390400,33.86039038085938,-5.509677028700709,-6.4661272741854185,4.899289753134548
1789453565354330400,33.87033032226562,-5.586712337586284,-6.357471084633469,4.953948687300086
1789453565364270300,33.880270263671875,-5.670466725593805,-6.2489230316311115,4.996712308749556
1789453565374209300,33.89020922851562,-5.758235609939694,-6.138786832654476,5.032731716635823
1789453565384149200,33.900149169921875,-5.844075572049618,-6.025291386377811,5.070802796354889
1789453565394088400,33.91008837890625,-5.925768351352215,-5.907472231683134,5.114435017332434
1789453565404028400,33.9200283203125,-6.006372166374326,-5.78713203407824,5.157803034415841
1789453565413968400,33.92996850585938,-6.088136841869354,-5.667859757965803,5.194258495631813
1789453565423907600,33.939907470703126,-6.174600488835573,-5.550604666894674,5.218763406813144
1789453565433847600,33.94984765625,-6.266724061259627,-5.435342795467377,5.230255107164383
1789453565443786500,33.959786376953126,-6.36207477903664,-5.31957414356172,5.2341661431282756
1789453565453726200,33.96972631835938,-6.454383060377836,-5.202361722588539,5.2389656523644925
1789453565463665400,33.97966552734375,-6.539939529371261,-5.083376446723937,5.249652466073632
1789453565473605400,33.98960546875,-6.619874066829681,-4.96350971184969,5.264141594675183
1789453565483545300,33.99954541015625,-6.701295043453574,-4.842530047297477,5.273796727249026
1789453565493484500,34.00948461914062,-6.781335963895916,-4.72293131570965,5.279940052309632
1789453565503424500,34.019424560546874,-6.867299260124564,-4.607593164175748,5.2707414313316345
1789453565513363500,34.02936352539062,-6.9527399937838315,-4.497133724594116,5.254104184785485
1789453565523303400,34.03930346679687,-7.026053067275881,-4.395099291269481,5.242912344163656
1789453565533243400,34.049243408203125,-7.088074346902966,-4.301579588311911,5.236980616027116
1789453565543182300,34.05918237304687,-7.140467381963133,-4.218077129238844,5.233731258842349
1789453565553122600,34.06912255859375,-7.179703998330235,-4.143385753130913,5.23971559394896
1789453565563061500,34.0790615234375,-7.204782325485349,-4.07394601394087,5.259703319966793
1789453565573001500,34.08900146484375,-7.227225627961754,-4.007889195187389,5.279621487879753
1789453565582941200,34.09894116210938,-7.2398781887859105,-3.9468218552842735,5.3082145451575515
1789453565592880400,34.10888037109375,-7.2407976417183875,-3.8897441695392128,5.348941692343354
1789453565602820400,34.1188203125,-7.228198272386193,-3.842665899761021,5.399761778998375
1789453565612759300,34.12875927734375,-7.207061376333236,-3.812969265155494,5.448843497553468
1789453565622699500,34.13869946289063,-7.18519675052762,-3.8008886590003965,5.486035456350446
1789453565632638500,34.148638427734376,-7.1565937563776965,-3.799196468129754,5.524464263466
1789453565642578400,34.15857836914063,-7.124840189242363,-3.8057507120788094,5.560874716496468
1789453565652518400,34.16851831054687,-7.094932542234659,-3.8208205631777643,5.588703219142556
1789453565662457300,34.17845727539063,-7.065376777404547,-3.845286019131541,5.609332750195264
1789453565672397300,34.18839721679687,-7.033498122584819,-3.8791631542921063,5.6260436464995145
1789453565682336300,34.19833618164063,-7.001997653427719,-3.9193367592483757,5.637486247012019
1789453565692276500,34.2082763671875,-6.970184465059638,-3.9641380240052935,5.645576614487171
1789453565702216400,34.218216552734376,-6.939459071928263,-4.013870023162663,5.648285873445868
1789453565712155400,34.2281552734375,-6.911000454685092,-4.067130488707125,5.645076848271489
1789453565722095600,34.238095703125,-6.881748056715726,-4.1258226239115,5.638217483896017
1789453565732034600,34.24803466796875,-6.848148569452762,-4.194690700693428,5.6283039926469325
1789453565741974300,34.257974365234375,-6.808396404778957,-4.27451914742887,5.616460410118103
1789453565751913200,34.26791333007812,-6.759656631529331,-4.364361038656533,5.60622776991725
1789453565761853400,34.277853515625,-6.705997522056102,-4.461588363960385,5.594124659669399
1789453565771793400,34.28779345703125,-6.652137337052822,-4.5644349904507395,5.575424635374546
1789453565781732400,34.297732421875,-6.597969693535566,-4.675019517716765,5.548095314422249
1789453565791672600,34.30767260742188,-6.539931930586695,-4.794204992328584,5.515005530247092
1789453565801611500,34.317611572265626,-6.473904337927698,-4.922867904859781,5.47944380300045
1789453565811551200,34.32755126953125,-6.398700920644402,-5.060475463607907,5.442298021432757
1789453565821491500,34.33749145507812,-6.318145036417246,-5.203191159150004,5.40169128575623
1789453565831430400,34.34743041992188,-6.2313534726709126,-5.3498453631848095,5.359083147129416
1789453565841370400,34.35737036132812,-6.140759009510278,-5.498893184357882,5.312592029589414
1789453565851309300,34.36730932617188,-6.049787529730796,-5.6473658359915015,5.260964718204736
1789453565861249500,34.37724951171875,-5.956934473988413,-5.795917982602119,5.20506396728456
1789453565871188500,34.3871884765625,-5.860206038117409,-5.945038869011402,5.146344651812314
1789453565881128200,34.39712817382812,-5.759434464335441,-6.0963704172074795,5.0826744359344245
1789453565891068400,34.407068359375,-5.660019565859437,-6.249028830093145,5.008413267937303
1789453565901007400,34.41700732421875,-5.567382783216238,-6.398448991709947,4.922856798943877
1789453565910947300,34.426947265625,-5.479214085897803,-6.541318416509032,4.833195817241072
1789453565920886500,34.43688647460937,-5.390556143757701,-6.679760672515631,4.74269253949523
1789453565930826500,34.446826416015625,-5.301230093097686,-6.815251677501201,4.6497029978916045
1789453565940766200,34.45676611328125,-5.218471730390191,-6.945136533042788,4.550060135878622
1789453565950705400,34.466705322265625,-5.144353185734152,-7.0683911567896605,4.443408564147353
1789453565960645400,34.47664526367188,-5.078936418449878,-7.184076222065091,4.331722505380213
1789453565970584300,34.486584228515625,-5.018386964941024,-7.291186935740709,4.2219428647562856
1789453565980524500,34.49652465820313,-4.956479667082428,-7.393274852818251,4.116216298915446
1789453565990463500,34.50646337890625,-4.890238139411807,-7.4939265996128315,4.01211324262321
1789453566000403500,34.51640356445313,-4.819416298213601,-7.594619847461581,3.907088395310938
1789453566010343400,34.52634350585937,-4.742982754613458,-7.695607109820842,3.801592131094634
1789453566020282600,34.53628271484375,-4.665195750577747,-7.795294980019331,3.69319634604454
1789453566030222300,34.54622241210937,-4.593825627847016,-7.888622667536139,3.582846504317224
1789453566040161300,34.55616137695313,-4.523831469644606,-7.97441236076355,3.4805312082245945
1789453566050101500,34.5661015625,-4.448987825584411,-8.054860692963004,3.390586733405292
1789453566060040400,34.57604052734375,-4.370294812619686,-8.131058966502547,3.3101030376315115
1789453566069980400,34.58598046875,-4.290793990403413,-8.205002154591678,3.2306963234394788
1789453566079920600,34.595920654296876,-4.217524463792145,-8.275983570265769,3.144994308495521
1789453566089859600,34.605859619140624,-4.151500378264487,-8.342412144941092,3.056077130897343
1789453566099799300,34.61579931640625,-4.086118974554538,-8.404093817350267,2.9740935519546268
1789453566109738500,34.625738525390624,-4.018316188916564,-8.46149445143938,2.9028716055229307
1789453566119678500,34.635678466796875,-3.953572206327319,-8.514049983584881,2.8373578076049686
1789453566129618400,34.64561840820313,-3.8984170130774376,-8.560198571297526,2.7741151694893835
1789453566139557600,34.6555576171875,-3.8517026081755756,-8.600992353978752,2.712503639706969
1789453566149497600,34.66549755859375,-3.8059190543830392,-8.638499954596162,2.6573750422030686
1789453566159436500,34.6754365234375,-3.7635666440829634,-8.67095319443345,2.611616330590844
1789453566169376300,34.68537622070313,-3.730761814329028,-8.695866101893783,2.575603060184419
1789453566179315500,34.6953154296875,-3.7099692016690966,-8.71274709406793,2.548436820839345
1789453566189255400,34.70525537109375,-3.7018311956599352,-8.723422801861167,2.5236302963629362
1789453566199195400,34.7151953125,-3.703400052411854,-8.728714478528499,2.5029542958199977
1789453566209134600,34.72513452148438,-3.709607090358436,-8.72807676514685,2.495980072893202
1789453566219074600,34.73507446289062,-3.7180697982773183,-8.72177561917603,2.505381522966921
1789453566229013500,34.74501342773438,-3.727615332996845,-8.710131943133472,2.531579209540784
1789453566238953500,34.75495336914062,-3.7399753406152128,-8.69374311839044,2.569390469279885
1789453566248892700,34.764892578125,-3.759232998792827,-8.672695069664716,2.61207108862102
1789453566258832400,34.77483227539062,-3.7855394064381716,-8.647861657181382,2.6560382406413554
1789453566268772600,34.784772705078126,-3.8156434528008103,-8.621089385589956,2.699640651002526
1789453566278711600,34.794711669921874,-3.847082254898548,-8.593466050127148,2.7427476790621874
1789453566288651500,34.804651611328126,-3.8773873767912383,-8.565838038489222,2.7861536900684234
1789453566298590500,34.814590576171874,-3.907928353266418,-8.537471775704622,2.830207643589377
1789453566308530700,34.82453076171875,-3.94033775396198,-8.50707605291903,2.876420820970833
1789453566318469600,34.8344697265625,-3.976455069264769,-8.473402331376075,2.9256881252259013
1789453566328409300,34.844409423828125,-4.016066656424105,-8.436060734975337,2.9790117191344496
1789453566338349600,34.854349609375,-4.054853483197093,-8.397720190665126,3.034286739371717
1789453566348288500,34.86428857421875,-4.09108653383404,-8.359634497898817,3.0902894893616435
1789453566358228500,34.874228515625,-4.124842965224385,-8.321609010887146,3.14751476688385
1789453566368167400,34.88416748046875,-4.156810467371344,-8.282726614785194,3.207452225974202
1789453566378107600,34.89410766601563,-4.187013590194285,-8.243801548585296,3.2678765917986627
1789453566388046600,34.904046630859376,-4.216049422803521,-8.205195046815275,3.327175752985477
1789453566397986300,34.913986328125,-4.243678311224282,-8.166127357274293,3.387621453858912
1789453566407926500,34.92392651367187,-4.271161945955455,-8.125846784812211,3.449372976633906
1789453566417865500,34.93386547851563,-4.298236707624793,-8.084618117845057,3.5120495052993297
1789453566427805400,34.94380541992187,-4.3257033912211655,-8.040717601320146,3.5784848019763826
1789453566437744400,34.95374438476563,-4.354490217505395,-7.9917504490554325,3.6524998862579463
1789453566447684600,34.9636845703125,-4.3844650845304125,-7.938216427266597,3.7324955062538385
1789453566457624300,34.973624267578124,-4.41664126099199,-7.880252898597717,3.8164480471819635
1789453566467563300,34.98356323242187,-4.451584564079344,-7.818297669944167,3.9023099288627505
1789453566477503500,34.99350341796875,-4.4898236938416956,-7.753363133218884,3.9871351609721777
1789453566487442400,35.0034423828125,-4.533171544919908,-7.684581857937574,4.070371954846382
1789453566497382400,35.01338232421875,-4.581212814511359,-7.610152347636222,4.155535917390883
1789453566507321600,35.023321533203124,-4.633687682636082,-7.53033413003385,4.241860740408301
1789453566517261600,35.033261474609375,-4.687853572587668,-7.446243641939759,4.329878631079197
1789453566527201500,35.04320141601563,-4.7436160840809345,-7.358620888066292,4.418053465877473
1789453566537140500,35.053140380859375,-4.802992694418132,-7.267734748482704,4.5035187494561075
1789453566547080400,35.06308056640625,-4.869494334329665,-7.173171966212988,4.583011096104979
1789453566557019400,35.073019287109375,-4.940407653203606,-7.073580542126297,4.661242921298742
1789453566566959400,35.08295947265625,-5.013319160157442,-6.96842622321546,4.7410985483020545
1789453566576898600,35.09289868164063,-5.084908478596806,-6.859146933329105,4.823501813961565
1789453566586838500,35.10283862304688,-5.1566374977678056,-6.746860278320312,4.905030050352216
1789453566596778500,35.11277856445312,-5.231151179221272,-6.631618280637264,4.982683198875189
1789453566606717700,35.1227177734375,-5.308618449783325,-6.516076423224806,5.052693139168619
1789453566616657400,35.13265747070312,-5.387570405945182,-6.401382707074284,5.115348625046014
1789453566626596400,35.14259643554688,-5.46810407834053,-6.285033624932169,5.173833547240496
1789453566636536600,35.15253662109375,-5.546315445268154,-6.164906193295121,5.234761186411976
1789453566646475500,35.1624755859375,-5.623047971814871,-6.040625733631849,5.297409073504805
1789453566656415500,35.17241552734375,-5.700511735245585,-5.9118257507175205,5.35956070151329
1789453566666355500,35.18235546875,-5.780115433314442,-5.781409564778208,5.416266339075565
1789453566676294700,35.192294677734374,-5.865441016161442,-5.650336376234889,5.4626645176351065
1789453566686234400,35.202234375,-5.958390518015623,-5.519879858285188,5.495350397184491
1789453566696173300,35.21217333984375,-6.058014090806245,-5.39102376126945,5.514321639636159
1789453566706113500,35.222113525390625,-6.160295484629273,-5.262641711506247,5.525013129520416
1789453566716052500,35.23205249023437,-6.264812674680352,-5.132273456361889,5.530123604401946
1789453566725992400,35.241992431640625,-6.368942326718568,-5.00004349899888,5.53231673053205
1789453566735932700,35.2519326171875,-6.473337351694703,-4.866522332781553,5.530210698163509
1789453566745871600,35.26187158203125,-6.5781544014751905,-4.733872688701749,5.521661481004953
1789453566755811300,35.27181127929688,-6.679934860038757,-4.60647088214755,5.507207423716784
1789453566765750500,35.28175048828125,-6.776502552390098,-4.487908507870137,5.487084673142433
1789453566775690500,35.2916904296875,-6.858851165252924,-4.377984782600403,5.473558252093196
1789453566785629400,35.30162939453125,-6.922958603504299,-4.2736102158904075,5.475338121247291
1789453566795569400,35.3115693359375,-6.979222927039861,-4.176111964690685,5.479135759964585
1789453566805509600,35.32150952148437,-7.028737776315212,-4.087365175223351,5.482764471855759
1789453566815448600,35.33144848632813,-7.072395131734013,-4.00650796996206,5.486299075722694
1789453566825388500,35.34138842773437,-7.111072945174574,-3.9329827150240537,5.489508100897074
1789453566835327500,35.35132739257813,-7.142810730218887,-3.8671091438829897,5.495095545640588
1789453566845267500,35.36126733398437,-7.163372456732392,-3.808506148266792,5.509239221805334
1789453566855206400,35.37120629882813,-7.1692387184172865,-3.7528301460132,5.539737820443511
1789453566865146400,35.381146484375,-7.15837713266313,-3.7030154370084403,5.5870998755991454
1789453566875086600,35.391086669921876,-7.14204033036828,-3.667862875084579,5.631023188477754
1789453566885025500,35.401025634765624,-7.11680768943429,-3.6510952801570293,5.673706145906448
1789453566894965500,35.410965576171876,-7.088124615785479,-3.6493344079643486,5.7106245484590525
1789453566904904700,35.42090478515625,-7.057766886922717,-3.6575890260905024,5.742855669978261
1789453566914844400,35.430844482421875,-7.0263605257898565,-3.6710040957197543,5.772726492106914
1789453566924783400,35.44078344726562,-6.996615960389375,-3.6894434232518076,5.797050786024331
1789453566934723300,35.450723388671875,-6.97116821539998,-3.710483288671076,5.814253849759697
1789453566944663600,35.46066357421875,-6.945242331504821,-3.7348856162607666,5.829636712330579
1789453566954602500,35.4706025390625,-6.917936975950003,-3.7629537728816267,5.844035824561119
1789453566964542000,35.4805419921875,-6.890681304755806,-3.795413734720647,5.855235848489404
1789453566974481200,35.490481201171875,-6.86471391980648,-3.8324668695688247,5.861597784736752
1789453566984421000,35.500421142578126,-6.839486539569497,-3.8746193733826275,5.86337414675951
1789453566994360000,35.510360107421874,-6.812018686929345,-3.9265567736297844,5.860794651660322
1789453567004299800,35.5202998046875,-6.782501500543952,-3.9913074782207607,5.851283895993232
1789453567014240000,35.53023999023438,-6.751504304733872,-4.070299181871116,5.832690254682302
1789453567024179000,35.540178955078126,-6.715470868322253,-4.16365375739485,5.80833790371418
1789453567034119000,35.55011889648438,-6.674033527040481,-4.26980030221343,5.778970939454436
1789453567044058000,35.56005810546875,-6.629082040157914,-4.386590113860368,5.743125719091296
1789453567053998000,35.569998046875,-6.5771215512961145,-4.514828371238708,5.703350173541903
1789453567063937000,35.57993701171875,-6.5140399489611385,-4.656625198370218,5.66158082382679
1789453567073877000,35.589876953125,-6.441281002220511,-4.807884558112919,5.6182274197906255
1789453567083817000,35.59981689453125,-6.35709640610218,-4.964793321919441,5.577500857126712
1789453567093756000,35.609755859375,-6.2663219101995224,-5.123741774860024,5.5363207054764025
1789453567103696000,35.61969580078125,-6.172958566847443,-5.284592262029648,5.489814390367269
1789453567113635000,35.62963500976562,-6.076445819553732,-5.448491615375876,5.437013359028101
1789453567123575000,35.63957495117187,-5.9810734744668,-5.612211520501971,5.375895165720582
1789453567133514000,35.64951391601563,-5.888489298793673,-5.774131098207831,5.306179239937663
1789453567143454000,35.65945385742187,-5.794380690032243,-5.936168749335408,5.230434555384517
1789453567153393200,35.66939306640625,-5.6963990392297505,-6.099422205993533,5.149610375609994
1789453567163332900,35.67933276367187,-5.598969761613011,-6.2615948816776275,5.061061154541373
1789453567173273000,35.68927319335938,-5.50596414565742,-6.419989207866788,4.96371429451108
1789453567183212000,35.6992119140625,-5.416732787543535,-6.572956832832098,4.860623045609891
1789453567193152000,35.709152099609376,-5.331614125445485,-6.719383073329925,4.753332006931305
1789453567203091000,35.719091064453124,-5.250207761868834,-6.857743496271968,4.645113916535675
1789453567213031200,35.72903125,-5.169543156570196,-6.990006771382689,4.537183703170716
1789453567222970000,35.73897021484375,-5.090447992545366,-7.117610822510719,4.426891436849535
1789453567232909800,35.748909912109376,-5.014234521436691,-7.238204702615738,4.31696712705791
1789453567242850000,35.75885009765625,-4.9434419063329695,-7.3522986993074415,4.2043440797016025
1789453567252789000,35.7687890625,-4.875392452457547,-7.46101217200458,4.09075160279125
1789453567262729000,35.77872900390625,-4.804377426774799,-7.567260131371021,3.9780572437644004
1789453567272668000,35.78866796875,-4.730164189572632,-7.671486229521036,3.8657781875401733
1789453567282608000,35.79860815429687,-4.654601583588123,-7.771441226223111,3.75629986795038
1789453567292547000,35.80854711914063,-4.577684348124265,-7.866210929241776,3.6521103024184702
1789453567302486800,35.81848681640625,-4.501844678764045,-7.9560881840437645,3.5502819130599494
1789453567312427000,35.82842700195312,-4.427765004813671,-8.041406168106198,3.449788571697473
1789453567322366000,35.83836596679687,-4.355041713908315,-8.122316857120394,3.351411784097552
1789453567332306000,35.84830590820312,-4.2840693583235145,-8.199063412192464,3.2546094062075017
1789453567342245000,35.8582451171875,-4.212113252398371,-8.272174825632572,3.162216369192302
1789453567352185000,35.86818505859375,-4.1371264004752035,-8.342129820868372,3.0762720699250696
1789453567362124000,35.8781240234375,-4.062759141755103,-8.407899054852127,2.995260843145847
1789453567372064000,35.88806396484375,-3.9907933912187814,-8.468065646523236,2.9216137153938413
1789453567382004000,35.89800390625,-3.9226895768076178,-8.522551269948481,2.854654687103629
1789453567391943000,35.90794287109375,-3.859272166647017,-8.571258894494175,2.7946169825091958
1789453567401883000,35.9178828125,-3.800451144365966,-8.614716343426704,2.7411040035083887
1789453567411822000,35.927822021484374,-3.7486736108556387,-8.65288270021379,2.6917399608805774
1789453567421762000,35.937761962890626,-3.707751233358681,-8.685040756496786,2.6444360656529664
1789453567431701000,35.947700927734374,-3.676701138317585,-8.71049025505185,2.6037746771797536
1789453567441641200,35.95764111328125,-3.654908116443455,-8.728329278603196,2.574545075564086
1789453567451581000,35.96758081054688,-3.6454034982562065,-8.737754694074392,2.555977737738192
1789453567461520000,35.977519775390626,-3.650616848990321,-8.738743705111741,2.5451442090347407
1789453567471460000,35.98746020507812,-3.6687113086074588,-8.732862830379604,2.539295775267482
1789453567481399000,35.99739892578125,-3.693211543613672,-8.721997152972222,2.5411335120886562
1789453567491339000,36.00733911132812,-3.719709966699779,-8.707653570321202,2.551656367407739
1789453567501278000,36.01727783203125,-3.746243461099267,-8.689988149771095,2.5729709581151603
1789453567511218200,36.02721826171875,-3.773071262270212,-8.668420461085438,2.606299519482255
1789453567521157000,36.0371572265625,-3.8003102745905517,-8.64394769860804,2.647681038923561
1789453567531096800,36.04709692382813,-3.8273230769395825,-8.617724293071031,2.6938541765555737
1789453567541037000,36.057037109375,-3.854094179487228,-8.590873111024498,2.741029184706509
1789453567550976000,36.06697607421875,-3.8827313681676983,-8.562904323124885,2.7877318991705775
1789453567560916000,36.076916015625,-3.9138890152364967,-8.533252696704864,2.8346944336146116
1789453567570855000,36.08685498046875,-3.9458763911277055,-8.50247177399397,2.8824364279985426
1789453567580795100,36.096795166015625,-3.97815135178864,-8.470742756778002,2.9310718640908595
1789453567590734000,36.10673413085937,-4.009294093549252,-8.438450844982265,2.981350683476031
1789453567600673800,36.116673828125,-4.038955364580453,-8.405836277103424,3.0330116048693654
1789453567610614000,36.126614013671876,-4.069282990565895,-8.3724045476228,3.084510613699257
1789453567620553000,36.136552978515624,-4.100139316600561,-8.336892504736781,3.1393449044317006
1789453567630493000,36.146492919921876,-4.1297780835390085,-8.299887008422612,3.1979934927552938
1789453567640431900,36.156431884765624,-4.158373186643422,-8.2613424659729,3.260151550504565
1789453567650372000,36.1663720703125,-4.187192161631584,-8.220989997318387,3.3246240226760504
1789453567660311000,36.17631103515625,-4.218483079691231,-8.178844800028205,3.3884032518863676
1789453567670251000,36.1862509765625,-4.253936670388281,-8.134846668347716,3.4494439960435033
1789453567680191000,36.19619091796875,-4.291751729519665,-8.088636705836652,3.5107249786973
1789453567690130000,36.2061298828125,-4.325648446163535,-8.041879046314953,3.5759403781905768
1789453567700070000,36.21606982421875,-4.353962978760898,-7.994986362236737,3.646039458072185
1789453567710009000,36.22600903320313,-4.3828746004685755,-7.944904526728391,3.7201243927195664
1789453567719949000,36.23594897460937,-4.415378109188378,-7.890103846004605,3.797512168304622
1789453567729888000,36.24588793945313,-4.457218770574033,-7.831084670802951,3.870109787003696
1789453567739828000,36.25582788085938,-4.512198899517953,-7.766167669734358,3.9366383149221535
1789453567749767200,36.26576708984375,-4.576912194707989,-7.694073908904194,4.002933618606627
1789453567759707000,36.27570678710938,-4.643530446736515,-7.615283865305781,4.076204606522619
1789453567769646800,36.28564672851562,-4.708434880584478,-7.530928004273772,4.157665038374066
1789453567779586000,36.2955859375,-4.772738425929844,-7.441814135059714,4.24391299676299
1789453567789526000,36.305526123046874,-4.837966100382805,-7.34797499088943,4.332638158920407
1789453567799465000,36.31546484375,-4.901918640333414,-7.251996496602892,4.421549199038743
1789453567809405200,36.3254052734375,-4.96679121773839,-7.156241874200105,4.504392317420244
1789453567819344100,36.33534423828125,-5.0362242349267,-7.059679442545772,4.5790570977821945
1789453567829283800,36.345283935546874,-5.112729966980218,-6.957800784304737,4.649667926578223
1789453567839224000,36.35522412109375,-5.195020712175965,-6.847926451134681,4.7210254820883275
1789453567849163000,36.3651630859375,-5.2763955115705725,-6.729978117102384,4.799730770012736
1789453567859103000,36.37510302734375,-5.3542871450245375,-6.606892420181632,4.883741470868885
1789453567869042000,36.3850419921875,-5.429534985971451,-6.482862135887146,4.966186237582564
1789453567878982100,36.39498217773438,-5.5072752282559865,-6.358313380676508,5.041047125038505
1789453567888921000,36.404921142578125,-5.59223840753138,-6.232089970251917,5.104735461094975
1789453567898861000,36.41486108398438,-5.681614142552018,-6.104528589221835,5.159883932343125
1789453567908801000,36.42480102539062,-5.776739234879613,-5.975294306543469,5.205333431875705
1789453567918740000,36.43473999023438,-5.876449901431799,-5.84425677383542,5.2423669852405785
1789453567928680000,36.44467993164063,-5.977317336803674,-5.71325840409398,5.272644050082564
1789453567938619000,36.45461889648438,-6.079952366369962,-5.582824097976088,5.294966356527805
1789453567948559000,36.46455908203125,-6.186951436364651,-5.451605948004127,5.30773231459856
1789453567958498800,36.47449877929687,-6.296368673416972,-5.3187739330947394,5.313823032689094
1789453567968438500,36.4844384765625,-6.4011851386755705,-5.185436891272664,5.320381368291378
1789453567978378800,36.494378662109376,-6.500016684305668,-5.052749253270029,5.328216884222626
1789453567988317700,36.504317626953124,-6.5968059104532,-4.92038894752562,5.333132128793001
1789453567998257700,36.514257568359376,-6.692689712193608,-4.787419277711212,5.334688710585236
1789453568008196600,36.524196533203124,-6.787925279158354,-4.655670381863415,5.330966475191712
1789453568018136800,36.53413671875,-6.873005947333574,-4.527337139678001,5.332485647583008
1789453568028075800,36.54407568359375,-6.944260919252038,-4.407346778424084,5.3406870742172
1789453568038015500,36.554015380859376,-7.012117480903863,-4.2979988072156905,5.341141247725487
1789453568047954400,36.563954345703124,-7.080717554399371,-4.198404460519552,5.329848284816742
1789453568057894700,36.57389477539063,-7.142436636209488,-4.109317771573364,5.31690755470097
1789453568067834600,36.58383471679687,-7.197397475931048,-4.028462904399633,5.3046553913712495
1789453568077773600,36.59377368164063,-7.246220251289009,-3.952520066925883,5.295302456614375
1789453568087713800,36.6037138671875,-7.286749830076098,-3.882558641949296,5.291444612142444
1789453568097652700,36.61365283203125,-7.319542677131294,-3.820118260127306,5.2916345817565915
1789453568107592700,36.6235927734375,-7.344738493186235,-3.765309396097064,5.2960062209695575
1789453568117531600,36.63353173828125,-7.357181795173883,-3.715739017242193,5.313712558051943
1789453568127471600,36.6434716796875,-7.361887780907749,-3.671750822433829,5.337717118495703
1789453568137411600,36.65341162109375,-7.355461547252536,-3.6404634115055203,5.367926378798485
1789453568147350500,36.6633505859375,-7.336933956915139,-3.629164311116934,5.400827946925163
1789453568157290800,36.673290771484375,-7.311832248884439,-3.6344241313412784,5.431244712498784
1789453568167229700,36.68322973632812,-7.28245534775257,-3.647927171514928,5.461583152139187
1789453568177169700,36.693169677734375,-7.24832686817944,-3.6653178667768835,5.495238168981671
1789453568187108900,36.70310888671875,-7.214358547604084,-3.6868490228444335,5.525446260240674
1789453568197048600,36.713048583984374,-7.183789221817254,-3.7159509064272043,5.545743782860041
1789453568206987500,36.72298754882812,-7.154402968335151,-3.750950615876913,5.560147571265698
1789453568216927700,36.732927734375,-7.121037289828061,-3.79105349368453,5.575764827114344
1789453568226867700,36.74286767578125,-7.085411265173554,-3.8386525724664327,5.5885693636298175
1789453568236806700,36.752806640625,-7.0503989885032174,-3.893019245687127,5.595233497694134
1789453568246746600,36.76274658203125,-7.014537401527166,-3.9540564827129243,5.597506118801236
1789453568256685800,36.772685791015626,-6.980673125848174,-4.022612717066705,5.590990453296899
1789453568266625500,36.78262548828125,-6.948904945665597,-4.099652994388341,5.574582339331507
1789453568276564500,36.792564453125,-6.916376887026429,-4.189571457983553,5.548121033385396
1789453568286504700,36.80250463867188,-6.881902370494604,-4.292968996354937,5.511829238298535
1789453568296444700,36.81244458007812,-6.841163532871008,-4.409749163390696,5.470189652442932
1789453568306383600,36.82238354492188,-6.792388688308,-4.536370925483108,5.427262949386239
1789453568316323800,36.83232373046875,-6.73567428291738,-4.667890981011093,5.386263414999842
1789453568326262800,36.8422626953125,-6.668606241294741,-4.803981413194537,5.34993596407771
1789453568336202500,36.85220239257813,-6.589181406924128,-4.9469846935063595,5.317936313226819
1789453568346141700,36.8621416015625,-6.498620846033096,-5.099406375026702,5.285293688297271
1789453568356081700,36.87208154296875,-6.397223833829164,-5.262239560446143,5.249262005451321
1789453568366021600,36.882021728515625,-6.289277253851294,-5.4338838288307185,5.204639604392647
1789453568375960600,36.89196069335937,-6.17960516525507,-5.609400554734468,5.149515683063864
1789453568385900800,36.90190087890625,-6.073939389690756,-5.781601872479915,5.084364873239398
1789453568395839700,36.91183984375,-5.970957154121995,-5.9498488996416325,5.0117204927891486
1789453568405779700,36.92177978515625,-5.866876601922511,-6.1189966750353575,4.930316467300057
1789453568415718700,36.93171875,-5.765988708284497,-6.286635214909911,4.837554304711521
1789453568425658600,36.94165869140625,-5.670834974384308,-6.451158253112435,4.732293895077705
1789453568435597600,36.95159765625,-5.581216078257561,-6.6103872765600675,4.617701593475044
1789453568445537500,36.96153759765625,-5.492879623156786,-6.7628405222624535,4.501408333173394
1789453568455477800,36.97147778320313,-5.402625351735949,-6.908751798975468,4.387615657515823
1789453568465416700,36.981416748046875,-5.313955719158053,-7.047042663812637,4.274512717688084
1789453568475356700,36.99135668945313,-5.229545497590303,-7.178354921808839,4.158542697991431
1789453568485295900,37.0012958984375,-5.147534153857827,-7.302185884138941,4.043680931797623
1789453568495235600,37.01123559570313,-5.06852725263834,-7.418222247070074,3.930703664176166
1789453568505174500,37.021174560546875,-4.990448572179675,-7.527962140205502,3.820421919248998
1789453568515114500,37.03111450195313,-4.908324415722489,-7.635064670574665,3.7127535716906186
1789453568525054700,37.0410546875,-4.823535423970222,-7.740880083742737,3.6031489953726528
1789453568534993700,37.05099365234375,-4.737195111122727,-7.846260028102994,3.4879213184759017
1789453568544933600,37.06093359375,-4.649199724544585,-7.948923114719986,3.371934055383503
1789453568554872800,37.07087280273438,-4.559365724362433,-8.046850989508629,3.2604847279816864
1789453568564812500,37.0808125,-4.46994381211251,-8.138421604225039,3.1553248561128973
1789453568574751500,37.09075146484375,-4.385498811492323,-8.221531264588236,3.0568352557882665
1789453568584691700,37.10069165039062,-4.304588999260962,-8.297156706675887,2.9661583750411866
1789453568594630700,37.11063061523438,-4.224640141016245,-8.366653436750173,2.884777730427682
1789453568604570600,37.12057055664062,-4.147136922357976,-8.43076029047966,2.8096099689796565
1789453568614510600,37.130510498046874,-4.073272936984896,-8.489993400692939,2.7383982516810295
1789453568624449800,37.14044970703125,-4.001916258257627,-8.544584822580218,2.6730416901513934
1789453568634389800,37.1503896484375,-3.934075186435878,-8.593900349891186,2.6150229241639376
1789453568644328700,37.16032861328125,-3.8716006100833416,-8.637715526220202,2.563381876514852
1789453568654268700,37.1702685546875,-3.816106101876497,-8.676312675639986,2.5158076399132607
1789453568664207600,37.18020751953125,-3.7695769904136656,-8.709477863138913,2.470970719321072
1789453568674147600,37.190147705078125,-3.7350150878593324,-8.736437766256929,2.427903000358492
1789453568684087800,37.200087890625,-3.711553840512037,-8.75661312380135,2.390918254571408
1789453568694026800,37.21002685546875,-3.6956589367657897,-8.769902813485265,2.3667025355949995
1789453568703966700,37.219966796875,-3.6890892029866573,-8.775964305481315,2.3544474496558307
1789453568713905700,37.22990576171875,-3.694503921511769,-8.774467929443716,2.3515339002966877
1789453568723845600,37.239845703125,-3.7099072423487898,-8.767254929324984,2.3541902600243687
1789453568733784600,37.24978466796875,-3.73116864156425,-8.756087638622521,2.3621323050700127
1789453568743724500,37.259724609375,-3.7541757154032585,-8.741403279709816,2.38000946867466
1789453568753663500,37.26966357421875,-3.7789451227396724,-8.722027548110484,2.4116705352209507
1789453568763603700,37.27960375976563,-3.806310684049129,-8.697813144308329,2.4556904403418303
1789453568773543700,37.28954370117187,-3.835831085304916,-8.670152983966469,2.507045364525914
1789453568783482600,37.29948266601563,-3.8665301749512553,-8.641050223600864,2.5597955424606798
1789453568793422600,37.30942260742187,-3.899703253495693,-8.610089268147945,2.613243931792676
1789453568803361500,37.31936157226563,-3.935921398824453,-8.575981246840954,2.6704808997526763
1789453568813301500,37.32930151367187,-3.974811393710971,-8.538644911137222,2.731817704246938
1789453568823240700,37.33924072265625,-4.0158243721008295,-8.49892431064546,2.7949656498163935
1789453568833180700,37.3491806640625,-4.058351262184977,-8.459065178465842,2.853835771936178
1789453568843119600,37.35911962890625,-4.102012709257006,-8.42024181907475,2.905749791307747
1789453568853059800,37.369059814453124,-4.148445666868985,-8.37948836840391,2.957188594383001
1789453568862999600,37.37899951171875,-4.196191752906143,-8.33480459254682,3.015523002190888
1789453568872938800,37.38893872070312,-4.243566375282406,-8.287101176607608,3.0800115487143396
1789453568882878500,37.39887841796875,-4.288006990033388,-8.239137648427485,3.1464237567767497
1789453568892817700,37.40881762695312,-4.3297032745122905,-8.192083051785826,3.211514653107524
1789453568902757600,37.418757568359375,-4.374672589312493,-8.144209539976716,3.2717660004526374
1789453568912696600,37.42869653320312,-4.425184340670705,-8.093358473661542,3.329520562545955
1789453568922636800,37.43863671875,-4.479637523131072,-8.039266817989946,3.387244729501009
1789453568932576800,37.44857666015625,-4.535198959094286,-7.980427675530314,3.4518338137894866
1789453568942515700,37.458515625,-4.585490930221974,-7.917500386974215,3.5294200345560904
1789453568952455700,37.46845556640625,-4.630544708435237,-7.851027388635277,3.6179835764110084
1789453568962395000,37.478394775390626,-4.674356085371971,-7.779192571002245,3.7155057930082083
1789453568972335000,37.48833520507812,-4.721928568407893,-7.702543046563863,3.8137346965700387
1789453568982274000,37.49827416992188,-4.77678302514553,-7.622530767694115,3.905089038187265
1789453568992214000,37.50821411132812,-4.841419163446128,-7.5392171091914175,3.986381419995427
1789453569002153000,37.51815307617188,-4.917486211821436,-7.450863702955842,4.058743768633902
1789453569012093200,37.52809326171875,-5.003025145158172,-7.356069450017809,4.1265474310547114
1789453569022033000,37.538032958984374,-5.091846753427386,-7.254523969253897,4.197068243479729
1789453569031971800,37.54797192382812,-5.1790065659642215,-7.147564062225818,4.273243136143684
1789453569041912000,37.557912109375,-5.264720271345973,-7.037043832367658,4.351222447881102
1789453569051851000,37.56785107421875,-5.349073794290423,-6.923333282035589,4.430044640183448
1789453569061791000,37.577791015625,-5.433102323064208,-6.806464559933543,4.508189371615648
1789453569071730000,37.58772998046875,-5.519008920669555,-6.686741032922267,4.582404946905374
1789453569081670100,37.597670166015625,-5.610487765449285,-6.563917786329984,4.648414127124846
1789453569091609000,37.60760913085937,-5.709831936776638,-6.438900829085707,4.702000755883753
1789453569101548800,37.617548828125,-5.811175172966719,-6.313780411466956,4.747293603549897
1789453569111489000,37.62748901367188,-5.908123389068246,-6.188950501227379,4.791797638925909
1789453569121428000,37.637427978515625,-6.005900457209348,-6.062445351251959,4.831805239665508
1789453569131368000,37.64736791992188,-6.107257721924781,-5.933600360152125,4.86458814984858
1789453569141307000,37.657306884765624,-6.211133691462874,-5.802585623797774,4.89103484274745
1789453569151247000,37.6672470703125,-6.31793051688373,-5.667208600580692,4.912932786300778
1789453569161186000,37.67718603515625,-6.424987454545498,-5.527940415143966,4.932727620095014
1789453569171126000,37.6871259765625,-6.532062512385845,-5.385840805673599,4.9492678360074756
1789453569181065000,37.69706494140625,-6.6384051642984145,-5.242367569762468,4.96181226028204
1789453569191005000,37.7070048828125,-6.746414872640371,-5.096860782197117,4.967724114674329
1789453569200945000,37.71694482421875,-6.858201176911592,-4.9504076536923645,4.962756847655773
1789453569210884000,37.72688403320313,-6.965715210691094,-4.80545703870505,4.955475458475947
1789453569220824000,37.73682397460937,-7.070360995557904,-4.664130459433793,4.9422933208197355
1789453569230763000,37.74676293945313,-7.167924128687381,-4.526221579651534,4.929969261297583
1789453569240703200,37.756703125,-7.251774962806701,-4.392058900660276,4.928685651227831
1789453569250642200,37.76664208984375,-7.329173844307661,-4.264730159342289,4.9260214004546405
1789453569260582000,37.77658178710937,-7.401890120950341,-4.147144228881597,4.917679104045033
1789453569270520800,37.78652075195313,-7.466470437410473,-4.039296140842139,4.909817869150638
1789453569280461000,37.7964609375,-7.519134690627455,-3.9415193649619815,4.908910691177844
1789453569290401000,37.806401123046875,-7.567184728047251,-3.857686358760297,4.9016672959208485
1789453569300340000,37.81634008789062,-7.602182391670346,-3.7856563108161088,4.903673375046253
1789453569310280200,37.8262802734375,-7.623554265522956,-3.718163614040613,4.922096335965395
1789453569320219100,37.83621923828125,-7.633086648499965,-3.6549320818409323,4.954581139984727
1789453569330158800,37.846158935546875,-7.638154453283548,-3.5997570148468014,4.9870554226100445
1789453569340097800,37.85609790039062,-7.6330048154354095,-3.554773963782191,5.02704782578051
1789453569350038000,37.8660380859375,-7.613965183922648,-3.522953468890488,5.078065480834246
1789453569359978000,37.87597802734375,-7.579761301025748,-3.509680730341375,5.138070744463801
1789453569369917000,37.8859169921875,-7.540142407342791,-3.5102623296216127,5.1956449815541506
1789453569379857200,37.89585717773438,-7.493084888091683,-3.5220106350824234,5.255429880431294
1789453569389796000,37.905796142578126,-7.445913971593976,-3.541454463481903,5.309128152871131
1789453569399735800,37.91573583984375,-7.402528418853879,-3.5666549557119605,5.3527463453233235
1789453569409675000,37.925675048828126,-7.361990656760335,-3.5980768066748974,5.38751662993133
1789453569419615000,37.93561499023438,-7.32499685088396,-3.6337376103818415,5.413942864564061
1789453569429554000,37.945553955078125,-7.289522801920771,-3.6754169437259434,5.433645928421616
1789453569439494000,37.95549389648438,-7.253055065745115,-3.7245898476958272,5.448944035318494
1789453569449434000,37.96543408203125,-7.217712534207105,-3.7797581926882264,5.457877283358574
1789453569459373000,37.975373046875,-7.183295885342359,-3.8410125795960424,5.460521075865626
1789453569469313000,37.98531298828125,-7.14718763012886,-3.908607275441289,5.459931877800822
1789453569479252200,37.99525219726563,-7.105237078627944,-3.9847576181858777,5.459646046596765
1789453569489192000,38.00519189453125,-7.054794593113661,-4.0729643094271415,5.459967533636092
1789453569499131000,38.015130859375,-6.995307800400257,-4.17500137310028,5.459436787760257
1789453569509070800,38.02507080078125,-6.928253202781081,-4.289387630736828,5.4562680945962665
1789453569519010000,38.03501000976563,-6.8575476814389225,-4.411745890165865,5.448022828820347
1789453569528950000,38.04494995117187,-6.78326780874133,-4.540109527489543,5.43554153290987
1789453569538890000,38.054889892578124,-6.706078770598769,-4.673530448202788,5.418209289836883
1789453569548829200,38.0648291015625,-6.626259968474507,-4.8120416777923705,5.395120090672373
1789453569558769000,38.074768798828124,-6.546366932070255,-4.955632694864272,5.362570989245176
1789453569568707800,38.08470776367187,-6.465418249133229,-5.104139248767495,5.321324202099442
1789453569578648000,38.09464794921875,-6.382531876131892,-5.257371662148833,5.271971849909424
1789453569588587000,38.1045869140625,-6.298382351326942,-5.413299305963516,5.215070397514104
1789453569598527000,38.11452685546875,-6.211098035627603,-5.5724464963465925,5.151748556682467
1789453569608466000,38.1244658203125,-6.119326345381141,-5.73466885639131,5.083089446476102
1789453569618406100,38.13440625,-6.022318508046865,-5.899973400360346,5.009228091451526
1789453569628345900,38.14434594726563,-5.922168865555524,-6.067599080753326,4.927734634113311
1789453569638284800,38.154284912109375,-5.827057801753282,-6.232239023333787,4.83476701208055
1789453569648225000,38.16422509765625,-5.740931423917412,-6.388655327448248,4.732568035843968
1789453569658164000,38.1741640625,-5.657658097425103,-6.536465131258964,4.629894135572016
1789453569668104000,38.18410400390625,-5.576621151682734,-6.677210988032818,4.526205797560513
1789453569678043000,38.19404296875,-5.495480161044001,-6.811233089509606,4.424610047914087
1789453569687983000,38.20398315429688,-5.416090982508659,-6.9385565701305865,4.3235131877005095
1789453569697922000,38.213922119140626,-5.341105007368326,-7.05744306179583,4.22320426299423
1789453569707862000,38.22386206054688,-5.263807832676172,-7.169605798164009,4.130306783588231
1789453569717802000,38.23380200195312,-5.180417601805925,-7.276529464834928,4.0479382969811555
1789453569727741000,38.24374096679688,-5.094302329885959,-7.379714529499411,3.9696705236911773
1789453569737681000,38.25368090820312,-5.009913735628127,-7.4807707654416555,3.88705507658571
1789453569747620000,38.2636201171875,-4.92855764093399,-7.578653047522902,3.8004865079402923
1789453569757560000,38.27356005859375,-4.844147127105296,-7.676098107230663,3.712426531693339
1789453569767499000,38.2834990234375,-4.750112168101966,-7.776649316260218,3.6236090150773523
1789453569777439000,38.29343896484375,-4.652043715798855,-7.876635877144336,3.5337595250651237
1789453569787378200,38.30337817382812,-4.556053531074523,-7.971108058521151,3.4458924410417673
1789453569797318000,38.31331787109375,-4.458897225180268,-8.060694805943966,3.363599650019407
1789453569807257900,38.3232578125,-4.360891608980298,-8.145443465685844,3.287063522827625
1789453569817197000,38.333197021484374,-4.269600103466212,-8.222739471334219,3.213630914609134
1789453569827137000,38.343136962890625,-4.1870758417755365,-8.291477491995693,3.1448595761999485
1789453569837076000,38.35307592773437,-4.112673804003,-8.352609129306673,3.0806197437405585
1789453569847016200,38.36301611328125,-4.0452284535005685,-8.407723113763332,3.0193934138834475
1789453569856955100,38.372955078125,-3.9861096173167225,-8.45768979845941,2.9578441356822847
1789453569866894800,38.382894775390625,-3.935791634964943,-8.502149702432751,2.897131892827153
1789453569876833800,38.39283374023437,-3.8919384647130966,-8.540878953799606,2.8419346140012145
1789453569886774000,38.40277392578125,-3.853667770768702,-8.573835466983914,2.7944547776848077
1789453569896714000,38.4127138671875,-3.8229853399962184,-8.60142548469901,2.7514813128769395
1789453569906653000,38.42265283203125,-3.8019402138799427,-8.622888543966413,2.7131954213634133
1789453569916593200,38.43259326171875,-3.793875273106992,-8.63624428462386,2.6818317303285
1789453569926532000,38.442531982421876,-3.799418586447835,-8.640244752436876,2.661012521922588
1789453569936472000,38.45247216796875,-3.8147821597963567,-8.636812439900636,2.650152981995046
1789453569946411000,38.462410888671876,-3.835165022611618,-8.627994927194713,2.649448048596084
1789453569956351000,38.47235107421875,-3.8585377148926256,-8.615508370587229,2.656144039103389
1789453569966289700,38.48228955078125,-3.883366158939898,-8.599303670239449,2.672416836251318
1789453569976230000,38.49222998046875,-3.9074382316619154,-8.579501822182536,2.700823138785362
1789453569986169900,38.502169921875,-3.9285084922194478,-8.557098851716518,2.741028892445564
1789453569996108800,38.51210888671875,-3.9479619652301072,-8.532063194659353,2.790681104364991
1789453570006049000,38.522049072265624,-3.9708199859872457,-8.50297154020965,2.846485993695259
1789453570015988000,38.53198803710937,-4.000744876390695,-8.468407591828703,2.9069726111009717
1789453570025927700,38.541927734375,-4.037445252278447,-8.428731415000557,2.9708398108556864
1789453570035867000,38.55186694335937,-4.078253940267861,-8.386403846880793,3.0342201038762924
1789453570045806800,38.56180688476562,-4.1196626399770375,-8.343912612631916,3.094818949484825
1789453570055745800,38.57174584960938,-4.1617569838628174,-8.301971998003125,3.150782244247198
1789453570065685800,38.58168579101562,-4.2058416247829795,-8.259918570649623,3.2023446737021204
1789453570075625000,38.591625,-4.253046735811234,-8.216279335409402,3.251882319331169
1789453570085565000,38.60156494140625,-4.301488695158064,-8.169784126216173,3.304877119676769
1789453570095504600,38.611504638671875,-4.347848295272886,-8.120131914296746,3.366011387336254
1789453570105443800,38.62144384765625,-4.388036805537343,-8.067850522917508,3.4387919613867997
1789453570115383800,38.6313837890625,-4.416680423958599,-8.016158914124965,3.52200800473392
1789453570125322800,38.64132275390625,-4.439065274246037,-7.9664207774877545,3.6057197226434945
1789453570135263000,38.651262939453126,-4.4650060634493824,-7.916243664911389,3.683364395599067
1789453570145202000,38.661201904296874,-4.498514365297556,-7.863209409338236,3.7554882593065497
1789453570155142000,38.671141845703126,-4.536605318760872,-7.807762831926345,3.824711140875518
1789453570165080800,38.681080810546874,-4.574409856498241,-7.751328997042775,3.893846928682923
1789453570175021000,38.69102099609375,-4.610258291731775,-7.692293455228209,3.967933909156918
1789453570184960800,38.70096069335938,-4.648252214561403,-7.627657609188557,4.047588752891123
1789453570194899700,38.710899658203125,-4.691497774308919,-7.555785382154584,4.131630141146481
1789453570204840000,38.72083984375,-4.737696923165023,-7.474978153514861,4.224843554633855
1789453570214779000,38.73077880859375,-4.7827013092786075,-7.3857070479124785,4.329836253242195
1789453570224718800,38.74071875,-4.825791678464412,-7.289824999737739,4.443034470137953
1789453570234657800,38.75065771484375,-4.871268358264863,-7.190512977114319,4.553862743031979
1789453570244598000,38.76059790039063,-4.926381465938687,-7.088454286131262,4.653493622346222
1789453570254537000,38.77053686523438,-4.99633178499937,-6.983726083678007,4.73651881929636
1789453570264476700,38.7804765625,-5.0802387332201,-6.877119812393188,4.802786942712962
1789453570274417000,38.7904169921875,-5.17358278734982,-6.767663996896148,4.858310092492402
1789453570284355800,38.80035595703125,-5.267203320333361,-6.653821929138898,4.914631991434097
1789453570294295800,38.8102958984375,-5.357933977094293,-6.535607053124904,4.974812027108669
1789453570304235000,38.82023510742187,-5.445765405282378,-6.414903282904625,5.036171627956628
1789453570314175000,38.830175048828124,-5.535371441927552,-6.291627616369724,5.093671046245098
1789453570324114000,38.84011401367187,-5.630740864405036,-6.164512225541472,5.144306423982978
1789453570334053600,38.8500537109375,-5.7242374787479635,-6.034727323243022,5.194761184456945
1789453570343992800,38.85999291992187,-5.811018521100283,-5.903762855771183,5.248619031372666
1789453570353932800,38.869932861328124,-5.898327971240878,-5.771707670453191,5.297875521972776
1789453570363871700,38.87987182617187,-5.987109247499704,-5.639543179541826,5.340451511895656
1789453570373812000,38.88981201171875,-6.0789130864500995,-5.509342682179808,5.372554623121023
1789453570383752000,38.899751953125,-6.170733876535296,-5.381802343937754,5.397095190137624
1789453570393691000,38.90969091796875,-6.261828690433502,-5.254028196939826,5.418031595182419
1789453570403630800,38.919630859375,-6.350810457700491,-5.124007732319831,5.438944619351625
1789453570413570000,38.929570068359375,-6.432281703206896,-4.994539056363702,5.463581632480025
1789453570423509800,38.939509765625,-6.513598634934425,-4.866030165350437,5.4831718836128704
1789453570433448700,38.94944873046875,-6.599977526226639,-4.739117019096017,5.491037794682383
1789453570443389000,38.95938891601563,-6.692395697683096,-4.615173828563094,5.484743662974238
1789453570453328000,38.969327880859375,-6.789006644654274,-4.494395824062824,5.466282123610377
1789453570463267800,38.979267822265626,-6.887212751862406,-4.379304048505425,5.436762014615535
1789453570473208000,38.9892080078125,-6.975433471629023,-4.271592738588154,5.409917846831679
1789453570483147000,38.99914697265625,-7.04532124684751,-4.174873070545495,5.394840104687214
1789453570493086700,39.00908666992188,-7.102804883044958,-4.090318472070992,5.384221095517278
1789453570503025700,39.019025634765626,-7.148337384685874,-4.015057479381561,5.380611088326573
1789453570512966000,39.0289658203125,-7.1814470426052806,-3.9454268937945365,5.38802048780024
1789453570522904800,39.03890478515625,-7.213069676837325,-3.885118847826123,5.389609218296409
1789453570532844800,39.0488447265625,-7.239159226861596,-3.836386088839173,5.389534984016418
1789453570542784000,39.05878393554688,-7.252964464852213,-3.795339208179712,5.400026567414403
1789453570552724000,39.06872387695312,-7.257488664278387,-3.7548268727883696,5.4222243706971405
1789453570562663000,39.07866284179688,-7.252987261205911,-3.7111820845901966,5.45818123474121
1789453570572602600,39.0886025390625,-7.233164954882859,-3.670787530359626,5.511534054744243
1789453570582542800,39.09854296875,-7.21820645520389,-3.6433047724112866,5.549251498720049
1789453570592481800,39.10848168945312,-7.20295160292685,-3.634203182066977,5.574983905869722
1789453570602421800,39.118421875,-7.1794772038370365,-3.6388571453526612,5.602164758262038
1789453570612361000,39.12836083984375,-7.149062776350974,-3.648951253865659,5.634391788128018
1789453570622301000,39.138301025390625,-7.117541848927736,-3.6653713505297896,5.6635740434706205
1789453570632239900,39.14823999023437,-7.093134552901983,-3.687103582127392,5.68006165241301
1789453570642179800,39.158179931640625,-7.076566864460706,-3.710253863829374,5.685648512634635
1789453570652119000,39.168119140625,-7.063329781746864,-3.7344913562461732,5.686236541655659
1789453570662058800,39.178058837890624,-7.045327092066406,-3.764727504555881,5.688631912359595
1789453570671999000,39.1879990234375,-7.017633613976836,-3.8067020214542744,5.694931304764747
1789453570681938000,39.19793798828125,-6.9842597521632905,-3.8616616921320555,5.698951646322012
1789453570691878000,39.2078779296875,-6.947887293055653,-3.9295834279745816,5.696985899206996
1789453570701816800,39.21781689453125,-6.910445158889889,-4.006349564529955,5.68905043003261
1789453570711757000,39.22775708007813,-6.876770852825045,-4.082731085681915,5.675539791074395
1789453570721696000,39.237696044921876,-6.849314690622687,-4.156708760562539,5.6550026144802565
1789453570731635700,39.2476357421875,-6.824364373761415,-4.2392952738344665,5.623769271826744
1789453570741574700,39.25757470703125,-6.794601103660464,-4.341472330500185,5.581705323079228
1789453570751515000,39.26751489257813,-6.756862032374739,-4.4619905150204895,5.532252433124184
1789453570761453800,39.277453857421875,-6.707651134482026,-4.596150563663244,5.482079996722936
1789453570771393800,39.28739379882813,-6.641613604950904,-4.741987898357213,5.438099985221028
1789453570781334000,39.297333984375,-6.558089518567919,-4.895347445249557,5.403465894213318
1789453570791273000,39.30727294921875,-6.459451449683308,-5.053863351991772,5.376275104948878
1789453570801212700,39.31721264648438,-6.352611369642615,-5.21754117154181,5.347147794663906
1789453570811152000,39.32715185546875,-6.246219033369422,-5.384304097625613,5.307013937196135
1789453570821091800,39.337091796875,-6.141188633099198,-5.553781543365121,5.254684030500054
1789453570831030800,39.34703076171875,-6.0410758154869075,-5.7233665411323305,5.188339626976847
1789453570840970800,39.356970703125,-5.945214225578308,-5.890663720223308,5.111249957555533
1789453570850910000,39.36690991210938,-5.85084024387896,-6.053315119335055,5.029460147619247
1789453570860850000,39.37684985351562,-5.759513374790549,-6.210424666410685,4.942570384195447
1789453570870790000,39.386789794921874,-5.671214329090714,-6.363282401260733,4.849363108187914
1789453570880729000,39.39672900390625,-5.583797911444306,-6.511902352410554,4.752549624381959
1789453570890668800,39.406668701171874,-5.49311343191266,-6.656461629992723,4.656996662031114
1789453570900607700,39.41660766601562,-5.397817074671387,-6.795929721915721,4.566100585575401
1789453570910548000,39.4265478515625,-5.304931870225071,-6.928769335609674,4.474394946302473
1789453570920487000,39.43648681640625,-5.2201177440315485,-7.054425759801268,4.376742089062929
1789453570930427000,39.446427001953126,-5.140253349199891,-7.176010989031195,4.272359923568367
1789453570940365800,39.45636572265625,-5.063815421685576,-7.295797644406557,4.159266920612752
1789453570950306000,39.46630615234375,-4.988410928872227,-7.414003168070316,4.03964013197422
1789453570960245000,39.47624487304687,-4.907869073170423,-7.529772404497861,3.922465704923868
1789453570970184400,39.48618432617187,-4.8194461088299745,-7.64320472241044,3.8111385425969955
1789453570980124200,39.496124267578125,-4.72740758434087,-7.752173631173372,3.7048368072167035
1789453570990063000,39.50606298828125,-4.637290383303165,-7.854330521833896,3.6021351421549914
1789453571000003300,39.51600341796875,-4.549629635506868,-7.949667211085558,3.5034354062110182
1789453571009942300,39.5259423828125,-4.463517286196351,-8.039215964585543,3.4085835778668523
1789453571019882200,39.53588232421875,-4.37818498134762,-8.123879284131526,3.3172926568746566
1789453571029821400,39.545821533203124,-4.294309597308933,-8.20390033082962,3.2288238075658677
1789453571039761400,39.555761474609376,-4.217090748549998,-8.277734213325381,3.140968413980305
1789453571049700400,39.565700439453124,-4.1445287856861945,-8.345615909418463,3.056789663080871
1789453571059640000,39.57564013671875,-4.073246048977971,-8.408171442052721,2.98022343301177
1789453571069579300,39.585579345703124,-4.004290586173534,-8.465845632386207,2.9095485990688204
1789453571079519200,39.595519287109376,-3.939254342639446,-8.518902099791168,2.842702091242373
1789453571089458200,39.605458251953124,-3.8793794273912905,-8.56690712902546,2.7800848915487526
1789453571099398400,39.6153984375,-3.8232337617993353,-8.609785901287198,2.724854002714157
1789453571109338400,39.62533837890625,-3.7719472266763447,-8.647261353200674,2.6772490787133574
1789453571119277300,39.63527734375,-3.730116209901869,-8.67764830815792,2.637237970842421
1789453571129217300,39.64521728515625,-3.698985158579051,-8.700900588929652,2.604276196961105
1789453571139156200,39.65515625,-3.6773692468374963,-8.717576413920522,2.578990364535153
1789453571149096200,39.66509619140625,-3.663994216957688,-8.728138724467158,2.5622581331819294
1789453571159035100,39.67503515625,-3.657196519641578,-8.733815016537903,2.552601539303362
1789453571168975400,39.68497534179688,-3.6551772887736558,-8.735232482120395,2.5506410528853536
1789453571178914300,39.69491430664063,-3.6570834146559235,-8.732436713922024,2.5574761596024036
1789453571188854300,39.70485424804688,-3.6637449183717368,-8.724930868336557,2.5735098872974516
1789453571198793200,39.714793212890626,-3.6771906754001975,-8.71179607695341,2.5987024884819983
1789453571208733400,39.7247333984375,-3.6966295353636145,-8.693644918712973,2.631693488457799
1789453571218673200,39.73467309570312,-3.7205961018845435,-8.671761588206886,2.6698443554148077
1789453571228612000,39.74461206054688,-3.747510996817052,-8.647444308552146,2.7107591341271995
1789453571238552300,39.75455224609375,-3.775587044483423,-8.622005331391096,2.75251562436074
1789453571248491300,39.7644912109375,-3.805473940964043,-8.59493729172349,2.7956702909544107
1789453571258431200,39.77443115234375,-3.836599439328909,-8.564989312705396,2.8446222456499934
1789453571268370400,39.78437036132812,-3.8682191509515045,-8.532134506329893,2.90000043400079
1789453571278310400,39.794310302734374,-3.8995357879742976,-8.496925245782732,2.960782527221739
1789453571288249300,39.80424926757812,-3.9300633204460143,-8.460304364871979,3.0246111485317346
1789453571298189000,39.81418896484375,-3.960379255993664,-8.422980888649821,3.0885587200462816
1789453571308128300,39.82412817382812,-3.99285704575032,-8.384382570186256,3.1511300347715614
1789453571318068200,39.83406811523437,-4.029138611704111,-8.342996666830778,3.21416049144119
1789453571328008200,39.84400830078125,-4.070607517167925,-8.297554181560873,3.2788951216802
1789453571337947400,39.853947509765625,-4.118287844492495,-8.24707428664565,3.3460248303622007
1789453571347887400,39.86388745117188,-4.169334725640714,-8.19183346093893,3.417739236485958
1789453571357826300,39.873826416015625,-4.2184021234095095,-8.133210007056594,3.496623388108611
1789453571367766300,39.88376635742188,-4.2625729813084,-8.072965673974156,3.581635374961793
1789453571377705200,39.893705322265625,-4.301140612372755,-8.0117305762887,3.6718843856856225
1789453571387645200,39.903645263671876,-4.334961633431911,-7.950042474138736,3.765014212542772
1789453571397584100,39.913584228515624,-4.364732210056483,-7.88729755641222,3.861354525879025
1789453571407524400,39.9235244140625,-4.392999396380782,-7.822504473984241,3.9598423726379868
1789453571417463300,39.93346337890625,-4.4238992692962285,-7.754616348150372,4.057756803423166
1789453571427403300,39.9434033203125,-4.460038211908937,-7.683477696087956,4.152426845459639
1789453571437343200,39.95334326171875,-4.502909677647054,-7.605366866925358,4.248835547856986
1789453571447282400,39.96328247070313,-4.547105377726257,-7.519314138847589,4.3536359387636185
1789453571457222100,39.97322216796875,-4.591254316054284,-7.426550514954328,4.46510309408307
1789453571467161000,39.9831611328125,-4.634585215997696,-7.329542093098163,4.579175171203911
1789453571477101300,39.99310131835937,-4.677250345508754,-7.231973699271679,4.689590771643817
1789453571487040300,40.00304028320313,-4.720424885846674,-7.136456392756104,4.7915503861665725
1789453571496980200,40.01298022460937,-4.761455399893224,-7.044298333540558,4.886387309202552
1789453571506919400,40.02291943359375,-4.799351707567275,-6.955909271469712,4.975132929626107
1789453571516859400,40.032859375,-4.834097149994969,-6.867728299191594,5.063218040314316
1789453571526798300,40.04279833984375,-4.870930504612624,-6.776224904492497,5.150460270437598
1789453571536738300,40.05273828125,-4.9143099198728795,-6.680431703644991,5.233717814838886
1789453571546677200,40.06267724609375,-4.966393158331513,-6.583206424167752,5.307234886470437
1789453571556617200,40.0726171875,-5.030252759301662,-6.486065900364518,5.366366289874911
1789453571566557200,40.08255712890625,-5.102064196059107,-6.387790235051512,5.416223668977618
1789453571576496400,40.09249633789062,-5.176284447523951,-6.286342369443178,5.464282474225759
1789453571586436400,40.102436279296874,-5.250415267139673,-6.181787769991159,5.512624188068509
1789453571596375300,40.11237524414062,-5.327356468001008,-6.075891692802309,5.5563668836832045
1789453571606315300,40.122315185546874,-5.411269845962524,-5.9691018816441295,5.590917972582578
1789453571616254200,40.13225415039062,-5.505621615830064,-5.8607473053872585,5.613394592806697
1789453571626194200,40.142194091796874,-5.605342803776264,-5.750101403322816,5.629105372157692
1789453571636133000,40.15213305664062,-5.709672362300753,-5.634793939188122,5.640847832399606
1789453571646073300,40.1620732421875,-5.818914827308058,-5.513239105096459,5.649317554581165
1789453571656012300,40.17201220703125,-5.934267884150147,-5.385665449106693,5.65238570998013
1789453571665952300,40.1819521484375,-6.057145491278171,-5.251780710273981,5.648022254073619
1789453571675892500,40.191892578125,-6.182597332808375,-5.114894451537728,5.637704858198761
1789453571685831400,40.20183154296875,-6.306544030472636,-4.980581258159876,5.620647340413928
1789453571695771100,40.21177124023438,-6.4302078195422885,-4.850508478830754,5.594228704565763
1789453571705710000,40.2217099609375,-6.550176261225342,-4.724487312979996,5.562803638732433
1789453571715650300,40.231650390625,-6.658524407741427,-4.6021047958925365,5.536702398270368
1789453571725589200,40.24158935546875,-6.7468181927442545,-4.485465206371248,5.5255245861738915
1789453571735529200,40.251529296875,-6.825331757488846,-4.377267866502702,5.5158618548154825
1789453571745468400,40.261468505859376,-6.895451587897539,-4.28048770044446,5.504595195391774
1789453571755408400,40.27140844726563,-6.949900386443733,-4.19934875563234,5.49861553646028
1789453571765347300,40.281347412109376,-6.988620285460352,-4.133736465775966,5.499251496276259
1789453571775287300,40.29128735351563,-7.012945748421549,-4.076844657991827,5.5107414430618284
1789453571785227300,40.30122729492187,-7.019362629726529,-4.01997476977855,5.544254421085119
1789453571795166200,40.31116625976563,-7.014050494793057,-3.9632244162917134,5.591633427375554
1789453571805106200,40.32110620117187,-6.99544983921945,-3.9168846899211403,5.64731147545576
1789453571815045400,40.33104541015625,-6.974720354923606,-3.8877550415486093,5.6928959995448585
1789453571824985300,40.3409853515625,-6.959266765204071,-3.877237446926534,5.718922421205043
1789453571834924300,40.35092431640625,-6.946341232657432,-3.878000247992575,5.734097193983197
1789453571844864300,40.3608642578125,-6.92842329865098,-3.8845805031657217,5.751289151802658
1789453571854803200,40.37080322265625,-6.907924115979671,-3.8975723789468404,5.767136124753952
1789453571864743200,40.3807431640625,-6.888882730901241,-3.917240371491015,5.776583167535066
1789453571874682000,40.39068212890625,-6.870393719008565,-3.9416605269983407,5.7819911640584465
1789453571884622300,40.40062231445312,-6.847211580863594,-3.9700747205778955,5.79004119952321
1789453571894561300,40.41056127929688,-6.820059370043873,-4.003278194260597,5.7992193622350685
1789453571904501200,40.42050122070312,-6.790471456509828,-4.041958638049662,5.807105147048831
1789453571914441500,40.43044140625,-6.764104258587956,-4.085300936169922,5.807546461075544
1789453571924380400,40.44038037109375,-6.740587773922085,-4.134431754563749,5.8001195259451865
1789453571934320000,40.450320068359375,-6.71402183855772,-4.190865589447319,5.7904158780545
1789453571944259000,40.46025903320312,-6.681275168731808,-4.257043988753855,5.78000729676485
1789453571954199300,40.47019921875,-6.643112319076061,-4.333862147757411,5.766894717213511
1789453571964138800,40.480138671875,-6.598348463720082,-4.4230695404738185,5.750532780477404
1789453571974079000,40.49007885742188,-6.550570228978991,-4.524638109852373,5.726087490528822
1789453571984018000,40.500017822265626,-6.49956484888494,-4.636207264241576,5.694875775185227
1789453571993957600,40.50995751953125,-6.439433913049101,-4.757619474992156,5.662963802617788
1789453572003896800,40.519896728515626,-6.367146090951562,-4.888970895954967,5.632744605442881
1789453572013836800,40.5298369140625,-6.281015036940574,-5.029951730528474,5.605250449317693
1789453572023775700,40.539775634765626,-6.185111945977806,-5.179610377076268,5.575518158876895
1789453572033716000,40.54971606445312,-6.088123397865891,-5.33212616662085,5.538374130874872
1789453572043656000,40.559656005859374,-5.993371230503916,-5.484774058112502,5.492458182874322
1789453572053595000,40.56959497070312,-5.902005782970786,-5.634980986192822,5.439088996258378
1789453572063534800,40.579534912109374,-5.810787634953856,-5.78288080637455,5.381766103580594
1789453572073474000,40.58947412109375,-5.715239348778129,-5.9325125649154185,5.320872951200604
1789453572083413800,40.59941381835937,-5.616794172117114,-6.085387250900268,5.252625928926467
1789453572093352700,40.60935278320313,-5.520591221424937,-6.239947698014975,5.1726674260705705
1789453572103293000,40.61929296875,-5.428466479957104,-6.394207116356491,5.080973477235436
1789453572113232000,40.62923193359375,-5.342124998065829,-6.545193212115764,4.97921172337234
1789453572123171800,40.639171875,-5.261413046494126,-6.689476595366001,4.872245678864419
1789453572133110800,40.64911083984375,-5.182405560752749,-6.826479758480191,4.765737899518013
1789453572143051000,40.659051025390625,-5.100300693517923,-6.956711235502362,4.664923655638098
1789453572152990000,40.66898999023437,-5.0188417229712,-7.0807777601540085,4.565546166563034
1789453572162929700,40.6789296875,-4.9433477983087295,-7.198898528143763,4.4620121423304075
1789453572172868900,40.68886889648437,-4.869960198275745,-7.312374685198068,4.3569525159657
1789453572182808800,40.698808837890624,-4.792802139793336,-7.423375976571441,4.253579819774627
1789453572192748800,40.708748779296876,-4.711543075732886,-7.53412066283524,4.148341329711675
1789453572202688000,40.71868798828125,-4.631518521903455,-7.642661701574921,4.038454721581935
1789453572212628000,40.7286279296875,-4.55525858130455,-7.745134818577766,3.9284678679481146
1789453572222567000,40.73856689453125,-4.479169613358378,-7.840417731815576,3.8256075051933527
1789453572232507000,40.7485068359375,-4.399415400902926,-7.930627579572796,3.7310420925751324
1789453572242445800,40.75844580078125,-4.3147927056282755,-8.018637286937237,3.6406603953823446
1789453572252385800,40.7683857421875,-4.2280011418819425,-8.105516528967023,3.5489483263686297
1789453572262324700,40.77832470703125,-4.145468404623866,-8.188678796300291,3.4541301080331204
1789453572272265000,40.78826489257813,-4.069641010223329,-8.265197387835382,3.3607956985145804
1789453572282204000,40.798203857421875,-3.997955537933111,-8.33467424416542,3.274128345669806
1789453572292143900,40.80814379882813,-3.9261704046607013,-8.396913550457358,3.201157509744167
1789453572302082800,40.818082763671875,-3.8520813783600922,-8.45407102344036,3.1401445303767916
1789453572312023000,40.82802294921875,-3.7825145056590435,-8.506186410602927,3.0834725028231738
1789453572321962800,40.83796264648438,-3.7219761580660937,-8.552314540049434,3.029054976198077
1789453572331901700,40.847901611328126,-3.670829908196628,-8.592164904400706,2.9782778519019484
1789453572341842000,40.85784204101562,-3.6300428475171325,-8.624994576334952,2.9330267975509163
1789453572351780900,40.86778076171875,-3.5973555066630243,-8.65138924678564,2.8953263047099114
1789453572361720800,40.87772094726562,-3.569479073221981,-8.672999021047353,2.865015922120213
1789453572371659800,40.88765966796875,-3.547829259210825,-8.690230141833425,2.8395769449591635
1789453572381600000,40.89760009765625,-3.534541030831635,-8.70236247817576,2.8189199413776396
1789453572391539000,40.9075390625,-3.5297520429894327,-8.708467809313536,2.8060397092774507
1789453572401478700,40.91747875976562,-3.5287007803708312,-8.708670053887367,2.8067247689321637
1789453572411417900,40.92741796875,-3.5276275981813665,-8.703297713199257,2.824689756950736
1789453572421357800,40.93735791015625,-3.5311736002251504,-8.692727803868054,2.8526676049396396
1789453572431296800,40.947296875,-3.5435084734022615,-8.677943491712211,2.8822315530762075
1789453572441237000,40.95723706054687,-3.5627915582820773,-8.660088101547956,2.912013235616684
1789453572451177000,40.967177001953125,-3.583282849907875,-8.640885388427971,2.943736407613754
1789453572461116000,40.97711596679687,-3.5997549690201875,-8.621807178470492,2.9793598019197582
1789453572471056000,40.987055908203125,-3.6117210088849068,-8.60303175085187,3.0188936476677655
1789453572480994800,40.99699487304687,-3.624357787618041,-8.582599788197875,3.0615964788407086
1789453572490934800,41.006934814453125,-3.641560266831517,-8.558258543145657,3.1089655482590195
1789453572500873700,41.01687377929687,-3.6628929777175188,-8.529348090481758,3.1628789247542617
1789453572510814000,41.02681396484375,-3.685221713903546,-8.496569271951913,3.2245714108183976
1789453572520753000,41.0367529296875,-3.7035374150559304,-8.461613693904876,3.294733034542203
1789453572530692900,41.04669287109375,-3.7187948976814744,-8.42572404987812,3.3686998957678673
1789453572540631800,41.0566318359375,-3.736358319161832,-8.38907686548233,3.43997532595247
1789453572550572000,41.066572021484376,-3.7622286734774706,-8.352471766662598,3.5003204890608783
1789453572560511000,41.076510986328124,-3.7980557736620306,-8.315359302842616,3.549639815764129
1789453572570450700,41.08645068359375,-3.838331669948995,-8.276148405438661,3.5976328622996805
1789453572580390000,41.096389892578124,-3.8761031821995973,-8.235431779646873,3.6501834260091184
1789453572590329900,41.106329833984375,-3.910669468668103,-8.193293012097477,3.707695119257271
1789453572600269800,41.11626977539063,-3.943148427468538,-8.149020739650727,3.7703348230436444
1789453572610208800,41.126208740234375,-3.973206881123781,-8.102004136931896,3.8394703185901045
1789453572620149000,41.13614892578125,-3.999892935736477,-8.052934108814597,3.9142645705506203
1789453572630088000,41.146087890625,-4.027700687855482,-7.999698777711391,3.9940997392877935
1789453572640027600,41.15602758789063,-4.060422515501082,-7.939725078263878,4.0797184598624705
1789453572649966800,41.165966796875,-4.0939267256960274,-7.875182755726575,4.170327828331291
1789453572659906800,41.17590673828125,-4.129642182199657,-7.808437954708934,4.259665861690044
1789453572669845800,41.185845703125,-4.172202974553406,-7.73831870882213,4.345291596527398
1789453572679786000,41.19578588867188,-4.223834085330367,-7.662628384804726,4.428736772455275
1789453572689725000,41.205724853515626,-4.282760906073451,-7.580887674707174,4.512036694693565
1789453572699665000,41.21566479492188,-4.344790369006991,-7.494491247758269,4.596279743000864
1789453572709603800,41.225603759765626,-4.405540605784952,-7.403350256630778,4.685300965495407
1789453572719543800,41.23554370117188,-4.46610291877538,-7.3075593938708305,4.777433013486862
1789453572729483000,41.24548291015625,-4.527978944712877,-7.205982348924874,4.8725344326779245
1789453572739422700,41.25542260742188,-4.591485202200711,-7.098748301130533,4.969546069404482
1789453572749363000,41.265363037109374,-4.655003734648227,-6.987279976767301,5.067472775149345
1789453572759302000,41.27530200195312,-4.716056169243156,-6.87379680545032,5.16528199199438
1789453572769241900,41.285241943359374,-4.776583995442092,-6.759221747243404,5.259997918999195
1789453572779180800,41.29518090820312,-4.846467386746406,-6.643769321680068,5.342516627731919
1789453572789121000,41.30512109375,-4.931207278659939,-6.526034338137507,5.409665917897224
1789453572799060000,41.31506005859375,-5.02729098688662,-6.405179176747798,5.465383713465929
1789453572808999700,41.32499975585937,-5.1283191657781595,-6.280598857355117,5.5158665309906
1789453572818939000,41.33493896484375,-5.22402994903922,-6.154483583480119,5.567968474149704
1789453572828878800,41.34487890625,-5.314565375488996,-6.027981356114148,5.620430482792854
1789453572838817800,41.35481787109375,-5.403457126384973,-5.900156355711817,5.671081058099865
1789453572848757800,41.3647578125,-5.492413174688815,-5.772148399958014,5.71717586979866
1789453572858697000,41.37469702148437,-5.585426973950862,-5.642311475211382,5.756535820284485
1789453572868637000,41.384636962890625,-5.681520034527778,-5.510301882600784,5.790279099932313
1789453572878575900,41.39457592773437,-5.77836595929861,-5.373669306364655,5.822758058732748
1789453572888515800,41.404515869140624,-5.8720461135149,-5.23660126132071,5.853842348304391
1789453572898455800,41.414455810546876,-5.967332533884048,-5.10116403234899,5.87702624001503
1789453572908394800,41.424394775390624,-6.069776424792408,-4.96697651117742,5.887050205901264
1789453572918335000,41.4343349609375,-6.177438342610001,-4.834244741772115,5.885550907254219
1789453572928274000,41.44427392578125,-6.284177300363779,-4.703584517943859,5.878413310459256
1789453572938214000,41.4542138671875,-6.381277492156625,-4.578614322450757,5.8724769061475985
1789453572948152800,41.46415283203125,-6.465705249381065,-4.4618230494990945,5.870021329689026
1789453572958092800,41.4740927734375,-6.5402621854543685,-4.352524470390379,5.869488245725631
1789453572968031200,41.48403125,-6.604703385704755,-4.246062868273258,5.875308330181241
1789453572977971200,41.49397119140625,-6.658216364705562,-4.141201102568209,5.889731992331146
1789453572987910100,41.50391015625,-6.708287678819894,-4.045476875303685,5.8994391473531715
1789453572997850000,41.51385009765625,-6.750141784209013,-3.962719973900914,5.907859769695997
1789453573007789000,41.5237890625,-6.780653826850652,-3.893059577697515,5.919224628797173
1789453573017729300,41.533729248046875,-6.7969912136673925,-3.83241952329576,5.940023671197891
1789453573027668200,41.54366821289062,-6.797195211806893,-3.7742286156117912,5.9769333059221506
1789453573037608200,41.553608154296874,-6.784764769300818,-3.717877782836556,6.026168753734231
1789453573047548400,41.56354833984375,-6.769631497576833,-3.670535309164226,6.072035601896047
1789453573057487400,41.5734873046875,-6.743013539764284,-3.6419697244152425,6.11867401895225
1789453573067427000,41.583427001953126,-6.70792352168262,-3.6318519427657123,6.163100020655989
1789453573077366300,41.5933662109375,-6.670748514020443,-3.635417526292801,6.201226629954576
1789453573087306200,41.60330615234375,-6.6330491902232165,-3.6450942861765623,6.235892869666219
1789453573097245200,41.6132451171875,-6.595009674686193,-3.6593946142077445,6.2677762006610624
1789453573107185200,41.62318505859375,-6.558527909985184,-3.6809979587286707,6.2933578011631965
1789453573117124400,41.633124267578125,-6.52403351970911,-3.7087332301333547,6.312893107238412
1789453573127064300,41.64306420898438,-6.48992140674889,-3.7410552448064087,6.328965121117234
1789453573137003300,41.653003173828125,-6.458429705420136,-3.7785146223679185,6.338920697942376
1789453573146943200,41.66294311523438,-6.431955539992451,-3.8200384728893635,6.340950157943368
1789453573156882200,41.672882080078125,-6.405939055204391,-3.8681516386732455,6.338116980344057
1789453573166822100,41.682822265625,-6.3785004286587235,-3.9258354736179113,6.3303159512043
1789453573176761000,41.692760986328125,-6.348240314951538,-3.9946483130812642,6.317676834383606
1789453573186701300,41.70270141601563,-6.312306247261167,-4.075201274698973,6.302215645879507
1789453573196641300,41.71264135742187,-6.270297243571281,-4.168222088223695,6.2832876580476755
1789453573206580200,41.72258032226563,-6.222422562718391,-4.27515452272296,6.258989083093405
1789453573216520200,41.73252026367187,-6.167115101516247,-4.394902307392656,6.230725111639499
1789453573226459400,41.74245947265625,-6.105349842476844,-4.5256014019265765,6.197905376577377
1789453573236399000,41.75239916992187,-6.036071139067411,-4.665315869826078,6.162066001433134
1789453573246338000,41.76233813476563,-5.9601306396812195,-4.811052082233131,6.12380319853425
1789453573256278300,41.7722783203125,-5.882698440432548,-4.961237675264478,6.078679277694225
1789453573266217200,41.78221728515625,-5.802661611643433,-5.1162826910257335,6.026873687133192
1789453573276157200,41.7921572265625,-5.723203459525108,-5.274066776362061,5.966536415070295
1789453573286096400,41.80209643554687,-5.643467659509182,-5.433644174855947,5.898915415740013
1789453573296036400,41.812036376953124,-5.556702399247884,-5.5956227892726655,5.82945024984777
1789453573305975300,41.82197534179687,-5.464582918477058,-5.7578089089602225,5.758153192353248
1789453573315915300,41.831915283203124,-5.366294978204369,-5.920284366983175,5.685377878999709
1789453573325854200,41.84185424804687,-5.263138555112481,-6.085265085825323,5.6070747421354055
1789453573335794200,41.85179418945312,-5.156083955538272,-6.253245571005344,5.521057085371017
1789453573345733000,41.86173315429688,-5.046450445386767,-6.42112084224522,5.428897272589802
1789453573355673300,41.87167333984375,-4.940369074758887,-6.584633242100477,5.329700985300541
1789453573365613300,41.88161328125,-4.843650575760007,-6.739300072199105,5.224104767841101
1789453573375552300,41.89155224609375,-4.757421614332497,-6.884290142413973,5.113110490730405
1789453573385492200,41.9014921875,-4.675153665490448,-7.0202990337938065,5.002872584944964
1789453573395431200,41.91143115234375,-4.594213458120823,-7.14916389863789,4.894181324079632
1789453573405371100,41.92137109375,-4.515753377129137,-7.2716972223728895,4.785478665037453
1789453573415310000,41.93131005859375,-4.439302882394195,-7.391134918180108,4.672695166422426
1789453573425250300,41.941250244140626,-4.367444099363684,-7.508648952448367,4.551488122855127
1789453573435189200,41.951189208984374,-4.297229576408863,-7.622813091766834,4.426843798315525
1789453573445129200,41.961129150390626,-4.223679479290545,-7.7334642545282835,4.304008569024503
1789453573455068400,41.971068359375,-4.145802458883821,-7.839124184873699,4.186986702187359
1789453573465008400,41.98100830078125,-4.063262999624014,-7.9385735701411955,4.079131015363336
1789453573474947300,41.990947265625,-3.9775557239830492,-8.032865718775987,3.9777509542942044
1789453573484887000,42.000886962890625,-3.890216170965135,-8.123265536147356,3.879322436507046
1789453573494826200,42.010826171875,-3.8068323698356745,-8.21089413523972,3.7761902710735797
1789453573504766200,42.02076611328125,-3.7314156020626426,-8.29386760200262,3.6686131089299914
1789453573514705200,42.030705078125,-3.6585873894780874,-8.370189794182776,3.567217265769839
1789453573524645400,42.04064526367188,-3.583019522796571,-8.440365154170989,3.47744376360327
1789453573534585300,42.05058544921875,-3.5064077000200746,-8.505088093972205,3.396907460859418
1789453573544524300,42.06052416992188,-3.4361513837501403,-8.562531982681154,3.3235905879750844
1789453573554464300,42.07046435546875,-3.3780060687735673,-8.61246768771708,3.253435686253011
1789453573564403200,42.0804033203125,-3.332417453031242,-8.655926305693388,3.1843887457728384
1789453573574343200,42.09034326171875,-3.293967895388603,-8.69406226734221,3.119849345844984
1789453573584282000,42.1002822265625,-3.2610350553408263,-8.727061450624465,3.0617715431466697
1789453573594222300,42.11022241210937,-3.2368183134511113,-8.754148194992542,3.0096918118193745
1789453573604161300,42.12016137695313,-3.2249417054355143,-8.773205946683882,2.9666514192551374
1789453573614101200,42.13010131835937,-3.226464384958148,-8.7827435903579,2.936615469692647
1789453573624040200,42.14004028320313,-3.2388021807447074,-8.783404100093245,2.9210210101976988
1789453573633980200,42.14998022460937,-3.25626331089437,-8.777465942215919,2.9194559528380633
1789453573643919000,42.15991918945313,-3.276893134208023,-8.766867391312122,2.9282033229172226
1789453573653859000,42.16985913085937,-3.3026091747447848,-8.752010013920069,2.9437206255227326
1789453573663798300,42.17979833984375,-3.333763314682245,-8.732972720494866,2.9650612274542447
1789453573673738200,42.18973828125,-3.368961177052557,-8.709663156577944,2.993694616742432
1789453573683677200,42.19967724609375,-3.406041492168605,-8.682836524450778,3.0294550814315673
1789453573693617400,42.20961743164062,-3.44481545946002,-8.653154502892495,3.0702658152475952
1789453573703557400,42.219557373046875,-3.486436048354208,-8.62096897408068,3.113531833261251
1789453573713496300,42.22949633789062,-3.5309348230332134,-8.586585058441758,3.1580773696914313
1789453573723436300,42.239436279296875,-3.578250408698618,-8.550293847876787,3.202962513339519
1789453573733375200,42.24937524414062,-3.6262799878522753,-8.512682202363013,3.248799550884962
1789453573743315200,42.259315185546875,-3.672103581394255,-8.474056411370634,3.297943521021306
1789453573753254100,42.26925415039062,-3.7142934946089983,-8.435223699629306,3.3498446809113025
1789453573763194400,42.2791943359375,-3.7562782406404613,-8.39482154661417,3.404072237922251
1789453573773133300,42.28913330078125,-3.801308930239081,-8.35265179940462,3.4574081067904827
1789453573783073300,42.2990732421875,-3.8519597978070377,-8.307635430592297,3.509415649664402
1789453573793012200,42.30901220703125,-3.9008155986517665,-8.261087614428996,3.564896713867783
1789453573802952200,42.3189521484375,-3.9425101295650005,-8.21604026595652,3.6226644277036186
1789453573812891100,42.32889111328125,-3.9764571150913834,-8.173114147421717,3.6821716786831615
1789453573822831000,42.3388310546875,-4.009890598137677,-8.13066090709567,3.7394486863926053
1789453573832770300,42.348770263671874,-4.049191219651699,-8.086108648663759,3.793326991574466
1789453573842710300,42.358710205078125,-4.0934912568882105,-8.039057559153438,3.8454248430803415
1789453573852649200,42.36864916992187,-4.1408734780490395,-7.988940652331709,3.898763342297077
1789453573862589200,42.378589111328125,-4.192550181533396,-7.935124306470155,3.9530636722832915
1789453573872529200,42.38852905273438,-4.2487516689658165,-7.876701343595981,4.009495461340248
1789453573882468000,42.398468017578125,-4.310330757783353,-7.8131117917388675,4.067762356869876
1789453573892408000,42.40840795898438,-4.37816686116904,-7.7437559314399955,4.127503416605293
1789453573902347300,42.41834716796875,-4.448387229342758,-7.668170236840844,4.193020721654594
1789453573912287200,42.42828735351563,-4.516992855796218,-7.587379959335923,4.266009093236923
1789453573922226200,42.43822607421875,-4.581979999491572,-7.503018253085017,4.345176445715129
1789453573932166400,42.44816650390625,-4.645014255553484,-7.416399707818031,4.4262060849338765
1789453573942105300,42.458105224609376,-4.710160681463778,-7.327462364214658,4.504781608998775
1789453573952045300,42.46804541015625,-4.782470130871236,-7.236081134590506,4.575754256844521
1789453573961984300,42.477984375,-4.863417644764483,-7.142429621946811,4.637156820051372
1789453573971924200,42.48792431640625,-4.953592713469266,-7.044866488817334,4.690642618784308
1789453573981863200,42.49786328125,-5.048311563083529,-6.940813409146666,4.744473869954049
1789453573991803100,42.50780322265625,-5.143326180773973,-6.829349176436662,4.803808686976135
1789453574001742000,42.5177421875,-5.235651413249969,-6.712143185204267,4.868824179983139
1789453574011682300,42.52768237304687,-5.325856584832072,-6.590399550542235,4.936827456629276
1789453574021621200,42.53762133789063,-5.418397505885363,-6.465581330740451,5.000763629966974
1789453574031561200,42.54756127929687,-5.515462626364827,-6.339279594382643,5.056042449596524
1789453574041501200,42.557501220703124,-5.614305862432718,-6.213001823422313,5.103779183283448
1789453574051440000,42.56744018554687,-5.71316604963541,-6.0877557335972785,5.144836000815034
1789453574061380000,42.57738012695312,-5.811849711227417,-5.96335720051229,5.179881595233082
1789453574071319300,42.5873193359375,-5.909902089178562,-5.836667341619729,5.213130369362235
1789453574081259300,42.59725927734375,-6.006601298955083,-5.705043533456325,5.248198760133981
1789453574091198200,42.6071982421875,-6.104848322695493,-5.569335086327791,5.28050470045507
1789453574101138400,42.617138427734375,-6.202945708832145,-5.434107700714469,5.307008091977238
1789453574111077400,42.62707739257812,-6.30250849134624,-5.303023990777135,5.322281648954749
1789453574121017300,42.637017333984375,-6.401254696780443,-5.177679701274633,5.327851558041572
1789453574130956300,42.64695629882812,-6.4973962726742025,-5.05694436687231,5.327433040368557
1789453574140896300,42.656896240234374,-6.5960396022558205,-4.937500825846195,5.318243187218904
1789453574150835200,42.66683520507812,-6.6940054709672925,-4.818673663152754,5.304817888456583
1789453574160775200,42.676775146484374,-6.789017166048288,-4.703630110651255,5.28729333768189
1789453574170714000,42.68671411132812,-6.880190305879712,-4.590561365354061,5.268785036566853
1789453574180654300,42.696654296875,-6.968006536498665,-4.481335266959667,5.2473728307038545
1789453574190593300,42.70659326171875,-7.0496718432724474,-4.375415516634285,5.227640540751815
1789453574200533200,42.716533203125,-7.11600338731408,-4.279364541633427,5.217269368863105
1789453574210473200,42.72647314453125,-7.174288403022289,-4.196854308468104,5.204454895475506
1789453574220412200,42.736412109375,-7.2239400304198265,-4.125093140593171,5.193137382647395
1789453574230352100,42.74635205078125,-7.264319387081265,-4.058685608705878,5.18913633031249
1789453574240291000,42.756291015625,-7.296673842719197,-3.9957466297119852,5.1925838404178615
1789453574250231300,42.76623120117188,-7.3224039117813104,-3.9375305875867603,5.200834951412677
1789453574260170200,42.776170166015625,-7.338892689767479,-3.885389189200103,5.216774863344431
1789453574270110200,42.78611010742188,-7.346626498889923,-3.838730313877761,5.240383117946982
1789453574280049400,42.79604931640625,-7.3491381894499055,-3.7970407514005897,5.267163572844862
1789453574289989000,42.805989013671876,-7.342121004164219,-3.7627711097910996,5.301437013846636
1789453574299928000,42.815927978515624,-7.326838679358363,-3.7407813963010903,5.338012886571883
1789453574309868300,42.82586840820313,-7.306462830805778,-3.7311645499110218,5.372562221905588
1789453574319807200,42.83580712890625,-7.286047819286584,-3.7318370423451066,5.399752426648139
1789453574329747200,42.84574731445313,-7.267894322958588,-3.7386630889728663,5.419453152418137
1789453574339686100,42.85568603515625,-7.2491335083872075,-3.747824300549924,5.438225657427311
1789453574349626400,42.86562646484375,-7.230972413274645,-3.761465580150485,5.452963207831979
1789453574359565300,42.8755654296875,-7.212557635661959,-3.7832609401121733,5.4622658737063405
1789453574369505300,42.88550537109375,-7.193282441827654,-3.8138635836467145,5.466400197032094
1789453574379444200,42.8954443359375,-7.171971942773461,-3.852637550938129,5.467209759849309
1789453574389384200,42.90538427734375,-7.150819264629483,-3.8989857528761025,5.462060122001171
1789453574399324200,42.91532421875,-7.129279048472642,-3.9533942194119094,5.451100336569548
1789453574409263000,42.92526318359375,-7.104139346519112,-4.018507327574492,5.436290305450559
1789453574419203300,42.93520336914062,-7.074839017754793,-4.095725299550593,5.41683566339612
1789453574429142300,42.94514233398438,-7.042955102238059,-4.184535801903904,5.390442746511101
1789453574439082200,42.95508227539062,-7.008461881005764,-4.285826431123912,5.3556993499100205
1789453574449021400,42.965021484375,-6.970517058014869,-4.397929253998399,5.314179006519914
1789453574458961200,42.97496118164062,-6.930701180455088,-4.517468656614422,5.265760720309615
1789453574468900000,42.98490014648438,-6.884965265196562,-4.64396650006622,5.2154748866617675
1789453574478840300,42.99484033203125,-6.831667390251159,-4.777260579529404,5.164931863382458
1789453574488779300,43.004779296875,-6.771180480584502,-4.915046417453885,5.115056948623061
1789453574498719200,43.01471923828125,-6.702958008229732,-5.058243174511194,5.065072728270292
1789453574508658200,43.024658203125,-6.628344958055019,-5.2068333150446415,5.012416658359766
1789453574518598400,43.034598388671874,-6.548224542635679,-5.3601949077636,4.955746092110872
1789453574528537300,43.04453735351562,-6.463487573331594,-5.517350047546625,4.894132808762788
1789453574538477000,43.05447705078125,-6.37438481003344,-5.677363499370217,4.827538522131741
1789453574548416300,43.06441625976562,-6.2814347236573695,-5.8400236663103104,4.7547944806993
1789453574558356200,43.074356201171874,-6.184326348558068,-6.0039084066092965,4.677350591012835
1789453574568296200,43.084296142578125,-6.084494101452827,-6.167839908659458,4.59424648360759
1789453574578235100,43.09423510742187,-5.985576631104946,-6.330197293260693,4.502428908392787
1789453574588175400,43.10417529296875,-5.89022942045927,-6.487081214886904,4.4037905472472305
1789453574598114300,43.1141142578125,-5.794903837123513,-6.637559361124039,4.304916916041076
1789453574608054300,43.12405419921875,-5.696337664431333,-6.784809777486324,4.205763591110706
1789453574617993500,43.133993408203125,-5.600851922097802,-6.929367886024713,4.09691450933516
1789453574627933200,43.14393310546875,-5.51183800612688,-7.068064993575215,3.9790024156600237
1789453574637872000,43.1538720703125,-5.429182519271969,-7.197800211513042,3.858246330730617
1789453574647812000,43.16381201171875,-5.35042287081182,-7.319651982724666,3.737119658923149
1789453574657751300,43.173751220703124,-5.273309235993027,-7.433831319612264,3.6194945654958484
1789453574667691300,43.183691162109376,-5.193570513367653,-7.543544324740767,3.5060178239196538
1789453574677630200,43.193630126953124,-5.11056314433515,-7.650792401060461,3.3938068644955752
1789453574687570400,43.2035703125,-5.0233928104043,-7.755008562338352,3.285695449344814
1789453574697509400,43.21350927734375,-4.934402275308966,-7.855968352168798,3.17896759750694
1789453574707449000,43.223448974609376,-4.849681088095903,-7.951691410389542,3.069464435736835
1789453574717388000,43.233387939453124,-4.770379587844014,-8.039857185098528,2.96218859462738
1789453574727328300,43.24332836914063,-4.692909394672513,-8.121121509855985,2.8625898640170693
1789453574737267200,43.25326708984375,-4.617143082809448,-8.197341995227337,2.7669448394685983
1789453574747207200,43.26320727539063,-4.544887117154896,-8.269072183442116,2.671483647054434
1789453574757147400,43.2731474609375,-4.477624722003936,-8.335088670185208,2.5782936144426465
1789453574767086300,43.28308642578125,-4.414465085996687,-8.394787059822677,2.4920699137121436
1789453574777026300,43.2930263671875,-4.354466836629808,-8.447836512964964,2.4172461433961985
1789453574786965200,43.30296533203125,-4.298332276953756,-8.494670744854211,2.3527260326907036
1789453574796905200,43.3129052734375,-4.2480137100800865,-8.536053725600242,2.293583669500798
1789453574806844200,43.32284423828125,-4.204569997411966,-8.572493404725193,2.237030884412676
1789453574816784100,43.3327841796875,-4.168692043823004,-8.604154032880068,2.1819550400093197
1789453574826723300,43.34272338867188,-4.141430235148966,-8.630752116948365,2.12815827563107
1789453574836663300,43.35266333007812,-4.120836944453418,-8.651497383335233,2.083434606155008
1789453574846602200,43.36260229492188,-4.106757857957482,-8.66599177263379,2.0507333829060195
1789453574856542500,43.37254248046875,-4.102928070536255,-8.672964534255861,2.0288012448221444
1789453574866481400,43.3824814453125,-4.11243239646256,-8.672010594531892,2.0135940310791134
1789453574876421000,43.39242114257812,-4.133345712892711,-8.664037131434679,2.0050746245369315
1789453574886360000,43.40236010742188,-4.1584117650881405,-8.650990018334983,2.0095751508265733
1789453574896300300,43.41230029296875,-4.182727291177213,-8.634502993914484,2.0299204581104218
1789453574906239200,43.4222392578125,-4.207656272989511,-8.614457984751462,2.0632772226586935
1789453574916179200,43.43217919921875,-4.236793227885664,-8.58978823839724,2.1060583797648547
1789453574926118100,43.4421181640625,-4.272064447753131,-8.560087512138486,2.155165525022149
1789453574936058400,43.45205834960937,-4.3111049570262425,-8.526680917099117,2.2091744708463548
1789453574945997300,43.46199731445312,-4.351870682656765,-8.491179395607114,2.2652773202098904
1789453574955937000,43.47193701171875,-4.393962688454986,-8.45367997829616,2.3235322330407797
1789453574965877200,43.481877197265625,-4.43730644787997,-8.41443927027583,2.3828454227529465
1789453574975816400,43.49181640625,-4.481858121789991,-8.373646072116493,2.442408495572954
1789453574985756400,43.50175634765625,-4.526940249314904,-8.331321426606177,2.5032591239854693
1789453574995695400,43.5116953125,-4.572945629164576,-8.287784482696653,2.5634382828772067
1789453575005635600,43.52163549804688,-4.619487600108981,-8.243660678809881,2.621603471598029
1789453575015574500,43.531574462890624,-4.668041787658631,-8.197657637047767,2.679207811565697
1789453575025514200,43.54151416015625,-4.721157876296341,-8.14869574548006,2.7349206386983393
1789453575035453400,43.551453369140624,-4.779950257004797,-8.09670252339244,2.7867382119581103
1789453575045393400,43.561393310546876,-4.8399838699460025,-8.044298382416367,2.8344758224278688
1789453575055332400,43.571332275390624,-4.902073830895126,-7.99078540341556,2.878781704883277
1789453575065272300,43.581272216796876,-4.9645349632441995,-7.934716894713044,2.9264427429854867
1789453575075211300,43.591211181640624,-5.02410241997838,-7.876399730300903,2.9818045647233724
1789453575085151500,43.6011513671875,-5.079766439533233,-7.815704146319628,3.0464997397348283
1789453575095090400,43.61109033203125,-5.133102892923355,-7.751895398753881,3.119250210908055
1789453575105030400,43.62103051757813,-5.184579982182383,-7.685688357874751,3.1969901609316467
1789453575114969600,43.630969482421875,-5.241080452561378,-7.615214891722798,3.272611511366069
1789453575124909300,43.64090942382813,-5.305367923554778,-7.537765741339325,3.347472691082954
1789453575134848300,43.65084814453125,-5.3759875201791525,-7.454830853021145,3.419737716826796
1789453575144788500,43.66078857421875,-5.450222384691238,-7.367231480023264,3.4913279120489955
1789453575154728400,43.670728515625,-5.525838474428653,-7.274409403941035,3.566301612229645
1789453575164667400,43.68066748046875,-5.602843972697854,-7.1748571428209535,3.646908642122149
1789453575174607600,43.69060766601562,-5.680421133375168,-7.06861619771719,3.7333454010814426
1789453575184546600,43.70054663085938,-5.7587587570309635,-6.95733024418354,3.8213425412252544
1789453575194486300,43.710486328125,-5.8371636007040735,-6.84363898307383,3.9067256994783874
1789453575204425200,43.72042529296875,-5.91669423353672,-6.728741268783807,3.9858679175153373
1789453575214365400,43.73036547851562,-6.001734569701552,-6.6104013050854205,4.056121018914878
1789453575224304400,43.74030444335938,-6.093872170650958,-6.485524633094668,4.119844718545675
1789453575234244400,43.75024438476562,-6.190467920053005,-6.353013520702719,4.1818376488611095
1789453575244183300,43.76018334960938,-6.2882794749855995,-6.216779588395357,4.240231677901744
1789453575254123500,43.77012353515625,-6.38786914550662,-6.078365973961353,4.291733024819195
1789453575264062500,43.7800625,-6.491445255315304,-5.9378533414214845,4.332829882100224
1789453575274002400,43.79000244140625,-6.596811755672097,-5.795714568984508,4.366029264129698
1789453575283941600,43.79994165039062,-6.697203390225767,-5.653990807089209,4.3988916692897675
1789453575293881300,43.80988134765625,-6.794107182663678,-5.512372843655943,4.429929781632125
1789453575303820300,43.8198203125,-6.888115838181972,-5.371286210620403,4.457974265116453
1789453575313760500,43.82976049804687,-6.979154537978768,-5.231271006208658,4.482811476992071
1789453575323700500,43.839700439453125,-7.069673597815632,-5.09279134080112,4.500394479955733
1789453575333639400,43.84963940429687,-7.161918750792742,-4.954356683579087,4.509064693145453
1789453575343579400,43.859579345703125,-7.254829674202203,-4.815663959942758,4.510789909502863
1789453575353518600,43.8695185546875,-7.34487819391787,-4.677488538178801,4.510454101677238
1789453575363458300,43.879458251953125,-7.433325708177685,-4.540853039333224,4.505189897538721
1789453575373397200,43.88939721679687,-7.524942500123381,-4.405431884713471,4.487518339508772
1789453575383337500,43.89933740234375,-7.617274162340164,-4.274485245159268,4.458285815283656
1789453575393276400,43.9092763671875,-7.706884875160455,-4.145431579744816,4.426024006365239
1789453575403216400,43.91921630859375,-7.793060352835059,-4.023501774860918,4.387486770439148
1789453575413155300,43.9291552734375,-7.870603026720881,-3.9131954800143838,4.3486657491356135
1789453575423095600,43.939095458984376,-7.935387925842404,-3.813593534533679,4.319319827663898
1789453575433034500,43.949034423828124,-7.990942639803886,-3.727641051959991,4.291847006587684
1789453575442974200,43.95897412109375,-8.034139976495505,-3.6527363253623246,4.275565149350464
1789453575452913400,43.968913330078124,-8.063941240519284,-3.5843031328663226,4.277381258861721
1789453575462853400,43.978853271484375,-8.083028802827,-3.521227960272133,4.293711631415784
1789453575472792300,43.98879223632812,-8.093591697895526,-3.4637609829485414,4.320476304222643
1789453575482732300,43.998732177734375,-8.096943930932879,-3.4113448592737314,4.355755415135622
1789453575492671500,44.00867138671875,-8.099648513716458,-3.363965852983296,4.387459297910333
1789453575502611500,44.01861157226563,-8.092544819191097,-3.329227132557332,4.426889683283865
1789453575512550400,44.02855029296875,-8.077242620640993,-3.3090868463262915,4.469733091971278
1789453575522490600,44.03849072265625,-8.058663592377304,-3.3008526864662766,4.509177505870163
1789453575532430300,44.04843041992188,-8.041164176043868,-3.3016955670312047,4.539701238949597
1789453575542369300,44.058369384765626,-8.023880448287725,-3.307413067895174,4.5660459327787155
1789453575552309500,44.0683095703125,-8.006516641032695,-3.3171810131937263,4.589383553746343
1789453575562248400,44.07824853515625,-7.988744837498665,-3.332894422893226,4.608918859821558
1789453575572188400,44.0881884765625,-7.971001675537228,-3.353228185869753,4.6248628634065385
1789453575582127400,44.09812744140625,-7.951496764600276,-3.378534768822789,4.63999525834769
1789453575592067600,44.10806762695312,-7.930537563201785,-3.4110143121451135,4.652087847201526
1789453575602006500,44.11800659179688,-7.909469640731811,-3.4505881976425647,4.6587703937053675
1789453575611946200,44.1279462890625,-7.886386286786198,-3.496674826034903,4.663533954845368
1789453575621885200,44.13788525390625,-7.859807491940259,-3.552937103743851,4.66588139475435
1789453575631825400,44.14782543945312,-7.829375528797507,-3.6223762584120034,4.663654366354644
1789453575641764400,44.15776440429688,-7.794492431464791,-3.7062227086171506,4.656196451564133
1789453575651704300,44.16770434570312,-7.754782936888933,-3.803804838708043,4.643785882802307
1789453575661643500,44.1776435546875,-7.711123827904462,-3.9150957606777546,4.623953639607131
1789453575671583500,44.18758349609375,-7.664085597875713,-4.038513758292794,4.595926984040439
1789453575681522400,44.1975224609375,-7.61254245764315,-4.1715395422086115,4.5626554135575885
1789453575691462400,44.20746240234375,-7.5552891230702395,-4.3115716977551575,4.527511034940183
1789453575701401600,44.21740161132813,-7.490768427842855,-4.455786984205246,4.494963979339599
1789453575711341300,44.22734130859375,-7.4177897008717055,-4.605005485770106,4.465504076099395
1789453575721281300,44.23728125,-7.337033325636386,-4.759498420606553,4.436831816105545
1789453575731220500,44.24722045898437,-7.248111179602145,-4.919638421419263,4.408228821955621
1789453575741160400,44.257160400390624,-7.1534420143485065,-5.083434898912906,4.376909554584324
1789453575751099400,44.26709936523437,-7.058871633294224,-5.246255809372663,4.33814523190409
1789453575761039600,44.27703955078125,-6.962415584623813,-5.410555560213327,4.291971509750187
1789453575770978600,44.286978515625,-6.86601915718615,-5.57759905680418,4.233036797961592
1789453575780918300,44.296918212890624,-6.773353148448467,-5.741585503911971,4.162479160657525
1789453575790857200,44.30685717773437,-6.687717768999934,-5.898486961194872,4.080765338566899
1789453575800797400,44.31679736328125,-6.6064779941618434,-6.048344345185161,3.992787487645447
1789453575810736400,44.326736328125,-6.525486641126871,-6.193280054864287,3.9027790076792237
1789453575820676400,44.33667626953125,-6.445838519394397,-6.332344826683402,3.8108956737518307
1789453575830615600,44.34661547851562,-6.368407489189505,-6.4656625792831175,3.716039753754437
1789453575840555500,44.356555419921875,-6.292965002453327,-6.595261603620648,3.61545405793339
1789453575850494500,44.36649438476562,-6.223465349769592,-6.718085434734821,3.508016888782382
1789453575860434200,44.37643408203125,-6.158952253326773,-6.831933347710967,3.400349418006837
1789453575870373400,44.38637329101562,-6.09302929008603,-6.939940133443474,3.298875248913467
1789453575880313300,44.396313232421875,-6.024701019269227,-7.045100882095098,3.199984082050621
1789453575890252300,44.40625219726562,-5.948597438275813,-7.1513815746873615,3.1052003505066037
1789453575900192500,44.416192626953126,-5.866824579474329,-7.25994599430263,3.007318068425357
1789453575910131500,44.42613134765625,-5.78716944347918,-7.3661676501840345,2.9014897957757113
1789453575920071400,44.436071533203126,-5.7097612096279855,-7.467567584997415,2.7936402464315293
1789453575930011400,44.44601147460938,-5.633074860310554,-7.563657722964883,2.6888527150064707
1789453575939950600,44.45595068359375,-5.555868871033192,-7.6541335281819105,2.5917069305062292
1789453575949890300,44.46589038085938,-5.474526804864406,-7.7410881735354655,2.5050901388049125
1789453575959829200,44.475829345703126,-5.389760024943947,-7.825785979872942,2.424453882817924
1789453575969769700,44.48576977539062,-5.303614357885718,-7.9078405782252545,2.3469337130248547
1789453575979708700,44.49570874023438,-5.218801985257864,-7.985888279023766,2.27158679561764
1789453575989648600,44.50564868164062,-5.138119259780645,-8.05749571764171,2.201559319667518
1789453575999587600,44.51558764648438,-5.062220845970511,-8.121533597788215,2.1412581418313086
1789453576009527800,44.52552783203125,-4.989281281965971,-8.179396588692068,2.0916377863548696
1789453576019466800,44.535466796875,-4.918438982501626,-8.233704517462849,2.045845756994933
1789453576029406500,44.54540649414062,-4.851721946273744,-8.283803304105996,2.0024507057741285
1789453576039345700,44.555345703125,-4.794399930378795,-8.326832298493384,1.9616287199117242
1789453576049285600,44.56528564453125,-4.748541850045323,-8.36082341542244,1.9283080495901406
1789453576059224600,44.575224609375,-4.712774955615401,-8.385126082029938,1.91045602042675
1789453576069164800,44.58516479492187,-4.687558096772432,-8.400634616807103,1.904338268198818
1789453576079103700,44.59510375976563,-4.673606728309393,-8.408993279829621,1.9017456213571131
1789453576089043700,44.60504370117187,-4.6715211542069905,-8.411209786835313,1.897069007848203
1789453576098982700,44.61498266601563,-4.678943705423176,-8.407508594229817,1.8951783717960118
1789453576108922600,44.62492260742187,-4.689445810215175,-8.398469547727704,1.9092399226352572
1789453576118862600,44.634862548828124,-4.7005622475132345,-8.384293722859024,1.9439077697820961
1789453576128801500,44.64480151367187,-4.715274663476646,-8.364380815643072,1.9934134128376841
1789453576138741800,44.65474169921875,-4.735627715675532,-8.338818504363298,2.051426625867188
1789453576148680700,44.6646806640625,-4.759124618858099,-8.309730357044934,2.114126535408199
1789453576158620700,44.67462060546875,-4.782079377987981,-8.279721587750315,2.179063264090568
1789453576168559600,44.6845595703125,-4.802743103571236,-8.24895936973989,2.2491621978417036
1789453576178499600,44.69449951171875,-4.822479192915559,-8.216037343347072,2.3261175733588635
1789453576188438500,44.7044384765625,-4.843773617617786,-8.179994554585218,2.407474252574891
1789453576198378500,44.71437841796875,-4.8693470348134635,-8.140737479951976,2.4876179027393457
1789453576208317700,44.72431762695312,-4.898157241973281,-8.100491978803277,2.561348617121577
1789453576218257700,44.734257568359375,-4.927459324303269,-8.060628170448542,2.6299875613227486
1789453576228196600,44.74419653320312,-4.952288645133375,-8.021793120619654,2.7011241675585507
1789453576238136800,44.75413671875,-4.970261524197459,-7.983952927047014,2.779097341816127
1789453576248075800,44.76407568359375,-4.9840796216696495,-7.945332396751642,2.863748386402428
1789453576258015700,44.774015625,-4.997227857056259,-7.904745534819364,2.951797548994422
1789453576267954700,44.78395458984375,-5.01237165017426,-7.861210928997397,3.041039720763266
1789453576277894700,44.793894775390626,-5.029989724451303,-7.815321869003772,3.1289561968863007
1789453576287833600,44.80383349609375,-5.047501415744423,-7.768319879332184,3.2165619996249672
1789453576297773600,44.813773681640626,-5.063706116092205,-7.721561050766706,3.302546338641643
1789453576307713800,44.8237138671875,-5.083041515681147,-7.672882652315497,3.3852532634228467
1789453576317652700,44.83365283203125,-5.107472777104378,-7.619810402819514,3.467361345528066
1789453576327592700,44.8435927734375,-5.137110959520935,-7.560518840417266,3.5523262783691285
1789453576337531600,44.85353173828125,-5.167772055244446,-7.495923326388001,3.6435736524805424
1789453576347471600,44.8634716796875,-5.196293800851702,-7.429075649517774,3.7386809168905017
1789453576357410600,44.87341064453125,-5.225409420698881,-7.3597355713099235,3.834023159100115
1789453576367350500,44.8833505859375,-5.260389548665285,-7.284709264159202,3.928319983910024
1789453576377289700,44.89328979492188,-5.304392356520891,-7.203000702765584,4.018775623121857
1789453576387229700,44.90322973632812,-5.357643469715118,-7.114608718085289,4.104677252291142
1789453576397168600,44.91316870117188,-5.415203678280115,-7.020723396685719,4.189920417551696
1789453576407108600,44.92310864257813,-5.4733676979571575,-6.923257878711819,4.275646105632186
1789453576417047800,44.9330478515625,-5.5313709741145365,-6.822218593904376,4.362530900619924
1789453576426987800,44.94298779296875,-5.587915868157148,-6.717427263087034,4.45216119492352
1789453576436926700,44.9529267578125,-5.64177371507287,-6.610847879809141,4.5428503506302835
1789453576446866700,44.96286669921875,-5.696752674973011,-6.501887738874554,4.630644369417428
1789453576456805600,44.9728056640625,-5.752852163335681,-6.389318175271153,4.717170560225844
1789453576466745600,44.98274560546875,-5.809278399434685,-6.272469326913356,4.804042203471064
1789453576476685800,44.992685791015624,-5.865851935049891,-6.152991299095749,4.88905682067275
1789453576486624800,45.00262475585937,-5.922569847571849,-6.033545419982075,4.968890820366144
1789453576496564700,45.012564697265624,-5.986442892545461,-5.912252451696991,5.037672680169344
1789453576506503700,45.02250366210937,-6.05740852612853,-5.788364790743589,5.096374459984898
1789453576516443600,45.032443603515624,-6.1334577465862035,-5.664245659121871,5.144650707376003
1789453576526382600,45.04238256835937,-6.2109139112323515,-5.541876586037874,5.184840678945183
1789453576536322600,45.052322509765624,-6.284080269730091,-5.423779783445596,5.221427073064446
1789453576546261500,45.06226147460937,-6.351904098156094,-5.309269022646546,5.256937362384796
1789453576556201700,45.07220166015625,-6.414129960444569,-5.196516503691673,5.29391363260448
1789453576566140700,45.082140625,-6.476938006535172,-5.085252177467942,5.325399488714337
1789453576576080600,45.09208056640625,-6.539365528875589,-4.977873168244957,5.3505011967450375
1789453576586019800,45.10201977539062,-6.602766280162334,-4.874275723387301,5.367988338118791
1789453576595959600,45.11195947265625,-6.664622724616527,-4.772977495382726,5.382553454566001
1789453576605898500,45.1218984375,-6.726079940620064,-4.671625783625244,5.395010785079002
1789453576615838700,45.131838623046875,-6.786604259687662,-4.57115728444308,5.405265637111664
1789453576625777700,45.14177758789062,-6.836964912137389,-4.472698371517658,5.424138095363975
1789453576635717600,45.151717529296874,-6.889197788199782,-4.378866826131939,5.434597530058026
1789453576645657600,45.16165771484375,-6.948200596788525,-4.288717184129357,5.431368046617508
1789453576655596800,45.1715966796875,-7.006386243775487,-4.203094371901452,5.42354948182106
1789453576665536800,45.18153686523438,-7.061369295328855,-4.125583554458618,5.411750907477736
1789453576675475700,45.191475830078126,-7.111242456522583,-4.054715243770182,5.399989742535352
1789453576685415700,45.20141577148438,-7.152412671300769,-3.98758728865385,5.395603490275144
1789453576695354600,45.211354736328126,-7.185617021766305,-3.9211493616282938,5.400177958583831
1789453576705294600,45.22129467773438,-7.211887773576378,-3.8563931040793653,5.411775457397103
1789453576715233500,45.231233642578125,-7.231135494881868,-3.794610309383273,5.429731969848275
1789453576725173800,45.241173828125,-7.242714873516559,-3.73630629671365,5.454673518881202
1789453576735112700,45.25111279296875,-7.247505614924431,-3.687907007464766,5.481189769884944
1789453576745052700,45.261052734375,-7.241386255261301,-3.6536551937729116,5.512120914721488
1789453576754991900,45.27099194335938,-7.225790626722574,-3.634260465212166,5.545312990227341
1789453576764931600,45.280931640625,-7.1942182613730425,-3.627384734223783,5.590675395998359
1789453576774871600,45.29087158203125,-7.157897240191698,-3.6280893753618,5.636650380709767
1789453576784810500,45.300810546875,-7.123330369201302,-3.6350916553393002,5.675793473574519
1789453576794750700,45.31075073242187,-7.0876733648866415,-3.6493627572759983,5.711169322860241
1789453576804689700,45.32068969726563,-7.049735556158423,-3.670876377686858,5.744238648769259
1789453576814629600,45.33062963867187,-7.010455100649595,-3.6986125258743763,5.774442063853145
1789453576824568800,45.34056884765625,-6.970580770900845,-3.733385733091831,5.80028085398674
1789453576834508500,45.35050854492187,-6.931951472777127,-3.7759026863038536,5.819021794813871
1789453576844447500,45.36044750976563,-6.896191592609882,-3.8242756720677016,5.8299126066625115
1789453576854387700,45.3703876953125,-6.860923879873752,-3.8780759435772896,5.835979359355568
1789453576864326700,45.38032666015625,-6.825185042494535,-3.937824017575383,5.8378778864532705
1789453576874266600,45.3902666015625,-6.788293527948856,-4.00454076154232,5.835504143059254
1789453576884205600,45.40020556640625,-6.748716719841957,-4.080471908578277,5.828809029334783
1789453576894145800,45.410145751953124,-6.705206079417467,-4.167744241578877,5.817260045838355
1789453576904084700,45.42008471679687,-6.656488517999649,-4.266248162689805,5.801778399068117
1789453576914024700,45.43002465820312,-6.603597470289468,-4.37629259172976,5.7802224008202545
1789453576923964700,45.439964599609375,-6.545854306373,-4.496676628476381,5.753440192356705
1789453576933903600,45.44990356445312,-6.4815715115547174,-4.627989763255417,5.72200752773881
1789453576943843600,45.459843505859375,-6.4071168668121095,-4.76957557798475,5.689495251190662
1789453576953782500,45.46978247070312,-6.319018896642327,-4.920666595423222,5.659276054015756
1789453576963722800,45.47972265625,-6.219875216323137,-5.079489376157522,5.628707312750816
1789453576973661700,45.48966162109375,-6.117412036192417,-5.240590038695931,5.5931981924742455
1789453576983601700,45.4996015625,-6.015311259633302,-5.400298954614996,5.551864311566948
1789453576993540900,45.509540771484374,-5.913118128615618,-5.557160664409398,5.506670832622051
1789453577003480600,45.51948046875,-5.806368064945936,-5.712074162745475,5.461565031960606
1789453577013419500,45.52941943359375,-5.693319777914882,-5.868901385748386,5.4141012699961655
1789453577023359500,45.539359375,-5.5773746003985405,-6.02646744441986,5.361435847735405
1789453577033298700,45.549298583984374,-5.460958882761001,-6.180650290393829,5.305457939925789
1789453577043238700,45.55923876953125,-5.34533226967454,-6.33229280423522,5.2440340416699645
1789453577053178600,45.5691787109375,-5.2387645768344395,-6.478169594156742,5.172918770483136
1789453577063117800,45.57911791992188,-5.137942734169959,-6.618854660654067,5.095356807374954
1789453577073057500,45.5890576171875,-5.035655495128036,-6.7571011018276215,5.015387198603153
1789453577082996500,45.59899658203125,-4.932487381598353,-6.893913126283883,4.931017893567681
1789453577092936700,45.60893676757812,-4.832153030189872,-7.028251454102993,4.839872810786963
1789453577102875600,45.61887573242188,-4.738275015313923,-7.15699649195969,4.743052604979276
1789453577112815600,45.62881567382812,-4.647948555439711,-7.279229371443391,4.645408515568077
1789453577122754600,45.63875463867188,-4.55456767643094,-7.397482825902104,4.550115665458143
1789453577132694800,45.64869482421875,-4.456228590492904,-7.513075536718964,4.457139567857981
1789453577142633700,45.6586337890625,-4.354189480993152,-7.626011595547199,4.365245128014683
1789453577152573700,45.66857373046875,-4.248429305143654,-7.737646508648991,4.272010379478335
1789453577162512600,45.6785126953125,-4.141880901525915,-7.846978405505419,4.1761370991319415
1789453577172452600,45.68845263671875,-4.037198291780054,-7.951239574968814,4.080338929848373
1789453577182392600,45.698392578125,-3.9363305641472337,-8.049285523179172,3.9855630893498657
1789453577192331500,45.70833154296875,-3.840960849408805,-8.141221464076638,3.8907463323190807
1789453577202271700,45.718271728515624,-3.748816234196722,-8.224437507423758,3.8046523954480884
1789453577212210700,45.72821069335937,-3.657907298259437,-8.299217146337032,3.7300276548355815
1789453577222150700,45.738150634765624,-3.5659207962185144,-8.369093815639614,3.6623613550588487
1789453577232089900,45.74808984375,-3.475720300811529,-8.436623629555106,3.5934830491438507
1789453577242029600,45.758029541015624,-3.391427568143606,-8.50118231870532,3.521151680165529
1789453577251968500,45.76796850585937,-3.31428295366466,-8.56045108475387,3.4503047045260664
1789453577261908700,45.77790869140625,-3.244780086110532,-8.61313813432455,3.384620226216316
1789453577271847700,45.78784765625,-3.181323220722377,-8.658659530049562,3.3282460125654936
1789453577281787600,45.79778759765625,-3.122543991756439,-8.697763459947705,3.2816222085565325
1789453577291727600,45.8077275390625,-3.0694691119119524,-8.731426660096645,3.2420591367140412
1789453577301666800,45.817666748046875,-3.0259231079131363,-8.759726871907711,3.2064532780647275
1789453577311606500,45.8276064453125,-2.9965953066200015,-8.781444198197127,3.1744319999039172
1789453577321545700,45.837545654296875,-2.9808494559556244,-8.797284156885743,3.145272833175957
1789453577331485700,45.84748559570313,-2.9745585391178726,-8.808544386568665,3.1196035543903706
1789453577341424600,45.857424560546875,-2.9735943702608347,-8.815369848674536,3.101185269646346
1789453577351364600,45.867364501953126,-2.979420007674396,-8.81692643046677,3.0911563353240488
1789453577361303600,45.877303466796874,-2.9942808921977875,-8.812559467428922,3.089246410049498
1789453577371243800,45.88724389648438,-3.01550020583719,-8.801345414975286,3.100558954441547
1789453577381182700,45.8971826171875,-3.0390991080895065,-8.78376767270863,3.1272508542731403
1789453577391122700,45.90712280273438,-3.0600036566913125,-8.761821798360348,3.1681632948979734
1789453577401062000,45.917061767578126,-3.074540423826873,-8.737785089212656,3.2200454578265547
1789453577411001600,45.92700170898438,-3.0852088250964878,-8.712741248849033,3.2772000082001087
1789453577420941600,45.93694165039062,-3.099347240564227,-8.686206877666711,3.333800724083185
1789453577430880500,45.94688061523438,-3.1212823012575504,-8.656442438521982,3.3902778135865925
1789453577440820700,45.95682080078125,-3.1466207406535744,-8.623231658315659,3.4509538160845636
1789453577450759700,45.966759765625,-3.1698043401032683,-8.587188869553804,3.5189401415959
1789453577460699600,45.97669970703125,-3.1887691528141495,-8.549619309616089,3.5925147886335846
1789453577470638800,45.98663891601562,-3.204488407732546,-8.512555361112952,3.6657936675950884
1789453577480578600,45.99657861328125,-3.2220521214738485,-8.476586222109198,3.7331308815479276
1789453577490517500,46.006517578125,-3.2468899178713557,-8.440833940726518,3.79215414840281
1789453577500457700,46.01645776367187,-3.27598537171334,-8.404601182350516,3.8472026664078234
1789453577510396700,46.02639672851563,-3.303498232538998,-8.367550677850842,3.904024623826146
1789453577520336600,46.03633666992187,-3.3306603802308437,-8.328414599248767,3.964161404880881
1789453577530276600,46.046276611328125,-3.3570506667673587,-8.287666993796824,4.026804031276702
1789453577540215800,46.0562158203125,-3.3793916779130697,-8.248298275482654,4.088478104901314
1789453577550155500,46.066155517578125,-3.3984237106412647,-8.210522963839768,4.148304504832625
1789453577560094700,46.0760947265625,-3.4180145462960003,-8.17324157319367,4.205432751721143
1789453577570034700,46.08603466796875,-3.4417467195391653,-8.134455623203516,4.260913815924525
1789453577579973600,46.0959736328125,-3.4704037819638844,-8.092099413511157,4.317944155396521
1789453577589913600,46.10591357421875,-3.5049461030349134,-8.046301538932322,4.375249220156669
1789453577599852500,46.1158525390625,-3.548331071253121,-7.997020498412847,4.430282540592551
1789453577609792800,46.125792724609376,-3.605240999215841,-7.943440299394727,4.480447962731123
1789453577619731700,46.135731689453124,-3.6744483909547325,-7.883263186329603,4.530231692075729
1789453577629671700,46.145671630859376,-3.7483237745046614,-7.815384412845969,4.586957495643198
1789453577639611600,46.15561157226563,-3.813511409208178,-7.740901126530766,4.658970592452586
1789453577649550600,46.165550537109375,-3.8644323258891697,-7.6618047934621565,4.746921847628057
1789453577659490600,46.17549047851563,-3.9086581288456914,-7.578698640230297,4.843154316675663
1789453577669429500,46.185429443359375,-3.957665613120794,-7.492849325770139,4.936037183034419
1789453577679369700,46.19536962890625,-4.020965534381568,-7.4033829898566,5.0191801611453295
1789453577689308700,46.20530859375,-4.097291233693063,-7.310445762962102,5.093133870628476
1789453577699248600,46.21524853515625,-4.177156505307555,-7.215238253048062,5.163533687022328
1789453577709187800,46.22518774414063,-4.253287851090729,-7.11833504513204,5.235381364136934
1789453577719127600,46.23512744140625,-4.3231025610730045,-7.020021970418095,5.310412931984663
1789453577729066500,46.24506640625,-4.390549080619215,-6.92101857535243,5.384512187418341
1789453577739006700,46.2550068359375,-4.464259336735308,-6.821932762700319,5.449959349840879
1789453577748946700,46.26494677734375,-4.547625017686188,-6.7228866975367065,5.503840577632189
1789453577758885600,46.2748857421875,-4.641227430491149,-6.623860506117343,5.5456204487413165
1789453577768825900,46.284825927734374,-4.7413265118390315,-6.523915446287393,5.579316382116079
1789453577778764800,46.29476489257812,-4.844450493966042,-6.423125167804956,5.607599058270454
1789453577788704500,46.30470458984375,-4.948953947752714,-6.320439284834265,5.632964970195293
1789453577798643700,46.31464379882812,-5.056472657707333,-6.21556144477725,5.6541386911273
1789453577808583700,46.324583740234374,-5.167810049167275,-6.106639297765493,5.672130274891853
1789453577818522600,46.33452270507812,-5.2807636436522,-5.992920564126968,5.689359057590365
1789453577828462600,46.344462646484374,-5.394027619260549,-5.875594745907187,5.705453283300995
1789453577838401500,46.35440161132812,-5.505332277494668,-5.757351812842488,5.719670024701952
1789453577848341800,46.364341796875,-5.617070650970936,-5.638376473850012,5.72954084585309
1789453577858281700,46.37428173828125,-5.728896702730656,-5.518649439707398,5.735388402837515
1789453577868220700,46.384220703125,-5.8361307505249975,-5.398589812609553,5.741534650507569
1789453577878160600,46.39416064453125,-5.940143498185277,-5.279228104647994,5.7458513446629045
1789453577888099600,46.404099609375,-6.045887599682808,-5.163030998197198,5.7411459434509275
1789453577898039600,46.41403955078125,-6.151720548507571,-5.051242355838418,5.72814266949296
1789453577907978800,46.423978759765625,-6.248941736331582,-4.942942724639177,5.7173786988943816
1789453577917918700,46.433918701171876,-6.333157896631956,-4.836560617499053,5.715692937764525
1789453577927857700,46.443857666015624,-6.418377096495032,-4.731065522326529,5.708931773066521
1789453577937797600,46.453797607421876,-6.495470273047685,-4.629017060476541,5.7053895704150195
1789453577947736800,46.46373681640625,-6.5589739001870155,-4.533878816406428,5.709133433118462
1789453577957676500,46.473676513671876,-6.614361440888047,-4.446784178060293,5.713736542999744
1789453577967616500,46.48361645507813,-6.664410543170571,-4.369008279940486,5.715573695299029
1789453577977555500,46.493555419921876,-6.707040893629193,-4.298921182757616,5.718855201187729
1789453577987495400,46.50349536132813,-6.736935096633434,-4.231626931163668,5.733883843493461
1789453577997434600,46.5134345703125,-6.749237528845668,-4.163764816553891,5.768989059144258
1789453578007374600,46.52337451171875,-6.753070823398232,-4.098092613203823,5.811375663974881
1789453578017313500,46.5333134765625,-6.753337949901819,-4.043940751777589,5.848879757460952
1789453578027253500,46.54325341796875,-6.748682233050465,-4.00560283781588,5.8805427237033845
1789453578037192700,46.55319262695313,-6.734630911344289,-3.982004227824509,5.912596735090017
1789453578047132400,46.56313232421875,-6.710680126914381,-3.968154566170275,5.949024723777175
1789453578057072600,46.57307275390625,-6.68468468491435,-3.9613112761467693,5.982759235596657
1789453578067011600,46.58301147460938,-6.6614744897186755,-3.9628342479303478,6.0075885564267635
1789453578076951600,46.59295166015625,-6.638067310646176,-3.971354531255364,6.02783054946661
1789453578086890500,46.60289038085938,-6.615886458498239,-3.983040877395868,6.044488838800787
1789453578096830700,46.612830810546875,-6.597090572613477,-3.997164095294475,6.055701722210645
1789453578106769700,46.62276977539062,-6.5822203357398505,-4.012556017954648,6.061696578711271
1789453578116709400,46.63270947265625,-6.568707358694076,-4.03038948854804,6.064521573004126
1789453578126648300,46.6426484375,-6.555170416250824,-4.054247041736543,6.063270111638308
1789453578136588500,46.652588623046874,-6.540013763651252,-4.087712381225824,6.057161273369193
1789453578146527500,46.66252758789062,-6.523602727076411,-4.132246519479155,6.044628539532423
1789453578156467500,46.672467529296874,-6.505257507568597,-4.187474193443358,6.026362230479717
1789453578166407700,46.68240771484375,-6.484101322293281,-4.254601271776854,6.002095219707488
1789453578176346600,46.6923466796875,-6.459536789879203,-4.331968296834826,5.973175999215245
1789453578186286300,46.702286376953126,-6.430724536892772,-4.419105897539854,5.940340482062101
1789453578196225500,46.7122255859375,-6.396556894353032,-4.516359526328742,5.90397503721714
1789453578206165500,46.72216552734375,-6.356194488826394,-4.6271632493034005,5.861614151349664
1789453578216104400,46.7321044921875,-6.305927359879017,-4.757117370688915,5.8116708475291725
1789453578226044400,46.74204443359375,-6.242067758908868,-4.904991471907496,5.757432476863265
1789453578235983600,46.751983642578125,-6.16321107981503,-5.063643572250008,5.704800372350215
1789453578245923600,46.76192358398438,-6.070666067108512,-5.2261155231416225,5.65730796881318
1789453578255862500,46.771862548828125,-5.970142915129661,-5.387736410161852,5.612490337443352
1789453578265802500,46.78180249023438,-5.868187099999189,-5.547864428275823,5.5638037556856865
1789453578275742500,46.79174243164063,-5.7703100786149495,-5.703855784976482,5.508173053878545
1789453578285681400,46.801681396484376,-5.679585267072916,-5.8530012213051315,5.445651423513889
1789453578295621600,46.81162158203125,-5.588334385830164,-5.999753040495515,5.379948825025558
1789453578305560600,46.821560546875,-5.496366880750656,-6.145104929760098,5.310184383925796
1789453578315500500,46.83150048828125,-5.401705898803472,-6.288588102543354,5.238854593205452
1789453578325439500,46.841439453125,-5.302885459089278,-6.432445369336008,5.164635510784387
1789453578335379700,46.85137963867187,-5.207004579958319,-6.574129968264699,5.083140299880505
1789453578345318700,46.86131860351563,-5.114534386053681,-6.711495534950495,4.996773683547973
1789453578355258400,46.87125830078125,-5.028081845003366,-6.843392314836382,4.904774029764533
1789453578365198600,46.881198486328124,-4.948236154872179,-6.967659330496192,4.810099019291997
1789453578375137500,46.89113745117187,-4.8717251621216535,-7.085118419706821,4.715697857324779
1789453578385077500,46.901077392578124,-4.800018647043407,-7.196661562871933,4.619335624417662
1789453578395016400,46.91101635742187,-4.7338507691308855,-7.302186468660831,4.5209673123851415
1789453578404956700,46.920956787109375,-4.6687195407897235,-7.404327577230334,4.421466489191353
1789453578414895600,46.9308955078125,-4.606048272821307,-7.505520006772875,4.315309422978759
1789453578424835300,46.94083544921875,-4.548298094642162,-7.604713371452688,4.201393120941519
1789453578434774500,46.9507744140625,-4.4908328708842395,-7.701419595491886,4.085454957687855
1789453578444714500,46.960714599609375,-4.4296506724297995,-7.796892478343844,3.9695167944341896
1789453578454653400,46.9706533203125,-4.36492510228008,-7.890892950555681,3.853779122188687
1789453578464593400,46.980593505859375,-4.299688952259719,-7.981708362990617,3.73836702863574
1789453578474533600,46.99053369140625,-4.233405046752095,-8.067603270158171,3.6280081268191338
1789453578484472600,47.00047265625,-4.162355534277856,-8.148756535756588,3.5274580868333576
1789453578494412500,47.01041259765625,-4.084759084378183,-8.22715728777647,3.4349668501406905
1789453578504351500,47.0203515625,-4.001294619227946,-8.303830777612328,3.347597778767347
1789453578514291500,47.03029150390625,-3.9209541313171385,-8.37676624996364,3.2598020064145325
1789453578524230400,47.04023046875,-3.8503409644335505,-8.443652505278587,3.1701684972405433
1789453578534170600,47.05017065429688,-3.7872406573981046,-8.505002753776312,3.0809330474734304
1789453578544109600,47.060109619140626,-3.724687462851405,-8.56198253210485,2.9982550565257666
1789453578554049500,47.07004956054688,-3.660089318473637,-8.614987561583519,2.9250863599404693
1789453578563989800,47.07998974609375,-3.596183248013258,-8.663855345126986,2.8592770862072703
1789453578573928700,47.0899287109375,-3.5349399670213457,-8.708971082660556,2.797926545448601
1789453578583868400,47.09986840820312,-3.4779277477279305,-8.749625749132036,2.741980201821029
1789453578593807400,47.10980737304688,-3.428304469642043,-8.784286728146672,2.6932208470880985
1789453578603747600,47.11974755859375,-3.389298154899478,-8.811828815066814,2.65230869872421
1789453578613686500,47.1296865234375,-3.3584590722605583,-8.832996690779924,2.6209371166437863
1789453578623626500,47.13962646484375,-3.3342721409872174,-8.848435082930326,2.5996640269905327
1789453578633565400,47.1495654296875,-3.317571473816037,-8.858681167134643,2.586089382885396
1789453578643505700,47.15950561523437,-3.309053820839524,-8.863827297851444,2.579370596024394
1789453578653445400,47.1694453125,-3.307761150680482,-8.863062158697844,2.5836437432989476
1789453578663384300,47.17938427734375,-3.3126953922122717,-8.855895920330285,2.6018384484201666
1789453578673324500,47.189324462890625,-3.326090880358219,-8.841200455501674,2.6345152678802606
1789453578683263500,47.19926342773437,-3.351147287942469,-8.817795614516735,2.6808015104979277
1789453578693203500,47.209203369140624,-3.387499873305857,-8.785563908475638,2.7402748592078683
1789453578703142700,47.219142578125,-3.4319346428379416,-8.746098159527778,2.810336237427592
1789453578713082600,47.22908251953125,-3.481526356741786,-8.701030352789163,2.888161527647078
1789453578723021600,47.239021484375,-3.533990118950605,-8.65105197765529,2.973319352711737
1789453578732961500,47.24896142578125,-3.586158405344188,-8.596890179356933,3.0664862967088817
1789453578742900700,47.258900634765624,-3.6345787373811005,-8.539258659121394,3.168801885062456
1789453578752840400,47.26884033203125,-3.6789319661095736,-8.479804015111922,3.2754826828882098
1789453578762780400,47.27878051757813,-3.720735510355234,-8.4203522937119,3.379963632582128
1789453578772719600,47.2887197265625,-3.7609175908789036,-8.36184749777317,3.4792815004244444
1789453578782659600,47.29865966796875,-3.8036078548312187,-8.303675294789672,3.5709856783926486
1789453578792598500,47.3085986328125,-3.8513726455688473,-8.246369353246688,3.6516657735213633
1789453578802538800,47.31853881835937,-3.8999388158172366,-8.19190652617514,3.722033733472228
1789453578812477700,47.32847778320313,-3.9436692364722488,-8.141631798443198,3.785721485006809
1789453578822417400,47.33841748046875,-3.9814951092585917,-8.095157632037997,3.8453184600964185
1789453578832356400,47.3483564453125,-4.015047250248491,-8.051184634798764,3.9023341865211725
1789453578842296600,47.35829663085938,-4.044253178727627,-8.009504716932772,3.957557768832147
1789453578852236500,47.36823657226562,-4.0704155017271635,-7.96939424034059,4.01133904338032
1789453578862175500,47.37817553710938,-4.0942227860331535,-7.929142893972992,4.066503588980436
1789453578872115700,47.38811572265625,-4.115167082123458,-7.887845837944745,4.125253299590945
1789453578882054700,47.3980546875,-4.135762126384675,-7.844386635446548,4.187057721596956
1789453578891994400,47.40799438476562,-4.158853955897689,-7.798629677399992,4.249203212125599
1789453578901933300,47.41793334960938,-4.186336421585083,-7.750854365268349,4.30919853888303
1789453578911873500,47.42787353515625,-4.220038200178742,-7.701507273775339,4.364453977636993
1789453578921812500,47.4378125,-4.26028837750256,-7.652745873215794,4.410872614462673
1789453578931752400,47.44775244140625,-4.304129565055668,-7.605282111251354,4.450229350078105
1789453578941692700,47.457692626953126,-4.34834513887912,-7.557475234937668,4.488522548115253
1789453578951631600,47.467631591796874,-4.390743141886592,-7.507555311992764,4.530823520489037
1789453578961571300,47.4775712890625,-4.434241799612343,-7.453237446349859,4.577894776004553
1789453578971510300,47.48751025390625,-4.481018163834512,-7.39051474045515,4.6337011266395445
1789453578981450000,47.49744995117187,-4.532218481978774,-7.316562784537672,4.700773552176356
1789453578991389000,47.50738891601563,-4.586269513379037,-7.231379240509868,4.779507773934305
1789453579001329200,47.5173291015625,-4.642684935823083,-7.136133152151108,4.867387717439234
1789453579011268000,47.52726806640625,-4.702181080886722,-7.032454751011729,4.960288996237516
1789453579021208000,47.5372080078125,-4.76947299439311,-6.921754488411545,5.050919115233421
1789453579031148300,47.54714819335938,-4.84761597225964,-6.80508917992711,5.134371305423975
1789453579041087200,47.557087158203124,-4.937072955822944,-6.68429422429204,5.207296256381273
1789453579051027000,47.56702685546875,-5.03574083532393,-6.560302518442273,5.270113654822111
1789453579060966100,47.576966064453124,-5.136471492573619,-6.432731785061955,5.329823734897375
1789453579070906000,47.586906005859376,-5.230471380263567,-6.3036459709435695,5.392270546460152
1789453579080845000,47.596844970703124,-5.314877510178089,-6.175926184481382,5.457143123865127
1789453579090785300,47.60678540039063,-5.397946254009008,-6.048509764879942,5.517978993099928
1789453579100724200,47.61672412109375,-5.481874829539656,-5.9229643998473875,5.571166977930068
1789453579110664200,47.62666430664063,-5.571692463108897,-5.8003258621722456,5.610959474614262
1789453579120603100,47.63660302734375,-5.66885344517827,-5.678956906041503,5.637727654552459
1789453579130543000,47.64654321289063,-5.76531124741435,-5.556127814230322,5.662243671649694
1789453579140483000,47.65648315429687,-5.861808212617039,-5.4324143408000465,5.6831707243442535
1789453579150422000,47.66642211914063,-5.9587909155100585,-5.310540942278504,5.6974891725540155
1789453579160362200,47.6763623046875,-6.051698916310071,-5.193510307613015,5.707431889897585
1789453579170301200,47.68630126953125,-6.138938223823905,-5.080020122033357,5.716399624729156
1789453579180241200,47.6962412109375,-6.230132990965247,-4.967271694731712,5.716818726924061
1789453579190180000,47.70618017578125,-6.323669352796673,-4.857251815611124,5.708648279950022
1789453579200120300,47.71612036132812,-6.408586939364671,-4.753282907092571,5.7014685975790025
1789453579210059300,47.72605932617188,-6.49422991759777,-4.654774309806525,5.685811009719967
1789453579219999000,47.7359990234375,-6.58223962496221,-4.560426631592214,5.661007992374897
1789453579229939200,47.745939208984375,-6.664902710601687,-4.470930192801356,5.635622206705809
1789453579239878100,47.75587817382812,-6.732966777524352,-4.3881808901831505,5.619736070787907
1789453579249818000,47.765818115234374,-6.786922824117541,-4.311472621294856,5.614199479448795
1789453579259757000,47.77575708007812,-6.830510621431469,-4.2420916265547275,5.614194218751788
1789453579269697300,47.785697265625,-6.865322407093644,-4.182715600739419,5.616282715463638
1789453579279636200,47.79563623046875,-6.884425751492381,-4.131322390371561,5.63091914358139
1789453579289576000,47.805575927734374,-6.888201178377867,-4.08266561923027,5.661702988901734
1789453579299515100,47.81551513671875,-6.879602861380577,-4.032482953695952,5.707938085854053
1789453579309455000,47.825455078125,-6.863515065410732,-3.989089509910345,5.757578607335686
1789453579319395000,47.83539501953125,-6.845191473212838,-3.9622713533505793,5.797770916992426
1789453579329334300,47.845334228515625,-6.82402009036839,-3.949993471057713,5.831008000683784
1789453579339274200,47.85527416992188,-6.797173584496974,-3.947843307286501,5.863731874155998
1789453579349213200,47.865213134765625,-6.762709589359164,-3.9523347734868524,5.900439848828316
1789453579359153200,47.87515307617188,-6.725532828131318,-3.9638460553213952,5.935111933758854
1789453579369092400,47.88509228515625,-6.688457773712277,-3.983242245186865,5.963947567620873
1789453579379032000,47.89503198242188,-6.6504977531522504,-4.0077380962789055,5.989935410836338
1789453579388971000,47.904970947265625,-6.612513182672858,-4.034192387962341,6.014174949079751
1789453579398911200,47.9149111328125,-6.576285684993863,-4.063264753189682,6.034295946088433
1789453579408851200,47.92485131835937,-6.5415878811001775,-4.094483482795954,6.05088233923018
1789453579418790100,47.9347900390625,-6.5084279542982575,-4.129240323400497,6.063015260094404
1789453579428730400,47.94473046875,-6.476365175083279,-4.170720042519271,6.06895283344984
1789453579438669300,47.95466943359375,-6.442959164565801,-4.222372196084261,6.068790336364508
1789453579448609000,47.96460913085937,-6.405321800088882,-4.285899788621068,6.0641007172435515
1789453579458548000,47.9745478515625,-6.3643883166760205,-4.3597491609469055,6.054544368869066
1789453579468488200,47.98448828125,-6.321220206078887,-4.442556623493135,6.039557227617502
1789453579478427100,47.99442724609375,-6.2762470918864,-4.536533714829385,6.016555706736445
1789453579488367000,48.0043671875,-6.232672738575935,-4.642258819365501,5.981103285083174
1789453579498307300,48.014307373046876,-6.1853434166461225,-4.7585611397564405,5.938688038679957
1789453579508246300,48.024246337890624,-6.126420687556267,-4.886837683318555,5.895434587886929
1789453579518186000,48.03418603515625,-6.057625968271494,-5.024219324356317,5.850875315192342
1789453579528125000,48.044125,-5.9780298689872025,-5.168690923655033,5.806739236345887
1789453579538065200,48.054065185546875,-5.891078146243095,-5.31685319416523,5.761653893950581
1789453579548004000,48.06400415039062,-5.802101639673113,-5.463486355412006,5.714575331911444
1789453579557944000,48.073944091796875,-5.711451646932959,-5.610466138139366,5.663248464778065
1789453579567883300,48.08388330078125,-5.617803641420602,-5.7598500593990085,5.606673175597191
1789453579577823200,48.0938232421875,-5.520259212991595,-5.9135015749752515,5.543250797000527
1789453579587762200,48.10376220703125,-5.419383594313263,-6.069586455178261,5.473644176810979
1789453579597702100,48.1137021484375,-5.3192526565223925,-6.226804138803482,5.394702157521247
1789453579607642000,48.12364208984375,-5.221648606860637,-6.382332554167509,5.307600212651491
1789453579617581000,48.1335810546875,-5.1278351816534995,-6.533094778043031,5.214821391189098
1789453579627521000,48.14352099609375,-5.042040227729082,-6.675647976499795,5.117022111216187
1789453579637460200,48.153460205078126,-4.961891170737147,-6.810915694123506,5.016118435487151
1789453579647400200,48.16340014648438,-4.881396661308408,-6.941009808501601,4.915766548421979
1789453579657339100,48.173339111328126,-4.800027707132696,-7.067208669006824,4.815046997088194
1789453579667279400,48.183279296875,-4.719651563386619,-7.188946458449959,4.713202241116762
1789453579677218300,48.19321826171875,-4.646041260513663,-7.304744336450099,4.607101289005577
1789453579687158000,48.20315795898438,-4.578420845705271,-7.41438719895184,4.498369403868914
1789453579697098200,48.21309814453125,-4.510587957189977,-7.519594124832749,4.390978704208135
1789453579707037200,48.223037109375,-4.441024591620266,-7.621748092883825,4.2844636183381075
1789453579716977200,48.23297705078125,-4.3721699588418,-7.7193100569695225,4.179321866647899
1789453579726916000,48.242916015625,-4.306765174256265,-7.8122700802177185,4.07315486356318
1789453579736856300,48.25285620117187,-4.242807665869593,-7.902111679184436,3.96555285923928
1789453579746795300,48.26279516601563,-4.178656972998381,-7.989052880534529,3.8580063844949004
1789453579756735000,48.27273486328125,-4.113336944086849,-8.072993146502972,3.7520109385848044
1789453579766674000,48.282673828125,-4.047998794996738,-8.153739000344276,3.647006257277727
1789453579776614100,48.2926142578125,-3.982046605661511,-8.230369820082187,3.5460867994576692
1789453579786553000,48.30255297851563,-3.9167172243997452,-8.30142313194871,3.451969422867894
1789453579796493000,48.3124931640625,-3.851400994880497,-8.367033375978469,3.3659839148074386
1789453579806433300,48.322433349609376,-3.785967276461422,-8.428134618151187,3.286851049120724
1789453579816372200,48.332372314453124,-3.7215085405543444,-8.485224871116877,3.2127436103805898
1789453579826312200,48.342312255859376,-3.6620033354014154,-8.53870687045753,3.1385724587544797
1789453579836251100,48.352251220703124,-3.6099884860038753,-8.58713918519318,3.0658450761958953
1789453579846191000,48.362191162109376,-3.564745907220244,-8.630028478848933,2.9975965926170347
1789453579856130000,48.372130126953124,-3.521519052173197,-8.668657776972651,2.936604948298633
1789453579866070300,48.3820703125,-3.4799431792035698,-8.703369024869799,2.8830110130161044
1789453579876009200,48.39200927734375,-3.4455472808659073,-8.732959861013292,2.834435782678425
1789453579885949200,48.40194921875,-3.422002154627442,-8.755086937147379,2.7944115230649706
1789453579895888100,48.41188818359375,-3.4119393180355426,-8.768034097003936,2.7659748253926635
1789453579905828400,48.42182836914063,-3.4156440177723764,-8.772076065871119,2.7485329844653603
1789453579915768000,48.43176806640625,-3.4297394708812234,-8.769303094026446,2.739820393438637
1789453579925707000,48.44170703125,-3.449994323402643,-8.762019951280951,2.7376883498460054
1789453579935647200,48.45164721679687,-3.474202297464013,-8.750824603527784,2.7428710131809115
1789453579945586200,48.46158618164063,-3.499532845814526,-8.735653337880969,2.7589897888109087
1789453579955526100,48.47152612304688,-3.5249785449773072,-8.716167716166376,2.788068291518092
1789453579965465000,48.481465087890626,-3.550988015502691,-8.69316619528532,2.826608742314577
1789453579975405600,48.49140551757812,-3.5759649281099435,-8.66847423709929,2.870607458516955
1789453579985344500,48.50134448242188,-3.5987609895467756,-8.643728502899409,2.9163761070013043
1789453579995284200,48.5112841796875,-3.619573475950956,-8.619865396752953,2.9609067381232976
1789453580005224400,48.521224365234374,-3.6413422401666637,-8.595930394414067,3.0035028940513726
1789453580015163400,48.53116333007812,-3.667836863860488,-8.569725693577528,3.045838645477593
1789453580025103400,48.541103271484374,-3.701479605743289,-8.538841895014047,3.0915374435961245
1789453580035042300,48.55104223632812,-3.740498195445537,-8.503349141350387,3.141995418940484
1789453580044982500,48.560982421875,-3.7788250034913418,-8.46571177687347,3.197276868918538
1789453580054921500,48.57092138671875,-3.8136943645596504,-8.428356151947378,3.254060832414031
1789453580064861200,48.580861083984374,-3.8471000828161834,-8.390937983179091,3.310951178893447
1789453580074800400,48.59080029296875,-3.8797035447791215,-8.35267284219265,3.369148224057257
1789453580084740400,48.600740234375,-3.912793621215224,-8.312794420790672,3.428979884685576
1789453580094679300,48.61067919921875,-3.9476425240173936,-8.270397294566035,3.4909921042233703
1789453580104619500,48.62061962890625,-3.9840792805328964,-8.2254610052526,3.555176699364185
1789453580114559500,48.6305595703125,-4.021444257809222,-8.177720764434337,3.622599253512919
1789453580124498400,48.64049853515625,-4.059346410702169,-8.127718423902987,3.692194767786562
1789453580134438400,48.6504384765625,-4.098675673788786,-8.076359408065676,3.7608074085026977
1789453580144377300,48.66037744140625,-4.141854305779933,-8.023712690505384,3.8256358545050024
1789453580154317300,48.6703173828125,-4.18998646852523,-7.969078598520159,3.886927650813758
1789453580164256300,48.68025634765625,-4.2424546146482225,-7.911623019373416,3.946918301396072
1789453580174196500,48.69019653320313,-4.294006522709131,-7.851316142448782,4.0110777620956295
1789453580184135400,48.700135498046876,-4.341849639379978,-7.788684037446975,4.081068705427646
1789453580194075400,48.71007543945313,-4.38817183009386,-7.723605708336829,4.154546321831643
1789453580204014300,48.720014404296876,-4.434139508281648,-7.655064087030291,4.231879444620013
1789453580213954600,48.72995458984375,-4.47872742254883,-7.58153006426394,4.31645362457782
1789453580223893500,48.7398935546875,-4.521300489862263,-7.5039815451592204,4.406642429547012
1789453580233833200,48.74983325195313,-4.561206968314945,-7.424283154544234,4.4995317256465555
1789453580243773400,48.7597734375,-4.600875546358526,-7.3450757623165845,4.588266824676096
1789453580253712400,48.76971240234375,-4.647840711151063,-7.2659835209012025,4.666204343098402
1789453580263652400,48.77965234375,-4.704107372774184,-7.183134557300805,4.737544362951815
1789453580273591600,48.78959155273437,-4.76698322340399,-7.093156180211901,4.809717034237086
1789453580283531500,48.79953149414062,-4.8328667314171785,-6.995136535486578,4.886910748554766
1789453580293470500,48.80947045898437,-4.897177583286166,-6.89067487501502,4.970574243408441
1789453580303410200,48.81941015625,-4.960331081813574,-6.781103324183821,5.057879017373919
1789453580313349400,48.82934936523438,-5.0267111411720515,-6.668246175810694,5.141701794442534
1789453580323289300,48.83928930664062,-5.102250074020028,-6.552798426422476,5.215200745895505
1789453580333228300,48.84922827148438,-5.184559523916244,-6.434765336716175,5.280583026388287
1789453580343168500,48.85916845703125,-5.267806546923518,-6.3157765537202355,5.3414931299030775
1789453580353108500,48.8691083984375,-5.346725185337663,-6.1955193582236765,5.403562924847006
1789453580363047400,48.87904736328125,-5.425899844339489,-6.071751524257659,5.464784578529
1789453580372987400,48.8889873046875,-5.503405108824372,-5.945231176713109,5.526044226133823
1789453580382926600,48.898926513671874,-5.58216884893775,-5.8171466485917565,5.583060829341411
1789453580392866300,48.9088662109375,-5.664014772975444,-5.6898027097046375,5.631648626899719
1789453580402805200,48.91880517578125,-5.748907809624075,-5.563863961440324,5.671323634684086
1789453580412745500,48.928745361328126,-5.835307743704319,-5.438059653210639,5.705002032402158
1789453580422684400,48.938684326171874,-5.925844339197874,-5.3122360557585955,5.730176221147179
1789453580432624400,48.948624267578126,-6.0175353654235595,-5.187846875023841,5.748557681012153
1789453580442563300,48.958563232421874,-6.1106736678481095,-5.064389422181248,5.760384312406182
1789453580452503600,48.96850366210938,-6.205242879858613,-4.940275551256537,5.767061305952072
1789453580462443300,48.978443359375,-6.296361074632406,-4.81569669316858,5.773671079480648
1789453580472382200,48.98838232421875,-6.385651469457149,-4.697426872096956,5.773039795839786
1789453580482322400,48.99832250976562,-6.471155916002393,-4.587694577746093,5.766068787783384
1789453580492261400,49.00826147460938,-6.554661882206797,-4.482103913244605,5.754781085571646
1789453580502201300,49.01820141601563,-6.6331625874698155,-4.378698191566765,5.744435632646083
1789453580512140500,49.028140625,-6.704953565961122,-4.281282942475379,5.734507528349757
1789453580522080500,49.03808056640625,-6.766358759516478,-4.191288783295453,5.728858124285936
1789453580532019500,49.04801953125,-6.8152318037569515,-4.110597289989888,5.729397637990116
1789453580541959200,49.05795922851563,-6.847590351048112,-4.0416920960679645,5.739829015633464
1789453580551898400,49.0678984375,-6.862431361827254,-3.9804122824579475,5.764872271475196
1789453580561838300,49.07783837890625,-6.863548383158445,-3.9226606429740785,5.802998296251893
1789453580571778300,49.0877783203125,-6.854716257405281,-3.868529824335873,5.8495934586882585
1789453580581717500,49.09771752929687,-6.831608353540301,-3.8235689851030705,5.905916234412789
1789453580591657500,49.107657470703124,-6.79828242252171,-3.7956943052276966,5.962082942792773
1789453580601596400,49.11759643554687,-6.760924459508061,-3.7815515058457847,6.013334991124272
1789453580611536400,49.127536376953124,-6.7184501763939855,-3.7748181059375403,6.064945351374149
1789453580621475600,49.1374755859375,-6.6727481634050605,-3.77413801471889,6.115609955206513
1789453580631415300,49.147415283203124,-6.633510962516069,-3.7811309423461554,6.1538604831457135
1789453580641354200,49.15735424804687,-6.597205723425746,-3.7952769565984603,6.184103645718097
1789453580651294500,49.16729443359375,-6.564173222395778,-3.8124569317191837,6.208636029428243
1789453580661233400,49.1772333984375,-6.536010957750678,-3.8302176293373105,6.227388660693168
1789453580671173400,49.18717333984375,-6.512927603805065,-3.8498409059569236,6.239462544846535
1789453580681113600,49.19711352539063,-6.494896857073902,-3.8739372363373636,6.243342601150274
1789453580691052500,49.207052490234375,-6.481874293893576,-3.9024958068236706,6.239087281793355
1789453580700992300,49.2169921875,-6.46791591116786,-3.9396635079622264,6.230205471679568
1789453580710931200,49.22693115234375,-6.448946422281861,-3.9908056661784648,6.217307411661744
1789453580720871400,49.236871337890626,-6.424675319856405,-4.057118213258684,6.1994987832486625
1789453580730810400,49.246810302734374,-6.392416141286492,-4.13858712067753,6.178954007869958
1789453580740750300,49.256750244140626,-6.352997154089808,-4.2342981961995365,6.154713300582766
1789453580750689500,49.266689453125,-6.307551746210455,-4.343509973807633,6.125286715090274
1789453580760629500,49.27662939453125,-6.254806828972697,-4.464644828921556,6.092186409521102
1789453580770568400,49.286568359375,-6.196213770228624,-4.597133437220752,6.053401628574728
1789453580780508400,49.29650830078125,-6.130787066072225,-4.740722700726986,6.009106559774279
1789453580790447400,49.306447265625,-6.05737287029326,-4.892686993868649,5.961559211179614
1789453580800387300,49.31638720703125,-5.974195405390859,-5.04995231602788,5.914166176363826
1789453580810327300,49.32632739257812,-5.879647820690274,-5.211881830605864,5.868258411669731
1789453580820266500,49.3362666015625,-5.782587960907817,-5.375528085973858,5.816852049559355
1789453580830206500,49.34620654296875,-5.689606310349703,-5.533384067502618,5.760248118805885
1789453580840145400,49.3561455078125,-5.5969853097975255,-5.685286109063029,5.7027802646994585
1789453580850085400,49.36608544921875,-5.503009387505054,-5.835270334303379,5.642419611760974
1789453580860024600,49.37602465820312,-5.409875761255622,-5.985729191318154,5.574468942084908
1789453580869964300,49.38596435546875,-5.316522354775667,-6.135872406512498,5.500547965827584
1789453580879903200,49.3959033203125,-5.226368036597967,-6.285261003947258,5.417651071432233
1789453580889843500,49.40584350585937,-5.139059755501151,-6.4318848128437995,5.3283460635602475
1789453580899782400,49.41578247070313,-5.0546121245324604,-6.5749290096879,5.233696772050857
1789453580909722400,49.42572241210937,-4.9731063922345635,-6.714336311334371,5.133833545285463
1789453580919661600,49.43566162109375,-4.8963136599332095,-6.84904639507532,5.028623112273216
1789453580929601500,49.4456015625,-4.822463410824537,-6.97806849630773,4.921458038061857
1789453580939541200,49.455541259765624,-4.749743627050519,-7.1029124350726605,4.812375439791381
1789453580949480200,49.46548022460937,-4.680003443609178,-7.223730187061428,4.699537872901558
1789453580959420400,49.47542041015625,-4.618495666462183,-7.339902159070968,4.578837317551672
1789453580969360600,49.48536059570313,-4.564597487536073,-7.4516270885437725,4.450626532702148
1789453580979300600,49.49530053710937,-4.513097017401456,-7.558215239650011,4.321541595366597
1789453580989239600,49.50523950195313,-4.46161642101109,-7.658895628017187,4.195913520486653
1789453580999179500,49.51517944335937,-4.408484842543304,-7.7551248821944,4.073534510530531
1789453581009118500,49.52511840820313,-4.3529464951947325,-7.84915691858828,3.9513244274005292
1789453581019058400,49.53505834960937,-4.294834205704928,-7.939876469433307,3.8318589668035505
1789453581028997400,49.54499731445313,-4.234699470476806,-8.025727537459135,3.718251876845956
1789453581038937600,49.5549375,-4.172772883395851,-8.106465207993983,3.611587445633113
1789453581048877600,49.564877685546875,-4.1105780007675286,-8.183461938434839,3.507772558632493
1789453581058816500,49.57481640625,-4.049826887206733,-8.257883849951625,3.4024455135032534
1789453581068756500,49.584756591796875,-3.991555900023877,-8.328387711241842,3.2978523356065153
1789453581078695400,49.5946953125,-3.930537659959495,-8.394775953906773,3.201400378589332
1789453581088635400,49.604635498046875,-3.865764159014821,-8.457942311915755,3.1127871523737904
1789453581098574300,49.61457421875,-3.8035008873254057,-8.51718068282604,3.026775925350189
1789453581108514600,49.6245146484375,-3.7501787547215817,-8.570200909873842,2.9424843617260454
1789453581118453500,49.63445361328125,-3.707471247373521,-8.61595669887662,2.8618849306181073
1789453581128393500,49.6443935546875,-3.6711613321080803,-8.656047886246443,2.786714246560633
1789453581138332700,49.654332763671874,-3.6392522821500894,-8.691109847277403,2.718611601193249
1789453581148272600,49.664272705078126,-3.6153538124293085,-8.719422918570041,2.659182676146924
1789453581158211600,49.674211669921874,-3.6005680389687416,-8.739546253666282,2.61278011367321
1789453581168151300,49.6841513671875,-3.596197568799555,-8.750659768354891,2.581415838116407
1789453581178091500,49.69409155273438,-3.605304712101817,-8.752291753470898,2.5631182571426034
1789453581188030500,49.704030517578126,-3.62679319807142,-8.746088222655654,2.5539623062625525
1789453581197970400,49.71397045898438,-3.657097443181276,-8.734298416140675,2.551081782390177
1789453581207909600,49.72390966796875,-3.6925954575419424,-8.717886210522055,2.5560885046362873
1789453581217849600,49.733849609375,-3.7281986858427523,-8.697528482148051,2.573702487260103
1789453581227788500,49.74378857421875,-3.7627515283077955,-8.673570098933578,2.6040935338705777
1789453581237728500,49.753728515625,-3.799130709417164,-8.645541689801215,2.644170400454104
1789453581247667500,49.76366748046875,-3.839569395050406,-8.613749544221163,2.6891335777744647
1789453581257607400,49.773607421875,-3.8856162759542463,-8.578772923386097,2.7344126891762017
1789453581267546400,49.78354638671875,-3.9350685813874002,-8.542064364191889,2.778271704646945
1789453581277486600,49.79348657226563,-3.983108389674127,-8.505623516023158,2.821274687810242
1789453581287426600,49.80342651367187,-4.027563032950461,-8.469971772405504,2.8650828498765826
1789453581297365500,49.81336547851563,-4.0702772623002526,-8.433563072940707,2.9117379258066416
1789453581307305500,49.82330541992187,-4.113287259726226,-8.394705811280012,2.9631337665230033
1789453581317244400,49.83324438476563,-4.156468522065878,-8.353561315464972,3.018638796123862
1789453581327184400,49.84318432617187,-4.197832798111438,-8.311281678140164,3.077534344945848
1789453581337123300,49.85312329101563,-4.236956894014775,-8.269358014646173,3.1362878549486397
1789453581347063600,49.8630634765625,-4.27518170299083,-8.228155066642165,3.1922879745900627
1789453581357002500,49.87300244140625,-4.313789081543684,-8.187270098546147,3.2450261698260903
1789453581366942500,49.8829423828125,-4.353429018014669,-8.146955039292573,3.293196618755162
1789453581376881700,49.89288159179687,-4.3935339416489,-8.10646929964721,3.339520855295658
1789453581386821600,49.902821533203124,-4.431616711805761,-8.06490219450593,3.3894726346835493
1789453581396760600,49.91276049804687,-4.468483676432073,-8.02096193049252,3.4448832639992233
1789453581406700300,49.9227001953125,-4.5052442580744625,-7.9735379160165785,3.5065421400547025
1789453581416640500,49.932640625,-4.543169791842997,-7.921787855035066,3.5742516944512723
1789453581426579500,49.94257934570312,-4.5829467986971135,-7.867569358113408,3.642571489700675
1789453581436519400,49.95251953125,-4.6284857300788165,-7.811680882152914,3.7047456218019126
1789453581446458600,49.962458740234375,-4.682854741387069,-7.752502132475375,3.76031816368103
1789453581456398600,49.97239868164063,-4.747284835721552,-7.689025977864861,3.8095331532269716
1789453581466337500,49.982337646484375,-4.819081074909866,-7.618420994287729,3.860892461325228
1789453581476277500,49.99227758789063,-4.88842261442244,-7.540663216346502,3.9258269980505105
1789453581486216400,50.002216552734374,-4.946459208327531,-7.460567350846529,4.00535120114237
1789453581496156400,50.012156494140626,-4.995031223794817,-7.380178639879822,4.093039421467483
1789453581506095400,50.022095458984374,-5.043640064141154,-7.2974500877887,4.180826718252897
1789453581516035600,50.03203564453125,-5.102241306191683,-7.20802408388555,4.264021426551044
1789453581525975600,50.0419755859375,-5.170699340867996,-7.112473459622263,4.341307495327293
1789453581535914500,50.05191455078125,-5.244650712263584,-7.013238009366392,4.413449479213357
1789453581545854500,50.0618544921875,-5.319596939915418,-6.912235549437999,4.48255078022927
1789453581555793400,50.07179345703125,-5.393114596068859,-6.808775174963474,4.552500222507119
1789453581565733400,50.0817333984375,-5.467671532142162,-6.700839116379618,4.623172133840621
1789453581575672300,50.09167236328125,-5.5442567591726775,-6.586214958333969,4.696101468712091
1789453581585612500,50.10161254882812,-5.619163239336014,-6.466986521363258,4.772155657605826
1789453581595551500,50.11155151367188,-5.691570888420939,-6.346029068642855,4.8481209991723295
1789453581605491500,50.12149145507812,-5.764242741400003,-6.223353706088662,4.920747259443998
1789453581615430700,50.1314306640625,-5.838820720261335,-6.099713882416486,4.987190447166562
1789453581625370600,50.14137060546875,-5.918339078134298,-5.976017944642901,5.042898890385032
1789453581635309600,50.1513095703125,-6.003951076707244,-5.852531850227713,5.08633763461709
1789453581645249500,50.16124951171875,-6.090497725781798,-5.729200654113292,5.123716055896878
1789453581655189500,50.171189453125,-6.171470958638191,-5.607267634359002,5.161579045823216
1789453581665128400,50.18112841796875,-6.248190041181445,-5.48602727304399,5.199424500092864
1789453581675068400,50.191068359375,-6.325842020660638,-5.3637511389404535,5.2329959303051234
1789453581685007600,50.20100756835937,-6.404973425042629,-5.239938296788931,5.262101613280177
1789453581694947600,50.210947509765624,-6.4883192322492595,-5.114142171865701,5.2837189863264555
1789453581704886500,50.22088647460937,-6.576352905011177,-4.987634683802724,5.295792870479822
1789453581714826500,50.230826416015624,-6.669481270563602,-4.860682082320749,5.297369910538197
1789453581724765400,50.24076538085937,-6.7616282238632435,-4.733232344971597,5.295969980612397
1789453581734705400,50.250705322265624,-6.8495467458128925,-4.609704749502241,5.291949054533243
1789453581744644400,50.26064428710937,-6.937732394266128,-4.488741159301996,5.281050059378146
1789453581754584600,50.27058447265625,-7.021908807078003,-4.3734453856050965,5.266509492850303
1789453581764524500,50.28052465820313,-7.09640319930911,-4.263781772576272,5.256579050466418
1789453581774463500,50.29046337890625,-7.161039629870653,-4.157093083705008,5.254380079117417
1789453581784403500,50.30040356445313,-7.223742462021112,-4.053218575471639,5.249699812346696
1789453581794342400,50.31034228515625,-7.278776366978883,-3.957750076533854,5.246520597788691
1789453581804282400,50.32028247070313,-7.3265627850264305,-3.8727529949888586,5.243440751951932
1789453581814221300,50.33022119140625,-7.3666808604031795,-3.7955712633699177,5.243663454791903
1789453581824161500,50.34016162109375,-7.395908123931289,-3.7272540984690186,5.251524105164409
1789453581834100500,50.3501005859375,-7.4114201658397905,-3.6659938663423057,5.272735235497355
1789453581844040400,50.36004052734375,-7.407416190895438,-3.608449439868331,5.317861494424939
1789453581853979600,50.369979736328126,-7.3964891386896365,-3.5602307678833602,5.3653620812684295
1789453581863919600,50.37991967773438,-7.3751312933623785,-3.529370642456412,5.414917847076058
1789453581873858600,50.389858642578126,-7.343596337413787,-3.5161209925219414,5.466160543057322
1789453581883798500,50.39979858398438,-7.307323247027397,-3.515687569540739,5.5148342653334135
1789453581893738500,50.40973852539062,-7.26998048158288,-3.5216134524583813,5.560212453195453
1789453581903677400,50.41967749023438,-7.233730772072076,-3.5308968291103837,5.601453979644179
1789453581913617400,50.42961743164062,-7.20063864980936,-3.5445950995951887,5.635340467154979
1789453581923556600,50.439556640625,-7.171242459455132,-3.5629762671992182,5.66117048946023
1789453581933496600,50.44949658203125,-7.1429463392972945,-3.585430675591528,5.682727072229981
1789453581943435500,50.459435546875,-7.115498360401392,-3.611360651139915,5.700714564341307
1789453581953375500,50.46937548828125,-7.08823509042263,-3.6406042812809347,5.716060602033138
1789453581963314400,50.479314453125,-7.061020335760713,-3.675672964313626,5.727289267534017
1789453581973253400,50.48925341796875,-7.032458842664957,-3.7192107850059863,5.73431463612616
1789453581983192300,50.4991923828125,-7.001410208928585,-3.7742221858710048,5.736368646046519
1789453581993132000,50.509132080078125,-6.968461879050731,-3.8425975106999277,5.73108865981698
1789453582003072300,50.519072265625,-6.931757411509752,-3.924410993772745,5.720149917173385
1789453582013011200,50.52901123046875,-6.888354907634854,-4.019765510942042,5.706347601792216
1789453582022951200,50.538951171875,-6.838868115410208,-4.129239738878607,5.687673880982398
1789453582032890000,50.54889013671875,-6.785230048725008,-4.250755702264606,5.662345378458499
1789453582042830300,50.55883032226563,-6.726310826766491,-4.384893539075553,5.630264479064941
1789453582052769300,50.568769287109376,-6.6606403769820925,-4.531430546471476,5.592172356557846
1789453582062709000,50.578708984375,-6.588066139158606,-4.686297283056378,5.550349230828881
1789453582072648000,50.58864794921875,-6.50638972646892,-4.845437751437723,5.509902654150128
1789453582082588200,50.59858813476563,-6.418894398367405,-5.004438519087434,5.470264471244811
1789453582092527000,50.608527099609375,-6.328444312113523,-5.160591203829646,5.4304252128094435
1789453582102467000,50.61846704101563,-6.232724761024117,-5.315890486612916,5.391182166701555
1789453582112407300,50.6284072265625,-6.130611709505319,-5.47177955198288,5.352162407955527
1789453582122346200,50.63834619140625,-6.023761692592501,-5.628839414697885,5.310442742601037
1789453582132286000,50.64828588867187,-5.916344104924797,-5.785198435667157,5.262964367589354
1789453582142225200,50.65822509765625,-5.809504609405994,-5.940787641307711,5.208367685005069
1789453582152165000,50.6681650390625,-5.704136355483532,-6.096777828964591,5.144174906557798
1789453582162104000,50.67810400390625,-5.598614372304081,-6.250820974206924,5.074757086938619
1789453582172044000,50.6880439453125,-5.494819651308656,-6.402357105064392,4.998717803353071
1789453582181983200,50.69798315429688,-5.397222615909576,-6.5488108180910345,4.914615624821185
1789453582191923200,50.70792309570312,-5.30987750993371,-6.6868322183370585,4.823058161847293
1789453582201862100,50.71786206054688,-5.228483421316742,-6.81734251230061,4.728335805101692
1789453582211802400,50.72780224609375,-5.147960854837298,-6.9434770753979675,4.632167341201007
1789453582221742000,50.7377421875,-5.072011003100871,-7.0627283087223764,4.534641325211525
1789453582231681000,50.74768090820312,-4.99877508649826,-7.176023848512768,4.437034937462211
1789453582241621200,50.757621337890626,-4.924581138518453,-7.287070732593536,4.337912884452939
1789453582251560200,50.767560302734374,-4.850493281261623,-7.396171743303537,4.235534459996223
1789453582261500200,50.777500244140626,-4.77502098390907,-7.504083836489915,4.130166498334706
1789453582271439000,50.787439208984374,-4.696660856160522,-7.610360437428951,4.024200278519094
1789453582281379300,50.79737939453125,-4.6136669311314815,-7.713617982807755,3.922318113146722
1789453582291318300,50.807318359375,-4.52314261059761,-7.814456192085147,3.826992529810965
1789453582301258000,50.817258056640625,-4.428462047167122,-7.913467185935378,3.733115391717851
1789453582311197000,50.82719702148437,-4.332956138828396,-8.009120101529358,3.6400361260041594
1789453582321137200,50.83713720703125,-4.237468058407306,-8.100829247933627,3.548357082477212
1789453582331076000,50.847076171875,-4.1469241563901305,-8.187863388264178,3.454313647906482
1789453582341016000,50.85701611328125,-4.061981727641821,-8.26943692510128,3.3596243166476487
1789453582350956300,50.86695629882813,-3.9797839214265345,-8.34519154652655,3.2694793508201836
1789453582360895200,50.87689526367188,-3.8996158674731847,-8.41371212504506,3.189482854041457
1789453582370835000,50.8868349609375,-3.82384108004272,-8.473988022309541,3.1209201899468897
1789453582380774100,50.896774169921876,-3.7569972025647758,-8.526235511419177,3.059200523614883
1789453582390714000,50.90671411132813,-3.700043143199384,-8.57141905349195,3.0018063192665574
1789453582400653000,50.916653076171876,-3.650015668226778,-8.61106834231317,2.949112839955091
1789453582410593300,50.92659326171875,-3.6063743871599434,-8.646132641431688,2.899798773948848
1789453582420532200,50.9365322265625,-3.5720763962388036,-8.676105170369148,2.852345533378422
1789453582430472200,50.94647216796875,-3.5472885764628646,-8.70027281242013,2.8093434269979594
1789453582440411100,50.9564111328125,-3.5294673808291552,-8.718338045942783,2.775578227779269
1789453582450351400,50.96635131835937,-3.518232870109379,-8.729984644594788,2.7531451544359324
1789453582460291000,50.976291015625,-3.513017181287706,-8.735384457811712,2.742653278777003
1789453582470230000,50.98622998046875,-3.513547927163541,-8.735525327587126,2.7415266128346323
1789453582480170200,50.996170166015624,-3.517988247698545,-8.731769189924002,2.747795317840576
1789453582490109200,51.00610913085937,-3.5257515751764177,-8.724457990127801,2.761035030902922
1789453582500049200,51.01604907226562,-3.538632391798496,-8.713281347075105,2.7797905847772952
1789453582509988000,51.02598803710937,-3.5554578543931243,-8.697779826560616,2.8067309064120054
1789453582519928300,51.03592822265625,-3.57603770108521,-8.677602715450524,2.842815196228027
1789453582529867300,51.0458671875,-3.6007325818806883,-8.652531987079977,2.887702677963674
1789453582539807000,51.05580688476562,-3.6264176427572963,-8.624500070816278,2.9389623250797388
1789453582549746000,51.06574584960938,-3.6497356822416185,-8.595972479990124,2.9931670857369896
1789453582559686100,51.07568603515625,-3.6712387812584635,-8.566796069866419,3.049991088981926
1789453582569626000,51.085626220703126,-3.694168405947089,-8.536175306153297,3.10760361225605
1789453582579565000,51.09556494140625,-3.722705056862533,-8.502893798798322,3.164278562419116
1789453582589505300,51.10550537109375,-3.7548745113223787,-8.467191201776265,3.221486012023687
1789453582599444200,51.1154443359375,-3.7860955790162083,-8.430533495986461,3.2805461037576196
1789453582609384000,51.125384033203126,-3.8139237894013522,-8.393426877385377,3.3428716270282863
1789453582619323100,51.1353232421875,-3.837119371549785,-8.356098724988103,3.409184174108505
1789453582629263000,51.14526318359375,-3.8576448577061293,-8.317394023540615,3.479926520329714
1789453582639202000,51.1552021484375,-3.8792414802253243,-8.277060259586571,3.551353926205635
1789453582649142300,51.16514233398438,-3.9028921126648783,-8.236392149111628,3.6193469737187027
1789453582659081200,51.175081298828125,-3.928053149667382,-8.196023898366093,3.683198099121451
1789453582669021200,51.18502124023438,-3.954728682886064,-8.156433646255731,3.7420723128944635
1789453582678961200,51.19496118164062,-3.98176895776391,-8.117427331513166,3.7977997530743477
1789453582688900400,51.204900390625,-4.007651879300177,-8.077634250307083,3.8549925896316766
1789453582698840000,51.21484008789062,-4.032240961633622,-8.034871213379501,3.9181931421712037
1789453582708779000,51.22477905273438,-4.056691220018267,-7.988120568120479,3.987933325612545
1789453582718719200,51.23471923828125,-4.081329986712336,-7.937830058297514,4.062509843169153
1789453582728658200,51.244658203125,-4.109525276844203,-7.884094376456737,4.138024810619652
1789453582738598100,51.25459814453125,-4.146078353215754,-7.825684273064136,4.211784751096368
1789453582748537000,51.264537109375,-4.192530600050092,-7.76262079090774,4.281909842202067
1789453582758477300,51.27447729492187,-4.244734250018,-7.694904514509439,4.352129041332006
1789453582768416300,51.28441625976563,-4.297759153240919,-7.622079516795277,4.4275902327686545
1789453582778356000,51.29435595703125,-4.350267339113355,-7.545023749643564,4.5075651022374625
1789453582788296200,51.304296142578124,-4.4008074397832155,-7.463041632005572,4.594159682106971
1789453582798235100,51.31423510742187,-4.448046745342016,-7.377211606767773,4.686364795334637
1789453582808175000,51.324175048828124,-4.498873553998768,-7.287238490375876,4.777726443475484
1789453582818114000,51.33411401367187,-4.559364847579598,-7.19329062513411,4.862012161880731
1789453582828054300,51.34405419921875,-4.631693586209416,-7.09608580392301,4.93592378578782
1789453582837993200,51.3539931640625,-4.712252685306966,-6.995423535734415,5.002914670521021
1789453582847933000,51.363932861328124,-4.798543313793838,-6.8905281600207084,5.066061154785752
1789453582857872100,51.3738720703125,-4.886570556814968,-6.7804837309807535,5.129995574557781
1789453582867812000,51.38381201171875,-4.970521636438369,-6.665147040751576,5.20001019102633
1789453582877751000,51.3937509765625,-5.049229846972227,-6.547592674472928,5.273016975048184
1789453582887691300,51.403691162109375,-5.122191038286686,-6.4296092691272495,5.347303277486563
1789453582897630200,51.41363012695312,-5.192126744300126,-6.312779709991812,5.418578123149276
1789453582907570200,51.423570068359375,-5.2663773909032345,-6.195187934312224,5.482269966337085
1789453582917510100,51.43351025390625,-5.348752307251096,-6.0764160089373584,5.535193747273087
1789453582927449300,51.44344946289063,-5.437857993158698,-5.956702418798208,5.578332631775736
1789453582937389000,51.45338916015625,-5.532437726563215,-5.836119644609093,5.612685567754506
1789453582947328000,51.463327880859374,-5.6317626086682075,-5.712961466974019,5.64054271197319
1789453582957268200,51.47326831054688,-5.733562356454134,-5.587687904620171,5.663427912998199
1789453582967207200,51.483207275390626,-5.837938676729798,-5.461795918107033,5.679581175419688
1789453582977147100,51.49314721679688,-5.946415418061614,-5.33591386846602,5.686704743689298
1789453582987086000,51.503086181640626,-6.055291972365975,-5.213302218797803,5.685532777300477
1789453582997026300,51.5130263671875,-6.162482765540481,-5.093153159850836,5.67925968838036
1789453583006966000,51.52296606445312,-6.262542976182699,-4.9716445029884575,5.677471051397919
1789453583016905000,51.53290502929688,-6.360692969289421,-4.849268123380839,5.674198897859454
1789453583026845200,51.54284521484375,-6.453198819029331,-4.728938447169959,5.671313113290071
1789453583036784000,51.5527841796875,-6.545820404103398,-4.608591819824278,5.6642287079870695
1789453583046724000,51.56272412109375,-6.635683630380034,-4.4869928543299435,5.657298031941056
1789453583056663000,51.5726630859375,-6.7166264680981635,-4.373464674827456,5.650673645365238
1789453583066603300,51.58260327148437,-6.785149969226121,-4.2716535288646815,5.646689544165134
1789453583076542200,51.59254223632813,-6.834875830903649,-4.185856236852705,5.65096941344142
1789453583086482200,51.60248217773437,-6.8703189002066845,-4.113857460829616,5.6608577702492475
1789453583096421000,51.61242114257813,-6.894183759918809,-4.048175905129313,5.679163242268562
1789453583106361000,51.62236108398437,-6.908021731135249,-3.986562329520285,5.705872970017791
1789453583116301000,51.632301025390625,-6.9123366717249155,-3.9275089597880837,5.741482628059387
1789453583126240000,51.64223999023437,-6.898292364281415,-3.872107975083589,5.795754900994897
1789453583136180200,51.65218017578125,-6.879673588529228,-3.8276477788493035,5.847188151112198
1789453583146119200,51.662119140625,-6.858015883472562,-3.799352827735245,5.89091974081099
1789453583156059100,51.67205908203125,-6.829869985440373,-3.7878982445240017,5.9308571989238255
1789453583165998300,51.681998291015624,-6.7963213515818115,-3.789063781172037,5.968533726367354
1789453583175938000,51.69193798828125,-6.758886816200613,-3.7948581466645,6.007234336161613
1789453583185877000,51.701876953125,-6.72099635374546,-3.803226454298198,6.044343292850256
1789453583195817000,51.71181689453125,-6.684041710835695,-3.816896959993243,6.076615915423631
1789453583205756200,51.721756103515624,-6.646979515898227,-3.8366970544844863,6.1047343409270045
1789453583215696100,51.731696044921875,-6.610128917884826,-3.8617289121493696,6.128920687678456
1789453583225636000,51.74163598632813,-6.574491787314415,-3.891019888563454,6.1486903870314356
1789453583235575300,51.7515751953125,-6.541441750627755,-3.9239831237494944,6.162980193668604
1789453583245515000,51.76151489257813,-6.512540065792202,-3.961451561400294,6.169609840941429
1789453583255454000,51.771453857421875,-6.487825311252474,-4.003832028751075,6.168292328602075
1789453583265394200,51.78139428710937,-6.465012006419896,-4.051251951573789,6.161279234969616
1789453583275333000,51.7913330078125,-6.439891009166836,-4.106917140172421,6.150721016076207
1789453583285273000,51.80127319335938,-6.412912985870242,-4.172000145457685,6.1350914852678775
1789453583295212000,51.8112119140625,-6.380790585422515,-4.249877165864408,6.115102005684375
1789453583305152300,51.82115234375,-6.34458354600966,-4.3430417717739935,6.087254213815927
1789453583315091200,51.83109130859375,-6.305363880777358,-4.451299609658122,6.04968699196577
1789453583325031200,51.84103125,-6.261192146095633,-4.572854443749785,6.004733751517534
1789453583334971100,51.85097119140625,-6.209761818587779,-4.705590597069263,5.955390167155861
1789453583344910000,51.86091015625,-6.1501078526139255,-4.847229018768668,5.9034682567387815
1789453583354850000,51.87085009765625,-6.082326694285869,-4.994309923782945,5.85086011762321
1789453583364789000,51.8807890625,-6.00753828754425,-5.1439440204113716,5.798251393985748
1789453583374729200,51.890729248046874,-5.926354042285681,-5.294897382944822,5.74567248096466
1789453583384668200,51.90066821289062,-5.83993014280796,-5.446631666722894,5.692084683161974
1789453583394608000,51.910608154296874,-5.748357190003991,-5.599457252869009,5.63673805899322
1789453583404547300,51.92054736328125,-5.648744723129272,-5.754468950882553,5.5810535811722275
1789453583414487000,51.930487060546874,-5.544750095647573,-5.91201221320033,5.5203480603188275
1789453583424426000,51.94042602539062,-5.442503773137926,-6.070787647661566,5.449318713849783
1789453583434366200,51.9503662109375,-5.342672695076465,-6.227739373826981,5.37043397770524
1789453583444306200,51.96030615234375,-5.246086298024654,-6.378676954269409,5.287858570349216
1789453583454245000,51.9702451171875,-5.154817296603322,-6.523346706488728,5.20040065164864
1789453583464185000,51.98018505859375,-5.064941210845112,-6.66251084702909,5.111527020931244
1789453583474124300,51.990124267578125,-4.977730544903874,-6.7956146646171804,5.021178641486167
1789453583484064000,52.00006396484375,-4.895938104619085,-6.922966202288865,4.926735101681947
1789453583494003000,52.0100029296875,-4.815806583283841,-7.046554003512859,4.829541970908641
1789453583503943200,52.019943115234376,-4.738922665567696,-7.165910450777411,4.728922372817993
1789453583513882000,52.029882080078124,-4.666128355252742,-7.281326051461696,4.623844041752815
1789453583523822000,52.039822021484376,-4.598140276175737,-7.393233351764082,4.513048209823668
1789453583533761000,52.049760986328124,-4.534336497046053,-7.5014359523296354,4.397568603992462
1789453583543701200,52.059701171875,-4.467011850313842,-7.60694858315885,4.2837537165030835
1789453583553641000,52.06964086914063,-4.39397204080522,-7.710230678457021,4.173212443856895
1789453583563580200,52.079580078125,-4.313166857992113,-7.811962621703744,4.066961561881006
1789453583573520100,52.08952001953125,-4.227997050228715,-7.912243781620264,3.9611610540211197
1789453583583459000,52.099458984375,-4.146814266274869,-8.007948719662428,3.853193138994276
1789453583593399000,52.10939892578125,-4.0670822656512255,-8.098326909723877,3.7478491427302356
1789453583603338000,52.119337890625,-3.9878099914938208,-8.182631332829594,3.648602586558461
1789453583613278200,52.1292783203125,-3.9065468357801434,-8.261819435834884,3.5569144829422235
1789453583623217200,52.13921704101563,-3.8212306052833793,-8.337550676384568,3.471868593819439
1789453583633157000,52.1491572265625,-3.73484236164093,-8.411037937399744,3.3875960271567105
1789453583643097000,52.15909716796875,-3.6535911886259913,-8.480836865291,3.301067790521681
1789453583653036000,52.1690361328125,-3.5771348486721513,-8.544983466508985,3.2183500520855186
1789453583662976000,52.17897607421875,-3.5026048006057735,-8.603035257983207,3.1448280120179057
1789453583672915200,52.18891528320312,-3.4297993843749164,-8.655036663377285,3.0817554697722196
1789453583682855200,52.198855224609375,-3.3617245037972925,-8.701350086262822,3.025840105804801
1789453583692794000,52.20879418945312,-3.299342866425216,-8.742846464255452,2.974448941263556
1789453583702734000,52.218734130859374,-3.243013660959899,-8.780095121675728,2.9262939821645615
1789453583712673300,52.22867333984375,-3.1934096720963714,-8.813481842970848,2.880118798705935
1789453583722613000,52.238613037109374,-3.150998225085437,-8.841467582005262,2.8407857362270352
1789453583732552000,52.24855200195312,-3.118181997154653,-8.861502654296158,2.814450394748151
1789453583742492200,52.2584921875,-3.097460111643374,-8.872204665574431,2.803585594123602
1789453583752432000,52.26843212890625,-3.09000687302798,-8.874525801998375,2.80446529956758
1789453583762371000,52.27837109375,-3.094024584236741,-8.870736346587538,2.812013230729103
1789453583772311300,52.28831127929688,-3.1059482462644574,-8.86215439620316,2.825895625609159
1789453583782250200,52.298250244140625,-3.120326315706968,-8.848293044111132,2.853364355032146
1789453583792190000,52.30818994140625,-3.134557962416112,-8.829391944286227,2.895996751317382
1789453583802129200,52.318129150390625,-3.150865538616478,-8.805528253617883,2.950444965341687
1789453583812069000,52.32806909179688,-3.1717393998190757,-8.777084249421954,3.0121795369818805
1789453583822008000,52.338008056640625,-3.1982360693395138,-8.745227221912145,3.076146982240677
1789453583831948000,52.34794799804688,-3.227456610865891,-8.712248496896027,3.138577134929597
1789453583841887000,52.357886962890625,-3.2553666543155906,-8.679669000330566,3.1994223565146327
1789453583851827200,52.3678271484375,-3.2788843080252406,-8.646714240711926,3.2639892289713024
1789453583861767200,52.37776708984375,-3.2993884591326115,-8.612530231559276,3.332976255957782
1789453583871706000,52.3877060546875,-3.3205843918964266,-8.57647049166262,3.4041569935962555
1789453583881646000,52.39764599609375,-3.3468659573614596,-8.538419870209694,3.47336818472743
1789453583891585000,52.4075849609375,-3.378829952377081,-8.500155313745141,3.5357109513938423
1789453583901525000,52.41752490234375,-3.4137060354471203,-8.461908877459168,3.5934774961858986
1789453583911464200,52.42746411132813,-3.4457913187548517,-8.42337368735969,3.6529058367103335
1789453583921404200,52.43740405273437,-3.47015068398565,-8.384865969789027,3.717859662657976
1789453583931343000,52.44734301757813,-3.4860023331120606,-8.346825285208224,3.7879640032365915
1789453583941283300,52.457283447265624,-3.4994814078882333,-8.30832165929079,3.859507144446671
1789453583951223000,52.46722314453125,-3.5177193676292893,-8.266558739316462,3.931922684577107
1789453583961162000,52.47716186523437,-3.544535186101496,-8.219298390969634,4.006215416756272
1789453583971102000,52.48710205078125,-3.5720620754525063,-8.16700823176205,4.087873709267377
1789453583981041000,52.497041015625,-3.590438566881418,-8.11232562445998,4.17962844837904
1789453583990980900,52.50698095703125,-3.6003275082111355,-8.056351808303594,4.278229984645545
1789453584000919800,52.516919921875,-3.6104172328099606,-7.998827255573868,4.376533707009256
1789453584010860000,52.526860107421875,-3.6302447998300194,-7.937271255370974,4.471178030082583
1789453584020799000,52.53679907226562,-3.6627345722854137,-7.871412005016207,4.560222048930823
1789453584030739000,52.546739013671875,-3.7050019346505403,-7.801595541468262,4.6452612160518765
1789453584040678000,52.55667797851562,-3.751843765324354,-7.727153756207227,4.731293778124451
1789453584050617900,52.566617919921875,-3.7991280790686606,-7.647800233507156,4.8216330974802375
1789453584060557800,52.576557861328126,-3.8476889886200425,-7.564041753846406,4.914363695886731
1789453584070496800,52.586496826171874,-3.8969814273163674,-7.4760922522366045,5.0091889284849165
1789453584080437000,52.59643701171875,-3.9464690963238476,-7.38242086584866,5.108384631252289
1789453584090376000,52.6063759765625,-3.997720560133457,-7.282575759261846,5.210828522160649
1789453584100316000,52.61631591796875,-4.048058416229487,-7.17734428346157,5.31688943452239
1789453584110255000,52.626255126953126,-4.095689351454377,-7.070315402850508,5.42276622248888
1789453584120194800,52.63619482421875,-4.145382187645137,-6.964967607194185,5.520452105215192
1789453584130133800,52.6461337890625,-4.203945435772836,-6.861774359223246,5.604757697364688
1789453584140074000,52.65607397460938,-4.279447836002707,-6.756455789661407,5.67512127340138
1789453584150013000,52.666012939453125,-4.366831228162348,-6.646200932741165,5.738395183438063
1789453584159953000,52.67595288085938,-4.452553116850555,-6.531863190421461,5.803439610278606
1789453584169892900,52.68589282226562,-4.531666985575854,-6.417307421436906,5.869629115501046
1789453584179832000,52.69583203125,-4.609600412344932,-6.304350319820642,5.93103547810018
1789453584189771800,52.70577172851562,-4.6947827873289585,-6.191072315686941,5.983313362348079
1789453584199710700,52.71571069335938,-4.788115443281829,-6.078147947296499,6.024984512385726
1789453584209651000,52.72565087890625,-4.885194884547591,-5.966677869367599,6.058384093162417
1789453584219590000,52.73558984375,-4.983376441836357,-5.855087379929423,6.087224987721442
1789453584229529900,52.74552978515625,-5.07636043048203,-5.740867126509547,6.11910305801928
1789453584239468800,52.75546875,-5.165984002783894,-5.621894710126519,6.154452019298076
1789453584249409000,52.76540893554687,-5.262034393262863,-5.498955143678188,6.18407909579873
1789453584259349000,52.775348876953124,-5.3657338371902705,-5.375963554781675,6.203087747651338
1789453584269288000,52.78528784179687,-5.47819467972219,-5.254444961047172,6.2089107547163955
1789453584279228000,52.795227783203124,-5.593357182428241,-5.133202261644602,6.207652279087901
1789453584289166800,52.80516674804687,-5.706390856412053,-5.0135097142934795,6.20260025639534
1789453584299106800,52.81510693359375,-5.820653779929876,-4.897181967200338,6.189349145156145
1789453584309045800,52.82504565429687,-5.926401973080635,-4.778500058196485,6.181755621287226
1789453584318986000,52.834986083984376,-6.0231701564401385,-4.65891535513401,6.179506381055712
1789453584328925000,52.844925048828124,-6.119037591567635,-4.5467745383366935,6.168838272047043
1789453584338865000,52.854864990234375,-6.208094762158393,-4.445625071153044,6.153566468635201
1789453584348804000,52.86480419921875,-6.287474588343501,-4.354635178934037,6.138011756628751
1789453584358743800,52.874743896484375,-6.359752473568916,-4.274842095772922,6.119610423019528
1789453584368683800,52.88468383789063,-6.4197109754472965,-4.202886282108724,6.106838619729876
1789453584378623000,52.894623046875,-6.459871136400103,-4.135772355517744,6.110305419057608
1789453584388563000,52.90456298828125,-6.4795151635468,-4.073264169156551,6.1314610198110335
1789453584398502000,52.914501953125,-6.478961036795377,-4.012218164302409,6.1721647861212485
1789453584408442000,52.92444213867188,-6.451622948014736,-3.9512341187685727,6.2397659117072815
1789453584418381000,52.934381103515626,-6.411449927580356,-3.9022327719733116,6.311597806730866
1789453584428320800,52.94432080078125,-6.359767671138048,-3.877694835305214,6.378652988871932
1789453584438260000,52.954260009765626,-6.306454598623514,-3.8764828291669486,6.432100501421093
1789453584448200000,52.96419995117188,-6.256157074537873,-3.8842020252421494,6.4764090142250055
1789453584458139000,52.974138916015626,-6.205629833349585,-3.8941426967591046,6.518911938911676
1789453584468078800,52.98407885742188,-6.1574973783433435,-3.911095000603795,6.5543082464635365
1789453584478019000,52.99401904296875,-6.110578390780091,-3.9331946042090653,6.584923749479651
1789453584487958000,53.0039580078125,-6.06652882117331,-3.955037894965708,6.612506752932071
1789453584497898000,53.01389794921875,-6.027562838441133,-3.976518782150745,6.635220689043402
1789453584507837000,53.0238369140625,-5.986755611756443,-4.003052276550233,6.656177552354335
1789453584517777000,53.03377685546875,-5.941366317978501,-4.040802453751862,6.674013068774342
1789453584527715800,53.0437158203125,-5.89563683246076,-4.089752070359886,6.684741968059539
1789453584537655800,53.05365576171875,-5.851542839190364,-4.147724074596167,6.6877668688386676
1789453584547594800,53.0635947265625,-5.811010922315717,-4.211153467455506,6.683467125818133
1789453584557535000,53.07353491210937,-5.773074282631278,-4.2796977191105485,6.672793171590566
1789453584567475000,53.083474853515625,-5.733771030768752,-4.356443689660728,6.657001728218794
1789453584577414000,53.09341381835937,-5.69022648807466,-4.447341519682109,6.634221156612038
1789453584587353900,53.103353759765625,-5.637746943774819,-4.5549104985192415,6.6059811505556105
1789453584597292800,53.11329272460937,-5.578553581050038,-4.675416992601752,6.571959053966403
1789453584607232800,53.123232666015625,-5.5156479198038575,-4.805111001746356,6.531376283687353
1789453584617172000,53.133171875,-5.445491849038005,-4.943244337934256,6.487016917479038
1789453584627112000,53.14311181640625,-5.368863951909542,-5.089206468051672,6.437827062374353
1789453584637051000,53.15305078125,-5.2863358908265825,-5.240029482203722,6.384917309963702
1789453584646991000,53.1629912109375,-5.200747273129225,-5.391693038833141,6.328682797044515
1789453584656930000,53.172929931640624,-5.113299291300773,-5.541936791792511,6.269884571117163
1789453584666869800,53.182869873046876,-5.022794259989261,-5.693001798006891,6.207384568062424
1789453584676809700,53.19280981445313,-4.933340199035406,-5.843799093195796,6.138612645131349
1789453584686749000,53.2027490234375,-4.846657648621499,-5.992863865503669,6.063490476390719
1789453584696689000,53.21268896484375,-4.761077506491541,-6.1425996689409015,5.980884089374542
1789453584706627800,53.2226279296875,-4.678737076935172,-6.292687354555726,5.889134610959887
1789453584716568000,53.23256811523437,-4.598168040965497,-6.440370317116379,5.792138464063406
1789453584726507000,53.24250708007813,-4.524797684328258,-6.58598757931888,5.685189662951231
1789453584736447000,53.25244702148437,-4.45754142665714,-6.726972505545616,5.572122086697816
1789453584746386000,53.26238598632813,-4.389693925094604,-6.86510554947257,5.456304334953427
1789453584756326000,53.27232592773437,-4.323403297585249,-7.000197326007485,5.336275102993846
1789453584766265900,53.28226586914062,-4.258488342343271,-7.131046642667055,5.213808414754271
1789453584776204800,53.29220483398438,-4.195068594095111,-7.256872578206658,5.0901469637721775
1789453584786145000,53.30214501953125,-4.135444730998575,-7.3763015061855315,4.965750184252858
1789453584796084000,53.312083984375,-4.076771300494671,-7.4897496061891315,4.842928691226244
1789453584806024000,53.32202392578125,-4.01772582180798,-7.59851860846579,4.721312774597108
1789453584815963000,53.331962890625,-3.9588638829946516,-7.702216298827529,4.60148228008002
1789453584825902800,53.34190283203125,-3.900188698925078,-7.802872721797227,4.48041581402719
1789453584835841800,53.351841796875,-3.8410473586484786,-7.901765642225742,4.356473500277102
1789453584845781800,53.36178173828125,-3.7781151016563177,-7.998550776720046,4.2331279833763835
1789453584855721000,53.37172094726562,-3.7122581893891096,-8.091250687727332,4.113537727355957
1789453584865661000,53.381660888671874,-3.641312721811235,-8.179697617465257,4.000469566580653
1789453584875601000,53.391600830078126,-3.5641508639365433,-8.266185229828952,3.890678527779877
1789453584885540000,53.4015400390625,-3.486736784866452,-8.350180440855025,3.779889710113406
1789453584895479800,53.411479736328126,-3.411504726010561,-8.430465106925368,3.668694357472658
1789453584905418800,53.42141870117187,-3.3370860293641686,-8.505240069663524,3.563024782516062
1789453584915359000,53.43135888671875,-3.264321237404644,-8.573255621269345,3.46610403894335
1789453584925298000,53.4412978515625,-3.194817493067682,-8.635041338574887,3.376330829037726
1789453584935238000,53.45123779296875,-3.128210054694116,-8.691734116655587,3.292185395886004
1789453584945176800,53.4611767578125,-3.063591159789264,-8.743747212487458,3.214296977302432
1789453584955117000,53.47111694335938,-3.0021967798888682,-8.790077001985907,3.1451208574846383
1789453584965057000,53.48105712890625,-2.948827885533869,-8.82920022110641,3.0854557855948803
1789453584974996700,53.49099682617187,-2.908323148927092,-8.859998679473996,3.035203854216635
1789453584984937000,53.50093701171875,-2.880237456649542,-8.883784044209122,2.992154401563108
1789453584994876000,53.5108759765625,-2.8612247131437063,-8.90161488445401,2.9571994080379604
1789453585004816000,53.52081591796875,-2.8499223978847263,-8.91403772817552,2.9305720978751775
1789453585014754800,53.5307548828125,-2.8477570365443823,-8.920020894238352,2.9144290645867583
1789453585024695000,53.540695068359376,-2.8539263728290796,-8.91903539033234,2.9114047483295202
1789453585034634000,53.550634033203124,-2.8672856206178663,-8.911960921901464,2.919934091743827
1789453585044573700,53.56057373046875,-2.885281588296592,-8.900038428917526,2.9385134122684597
1789453585054513000,53.570512939453124,-2.9053265974596143,-8.883853602313994,2.9675924994975325
1789453585064452900,53.580452880859376,-2.930741316962242,-8.863595242661237,3.0029680565223096
1789453585074392800,53.59039282226563,-2.962240909336507,-8.83880216218829,3.0448446660041806
1789453585084331800,53.600331787109376,-2.9973151453271507,-8.809808707416057,3.094149087399244
1789453585094272000,53.61027197265625,-3.034213674135506,-8.778057478368282,3.1479575422152877
1789453585104211000,53.6202109375,-3.07214943703711,-8.744779478144645,3.2032986134260892
1789453585114150700,53.63015063476563,-3.1121231355071064,-8.709777722868322,3.2595769654870033
1789453585124089900,53.64008984375,-3.1526424851611257,-8.673309986692667,3.317366306632757
1789453585134029800,53.65002978515625,-3.1939220055326816,-8.63469822422564,3.3780502001762387
1789453585143968800,53.65996875,-3.2358982759967443,-8.593933667638897,3.4414632264226674
1789453585153909000,53.66990893554687,-3.2776761012792583,-8.55243319799304,3.504728953152895
1789453585163849000,53.67984887695312,-3.3202190657153725,-8.510528823721408,3.5661516823649406
1789453585173788000,53.68978784179688,-3.365524480602145,-8.467997257462143,3.6244501420766113
1789453585183727900,53.69972778320312,-3.413497945654392,-8.424336979433894,3.6808918680056926
1789453585193666800,53.70966674804688,-3.4638761337608095,-8.378630290269852,3.737712948641181
1789453585203606800,53.71960668945312,-3.514358951285481,-8.331825868996978,3.794782158818841
1789453585213545700,53.72954565429688,-3.5638895826518535,-8.285090421307087,3.850502584736049
1789453585223486000,53.73948583984375,-3.6147704595834016,-8.237516184705495,3.9047640440165994
1789453585233425000,53.7494248046875,-3.6658489049136636,-8.188299441593886,3.9602702426612373
1789453585243364900,53.75936474609375,-3.7127635085627433,-8.137762848055361,4.020273752725124
1789453585253303800,53.7693037109375,-3.752749774253368,-8.086682649159432,4.085683505746722
1789453585263244000,53.779244140625,-3.784294667074084,-8.034917975130677,4.158078295350075
1789453585273183700,53.789183837890626,-3.8088016240820286,-7.982278856354951,4.236344607335329
1789453585283122700,53.799122802734374,-3.8314302199974652,-7.926646400982141,4.319581401209533
1789453585293063000,53.80906298828125,-3.8614199923306702,-7.865369217720628,4.404067902883887
1789453585303001900,53.819001953125,-3.905764745491743,-7.797505057284235,4.484896758833528
1789453585312941800,53.82894189453125,-3.960550520907342,-7.724259788331389,4.562916110320389
1789453585322880800,53.838880859375,-4.016069286772608,-7.649366752171516,4.639908749108017
1789453585332821000,53.84882104492188,-4.071707587364315,-7.5756626335352655,4.711782437446713
1789453585342760000,53.858760009765625,-4.133461740487814,-7.501191622179746,4.776716681911051
1789453585352699600,53.86869970703125,-4.204413637806475,-7.422800222510099,4.836871583144366
1789453585362638800,53.878638916015625,-4.2770612331271165,-7.340062902590632,4.8990439616799355
1789453585372578800,53.88857885742188,-4.3509076828435065,-7.252920625710487,4.963381117033959
1789453585382518800,53.89851879882813,-4.428391027757526,-7.1594906468629835,5.0300540218591685
1789453585392458000,53.9084580078125,-4.508124489685893,-7.058374205166101,5.101622882032394
1789453585402398000,53.91839794921875,-4.590046401569247,-6.9500237205624575,5.176781291130185
1789453585412337000,53.9283369140625,-4.678890513931215,-6.836655700057745,5.247720036706328
1789453585422276900,53.93827685546875,-4.771924186937511,-6.72329001764059,5.310042929628491
1789453585432215800,53.9482158203125,-4.8551051589712495,-6.617118046119809,5.3676931545645
1789453585442155800,53.95815576171875,-4.921490771287679,-6.5187605477422474,5.427251258948445
1789453585452094700,53.9680947265625,-4.9871372556746,-6.419081445372104,5.485823274904489
1789453585462035000,53.97803491210937,-5.058127439177036,-6.308056188601255,5.54925091419816
1789453585471975000,53.987974853515624,-5.134288887837529,-6.190120129528641,5.611760854125023
1789453585481913900,53.99791381835937,-5.216619965043663,-6.072814769574999,5.663763428562879
1789453585491854000,54.00785400390625,-5.312710687533021,-5.954429213169217,5.7000207368582485
1789453585501793000,54.01779296875,-5.423733606216311,-5.8319385595321656,5.722058965665101
1789453585511732700,54.02773266601562,-5.539883950915932,-5.7053539145797485,5.738378232303261
1789453585521671700,54.03767163085938,-5.651401959639787,-5.578190008434653,5.754634955099225
1789453585531612000,54.04761181640625,-5.758032196322083,-5.453690353062749,5.768253730607032
1789453585541550800,54.05755078125,-5.855537461784482,-5.331988219454884,5.783856373408437
1789453585551490800,54.06749072265625,-5.9444420721620315,-5.21317654659152,5.801449313244223
1789453585561430000,54.07742993164062,-6.026424774321914,-5.0949961573690175,5.82182048562169
1789453585571370000,54.087369873046875,-6.09929594926536,-4.976479083538055,5.848384667420387
1789453585581309700,54.097309814453126,-6.170756672888994,-4.85846148366183,5.87260491644144
1789453585591248600,54.10724853515625,-6.241737504041194,-4.738694994291663,5.89541471414268
1789453585601188900,54.11718896484375,-6.309021818763017,-4.620523957419395,5.917549389061332
1789453585611127800,54.1271279296875,-6.379910295456647,-4.507656579913199,5.928586915904283
1789453585621067800,54.13706787109375,-6.450784159103035,-4.401158445177972,5.931909922847152
1789453585631007000,54.147007080078126,-6.5179761193662875,-4.306392833812534,5.928012915408611
1789453585640947000,54.15694702148438,-6.580666676557064,-4.225767976002395,5.916766714251041
1789453585650886000,54.166885986328126,-6.628443742254376,-4.155156562684476,5.913440784698724
1789453585660825900,54.17682592773438,-6.6585799373209476,-4.088590333104134,5.9259735185354945
1789453585670765800,54.18676586914062,-6.680373835977911,-4.025839862419665,5.944377190232276
1789453585680704800,54.19670483398438,-6.695476128041744,-3.9688714822679754,5.9656572941482064
1789453585690645000,54.20664501953125,-6.697765115761756,-3.9228073579683898,5.993489303925633
1789453585700584000,54.216583984375,-6.688152068763971,-3.8888457593947647,6.026270460543036
1789453585710524000,54.22652392578125,-6.66276979022622,-3.8689071332156657,6.067075933662057
1789453585720462800,54.236462890625,-6.6257678010433905,-3.862731074929237,6.111376847681403
1789453585730403000,54.24640307617187,-6.585276216179132,-3.867557472172379,6.151953772741556
1789453585740342000,54.25634204101563,-6.5415469645679,-3.8782118449166414,6.1917690657794475
1789453585750281700,54.26628173828125,-6.495571979856491,-3.894512991376221,6.229822025319933
1789453585760220700,54.276220703125,-6.449960567760467,-3.9181639160767197,6.2623015686422585
1789453585770161000,54.28616088867187,-6.404584133464097,-3.945196299909055,6.291831614509224
1789453585780100900,54.296100830078124,-6.358519716903567,-3.975407606038451,6.319476577281952
1789453585790039800,54.30603979492187,-6.3122325975030655,-4.010007502515614,6.343969213503599
1789453585799980000,54.31597998046875,-6.264381297525763,-4.051345182815194,6.365099679815769
1789453585809919000,54.3259189453125,-6.217472246834635,-4.100982489426434,6.379294793906808
1789453585819858700,54.335858642578124,-6.172738786616921,-4.161434035518766,6.383587522664666
1789453585829797600,54.34579760742187,-6.12833558126688,-4.231806087122857,6.380099680548906
1789453585839737900,54.35573779296875,-6.086860830584168,-4.310111269813776,6.367374054488539
1789453585849676800,54.3656767578125,-6.047759238773584,-4.3955756766095755,6.346175199115276
1789453585859616800,54.37561669921875,-6.00942220159471,-4.4881154286190865,6.317753406751155
1789453585869556000,54.38555590820312,-5.969428629380464,-4.591042426869273,6.2816118337899445
1789453585879496000,54.395495849609375,-5.9241270138859745,-4.70619382365942,6.2391393042415375
1789453585889435600,54.405435546875,-5.869943588277697,-4.833646191357076,6.192735864984988
1789453585899374800,54.415374755859375,-5.805583636569977,-4.971258134019375,6.14428133841753
1789453585909314800,54.42531469726563,-5.736277460631728,-5.115256270587444,6.0909507302463055
1789453585919253800,54.435253662109375,-5.664103620302677,-5.2619472995012995,6.033261342343688
1789453585929194000,54.44519409179688,-5.589782831072807,-5.4105941386580465,5.97077945946753
1789453585939133000,54.4551328125,-5.514591688749194,-5.560408852550387,5.9026697998374695
1789453585949073000,54.46507299804688,-5.435052288088202,-5.712617768102884,5.8306602101594205
1789453585959011800,54.47501171875,-5.351901126670837,-5.866783078420162,5.753989642933011
1789453585968952000,54.4849521484375,-5.2696273326098915,-6.018850539675355,5.6722880958020685
1789453585978891000,54.49489111328125,-5.186990550455451,-6.1700038086950775,5.585386641940474
1789453585988830200,54.504830322265626,-5.105672449684143,-6.318503348335623,5.493538963848352
1789453585998770200,54.51477026367188,-5.033637725564837,-6.462399778094888,5.391683101961016
1789453586008709000,54.524709228515626,-4.970056357014179,-6.602228520023822,5.2801025493949645
1789453586018649300,54.5346494140625,-4.909037532427907,-6.737698482221364,5.1647950852602715
1789453586028588300,54.54458837890625,-4.844760582828521,-6.870169262602925,5.049698633527756
1789453586038528300,54.5545283203125,-4.778488660019636,-7.001368707874417,4.931258132064342
1789453586048467200,54.56446728515625,-4.714773435956239,-7.131203879055381,4.804918401783705
1789453586058407400,54.57440747070312,-4.65414039581716,-7.257621350747346,4.672934820397198
1789453586068346400,54.58434643554688,-4.589914884144068,-7.380863699534535,4.541576969693601
1789453586078286000,54.5942861328125,-4.51728745482862,-7.501525968700647,4.414930073159933
1789453586088226300,54.60422631835937,-4.44136156848967,-7.61645992334783,4.293506756493449
1789453586098165200,54.61416528320313,-4.363063692322373,-7.7257497346282005,4.1769463696882125
1789453586108105200,54.62410522460937,-4.283421708069741,-7.830523529788851,4.062703904436528
1789453586118044200,54.63404418945313,-4.206704086831212,-7.930129566922783,3.948049351252615
1789453586127984400,54.643984375,-4.133101675003767,-8.024649094572663,3.833122995389998
1789453586137923300,54.65392333984375,-4.064907844221592,-8.11283415850401,3.718709265224635
1789453586147863000,54.66386303710937,-4.0013028025344015,-8.194620461308956,3.6066856450662015
1789453586157802200,54.67380224609375,-3.9383264141395684,-8.271484505280851,3.4989299114853143
1789453586167742200,54.6837421875,-3.8759140893682833,-8.343464284342527,3.3962121720716354
1789453586177682200,54.69368212890625,-3.81652082015723,-8.410108547595144,3.2976667499065395
1789453586187621400,54.703621337890624,-3.7581072096332906,-8.472978553006053,3.20244842633754
1789453586197561300,54.713561279296876,-3.697564185865223,-8.53273539483249,3.113004302255809
1789453586207500300,54.723500244140624,-3.632817572927475,-8.588978675580025,3.033559301880002
1789453586217440300,54.733440185546876,-3.5646254957109687,-8.642202316245436,2.962464781220257
1789453586227379200,54.74337915039062,-3.499752041523158,-8.691036197519303,2.896203087544441
1789453586237319200,54.753319091796875,-3.44167277752012,-8.734230027079581,2.8352257640123364
1789453586247258000,54.76325805664062,-3.3900852136239408,-8.77226077478826,2.77940947650522
1789453586257198300,54.7731982421875,-3.345909679549932,-8.804687126618623,2.7299814287304875
1789453586267137300,54.78313720703125,-3.3114769563332196,-8.829539243802428,2.691421396450698
1789453586277077200,54.7930771484375,-3.289554755121469,-8.84574277510643,2.6649635976359245
1789453586287017500,54.803017578125,-3.2814614650368688,-8.852854652938246,2.6512930919408797
1789453586296956400,54.81295629882813,-3.2852231556579468,-8.852509785023331,2.647784207037091
1789453586306896100,54.82289624023438,-3.297421542973816,-8.846088227543234,2.6540722012653943
1789453586316835000,54.8328349609375,-3.3174943169265982,-8.833663630256057,2.6704005279928444
1789453586326775300,54.842775390625,-3.3476705517426133,-8.814104943305253,2.6972318362951277
1789453586336714200,54.85271435546875,-3.388371979965269,-8.786606111004948,2.735855873721838
1789453586346654200,54.862654296875,-3.4367744840845464,-8.751723013672231,2.7868118617162105
1789453586356593200,54.87259326171875,-3.48883901784271,-8.710911695334314,2.849287022590637
1789453586366533400,54.88253344726562,-3.5427924340873953,-8.665369256821274,2.9206837410673496
1789453586376473000,54.89247314453125,-3.5983027243852614,-8.616150760143995,2.997430880661309
1789453586386412000,54.902412109375,-3.6552880556717513,-8.56366127897203,3.077815499974787
1789453586396352300,54.912352294921874,-3.7145389938026665,-8.506976099675894,3.162902597890794
1789453586406291200,54.92229125976562,-3.773966457544267,-8.446851593580842,3.2524247556447983
1789453586416231200,54.932231201171874,-3.8282185644745823,-8.385911679449677,3.345385655675828
1789453586426170400,54.94217041015625,-3.8713881363764404,-8.327561197289825,3.440129639731347
1789453586436110300,54.9521103515625,-3.903013400956988,-8.27303348828852,3.5346491673812266
1789453586446049300,54.96204931640625,-3.9268554643154143,-8.222686279842257,3.62458282854557
1789453586455989200,54.9719892578125,-3.948230260777473,-8.176208021783829,3.7056074993282553
1789453586465928200,54.98192822265625,-3.9726372645422816,-8.13220813653767,3.775672969201207
1789453586475868200,54.9918681640625,-4.0033793165475124,-8.089832053101063,3.8337963646069166
1789453586485808000,55.00180810546875,-4.0381589535057545,-8.048137522187828,3.8847356937274333
1789453586495747300,55.011747314453125,-4.0705645548090335,-8.007799082058668,3.9339565284922715
1789453586505687300,55.021687255859376,-4.098720974235237,-7.968897981256246,3.983405911315977
1789453586515626200,55.031626220703124,-4.121295501875877,-7.9302172452062365,4.036950746759772
1789453586525566500,55.04156640625,-4.14072384044528,-7.891391547727585,4.092764988440275
1789453586535505400,55.05150537109375,-4.162453149433434,-7.850381491947173,4.149199407845735
1789453586545445000,55.061445068359376,-4.191080693502724,-7.805342326781153,4.204980916300416
1789453586555384000,55.071384033203124,-4.226885581855476,-7.755106762015819,4.261703212736546
1789453586565324300,55.08132421875,-4.269826897959411,-7.700390836966037,4.3177457102149726
1789453586575264300,55.09126416015625,-4.31918597215116,-7.642969160088897,4.370359986810386
1789453586585203200,55.101203125,-4.372702458283305,-7.586027960205078,4.416112853203714
1789453586595143400,55.11114331054687,-4.427824333785474,-7.529576005142927,4.4576016324117775
1789453586605082400,55.12108227539063,-4.485630041544139,-7.470047711375355,4.4997672879680986
1789453586615022000,55.13102197265625,-4.5456896657094354,-7.404246328687667,4.5479868367359035
1789453586624961000,55.1409609375,-4.604445221538842,-7.330587218236923,4.607815574754774
1789453586634901200,55.1509013671875,-4.662155067707598,-7.248591656595468,4.67895539586097
1789453586644840200,55.16084008789063,-4.720990995296836,-7.157104628509282,4.760091710324585
1789453586654780200,55.1707802734375,-4.779790098007023,-7.058812012061476,4.847385086113214
1789453586664719400,55.18071923828125,-4.836471477910876,-6.958344974184036,4.935621587970853
1789453586674659300,55.19065942382812,-4.902247433896362,-6.85352266370654,5.016729845383763
1789453586684599000,55.20059912109375,-4.978653504967689,-6.744217070335149,5.08909657793641
1789453586694538200,55.21053833007812,-5.063164848822355,-6.6316024985462425,5.1533074765622615
1789453586704478200,55.220478271484374,-5.154333312478661,-6.517163049417734,5.208631304377317
1789453586714417200,55.23041723632812,-5.2526002099633216,-6.400481958842277,5.254944142740965
1789453586724357000,55.240357177734374,-5.3539674115508795,-6.279603416576981,5.298301053908467
1789453586734296300,55.25029638671875,-5.452040832290053,-6.155884097927808,5.3432922882795335
1789453586744236300,55.260236328125,-5.539534991347789,-6.0345244941473,5.391515928700566
1789453586754175200,55.27017529296875,-5.624569482293725,-5.913894373685121,5.436949061620235
1789453586764115500,55.280115478515626,-5.711646292722225,-5.793468251362443,5.475693510556221
1789453586774055200,55.29005517578125,-5.8000102203518145,-5.674314633193612,5.507487994223832
1789453586783994000,55.299994140625,-5.892390397885442,-5.553842333641648,5.532173522669076
1789453586793934300,55.30993432617188,-5.985387830534577,-5.429342093747854,5.555876469817758
1789453586803873300,55.319873291015625,-6.078059684491157,-5.302889550742506,5.577365248048305
1789453586813813200,55.32981323242188,-6.1702113139659165,-5.178268314817547,5.5932467077910895
1789453586823752200,55.339752197265625,-6.259744869896769,-5.054489959457516,5.606971281760931
1789453586833692400,55.3496923828125,-6.3522232471078635,-4.932795424634218,5.611344090017676
1789453586843631400,55.35963134765625,-6.446103307810425,-4.815632395760715,5.606049490740895
1789453586853571000,55.36957104492188,-6.541475068375468,-4.70411438703686,5.590238173624873
1789453586863510000,55.379510009765625,-6.635754357528686,-4.596002387364209,5.569011845722795
1789453586873450200,55.3894501953125,-6.716951462268829,-4.493617825427651,5.5552106993854045
1789453586883390200,55.39939013671875,-6.786827547049522,-4.393006118382513,5.550754304498434
1789453586893329200,55.4093291015625,-6.852790257778763,-4.290542645990849,5.549853556266426
1789453586903269400,55.41926928710937,-6.908561244839429,-4.196863076296449,5.552342450472712
1789453586913208300,55.42920825195313,-6.954728537252545,-4.115607519367337,5.555526925727725
1789453586923148000,55.43914794921875,-6.98855072735548,-4.049485818684101,5.561668497222661
1789453586933087200,55.44908715820313,-7.006284536966681,-3.9958176491215824,5.578154352599382
1789453586943027200,55.45902709960937,-7.005227721390128,-3.94363007350564,5.616492558822036
1789453586952966100,55.46896606445313,-6.981791316223144,-3.8943624769896266,5.67968989649117
1789453586962906000,55.47890600585937,-6.942647054314613,-3.8593972543314097,5.751095090535283
1789453586972845800,55.488845703125,-6.899983386108278,-3.843147253537178,5.812985437259078
1789453586982785800,55.498785888671875,-6.860597132137418,-3.8457843240424987,5.857690840426087
1789453586992725800,55.50872583007813,-6.818605664104223,-3.855245395348966,5.900346909847856
1789453587002664700,55.518664794921875,-6.773140967002511,-3.8652626392334697,5.945979364731907
1789453587012604700,55.52860473632813,-6.727838182464241,-3.883132642444968,5.985639759469032
1789453587022543600,55.538543701171875,-6.681714144670963,-3.912002763098478,6.0184115637362
1789453587032483800,55.54848388671875,-6.634523354429006,-3.947806774668395,6.047170625230669
1789453587042422800,55.5584228515625,-6.588522066232562,-3.9860184319019316,6.072347152063251
1789453587052362800,55.56836279296875,-6.544626810404658,-4.025791639363765,6.093538993173837
1789453587062301700,55.5783017578125,-6.501411938056349,-4.0695241058453915,6.110732704558968
1789453587072241700,55.58824169921875,-6.45763884730339,-4.121068122860789,6.122592653700709
1789453587082181600,55.598181640625,-6.4119596306681625,-4.182563332787156,6.128887954452633
1789453587092120600,55.60812060546875,-6.362533044198155,-4.256972969344258,6.129167940437793
1789453587102060800,55.61806079101562,-6.310787074869871,-4.343595606264472,6.121892396476865
1789453587111999700,55.62799975585938,-6.257513749843835,-4.439574100551009,6.107709557345509
1789453587121939700,55.63793969726562,-6.204001355364919,-4.544223100288212,6.085294311919808
1789453587131879000,55.64787890625,-6.149923728218674,-4.65872100160569,6.0535261317372315
1789453587141819000,55.65781884765625,-6.093557113352418,-4.783677168573439,6.012937516239285
1789453587151757800,55.6677578125,-6.031200318160653,-4.918488666862249,5.966867838981747
1789453587161697500,55.67769750976562,-5.956572070416808,-5.061321851304173,5.922216211828589
1789453587171636700,55.68763671875,-5.874132856661081,-5.2091129504144185,5.876229536679387
1789453587181576700,55.69757666015625,-5.785591818898916,-5.3584793360173695,5.829582351794839
1789453587191516700,55.7075166015625,-5.690304229485989,-5.507489747789502,5.784320483788847
1789453587201455900,55.71745581054687,-5.592320240595936,-5.655215964969992,5.7371448911160225
1789453587211395800,55.727395751953125,-5.490386052775382,-5.8040860914886,5.686709419864416
1789453587221334800,55.73733471679687,-5.386751490777731,-5.953201717200875,5.631402543184161
1789453587231274800,55.747274658203125,-5.28680701546967,-6.1005982640355825,5.568015820422768
1789453587241213700,55.75721362304687,-5.1936394869506355,-6.247113351860642,5.492729401031136
1789453587251153700,55.767153564453125,-5.107909414955973,-6.391912867939472,5.405839637607336
1789453587261092600,55.77709252929687,-5.024982125422358,-6.533697420111298,5.313258969065546
1789453587271032800,55.78703271484375,-4.945841368690133,-6.6717346024483435,5.215073320123553
1789453587280972800,55.79697290039063,-4.87260837469697,-6.8052773959755894,5.110408246034384
1789453587290911700,55.806911865234376,-4.804202946990728,-6.9341860999614,5.000709853953123
1789453587300851700,55.81685180664063,-4.74099333436191,-7.057938151836395,4.88660387456268
1789453587310790700,55.826790771484376,-4.681132739900052,-7.178096563133597,4.76784071701616
1789453587320730600,55.83673071289063,-4.621413015213609,-7.296303255841136,4.645093166008591
1789453587330669600,55.846669677734376,-4.566311305716633,-7.411127904894948,4.516011443543434
1789453587340609800,55.85660986328125,-4.512460180802643,-7.5218451186299315,4.3851998285457485
1789453587350548700,55.866548828125,-4.452646348091959,-7.6293018692642445,4.258884355923533
1789453587360488700,55.87648876953125,-4.387936267772317,-7.734992779269814,4.133560232426226
1789453587370429000,55.886428955078124,-4.322661539307236,-7.83863961622715,4.005087874031067
1789453587380368000,55.89636791992187,-4.260389207528531,-7.937882665267586,3.8742119616255164
1789453587390307600,55.9063076171875,-4.197096885052323,-8.03345842397213,3.7441026496782897
1789453587400246500,55.91624658203125,-4.128271770629286,-8.126327846327424,3.6180844064369797
1789453587410186800,55.92618676757812,-4.05860728277266,-8.214481930598616,3.4957702784106135
1789453587420125700,55.93612573242188,-3.9880528603389855,-8.297352521508932,3.3793115984141826
1789453587430065700,55.94606567382812,-3.916033918310702,-8.374776537451147,3.2708070922926065
1789453587440004900,55.9560048828125,-3.8449452428698536,-8.446511401841043,3.1691052519232032
1789453587449944800,55.96594482421875,-3.7750335022538897,-8.513421038031577,3.072650080035627
1789453587459883800,55.9758837890625,-3.7071646656423805,-8.574776547226309,2.9833795589551326
1789453587469823700,55.98582373046875,-3.646432841303944,-8.629048820161819,2.9005902165874837
1789453587479763700,55.995763671875,-3.5943095630958672,-8.676221490225196,2.8239240332752464
1789453587489702700,56.00570263671875,-3.547904954795539,-8.718601665315031,2.751139367571473
1789453587499643000,56.015642822265626,-3.504227141110599,-8.757886796998978,2.6814523756220936
1789453587509581800,56.025581787109374,-3.4606355444043873,-8.794623997765779,2.61706027521044
1789453587519521800,56.035521728515626,-3.418530094602704,-8.828094890213013,2.559064305576682
1789453587529460700,56.045460693359374,-3.3810718860849738,-8.85579187543392,2.5127029518961903
1789453587539400700,56.055400634765626,-3.35049203890413,-8.876714251953363,2.4796219355493783
1789453587549339600,56.06533959960937,-3.330348830063641,-8.89001621659696,2.459012278240919
1789453587559279600,56.075279541015625,-3.3228789325743913,-8.896066018155217,2.447223933030665
1789453587569218600,56.08521850585937,-3.326913594917953,-8.896735295718909,2.4392946013361216
1789453587579158800,56.09515869140625,-3.338886649045348,-8.893106583827734,2.4361663863129914
1789453587589098800,56.1050986328125,-3.356544763071835,-8.88494373563826,2.4416714134700594
1789453587599037700,56.11503759765625,-3.378648458330333,-8.8705457924515,2.463437401206791
1789453587608978000,56.12497802734375,-3.4056215131908654,-8.84900499177277,2.5034414948150516
1789453587618916900,56.13491674804688,-3.4371561768785117,-8.821064845445752,2.5583532346978783
1789453587628856600,56.14485668945313,-3.471343108640611,-8.788583548557758,2.6231582998245955
1789453587638795800,56.154795654296876,-3.5068557360485193,-8.753162106564641,2.693419584530592
1789453587648735700,56.16473583984375,-3.5418545687153933,-8.716232598096132,2.7663991882845758
1789453587658674700,56.1746748046875,-3.5761397001549597,-8.67856366943717,2.8397429491758346
1789453587668614700,56.18461474609375,-3.6118548643976447,-8.639263340184092,2.913424855980277
1789453587678553900,56.19455395507813,-3.6520001200422643,-8.597233293706179,2.9867843989625573
1789453587688493800,56.20449389648437,-3.6964129700034856,-8.55211755617261,3.060749214361608
1789453587698433500,56.21443359375,-3.7431700450032945,-8.504422323539853,3.135897394326329
1789453587708372700,56.22437280273437,-3.78807856952697,-8.456428984743356,3.210864957027137
1789453587718312700,56.234312744140624,-3.828279062490165,-8.409529286402464,3.2854940815538165
1789453587728251600,56.24425170898437,-3.8649683324620123,-8.363613338401914,3.358926105250418
1789453587738192000,56.25419189453125,-3.900135799694061,-8.317727201017737,3.4314293236643074
1789453587748130800,56.264130859375,-3.9329587496265765,-8.272599188524485,3.502331536622345
1789453587758070800,56.27407080078125,-3.9638343648836014,-8.228020626607536,3.571848724962771
1789453587768009700,56.284009765625,-3.99293128003031,-8.183378351804613,3.641319736073911
1789453587777949700,56.29394970703125,-4.020201564271748,-8.137904886874557,3.712523854587972
1789453587787888600,56.303888671875,-4.044849975576996,-8.091098712036013,3.7873116768077013
1789453587797828600,56.31382861328125,-4.068091734954715,-8.04324741205871,3.863572494189441
1789453587807768800,56.32376879882813,-4.094873358896375,-7.993722625911236,3.9373642911091444
1789453587817707800,56.333707763671875,-4.128604948106408,-7.939867701604962,4.010423682101071
1789453587827647700,56.343647705078126,-4.169421819402277,-7.878685795411467,4.088103426370025
1789453587837586700,56.353586669921874,-4.214444033433496,-7.810083968350291,4.172700402681529
1789453587847527000,56.36352685546875,-4.260012190909683,-7.735740967288613,4.26391738165468
1789453587857465900,56.3734658203125,-4.305243956038356,-7.656723544675112,4.360029146932066
1789453587867405600,56.383405517578126,-4.351650610165298,-7.573743063649535,4.45779364785254
1789453587877344800,56.3933447265625,-4.40298975225836,-7.487289353555441,4.552424819183349
1789453587887284700,56.40328466796875,-4.460891029345989,-7.396746328321099,4.643161905685067
1789453587897224700,56.413224609375,-4.5249671956762665,-7.302211018580198,4.729990586571395
1789453587907163600,56.42316357421875,-4.592243619352579,-7.203736615824699,4.8153792977824805
1789453587917103900,56.43310375976562,-4.6587952358856795,-7.101226673942804,4.902915542416275
1789453587927042800,56.44304272460938,-4.729351411885023,-6.994337494063377,4.98827473527193
1789453587936982500,56.452982421875,-4.807764146603644,-6.882488061428069,5.0682478511750695
1789453587946921700,56.46292163085938,-4.884945293700695,-6.770378516551852,5.144871656650304
1789453587956861700,56.47286181640625,-4.964568865513801,-6.659686437258124,5.212680872029066
1789453587966800600,56.48280053710938,-5.050035902658105,-6.546627628833055,5.2734436760276555
1789453587976740000,56.49273999023438,-5.135653746449947,-6.427950980526209,5.336374471715092
1789453587986679000,56.502678955078125,-5.219242714762688,-6.303333251732587,5.403502134570479
1789453587996619300,56.51261938476563,-5.3011178648948665,-6.174263804227113,5.472384532138705
1789453588006559200,56.52255932617187,-5.385545622119307,-6.041790101236105,5.537422529238462
1789453588016498200,56.53249829101563,-5.47013704547286,-5.908277118325233,5.598234433075786
1789453588026438000,56.54243798828125,-5.55195374341607,-5.77853488612473,5.652854496535658
1789453588036377000,56.55237719726563,-5.638239111205936,-5.651553350809216,5.695661372604966
1789453588046317000,56.56231713867187,-5.727751039826869,-5.524255589151382,5.731132498958707
1789453588056256000,56.57225610351563,-5.815808677986264,-5.396129559975862,5.7644216050982475
1789453588066196200,56.5821962890625,-5.910433419576287,-5.26532115984857,5.78909076693058
1789453588076135200,56.59213525390625,-6.012620120853185,-5.130692909172177,5.804723220348357
1789453588086075100,56.6020751953125,-6.122613696488738,-4.994041628235578,5.8089189184725285
1789453588096014000,56.61201416015625,-6.230623404830694,-4.859745385992527,5.807980176317692
1789453588105954000,56.6219541015625,-6.335363297721743,-4.730338377095759,5.801507765433192
1789453588115894000,56.63189404296875,-6.440899309426546,-4.608872974853218,5.783036289197206
1789453588125833000,56.6418330078125,-6.537513763529062,-4.492308496394753,5.766324808371067
1789453588135773200,56.651773193359375,-6.6292416146337985,-4.37660092702657,5.750553238743543
1789453588145712000,56.66171215820312,-6.704461398530006,-4.271846128827333,5.742119756919145
1789453588155652000,56.671652099609375,-6.768669959068298,-4.177004821877182,5.736559784704446
1789453588165591000,56.68159106445312,-6.821575035303831,-4.088892530921101,5.737376361784339
1789453588175531300,56.69153125,-6.857565217095613,-4.004435547602176,5.754015946418047
1789453588185470200,56.70147021484375,-6.875050604903698,-3.9237630512580273,5.788621980375051
1789453588195410000,56.711409912109374,-6.884069777661561,-3.854752935656905,5.824158573180437
1789453588205350100,56.72135009765625,-6.877293999916315,-3.805546713939309,5.864385369628668
1789453588215289000,56.7312890625,-6.85930533876121,-3.773133221590519,5.9062499964118
1789453588225229000,56.74122900390625,-6.832386352175474,-3.7566172633364796,5.947831130078435
1789453588235168300,56.751168212890626,-6.797589764082431,-3.7524700805291533,5.990170388635993
1789453588245108200,56.76110815429688,-6.758621443262696,-3.7552369148939846,6.032383974987268
1789453588255047200,56.771047119140626,-6.717817723709344,-3.7628736933827396,6.073062022334337
1789453588264987100,56.78098706054688,-6.676218469864129,-3.7740050359889863,6.111905839991569
1789453588274926000,56.790926025390625,-6.634835489118099,-3.7891193107515573,6.147510237336158
1789453588284866000,56.80086596679688,-6.598300532925129,-3.806106685909629,6.176273390483856
1789453588294805000,56.810804931640625,-6.568786853671074,-3.8244662262037394,6.196365161398052
1789453588304745200,56.8207451171875,-6.547373478764295,-3.845881354676187,6.205763104340433
1789453588314685200,56.83068530273437,-6.535330574271082,-3.871880888329446,6.202288121706247
1789453588324624100,56.8406240234375,-6.527307426813245,-3.905602540667355,6.189584707477689
1789453588334564000,56.85056420898437,-6.517153112545609,-3.951311860179901,6.171242410579324
1789453588344503000,56.8605029296875,-6.5020455597847695,-4.0123528965979816,6.14774872226715
1789453588354443000,56.87044311523437,-6.478014695855975,-4.088901006488502,6.122628894057869
1789453588364382000,56.8803818359375,-6.445338168656826,-4.179218114012479,6.096072311043739
1789453588374322200,56.890322265625,-6.406515978309511,-4.281460637129843,6.065974694421887
1789453588384261000,56.90026123046875,-6.359989789456129,-4.395027102816105,6.033627253046632
1789453588394201000,56.910201171875,-6.303353709998727,-4.518943405342101,6.00143997066915
1789453588404140000,56.92014013671875,-6.238002409166097,-4.653017237006128,5.967175882017612
1789453588414080300,56.930080322265624,-6.165384332200884,-4.795160685618222,5.930000874355435
1789453588424020000,56.94002001953125,-6.086765553516149,-4.944036365094781,5.888817800095677
1789453588433959000,56.949958984375,-6.002095804229378,-5.099050401195884,5.843364793431759
1789453588443899100,56.959899169921876,-5.914156824013591,-5.25745174164772,5.792441246402263
1789453588453838000,56.969838134765624,-5.826220181885361,-5.416116116949915,5.735090296673774
1789453588463778000,56.979778076171876,-5.735643254381418,-5.574299430736899,5.674501680198311
1789453588473717200,56.98971728515625,-5.640061650457978,-5.733201706448197,5.611643365225196
1789453588483657200,56.9996572265625,-5.538368285655975,-5.89537613569796,5.54449524410367
1789453588493596200,57.00959619140625,-5.431929772153496,-6.058713763508201,5.473258392363786
1789453588503536000,57.0195361328125,-5.3262067134439945,-6.21973902272284,5.395997458028793
1789453588513475000,57.02947509765625,-5.224239207875728,-6.377157197356223,5.311269841074943
1789453588523415000,57.0394150390625,-5.124582317337394,-6.530136512759327,5.221716411399841
1789453588533355000,57.04935498046875,-5.030006675586104,-6.677823566973209,5.1260231637954705
1789453588543294200,57.05929418945313,-4.937734634602069,-6.821404354912042,5.025694073083996
1789453588553234200,57.06923413085938,-4.843803720495105,-6.9628025381147856,4.922125562059879
1789453588563173000,57.079173095703126,-4.752086390784383,-7.101590246558189,4.812014205263555
1789453588573113000,57.08911303710938,-4.662128179700672,-7.237879708445072,4.695532436652481
1789453588583052000,57.099052001953126,-4.571780677038431,-7.371845111298561,4.574399042843282
1789453588592992000,57.10899194335938,-4.481951645292342,-7.5020789264082905,4.4498669465065
1789453588602931000,57.118930908203126,-4.393211870087683,-7.625911057782172,4.326146751074493
1789453588612871200,57.12887109375,-4.301163116465509,-7.744137624233961,4.2069878722086544
1789453588622810000,57.13881005859375,-4.206835896517336,-7.856295099905132,4.092868741075694
1789453588632750000,57.14875,-4.112130490906536,-7.96072110454142,3.9859365988373754
1789453588642690300,57.158690185546874,-4.021432275110483,-8.059073342221975,3.8794033927887677
1789453588652629200,57.16862915039062,-3.937584948122501,-8.151094623315334,3.771664902603626
1789453588662569000,57.17856884765625,-3.8553801276445387,-8.238082586416601,3.6661160314172503
1789453588672508000,57.1885078125,-3.7734810121148823,-8.320287406894565,3.564274782577157
1789453588682448100,57.1984482421875,-3.693377840091288,-8.39620218731761,3.4688799333974716
1789453588692387000,57.20838696289063,-3.611457389512658,-8.466646427375078,3.382851755239069
1789453588702327000,57.2183271484375,-3.5295392770215868,-8.5327915089339,3.302158800628781
1789453588712266200,57.22826635742187,-3.4557398813173172,-8.593104815599322,3.2228558390721678
1789453588722206200,57.238206298828125,-3.395588194954395,-8.645790111604333,3.144942286047339
1789453588732146000,57.24814599609375,-3.3442376546844836,-8.69085382668972,3.074979107505083
1789453588742085000,57.258085205078125,-3.292468596741557,-8.730677303034067,3.0175024855703114
1789453588752025000,57.268025146484376,-3.2406118605151772,-8.766057828494906,2.9707001101240516
1789453588761964000,57.277964111328124,-3.1949200766593218,-8.795621776631474,2.932567071084678
1789453588771904300,57.287904296875,-3.1594325836926695,-8.817706182667612,2.904547137519717
1789453588781843200,57.29784326171875,-3.1393279532968994,-8.83054169884324,2.8873002346426246
1789453588791783200,57.307783203125,-3.1356445886090394,-8.834391360008716,2.879524047683179
1789453588801722000,57.31772216796875,-3.142725194519758,-8.83139860793352,2.880984767885506
1789453588811662000,57.327662109375,-3.156418204307556,-8.8229323928833,2.8919387080982326
1789453588821601300,57.337601318359376,-3.174612909428775,-8.809699986344576,2.9122824079468845
1789453588831541000,57.347541015625,-3.196733848083019,-8.791361196577549,2.9433389327287673
1789453588841481200,57.35748120117187,-3.223023889115453,-8.76696617551148,2.9871047169581053
1789453588851420200,57.36742016601563,-3.253064222592115,-8.73702988693118,3.041752252946794
1789453588861360000,57.37736010742187,-3.2855268147796393,-8.70330823459327,3.102926268094778
1789453588871299000,57.38729907226563,-3.318729703940451,-8.667510360503195,3.16712518402189
1789453588881239300,57.3972392578125,-3.3511066636711355,-8.6310052149266,3.232060305269062
1789453588891178200,57.40717822265625,-3.384698259888589,-8.594124221774935,3.2947274815842507
1789453588901118000,57.41711791992188,-3.4201606184139846,-8.55623551288545,3.3561502107962964
1789453588911057000,57.427056884765626,-3.4550361169621344,-8.51681009594798,3.4200974900498986
1789453588920997000,57.4369970703125,-3.487167577499151,-8.476572778105735,3.486802251318097
1789453588930936000,57.44693603515625,-3.518009290486574,-8.43629863538444,3.5528669611170884
1789453588940876000,57.4568759765625,-3.552116142749786,-8.39581114217341,3.614303426593542
1789453588950816300,57.466816162109374,-3.590782850274443,-8.354081539946794,3.6723262842342255
1789453588960755200,57.47675512695312,-3.629232115656137,-8.311331362500786,3.731066350233555
1789453588970695000,57.48669482421875,-3.6639895407825707,-8.268675877600907,3.7913825795084235
1789453588980634600,57.496634521484374,-3.693752226361632,-8.22639448671043,3.8539632465839384
1789453588990574600,57.50657470703125,-3.7206916712135074,-8.183748354160786,3.9183033245474097
1789453589000513500,57.516513427734374,-3.7459026848375796,-8.140402548909186,3.9840231664314865
1789453589010453800,57.52645385742188,-3.7696851269632576,-8.09524297223389,4.053008147591353
1789453589020392700,57.536392822265626,-3.795817347085476,-8.046704274514317,4.124651242044568
1789453589030332700,57.54633276367188,-3.831056125988066,-7.993767634096741,4.194406330794096
1789453589040271600,57.556271728515625,-3.878189925345778,-7.934180888140201,4.263656392630934
1789453589050211600,57.56621166992188,-3.932544323606789,-7.867412121725082,4.336970342905819
1789453589060151600,57.57615161132812,-3.9871988738581536,-7.795368045255541,4.416429079546034
1789453589070090500,57.58609057617188,-4.03910850931555,-7.717733601433038,4.5047263716802
1789453589080030700,57.59603076171875,-4.0873908941864965,-7.634455598765611,4.602028223524988
1789453589089969700,57.6059697265625,-4.136088581860065,-7.545786550709605,4.7036470617860555
1789453589099909600,57.61590966796875,-4.1882481004253025,-7.452872120168805,4.804546938122809
1789453589109848600,57.6258486328125,-4.246645052075386,-7.357461781159043,4.899400227771699
1789453589119788500,57.63578857421875,-4.317789257095754,-7.2600582225054495,4.981833888569474
1789453589129727500,57.6457275390625,-4.398884655027091,-7.160209024265408,5.054862299901247
1789453589139667500,57.65566748046875,-4.482636704947054,-7.057329664549231,5.125470790609717
1789453589149606700,57.66560668945313,-4.562430372630059,-6.949884604352712,5.201321858146787
1789453589159546600,57.67554663085937,-4.635447970306873,-6.837406226164102,5.285155156609416
1789453589169486600,57.685486572265624,-4.705641742734611,-6.718731915944814,5.374564209377765
1789453589179425800,57.69542578125,-4.782986263699829,-6.593772241845727,5.460367346608638
1789453589189365500,57.705365478515624,-4.872343294019997,-6.464190753164887,5.53578469890356
1789453589199304700,57.7153046875,-4.961807584106922,-6.335963601702451,5.604148041033745
1789453589209244700,57.72524462890625,-5.052985984635352,-6.209983352383971,5.663375890550017
1789453589219183600,57.73518359375,-5.149055664336681,-6.084650168797373,5.712673882204294
1789453589229123600,57.74512353515625,-5.248372363135219,-5.958314530169964,5.755298387444019
1789453589239062500,57.7550625,-5.347336010712385,-5.828710245135426,5.796766123864054
1789453589249002800,57.765002685546875,-5.443562926802039,-5.695329948693513,5.8396238533377645
1789453589258941700,57.77494165039062,-5.5380894687145945,-5.562611331030726,5.878546581450104
1789453589268881700,57.784881591796875,-5.635818021538853,-5.4297898375153535,5.909765895578265
1789453589278821600,57.79482153320313,-5.735537455919385,-5.295847231015562,5.935316516420245
1789453589288760600,57.804760498046875,-5.840255136978626,-5.158958049669861,5.953734801164269
1789453589298700500,57.81470043945313,-5.95328471930921,-5.018498024100065,5.961831598380208
1789453589308639500,57.824639404296875,-6.0713680778980255,-4.8769654008626935,5.960210719180107
1789453589318579700,57.83457983398438,-6.188143276497721,-4.738558800691366,5.951750349348783
1789453589328518700,57.8445185546875,-6.298884455630183,-4.603844040775299,5.941303774136305
1789453589338458600,57.85445874023438,-6.403916024944186,-4.477486482577025,5.92557136747539
1789453589348397800,57.864397705078126,-6.497825896263122,-4.360741971376538,5.910382566171884
1789453589358337500,57.87433764648438,-6.580145283031463,-4.253172700278461,5.897680905508995
1789453589368276500,57.8842763671875,-6.6434466655969615,-4.160031767505407,5.893143846601247
1789453589378216400,57.89421655273438,-6.697509679695964,-4.076860732343793,5.890068676939606
1789453589388156700,57.90415673828125,-6.7440662636876105,-4.0032811168700455,5.887420208257437
1789453589398095600,57.914095703125,-6.778627289459109,-3.9416669567391276,5.8892988616108894
1789453589408035600,57.92403564453125,-6.797860397717356,-3.891652341248095,5.900380812117457
1789453589417974800,57.93397485351562,-6.800255768421292,-3.847541396842897,5.9264943275392055
1789453589427914500,57.94391455078125,-6.783724904859065,-3.808354757097363,5.9705853982001535
1789453589437853700,57.95385375976562,-6.7542410362213845,-3.7823818191900846,6.02031476700902
1789453589447793700,57.96379370117187,-6.721615362426638,-3.7739039137020707,6.062006375312805
1789453589457732600,57.97373266601563,-6.6814686454772945,-3.7807498340740797,6.101992348742485
1789453589467672600,57.98367260742187,-6.638966889834403,-3.7910581698596477,6.14185615709722
1789453589477611500,57.99361157226563,-6.5976937992036335,-3.800333655466139,6.180475518348812
1789453589487551700,58.0035517578125,-6.559383650031686,-3.8120936513647434,6.21392127635479
1789453589497491700,58.01349169921875,-6.526127861639857,-3.826915372921526,6.239776433101296
1789453589507430700,58.0234306640625,-6.496187481406331,-3.8435137487620112,6.260777135553956
1789453589517370600,58.03337060546875,-6.4677750413924455,-3.864173090431094,6.277458805763721
1789453589527309600,58.0433095703125,-6.439704546684026,-3.8919340807989236,6.28915391973257
1789453589537249500,58.05324951171875,-6.410813383242488,-3.9281194929018612,6.29616701336503
1789453589547188500,58.0631884765625,-6.3805760658890005,-3.973970266711712,6.298109379604458
1789453589557128700,58.073128662109376,-6.348782166743278,-4.030475705526769,6.294331030109524
1789453589567067600,58.083067626953124,-6.315661402907967,-4.098237282371521,6.2838873775064945
1789453589577007600,58.093007568359376,-6.2796162760585545,-4.177404634849727,6.267861540856957
1789453589586946800,58.10294677734375,-6.238803788676858,-4.268799308477342,6.247006968876719
1789453589596886500,58.112886474609375,-6.1948775531888005,-4.374750038462877,6.217352419847249
1789453589606826500,58.12282641601563,-6.149802732187509,-4.4941769206151365,6.176786600703001
1789453589616765400,58.132765380859375,-6.09935323241055,-4.625759227724373,6.12949118104279
1789453589626705700,58.14270556640625,-6.039316989120841,-4.768187630757689,6.079593469929695
1789453589636644600,58.15264453125,-5.970262742117047,-4.9185605630546805,6.027777942496538
1789453589646584600,58.16258447265625,-5.891504847222566,-5.075883460620045,5.9746069088011975
1789453589656523800,58.17252368164063,-5.806369818511605,-5.237732895699143,5.917990118566155
1789453589666463500,58.18246337890625,-5.721918095889687,-5.401363953498006,5.852804821950197
1789453589676402700,58.192402587890626,-5.638520850756764,-5.564933051976562,5.780052304950356
1789453589686342700,58.2023427734375,-5.55564792175889,-5.727845147851109,5.700612857532501
1789453589696281600,58.212281494140626,-5.472696666827797,-5.889734914940595,5.615248111718893
1789453589706221600,58.2222216796875,-5.386816372707486,-6.052417293712496,5.524567139318585
1789453589716161800,58.232161865234374,-5.2968327349215745,-6.217151344317197,5.4277931107401844
1789453589726100700,58.24210083007812,-5.209170818081498,-6.380612306246161,5.321908723989129
1789453589736040700,58.252040771484374,-5.127869083923101,-6.5396560362547635,5.2065609278440474
1789453589745979600,58.26197973632812,-5.052214415740966,-6.693517395189404,5.083535436677932
1789453589755919600,58.271919677734374,-4.9822190884947775,-6.840116069644689,4.955870010751486
1789453589765858600,58.28185864257812,-4.913498603489995,-6.980386125600337,4.827231355878711
1789453589775798500,58.291798583984374,-4.843494216154515,-7.116595507988333,4.697342700944841
1789453589785737500,58.30173754882812,-4.771694762095809,-7.247069561594724,4.5696083014354105
1789453589795677700,58.311677734375,-4.696663486509025,-7.371967860895395,4.445875538782775
1789453589805616600,58.32161669921875,-4.622346204410493,-7.490253464058041,4.324394646710157
1789453589815556600,58.331556640625,-4.550360872390866,-7.60290135359466,4.202437661558389
1789453589825496600,58.34149658203125,-4.476066386646032,-7.713601616194844,4.0786704121142625
1789453589835435500,58.351435546875,-4.39903604619652,-7.821279900625347,3.955561918839812
1789453589845375500,58.36137548828125,-4.319199708415567,-7.924428140410781,3.8364454178109764
1789453589855314700,58.371314697265625,-4.235818537634611,-8.02336723806858,3.7220661744371055
1789453589865254700,58.38125463867188,-4.150819410263002,-8.116852746495605,3.613553485009074
1789453589875193600,58.391193603515624,-4.065995054936408,-8.204636828410624,3.5102757736250756
1789453589885133600,58.401133544921876,-3.9853903631314633,-8.28687555115819,3.4080458177283406
1789453589895072800,58.41107275390625,-3.9107472100794314,-8.363905599346756,3.3047710289537906
1789453589905012500,58.421012451171876,-3.838982535073161,-8.435877779623866,3.204455089984834
1789453589914951700,58.43095166015625,-3.76912106333971,-8.501932260289788,3.111469640034437
1789453589924891600,58.4408916015625,-3.7005382332399486,-8.561187582334876,3.0302628906831144
1789453589934831600,58.45083154296875,-3.633447979785502,-8.613185480597615,2.9633567616239187
1789453589944770600,58.4607705078125,-3.5702754842966793,-8.658660114571452,2.90707811730206
1789453589954710800,58.47071069335937,-3.513891333773732,-8.699180341008304,2.8543346613690255
1789453589964649700,58.48064965820313,-3.4663460310056804,-8.735158247840404,2.8021216590508815
1789453589974589700,58.49058959960937,-3.4305040255129335,-8.764165731137991,2.7552561552405357
1789453589984528100,58.500528076171875,-3.406670729982853,-8.785659770065546,2.7160879279345274
1789453589994468000,58.51046801757813,-3.393185517726838,-8.799592433828115,2.6877231264546513
1789453590004407000,58.520406982421875,-3.390137236072123,-8.805630544948578,2.6717434670343994
1789453590014347000,58.53034692382813,-3.397749756902456,-8.803914388680457,2.6677254635646936
1789453590024286000,58.540285888671875,-3.4152029960066077,-8.795471554505825,2.6732822209089995
1789453590034226000,58.550225830078126,-3.4386700885728,-8.78153129195869,2.6889894931286573
1789453590044165000,58.5601650390625,-3.4656478196084497,-8.763705127888917,2.7124039787247773
1789453590054105000,58.57010498046875,-3.4969083425298333,-8.74221401157081,2.7414734213426706
1789453590064045000,58.58004516601562,-3.532009174266457,-8.716301571679114,2.778739906680584
1789453590073984300,58.589984375,-3.568946281519532,-8.68620863123238,2.8253809540852903
1789453590083924000,58.59992407226562,-3.6055876206964252,-8.653107156619429,2.879908078564703
1789453590093863000,58.60986279296875,-3.6402711038038134,-8.61858295572698,2.939195549313724
1789453590103803000,58.61980297851562,-3.6726617997989055,-8.583818516337871,2.999994885930419
1789453590113742000,58.6297421875,-3.703862409226596,-8.548830789586901,3.060922232840955
1789453590123682000,58.63968212890625,-3.735248896615207,-8.513300042000413,3.1212238490685817
1789453590133621000,58.64962109375,-3.766001470014453,-8.477248485410213,3.1818019441500303
1789453590143561200,58.659561279296874,-3.796834707434475,-8.43995540432632,3.243699012875557
1789453590153500200,58.66950024414062,-3.8285605097800492,-8.400817572158575,3.307382965017855
1789453590163439900,58.67943994140625,-3.8601010186865925,-8.359408287927508,3.3749528186827895
1789453590173380000,58.689380126953125,-3.8889892595186826,-8.31678787434101,3.446327617588639
1789453590183319000,58.69931909179687,-3.916021935611963,-8.274623972350359,3.5164950865313407
1789453590193259000,58.709259033203125,-3.9435815581887956,-8.233837203931808,3.58084831623733
1789453590203198000,58.71919799804687,-3.973799878580868,-8.19435391932726,3.637564767454564
1789453590213138200,58.72913818359375,-4.005801575258374,-8.155563877683877,3.6892686512067914
1789453590223077000,58.7390771484375,-4.0367964329808945,-8.115576150688529,3.743269998246431
1789453590233017000,58.74901708984375,-4.06316801481694,-8.073065042695402,3.8061315280899404
1789453590242956000,58.7589560546875,-4.086030711749196,-8.026820593392848,3.878772693669796
1789453590252896000,58.76889599609375,-4.110608395905793,-7.976129101553559,3.9566017832815645
1789453590262835000,58.7788349609375,-4.141822449336946,-7.920435271382331,4.035149250295758
1789453590272775000,58.78877490234375,-4.183747281874716,-7.859215955787897,4.110883121193945
1789453590282715100,58.79871508789063,-4.236450698058307,-7.792800240594148,4.182721738219261
1789453590292654000,58.808654052734376,-4.295878454060852,-7.7216276862621305,4.253506462277472
1789453590302594000,58.81859399414063,-4.358198424373567,-7.645334720176458,4.327276924148202
1789453590312533200,58.828533203125,-4.420799841976166,-7.563988562354445,4.406019913734496
1789453590322473000,58.83847290039063,-4.484271320411563,-7.47604490596354,4.4911493894875045
1789453590332412000,58.848411865234375,-4.549621452200412,-7.381047239407897,4.581642730361223
1789453590342352000,58.85835180664063,-4.6161941115215415,-7.280046533045172,4.675687333975732
1789453590352291000,58.868291015625,-4.684098311707377,-7.175575520223378,4.768723345069587
1789453590362231000,58.87823095703125,-4.752563068385422,-7.068408692446351,4.860156889402866
1789453590372170000,58.888169921875,-4.821650048615038,-6.959075626546144,4.949078450915217
1789453590382110200,58.89811010742188,-4.8949683828040955,-6.845712866738438,5.034466577604412
1789453590392050000,58.9080498046875,-4.974636670541763,-6.725473206898569,5.117750425490737
1789453590401988900,58.91798876953125,-5.058275907737016,-6.598621435442566,5.20023406291008
1789453590411929000,58.92792919921875,-5.139822556567192,-6.469129378610849,5.282324901619553
1789453590421868000,58.93786791992188,-5.219876921012998,-6.339225818368792,5.360740266686678
1789453590431808000,58.94780810546875,-5.309586418032646,-6.20465075918436,5.429637277302145
1789453590441747000,58.95774682617188,-5.401474428135156,-6.068842943334579,5.492136695834994
1789453590451687200,58.967687255859374,-5.4982899577677244,-5.933401622709631,5.543817783233523
1789453590461626000,58.97762622070312,-5.59943737912476,-5.797928737902641,5.585757813340425
1789453590471566000,58.987566162109374,-5.698789149236679,-5.6639814552277326,5.6225914602190254
1789453590481505000,58.99750512695312,-5.795085038909316,-5.530305390709638,5.657129105114937
1789453590491445000,59.007445068359374,-5.887687334761023,-5.396803513714671,5.690349822193384
1789453590501384000,59.01738403320312,-5.97689706556499,-5.263968576195836,5.721690716874599
1789453590511324000,59.027323974609374,-6.066392043051123,-5.127838688784838,5.751045990696549
1789453590521264000,59.03726416015625,-6.1462950163275,-4.990791102007031,5.786658571347594
1789453590531203000,59.047203125,-6.224632639983296,-4.855477207154035,5.817957380452752
1789453590541143000,59.05714306640625,-6.305378493824601,-4.720798979856074,5.841804119986295
1789453590551082200,59.067082275390625,-6.391048944586515,-4.585174996140599,5.8567105972170825
1789453590561022000,59.07702197265625,-6.473008265870809,-4.452671774794161,5.868920090448856
1789453590570961000,59.0869609375,-6.552415564584732,-4.329391724345088,5.873039216205477
1789453590580901000,59.09690112304688,-6.629416386678814,-4.212714433161914,5.871474451106787
1789453590590840000,59.106840087890625,-6.700521136471629,-4.105172634592652,5.86693563863337
1789453590600780000,59.116780029296876,-6.760505941835046,-4.011978218066692,5.8625938100367785
1789453590610719000,59.126718994140624,-6.802559369188547,-3.9312431778803467,5.868640104463696
1789453590620659200,59.1366591796875,-6.828353151136636,-3.857341783106327,5.8876943490236995
1789453590630599000,59.14659887695313,-6.835576088127493,-3.7862501850560304,5.925338143241405
1789453590640537900,59.156537841796876,-6.821366945511103,-3.722117904624343,5.982075344985724
1789453590650478000,59.16647802734375,-6.799264419296383,-3.673435414519906,6.0370759321957825
1789453590660417000,59.1764169921875,-6.777703160351514,-3.6441952915102243,6.078890874618292
1789453590670357000,59.18635693359375,-6.754965843364596,-3.63115782302171,6.111914607819914
1789453590680296000,59.1962958984375,-6.725028970262408,-3.627292964287102,6.147119776713848
1789453590690236200,59.20623608398437,-6.687483375722169,-3.6269378672391173,6.1881590585887425
1789453590700175000,59.21617504882813,-6.648769321924448,-3.6282998032420872,6.228940566310286
1789453590710115000,59.22611499023437,-6.61260261452198,-3.6328032521411773,6.264714475002885
1789453590720054000,59.23605395507813,-6.579569528970122,-3.642288288845122,6.293917188611626
1789453590729994000,59.24599389648437,-6.550632188299298,-3.6564419018819927,6.315858386784791
1789453590739934000,59.25593383789062,-6.524041703015565,-3.6757889919087288,6.3321238774091
1789453590749873000,59.26587280273438,-6.497385166758298,-3.702165249919891,6.344155091464519
1789453590759813000,59.275813232421875,-6.47144057816267,-3.7366415200173853,6.3504620826542375
1789453590769752000,59.285751953125,-6.443544855499267,-3.7821117700770497,6.351906436243653
1789453590779692000,59.295692138671875,-6.4129579940557475,-3.8418010996252296,6.34704321412146
1789453590789631200,59.30563134765625,-6.380563206407428,-3.916230902187526,6.334183732548356
1789453590799571000,59.315571044921874,-6.343933557668328,-4.005738739155233,6.314981603950262
1789453590809510000,59.32551000976562,-6.303136267855763,-4.109069349770247,6.289387728488445
1789453590819450000,59.3354501953125,-6.258095349124074,-4.22440691678226,6.257880245068669
1789453590829389000,59.34538916015625,-6.20653525775671,-4.351027802091837,6.22236761766076
1789453590839329000,59.3553291015625,-6.1483186311095945,-4.48487162439227,6.185020760563016
1789453590849269000,59.36526904296875,-6.084456692051887,-4.6233264476194975,6.146106800279021
1789453590859208200,59.375208251953126,-6.015820962721109,-4.765953003573418,6.104588794976473
1789453590869148000,59.38514794921875,-5.940783549654483,-4.913400403812528,6.061019117841124
1789453590879086800,59.3950869140625,-5.857733510524034,-5.066352831208706,6.01576367957592
1789453590889027000,59.40502709960938,-5.770028339064121,-5.225780592098832,5.963919510570168
1789453590898966000,59.414966064453125,-5.67963261334598,-5.39247805173099,5.901973634266853
1789453590908906000,59.42490600585938,-5.58694205468893,-5.564362558612227,5.830464979848266
1789453590918845000,59.434844970703125,-5.492305038139223,-5.73746637815535,5.752081178963184
1789453590928785200,59.44478515625,-5.398346066981554,-5.910162785941362,5.665528100147843
1789453590938724000,59.45472412109375,-5.305628035795689,-6.078937051847577,5.573799079999327
1789453590948664000,59.4646640625,-5.21360441661477,-6.244399416726827,5.476876582860946
1789453590958603300,59.474603271484376,-5.1240340358048675,-6.407307420948148,5.3722512562602756
1789453590968543000,59.48454296875,-5.035964122685789,-6.568592792403698,5.259566541844606
1789453590978483000,59.49448291015625,-4.952331899753212,-6.726845664295554,5.137538829544186
1789453590988422000,59.504421875,-4.87340916968584,-6.877775645953417,5.011634568071365
1789453590998361900,59.51436181640625,-4.796469722390174,-7.0194649210572235,4.887883977501094
1789453591008300800,59.52430078125,-4.7196954025283455,-7.153640751791,4.7665816568657755
1789453591018241000,59.53424096679687,-4.64780067140162,-7.279553781092167,4.645043481647968
1789453591028180000,59.54417993164063,-4.580157460239529,-7.397924139928818,4.523634485767781
1789453591038119700,59.55411962890625,-4.513614319273829,-7.512566418153047,4.399891493982077
1789453591048058600,59.56405859375,-4.448042361427843,-7.623786905235051,4.273542411351204
1789453591057998800,59.57399877929687,-4.379090990276635,-7.732254878738522,4.148030364066362
1789453591067937800,59.58393774414063,-4.30430346031785,-7.836744596260786,4.028499144756794
1789453591077877800,59.59387768554687,-4.22199196459502,-7.937023418089747,3.9177600114509463
1789453591087818000,59.60381787109375,-4.130180234599114,-8.033833687025307,3.8170007126286625
1789453591097757000,59.6137568359375,-4.03430636973083,-8.127708487030864,3.7195594523131845
1789453591107697000,59.62369677734375,-3.9427556287586687,-8.216347724470495,3.6217025969341394
1789453591117635800,59.6336357421875,-3.860533857145905,-8.296076510223745,3.527293543921411
1789453591127575800,59.643575927734375,-3.784151166950166,-8.366515489584208,3.4426784474313257
1789453591137514800,59.6535146484375,-3.7075264846920963,-8.43031313123405,3.3696345462694763
1789453591147455000,59.663455078125,-3.632218437990546,-8.489272100681067,3.302971870577335
1789453591157394000,59.67339379882812,-3.5640833516582844,-8.542618490943312,3.239036574022472
1789453591167334000,59.683333984375,-3.5041263110846277,-8.589555014163254,3.1797835900649427
1789453591177272800,59.69327294921875,-3.4492750692173835,-8.631138485917448,3.1267148477002977
1789453591187213000,59.703213134765626,-3.4018349803894754,-8.667443725007772,3.0778821354702113
1789453591197152000,59.713152099609374,-3.3649019647896288,-8.697796193173527,3.0325153457850216
1789453591207091700,59.723091796875,-3.3391356553703546,-8.720961964705586,2.9942277007058262
1789453591217032000,59.73303198242188,-3.3256557038113472,-8.735565659597516,2.9665280851364133
1789453591226971000,59.742970947265626,-3.323761268366873,-8.741176485216616,2.952095362897217
1789453591236910800,59.75291088867188,-3.3288235201925036,-8.739721610233188,2.950694556188583
1789453591246849800,59.762849853515625,-3.336945744110644,-8.734359790939092,2.9573899621739983
1789453591256790000,59.7727900390625,-3.3475819966763254,-8.72681185977757,2.9676255249843
1789453591266729000,59.78272900390625,-3.3618212421700355,-8.716883755481243,2.9806872511312363
1789453591276668700,59.79266870117188,-3.3803374343305825,-8.703802740111946,2.9979166183516384
1789453591286608000,59.80260791015625,-3.399697383838892,-8.68719705774784,3.0240766032636164
1789453591296547800,59.8125478515625,-3.419870403295755,-8.666620718187094,3.0601608930796385
1789453591306486800,59.82248681640625,-3.4440310310840605,-8.642221605467796,3.1017794361472126
1789453591316426800,59.8324267578125,-3.4718308921575542,-8.614564952257275,3.147389971460402
1789453591326366000,59.842365966796876,-3.502507477711141,-8.583747204667329,3.1972052649870513
1789453591336306000,59.85230590820313,-3.5368560297757385,-8.549929106217622,3.249573165605962
1789453591346246000,59.86224584960937,-3.575130523112416,-8.513587042248249,3.3026790251106024
1789453591356184800,59.87218481445313,-3.6162753111883994,-8.476046123883128,3.3540365796431897
1789453591366124800,59.88212475585937,-3.658813014927506,-8.43842512601912,3.402422132627666
1789453591376063700,59.89206372070313,-3.7010304006710646,-8.39937146500349,3.453015424789488
1789453591386004000,59.90200390625,-3.739837101188302,-8.357490471607447,3.5123166318029164
1789453591395943000,59.91194287109375,-3.7759608462318774,-8.312100593307614,3.580716506551206
1789453591405883000,59.9218828125,-3.809932381677627,-8.263822007828951,3.6556884531661864
1789453591415821800,59.93182177734375,-3.84319021589607,-8.213959368029236,3.732447867719829
1789453591425762000,59.941761962890624,-3.8809205193534493,-8.16253605478406,3.805503751580417
1789453591435701000,59.95170092773437,-3.928185251614451,-8.106243674197792,3.876671921998262
1789453591445640700,59.961640625,-3.984759371751547,-8.041113322639465,3.953800754386186
1789453591455581000,59.971580810546875,-4.041144983579218,-7.9691370507091275,4.041334660932422
1789453591465519900,59.98151977539062,-4.089716999046504,-7.895629915949701,4.135655743400752
1789453591475459800,59.9914599609375,-4.128092030148208,-7.823552521732449,4.233351855260134
1789453591485398800,60.00139868164062,-4.163392183849215,-7.752945784589648,4.327629390847683
1789453591495339000,60.01133911132813,-4.206175679042935,-7.680577298471331,4.4144300146833055
1789453591505278000,60.02127783203125,-4.2634570706665516,-7.603991486918926,4.491396934507787
1789453591515217700,60.0312177734375,-4.333863609062135,-7.522257206562161,4.561108476376533
1789453591525156900,60.041156982421874,-4.408556738735735,-7.4369713712036605,4.6288791133105756
1789453591535096800,60.051096923828126,-4.479354030014575,-7.348778123965859,4.701193823415041
1789453591545035800,60.061035888671874,-4.544631681089103,-7.256519526985287,4.78117599940747
1789453591554975700,60.070975830078126,-4.608603218001127,-7.158953471246361,4.866265727671981
1789453591564915000,60.0809150390625,-4.673438678266108,-7.055121925371885,4.955261523464322
1789453591574855000,60.09085498046875,-4.739133970230817,-6.945902256718277,5.0463271112680435
1789453591584795000,60.100794921875,-4.80478600757569,-6.833267811185121,5.137206236588955
1789453591594734000,60.11073413085938,-4.87287813154906,-6.718413936036825,5.223828873509168
1789453591604673800,60.120673828125,-4.948378778213263,-6.601439999994636,5.301407203230261
1789453591614612700,60.13061279296875,-5.03393057103157,-6.482123300218582,5.367683802214264
1789453591624553000,60.14055297851562,-5.124150355660915,-6.361531758201122,5.426270431217551
1789453591634492000,60.15049194335938,-5.215156322231889,-6.241666776892543,5.478519089370965
1789453591644432000,60.16043188476562,-5.316918660616874,-6.116963707903027,5.521190940883756
1789453591654370800,60.17037084960938,-5.424298254361748,-5.986378010615706,5.5597378214210265
1789453591664311000,60.18031103515625,-5.526076374837756,-5.856172252556681,5.598045047983526
1789453591674250000,60.19025,-5.623588070040941,-5.728789735224843,5.632636468893289
1789453591684189700,60.20018969726563,-5.7250575629591935,-5.599115307563543,5.660745542046428
1789453591694128600,60.210128662109376,-5.825531030577421,-5.467658088138699,5.686673179507255
1789453591704068900,60.22006884765625,-5.917488598784804,-5.336009145534038,5.7167064987212415
1789453591714008800,60.2300087890625,-6.010936697810888,-5.201228919166327,5.743368880197406
1789453591723947800,60.23994775390625,-6.107663380116224,-5.066137727153301,5.762042601007223
1789453591733888000,60.249887939453124,-6.210308346554637,-4.932665660774708,5.768123382225633
1789453591743827000,60.25982690429687,-6.318675197771191,-4.799691022524238,5.762616601502895
1789453591753766700,60.2697666015625,-6.421072911450266,-4.667340653651952,5.758136825740337
1789453591763705900,60.27970581054687,-6.5118649430096145,-4.53921871612966,5.758603858730196
1789453591773645800,60.289645751953124,-6.6076277487188575,-4.413211578804254,5.7474558572500944
1789453591783584800,60.29958471679687,-6.704242787343263,-4.290227880953252,5.728654710668325
1789453591793525000,60.30952490234375,-6.8002575219869605,-4.175193388541042,5.700407105827331
1789453591803464000,60.3194638671875,-6.882398045057058,-4.076860440082847,5.6729363305777305
1789453591813404000,60.32940380859375,-6.942758697995543,-3.9957352315351367,5.657078251710534
1789453591823343900,60.33934375,-6.985773079335689,-3.9254949896171687,5.653300486737489
1789453591833283000,60.349282958984375,-7.012649980345368,-3.8634500368535516,5.662764480653405
1789453591843222800,60.35922290039063,-7.025315400651097,-3.807042213194072,5.685219473567605
1789453591853161700,60.36916162109375,-7.027106375721097,-3.754522044622898,5.717845731884241
1789453591863102000,60.37910205078125,-7.018011215117573,-3.707591074360907,5.7594859022617335
1789453591873041000,60.389041015625,-7.0001610856503245,-3.674235332725942,5.802424295756221
1789453591882980900,60.39898095703125,-6.972404479196667,-3.657735448823869,5.846107954660058
1789453591892919800,60.408919921875,-6.942341349366306,-3.6547076254352926,5.883657056331634
1789453591902860000,60.41886010742188,-6.909094328802824,-3.6615167209282515,5.918455397990345
1789453591912799000,60.428799072265626,-6.876706555417179,-3.6725446031600235,5.949262624186277
1789453591922738700,60.43873876953125,-6.8482654738307,-3.6873137177467346,5.972884907314181
1789453591932677600,60.448677734375,-6.825131266480684,-3.7075375906080006,5.9868304305583235
1789453591942617900,60.45861791992188,-6.808026986944675,-3.7308898246228694,5.991791267836094
1789453591952557800,60.46855786132812,-6.794519855117797,-3.755864691403508,5.991523556810617
1789453591962496800,60.47849682617188,-6.784068019208312,-3.7825560067132113,5.98657616353631
1789453591972437000,60.48843701171875,-6.774879919624328,-3.8131823233842845,5.977542377731203
1789453591982376200,60.49837622070312,-6.7625207887887955,-3.854033096949756,5.965324701192975
1789453591992316000,60.50831591796875,-6.744936032259464,-3.9083039085805416,5.949907936352491
1789453592002254800,60.5182548828125,-6.7198840085893865,-3.978344828534126,5.931805293428898
1789453592012195000,60.52819506835937,-6.683896749407053,-4.0660374327734115,5.912971413621306
1789453592022134000,60.53813403320312,-6.635654988807439,-4.170383650171757,5.894602813237905
1789453592032074000,60.54807397460937,-6.577762187287211,-4.288164518682659,5.874950602784753
1789453592042013000,60.55801293945313,-6.515612897366285,-4.415012490746379,5.850201945975423
1789453592051953200,60.567953125,-6.451658019328117,-4.548101987548172,5.819039330470561
1789453592061892000,60.57789208984375,-6.384750136703253,-4.687247715649009,5.7823044677913185
1789453592071832000,60.58783203125,-6.313248496547341,-4.833109600262343,5.7405883095681665
1789453592081772000,60.59777197265625,-6.237710732743143,-4.986487267333269,5.691771379429102
1789453592091711000,60.6077109375,-6.159370186477899,-5.143118090981245,5.637452344742417
1789453592101651000,60.61765087890625,-6.081074063876271,-5.299676433914899,5.577128516682982
1789453592111590100,60.627590087890624,-6.00080576441884,-5.454780486387014,5.5141731710761785
1789453592121530000,60.637530029296876,-5.914923132210969,-5.610415869256854,5.450439242312312
1789453592131469000,60.647468994140624,-5.826770216983556,-5.766797686579823,5.381745060792565
1789453592141409000,60.657408935546876,-5.738384662044048,-5.924235150435567,5.305164509937167
1789453592151348200,60.66734814453125,-5.6488762405544515,-6.081938571751118,5.22212908385396
1789453592161288000,60.677287841796876,-5.558789726915955,-6.237519594085216,5.134550169122218
1789453592171227000,60.68722680664062,-5.474343264991044,-6.3870946540027855,5.040535668385028
1789453592181167000,60.6971669921875,-5.395359160125255,-6.5303767512559885,4.941118431821465
1789453592191106000,60.70710595703125,-5.319241550606489,-6.669769439855218,4.836346390226483
1789453592201046000,60.7170458984375,-5.24754877179265,-6.803308726251125,4.7274347646087405
1789453592210986200,60.726986328125,-5.1796992244035005,-6.930972983133793,4.615492392992973
1789453592220925200,60.73692529296875,-5.116186829435825,-7.053174298435449,4.499752967181801
1789453592230865000,60.74686499023438,-5.054624399492145,-7.170728080192208,4.381987880761921
1789453592240803800,60.75680395507813,-4.993429633817076,-7.284319972580671,4.26318059181273
1789453592250744000,60.766744140625,-4.932135499420761,-7.39439362771511,4.143356234775483
1789453592260683000,60.77668310546875,-4.866610595586896,-7.503563612008095,4.022813208074868
1789453592270623000,60.786623046875,-4.793981120444834,-7.612369439163803,3.9038442988231776
1789453592280562000,60.79656201171875,-4.7128214251056315,-7.72049079118669,3.788626851059496
1789453592290502100,60.80650219726562,-4.625204808712005,-7.826936318951844,3.676538933493197
1789453592300441000,60.81644116210938,-4.534577612325549,-7.929508804675936,3.568034719632566
1789453592310381000,60.82638110351562,-4.444947318021953,-8.024733850246667,3.4664842704325913
1789453592320320300,60.8363203125,-4.357427732262015,-8.111368177604675,3.374752327674627
1789453592330260000,60.84626000976562,-4.272810005423427,-8.190858478426932,3.289885302250087
1789453592340200000,60.856199951171874,-4.190254471811652,-8.264747305980324,3.2103181367993354
1789453592350139100,60.86613916015625,-4.110700750364363,-8.333446748197078,3.1346769126206633
1789453592360079000,60.8760791015625,-4.035297718855738,-8.395954934558272,3.0650708769530057
1789453592370018000,60.88601806640625,-3.961399538952112,-8.452046239614486,3.006758680976927
1789453592379958000,60.8959580078125,-3.890554901400208,-8.502869248878955,2.9555335206523536
1789453592389897200,60.90589721679687,-3.82611603923738,-8.547488727328181,2.9106112598642704
1789453592399837000,60.9158369140625,-3.770710670618713,-8.584574303141236,2.8735420506641267
1789453592409775900,60.92577587890625,-3.7262794082179664,-8.614864227464794,2.8406615253254768
1789453592419716000,60.935716064453125,-3.6907042369678615,-8.640089269614219,2.8103280541211366
1789453592429655000,60.94565502929687,-3.662039575758576,-8.660067643281817,2.7862285088703036
1789453592439595000,60.955594970703125,-3.6408085716813803,-8.673582373893261,2.7719804955482483
1789453592449534000,60.96553393554687,-3.6291982133865353,-8.67994138753116,2.7672970139071342
1789453592459474200,60.97547412109375,-3.6278833313956853,-8.679715177559853,2.769727748185396
1789453592469414000,60.985413818359376,-3.636164837528765,-8.673523921704291,2.778247446988523
1789453592479352800,60.995352783203124,-3.6520316842243075,-8.660569747585058,2.7977839221075174
1789453592489293000,61.00529296875,-3.6728926859453317,-8.642341432455181,2.82668677598685
1789453592499232000,61.01523193359375,-3.6962110176905987,-8.619428174379468,2.8659891510665414
1789453592509172000,61.025171875,-3.721020464776456,-8.592892634153365,2.9131796490475534
1789453592519111000,61.03511083984375,-3.7448905851855874,-8.565285080781578,2.963462852346897
1789453592529051100,61.04505102539063,-3.7658193914458153,-8.537771635434032,3.015864362974465
1789453592538990000,61.054989990234375,-3.784209034617245,-8.510166420149803,3.0703748285800216
1789453592548930000,61.06492993164063,-3.8003102745905517,-8.482098848050832,3.1276267018482087
1789453592558869200,61.074869140625,-3.814475870326161,-8.452983228203653,3.1886089938163757
1789453592568809000,61.08480908203125,-3.8284815993249413,-8.422192953142524,3.2526547650083897
1789453592578748000,61.094747802734375,-3.846647955134511,-8.389481939151883,3.3151591519773005
1789453592588688100,61.10468823242188,-3.8719340798214077,-8.354436344733834,3.3737089561015368
1789453592598627000,61.114626953125,-3.9009944623500106,-8.317523787400125,3.4309555686727164
1789453592608567000,61.12456713867188,-3.929913975103199,-8.27974906027913,3.4888317113190888
1789453592618507300,61.13450732421875,-3.957760890188813,-8.240338840910791,3.550119415974617
1789453592628446200,61.1444462890625,-3.983803678461909,-8.199044122970104,3.6159850960701703
1789453592638386000,61.15438598632812,-4.006560576932132,-8.15645527356565,3.686475513356924
1789453592648324900,61.16432495117188,-4.026080685438216,-8.114339886891841,3.757461020684242
1789453592658265000,61.17426513671875,-4.046945194290578,-8.072300488063693,3.8249917113825678
1789453592668204000,61.1842041015625,-4.071986112044751,-8.027913649326562,3.891263634191453
1789453592678144000,61.19414404296875,-4.102271944715082,-7.979388395610451,3.9586791740775107
1789453592688083000,61.2040830078125,-4.137707415233552,-7.9261817060798405,4.028078581257164
1789453592698023200,61.214023193359374,-4.177246813939512,-7.868610976120829,4.09950686391592
1789453592707962000,61.22396215820312,-4.218137042732536,-7.806971973809599,4.174792698785662
1789453592717901800,61.23390185546875,-4.261647683157027,-7.740751488927006,4.253182052628696
1789453592727841000,61.24384106445312,-4.308075087811052,-7.668262006777525,4.336889386624097
1789453592737781000,61.25378100585937,-4.35848220975101,-7.589705187413096,4.423841109368205
1789453592747721000,61.263720947265625,-4.416286748465895,-7.505126623541116,4.509971871118247
1789453592757660000,61.27365991210937,-4.481419145850837,-7.415088040697574,4.593878819338977
1789453592767600000,61.28360009765625,-4.550580944882333,-7.319622172108292,4.678220067323744
1789453592777539000,61.2935390625,-4.622134899747372,-7.218605099132657,4.7642391853928565
1789453592787479000,61.30347900390625,-4.6948140592500565,-7.112673366108536,4.851699149920046
1789453592797418200,61.313418212890625,-4.77021825980246,-7.002759869971871,4.937280461093783
1789453592807358000,61.32335791015625,-4.850132046733797,-6.889187266805767,5.018534264457226
1789453592817297000,61.333296875,-4.933620769542455,-6.772690885147452,5.095135858100653
1789453592827237000,61.343237060546876,-5.021564425933361,-6.653275401172041,5.166061159673333
1789453592837176000,61.353176025390624,-5.107763869005441,-6.532953323745727,5.234658895081282
1789453592847116000,61.363115966796876,-5.190941333907842,-6.412141416975856,5.301787142458558
1789453592857055000,61.373054931640624,-5.275876456132531,-6.2876376699507235,5.366665565082431
1789453592866995200,61.3829951171875,-5.370072158655524,-6.153280052909254,5.4286143639951945
1789453592876934100,61.39293408203125,-5.465242843690514,-6.011392624884843,5.492241909775138
1789453592886873900,61.402873779296876,-5.561031368362904,-5.869219950178265,5.549558372712135
1789453592896814000,61.41281396484375,-5.657326088991761,-5.73170416136682,5.595770673310756
1789453592906753000,61.4227529296875,-5.757335446229577,-5.598214559331536,5.628805512428284
1789453592916693000,61.43269287109375,-5.853278284680843,-5.468072514158487,5.657710704395175
1789453592926632000,61.4426318359375,-5.949903844699263,-5.3375236417502165,5.681534063053131
1789453592936572200,61.452572265625,-6.048212243238091,-5.204274278211593,5.701317790931463
1789453592946511000,61.46251098632813,-6.1458291523814195,-5.072344765099883,5.715811595708131
1789453592956450800,61.47245092773438,-6.246815245696902,-4.941996383699775,5.720519919529557
1789453592966390000,61.48239013671875,-6.353440221682191,-4.813506489647924,5.712645825153589
1789453592976330000,61.492330078125,-6.460677192085981,-4.686868653203547,5.697662191033363
1789453592986270700,61.50227075195313,-6.558300530970096,-4.566064052957296,5.68420240547955
1789453592996210700,61.51221069335938,-6.656965487861633,-4.4515757962509985,5.660269741228222
1789453593006150000,61.52214990234375,-6.747986067479848,-4.342708009774983,5.63701862950027
1789453593016089600,61.53208959960938,-6.828387053406238,-4.236638914106786,5.6208940086513755
1789453593026029600,61.54202954101562,-6.896224325835704,-4.135316720704734,5.6135190959692
1789453593035968500,61.55196850585938,-6.946256476983428,-4.043607282039523,5.618642430332303
1789453593045908700,61.56190869140625,-6.982277638435363,-3.9658991884589194,5.629368407008052
1789453593055847700,61.57184765625,-7.006040791338682,-3.9007536393314597,5.645346312862634
1789453593065787600,61.58178759765625,-7.018766417399048,-3.8423829911664127,5.669510447782278
1789453593075726800,61.59172680664062,-7.025068732413649,-3.787330966030061,5.6986798436433075
1789453593085666600,61.60166650390625,-7.022686221191287,-3.7347523452699183,5.736189197826385
1789453593095605500,61.61160546875,-7.007600295740366,-3.6918493153497574,5.782229648989438
1789453593105545700,61.621545654296874,-6.980332934108376,-3.6646164405092594,5.832315576151013
1789453593115484700,61.63148461914062,-6.952071885263919,-3.6502985768213865,5.874896242249012
1789453593125424600,61.641424560546874,-6.917864495235681,-3.6466412233576175,5.917395075282454
1789453593135363600,61.65136352539062,-6.882353036871552,-3.649643327783048,5.956823414829373
1789453593145303800,61.6613037109375,-6.850514714062213,-3.6573385584607716,5.988714929130673
1789453593155243500,61.671243408203125,-6.824321119141579,-3.6701498169779776,6.010744390109181
1789453593165182500,61.68118237304687,-6.802370568618178,-3.685546415813267,6.026183366781472
1789453593175122700,61.69112280273438,-6.778539026653767,-3.7037501810237763,6.041857905775308
1789453593185061600,61.7010615234375,-6.74964318703711,-3.727563602809608,6.059537354850769
1789453593195001600,61.71100170898438,-6.71793813521862,-3.758320852383971,6.0757461468517775
1789453593204940500,61.7209404296875,-6.6863394663840525,-3.795533269447088,6.087464641696214
1789453593214880800,61.730880859375,-6.656943276029825,-3.839099439451098,6.09235825895667
1789453593224819700,61.74081982421875,-6.628410424506664,-3.8907910482436416,6.090673666870594
1789453593234759700,61.750759765625,-6.598024054071307,-3.9527322483718392,6.08378098474741
1789453593244699000,61.760698974609376,-6.5650342231392855,-4.028405621254444,6.0698144187152385
1789453593254638600,61.770638671875,-6.528225710701942,-4.120466649836302,6.047681497362256
1789453593264577500,61.78057763671875,-6.486636393728852,-4.230646687954664,6.016277474316954
1789453593274517500,61.790517578125,-6.44059301995635,-4.357126411227882,5.975336392119527
1789453593284456700,61.800456787109376,-6.386040176513791,-4.49532609065026,5.93135287348628
1789453593294396700,61.81039672851563,-6.319166780680417,-4.64049853169471,5.891038983276486
1789453593304336600,61.82033666992187,-6.240709330037236,-4.792062719602883,5.853211649185419
1789453593314275800,61.83027587890625,-6.151440562522411,-4.951339966106414,5.81501372821629
1789453593324215600,61.84021557617187,-6.052889002877474,-5.116218978139758,5.775567268490791
1789453593334154500,61.85015454101563,-5.950806931018829,-5.2815860659509895,5.732634135693312
1789453593344094700,61.8600947265625,-5.848236198860406,-5.4447588585883375,5.68534046959877
1789453593354033700,61.87003369140625,-5.743917161729931,-5.607107475361228,5.633659382200241
1789453593363973600,61.8799736328125,-5.639682880273461,-5.769995605838298,5.574181941837072
1789453593373912600,61.88991259765625,-5.533121617174149,-5.936281562060118,5.505955377829075
1789453593383852800,61.89985278320312,-5.4258752944201225,-6.103759942936897,5.429031712624431
1789453593393791700,61.90979174804688,-5.321127802744508,-6.26815497084558,5.344740149000287
1789453593403731700,61.91973168945312,-5.2214077838420865,-6.427308590969443,5.2532841005742545
1789453593413670700,61.92967065429688,-5.120893399691582,-6.581349982646107,5.1606870654195545
1789453593423610600,61.93961059570312,-5.018125099134445,-6.729576550564169,5.069678760761022
1789453593433549600,61.94954956054688,-4.919019997259975,-6.871486774942278,4.975568982955813
1789453593443489500,61.95948950195312,-4.825742286364734,-7.007073056995869,4.876839144134522
1789453593453429800,61.9694296875,-4.731334110134839,-7.137530743989348,4.779176934544742
1789453593463368700,61.97936865234375,-4.6343356251508,-7.263978026297688,4.682726146571338
1789453593473308700,61.98930859375,-4.543420259472727,-7.384608146759867,4.582066800992191
1789453593483247900,61.999247802734374,-4.45697297911942,-7.499237565502524,4.479649213568866
1789453593493187600,62.0091875,-4.370168555891514,-7.61094028314352,4.375571583978831
1789453593503126500,62.01912646484375,-4.27889224794656,-7.720941457563638,4.271832392562925
1789453593513066800,62.029066650390625,-4.182385638132691,-7.827367111584544,4.172575314997136
1789453593523005700,62.03900561523437,-4.083337527142465,-7.9282766325324765,4.079111726140976
1789453593532945700,62.048945556640625,-3.9827661521077156,-8.024234668552875,3.9899426196083425
1789453593542884600,62.05888452148437,-3.8807495467007156,-8.116270562693476,3.9033787271380422
1789453593552824800,62.06882495117188,-3.7821658383518457,-8.204875313341617,3.813875566345453
1789453593562763800,62.078763671875,-3.691059626276791,-8.288116491129994,3.722039578691125
1789453593572703500,62.088703369140624,-3.6014699562445283,-8.36444277496338,3.6381203555107113
1789453593582642400,62.09864233398437,-3.5117382473930716,-8.43394710382223,3.564636309365928
1789453593592582700,62.108582763671876,-3.4243253368780016,-8.49797446257472,3.4969703018501397
1789453593602522600,62.11852270507813,-3.341900151647627,-8.55648042755723,3.4334719354078174
1789453593612461600,62.128461669921876,-3.267380917236209,-8.609104348763823,3.3731200502976773
1789453593622401800,62.13840185546875,-3.200989751961827,-8.654838510456681,3.3193086728721855
1789453593632340700,62.1483408203125,-3.1426892464235423,-8.693153920325637,3.2746003470957277
1789453593642280700,62.15828076171875,-3.0955408340185877,-8.724631593129038,3.2355534080818296
1789453593652219600,62.1682197265625,-3.0591239512473343,-8.75014188196063,3.201118931299448
1789453593662159600,62.17815966796875,-3.0328219275161623,-8.769515859994291,3.1730066432759165
1789453593672098600,62.1880986328125,-3.016348931621015,-8.781614294067024,3.155193630948663
1789453593682038500,62.19803857421875,-3.009450696539879,-8.78703339650631,3.1466905910193916
1789453593691977700,62.20797778320313,-3.009571692571044,-8.786044969990849,3.1493285383075476
1789453593701917700,62.21791772460937,-3.0135578395977616,-8.778725586888193,3.165886289876699
1789453593711856600,62.22785668945313,-3.019794980421662,-8.765809406691789,3.195596660746634
1789453593721796900,62.237796875,-3.0291341789141297,-8.747820745536684,3.235798030492663
1789453593731735800,62.24773583984375,-3.0417683272987603,-8.72528041242659,3.2844346356287595
1789453593741675500,62.25767553710938,-3.0576632310450074,-8.699535730317235,3.3375366957411168
1789453593751615700,62.26761572265625,-3.0758100053712725,-8.67169962888658,3.3928485408574343
1789453593761554700,62.2775546875,-3.0945024308815596,-8.642333833670616,3.450287168869376
1789453593771494700,62.28749462890625,-3.1126459903374313,-8.611991302376985,3.509332647556066
1789453593781433600,62.29743359375,-3.130293290708959,-8.580467452344298,3.570322830569744
1789453593791373800,62.307373779296874,-3.1480265157982705,-8.54722978413105,3.6338925086826084
1789453593801312800,62.31731274414062,-3.1649612839862704,-8.512378835502266,3.7003763206765052
1789453593811252500,62.32725244140625,-3.180836606249213,-8.47671247883737,3.7680236234918234
1789453593821191400,62.33719140625,-3.1981910611540076,-8.441070087569951,3.8327877720862626
1789453593831131600,62.347131591796874,-3.221171539247036,-8.40610281908512,3.889970964032411
1789453593841070600,62.35707055664062,-3.24982947845459,-8.371146071994303,3.9411800500050185
1789453593851010600,62.367010498046874,-3.2811896623581647,-8.335376254954934,3.9906975296288727
1789453593860949800,62.37694970703125,-3.3136949246436354,-8.29806563821435,4.041280008135736
1789453593870889700,62.3868896484375,-3.3437329200327395,-8.258828437325358,4.096536323672533
1789453593880828700,62.39682861328125,-3.37051279040873,-8.217088898226619,4.15805988291055
1789453593890768600,62.4067685546875,-3.395424528825283,-8.171472809955477,4.227111207304895
1789453593900708600,62.41670849609375,-3.4185493838250633,-8.12282831377387,4.301577834746241
1789453593910647600,62.4266474609375,-3.443011917169392,-8.07092335449159,4.379065855835378
1789453593920587500,62.43658740234375,-3.472117307883501,-8.01460174781084,4.458802532634139
1789453593930526700,62.446526611328125,-3.505964924688637,-7.954504714244604,4.539211701866984
1789453593940466700,62.456466796875,-3.5442619221180673,-7.891168844887614,4.619314289368689
1789453593950405600,62.466405517578124,-3.5894323124483227,-7.824106063961982,4.697845974291861
1789453593960345900,62.47634594726563,-3.643706923471391,-7.752938185805082,4.773436929588019
1789453593970284800,62.486284912109376,-3.704817810255289,-7.67742731000781,4.847864686323702
1789453593980223700,62.4962236328125,-3.768707221841812,-7.59643069627583,4.92559177686572
1789453593990162700,62.50616259765625,-3.832531459237635,-7.510325361227989,5.007701904797553
1789453594000102700,62.5161025390625,-3.8952854370534418,-7.418641933786868,5.095184957939386
1789453594010041600,62.52604150390625,-3.956906026925146,-7.319746090748906,5.189858214846253
1789453594019981600,62.53598168945312,-4.017491428530216,-7.214152211377024,5.290193735298514
1789453594029920500,62.54592041015625,-4.078455892580747,-7.103429736945032,5.392392127013206
1789453594039860700,62.55586083984375,-4.141910127620399,-6.9882800937205545,5.493531365063786
1789453594049799700,62.56579956054688,-4.21274979673624,-6.870655584815144,5.587235484677553
1789453594059739600,62.57573974609375,-4.295599344858527,-6.751201522395014,5.669174347695708
1789453594069679600,62.5856796875,-4.3895887111544605,-6.631352323177456,5.738208136433363
1789453594079618800,62.595618896484375,-4.486195566472411,-6.512255403631925,5.799567152759432
1789453594089558500,62.60555859375,-4.573464976863563,-6.394529772439599,5.862064817726612
1789453594099497500,62.61549755859375,-4.663360351844132,-6.271900587114692,5.923403375786543
1789453594109437700,62.625437744140626,-4.752294772838056,-6.143727796187997,5.986708265483379
1789453594119376600,62.635376708984374,-4.833597676040232,-6.015097909143567,6.051887132358551
1789453594129316600,62.645316650390626,-4.920637369328737,-5.890194349145889,6.104371937355399
1789453594139255800,62.655255859375,-5.021600081768631,-5.766899393388629,6.139772921082377
1789453594149195800,62.66519580078125,-5.132181686425208,-5.640967074865102,6.165275026607513
1789453594159134700,62.675134765625,-5.242455248045921,-5.513325029814243,6.187915312960744
1789453594169074400,62.685074462890626,-5.346026681679487,-5.383336713898181,6.213703249689936
1789453594179013600,62.695013671875,-5.447680883514881,-5.249353190866112,6.239990368112921
1789453594188953600,62.70495361328125,-5.545220635768771,-5.115497678127885,6.265187937733531
1789453594198892500,62.714892578125,-5.64080457777977,-4.98480735142231,6.285173910185694
1789453594208832800,62.72483276367188,-5.735702875614166,-4.857723817037046,6.298780410733818
1789453594218772700,62.73477270507812,-5.821545760333538,-4.734664131340384,6.3137085152745245
1789453594228711700,62.74471166992188,-5.900553830596804,-4.618183239512145,6.326628202602267
1789453594238651600,62.75465161132813,-5.9775675121724605,-4.507528569619358,6.334135801753401
1789453594248590600,62.76459057617188,-6.047540043064951,-4.400893072240055,6.3426955403059715
1789453594258530600,62.77453051757813,-6.106515963646769,-4.299250853103399,6.3558881993561975
1789453594268469500,62.784469482421876,-6.156379187968373,-4.205902415059507,6.370227105832099
1789453594278409700,62.79440966796875,-6.196596047544479,-4.123876750540733,6.384845998293161
1789453594288348700,62.8043486328125,-6.2261032970577475,-4.050610146538913,6.40301352314651
1789453594298288600,62.81428857421875,-6.239744284397363,-3.9854008845254776,6.430598280164599
1789453594308227600,62.8242275390625,-6.24081279041171,-3.9241637410134076,6.467116869744658
1789453594318167800,62.83416772460937,-6.220500070223212,-3.8619434316828847,6.523892065411806
1789453594328106800,62.84410668945313,-6.198024619042873,-3.807062086938321,6.577320288738608
1789453594338046500,62.85404638671875,-6.176183958634733,-3.7695188304856417,6.61935384234786
1789453594347985700,62.86398559570313,-6.152987791964412,-3.7510163745895024,6.651392071643471
1789453594357925600,62.87392553710937,-6.126167005056143,-3.7439763929501173,6.680054102504253
1789453594367865600,62.883865478515624,-6.091193306830525,-3.7427243470624085,6.712655226379632
1789453594377804800,62.8938046875,-6.052923489668965,-3.7463504286050795,6.745176270756125
1789453594387744800,62.903744873046875,-6.014834874293208,-3.7572941396847366,6.7731018040359015
1789453594397683700,62.91368359375,-5.977686170116066,-3.7723523003458976,6.79757339746952
1789453594407623700,62.923623779296875,-5.942213290196657,-3.7898154763221736,6.818931242796778
1789453594417562600,62.93356274414062,-5.9084892997711895,-3.8114980235591527,6.836123785138129
1789453594427502600,62.943502685546875,-5.876031968280673,-3.8399171855747696,6.848185978853702
1789453594437441500,62.95344165039062,-5.846955511400103,-3.8757869558572766,6.852866830146312
1789453594447381800,62.9633818359375,-5.818842346593737,-3.9200533830851314,6.851613615214824
1789453594457320700,62.97332080078125,-5.789166754776239,-3.9749706759259102,6.8451113937139505
1789453594467260700,62.9832607421875,-5.758623732474446,-4.041658486059307,6.831810013592243
1789453594477199600,62.99319970703125,-5.724363150954246,-4.12151411306262,6.812871504366398
1789453594487139600,63.0031396484375,-5.684031140565872,-4.217352614356577,6.787938138639927
1789453594497078800,63.013078857421874,-5.639612737646699,-4.3277205762624735,6.75544398227036
1789453594507018500,63.0230185546875,-5.5894327024608845,-4.450105723698437,6.717531307983398
1789453594516957700,63.032957763671874,-5.530826199713349,-4.583168917015195,6.676446433401107
1789453594526897700,63.042897705078126,-5.464995590931177,-4.7239741027608515,6.632362377002835
1789453594536837600,63.05283764648438,-5.390162760525942,-4.872322543492913,6.5861196812659495
1789453594546776800,63.06277685546875,-5.31064206456542,-5.027268190532922,6.534071514120698
1789453594556716800,63.072716796875,-5.230180288362503,-5.185178532597423,6.475302514287829
1789453594566655700,63.08265576171875,-5.14812569001019,-5.345664278107881,6.41023061491847
1789453594576595500,63.09259545898438,-5.066552737694979,-5.508886755105853,6.336607744824886
1789453594586534700,63.10253466796875,-4.983956872072816,-5.674687558159232,6.255279707181454
1789453594596474600,63.112474609375,-4.89719716476947,-5.844625607147813,6.16669892193079
1789453594606413600,63.12241357421875,-4.808215397502481,-6.0185337288111445,6.068664079636335
1789453594616353800,63.13235375976563,-4.718559676496684,-6.194067405849695,5.9614715328961605
1789453594626292700,63.142292724609376,-4.631580481223762,-6.36992783062458,5.843190021386742
1789453594636232700,63.15223266601563,-4.549204395832121,-6.5417521317511795,5.716695977327228
1789453594646171600,63.162171630859376,-4.4672211091503495,-6.707192869320512,5.58819351605475
1789453594656111600,63.17211157226563,-4.386597712644934,-6.86648619017601,5.457064797931909
1789453594666050600,63.182050537109376,-4.308325847701728,-7.01803518051505,5.325026563748717
1789453594675990500,63.19199047851563,-4.229650078132749,-7.163181902596354,5.193192327705026
1789453594685929500,63.201929443359376,-4.153310934817791,-7.300420043510198,5.062037890619039
1789453594695869700,63.21186962890625,-4.076552104786038,-7.428620891487598,4.936365684336423
1789453594705809700,63.2218095703125,-3.99533717212826,-7.54853731072247,4.819464229008555
1789453594715748600,63.23174853515625,-3.9138822932347654,-7.661115642154217,4.707355268654227
1789453594725688600,63.2416884765625,-3.835900643409788,-7.769601151314378,4.592340357725322
1789453594735627800,63.25162768554687,-3.758824417991936,-7.874290775322914,4.476292888878286
1789453594745567500,63.2615673828125,-3.681725396220386,-7.9752353675842285,4.360154234616458
1789453594755506700,63.27150659179687,-3.6042072722539302,-8.072799669757485,4.243822395870089
1789453594765446700,63.28144677734375,-3.5244515984937546,-8.166571593910454,4.129859916603565
1789453594775385600,63.29138549804688,-3.440303827254474,-8.25434749251902,4.024977984893321
1789453594785325800,63.301325927734375,-3.349707318267226,-8.336148992893099,3.9317213167861103
1789453594795264800,63.3112646484375,-3.255904706715047,-8.413144554290175,3.8455741884231567
1789453594805204700,63.321204833984375,-3.167248518140614,-8.484060503512621,3.7629300997450947
1789453594815143700,63.33114379882812,-3.088649320939183,-8.54776871331334,3.6832410614803432
1789453594825083600,63.341083740234374,-3.022407501007616,-8.60422359098494,3.6059415487006303
1789453594835022600,63.35102270507812,-2.9642113326266406,-8.65390678256452,3.534644783467054
1789453594844962600,63.360962646484374,-2.908008968411386,-8.69956378736794,3.4686437865540385
1789453594854901500,63.37090161132812,-2.854427015827596,-8.741200450614095,3.4079435263976454
1789453594864841700,63.380841796875,-2.806808063301444,-8.776618969997763,3.3560642860785124
1789453594874781700,63.39078173828125,-2.7711753166452047,-8.804687126618623,3.311862156258523
1789453594884720600,63.400720703125,-2.7504583995699883,-8.825604826962948,3.2732305200472473
1789453594894660600,63.41066064453125,-2.7448656941294667,-8.838436836007237,3.243166805694997
1789453594904599600,63.420599609375,-2.7562413668856025,-8.843708054408431,3.2190605384424327
1789453594914539500,63.43053955078125,-2.7817002177909016,-8.842648900744319,3.2000182765811678
1789453594924478700,63.440478759765625,-2.8125492373019454,-8.835963139370083,3.191509391433
1789453594934418700,63.45041870117188,-2.844882065629959,-8.82340176396072,3.197597186914086
1789453594944357600,63.460357666015625,-2.8780601126104592,-8.80465614695847,3.2194986375987527
1789453594954297600,63.47029760742188,-2.9146564436018467,-8.779847284394503,3.2541452958270907
1789453594964236800,63.48023681640625,-2.9552465204045175,-8.750443495255707,3.2964588354215025
1789453594974176800,63.4901767578125,-2.9941882454782722,-8.719524040856957,3.342922188171744
1789453594984115700,63.50011572265625,-3.0278882705062626,-8.689318872207403,3.3908708110436794
1789453594994055700,63.5100556640625,-3.0604122374922036,-8.658612183776498,3.4398660203590987
1789453595003994600,63.51999462890625,-3.095775227296352,-8.625033739301562,3.492182483051717
1789453595013934800,63.52993481445313,-3.1356384511291977,-8.587343767854572,3.5490380504786967
1789453595023873800,63.539873779296876,-3.1792434918388723,-8.545864925518632,3.609840601965785
1789453595033813800,63.54981372070313,-3.224927676910162,-8.501838152265549,3.6727383721664544
1789453595043753700,63.55975366210937,-3.2736604358971118,-8.455975980278849,3.73497329454422
1789453595053693000,63.56969287109375,-3.3281922365516423,-8.408067397156357,3.7944644711717963
1789453595063632600,63.57963256835937,-3.388018051961064,-8.358767651936411,3.8500256148740646
1789453595073571600,63.58957153320313,-3.449483451271057,-8.308715042522548,3.903421689496934
1789453595083511800,63.59951171875,-3.5085540643990036,-8.258281909358502,3.9574259591460224
1789453595093450800,63.60945068359375,-3.563079143051803,-8.207030445548892,4.014912517952919
1789453595103390700,63.619390625,-3.6159357039704916,-8.153591700828075,4.076071043270826
1789453595113329700,63.62932958984375,-3.671615213355422,-8.096892493006587,4.138840803177654
1789453595123270000,63.63926977539062,-3.7316228150725363,-8.03742674308121,4.200611615175008
1789453595133208800,63.64920874023438,-3.793829095877707,-7.976131439641118,4.2612917093262075
1789453595143148500,63.6591484375,-3.857589620387554,-7.912110510629415,4.322951754425466
1789453595153087700,63.66908764648438,-3.9237911083087322,-7.842754650330543,4.389247058109939
1789453595163027700,63.67902783203125,-3.991614352212846,-7.766487403208017,4.463079479300975
1789453595172966700,63.68896655273438,-4.060204196575284,-7.682934090730548,4.545072702854871
1789453595182906600,63.69890673828125,-4.125675616656244,-7.594144046643376,4.634449314658344
1789453595192845800,63.708845703125,-4.1877240765511985,-7.501152459213137,4.729281561519206
1789453595202785800,63.718785888671874,-4.25130018440485,-7.406610719731449,4.8206768196687095
1789453595212724700,63.72872485351562,-4.32267381426692,-7.310800567749142,4.902759182810783
1789453595222665000,63.7386650390625,-4.402823163519799,-7.213178397908806,4.975502347460389
1789453595232604700,63.748604736328126,-4.48912519018352,-7.1139148906022305,5.040867092296481
1789453595242543600,63.758543701171874,-4.57741488353312,-7.010560899111628,5.105848390772938
1789453595252483800,63.76848388671875,-4.6617859421342605,-6.901035525509715,5.178213954281807
1789453595262422800,63.7784228515625,-4.741089780473708,-6.786614781081676,5.256838578185439
1789453595272362800,63.78836279296875,-4.817376901340484,-6.66909431707263,5.337271712815761
1789453595282301700,63.7983017578125,-4.898447749352455,-6.548408082509041,5.412388620859384
1789453595292242000,63.80824194335938,-4.991477330705523,-6.425726290214062,5.474082568228244
1789453595302180900,63.818180908203125,-5.0961090870469805,-6.301767317590117,5.521576725330949
1789453595312120600,63.82812060546875,-5.2153690881997345,-6.172597332319617,5.556022600290179
1789453595322059500,63.8380595703125,-5.337838114526868,-6.037930503198504,5.5876002263367175
1789453595331999700,63.84799975585938,-5.455261547902226,-5.899886306598782,5.621555687430501
1789453595341938700,63.857938720703125,-5.567553463608026,-5.760023077878356,5.656402544406056
1789453595351878700,63.867878662109376,-5.67620030080974,-5.620388981738686,5.688793240401148
1789453595361817900,63.87781787109375,-5.779909681609273,-5.483780370900035,5.717621275478601
1789453595371757800,63.8877578125,-5.880225912839174,-5.35006748150289,5.741963689574599
1789453595381696800,63.89769677734375,-5.986555705270171,-5.217284566432237,5.754256184914707
1789453595391636700,63.90763671875,-6.092319095990061,-5.086408361765742,5.760427567026019
1789453595401576700,63.91757666015625,-6.200841430029272,-4.9555853485912085,5.7586582192659375
1789453595411515600,63.927515625,-6.312335473355651,-4.823460020646452,5.749699836784601
1789453595421455600,63.93745556640625,-6.4212365775793785,-4.693058155493438,5.737011620125174
1789453595431394800,63.94739477539063,-6.517331391721964,-4.570083225470781,5.7279240583062165
1789453595441334800,63.95733471679687,-6.6100944310933345,-4.4561505568206305,5.711372736477852
1789453595451273700,63.96727368164063,-6.702614309358596,-4.347034348541498,5.687586787220836
1789453595461214000,63.9772138671875,-6.78601155449152,-4.2430651477620005,5.667168268570304
1789453595471153000,63.98715283203125,-6.857642373985052,-4.150389202152192,5.649549609771371
1789453595481092600,63.99709252929687,-6.9171846962779755,-4.069702969543636,5.635639157840609
1789453595491031600,64.00703149414062,-6.966600176832079,-3.9995822623521087,5.624965788134932
1789453595500971800,64.0169716796875,-7.001186337044834,-3.9392739241227503,5.624584095340967
1789453595510910700,64.02691064453126,-7.019625080054998,-3.8842715833470223,5.63983427144289
1789453595520850700,64.0368505859375,-7.0217328659892075,-3.8298113866239785,5.674346197375655
1789453595530790000,64.04678979492188,-7.004678855335712,-3.781455936516821,5.727605493876338
1789453595540729900,64.05672973632812,-6.982792602220178,-3.746117788892984,5.777336616250873
1789453595550668800,64.06666870117188,-6.954580653214454,-3.7260946993008255,5.8241211637794965
1789453595560608500,64.0766083984375,-6.925637467324734,-3.7214185241833326,5.8614820494025945
1789453595570548700,64.086548828125,-6.895293766987323,-3.7290745918944475,5.892310902908444
1789453595580487700,64.09648779296874,-6.86230685866475,-3.7448841554448005,5.920723927444219
1789453595590427600,64.106427734375,-6.826104495427012,-3.767808519436419,5.947966739156842
1789453595600366800,64.11636694335938,-6.784044638332724,-3.798408532622456,5.976557458347082
1789453595610306800,64.12630688476563,-6.736217303752899,-3.8392961310669778,6.0044637024044984
1789453595620245800,64.13624584960938,-6.686342973515391,-3.890814136858284,6.027001697427034
1789453595630185700,64.14618579101563,-6.639284285220503,-3.9498257132753727,6.040628071719408
1789453595640124700,64.15612475585938,-6.598159663149714,-4.014230380907654,6.043231532216072
1789453595650064600,64.16606469726563,-6.562791412648558,-4.08102486628592,6.03700520504713
1789453595660003600,64.17600366210938,-6.527248974624276,-4.151415330329537,6.0275306897372
1789453595669943800,64.18594384765625,-6.487492718297243,-4.227732554073632,6.017397418257594
1789453595679882800,64.1958828125,-6.44217882784307,-4.313080348752439,6.00550532041192
1789453595689822700,64.20582275390625,-6.393399891626834,-4.408927033352851,5.988006488600373
1789453595699761700,64.21576171875,-6.343240899229049,-4.514268983790278,5.962805411848426
1789453595709702000,64.22570190429687,-6.29435850263834,-4.628202529223263,5.927159513449668
1789453595719640800,64.23564086914062,-6.241153566673398,-4.752191020202637,5.885158693066239
1789453595729580500,64.24558056640625,-6.179033502846956,-4.886465342874825,5.840578962105512
1789453595739519700,64.25551977539062,-6.1082771281003945,-5.030024795764684,5.792941012617946
1789453595749459700,64.26545971679687,-6.029760056224465,-5.182289825418591,5.74074963760972
1789453595759399700,64.27539965820313,-5.947469311028718,-5.33958641949892,5.6821507336467505
1789453595769339000,64.2853388671875,-5.864145715653896,-5.498456546506286,5.616860807612538
1789453595779278800,64.29527880859375,-5.779316391891241,-5.658818373376131,5.5450575541615486
1789453595789217800,64.3052177734375,-5.689925459301471,-5.8217830762207505,5.468271251600981
1789453595799157500,64.31515747070313,-5.598453044262528,-5.985509411087632,5.385295446750521
1789453595809096700,64.3250966796875,-5.507091103860736,-6.147843999335169,5.295882886850833
1789453595819036700,64.33503662109375,-5.42108630657792,-6.304241598749161,5.199882765254378
1789453595828975600,64.3449755859375,-5.34182513833642,-6.452177659288048,5.099484116438031
1789453595838915800,64.35491577148437,-5.260206008791923,-6.594380144611001,5.001477331194281
1789453595848854800,64.36485473632813,-5.172542338386178,-6.7326411988317965,4.907825818550586
1789453595858794800,64.37479467773437,-5.088920052325725,-6.865730987894534,4.80988859141171
1789453595868733700,64.38473364257813,-5.012354114517569,-6.994049324771762,4.704246488983929
1789453595878673700,64.39467358398437,-4.938395144337416,-7.118189499181509,4.594995840670168
1789453595888612900,64.40461279296875,-4.866531977392733,-7.238830725559592,4.481804053515195
1789453595898552600,64.41455249023437,-4.798701426964998,-7.3539949818313115,4.36595941376388
1789453595908491800,64.42449169921875,-4.734781912501156,-7.462100551763177,4.2507948652312155
1789453595918431700,64.434431640625,-4.672417518524825,-7.56385003066659,4.138484244824945
1789453595928370700,64.44437060546875,-4.610294532088935,-7.660515338173508,4.028903633904457
1789453595938310700,64.454310546875,-4.542644306664169,-7.755793575236201,3.922048064033687
1789453595948249900,64.46424975585937,-4.474359290467202,-7.849405340391397,3.812786309804022
1789453595958189800,64.47418994140625,-4.405831405425071,-7.938764124277234,3.7060830078855154
1789453595968129500,64.48412963867187,-4.332981273269653,-8.024464385655522,3.6060511465549467
1789453595978068700,64.49406884765625,-4.255279024907947,-8.108350291088223,3.509647997115552
1789453595988008200,64.50400830078125,-4.176097059382498,-8.191372273167968,3.4105765052497383
1789453595997947100,64.51394702148437,-4.099912814368308,-8.270762620747089,3.309926804281771
1789453596007887000,64.52388720703125,-4.0275267925933,-8.342752921202779,3.2168188969954845
1789453596017826300,64.53382641601563,-3.9601375561922785,-8.406828795272112,3.1325612356409427
1789453596027766300,64.54376635742187,-3.8982293815508484,-8.463816756907105,3.055813803786039
1789453596037705200,64.55370532226563,-3.8421220021426676,-8.514383161062002,2.9855975272655484
1789453596047645400,64.5636455078125,-3.791512343367934,-8.560243579483032,2.918403813436627
1789453596057584400,64.57358447265625,-3.7450805547997352,-8.60159324248135,2.856111900174618
1789453596067524000,64.58352416992187,-3.7058722877442833,-8.636455297026037,2.801518432460725
1789453596077463000,64.59346313476563,-3.6766605140462514,-8.663607507845759,2.755809112948179
1789453596087403300,64.6034033203125,-3.6549312050580975,-8.6833567489326,2.7223545871138572
1789453596097342200,64.61334228515625,-3.6404461681097744,-8.696290464785694,2.700377733105421
1789453596107282200,64.6232822265625,-3.636110476993024,-8.702494580122828,2.6861972320616245
1789453596117221400,64.63322143554687,-3.6416865235596894,-8.702342604431509,2.679133577285707
1789453596127161300,64.64316137695313,-3.654259004884958,-8.697163740488886,2.678836055643856
1789453596137100300,64.65310034179687,-3.6724063637331126,-8.687447817638516,2.6855335074558853
1789453596147040300,64.66304028320313,-3.6957545060947536,-8.673090790984034,2.699874752019346
1789453596156980200,64.67298022460938,-3.725244804473221,-8.65340584730506,2.722414208346605
1789453596166919200,64.68291918945313,-3.7596047547146676,-8.627821324193476,2.756169178432226
1789453596176859100,64.69285913085938,-3.796165429870784,-8.59648276759982,2.803575072729587
1789453596186798300,64.70279833984375,-3.8333433601424094,-8.560500769114494,2.862461561462283
1789453596196738300,64.71273828125,-3.86900094897896,-8.521543554210663,2.929935261276364
1789453596206677200,64.72267724609375,-3.9034579298540946,-8.480512455642224,3.002384703676402
1789453596216617500,64.73261743164062,-3.9391380227833985,-8.43706260549426,3.077265757137537
1789453596226556400,64.74255639648437,-3.977595179210603,-8.390846213242412,3.1532199927881357
1789453596236496100,64.75249609375,-4.019856404095888,-8.342138588696718,3.2279788811743257
1789453596246435000,64.76243505859375,-4.066179763853549,-8.291673306828736,3.2992034579545257
1789453596256375300,64.77237524414062,-4.117572097438574,-8.239995726561546,3.3642949388071894
1789453596266314200,64.78231420898437,-4.175443856170773,-8.186735845538973,3.4224919839709993
1789453596276254200,64.79225415039062,-4.2374797488451,-8.132089478594065,3.4761052084758877
1789453596286193200,64.80219311523437,-4.298122433595359,-8.077499225750564,3.528528930935263
1789453596296133400,64.81213330078126,-4.352993549206853,-8.023654238316416,3.5836861700117586
1789453596306072300,64.822072265625,-4.404031662526727,-7.969962980139255,3.6406858220845457
1789453596316012000,64.83201196289062,-4.452265239819884,-7.9159689396232364,3.6993431782364845
1789453596325951200,64.841951171875,-4.497506065037847,-7.859973496156931,3.7634593843162056
1789453596335891200,64.85189111328125,-4.54268843806684,-7.800559184157848,3.8321819151476024
1789453596345830100,64.861830078125,-4.5920434206053615,-7.735136571654677,3.9052769619747996
1789453596355770400,64.87177026367188,-4.64685696081072,-7.663596937575936,3.9807577348947523
1789453596365709300,64.88170922851563,-4.706064644321799,-7.589159828490018,4.053149017366767
1789453596375649300,64.89164916992188,-4.767342119844257,-7.512395153239369,4.123929942032695
1789453596385589200,64.90158935546874,-4.828171851599216,-7.431752175250649,4.198596183699369
1789453596395528200,64.91152807617188,-4.889952015946805,-7.3472075136482715,4.2751963160380715
1789453596405468200,64.92146826171874,-4.954994396960735,-7.258979195097089,4.350358232267201
1789453596415407000,64.93140698242188,-5.023050280576944,-7.1656807336747645,4.426325619660318
1789453596425347300,64.94134741210938,-5.097612477347255,-7.066689613568783,4.499628464019298
1789453596435286300,64.95128637695312,-5.180416432762145,-6.962132676029205,4.56753792490214
1789453596445226200,64.96122631835938,-5.267645218881964,-6.852185862144827,4.6335596723422405
1789453596455165200,64.97116528320312,-5.354616815370321,-6.736594904893637,4.702843928709626
1789453596465105400,64.98110546875,-5.440289019697905,-6.615826837265491,4.775400338615476
1789453596475044400,64.99104443359376,-5.523012311092018,-6.490563211783766,4.851737436103821
1789453596484984000,65.00098413085938,-5.60296379968524,-6.363357804584503,4.927966689303517
1789453596494923300,65.01092333984376,-5.685297799500822,-6.235882348272204,4.996150583213567
1789453596504863200,65.02086328125,-5.767617770791054,-6.108199971210956,5.059138662046194
1789453596514802200,65.03080224609376,-5.84759439382553,-5.980286708003282,5.119781639057398
1789453596524742100,65.0407421875,-5.937852756899595,-5.844734328219294,5.1721746741175645
1789453596534681300,65.05068139648438,-6.022150750264525,-5.708003552305698,5.227118562704325
1789453596544621300,65.06062133789062,-6.099461368960141,-5.577236653232574,5.278386977648735
1789453596554560300,65.07056030273438,-6.184606334543227,-5.452767977520823,5.3092701916903255
1789453596564500200,65.08050024414062,-6.275870075267553,-5.333428481391072,5.323386395326256
1789453596574440200,65.09044018554688,-6.372779712924361,-5.218022233057022,5.322624178782105
1789453596584379100,65.10037915039062,-6.471373358145356,-5.103746450057625,5.3144607460707425
1789453596594319400,65.1103193359375,-6.561415448120236,-4.992904148638248,5.309339165273308
1789453596604258300,65.12025830078124,-6.64882075985074,-4.884112350007891,5.301792403155565
1789453596614198300,65.1301982421875,-6.7385600674867625,-4.776663198158145,5.286370377618074
1789453596624137200,65.14013720703124,-6.829335147911309,-4.670354740776121,5.264819055545329
1789453596634077200,65.1500771484375,-6.922408568406104,-4.565480115589499,5.235168598169088
1789453596644016400,65.16001635742188,-7.012822414302826,-4.4646106343910095,5.20172517825067
1789453596653956000,65.1699560546875,-7.0963529304265975,-4.369150903281569,5.169401702272892
1789453596663895000,65.17989501953124,-7.168625554955005,-4.280755411469936,5.143570510923862
1789453596673835300,65.18983520507813,-7.229213586908578,-4.198859803071618,5.126252296376228
1789453596683774200,65.19977416992188,-7.281516021075844,-4.121230912207067,5.115210677880048
1789453596693714200,65.20971411132813,-7.326256495556235,-4.045350326314568,5.111898776853084
1789453596703653400,65.2196533203125,-7.3635285338521,-3.970427187277376,5.117081732448935
1789453596713593300,65.22959326171875,-7.397192318522929,-3.89568963394016,5.125969972303509
1789453596723532300,65.2395322265625,-7.428693372201919,-3.8256910918235776,5.1331262737989425
1789453596733472300,65.24947216796875,-7.457565830942988,-3.7654189939513802,5.135824426841736
1789453596743411200,65.2594111328125,-7.481645210188627,-3.7130800271660087,5.138913625028729
1789453596753351200,65.26935107421875,-7.49903941258192,-3.666569912664592,5.146947878402472
1789453596763290000,65.2792900390625,-7.509159824579954,-3.6284295671015974,5.159209978604316
1789453596773230300,65.28923022460937,-7.5099576969593755,-3.603451193189621,5.175529829764366
1789453596783169300,65.29916918945312,-7.502842311996221,-3.5940094111055134,5.192382764887809
1789453596793109200,65.30910913085937,-7.4897496061891315,-3.6020360656946897,5.205706941363215
1789453596803049200,65.31904931640625,-7.470874809849262,-3.6265158424347637,5.215826768839359
1789453596812988200,65.32898828125,-7.448482360777258,-3.6644095197603104,5.221356345915794
1789453596822928100,65.33892822265625,-7.419793441909551,-3.7119951545387506,5.228588050734997
1789453596832867000,65.3488671875,-7.385588974490761,-3.7687732728153467,5.236387910830974
1789453596842807300,65.35880737304687,-7.349370244640111,-3.833196937409043,5.2405906232178205
1789453596852746200,65.36874633789063,-7.313986212047934,-3.9043142544224856,5.237586765226721
1789453596862686200,65.37868627929687,-7.280066991311311,-3.9828333721250293,5.225711618515849
1789453596872625400,65.38862548828125,-7.244220017382502,-4.069754407469928,5.208526674959063
1789453596882565400,65.3985654296875,-7.200814590898156,-4.168760725145042,5.190382530981302
1789453596892504300,65.40850439453125,-7.153427985823154,-4.27907023486197,5.1660857095927
1789453596902444000,65.41844409179687,-7.109092585012316,-4.396166043718159,5.128832960519194
1789453596912383200,65.42838330078125,-7.065794126033783,-4.523266236977279,5.077896554008126
1789453596922323200,65.4383232421875,-7.022016359105706,-4.660668044020235,5.013965056845546
1789453596932262100,65.44826220703125,-6.975963048461079,-4.806401918339729,4.940125329130888
1789453596942202400,65.45820239257813,-6.923565921747684,-4.960149880027771,4.8612251031562685
1789453596952141300,65.46814135742187,-6.862392198860645,-5.12095185188055,4.7805607901185745
1789453596962081300,65.47808129882813,-6.792226775744557,-5.284221090629696,4.702448791912198
1789453596972020200,65.48802026367187,-6.716521254158019,-5.444326312389969,4.627965505596995
1789453596981960700,65.49796069335937,-6.643380030101537,-5.595803406536579,4.552235141830146
1789453596991899600,65.50789965820313,-6.567542406567931,-5.740642670103907,4.481379398362338
1789453597001839900,65.51783984375,-6.47824675104618,-5.88627688344121,4.422042535513639
1789453597011779800,65.52777978515626,-6.368489322254061,-6.038442544373869,4.376068427585065
1789453597021718800,65.53771875,-6.246102713513374,-6.199288355368376,4.327284230671823
1789453597031659000,65.54765893554688,-6.130411803019046,-6.363798534089327,4.25329457309246
1789453597041598000,65.55759790039062,-6.032205111289024,-6.523432046684622,4.150630317431688
1789453597051537700,65.56753759765625,-5.9473033068120476,-6.674406452006101,4.031408602462709
1789453597061476600,65.5774765625,-5.867928156802058,-6.812590933859348,3.914893808364868
1789453597071416800,65.58741674804688,-5.782633553615212,-6.937963864934444,3.8204917696148155
1789453597081355800,65.59735571289062,-5.689335676714777,-7.057924707832932,3.7399873233139513
1789453597091295700,65.60729565429688,-5.597244252994656,-7.177007014331221,3.6512796968132255
1789453597101234700,65.61723461914063,-5.508258394074439,-7.297389297512173,3.546483982081711
1789453597111175000,65.6271748046875,-5.421490795725584,-7.41634651632607,3.4315599643066523
1789453597121113900,65.63711376953125,-5.334788079306483,-7.528852367043495,3.320665348178148
1789453597131053600,65.64705346679688,-5.242450571870804,-7.632241429847478,3.2304809271231294
1789453597140992800,65.65699267578125,-5.1429801438152785,-7.7268053811609745,3.164899909187853
1789453597150932700,65.6669326171875,-5.041845581939816,-7.814780601733922,3.111170949348807
1789453597160871700,65.67687158203125,-4.951517076238989,-7.896680886307358,3.048824383290112
1789453597170812000,65.68681201171874,-4.874924250423908,-7.974834970089793,2.9677473977982998
1789453597180750800,65.69675073242188,-4.802109189581871,-8.052484611481427,2.8753473465204236
1789453597190690800,65.70669091796876,-4.7221761134281754,-8.131812999740243,2.782997564125061
1789453597200629800,65.71662963867188,-4.6349210238233205,-8.213316393950581,2.6887457475006578
1789453597210570000,65.72657006835938,-4.548075684063137,-8.292665824997425,2.5917399559929963
1789453597220509000,65.73650903320312,-4.46757591393739,-8.362410976874829,2.5062320023164153
1789453597230448600,65.74644873046876,-4.401429371073842,-8.416656946325302,2.44083569329828
1789453597240387600,65.7563876953125,-4.360712745282053,-8.454674834552407,2.3818171026185153
1789453597250327800,65.76632788085938,-4.336509447395802,-8.481159521374106,2.3313147036105395
1789453597260267800,65.77626782226562,-4.315419605354965,-8.502610890203714,2.29197564978227
1789453597270206700,65.78620678710938,-4.290065091606975,-8.522577573433518,2.2652635839454827
1789453597280147000,65.79614697265625,-4.260458181111514,-8.54084972770512,2.2522896822124716
1789453597290086000,65.8060859375,-4.233566959315538,-8.553544374105334,2.254813209340721
1789453597300025600,65.81602563476562,-4.217371319057047,-8.557143859902023,2.2714459258422255
1789453597309964800,65.82596484375,-4.217611557553708,-8.55009978660941,2.2973740016944704
1789453597319904800,65.83590478515625,-4.2379976352393625,-8.531400346836447,2.3291500729225576
1789453597329843700,65.84584375,-4.274785981671512,-8.502123983469605,2.368635111092776
1789453597339783700,65.85578369140624,-4.3169492991402745,-8.466256551274657,2.4200939340427516
1789453597349723000,65.86572290039062,-4.353671886859834,-8.428798050495981,2.4842072175130245
1789453597359662800,65.87566284179688,-4.381804048627615,-8.392558277857303,2.5563927482798694
1789453597369601800,65.88560180664062,-4.40715710107088,-8.356373450276255,2.630275730614364
1789453597379541800,65.89554174804688,-4.44117627505064,-8.316599073770641,2.698251242470741
1789453597389480700,65.90548071289062,-4.491692702583968,-8.269841414248942,2.757685720475018
1789453597399420700,65.91542065429688,-4.554009165765345,-8.21684398355484,2.8133418489843605
1789453597409359600,65.92535961914062,-4.6238861273288725,-8.160044822490216,2.8642101586952804
1789453597419299800,65.9352998046875,-4.701270103521645,-8.100613559356331,2.9066350497096773
1789453597429238800,65.94523876953124,-4.775544715522229,-8.040570301803946,2.9519170837208626
1789453597439178800,65.9551787109375,-4.832518064109981,-7.979936677142978,3.022874533997476
1789453597449117700,65.96511767578124,-4.870488313803077,-7.916895991340279,3.125936264543235
1789453597459058000,65.97505786132812,-4.888805476260185,-7.8523180129677055,3.2574595349416136
1789453597468996900,65.98499682617188,-4.888151688526571,-7.791659838387369,3.4009432922467586
1789453597478936600,65.9949365234375,-4.882909988480806,-7.736244825157523,3.532431783592701
1789453597488875800,66.00487573242188,-4.892577980536222,-7.686333085519075,3.6267569577142593
1789453597498815700,66.01481567382812,-4.914510410881042,-7.6427721762120715,3.6886321068689223
1789453597508755700,66.02475561523437,-4.941628134909272,-7.604473132956027,3.7313095113396644
1789453597518695000,66.03469482421875,-4.972051330223679,-7.568709161135554,3.763473705102503
1789453597528635000,66.044634765625,-5.011240015795827,-7.531983066284656,3.785115335807204
1789453597538573800,66.05457373046875,-5.060883459886909,-7.489740253838896,3.8028485608965155
1789453597548513800,66.064513671875,-5.12255636446774,-7.435358090788125,3.826909819963574
1789453597558452700,66.07445263671875,-5.192568642848729,-7.365666714924574,3.8671091438829897
1789453597568392700,66.08439282226563,-5.261957820895314,-7.285194417327642,3.925322555659711
1789453597578331600,66.09433154296875,-5.329177838209271,-7.198815526035427,3.9934038659781215
1789453597588271900,66.10427197265625,-5.400595891734957,-7.104891041669249,4.065030009296536
1789453597598210800,66.1142109375,-5.473104078584909,-7.003495783030987,4.143256866054236
1789453597608150800,66.12415087890625,-5.543818952277302,-6.896383900311589,4.228044981023669
1789453597618089700,66.13408984375,-5.614073222720623,-6.784764769300818,4.315032944124937
1789453597628029700,66.14402978515625,-5.68864243375361,-6.666690763062238,4.40056573998183
1789453597637969000,66.15396899414063,-5.768799674052,-6.541369269913434,4.4835050122141835
1789453597647908600,66.16390869140625,-5.851864910751581,-6.4110337479949,4.56340915453434
1789453597657847800,66.17384790039063,-5.934167930907011,-6.279473652717471,4.639424764983356
1789453597667787800,66.18378784179687,-6.023036300927401,-6.140728614372015,4.710079432921111
1789453597677726700,66.19372680664063,-6.099478320094943,-5.995145254439115,4.798438099853694
1789453597687667000,66.2036669921875,-6.150910401168465,-5.849752448642254,4.910910925084353
1789453597697606000,66.21360595703125,-6.193603879991174,-5.705805750000477,5.02527847802043
1789453597707545900,66.2235458984375,-6.24566256853044,-5.562269970247149,5.1208618355095386
1789453597717484800,66.23348486328125,-6.303468860810995,-5.425321752190589,5.196397261226177
1789453597727424800,66.2434248046875,-6.362328461536765,-5.3028930578738445,5.250758381488919
1789453597737363700,66.25336376953125,-6.42550475641787,-5.191031350278854,5.285498270958661
1789453597747303700,66.2633037109375,-6.488666438251734,-5.081131298145651,5.315042345350981
1789453597757244000,66.27324389648437,-6.542163050639629,-4.96863713786602,5.35566252503097
1789453597767182800,66.28318286132813,-6.588884469804167,-4.855631813193857,5.401835662662982
1789453597777122800,66.29312280273437,-6.643948769900202,-4.7425864487722516,5.43471969513297
1789453597787061800,66.30306176757813,-6.712787912848591,-4.631982047761976,5.445512891826033
1789453597797001700,66.31300170898437,-6.793502202507853,-4.527823754151165,5.43300470790863
1789453597806940700,66.32294067382813,-6.880867182227969,-4.432454039412737,5.401611206257343
1789453597816880600,66.33288061523437,-6.958357249143719,-4.344514766936004,5.37371665263772
1789453597826819800,66.34281982421875,-7.009072121858597,-4.262938892011344,5.373143821185827
1789453597836759800,66.352759765625,-7.041078202450275,-4.183655219677091,5.3935722767084835
1789453597846698800,66.36269873046875,-7.063894429892301,-4.106672517761588,5.422823505634069
1789453597856638700,66.372638671875,-7.088759991079568,-4.035561630488932,5.4437184096246956
1789453597866578000,66.38257788085937,-7.116899459370971,-3.9754792099699374,5.451213149294257
1789453597876518000,66.39251782226563,-7.1421122265607115,-3.9274101755887267,5.453083619341254
1789453597886456800,66.40245678710937,-7.155098549383879,-3.8915500499173996,5.461757339662313
1789453597896396800,66.41239672851563,-7.153843580886721,-3.865553438873589,5.481821053525805
1789453597906335700,66.42233569335937,-7.139538576680422,-3.8448318456232546,5.5149488316237925
1789453597916275700,66.43227563476563,-7.122148465940356,-3.828533037251234,5.548669314917921
1789453597926214700,66.44221459960937,-7.0983841439932585,-3.820433025164902,5.584587600517272
1789453597936155000,66.45215478515625,-7.067100532457232,-3.820016845579445,5.624407569730281
1789453597946093800,66.46209375,-7.029438618060946,-3.8262525250986217,5.667200417274237
1789453597956033800,66.47203369140625,-6.9895075896888965,-3.838314718814194,5.708280615681409
1789453597965972700,66.48197265625,-6.956289795219898,-3.8589313903853295,5.734895650884509
1789453597975912700,66.49191259765625,-6.934885772663354,-3.8880224603131412,5.741170493370294
1789453597985851600,66.5018515625,-6.917261853167414,-3.9213118587136266,5.739788099101186
1789453597995791600,66.51179150390625,-6.894952406203746,-3.9636668993622064,5.7375435350447885
1789453598005730600,66.52173046875,-6.8668211212188,-4.018844596704841,5.7328942479342215
1789453598015670500,66.53167041015625,-6.834325211283564,-4.087391186447442,5.723253728407621
1789453598025610800,66.54161083984376,-6.794923175221681,-4.168070697054267,5.711966026195883
1789453598035549700,66.5515498046875,-6.744632665398717,-4.260960869936644,5.703028101980686
1789453598045489700,66.56148974609376,-6.686575613227486,-4.36296695394963,5.694259689113498
1789453598055428600,66.5714287109375,-6.631044864663481,-4.468635067601502,5.6772302283793685
1789453598065368600,66.58136865234376,-6.577497983393073,-4.578633903934061,5.651812878528237
1789453598075307500,66.5913076171875,-6.51978170748353,-4.69764314519614,5.620940770402551
1789453598085247500,66.60124755859376,-6.45597880513668,-4.8248906379714604,5.586690710276365
1789453598095186700,66.61118676757812,-6.38658261282742,-4.959025259912014,5.548878573754429
1789453598105126700,66.62112670898438,-6.308376506596804,-5.101837986087799,5.508726011586189
1789453598115065600,66.63106567382812,-6.22587474899888,-5.251553331258893,5.461691288688779
1789453598125005800,66.641005859375,-6.138208740505576,-5.406650369468331,5.409333324941993
1789453598134944800,66.65094482421875,-6.037926996067166,-5.568997232675552,5.357247163873911
1789453598144884500,66.66088452148438,-5.929947098341584,-5.735487771558761,5.30191456823051
1789453598154823400,66.67082348632813,-5.827440079069137,-5.898634845232963,5.236165792512893
1789453598164763600,66.680763671875,-5.734132265296578,-6.059354984021186,5.155032400658726
1789453598174702600,66.69070263671875,-5.648495716804265,-6.216623521050811,5.061469735342264
1789453598184642600,66.700642578125,-5.5632613193720575,-6.370783570671081,4.963223880645632
1789453598194581500,66.71058154296875,-5.470023063704371,-6.523878036886453,4.867056585788727
1789453598204521700,66.72052172851562,-5.3648488710492845,-6.679205961242317,4.77252332187444
1789453598214460700,66.73046069335938,-5.258864531055092,-6.835462690880894,4.668102285674214
1789453598224400600,66.74040063476562,-5.15987516451478,-6.987034477573633,4.552737538394331
1789453598234339800,66.75033984375,-5.063302211466431,-7.130597145333886,4.437112971134484
1789453598244279600,66.76027954101562,-4.963161921325326,-7.266516020342707,4.328413819223642
1789453598254218500,66.77021850585938,-4.861086863729358,-7.39622259670794,4.223284050232172
1789453598264158700,66.78015869140626,-4.76478191396743,-7.517575770747661,4.117435611577331
1789453598274097700,66.79009765625,-4.682298568809032,-7.62914229478836,4.005331911920011
1789453598284037600,66.80003759765626,-4.608353334893286,-7.733766452345251,3.8887452216297387
1789453598293976600,66.8099765625,-4.534300256688892,-7.832914224317669,3.775706579209864
1789453598303916800,66.81991674804688,-4.456754075671732,-7.9258456059932705,3.6726933639809487
1789453598313855700,66.82985571289062,-4.374245303811133,-8.01174928098917,3.5844480942949652
1789453598323795500,66.83979541015626,-4.288296620629728,-8.094030089312792,3.502512446147203
1789453598333735700,66.84973559570312,-4.20861810375899,-8.175211411961913,3.4093791121587156
1789453598343674600,66.85967456054688,-4.144591621789336,-8.249519926232098,3.3072941176906228
1789453598353614600,66.86961450195312,-4.087004817478358,-8.31449654853344,3.214957194776833
1789453598363553500,66.87955346679688,-4.014001540587842,-8.375147124329208,3.1488229268729686
1789453598373493800,66.88949365234375,-3.92490491476953,-8.436551733362673,3.0967931721672413
1789453598383432700,66.8994326171875,-3.841700269599259,-8.496850426980853,3.0356676723361016
1789453598393372400,66.90937231445312,-3.7792543348193166,-8.546862119862437,2.973003710891306
1789453598403311600,66.9193115234375,-3.733786715108156,-8.581655200824141,2.9299156797930594
1789453598413251600,66.92925146484374,-3.698625677616894,-8.604555599418282,2.9072669178724286
1789453598423190500,66.9391904296875,-3.6692622204884886,-8.62186563065946,2.8931472071051596
1789453598433130500,66.94913061523438,-3.642306409023702,-8.636611364370584,2.8832117962852117
1789453598443069700,66.95906958007812,-3.6233287368312475,-8.647138603603839,2.8755586511835456
1789453598453009700,66.969009765625,-3.6202097280278798,-8.649254572844505,2.873124117513001
1789453598462948600,66.97894848632812,-3.637345279484987,-8.641706057161093,2.874203144921362
1789453598472888800,66.98888891601563,-3.6688410724669693,-8.627244401088356,2.8776094462335107
1789453598482827800,66.99882788085938,-3.7058439384326336,-8.610017371955513,2.8817914080932736
1789453598492767500,67.008767578125,-3.744896722665429,-8.591884918415547,2.885419827723503
1789453598502706400,67.01870654296874,-3.7830928900688883,-8.572609724581241,2.8929215816557408
1789453598512646700,67.02864672851562,-3.8166704577609893,-8.549576054996251,2.9168764577388764
1789453598522585600,67.03858569335938,-3.8432261639922856,-8.520818747067452,2.96574161093384
1789453598532525600,67.04852563476562,-3.8712963664397595,-8.48516291179657,3.0307538890704513
1789453598542464500,67.05846459960938,-3.907649828585982,-8.441850424292683,3.1041637009352443
1789453598552404700,67.06840478515625,-3.9517864919543264,-8.390782500356435,3.1856714790597556
1789453598562343700,67.07834375,-4.001172746413946,-8.331084695240854,3.2793308827489613
1789453598572283400,67.08828344726562,-4.046329400479793,-8.26580002990365,3.387352866050601
1789453598582222600,67.09822265625,-4.079228338257968,-8.2005802464962,3.504389638195932
1789453598592162600,67.10816259765625,-4.099809646254777,-8.141041431334614,3.6173733355581756
1789453598602101500,67.1181015625,-4.12034886867553,-8.088564809644222,3.7105572306901213
1789453598612041700,67.12804174804687,-4.155101325365901,-8.03847537535131,3.7800083680570125
1789453598621980700,67.13798071289062,-4.215213848762214,-7.988264945027232,3.8196822067975997
1789453598631920600,67.14792065429687,-4.298893710228801,-7.933634944695234,3.8402205524355173
1789453598641860600,67.15786059570313,-4.390903300884366,-7.871904172447324,3.863086171977222
1789453598651799600,67.16779956054687,-4.4754996926739805,-7.806554625180363,3.898462898045778
1789453598661739500,67.17773950195313,-4.542715910595655,-7.741874355477094,3.9493692016795277
1789453598671678500,67.18767846679688,-4.590156291684508,-7.6805054022789,4.01381069419086
1789453598681618700,67.19761865234375,-4.627270509070158,-7.619342200785875,4.087098925502598
1789453598691557600,67.2075576171875,-4.661953992177546,-7.553617974987626,4.168861555171013
1789453598701497600,67.21749755859375,-4.698656706152856,-7.483311682096123,4.253597355431318
1789453598711436500,67.2274365234375,-4.741103516738116,-7.411469850200414,4.331567022557556
1789453598721376800,67.23737670898437,-4.788097323103249,-7.340219554457068,4.400647865307331
1789453598731315700,67.24731567382813,-4.8350353076279164,-7.269477792757749,4.466258693858981
1789453598741255400,67.25725537109375,-4.882852120813727,-7.194092004644871,4.53577003698051
1789453598751194600,67.26719458007813,-4.934234517526626,-7.108647179332375,4.6141985537901515
1789453598761134600,67.27713452148437,-4.98904045894742,-7.014805112552643,4.698128590625524
1789453598771073500,67.28707348632813,-5.042915256997943,-6.918937677425146,4.782015665102005
1789453598781013800,67.297013671875,-5.09747102304995,-6.825234726855158,4.858228259427845
1789453598790952700,67.30695263671875,-5.160253350177407,-6.731136639487743,4.9228036074519155
1789453598800892700,67.316892578125,-5.233125694164634,-6.630308367082476,4.982351190441847
1789453598810831600,67.32683154296875,-5.310821512785553,-6.522257157686353,5.042389771819114
1789453598820771600,67.336771484375,-5.388098229211568,-6.411530591601133,5.102062442493438
1789453598830710500,67.34671044921875,-5.465834379842877,-6.300277371293306,5.157666840815544
1789453598840650500,67.356650390625,-5.547406747636199,-6.187869135731458,5.206431748506427
1789453598850589400,67.36658935546875,-5.636697142460942,-6.072276424914598,5.246476174125075
1789453598860529700,67.37652978515625,-5.729402314165235,-5.9550470528066155,5.2803176534503695
1789453598870468600,67.38646850585937,-5.824406994983554,-5.8354036052942275,5.309874002802371
1789453598880408600,67.39640869140625,-5.9184068826735015,-5.7124710531085725,5.3395256292223925
1789453598890347800,67.40634765625,-6.0041936532914635,-5.589356714615225,5.373934094780683
1789453598900287700,67.41628784179687,-6.095159872373938,-5.459001903474331,5.405430472284555
1789453598910226700,67.42622680664063,-6.19443097846508,-5.320553802248836,5.430569589716196
1789453598920166700,67.43616674804687,-6.2932496646136045,-5.17667783075571,5.455953037297725
1789453598930105600,67.44610571289063,-6.384841322118043,-5.035176187178492,5.4818970413714645
1789453598940045600,67.45604565429687,-6.4819853530526155,-4.897683779242635,5.492447076958418
1789453598949984500,67.46598461914063,-6.588061462983489,-4.76503471968472,5.48291235589385
1789453598959924700,67.4759248046875,-6.687489220941067,-4.63711385769248,5.472202161309123
1789453598969863700,67.48586376953125,-6.761109752947092,-4.516422070170939,5.4826738709628575
1789453598979803600,67.4958037109375,-6.808500449675321,-4.405396521139145,5.514269032666087
1789453598989743600,67.50574365234375,-6.846067087003588,-4.3070694178998465,5.54535273771584
1789453598999682600,67.5156826171875,-6.87627634730637,-4.2222032692581415,5.573167796358466
1789453599009622500,67.52562255859375,-6.897264190277457,-4.1488182995736596,5.602269972202182
1789453599019561500,67.5355615234375,-6.911179902905225,-4.081635107138752,5.634376590558886
1789453599029501700,67.54550170898438,-6.922314460381865,-4.015518082630634,5.6681163630753755
1789453599039440600,67.55544067382813,-6.9334870117813345,-3.9495559564232825,5.700711057209968
1789453599049380600,67.56538061523437,-6.94712858364284,-3.885536196455359,5.728038040074706
1789453599059319600,67.57531958007813,-6.961687270349263,-3.824774853761494,5.7512073187381025
1789453599069259500,67.58525952148437,-6.9781474067628375,-3.7692707009434696,5.767878467553854
1789453599079198700,67.59519873046875,-6.994189025503396,-3.7186090197205544,5.781319548407197
1789453599089138400,67.60513842773437,-7.013072005149722,-3.6696406984120604,5.789729064834118
1789453599099077600,67.61507763671875,-7.034440956392884,-3.620678222322464,5.7946337880104775
1789453599109017600,67.625017578125,-7.05115828243792,-3.577238309046626,5.80128740068078
1789453599118956500,67.63495654296875,-7.061200953024626,-3.546138529644906,5.808161962625384
1789453599128896800,67.64489672851562,-7.063372451844811,-3.530721180282533,5.8149079297542565
1789453599138835700,67.65483569335937,-7.058383557516336,-3.531994561219215,5.8201914231151335
1789453599148775700,67.66477563476562,-7.045942009094357,-3.546481936255097,5.826455744206905
1789453599158714600,67.67471459960937,-7.027269457328319,-3.5734713577285406,5.832511975505947
1789453599168654600,67.68465454101562,-7.000866603571176,-3.61381272046715,5.839402904063463
1789453599178593500,67.69459350585937,-6.963027579042315,-3.6681051594078538,5.850778869080544
1789453599188533500,67.70453344726562,-6.910286168935895,-3.741536306321621,5.8667924307703965
1789453599198472400,67.71447241210937,-6.8436290462017055,-3.8350294135332104,5.884528578469157
1789453599208412700,67.72441259765625,-6.764437436065077,-3.943842839473486,5.90414221047759
1789453599218351600,67.7343515625,-6.682059012585878,-4.058995697568356,5.919885138532519
1789453599228291600,67.74429150390625,-6.604103666245937,-4.176854307490587,5.925376137164235
1789453599238230800,67.75423071289063,-6.5312184627771375,-4.304550420816242,5.914765895822644
1789453599248170500,67.76417041015625,-6.465692389899492,-4.447708307167887,5.8807414611458775
1789453599258109700,67.77410961914063,-6.411621192494034,-4.604431485274434,5.818992568719387
1789453599268049700,67.78404956054688,-6.366688994833827,-4.767270223651826,5.736617067849636
1789453599277988600,67.79398852539063,-6.3188926399141545,-4.932767367583513,5.648872148901224
1789453599287928600,67.80392846679688,-6.25735592893362,-5.1036184397637845,5.564977475640178
1789453599297867500,67.81386743164063,-6.179683491188287,-5.279260253351927,5.487375765043497
1789453599307807700,67.82380786132812,-6.0931613920331,-5.458522595524788,5.408170710903406
1789453599317746700,67.83374658203125,-5.99813742199242,-5.638363614368439,5.329315785375237
1789453599327686700,67.84368676757812,-5.8907478913754225,-5.820679498893022,5.252541173252463
1789453599337626600,67.85362670898438,-5.7756672217339275,-6.005418226650357,5.171748557659983
1789453599347565600,67.86356567382812,-5.666787160298228,-6.185262168103456,5.0794157263994215
1789453599357505500,67.87350561523438,-5.564409320363402,-6.355262760934234,4.981801739865541
1789453599367444500,67.88344458007812,-5.457742258802056,-6.518781006008386,4.88763029500097
1789453599377384700,67.893384765625,-5.3445238759011024,-6.680410076335072,4.793596797302365
1789453599387323600,67.90332373046876,-5.234682860478759,-6.8395005680948495,4.689318968965113
1789453599397263600,67.913263671875,-5.13853953101933,-6.989362628260254,4.5732475347206
1789453599407202800,67.92320288085938,-5.052179344427585,-7.127942831432819,4.4540208513155575
1789453599417142500,67.933142578125,-4.969256146547198,-7.257543609336018,4.336462977905571
1789453599427081500,67.94308154296876,-4.8916015367195005,-7.378620889043807,4.21883905352205
1789453599437021400,67.953021484375,-4.818493045888841,-7.491220263263583,4.102942975844442
1789453599446960600,67.96296069335938,-4.745428978721797,-7.598715592342614,3.9888346583664416
1789453599456900600,67.97290063476562,-4.672231640563905,-7.702373535215854,3.874798237080872
1789453599466839600,67.98283959960938,-4.6013343960419295,-7.800638679134845,3.761399821437895
1789453599476779800,67.99277978515624,-4.533610813120007,-7.891223205423355,3.6531241556361316
1789453599486718700,68.00271875,-4.466071646854282,-7.974538617491722,3.554052663770318
1789453599496658700,68.01265869140624,-4.394748578135669,-8.052809605652094,3.465375140146911
1789453599506597600,68.02259765625,-4.316473206061125,-8.126358825987577,3.39127091627717
1789453599516537600,68.03253759765624,-4.232843321216106,-8.195151791706682,3.3306051429122685
1789453599526476500,68.0424765625,-4.15319140009135,-8.259190256375074,3.272173119948804
1789453599536416500,68.05241650390624,-4.085417840547859,-8.31809369624257,3.2076623615935445
1789453599546355700,68.06235571289062,-4.028779130741953,-8.371212707489729,3.1404025967910885
1789453599556295700,68.07229565429688,-3.976262469302118,-8.42016407766342,3.0757968536287543
1789453599566234600,68.08223461914062,-3.9272225440621376,-8.466070088791847,3.0121339442744848
1789453599576174600,68.09217456054688,-3.8863489741429684,-8.50745073145032,2.9478718999832867
1789453599586113800,68.10211376953124,-3.8505572375327346,-8.543938925892114,2.8887232531830667
1789453599596053500,68.11205346679688,-3.815943604791164,-8.575649238407612,2.84028275514096
1789453599605992400,68.12199243164062,-3.7892902834042905,-8.59845962063074,2.8068051406919956
1789453599615932700,68.1319326171875,-3.776672793893516,-8.610219032007455,2.7877050111636517
1789453599625871600,68.14187158203126,-3.7754625413209197,-8.613564250782131,2.7789868671789764
1789453599635811600,68.1518115234375,-3.7808155927866696,-8.611784966149926,2.777232716988027
1789453599645750500,68.16175048828126,-3.7926129980862138,-8.605206756803392,2.781519016005099
1789453599655690800,68.17169067382812,-3.810509597043693,-8.593646667391061,2.7927853831678626
1789453599665629700,68.18162963867188,-3.8323108022242782,-8.576609607872367,2.8152316082537174
1789453599675569400,68.1915693359375,-3.8571526902750133,-8.554692959618569,2.8478037982955575
1789453599685508600,68.20150854492188,-3.8826702856302258,-8.53067027899623,2.884953379255533
1789453599695448600,68.21144848632812,-3.910179347063601,-8.505641636201739,2.9214655390948057
1789453599705387500,68.22138745117188,-3.94365725377351,-8.477785076504945,2.9572175282165407
1789453599715327500,68.23132739257812,-3.9853132062420245,-8.445297349876165,2.9940988136291504
1789453599725267700,68.24126782226563,-4.031352196100354,-8.409301322865486,3.0335148782163857
1789453599735206700,68.25120654296875,-4.069623766827583,-8.374114858672023,3.0794018923833963
1789453599745146600,68.26114672851563,-4.098298949430883,-8.342212822976707,3.127594260883331
1789453599755085800,68.2710859375,-4.132714136990905,-8.30781955498755,3.173519853495061
1789453599765025500,68.28102563476563,-4.180938946455717,-8.264599421942233,3.2228195987150072
1789453599774964500,68.29096459960938,-4.236807840932905,-8.213339190304279,3.2803844834551215
1789453599784904700,68.30090478515625,-4.292127577094734,-8.158838369309901,3.343851577976346
1789453599794843600,68.31084375,-4.339284757328033,-8.104324688833952,3.4148075669482347
1789453599804783600,68.32078369140625,-4.376001207567751,-8.04990686994791,3.4957086113512514
1789453599814722600,68.33072265625,-4.399961636608839,-7.994456785404681,3.5915716625645753
1789453599824662800,68.34066284179687,-4.415920545502007,-7.939260383361577,3.6929885485127567
1789453599834601700,68.35060180664063,-4.438563169942796,-7.87922063294053,3.79307681620568
1789453599844541400,68.36054150390625,-4.4713864121362565,-7.8128838282018895,3.8904897272095083
1789453599854480400,68.37048046875,-4.5107741274118425,-7.749331685745716,3.971287603498995
1789453599864420600,68.38042065429687,-4.555706617332994,-7.691794273534417,4.031408894723653
1789453599874359600,68.39035961914063,-4.61333550722003,-7.634838460603356,4.0739141574978825
1789453599884299500,68.40029956054687,-4.694363392873108,-7.566476872038841,4.108746693687141
1789453599894238700,68.41023876953125,-4.7896638417676085,-7.481220847296714,4.154620556111634
1789453599904178700,68.4201787109375,-4.876853757181763,-7.3870900267034765,4.221090047319233
1789453599914117600,68.43011767578125,-4.944069682842493,-7.2933596036046735,4.305055447728932
1789453599924057600,68.4400576171875,-4.994775203207135,-7.200313071116804,4.40205627080053
1789453599933996800,68.44999682617187,-5.0461856569707395,-7.1004878382742405,4.504379457938671
1789453599943936500,68.4599365234375,-5.107103359270096,-6.986746892803907,4.612296519561112
1789453599953875500,68.46987548828125,-5.175958284309506,-6.8606929937273256,4.723425821228325
1789453599963815700,68.47981567382813,-5.246655622345209,-6.728330349895358,4.834519467060268
1789453599973754600,68.48975463867187,-5.314410477188229,-6.595476123154163,4.942381583625078
1789453599983694600,68.49969458007813,-5.383577536916732,-6.465552104645967,5.038268307974934
1789453599993633800,68.5096337890625,-5.479879271808266,-6.331292687281966,5.104510420167446
1789453600003574000,68.51957397460937,-5.603214559575915,-6.185579563489556,5.149077291646599
1789453600013513000,68.52951293945313,-5.731512438187003,-6.032052551075815,5.189847108930349
1789453600023452700,68.53945263671875,-5.838664068394899,-5.879929560241103,5.244698058536648
1789453600033391600,68.5493916015625,-5.917853340443968,-5.733745311805605,5.317286909407377
1789453600043331800,68.55933178710937,-5.98103548054397,-5.596625828835368,5.392157149213552
1789453600053270800,68.56927075195313,-6.048697980928421,-5.463130381581187,5.453242024773359
1789453600063210800,68.57921069335937,-6.1282099090605975,-5.324145689260959,5.501719932216406
1789453600073149700,68.58914965820313,-6.201718212863803,-5.184283629584312,5.552684980300069
1789453600083090000,68.59908984375,-6.261117911815643,-5.049979204034805,5.609504599630832
1789453600093028900,68.60902880859375,-6.318752939182519,-4.923008774635195,5.657535932350158
1789453600102968600,68.61896850585937,-6.386109734618663,-4.80034890191108,5.687237243130803
1789453600112907800,68.62890771484375,-6.471081097200512,-4.68208843318969,5.689775821697712
1789453600122847700,68.63884765625,-6.566202097874879,-4.57076565477699,5.6712833026736975
1789453600132786700,68.64878662109375,-6.6576657450854775,-4.468080356328189,5.646427678358554
1789453600142727000,68.65872680664063,-6.748462452819943,-4.370746355779469,5.614732563412189
1789453600152665900,68.66866577148437,-6.8322998429358,-4.275997987809777,5.586225430852174
1789453600162605800,68.67860571289063,-6.90846596777141,-4.1808685115680095,5.564515703347325
1789453600172544800,68.68854467773437,-6.976766766059399,-4.0867739313319325,5.549181940615177
1789453600182485000,68.69848510742187,-7.036390921416879,-3.9953339572578668,5.540476071590184
1789453600192424700,68.7084248046875,-7.084009581682086,-3.908235811780393,5.541918087092042
1789453600202363600,68.71836376953125,-7.130591300114989,-3.8280528525188564,5.538147336381673
1789453600212304000,68.72830395507812,-7.169709258538484,-3.7582197300970552,5.535470226126909
1789453600222242800,68.73824291992187,-7.19327308947742,-3.6984213872164484,5.54516627523303
1789453600232182800,68.74818286132812,-7.20388449986279,-3.646177697499096,5.565954211717844
1789453600242121700,68.75812182617187,-7.20181353880763,-3.6059073541700837,5.59479276818931
1789453600252062000,68.76806201171875,-7.1981111771583555,-3.5813103807911273,5.615316500779986
1789453600262001000,68.7780009765625,-7.191243044954538,-3.568268820649385,5.632391554221511
1789453600271940600,68.78794067382813,-7.169636777824163,-3.5666084862217304,5.660914468872547
1789453600281879600,68.79787963867187,-7.135463874587416,-3.5730624846667047,5.699891557520628
1789453600291819800,68.80781982421875,-7.095207267522811,-3.5833015546083447,5.743551835548877
1789453600301758700,68.8177587890625,-7.051534130012989,-3.5964971362680194,5.788908980622887
1789453600311698700,68.82769873046875,-7.013983274775743,-3.6127728560253978,5.82428366086483
1789453600321638000,68.83763793945313,-6.990551545783877,-3.6318686016395687,5.840560841926932
1789453600331577900,68.84757788085938,-6.971221406891941,-3.65520709939003,5.849090769863128
1789453600341516800,68.85751684570313,-6.948515069565176,-3.6892291959792374,5.8547483572334045
1789453600351456800,68.86745678710938,-6.922692061522603,-3.740002520883083,5.853131569686532
1789453600361395700,68.87739575195313,-6.896278101849555,-3.8082685401186347,5.840276179766654
1789453600371335700,68.88733569335938,-6.868124020510912,-3.894549523994326,5.816507766166329
1789453600381274600,68.89727465820313,-6.837777982085943,-3.999161991113424,5.78116406558454
1789453600391214800,68.90721484375,-6.804961169633269,-4.113503825086355,5.739511035725474
1789453600401153800,68.91715380859375,-6.762688546571135,-4.232420419628918,5.702896000033617
1789453600411093800,68.92709375,-6.709632663688064,-4.358067199209332,5.670842573168874
1789453600421032700,68.93703271484375,-6.647815966722368,-4.493133256781101,5.638146756747365
1789453600430973000,68.94697290039062,-6.57006286495626,-4.6401484030827875,5.610144066578149
1789453600440912000,68.95691186523437,-6.476968401673436,-4.795204524759948,5.587958538255095
1789453600450851600,68.9668515625,-6.374979853317141,-4.95429647782445,5.566415399488807
1789453600460790800,68.97679077148437,-6.27923282969892,-5.113406843328476,5.531244717386365
1789453600470730800,68.98673071289062,-6.195005563482642,-5.270551461717486,5.4784664824008935
1789453600480669700,68.99666967773437,-6.112118605959415,-5.43091562667489,5.414572394639253
1789453600490610000,69.00660986328126,-6.027392742571235,-5.597950355437398,5.338898437234759
1789453600500548900,69.016548828125,-5.9465545342713595,-5.763114029631018,5.253134462970495
1789453600510488800,69.02648876953126,-5.872773843267559,-5.916586096987128,5.164777549603581
1789453600520427800,69.036427734375,-5.790328784292936,-6.062580375808477,5.087984232780337
1789453600530367700,69.04636767578126,-5.695817439949512,-6.210054664054512,5.016299637272954
1789453600540306700,69.056306640625,-5.599451407650113,-6.358657664069533,4.938011697977781
1789453600550246700,69.06624658203125,-5.504512193283438,-6.5059168482601635,4.852194532221556
1789453600560185600,69.076185546875,-5.414424510601163,-6.64772127417624,4.760479832859337
1789453600570125800,69.08612573242188,-5.327487985426187,-6.778883894568681,4.6727939506217835
1789453600580064800,69.09606469726563,-5.2360827904045575,-6.90253599320054,4.594430608002841
1789453600590004700,69.10600463867188,-5.1460757717430585,-7.027676284563541,4.5055563927635545
1789453600599944000,69.11594384765625,-5.061672564437985,-7.155836800530553,4.398163355015218
1789453600609884000,69.1258837890625,-4.982777306899428,-7.279871761000156,4.283194913576543
1789453600619822800,69.13582275390625,-4.907056003221869,-7.3940925989419215,4.1735611111640925
1789453600629762800,69.1457626953125,-4.834525896801054,-7.500249957415461,4.067429763914644
1789453600639701800,69.15570166015625,-4.757307924824953,-7.606828171649575,3.9591082131445408
1789453600649641700,69.16564184570312,-4.67181136932522,-7.7164067367434495,3.8472859607771035
1789453600659580700,69.17558056640625,-4.580187855377793,-7.817693274310231,3.751789989310503
1789453600669521000,69.18552099609374,-4.4797804387331,-7.911341864344477,3.675949150906503
1789453600679459800,69.1954599609375,-4.382203569339215,-8.00106363632381,3.5985675128012895
1789453600689399800,69.20539990234376,-4.298363841135799,-8.087592165219784,3.505039334276318
1789453600699338800,69.2153388671875,-4.22698056666255,-8.173265538591146,3.3912785150617357
1789453600709278700,69.22527880859376,-4.164514758138358,-8.255342933297158,3.2674995751798153
1789453600719217700,69.2352177734375,-4.111108746643364,-8.32797796139717,3.1486414328262207
1789453600729157600,69.24515771484376,-4.059639256168902,-8.389652619543671,3.0501559241548177
1789453600739097900,69.25509790039062,-4.01909740242213,-8.438716802442073,2.967375057354569
1789453600749036800,69.26503686523438,-3.9917689582526683,-8.475842125743627,2.89762289121449
1789453600758976800,69.27497680664062,-3.9668814774945376,-8.506002286207675,2.842917779819667
1789453600768916000,69.284916015625,-3.9376968840643762,-8.53262608923912,2.8034292345181107
1789453600778855700,69.29485571289062,-3.9069256059646604,-8.555822255909442,2.775648954927921
1789453600788795000,69.304794921875,-3.8829634233579036,-8.573678815117479,2.75409178763628
1789453600798734600,69.31473461914062,-3.8698403224125504,-8.584895205658674,2.7375743680775164
1789453600808673800,69.324673828125,-3.8640009487345814,-8.589984053230285,2.7298431893035766
1789453600818613800,69.33461376953124,-3.860614521166682,-8.590526489543914,2.732931218446791
1789453600828552700,69.344552734375,-3.8585730784669514,-8.58788795773387,2.7440844806239006
1789453600838493000,69.35449291992188,-3.8603967867627738,-8.582063197103142,2.759692384122312
1789453600848431900,69.36443188476562,-3.8661224709331985,-8.57184926160276,2.7833263576880096
1789453600858371800,69.37437182617188,-3.871985225486755,-8.555830439215898,2.824165440815687
1789453600868310800,69.38431079101562,-3.878729146789014,-8.532951667931675,2.8835011346206065
1789453600878250800,69.39425073242188,-3.890887202094495,-8.502619658032058,2.9558132143765685
1789453600888189700,69.40418969726562,-3.911512641493976,-8.465808807507157,3.0332424910157916
1789453600898129700,69.41412963867188,-3.9403035594314333,-8.422998424306511,3.1140766076624393
1789453600908068900,69.42406884765624,-3.9726983470797537,-8.375094517359138,3.200909380201995
1789453600918008800,69.4340087890625,-4.003208636155724,-8.323722057518362,3.295503142131865
1789453600927947800,69.44394775390624,-4.031794094648957,-8.270154133459926,3.394043888121843
1789453600937887700,69.4538876953125,-4.063789069324732,-8.21548204755187,3.4873850196421143
1789453600947827000,69.46382690429688,-4.108768028736114,-8.15824683315754,3.568106615824997
1789453600957766700,69.4737666015625,-4.1656618823468685,-8.096466961070895,3.642100949579477
1789453600967705600,69.48370556640624,-4.221610271801055,-8.030907570445537,3.7219504391029474
1789453600977645800,69.49364575195312,-4.269518270401656,-7.963834268125892,3.8103728189215063
1789453600987584300,69.50358422851562,-4.312987702032923,-7.898517454084754,3.8964009970799087
1789453600997524200,69.51352416992188,-4.361412710244953,-7.832460635331272,3.9750507554247974
1789453601007463400,69.52346337890626,-4.4147520862445235,-7.762706715625524,4.052250022700429
1789453601017403400,69.5334033203125,-4.4660833372920745,-7.690925674006342,4.132082561089098
1789453601027342300,69.54334228515626,-4.508934929285943,-7.619660765215754,4.216713439670205
1789453601037282600,69.55328247070312,-4.544679611884058,-7.549336352145671,4.303930827613175
1789453601047221500,69.56322143554688,-4.57891622800678,-7.479539177820086,4.388665458829701
1789453601057161200,69.5731611328125,-4.619874553599954,-7.410211959093808,4.462723797731101
1789453601067100200,69.58310009765626,-4.6687464287966485,-7.342407419890165,4.523517873650789
1789453601077040400,69.59304028320312,-4.720374032442272,-7.277154318735003,4.575095792935788
1789453601086979300,69.60297924804688,-4.770632978083193,-7.216675592374801,4.618555287694931
1789453601096919300,69.61291918945312,-4.819535540679097,-7.160126022157073,4.6556478777706625
1789453601106858200,69.62285815429688,-4.869132515279948,-7.104919683241844,4.688500346058607
1789453601116798500,69.63279858398438,-4.921388479956984,-7.044186105337738,4.725436576528847
1789453601126737400,69.6427373046875,-4.974647776457667,-6.970773078602552,4.778241114999354
1789453601136677400,69.65267749023438,-5.023759890151023,-6.882787336635589,4.853811319768429
1789453601146616600,69.66261645507812,-5.071984699615836,-6.781258807006478,4.94569757630527
1789453601156556300,69.67255639648438,-5.126784211295843,-6.669070351675153,5.040826175764202
1789453601166495200,69.6824951171875,-5.195763054975867,-6.550139436346292,5.125436303818225
1789453601176435500,69.692435546875,-5.276072270965576,-6.430546257716417,5.194374815487861
1789453601186374400,69.70237451171874,-5.361608281692862,-6.313018194922805,5.250649660417437
1789453601196314400,69.712314453125,-5.440264469778538,-6.195073952543735,5.309892707502842
1789453601206253300,69.72225341796874,-5.514761784619092,-6.06757394631207,5.379806786206364
1789453601216193500,69.73219360351563,-5.584849466323853,-5.929355562189221,5.461007398077845
1789453601226132500,69.74213256835938,-5.645284938064218,-5.789353801780939,5.548379976582527
1789453601236072200,69.752072265625,-5.710418796753883,-5.655582460194826,5.619240396225452
1789453601246011100,69.76201123046874,-5.79591505999267,-5.528913059568405,5.657641730812192
1789453601255951400,69.77195141601563,-5.9010220326304434,-5.40667141225636,5.667121506819129
1789453601265890300,69.78189038085938,-6.012920565104484,-5.2865077402621505,5.6628597577214235
1789453601275830300,69.79183032226562,-6.112177642670273,-5.166895856931805,5.666994665569066
1789453601285769500,69.80176953125,-6.191898245117068,-5.046821032264829,5.688616130268573
1789453601295709400,69.81170947265625,-6.253584009179472,-4.932771459236741,5.7210857367187735
1789453601305648400,69.8216484375,-6.307899536734819,-4.825927579803764,5.7524973585486405
1789453601315588400,69.83158837890625,-6.370645623505115,-4.7200475769668815,5.771169325792789
1789453601325527600,69.84152758789062,-6.445619323685765,-4.612063003066182,5.775225907707214
1789453601335467300,69.85146728515625,-6.515642707982659,-4.506250512507558,5.780179730722308
1789453601345406200,69.86140625,-6.576666793265939,-4.406706434693932,5.787810079470277
1789453601355346400,69.87134643554687,-6.639801587092876,-4.311282943941652,5.787594390892982
1789453601365285400,69.88128540039062,-6.702875006121396,-4.22130953528881,5.781209073770046
1789453601375225300,69.89122534179687,-6.764090230062603,-4.136185027971863,5.771431191599369
1789453601385164300,69.90116430664062,-6.817565799662471,-4.056834427881241,5.764833108508586
1789453601395104500,69.9111044921875,-6.860467368277907,-3.985219682739675,5.763887936612964
1789453601405043500,69.92104345703125,-6.892047332412004,-3.919013518643379,5.771606548166274
1789453601414983200,69.93098315429687,-6.907147286388278,-3.8563057180568574,5.795740872469544
1789453601424922400,69.94092236328125,-6.916928091168403,-3.8024034474775195,5.8196437261044975
1789453601434862300,69.9508623046875,-6.921602512720227,-3.76247183458358,5.839999116390943
1789453601444802300,69.96080224609375,-6.909439196717739,-3.737214935991168,5.870539800605178
1789453601454741500,69.97074145507813,-6.890883549329638,-3.7230227445095774,5.901292081743478
1789453601464681500,69.98068139648437,-6.868958717769384,-3.7147266253292557,5.932002277305722
1789453601474620400,69.99062036132813,-6.847382261255383,-3.7118186289280652,5.958700899139046
1789453601484560100,70.00056005859375,-6.82170655272901,-3.714872171279788,5.986187456479668
1789453601494499300,70.01049926757813,-6.7930906990975135,-3.725029992678761,6.012360008612275
1789453601504439300,70.02043920898437,-6.764427499192952,-3.741061674547195,6.0346793924480675
1789453601514378200,70.03037817382813,-6.739654876986146,-3.7626486524552103,6.048962184822559
1789453601524318500,70.040318359375,-6.715407739958167,-3.7923040782675144,6.057402680909633
1789453601534257400,70.05025732421875,-6.695673111918568,-3.8300384733781216,6.05550532285571
1789453601544197400,70.060197265625,-6.6825751454144715,-3.873883752584457,6.042067749133706
1789453601554136300,70.07013623046875,-6.667865652060509,-3.925033509585261,6.025286125680804
1789453601564076500,70.08007666015625,-6.6456281012892715,-3.9866713428527114,6.009364333927631
1789453601574015500,70.09001538085937,-6.614887510588765,-4.0602676172003145,5.993984393966198
1789453601583955200,70.099955078125,-6.577024520662427,-4.149918077509105,5.974221708875894
1789453601593894400,70.10989428710937,-6.533713202202319,-4.253261547605693,5.949010110729932
1789453601603834400,70.11983447265625,-6.483467700564861,-4.366480515028536,5.921901154530048
1789453601613773300,70.12977319335937,-6.4243181769818065,-4.48914447940588,5.894581185927986
1789453601623713300,70.13971337890625,-6.361077000170946,-4.620679732502997,5.861435287651419
1789453601633652500,70.14965258789063,-6.296069982731342,-4.761414483360946,5.81883708589673
1789453601643592400,70.15959252929687,-6.227988964673877,-4.911787707918882,5.766879519644379
1789453601653531400,70.16953149414063,-6.1507157553792,-5.06942215565145,5.713150267544388
1789453601663471400,70.17947143554687,-6.064284257116913,-5.232834602263569,5.657939836975932
1789453601673410300,70.18941040039063,-5.977440086400509,-5.39687833251655,5.595915634739399
1789453601683350300,70.19935034179687,-5.895465567547083,-5.557060711166263,5.525663117861748
1789453601693289200,70.20928930664063,-5.815021327000856,-5.714712694555521,5.44958467130959
1789453601703229400,70.2192294921875,-5.730289033871888,-5.87540243820548,5.367852144518494
1789453601713168400,70.22916845703125,-5.637779092478752,-6.0422097879529,5.279914917868376
1789453601723108400,70.2391083984375,-5.542744601044059,-6.2108016830295325,5.184043391087651
1789453601733047300,70.24904736328125,-5.4500218936830755,-6.372304496628046,5.085407075768709
1789453601742987500,70.25898754882813,-5.353523174914717,-6.523926552203298,4.9948552827060215
1789453601752926500,70.26892651367187,-5.250686485296487,-6.669578885719179,4.9109454118758435
1789453601762866200,70.2788662109375,-5.1458846330851316,-6.813617354297637,4.823369712014496
1789453601772805400,70.28880541992187,-5.048244343066215,-6.952987246543168,4.7266827771976585
1789453601782745300,70.29874536132813,-4.958403913143277,-7.084258588007092,4.625784654426575
1789453601792684300,70.30868432617187,-4.872615096698701,-7.208403438591957,4.524034591001272
1789453601802624500,70.31862451171875,-4.794307575920224,-7.3253990019440645,4.41854387974292
1789453601812563500,70.3285634765625,-4.730326686657965,-7.435527602136134,4.302014180336893
1789453601822503400,70.33850341796875,-4.671531091079116,-7.540450450378656,4.181958644892275
1789453601832442400,70.3484423828125,-4.603791433805227,-7.641375753417611,4.072451099207997
1789453601842382300,70.35838232421875,-4.52390774975121,-7.740239447751641,3.9740860020458695
1789453601852321300,70.3683212890625,-4.440650789871811,-7.837489277148246,3.8761809236109253
1789453601862261200,70.37826123046875,-4.363464089816809,-7.929993957844376,3.7743586717322466
1789453601872201500,70.38820141601562,-4.288419370226562,-8.015576730322838,3.6783655643984674
1789453601882140400,70.39814038085937,-4.20595326846391,-8.096931655973195,3.594446048957109
1789453601892080400,70.40808032226562,-4.120775569655001,-8.174325276777148,3.5171032815575596
1789453601902019300,70.41801928710937,-4.048103132154047,-8.242230938267708,3.4422193054869767
1789453601911959300,70.42795922851562,-3.988022172939777,-8.300371577069162,3.371929086947441
1789453601921898200,70.43789819335937,-3.9352711182221767,-8.35285521302223,3.3036063690885897
1789453601931838200,70.44783813476562,-3.8870515694543717,-8.400946751496196,3.2380949092581868
1789453601941777400,70.45777734375,-3.839271873408556,-8.44500859606266,3.179967129938304
1789453601951717400,70.46771728515625,-3.793727681329846,-8.483903267124294,3.1307232065588235
1789453601961656300,70.47765625,-3.7549306254237886,-8.516264737024903,3.089358053730428
1789453601971596500,70.48759643554688,-3.7310380009219046,-8.540795951691269,3.050334787853062
1789453601981535500,70.49753540039063,-3.724791215486824,-8.556820619297026,3.0128192961901425
1789453601991475500,70.50747534179688,-3.727976859785616,-8.565746853074431,2.9833775131285187
1789453602001414700,70.51741455078125,-3.733223528267443,-8.570154732644557,2.9640923824220895
1789453602011354400,70.52735424804688,-3.7410704423755403,-8.571254218319059,2.9509929546132683
1789453602021293600,70.53729345703125,-3.7522517616033553,-8.571012810778617,2.9374691639125343
1789453602031233500,70.54723364257812,-3.7644241376951335,-8.570100956630707,2.9245351557984947
1789453602041172500,70.55717236328125,-3.772774617411196,-8.56602859262526,2.925696893054247
1789453602051112400,70.56711254882812,-3.785749542057514,-8.554079796156287,2.943846882250905
1789453602061051600,70.5770517578125,-3.8145088958129283,-8.531161861905455,2.973073268996179
1789453602070991600,70.58699169921876,-3.8551048178344964,-8.498901514291763,3.0128400467172263
1789453602080930600,70.5969306640625,-3.8970410485491156,-8.46188725014925,3.0626687842473386
1789453602090870500,70.60687060546876,-3.930936303888261,-8.423643736472725,3.124155518606305
1789453602100809500,70.6168095703125,-3.954933557808399,-8.386983108073473,3.191770380456745
1789453602110749400,70.62674951171876,-3.9743943373426793,-8.353242751035094,3.255444395726919
1789453602120688400,70.6366884765625,-4.002558063292503,-8.320121402677893,3.305373963283002
1789453602130628600,70.64662866210938,-4.045446187904477,-8.283789860102534,3.344183294148743
1789453602140567600,70.65656762695312,-4.098832910177111,-8.245298509144783,3.37416839030683
1789453602150507500,70.66650756835938,-4.1528862796649335,-8.207786816874146,3.3994401942074295
1789453602160446700,70.67644677734376,-4.204872779750824,-8.169950714954734,3.426564055715501
1789453602170386400,70.68638647460938,-4.261384063784778,-8.126123263666033,3.4607968724459406
1789453602180326400,70.69632641601562,-4.319387632203102,-8.0750091625005,3.508205397091806
1789453602190265300,70.70626538085938,-4.368162476766109,-8.021561065429449,3.5698917456761
1789453602200205600,70.71620556640624,-4.401532831448316,-7.970842685583233,3.641774786365032
1789453602210144500,70.72614453125,-4.43104884878993,-7.922122786077857,3.7116204760074614
1789453602220084500,70.73608447265624,-4.4783197185307735,-7.865578476557135,3.7746176149293778
1789453602230023700,70.74602368164062,-4.539523544295132,-7.797417963522673,3.842316940192878
1789453602239963600,70.75596362304688,-4.600649628648162,-7.722345479142666,3.920434491357207
1789453602249902600,70.76590258789062,-4.648058153294026,-7.6451698850035665,4.014637500403821
1789453602259842600,70.77584252929688,-4.677698673798144,-7.570476170808076,4.1203637739837164
1789453602269781500,70.78578149414062,-4.7022509312525385,-7.499089681464433,4.221717239306867
1789453602279721500,70.79572143554688,-4.744065873675048,-7.429658417841791,4.297026162791252
1789453602289660400,70.80566040039062,-4.816859891729057,-7.35776631706357,4.339534348174929
1789453602299600600,70.8156005859375,-4.917123223727941,-7.281056586870551,4.356434921832382
1789453602309539600,70.82553955078124,-5.026148831114172,-7.197965631207824,4.370070648474991
1789453602319479600,70.8354794921875,-5.113033918362856,-7.112090597784519,4.409698894508183
1789453602329418500,70.84541845703124,-5.16041643178463,-7.027316219079494,4.489691299633681
1789453602339358500,70.8553583984375,-5.178247272029519,-6.940514133939146,4.602763552062213
1789453602349297400,70.86529736328124,-5.192397962456941,-6.843517987042665,4.73028956951797
1789453602359237400,70.8752373046875,-5.217091674208641,-6.733944098123907,4.858635671184957
1789453602369176600,70.88517651367188,-5.2459816686064,-6.622174744987487,4.979644269570708
1789453602379116500,70.89511645507812,-5.27694087049365,-6.5185834376096725,5.082557531556486
1789453602389055500,70.90505541992188,-5.315819759464263,-6.421568001490831,5.164875164759159
1789453602398995700,70.91499560546875,-5.368124531719088,-6.324143984571099,5.230565488287806
1789453602408934700,70.9249345703125,-5.432504357171059,-6.220622819820046,5.287920529669523
1789453602418874600,70.93487451171875,-5.4972711361140005,-6.111509534150362,5.347881954157352
1789453602428813600,70.9448134765625,-5.55665505297482,-6.006037819853424,5.405693507134914
1789453602438753500,70.95475341796875,-5.620689425989985,-5.905342233917117,5.450244012001156
1789453602448693500,70.96469360351563,-5.707638226124644,-5.797560489112138,5.475539781299233
1789453602458632400,70.97463256835937,-5.812238418284058,-5.67797315570116,5.490803985926509
1789453602468572700,70.98457275390625,-5.916645133697986,-5.552199242609739,5.507881961977482
1789453602478511600,70.99451171875,-6.012735856187343,-5.423685675421357,5.531816964316368
1789453602488451600,71.00445166015625,-6.104473059642315,-5.293610265743732,5.557290428268909
1789453602498390500,71.014390625,-6.195358614704013,-5.16468636418879,5.577989517426491
1789453602508330500,71.02433056640625,-6.293132175713777,-5.035815654125809,5.586360455408692
1789453602518269400,71.03426953125,-6.40691169962883,-4.90699872007668,5.57164862396717
1789453602528209400,71.04420947265625,-6.523824260872602,-4.78310579842627,5.543645349276066
1789453602538148600,71.05414868164063,-6.636558659648895,-4.662302074962854,5.512662766513228
1789453602548088600,71.06408862304687,-6.737205730268359,-4.54108509452343,5.491721685293316
1789453602558027500,71.07402758789063,-6.813904354545474,-4.418671597775817,5.496950818118453
1789453602567967500,71.08396752929687,-6.85882018559277,-4.305045803117752,5.5311441796213385
1789453602577906700,71.09390673828125,-6.870620513501763,-4.22693409717232,5.576559192362428
1789453602587846400,71.10384643554687,-6.879063932198286,-4.17159916344136,5.607731160217523
1789453602597785600,71.11378564453125,-6.893240926110744,-4.107962265311182,5.6372243812054394
1789453602607725600,71.1237255859375,-6.912562297174334,-4.049144750161469,5.656088656151295
1789453602617664500,71.13366455078125,-6.911759748619795,-4.017339452838898,5.679695741710066
1789453602627604500,71.1436044921875,-6.8905012720137835,-3.997565369571745,5.719340938878059
1789453602637543400,71.15354345703125,-6.8597098279088735,-3.9815684667557476,5.767309727755189
1789453602647483600,71.16348364257813,-6.838596897253394,-3.969274802371859,5.8007601619362825
1789453602657422600,71.17342260742187,-6.823508633714914,-3.9601486621081827,5.824718545150756
1789453602667362600,71.18336254882813,-6.816236012363434,-3.954785673770308,5.836866079062223
1789453602677301800,71.1933017578125,-6.818952870106696,-3.9475963467881083,5.838557100889086
1789453602687241500,71.20324145507813,-6.823461287441849,-3.9372231290727853,5.840293130901456
1789453602697181400,71.21318139648437,-6.835184458461404,-3.9233261211454864,5.835932597604393
1789453602707120400,71.22312036132813,-6.866525937664508,-3.903017200349271,5.812713634580374
1789453602717060600,71.233060546875,-6.926991220021248,-3.874911634327471,5.759537340188026
1789453602726999600,71.24299951171875,-7.009331649577617,-3.8470232181876898,5.6780362840652465
1789453602736939500,71.252939453125,-7.086010984632372,-3.8379856329903004,5.588264827725291
1789453602746878700,71.26287866210937,-7.121221414223313,-3.8655943554058667,5.524104197981953
1789453602756818400,71.272818359375,-7.093015894958376,-3.9327778401017186,5.5129661333739755
1789453602766757400,71.28275732421875,-7.020294357618689,-4.025790178059041,5.538847593605518
1789453602776697600,71.29269750976563,-6.942413830080628,-4.133466416662931,5.557670367497205
1789453602786636500,71.30263647460937,-6.864267929604649,-4.247844490993023,5.568486360543966
1789453602796576500,71.31257641601563,-6.732716017633676,-4.367120858758688,5.636414233866334
1789453602806515500,71.32251538085937,-6.574930763253569,-4.474763487353921,5.737351811864972
1789453602816455700,71.33245556640625,-6.471577940806746,-4.560503496220708,5.787129695990681
1789453602826394600,71.34239453125,-6.456822854745388,-4.617508993512391,5.75833497866094
1789453602836334600,71.35233447265625,-6.455826829445361,-4.666262795287371,5.7200224914014335
1789453602846273500,71.3622734375,-6.413253762131929,-4.737284835232794,5.709525062784552
1789453602856213500,71.37221362304687,-6.334480085146427,-4.85451800673306,5.698983795025945
1789453602866152400,71.38215234375,-6.240475521281361,-5.0160781034767625,5.662670957151055
1789453602876092400,71.39209252929687,-6.154204182016849,-5.204316948309541,5.58670064714849
1789453602886031600,71.40203149414063,-6.071662092408538,-5.399308190011978,5.491154114538431
1789453602895971600,71.4119716796875,-5.990476678106188,-5.590761320716142,5.387764467212557
1789453602905910500,71.42191064453125,-5.90589460710287,-5.776756770536303,5.283922984465956
1789453602915850800,71.43185083007812,-5.817444170233607,-5.956031972190737,5.182022698915004
1789453602925789700,71.44178979492187,-5.727922889262437,-6.130429923197627,5.0773120321184395
1789453602935729400,71.4517294921875,-5.643616128069162,-6.293218100431561,4.971458040505647
1789453602945669400,71.46166943359376,-5.556353439679741,-6.439952383965253,4.881018183384835
1789453602955608600,71.47160864257812,-5.457264704418182,-6.576217880454659,4.810613690815866
1789453602965548500,71.48154858398438,-5.340304212379455,-6.709836077305674,4.757062425631284
1789453602975487500,71.49148754882812,-5.21168426220715,-6.841454040250182,4.712034658642113
1789453602985427700,71.501427734375,-5.081752644914388,-6.965918039786815,4.671415940266847
1789453602995366700,71.51136669921875,-4.957647541818022,-7.0837804491013285,4.627328961259126
1789453603005306400,71.52130639648438,-4.844548401382565,-7.202657588416337,4.563163655340671
1789453603015245300,71.53124536132813,-4.737089312660694,-7.328398768281936,4.474925399917364
1789453603025185500,71.541185546875,-4.634895012599229,-7.454870015987753,4.371849933107197
1789453603035124500,71.55112451171875,-4.544159679663181,-7.57255882230103,4.263489511631429
1789453603045064400,71.561064453125,-4.468595904634893,-7.678609213268756,4.152227815756201
1789453603055003400,71.57100341796875,-4.4073809729546305,-7.7744760638743635,4.037683152687549
1789453603064943600,71.58094360351562,-4.335513422095775,-7.8577096428781745,3.9534906655237076
1789453603074882600,71.59088256835938,-4.238793754053115,-7.932133892482518,3.909503347498178
1789453603084822500,71.60082250976562,-4.137855007010698,-8.005042476826906,3.8688308531090616
1789453603094761500,71.61076147460938,-4.057949695646762,-8.075255246216058,3.80705536493659
1789453603104701400,71.62070141601562,-4.000783747096359,-8.139125368580222,3.7307875332921743
1789453603114640400,71.63064038085938,-3.9574206984490155,-8.198730819237232,3.645551966816187
1789453603124580400,71.64058032226562,-3.9239661726146933,-8.255222521787882,3.553052546817064
1789453603134519600,71.65051953125,-3.8941760145068165,-8.308851820644735,3.4595886656999584
1789453603144459500,71.66045947265626,-3.8614381125092505,-8.361110415670275,3.3691973238959907
1789453603154398500,71.6703984375,-3.8248613630011676,-8.412979719117283,3.2806451802179217
1789453603164338700,71.68033862304688,-3.787610659754276,-8.463044603490829,3.193945678669214
1789453603174278400,71.6902783203125,-3.7564176491111514,-8.507285311755538,3.11220058465749
1789453603184217300,71.70021728515626,-3.7305768131509423,-8.543920221191645,3.0421368683502075
1789453603194157600,71.71015747070312,-3.70406962223649,-8.573755972006916,2.9901459843501446
1789453603204096500,71.72009643554688,-3.6763700066670775,-8.597297006592154,2.956554972654581
1789453603214036500,71.73003637695312,-3.6523859044894573,-8.614970025926828,2.934745876428485
1789453603223975400,71.73997534179688,-3.6373315432205793,-8.627084242090582,2.9178151998937127
1789453603233915600,71.74991552734375,-3.6304932216331363,-8.63449013443291,2.904392531479895
1789453603243854600,71.7598544921875,-3.6247184376239776,-8.637314544203877,2.9032071210876107
1789453603253794300,71.76979418945312,-3.6219396205604073,-8.635662685343622,2.911574259677529
1789453603263733500,71.7797333984375,-3.627785423979163,-8.628518658807874,2.9254475944682956
1789453603273673500,71.78967358398438,-3.6411738978624344,-8.613892167562247,2.9517943341240285
1789453603283612400,71.7996123046875,-3.6520460050106047,-8.593246854418515,2.9981711776345965
1789453603293552400,71.80955249023438,-3.6620252549722787,-8.567417416635156,3.059303691728413
1789453603303491600,71.81949169921874,-3.680223174963891,-8.534661978980898,3.128238404005766
1789453603313431600,71.829431640625,-3.71474737585634,-8.495516548028588,3.193304165895283
1789453603323370500,71.83937060546874,-3.766491591618955,-8.450723466578125,3.2510347625911233
1789453603333310700,71.84931079101563,-3.822999076260626,-8.402471184584497,3.3096146695926785
1789453603343249700,71.85924975585938,-3.862822552604973,-8.361603167623281,3.366387819433212
1789453603353189400,71.869189453125,-3.889397255797684,-8.336366435036062,3.398229941634834
1789453603363128300,71.87912841796874,-3.939131008520722,-8.31279734340012,3.3986782699242233
1789453603373068500,71.88906860351562,-4.015013055717945,-8.276469892477989,3.3985414918020367
1789453603383007500,71.89900756835938,-4.083089397600293,-8.23361216300428,3.421462348662317
1789453603392947500,71.90894750976562,-4.126022822658717,-8.194882327115534,3.462691307890415
1789453603402887700,71.9188876953125,-4.156852845208347,-8.158777579033375,3.510739299483597
1789453603412826600,71.92882666015625,-4.191686842702329,-8.119584801808,3.5598467370018363
1789453603422766300,71.93876635742187,-4.2451299713373185,-8.071375774434209,3.605848901981115
1789453603432705300,71.94870532226562,-4.316467653103173,-8.012180073621868,3.6528739802673456
1789453603442645500,71.9586455078125,-4.379457777762413,-7.95527686766088,3.7019264727279544
1789453603452584400,71.96858447265625,-4.409462747664749,-7.928935973224044,3.7227670161828397
1789453603462524400,71.9785244140625,-4.436124252358079,-7.922700878226757,3.7043200898662207
1789453603472463400,71.98846337890625,-4.493645590217411,-7.900188017645478,3.6830139747262
1789453603482403600,71.99840356445313,-4.552841291029751,-7.847529609647393,3.7226778765946626
1789453603492342500,72.00834252929687,-4.587258524416387,-7.782512070813775,3.8157439905658364
1789453603502282500,72.01828247070313,-4.6130186963558195,-7.710747980329394,3.9287215504482385
1789453603512221700,72.0282216796875,-4.635997713144123,-7.6358409156441684,4.046213372884691
1789453603522161400,72.03816137695313,-4.650604330645502,-7.566759780633449,4.157691049598157
1789453603532100400,72.04810034179687,-4.670170908641815,-7.500504808959365,4.25468427388519
1789453603542040600,72.05804052734375,-4.729357549364865,-7.428941794005036,4.314433224666119
1789453603551979500,72.0679794921875,-4.857209145513177,-7.337499189582466,4.328858640381694
1789453603561919500,72.07791943359375,-5.023181798002123,-7.222015199837088,4.333649966311454
1789453603571858400,72.0878583984375,-5.155890478792786,-7.095189731866121,4.386970053088665
1789453603581798700,72.09779858398437,-5.221860203784704,-6.968900854989886,4.509657398341596
1789453603591737600,72.10773754882813,-5.250296024674177,-6.839773539817333,4.671431430096924
1789453603601677300,72.11767724609375,-5.284522119402885,-6.700059948700666,4.832539691419899
1789453603611617500,72.12761743164063,-5.3286365709394214,-6.559332796627283,4.9750586953461164
1789453603621556500,72.13755639648437,-5.3788540155261755,-6.429194843107462,5.089572378754616
1789453603631496400,72.14749633789063,-5.454393532896042,-6.3055930133581155,5.163278835478425
1789453603641435400,72.15743530273437,-5.570348062762617,-6.1762511786520475,5.19572096939981
1789453603651375600,72.16737573242187,-5.751871920126677,-6.024964638641476,5.175535090461373
1789453603661314600,72.177314453125,-5.98116699796915,-5.867458785724639,5.095974647012353
1789453603671254300,72.18725415039063,-6.15353081279993,-5.742105728393793,5.033156664049625
1789453603681193500,72.197193359375,-6.212680336382984,-5.6411202196002,5.074518602007627
1789453603691133400,72.20713354492187,-6.1966106605917215,-5.544111213222146,5.19954198899269
1789453603701072400,72.217072265625,-6.168849377962947,-5.428203445106744,5.3525984612852335
1789453603711012600,72.2270126953125,-6.177081784257292,-5.288054385182261,5.481837420138716
1789453603720951600,72.23695166015625,-6.239627964541316,-5.144177829167247,5.547512546098232
1789453603730891500,72.2468916015625,-6.313758784157037,-5.0130321599096055,5.583577546691894
1789453603740830500,72.25683056640625,-6.382135570290684,-4.907378074783087,5.599675279533863
1789453603750770700,72.26677075195313,-6.439432744005322,-4.826428515063226,5.604432118672132
1789453603760709600,72.27670971679687,-6.482915911900997,-4.755069790509343,5.615292535382509
1789453603770649300,72.2866494140625,-6.528720800742507,-4.686438445092738,5.6199184416174885
1789453603780588300,72.29658837890625,-6.59014820612967,-4.614287693378329,5.607911777481436
1789453603790528500,72.30652856445313,-6.664572455734014,-4.53052015362829,5.588222742149234
1789453603800467500,72.31646752929687,-6.749453801944852,-4.430736129578948,5.56631603076756
1789453603810407400,72.32640747070313,-6.84354545957148,-4.323424340373277,5.535726831236481
1789453603820346600,72.3363466796875,-6.9432286535948515,-4.219974487292767,5.491242961865663
1789453603830286600,72.34628662109375,-7.0397963459461925,-4.122467176003754,5.442140200522542
1789453603840226300,72.35622631835938,-7.132483397471904,-4.031043568542599,5.389691051360964
1789453603850165500,72.36616552734375,-7.209262685769796,-3.95391502841562,5.344477114149928
1789453603860105500,72.37610546875,-7.262704937621951,-3.896076002909243,5.314517444694042
1789453603870044400,72.38604443359375,-7.291838093125819,-3.8541479555010794,5.305191397944093
1789453603879984400,72.395984375,-7.305632225200533,-3.8191868244960903,5.311490790349245
1789453603889923600,72.40592358398438,-7.294674777856469,-3.792468621179461,5.345587705740332
1789453603899863600,72.41586352539062,-7.268316932284832,-3.7771027097433802,5.392166501563787
1789453603909802500,72.42580249023437,-7.243062664040923,-3.7697231208860873,5.431175154393911
1789453603919742500,72.43574243164062,-7.222046764019131,-3.7665105885803696,5.461306673285365
1789453603929681700,72.445681640625,-7.197268296593427,-3.764581374083459,5.495242260634899
1789453603939621400,72.45562133789062,-7.16740448872745,-3.7664816547468303,5.532836370491981
1789453603949560300,72.46556030273437,-7.133167288082838,-3.7776176735281943,5.569371326684951
1789453603959500500,72.47550048828126,-7.095832705944776,-3.795438284640014,5.604833100688457
1789453603969439500,72.485439453125,-7.05492494149506,-3.8215436167553065,5.63863950870037
1789453603979379500,72.49537939453126,-7.011623559907078,-3.8609044440239666,5.665771845775843
1789453603989318400,72.505318359375,-6.9665896554380655,-3.9154429666802284,5.683867474436759
1789453603999258600,72.51525854492188,-6.928636649140715,-3.9821392523810264,5.683918912363052
1789453604009197600,72.52519750976562,-6.898838892248272,-4.054212554945051,5.669195390483736
1789453604019137300,72.53513720703126,-6.868810249209403,-4.1331309010982515,5.648634833014011
1789453604029077500,72.54507739257812,-6.83683222566843,-4.224207010295987,5.619983323547244
1789453604039016400,72.55501635742188,-6.803857007783651,-4.328047323998809,5.580854259207844
1789453604048956400,72.56495629882812,-6.769638511839509,-4.442673527871072,5.532183459541201
1789453604058895600,72.5748955078125,-6.732818893486261,-4.5663042914539576,5.476167557808757
1789453604068835600,72.58483569335938,-6.683654172822832,-4.698206332036852,5.424577071303129
1789453604078774500,72.5947744140625,-6.6161214362978935,-4.841682490557432,5.381028436955809
1789453604088714500,72.60471459960938,-6.533976237052679,-4.997428932586312,5.338846414786577
1789453604098653400,72.6146533203125,-6.4390492976456875,-5.164253233468532,5.295232313987612
1789453604108593400,72.62459350585938,-6.3357221941620105,-5.338417375719547,5.2469297631114715
1789453604118532400,72.63453247070312,-6.224584709188342,-5.51517621063888,5.196897611963749
1789453604128472600,72.64447265625,-6.110347504633665,-5.691989990615844,5.14152409978807
1789453604138411500,72.65441162109374,-5.999114742591977,-5.86417611079216,5.078624283760786
1789453604148351500,72.6643515625,-5.893522032263875,-6.030409460043907,5.0070916639447205
1789453604158290400,72.67429052734374,-5.795969420528412,-6.190861303284764,4.924464234140515
1789453604168230700,72.68423071289062,-5.701691884940862,-6.347686772722006,4.834040743632614
1789453604178169600,72.69416967773438,-5.601947316119075,-6.5038716061681505,4.742176698927581
1789453604188109300,72.704109375,-5.500138215982914,-6.657820058864354,4.646750285565853
1789453604198048500,72.71404858398438,-5.402780834558606,-6.804535053175687,4.547377180404961
1789453604207988500,72.72398852539062,-5.308576948729157,-6.94224256516695,4.449126941794157
1789453604217927400,72.73392749023438,-5.218292866691947,-7.071793658709526,4.350804222469032
1789453604227867600,72.74386767578125,-5.135380774727463,-7.194225860157609,4.2475145283862945
1789453604237806600,72.753806640625,-5.057200387459993,-7.312130939570069,4.13857864511013
1789453604247746600,72.76374658203125,-4.976916305911541,-7.428480021712184,4.0272017984226345
1789453604257686300,72.77368627929687,-4.8936307044595475,-7.545186831250787,3.910615108132362
1789453604267625500,72.78362548828125,-4.809533494363725,-7.659327589693665,3.791232065121829
1789453604277565400,72.7935654296875,-4.720381923487782,-7.766001080995798,3.684781861181557
1789453604287504400,72.80350439453125,-4.624754142335057,-7.863495825064182,3.5982580084607
1789453604297444600,72.81344458007813,-4.527033480556309,-7.952325616639852,3.526593578958511
1789453604307383600,72.82338354492188,-4.432518629081547,-8.034356834116577,3.460100414614379
1789453604317323500,72.83332348632813,-4.347191292668879,-8.111447672581672,3.3877287136256693
1789453604327262500,72.84326245117188,-4.2730721634909505,-8.183687563884257,3.3073332806572315
1789453604337202400,72.85320239257813,-4.207444676065444,-8.251713052362204,3.2213375434637066
1789453604347141600,72.8631416015625,-4.143413810181618,-8.315079901379347,3.1403777546107765
1789453604357081300,72.87308129882813,-4.075426900148392,-8.37307557875216,3.074550068438053
1789453604367020300,72.88302026367188,-4.006129492038488,-8.426350657343864,3.0195889364555475
1789453604376960500,72.89296044921875,-3.942530880092084,-8.476142569994925,2.96342018224895
1789453604386899500,72.9028994140625,-3.891290229937434,-8.521685593029856,2.899842613090575
1789453604396839400,72.91283935546875,-3.853281401799619,-8.561778533965349,2.8317124951943753
1789453604406778600,72.92277856445313,-3.8224417346388098,-8.596601425543428,2.7672742175534366
1789453604416718600,72.93271850585937,-3.7953055981710553,-8.625812322458625,2.7131819773599504
1789453604426657500,72.94265747070312,-3.7737969461962577,-8.648419875586033,2.6708964948162435
1789453604436597500,72.95259741210937,-3.7606978106483813,-8.665446413710713,2.63392928468585
1789453604446536400,72.96253637695312,-3.7584450632855293,-8.679002060854435,2.5921763015836476
1789453604456476400,72.97247631835937,-3.762948219923675,-8.68853795096278,2.5534073027282953
1789453604466415400,72.98241528320312,-3.761114574755728,-8.690721140220761,2.548685242642462
1789453604476355600,72.99235546875,-3.7506951798111197,-8.68676801868081,2.57735370324403
1789453604486294500,73.00229443359375,-3.7403751535877583,-8.679521700814366,2.616470784884691
1789453604496234500,73.012234375,-3.7398587284982203,-8.668886909553407,2.652215467482805
1789453604506173400,73.02217333984375,-3.7499817708447574,-8.652872178819775,2.689946063201129
1789453604516113400,73.03211352539063,-3.767845344315469,-8.63018629975915,2.737446357783675
1789453604526053400,73.04205346679687,-3.7933141320928927,-8.598737853050231,2.8005072095915673
1789453604535992300,73.05199243164063,-3.831559691596031,-8.555194479399919,2.8806556820616125
1789453604545932500,73.0619326171875,-3.881493350805342,-8.500499597138166,2.974201688504219
1789453604555871500,73.07187158203125,-3.936496568363905,-8.4401208240211,3.0722517283678052
1789453604565811500,73.0818115234375,-3.9955113596513865,-8.378336275759338,3.16381532882154
1789453604575750700,73.09175073242187,-4.058984299391508,-8.314148758009075,3.251146990793943
1789453604585690600,73.10169067382813,-4.126083028413355,-8.243748941615223,3.3446155480861663
1789453604595629600,73.11162963867187,-4.189776917427778,-8.16781194936037,3.4500723570749163
1789453604605569500,73.12156958007813,-4.241611149561405,-8.09106773237586,3.5656349650144574
1789453604615508500,73.13150854492187,-4.283127985820174,-8.016600812673568,3.682301734803617
1789453604625448400,73.14144848632813,-4.3199043495535845,-7.946930479598045,3.788815651629865
1789453604635387400,73.15138745117187,-4.359377405025064,-7.881277565470337,3.8796550294622776
1789453604645327600,73.16132763671875,-4.402547561448812,-7.818753012496233,3.956655559295416
1789453604655266600,73.1712666015625,-4.448361218118667,-7.76021548333168,4.0201431120827795
1789453604665206500,73.18120654296875,-4.4996386931523675,-7.7050348633795975,4.068920294733346
1789453604675145500,73.1911455078125,-4.559589888507127,-7.64943455671072,4.1069013580814
1789453604685085400,73.20108544921875,-4.618924413268267,-7.591723541498184,4.1474902658402915
1789453604695024400,73.2110244140625,-4.665287228253484,-7.536427770733833,4.196154343505204
1789453604704964400,73.22096435546875,-4.686768407699465,-7.48788556588292,4.258656684647501
1789453604714903600,73.23090356445313,-4.689454870304465,-7.443415725037455,4.3330040696233505
1789453604724843500,73.24084350585937,-4.6874224876940245,-7.395254043936729,4.416861041222512
1789453604734782500,73.25078247070313,-4.684794185017049,-7.3428347053915255,4.506206965626776
1789453604744722700,73.26072265625,-4.68481055162996,-7.29193161662817,4.588097313328087
1789453604754661600,73.27066162109375,-4.695968782243132,-7.246147770574688,4.648828845405578
1789453604764601300,73.28060131835937,-4.725072127130628,-7.202215105345845,4.68744996022284
1789453604774540500,73.29054052734375,-4.773558802402019,-7.153088378605246,4.7134740437954665
1789453604784480500,73.30048046875,-4.83491664968431,-7.091819378650188,4.743422607335448
1789453604794419500,73.31041943359375,-4.892599023324251,-7.017244322398304,4.794905541813374
1789453604804359400,73.320359375,-4.934980367457866,-6.935435807761549,4.869917820438743
1789453604814298400,73.33029833984375,-4.966687757363915,-6.85059537808299,4.956991708257794
1789453604824238600,73.34023852539063,-5.005729143419861,-6.76001143631637,5.041358675205707
1789453604834177500,73.35017749023437,-5.063609669980407,-6.660550945132971,5.115400062972307
1789453604844117500,73.36011743164063,-5.131835649466514,-6.552759263455868,5.18613481040895
1789453604854056700,73.370056640625,-5.198863943600655,-6.4407186921626325,5.259214659667014
1789453604863996400,73.37999633789063,-5.260943090894818,-6.3283379291296,5.333381719639897
1789453604873936400,73.38993627929688,-5.322375756978988,-6.214678816723823,5.4055958919793365
1789453604883875300,73.39987524414063,-5.384749503305554,-6.101943248903751,5.471850863653421
1789453604893815600,73.40981567382812,-5.4616369281530375,-5.9863330024302,5.523105834594369
1789453604903754500,73.41975439453125,-5.551715258485078,-5.862302133613825,5.5661663931638
1789453604913694500,73.42969458007812,-5.647955618578195,-5.730673064753413,5.606278623321652
1789453604923633700,73.43963354492188,-5.741491395887732,-5.594878108385205,5.648273013964295
1789453604933573400,73.44957348632812,-5.827684409219026,-5.46006573331356,5.6917626116007565
1789453604943512300,73.45951220703125,-5.913436108523607,-5.329881018042564,5.726603038835525
1789453604953452500,73.46945263671876,-6.001908172702789,-5.206405445021391,5.748119874116778
1789453604963391500,73.4793916015625,-6.085199034851789,-5.088736512452364,5.76589109312892
1789453604973331500,73.48933154296876,-6.161974231496453,-4.969636085775495,5.788191772264242
1789453604983270400,73.4992705078125,-6.230957751351594,-4.850677990178764,5.815190253826976
1789453604993211000,73.5092109375,-6.298671689662337,-4.735009583777189,5.837531264972687
1789453605003149800,73.51914990234376,-6.374032343333959,-4.620254785089195,5.847677980455756
1789453605013089500,73.52908959960938,-6.453300525838136,-4.504857012322545,5.850778284558653
1789453605023028700,73.53902880859376,-6.532055498123168,-4.392992966639995,5.8484372743904585
1789453605032968700,73.54896875,-6.6043614403992885,-4.292477705706656,5.841873093569278
1789453605042907600,73.55890771484376,-6.6643748873353,-4.20858303244561,5.834748356255888
1789453605052847600,73.56884765625,-6.717872084245085,-4.136370613671839,5.825032433405518
1789453605062786800,73.57878686523438,-6.764663646036386,-4.066202560207247,5.820282608529925
1789453605072726800,73.58872680664062,-6.80292586441338,-3.994800288772583,5.825131217604875
1789453605082665700,73.59866577148438,-6.834169143939018,-3.924889717200398,5.8360722983360285
1789453605092606000,73.60860595703124,-6.864371974501013,-3.858115105566382,5.845145831629633
1789453605102545000,73.618544921875,-6.897384017264843,-3.795096631595492,5.847542371377348
1789453605112484600,73.62848461914062,-6.931442354211211,-3.7374434840500355,5.844398812654614
1789453605122423600,73.63842358398438,-6.957976140871644,-3.690577980239689,5.84265343029201
1789453605132363800,73.64836376953124,-6.965986428847908,-3.6576769966349003,5.853785065159201
1789453605142302700,73.658302734375,-6.962875018829107,-3.6387744355052707,5.8692474227070806
1789453605152242700,73.66824267578124,-6.9482269002735615,-3.630707448905706,5.891563299411535
1789453605162182000,73.67818188476562,-6.924817967635393,-3.631121290403604,5.9188066956460474
1789453605172121900,73.68812182617188,-6.895395473796129,-3.6414135518372057,5.946767884761095
1789453605182060800,73.69806079101562,-6.859928439095616,-3.6616280723482366,5.9753071660250425
1789453605192000500,73.70800048828124,-6.8207812545776365,-3.6882349242448806,6.003684534725546
1789453605201939700,73.71793969726562,-6.779245129096507,-3.7191008948907256,6.031624096530676
1789453605211879700,73.72787963867188,-6.740612323841452,-3.7569451801165936,6.0514364659816025
1789453605221818600,73.73781860351562,-6.704297732400894,-3.8053906465947627,6.061500763878226
1789453605231758800,73.7477587890625,-6.668493428570032,-3.8604721900865435,6.066167586645483
1789453605241697800,73.75769775390626,-6.6311968403548,-3.920459041276574,6.068575816830992
1789453605251637800,73.7676376953125,-6.591578531193733,-3.985063907656073,6.0696565978050225
1789453605261576700,73.77757666015626,-6.552863308352231,-4.058043511410057,6.063220427277684
1789453605271516700,73.7875166015625,-6.516822273156047,-4.138903639280795,6.047389236417413
1789453605281455900,73.79745581054688,-6.478319816282391,-4.229814036522805,6.0258151179909705
1789453605291395600,73.8073955078125,-6.435336999124289,-4.330843968980014,6.000055238312482
1789453605301334500,73.81733447265626,-6.383302860504388,-4.442483850517869,5.973959258547425
1789453605311274800,73.82727465820312,-6.317890769395232,-4.566637176670134,5.949827856853604
1789453605321213700,73.83721362304688,-6.24269787350595,-4.6995995399609205,5.925612868529558
1789453605331153700,73.84715356445312,-6.158993754380941,-4.841102060320973,5.899231057560444
1789453605341092900,73.8570927734375,-6.072135555139184,-4.989368375727534,5.865640922647715
1789453605351032800,73.86703271484375,-5.982869125711917,-5.1413919978410005,5.825952470859884
1789453605360971800,73.8769716796875,-5.89131137047708,-5.29512476195991,5.781392029121518
1789453605370911700,73.88691186523438,-5.796468017700314,-5.449298840105533,5.733804933038353
1789453605380850700,73.8968505859375,-5.702091113391519,-5.602507872611284,5.680533946099877
1789453605390790700,73.90679077148438,-5.610622205483913,-5.75429008718431,5.6195607142210005
1789453605400729600,73.9167294921875,-5.521702397537231,-5.904114153426885,5.551811120074987
1789453605410669800,73.926669921875,-5.433016398346424,-6.049768825030326,5.482062461066246
1789453605420608800,73.93660888671874,-5.344300588539243,-6.1923945042014115,5.409537323081493
1789453605430548700,73.946548828125,-5.262194552260637,-6.332101081055402,5.327682631215453
1789453605440487700,73.95648779296874,-5.189944139564037,-6.4692649876892565,5.232924034112692
1789453605450427600,73.966427734375,-5.124427419036627,-6.6046899417012925,5.127249490720033
1789453605460366800,73.97636694335938,-5.060601720336079,-6.738999043425917,5.014639595106244
1789453605470306600,73.986306640625,-4.993211022630334,-6.87323741800189,4.898656715928018
1789453605480245800,73.99624584960938,-4.920488900768756,-7.008747127687931,4.778766015656292
1789453605490185700,74.00618579101562,-4.845957683658599,-7.141179914146662,4.657322825245559
1789453605500124700,74.01612475585938,-4.773173017954826,-7.267777418580651,4.5350437685325735
1789453605510065000,74.02606494140625,-4.70437449927777,-7.388273683530092,4.4105219013288615
1789453605520003800,74.03600390625,-4.636274776519834,-7.5025091345191,4.2880896998807785
1789453605529943800,74.04594384765625,-4.563241396752,-7.610732777872681,4.17419940906763
1789453605539882800,74.0558828125,-4.487442351663113,-7.712244356366991,4.068731494162977
1789453605549822700,74.06582275390625,-4.406256352838874,-7.808451398712396,3.9728289877220986
1789453605559761700,74.07576171875,-4.3242944012060756,-7.900354606384038,3.880113002362847
1789453605569701600,74.08570166015625,-4.248135582894086,-7.987052646628022,3.785594059234857
1789453605579641900,74.09564184570313,-4.17819169357419,-8.06809134593606,3.6903932713225482
1789453605589580800,74.10558081054687,-4.109644227048754,-8.144207201889158,3.599039806488156
1789453605599519700,74.11551977539062,-4.0402626477867365,-8.216551138088107,3.5121149717509743
1789453605609459700,74.12545971679687,-3.976116631090641,-8.284496547067166,3.424618766866624
1789453605619399000,74.13539892578125,-3.920096929965913,-8.34644242337048,3.337681657169759
1789453605629338600,74.14533862304687,-3.8708296257108445,-8.40041834370792,3.2588448518201707
1789453605639278600,74.15527856445313,-3.8207843228206038,-8.446730013027787,3.1976120922222733
1789453605649217800,74.1652177734375,-3.767880707889795,-8.489244628152251,3.147415105901658
1789453605659157800,74.17515771484375,-3.721496265594661,-8.529540398183464,3.0931881334125992
1789453605669096700,74.1850966796875,-3.690740769585967,-8.562582836085557,3.0382597346559166
1789453605679037000,74.19503686523437,-3.6764474558174607,-8.586230838176608,2.988433335213363
1789453605688976000,74.20497583007813,-3.672493749755621,-8.60275176486671,2.9454776983231303
1789453605698915800,74.21491577148437,-3.6765094151377675,-8.613136380758881,2.909899604463577
1789453605708854800,74.22485473632813,-3.690037005230784,-8.612890881565212,2.893458172750473
1789453605718794800,74.23479467773437,-3.709575233915448,-8.603364343807101,2.896828233705461
1789453605728733700,74.24473364257813,-3.7262487208187576,-8.592668177747726,2.9071514747992158
1789453605738673700,74.25467358398437,-3.739845869016647,-8.585183374950288,2.9117981315612793
1789453605748612600,74.26461254882813,-3.75573025136888,-8.57995950282216,2.9067446475639938
1789453605758552800,74.274552734375,-3.773898945266008,-8.576420222780108,2.8936288531422614
1789453605768491800,74.28449169921875,-3.78922627825737,-8.574341662940382,2.87972804582268
1789453605778431700,74.294431640625,-3.8024846960201857,-8.572678113642334,2.867178360851109
1789453605788371000,74.30437084960937,-3.8137572006627916,-8.56910434680879,2.8628821249619123
1789453605798310700,74.314310546875,-3.8215325108394023,-8.561770935180784,2.874436953677237
1789453605808249600,74.32424951171875,-3.8310105332806703,-8.547741825306415,2.9034193025335666
1789453605818189600,74.334189453125,-3.842479145017266,-8.528634389254451,2.94417304546535
1789453605828128800,74.34412866210937,-3.863725931185484,-8.50571587048173,2.9824235734045503
1789453605838068700,74.35406884765625,-3.9022318951904773,-8.477161976170539,3.013414631734788
1789453605848007700,74.36400756835937,-3.9467227788239714,-8.44473094816506,3.046351271174848
1789453605857948000,74.37394799804687,-3.987367508423328,-8.410850305873154,3.0868834803104397
1789453605867886800,74.38388696289063,-4.021439873895049,-8.374335223424435,3.141486592635512
1789453605877826800,74.39382690429687,-4.051770422489941,-8.333803891071677,3.2095632267788052
1789453605887765800,74.40376586914063,-4.085385984104872,-8.287908985859156,3.2848996227920053
1789453605897705700,74.41370581054687,-4.126337295435369,-8.238184877747297,3.357986194051802
1789453605907644700,74.42364477539063,-4.1736508352741595,-8.18823280609846,3.421094392132759
1789453605917583600,74.43358349609375,-4.224294396318495,-8.139611106270552,3.474546873117983
1789453605927523800,74.44352392578125,-4.278622198833525,-8.091314400613307,3.520572126711905
1789453605937463800,74.4534638671875,-4.3357671045959,-8.041044349056483,3.565537057597935
1789453605947402800,74.46340283203125,-4.397672356627881,-7.987582807981967,3.609627251476049
1789453605957342700,74.4733427734375,-4.4829593610301615,-7.928795687970519,3.634235915292799
1789453605967282000,74.48328198242187,-4.607193351203203,-7.859268562757968,3.629880058170855
1789453605977221600,74.4932216796875,-4.755342762231827,-7.777043868535757,3.6158921570897102
1789453605987160600,74.50316064453125,-4.881127196717262,-7.685911060714721,3.6430417375609276
1789453605997100300,74.51310034179687,-4.947839849030971,-7.594376686355472,3.7436288946866987
1789453606007039200,74.52303930664063,-4.9530385867178435,-7.50743139335215,3.908485402627289
1789453606016978200,74.53297827148438,-4.922620067578554,-7.418911398378014,4.110708349148929
1789453606026918400,74.54291845703125,-4.896637192799151,-7.323101830917596,4.3087700843378895
1789453606036857300,74.552857421875,-4.904433838024735,-7.219481881967186,4.4716845182999965
1789453606046797300,74.56279736328125,-4.942733465802669,-7.111231935128569,4.601100879546999
1789453606056736500,74.57273657226563,-4.989248548740148,-7.0096899614959955,4.705533606185019
1789453606066676500,74.58267651367187,-5.034239198589325,-6.921326618388295,4.787699555957317
1789453606076616200,74.5926162109375,-5.0801276740610595,-6.841636995601654,4.853317106510699
1789453606086555400,74.60255541992187,-5.136043038028478,-6.7599103140294545,4.908675713378191
1789453606096495400,74.61249536132813,-5.2064463615536685,-6.668207597365975,4.95966589590311
1789453606106434300,74.62243432617187,-5.286709400314092,-6.563700344187021,5.0138738714307545
1789453606116373200,74.63237329101563,-5.36465247169435,-6.452234357911348,5.075388955101371
1789453606126313500,74.6423134765625,-5.43835717485249,-6.3391743804425,5.139018838968873
1789453606136253400,74.65225341796875,-5.511124304899573,-6.225701730519533,5.199858799856901
1789453606146192400,74.6621923828125,-5.589750682368874,-6.109916127479076,5.252996515804529
1789453606156131300,74.67213134765625,-5.673004719638824,-5.990823299586773,5.300704607918858
1789453606166071300,74.6820712890625,-5.755120692789554,-5.8718567284226415,5.345121257272362
1789453606176010500,74.69201049804687,-5.833937624394894,-5.756891794115305,5.384586421698332
1789453606185950200,74.7019501953125,-5.915567275333404,-5.647417273917794,5.4113914265155785
1789453606195889400,74.71188940429687,-6.005380817249417,-5.533498049271106,5.430122430470585
1789453606205829400,74.72182934570313,-6.088171913182735,-5.4175189694851635,5.454814388656616
1789453606215768300,74.73176831054687,-6.174637313714623,-5.300193151265383,5.47285974843502
1789453606225708300,74.74170825195313,-6.2694970331043,-5.1773599678009745,5.482587946245074
1789453606235648500,74.7516484375,-6.354143986037373,-5.052054841265082,5.501997580114007
1789453606245587500,74.76158740234375,-6.4387640509635204,-4.9343268719851965,5.510452104726434
1789453606255526400,74.7715263671875,-6.524607520204782,-4.828783261495828,5.502976069757342
1789453606265466400,74.78146630859375,-6.609719168040156,-4.729923366554081,5.487240740486979
1789453606275405300,74.7914052734375,-6.687695557168126,-4.624380925108492,5.482722386279701
1789453606285345300,74.80134521484375,-6.76148560052216,-4.5111046745404595,5.486588998579979
1789453606295284200,74.8112841796875,-6.832277046582102,-4.39819667276293,5.490555564123392
1789453606305224400,74.82122436523437,-6.904068609595298,-4.291488986930251,5.485193160307407
1789453606315163400,74.83116333007813,-6.980137119275331,-4.195250964924693,5.463327365458011
1789453606325103400,74.84110327148437,-7.051822883826493,-4.112273406508565,5.434277796584367
1789453606335042600,74.85104248046875,-7.109164481204748,-4.042328640405834,5.412000498324632
1789453606344982300,74.86098217773437,-7.1511688087195155,-3.9811578401282426,5.401996990704536
1789453606354921200,74.87092114257813,-7.182573416286706,-3.921642990364134,5.403866291707754
1789453606364861200,74.88086108398437,-7.205214871683716,-3.8653044325485824,5.414300007438659
1789453606374800400,74.89080029296875,-7.223183074572682,-3.8157995201453563,5.425462037444114
1789453606384740400,74.900740234375,-7.237084174153209,-3.7716979280903935,5.437764469656348
1789453606394679300,74.91067919921875,-7.248922495985031,-3.73376947171241,5.448157853376865
1789453606404619500,74.92061962890625,-7.259058105552196,-3.7060052664741874,5.453623133045435
1789453606414558500,74.93055834960937,-7.266051325440406,-3.6862872973084446,5.457669778087735
1789453606424498400,74.94049853515625,-7.26694038323462,-3.6722722159594294,5.465926149779558
1789453606434437400,74.95043725585937,-7.2639815334290265,-3.6665184747382997,5.473713734915852
1789453606444377300,74.96037744140625,-7.25748398810327,-3.666493924818933,5.482347123226523
1789453606454316300,74.97031640625,-7.238204702615738,-3.6763346430927513,5.501210229128599
1789453606464256300,74.98025634765625,-7.204352701896429,-3.7006001925602554,5.529309949931502
1789453606474195500,74.99019555664063,-7.164241640782356,-3.7355423266038295,5.557850984761118
1789453606484135400,75.00013549804687,-7.128418047729134,-3.776786191140115,5.576018509614467
1789453606494074400,75.01007446289063,-7.094827912816405,-3.8218329550907013,5.588153768566251
1789453606504014300,75.02001440429687,-7.059432189786434,-3.871134453876316,5.599028213801979
1789453606513953500,75.02995361328125,-7.022713693720102,-3.9239378233030435,5.608441354313492
1789453606523893200,75.03989331054687,-6.981363446199894,-3.9822514805838463,5.618957487630844
1789453606533832200,75.04983227539063,-6.936047217658162,-4.047988858124613,5.628094149288534
1789453606543772400,75.0597724609375,-6.887531900814175,-4.122181929321587,5.633818956676125
1789453606553711400,75.06971142578125,-6.836940946739912,-4.2072883164599535,5.6325265787780285
1789453606563651300,75.0796513671875,-6.779534467431903,-4.303276747618615,5.6293941259711975
1789453606573590300,75.08959033203125,-6.716026164117455,-4.409157042716443,5.623583978387713
1789453606583530500,75.09953051757813,-6.650279141965508,-4.524050373092294,5.610447433438897
1789453606593469400,75.10946948242187,-6.584122369968891,-4.648411789037287,5.586767867165803
1789453606603409400,75.11940942382813,-6.519086710956692,-4.781298164482415,5.550773593720794
1789453606613348400,75.12934838867187,-6.450750841355323,-4.920884037566185,5.508454208907485
1789453606623288300,75.13928833007813,-6.3767953783065074,-5.063631881812214,5.465026570591331
1789453606633227300,75.14922729492187,-6.298613821995258,-5.20793689237237,5.4198927128791805
1789453606643167200,75.15916723632813,-6.217765676823258,-5.35501136764586,5.369693972992897
1789453606653106400,75.1691064453125,-6.132917063838243,-5.505984603923559,5.314308770379424
1789453606663046400,75.17904638671875,-6.039551382398605,-5.662243087127805,5.256730441635847
1789453606672985300,75.1889853515625,-5.936553364738821,-5.823941715559363,5.197059524527192
1789453606682925600,75.19892553710937,-5.826726962363719,-5.989741349568963,5.132507849639654
1789453606692864500,75.20886450195313,-5.714891558253765,-6.154242175939679,5.0631718630850315
1789453606702804200,75.21880419921875,-5.610159848669171,-6.309684666585922,4.988427880007028
1789453606712743200,75.2287431640625,-5.514138684284687,-6.456618272083998,4.906805243331194
1789453606722683400,75.23868334960937,-5.425311230796575,-6.597988982757926,4.816941724793613
1789453606732622300,75.24862231445313,-5.341534630957246,-6.735003836309909,4.719970420077443
1789453606742562300,75.25856225585937,-5.252204488644003,-6.868542538183927,4.626862220530212
1789453606752501200,75.26850122070313,-5.156122533982992,-6.999090826070308,4.538450946627557
1789453606762441500,75.27844140625,-5.059995571136474,-7.124592936483025,4.450508167019486
1789453606772380400,75.28838037109375,-4.970973471859097,-7.242832362416387,4.359035751980543
1789453606782320400,75.2983203125,-4.895159229201078,-7.3513207941859955,4.262146864850819
1789453606792259300,75.30825927734375,-4.822255613292754,-7.451989492115378,4.169422696185112
1789453606802199300,75.31819921875,-4.74095709400475,-7.550750310596824,4.084100035947561
1789453606812138200,75.32813818359375,-4.662838081535697,-7.64728994589746,3.99340620406568
1789453606822078500,75.33807836914062,-4.594604503265023,-7.737177722093462,3.898218567895889
1789453606832017400,75.34801733398437,-4.524743908314407,-7.821427200141549,3.8108211472108957
1789453606841957400,75.35795727539063,-4.444954040023684,-7.902056149604916,3.7376796308934686
1789453606851896300,75.36789624023437,-4.355239866828918,-7.980510093116759,3.6761081408604976
1789453606861836500,75.37783642578125,-4.2654406456992024,-8.057398102486133,3.613139643511176
1789453606871775500,75.387775390625,-4.185272299484908,-8.131469885390997,3.540213231249153
1789453606881715200,75.39771508789063,-4.11496746789813,-8.201741691491007,3.459602694225311
1789453606891654100,75.40765405273437,-4.051251367051899,-8.268331009685992,3.375272844417393
1789453606901594400,75.41759448242188,-3.994038949011266,-8.329338143834471,3.292445800387859
1789453606911533300,75.427533203125,-3.9404134495466945,-8.383309387996793,3.219266874669492
1789453606921473300,75.43747338867188,-3.8822228341236706,-8.43199070905745,3.1623201218277215
1789453606931412500,75.44741259765625,-3.8213326043531297,-8.478125268244742,3.112748866190016
1789453606941352400,75.4573525390625,-3.7693759148836135,-8.521065999826789,3.058365241834521
1789453606951291400,75.46729150390625,-3.7347821558862924,-8.557997261860967,2.997079290744662
1789453606961231400,75.4772314453125,-3.7141599313572047,-8.587861654248833,2.936671583794057
1789453606971170300,75.48717041015625,-3.6956785182490943,-8.612117559105158,2.888560463836789
1789453606981110300,75.4971103515625,-3.6764646992132066,-8.632584008550644,2.8517499055728313
1789453606991049200,75.50704931640625,-3.6632200177147984,-8.64558903607428,2.8293139096200464
1789453607000989700,75.51698974609376,-3.6640944624617693,-8.646368203753232,2.8257977181926366
1789453607010928600,75.5269287109375,-3.680589670188725,-8.637426187884808,2.831700220234692
1789453607020868600,75.53686865234376,-3.7043919860586523,-8.622525555872917,2.8460388344496486
1789453607030807600,75.5468076171875,-3.727121119739115,-8.606291044908762,2.865428594574332
1789453607040747500,75.55674755859376,-3.749406016783416,-8.58969471489489,2.8860788761541247
1789453607050686700,75.56668676757812,-3.7764883772373197,-8.571834648555516,2.9038202845498917
1789453607060626400,75.57662646484376,-3.808460847820341,-8.55310189103484,2.917274224884808
1789453607070565600,75.58656567382812,-3.84588456954658,-8.532779233974217,2.9276705312147735
1789453607080505600,75.59650561523438,-3.894915726958215,-8.508042852124571,2.934825371405482
1789453607090444500,75.60644458007812,-3.9568350075155494,-8.474650870132447,2.948582094079256
1789453607100384800,75.616384765625,-4.0201775988742705,-8.433672963055967,2.980218464575708
1789453607110323700,75.62632373046876,-4.058654044523835,-8.395459259995818,3.0354513992369174
1789453607120263700,75.636263671875,-4.0729406362906095,-8.36673351624906,3.095044574934244
1789453607130202600,75.64620263671875,-4.108265924432874,-8.33597772797942,3.1311373403176663
1789453607140142600,75.656142578125,-4.175004880231619,-8.296493858852982,3.1476819401443
1789453607150081500,75.66608154296875,-4.234744186401367,-8.257506248810888,3.170319888409972
1789453607160021500,75.676021484375,-4.261572864355147,-8.226594977718591,3.2144232340306043
1789453607169960400,75.68596044921875,-4.261223904787004,-8.201932245627045,3.277289147788286
1789453607179900700,75.69590063476562,-4.262574734874069,-8.172429087767004,3.3484660860344766
1789453607189839600,75.70583959960938,-4.281779493820667,-8.129736777988075,3.4269659145146605
1789453607199779600,75.71577954101562,-4.310590285502374,-8.07704096058905,3.5143475531086326
1789453607209718800,75.72571875,-4.337122610858082,-8.022393424600363,3.6056790983721614
1789453607219658500,75.73565844726562,-4.358851919846236,-7.970089821389317,3.6943867248728868
1789453607229597700,75.74559765625,-4.378546508136392,-7.916641724318265,3.784908415058255
1789453607239537700,75.75553759765624,-4.4000148281008,-7.859833210903406,3.8772760253712533
1789453607249476600,75.7654765625,-4.4334313600122925,-7.796796032232046,3.9654774559155106
1789453607259416600,75.77541650390626,-4.485993029637634,-7.724168018394709,4.047651588994264
1789453607269355500,75.78535546875,-4.555727952381968,-7.63992146295607,4.128843140776455
1789453607279295700,75.79529565429688,-4.630490932421386,-7.546686714419722,4.216220103195309
1789453607289234700,75.80523461914062,-4.694711767919362,-7.452327930289506,4.311942576894164
1789453607299173600,75.81517358398438,-4.746301377642155,-7.361342421984672,4.4106332527488465
1789453607309113600,75.82511352539062,-4.803494506460428,-7.271580902516842,4.496771613283455
1789453607319053600,75.83505346679688,-4.885190792894363,-7.178770516872405,4.557472165700793
1789453607328992500,75.84499243164062,-4.98702619651556,-7.080789450591802,4.600257706721127
1789453607338931500,75.85493139648437,-5.087081146460771,-6.9781918304264545,4.647236900039017
1789453607348871700,75.86487158203126,-5.170292513632774,-6.873715556907653,4.710680613684654
1789453607358810600,75.874810546875,-5.240556720948219,-6.7692229167759415,4.78378647416681
1789453607368750600,75.88475048828126,-5.306009144067764,-6.666150080314278,4.855828504809737
1789453607378689500,75.894689453125,-5.369812046414613,-6.564703383749723,4.923433722048998
1789453607388629800,75.90462963867188,-5.438066082951426,-6.458587526330351,4.988436647835374
1789453607398568700,75.91456860351562,-5.50055439556837,-6.342618383416533,5.068080093392729
1789453607408508400,75.92450830078126,-5.535441000032424,-6.228966869795322,5.170034739479422
1789453607418447600,75.93444750976562,-5.547195150712132,-6.124507547411322,5.28104421415925
1789453607428387600,75.9443876953125,-5.561584326070546,-6.019695758327841,5.385394815471768
1789453607438326500,75.95432641601562,-5.60023934315741,-5.915174476623535,5.460620444586873
1789453607448266500,75.9642666015625,-5.670114843416214,-5.813698553964495,5.497372842922807
1789453607458205700,75.97420581054688,-5.761905238363147,-5.7172705623447895,5.503062578997016
1789453607468145700,75.98414575195312,-5.868607955759764,-5.624042828071117,5.4863464219957585
1789453607478084600,75.99408471679688,-5.987760989406705,-5.521709996321797,5.4614878750711675
1789453607488024800,76.00402490234374,-6.103751759630441,-5.411096242961287,5.44376575589776
1789453607497963800,76.0139638671875,-6.222469324469566,-5.293880314856767,5.424581747478246
1789453607507903500,76.02390356445312,-6.343368325001001,-5.171043624261022,5.4029965231359
1789453607517842400,76.03384252929688,-6.454941278782487,-5.055160990586876,5.380471387594938
1789453607527782700,76.04378271484374,-6.583456015014648,-4.931101480197906,5.3397348880589
1789453607537721600,76.0537216796875,-6.694491793179512,-4.813791444069147,5.308635400918126
1789453607547661600,76.06366162109374,-6.802524297875165,-4.696394314178824,5.276356933125853
1789453607557600500,76.0736005859375,-6.8889400140464305,-4.591025475734472,5.256934439775347
1789453607567540700,76.08354077148438,-6.9611968564838165,-4.484791544893383,5.253454196444154
1789453607577479700,76.09347973632812,-7.0171472917646165,-4.37947209854871,5.267849217021465
1789453607587419400,76.10341943359376,-7.058137473800778,-4.272922525887191,5.3004912574291225
1789453607597358600,76.11335864257812,-7.086487954494356,-4.170272006490826,5.344235122087597
1789453607607298600,76.12329858398438,-7.110546290951967,-4.070023872061074,5.38938359284699
1789453607617237500,76.13323754882812,-7.128050967982411,-3.9784216931626197,5.434464259067178
1789453607627177700,76.143177734375,-7.142269462949037,-3.9022088065758345,5.4709355023741715
1789453607637116700,76.15311669921876,-7.1521443757534024,-3.8417289111718533,5.500760147273541
1789453607647056600,76.163056640625,-7.1617217669159166,-3.790117674139142,5.524048083880543
1789453607656995600,76.17299560546876,-7.166573298600316,-3.7446252122476693,5.548732443282008
1789453607666935800,76.18293579101562,-7.1618924473077055,-3.7054745205983517,5.580962980279326
1789453607676874800,76.19287475585938,-7.149348607555031,-3.6749268221214413,5.617125011506676
1789453607686814500,76.202814453125,-7.140192656674981,-3.6525440176606176,5.643309254077076
1789453607696753400,76.21275341796876,-7.137363570728898,-3.635883097977936,5.657631793940067
1789453607706693600,76.22269360351562,-7.139173835021257,-3.621148177921772,5.664789849001169
1789453607716632600,76.23263256835938,-7.13967184767127,-3.607774024824798,5.672689077818394
1789453607726572500,76.24257250976562,-7.130398992413282,-3.60307037717849,5.687322583326697
1789453607736511700,76.25251171875,-7.114523377889395,-3.6118551566585895,5.701619404226541
1789453607746451700,76.26245166015624,-7.093900276577473,-3.6308781292974945,5.71521772146821
1789453607756390700,76.272390625,-7.067596791541576,-3.656849605900049,5.731222515329718
1789453607766330600,76.28233056640624,-7.036881335282326,-3.687625560174882,5.749266121542454
1789453607776269600,76.29226953125,-7.007697910895943,-3.7250273623302577,5.760788217031956
1789453607786209500,76.30220947265624,-6.986396179670095,-3.766923845556378,5.75941751320064
1789453607796148500,76.3121484375,-6.972748178067803,-3.8082200248017903,5.748793243333697
1789453607806088700,76.32208862304688,-6.963658278161287,-3.8526705764248965,5.7301627771437165
1789453607816027600,76.33202758789062,-6.951946213057637,-3.9034997231692072,5.709947672110796
1789453607825967600,76.34196752929688,-6.927935807394981,-3.9631343999207016,5.698042714783549
1789453607835906600,76.35190649414062,-6.888294117358327,-4.034672280433774,5.69589576588273
1789453607845846500,76.36184643554688,-6.8312921271979805,-4.117840100724995,5.705016645449399
1789453607855785700,76.37178564453124,-6.760158735832571,-4.209975071325898,5.722477483338118
1789453607865725400,76.38172534179688,-6.684242201843857,-4.310829939477145,5.73655335496366
1789453607875664600,76.39166455078124,-6.617716012012958,-4.418794639633596,5.73153640358448
1789453607885604600,76.4016044921875,-6.564122368991375,-4.532110053168237,5.704616832476854
1789453607895543600,76.41154345703124,-6.5170210105985396,-4.648100823391974,5.665151083528995
1789453607905483800,76.42148388671875,-6.46899727666378,-4.766471766750514,5.621674345374107
1789453607915422700,76.43142260742188,-6.416304966396093,-4.890677407611906,5.5751843968778845
1789453607925362700,76.44136279296875,-6.365813381043076,-5.020208919671178,5.517639970403909
1789453607935301600,76.45130151367188,-6.313228038281202,-5.155042337530851,5.453354837498068
1789453607945241600,76.46124169921875,-6.251245337098837,-5.29738043193221,5.387957359436154
1789453607955180500,76.4711806640625,-6.184830790948867,-5.444267860201001,5.317723547258973
1789453607965120500,76.48112060546875,-6.110083300739526,-5.59315259976685,5.2491836795181035
1789453607975059500,76.4910595703125,-6.025749651539325,-5.74278260474205,5.184704485344886
1789453607984998700,76.50099853515626,-5.92437835829854,-5.895715158393979,5.129587578278779
1789453607994937900,76.51093774414062,-5.8117702162504195,-6.057489190149307,5.06957120873332
1789453608004876800,76.52087670898437,-5.713378231081366,-6.220958919906616,4.982712424969673
1789453608014816800,76.53081665039062,-5.629489987561106,-6.37701515853703,4.879848847344517
1789453608024756000,76.540755859375,-5.545063399380445,-6.524390078061819,4.780693184326589
1789453608034696000,76.55069604492188,-5.454240388160944,-6.661681994989514,4.695064234618842
1789453608044635000,76.560634765625,-5.361494884446263,-6.793652424633502,4.6120527739331125
1789453608054574800,76.57057495117188,-5.27104772080183,-6.925474385717511,4.51931925291717
1789453608064514000,76.58051416015626,-5.184411639878154,-7.05641781040132,4.415798088166118
1789453608074453800,76.59045385742188,-5.099651289698481,-7.181661562138795,4.3113449032619595
1789453608084392700,76.60039282226562,-5.004636087486148,-7.302291098079085,4.21907198549509
1789453608094333000,76.6103330078125,-4.909623223361373,-7.415131879839301,4.133009905067086
1789453608104272000,76.62027197265625,-4.828784138278663,-7.515772520717978,4.045537081058323
1789453608114211800,76.6302119140625,-4.759701834224164,-7.604745520156621,3.960233710043132
1789453608124150800,76.64015087890625,-4.694539333961904,-7.686635867857933,3.879087458707392
1789453608134091000,76.65009106445312,-4.6351004720434545,-7.764637391427159,3.7942867765173314
1789453608144030000,76.66003002929688,-4.588937855805456,-7.83817375228107,3.6979829957991837
1789453608153969700,76.6699697265625,-4.543195510806143,-7.906088766121864,3.6088138892665502
1789453608163908900,76.67990893554688,-4.473659325504303,-7.971863845324516,3.5505183521643278
1789453608173848800,76.68984887695312,-4.3880242383167145,-8.04101044678688,3.5011069632634517
1789453608183787800,76.69978784179688,-4.310885761317611,-8.111119171279668,3.4345918793484564
1789453608193728000,76.70972802734374,-4.2673239752277725,-8.17256645041108,3.342077261780202
1789453608203667000,76.7196669921875,-4.251116936792433,-8.223343866968154,3.23651231624186
1789453608213607000,76.72960693359374,-4.216279724428057,-8.27430190078914,3.1510818117156623
1789453608223545900,76.7395458984375,-4.134809355704486,-8.331568679365516,3.107851741798222
1789453608233485800,76.74948583984374,-4.026593603396416,-8.39223036107719,3.0866493792936205
1789453608243424800,76.7594248046875,-3.932717634347081,-8.446295128741859,3.0601065325438976
1789453608253364700,76.76936474609376,-3.873688230012357,-8.485894148680567,3.025646044537425
1789453608263303700,76.7793037109375,-3.832687818843126,-8.51602625209391,2.993028261788189
1789453608273244000,76.78924389648438,-3.7930461288064716,-8.546116269931197,2.9575515824764964
1789453608283182800,76.79918286132812,-3.7547961853891607,-8.574693545117974,2.9234420998647805
1789453608293122800,76.80912280273438,-3.7207571376651525,-8.596175309085845,2.903812393504381
1789453608303062000,76.81906201171876,-3.6952658457949754,-8.60799083456397,2.9013644158303737
1789453608313002000,76.829001953125,-3.693595866756141,-8.605189221146702,2.9117846875578164
1789453608322941000,76.83894091796876,-3.722059160174429,-8.584273858889937,2.937162582181394
1789453608332881000,76.848880859375,-3.7736332800671457,-8.550388540422915,2.970001606465876
1789453608342819800,76.85881982421876,-3.8335207625359295,-8.513140467524527,3.0001617669299243
1789453608352759800,76.868759765625,-3.8759494529426095,-8.478548462092876,3.043296267518401
1789453608362698800,76.87869873046876,-3.8747619967237115,-8.447709087193012,3.1293554253369567
1789453608372639000,76.88863891601562,-3.8630660059720277,-8.421701370233297,3.2128003090038892
1789453608382578000,76.89857788085938,-3.8867867810383436,-8.394735621896386,3.254490163742006
1789453608392518000,76.90851782226562,-3.946028659079969,-8.365597790217398,3.258219121137261
1789453608402456800,76.91845678710938,-4.010512821689248,-8.342410391375422,3.2388843060702084
1789453608412396800,76.92839672851562,-4.056298421308398,-8.32633779297471,3.2231843403741713
1789453608422335700,76.93833569335938,-4.0704198856413365,-8.314154603227973,3.236808084318042
1789453608432275700,76.94827563476562,-4.0700308863237495,-8.298807981014251,3.276436622612178
1789453608442215000,76.95821484375,-4.082866694760322,-8.273734330034255,3.3235350583955645
1789453608452155000,76.96815478515624,-4.112424797677994,-8.236371106323599,3.379434055750072
1789453608462093800,76.97809375,-4.139004761567712,-8.192496308761834,3.452828962306678
1789453608472034000,76.98803393554688,-4.151030422665179,-8.150756185141205,3.5361680475115773
1789453608481973000,76.99797290039062,-4.145782292878628,-8.118170258834958,3.616382570955157
1789453608491913000,77.00791284179688,-4.13026937418729,-8.093518048137426,3.6886578258320686
1789453608501852000,77.01785180664062,-4.1170457354769106,-8.061540024596452,3.7725218116939065
1789453608511791900,77.0277919921875,-4.108124762396514,-8.016227887707949,3.877341199561953
1789453608521730800,77.03773071289062,-4.091570517958701,-7.974233497065305,3.9800802740246057
1789453608531670800,77.0476708984375,-4.0710336336255075,-7.951027978044748,4.047006276828051
1789453608541609700,77.05760961914062,-4.064008557294309,-7.939863609951734,4.0758752284377815
1789453608551549000,77.067548828125,-4.079631073839963,-7.927530782601237,4.08427071633935
1789453608561489000,77.07748901367188,-4.13086734008044,-7.906079413771629,4.074336766824126
1789453608571427800,77.087427734375,-4.2278184787914155,-7.872825378945469,4.039129552103579
1789453608581368000,77.0973681640625,-4.353637692329287,-7.83058256649971,3.9872549879595636
1789453608591307000,77.10730712890626,-4.4817999618619675,-7.783641951626539,3.9368437743663787
1789453608601246700,77.11724682617188,-4.586705274447798,-7.7307491503506895,3.9202059432983396
1789453608611185700,77.127185546875,-4.6552091940924525,-7.663661234983802,3.970860902519524
1789453608621126000,77.1371259765625,-4.688171260234713,-7.576063615551591,4.0981341142579915
1789453608631064800,77.14706494140626,-4.685339836201072,-7.472503287833929,4.287149496421217
1789453608641004800,77.1570048828125,-4.654111461983621,-7.361472770366072,4.507587606330215
1789453608650943700,77.16694384765626,-4.628218311314285,-7.242846390941739,4.721350768519938
1789453608660884000,77.17688403320312,-4.650572181941569,-7.116071191853284,4.889181031574308
1789453608670823000,77.18682299804688,-4.735276418019831,-6.9858286089152095,4.994571789589524
1789453608680763000,77.19676293945312,-4.85730646840781,-6.862922360214591,5.047494986003637
1789453608690702000,77.2067021484375,-4.981497203961014,-6.753983262068033,5.073344297531247
1789453608700641800,77.21664184570312,-5.083057882294058,-6.653741265118121,5.104964593675732
1789453608710580700,77.22658081054688,-5.153704951447248,-6.553404575622081,5.163588047558069
1789453608720521000,77.23652099609374,-5.197182274124026,-6.44999213194251,5.249503997513652
1789453608730460000,77.2464599609375,-5.226590739437937,-6.3439358957558865,5.348607345822453
1789453608740399900,77.25639990234374,-5.262321978032588,-6.232903040200472,5.443282356294989
1789453608750338800,77.2663388671875,-5.312663341259956,-6.11328355808556,5.529355542638897
1789453608760279000,77.27627905273438,-5.374300005483627,-5.98905687443614,5.605217131569981
1789453608770218000,77.28621801757812,-5.445830287212133,-5.866888876882195,5.665063405245542
1789453608780157700,77.29615771484374,-5.524456080159545,-5.748353098350763,5.710273250803351
1789453608790096600,77.3060966796875,-5.6079649689733975,-5.630020148915052,5.746648632520437
1789453608800036900,77.31603686523438,-5.70026097535491,-5.510631552946567,5.771510102054476
1789453608809975800,77.32597583007812,-5.798312768784165,-5.390051701366901,5.7876809001326555
1789453608819915800,77.33591577148438,-5.888396944335103,-5.26946191291511,5.807748121127486
1789453608829855000,77.34585498046874,-5.972375204226374,-5.153675140830874,5.825872391360998
1789453608839795000,77.355794921875,-6.05519026555717,-5.043389888772368,5.836892967069149
1789453608849734000,77.36573388671874,-6.1462225356131786,-4.937711253726482,5.832093457832932
1789453608859673900,77.375673828125,-6.24543986569047,-4.833051148073375,5.814331591171026
1789453608869613000,77.38561303710938,-6.345449222928285,-4.728403609640896,5.7920537083894015
1789453608879552800,77.395552734375,-6.437938121533393,-4.6300578017011285,5.76939647090137
1789453608889491700,77.40549169921874,-6.520781239914894,-4.540146352368593,5.747767991939186
1789453608899432000,77.41543188476562,-6.598474135926366,-4.45773753375113,5.723557679790258
1789453608909371000,77.42537084960938,-6.6750301368623965,-4.378644415552914,5.695774185329675
1789453608919310800,77.43531079101562,-6.744789901787042,-4.30132736711651,5.6724587761938565
1789453608929249800,77.44524975585938,-6.806985953459143,-4.227229572987556,5.653834155222773
1789453608939190000,77.45518994140625,-6.8551587404757734,-4.158129148754477,5.646871914994716
1789453608949129000,77.46512890625,-6.891973098132014,-4.0942660406529905,5.648725433906913
1789453608959068700,77.47506860351562,-6.920416517806053,-4.035662460514903,5.65611495963633
1789453608969007900,77.4850078125,-6.941351169285178,-3.9837566244497893,5.667251855200528
1789453608978947800,77.49494775390625,-6.959732044628262,-3.9366798159763214,5.677595554560423
1789453608988886800,77.50488671875,-6.966997651717066,-3.8898417846947906,5.700915055349469
1789453608998826800,77.51482666015625,-6.961577964755892,-3.8395878074899312,5.741461000749468
1789453609008766700,77.5247666015625,-6.9407315760821096,-3.7911686444967985,5.798590416681766
1789453609018706000,77.53470581054688,-6.924235199311375,-3.757439977896213,5.840122450509667
1789453609028645600,77.54464575195313,-6.910591289362311,-3.742317519827187,5.865933183592557
1789453609038584800,77.55458471679688,-6.8960659204036,-3.736438983182609,5.886743331909179
1789453609048524800,77.56452490234375,-6.870264539670944,-3.732016782826185,5.919623272725939
1789453609058463700,77.57446362304688,-6.8313429806023835,-3.737214059208333,5.9612371396183965
1789453609068403700,77.58440380859375,-6.790196731221675,-3.7522581913441417,5.998678104740381
1789453609078342700,77.5943427734375,-6.748140381258725,-3.7714629502907395,6.033991410183906
1789453609088283000,77.60428295898437,-6.7050371525913475,-3.794263687902689,6.0676522722452875
1789453609098221800,77.61422192382813,-6.667896631720661,-3.819683375841379,6.09258271536231
1789453609108161800,77.62416186523437,-6.634201282867789,-3.8478848034530877,6.111590198171139
1789453609118100700,77.63410083007813,-6.598297025793791,-3.879654444940388,6.130344583001732
1789453609128040700,77.64404077148437,-6.563099455684423,-3.9154242619797586,6.145366211044788
1789453609137979600,77.65397973632813,-6.528814908766746,-3.95654537691921,6.155543906188011
1789453609147919600,77.66391967773437,-6.493566485252976,-4.005355292795598,6.161262283834815
1789453609157858800,77.67385888671875,-6.461743360012769,-4.061097930544615,6.158225108096003
1789453609167798800,77.683798828125,-6.435069288098812,-4.1218268322736025,6.145795834633708
1789453609177737700,77.69373779296875,-6.412079457655548,-4.187444090566039,6.125430507475137
1789453609187677700,77.703677734375,-6.38992081733942,-4.261766341100633,6.097267073786258
1789453609197617000,77.71361694335937,-6.368450159287453,-4.348803404040634,6.058148530840874
1789453609207556600,77.723556640625,-6.346765566223859,-4.4467190038695925,6.00962795329988
1789453609217495600,77.73349560546875,-6.318339682206511,-4.552085211965442,5.960493627774715
1789453609227435800,77.74343579101563,-6.281934489873051,-4.663277641996741,5.912831128367781
1789453609237374700,77.75337475585937,-6.234523919400573,-4.778838788631558,5.870590654009581
1789453609247314700,77.76331469726563,-6.168762868723273,-4.897316699495911,5.842351816996931
1789453609257253600,77.77325366210937,-6.087423725163936,-5.0199341943830245,5.823569375115633
1789453609267193900,77.78319384765625,-6.001814649200439,-5.147596697700023,5.80093434945941
1789453609277132800,77.7931328125,-5.91628448369205,-5.281056489118933,5.768741221863031
1789453609287072800,77.80307275390625,-5.831349361467361,-5.4169841319561005,5.729051601031422
1789453609297012000,77.81301196289063,-5.741081646043062,-5.554511611205339,5.688389335775375
1789453609306951700,77.82295166015625,-5.6440498433113095,-5.695509396913647,5.645907453876734
1789453609316890600,77.832890625,-5.547229637503624,-5.837295118129253,5.596839179325103
1789453609326830600,77.84283056640625,-5.459648384684324,-5.975482522591948,5.536805274122953
1789453609336769800,77.85276977539063,-5.37645864482224,-6.110816875711083,5.470098467028141
1789453609346709800,77.86270971679687,-5.289244471749663,-6.247236685979366,5.4005888774722814
1789453609356648700,77.87264868164063,-5.196273342585563,-6.388011184325814,5.325637973645329
1789453609366589000,77.8825888671875,-5.1034261320620775,-6.532590335652232,5.23934325350523
1789453609376528000,77.89252783203125,-5.021915723589062,-6.673135116896033,5.140038829666376
1789453609386467600,77.90246752929687,-4.952184015715122,-6.803590465801954,5.035610486942529
1789453609396406500,77.91240649414063,-4.882507837420702,-6.926260567659139,4.935427526703476
1789453609406346800,77.9223466796875,-4.809925124029815,-7.04466950494051,4.838139703384042
1789453609416285700,77.93228564453125,-4.740964985050261,-7.159345685434341,4.7368122492849825
1789453609426225700,77.9422255859375,-4.676385545372963,-7.2692995135813945,4.632393258911371
1789453609436164900,77.95216479492187,-4.604652726809681,-7.37785224275887,4.531537806238234
1789453609446104800,77.96210473632813,-4.528797859880328,-7.486565130934118,4.428515238659084
1789453609456043800,77.97204370117187,-4.46721204906106,-7.590394338721037,4.31280708476901
1789453609465983700,77.98198364257813,-4.421018453162908,-7.684397733542323,4.192255290240049
1789453609475923000,77.9919228515625,-4.3678506343379615,-7.772205196332931,4.084741840982437
1789453609485862700,78.00186254882813,-4.28534653865248,-7.863085490697622,3.9972564497530456
1789453609495801600,78.01180151367187,-4.187940057389438,-7.957641843226551,3.912478271655738
1789453609505740500,78.02174047851562,-4.101135926422477,-8.046559897607564,3.8215126370951533
1789453609515680800,78.0316806640625,-4.027191861550509,-8.122390506878494,3.738837276495993
1789453609525619700,78.04161962890625,-3.9532673781618475,-8.187277697330712,3.675670626226067
1789453609535559700,78.0515595703125,-3.8752214309290047,-8.247225677815079,3.624408933283388
1789453609545499000,78.06149877929687,-3.7997827435851095,-8.303992105653881,3.5743162841200826
1789453609555438800,78.07143896484375,-3.7374534209221597,-8.357007656526566,3.51599356674999
1789453609565377800,78.08137768554687,-3.686236736164987,-8.406659283924101,3.451103453688323
1789453609575317500,78.0913173828125,-3.63255599938184,-8.456462302491069,3.385733448155224
1789453609585256700,78.10125659179687,-3.579942307308316,-8.505960785153508,3.3170781373411415
1789453609595196700,78.11119677734375,-3.528374324895441,-8.547905491435527,3.264092397084832
1789453609605135600,78.12113549804687,-3.474099713872373,-8.582109374332427,3.232403711879253
1789453609615075800,78.13107592773437,-3.428380749748647,-8.609131821292639,3.209268920007348
1789453609625014800,78.14101489257813,-3.3967046317636966,-8.628629717966914,3.1905452225759623
1789453609634954800,78.15095483398437,-3.3826924730241297,-8.639670167419315,3.17550810470283
1789453609644893700,78.16089379882813,-3.3884055899739263,-8.645005683228373,3.1548268434628843
1789453609654834000,78.170833984375,-3.4083313566714524,-8.648523335960506,3.123572750282287
1789453609664772900,78.18077294921875,-3.4225814158201215,-8.65111159888804,3.1007381104007363
1789453609674712600,78.19071264648437,-3.422373326027393,-8.649912744492292,3.1043083701029417
1789453609684651800,78.20065185546875,-3.4217999100536107,-8.643508722668885,3.1227310387611387
1789453609694591700,78.210591796875,-3.4289655638992786,-8.630517723670602,3.150670308305323
1789453609704530700,78.22053076171875,-3.4445135539039966,-8.611616623845697,3.1852392251223325
1789453609714470700,78.230470703125,-3.4643405364021658,-8.586091137444972,3.232302881853282
1789453609724409900,78.24040991210937,-3.4803581897452474,-8.55623668192923,3.293678264792263
1789453609734349800,78.25034985351563,-3.4924031400650737,-8.525945004040002,3.3588378424450753
1789453609744288800,78.26028881835937,-3.505650159651041,-8.496796650967001,3.418375488562882
1789453609754228700,78.27022875976563,-3.5239614768892524,-8.468418113222718,3.469582528708875
1789453609764167700,78.28016772460937,-3.5495363553896544,-8.441717737823724,3.5083564960002898
1789453609774107600,78.29010766601563,-3.584773380726576,-8.415648061543703,3.535063008879125
1789453609784046600,78.30004663085937,-3.627891222441196,-8.388746026092766,3.554958380438387
1789453609793986800,78.30998681640625,-3.6724922884508966,-8.359456218722462,3.578086450308561
1789453609803925800,78.31992578125,-3.7164182316780088,-8.32842336707711,3.604989362542331
1789453609813865700,78.32986572265625,-3.761737675090134,-8.294242865055798,3.6366561281770466
1789453609823805000,78.33980493164063,-3.806415605728328,-8.256738771569728,3.6753067613497374
1789453609833744600,78.34974462890625,-3.8465713827669616,-8.218425115266442,3.7191117085456846
1789453609843683800,78.35968383789063,-3.8788627100408073,-8.181682069280743,3.76628671669662
1789453609853623600,78.36962353515625,-3.9022298493638634,-8.147470003077387,3.8159842290624972
1789453609863562800,78.37956274414063,-3.9193110402852294,-8.115335327669978,3.8666210681051014
1789453609873502700,78.38950268554687,-3.9388568677544593,-8.083089008581638,3.9140041660487648
1789453609883441700,78.39944165039063,-3.968440397374332,-8.047137989756465,3.9579572895437476
1789453609893382000,78.4093818359375,-4.011354240949451,-8.0063406999439,3.997237745052576
1789453609903320800,78.41932080078125,-4.061798480029404,-7.960033706799149,4.038569872394204
1789453609913260800,78.4292607421875,-4.106050001949072,-7.90930422103703,4.093119793227315
1789453609923199700,78.43919970703125,-4.141854890301824,-7.856839289784431,4.1575852511361235
1789453609933139000,78.44913891601563,-4.1710166873782875,-7.800670827838778,4.2335029541686175
1789453609943078700,78.45907861328125,-4.1926662091284985,-7.738830165475607,4.324633423902094
1789453609953017600,78.469017578125,-4.208111323280632,-7.673854127696156,4.424268394869566
1789453609962957600,78.47895751953125,-4.222073797659576,-7.610331795856356,4.519663244049251
1789453609972896800,78.48889672851563,-4.242480625872314,-7.551132003390789,4.599149453218281
1789453609982836700,78.49883666992187,-4.277883655425906,-7.495341727107763,4.657244499312341
1789453609992775700,78.50877563476563,-4.334088065467775,-7.437077169665693,4.698503561417758
1789453610002715400,78.51871533203125,-4.4089682421460745,-7.371227271661162,4.732482987909019
1789453610012654300,78.528654296875,-4.486941416403651,-7.298267833912372,4.772108311332762
1789453610022594300,78.53859423828125,-4.555141969187558,-7.221107437342405,4.824586394327879
1789453610032533200,78.548533203125,-4.607830480062962,-7.141638763830065,4.892366968134045
1789453610042473200,78.55847314453125,-4.646046228949725,-7.0596262510538095,4.974566527915001
1789453610052412200,78.568412109375,-4.679242688369751,-6.973529683834314,5.064084301754832
1789453610062352100,78.57835205078125,-4.719628182511031,-6.882910670754313,5.149861135500669
1789453610072291300,78.58829125976563,-4.7694373385578395,-6.7896689079552885,5.2271624018460505
1789453610082231300,78.59823120117187,-4.828675417207181,-6.697849286913871,5.290848399814963
1789453610092170200,78.60817016601563,-4.897579442085325,-6.6082941036731,5.339901476797461
1789453610102110500,78.6181103515625,-4.974830731809139,-6.517767445051669,5.379608633285761
1789453610112049400,78.62804931640625,-5.057023277327418,-6.42229690028727,5.417653994041681
1789453610121989400,78.6379892578125,-5.137356458714604,-6.3252890629529945,5.456067603588104
1789453610131928300,78.64792822265625,-5.219118211600184,-6.230950152567028,5.486935035538673
1789453610141868300,78.65786840820313,-5.310384290412068,-6.132898943659663,5.509788087859749
1789453610151807200,78.66780712890625,-5.4067228501826525,-6.024760640501976,5.53533870870173
1789453610161747200,78.67774731445313,-5.500251028707623,-5.910524604991078,5.566266930928826
1789453610171686100,78.68768603515625,-5.58285916928947,-5.79957124441266,5.600633895432948
1789453610181626400,78.69762646484375,-5.657789030328392,-5.696513020998239,5.63112372624278
1789453610191565300,78.7075654296875,-5.732954453688859,-5.597499104538559,5.654346196398139
1789453610201505300,78.71750537109375,-5.81156329550147,-5.497135527035594,5.672528918820619
1789453610211444500,78.72744458007813,-5.896855560600757,-5.392484481471777,5.684942994713783
1789453610221384200,78.73738427734375,-5.985618716681003,-5.27910477052927,5.698576383268833
1789453610231323100,78.7473232421875,-6.072941610825062,-5.158436656144261,5.716668504798412
1789453610241263400,78.75726342773437,-6.1614955080688,-5.035587690588832,5.731422421815991
1789453610251202300,78.76720239257813,-6.25468992459476,-4.91761129950583,5.732920551419258
1789453610261142300,78.77714233398437,-6.353427362200617,-4.806539280983805,5.7185249463200565
1789453610271081200,78.78708129882813,-6.458408662632108,-4.702102170431614,5.68767037385106
1789453610281021400,78.797021484375,-6.553065552926063,-4.600708957619965,5.662258284696937
1789453610290960400,78.80696044921875,-6.627663405531645,-4.5009488989681,5.655609932723641
1789453610300900000,78.81690014648437,-6.682467593386769,-4.402968124948441,5.668232682931423
1789453610310839300,78.82683935546875,-6.727928783357143,-4.310206546881795,5.685729761177301
1789453610320779300,78.836779296875,-6.77110975343585,-4.224830110630393,5.698534297692776
1789453610330718200,78.84671826171875,-6.80768270355165,-4.15035529988259,5.709680545607209
1789453610340657200,78.8566572265625,-6.8375804136872285,-4.086242600934207,5.720184988486767
1789453610350597400,78.86659741210937,-6.852112212386727,-4.031297835564613,5.741740986734628
1789453610360536300,78.87653637695313,-6.851447026476263,-3.9867040760785337,5.773583401197195
1789453610370476300,78.88647631835937,-6.854319367042184,-3.945863531646132,5.798175990661979
1789453610380415200,78.89641528320313,-6.848659441584348,-3.9112683113440867,5.828230937185883
1789453610390355500,78.90635546875,-6.838015297973156,-3.8823262944981454,5.859989765018224
1789453610400294400,78.91629443359375,-6.8187599778831,-3.8575712079480287,5.898647704714536
1789453610410234000,78.92623413085937,-6.7963710359424345,-3.8411458505868907,5.935091475492715
1789453610420173000,78.93617309570313,-6.781802412363886,-3.832362240150571,5.9573927391499275
1789453610430113300,78.94611328125,-6.774993316870927,-3.8323900049403306,5.965121287575363
1789453610440052200,78.95605224609375,-6.776770847937464,-3.8355204119205473,5.961089255580306
1789453610449992200,78.9659921875,-6.781286864057183,-3.8389384036704897,5.953745907080173
1789453610459931400,78.97593139648437,-6.7847115778088565,-3.845544962328672,5.945573706540465
1789453610469871400,78.98587133789063,-6.788504540351033,-3.859165491402149,5.932407350975275
1789453610479810300,78.99581030273437,-6.7837640678256745,-3.879786839148402,5.924373097601532
1789453610489750300,79.00575024414063,-6.760990510481595,-3.910734350597858,5.930054065847396
1789453610499689200,79.01568920898437,-6.726843910729885,-3.9514632513493297,5.941877774631977
1789453610509629200,79.02562915039063,-6.689131142929196,-3.999578170698881,5.952247192955017
1789453610519568100,79.03556811523437,-6.649562518128752,-4.055249204516411,5.958912496063113
1789453610529508400,79.04550830078125,-6.605412995278835,-4.119765515829623,5.963757013484836
1789453610539447300,79.055447265625,-6.555680703860521,-4.189189180667698,5.970273263511062
1789453610549387300,79.06538720703125,-6.500213668182492,-4.261553575132787,5.979694587329029
1789453610559326200,79.075326171875,-6.438313969108462,-4.3399364992350336,5.990280863273143
1789453610569266400,79.08526635742187,-6.369708050394058,-4.426857534579932,6.000010230126977
1789453610579205400,79.09520532226563,-6.297579802772402,-4.523424642409384,6.00412526423037
1789453610589145000,79.10514501953125,-6.226165256378054,-4.626170731134712,6.000314181509614
1789453610599084300,79.11508422851563,-6.156508951827884,-4.733397180144489,5.9885483403921125
1789453610609024300,79.12502416992187,-6.089634971472621,-4.843783846750855,5.968625496304035
1789453610618963200,79.13496313476563,-6.025948388981819,-4.957748664104939,5.939616259440779
1789453610628903400,79.1449033203125,-5.965664308410883,-5.074472424778342,5.901777819433808
1789453610638842400,79.15484228515625,-5.905920326066017,-5.1928842846691605,5.8587061549484725
1789453610648782300,79.1647822265625,-5.844850063553452,-5.311553918713331,5.8133887573629615
1789453610658721300,79.17472119140625,-5.783814872354268,-5.428886166673898,5.765849592074751
1789453610668661200,79.1846611328125,-5.720802243602275,-5.544801533573866,5.718213980674744
1789453610678600200,79.19460009765625,-5.652343039882183,-5.661679023504257,5.671577901706099
1789453610688540200,79.2045400390625,-5.575048203277587,-5.782613679870963,5.625884656545519
1789453610698479000,79.21447900390625,-5.492382779550552,-5.908584576839209,5.576088652241229
1789453610708419300,79.22441943359375,-5.400550299027562,-6.04095949563086,5.5236991243124
1789453610718358300,79.23435815429687,-5.3084132826000445,-6.176102710092067,5.4632285812586545
1789453610728298200,79.24429833984375,-5.218126277953386,-6.310597105255723,5.396103841012716
1789453610738237400,79.25423754882813,-5.1230970472157,-6.442725940331816,5.330622776320577
1789453610748177400,79.26417749023437,-5.025051683527231,-6.572177665153146,5.265524573466181
1789453610758116400,79.27411645507813,-4.931794138637184,-6.698342623388767,5.1942251778841015
1789453610768056300,79.28405639648437,-4.8471506928354495,-6.8198466040760275,5.1151925577014685
1789453610777995300,79.29399536132813,-4.766946690785884,-6.937588017359375,5.031546306243539
1789453610787934200,79.30393432617187,-4.6877089034199715,-7.052798450860381,4.945076814058423
1789453610797874200,79.31387426757813,-4.613050260537863,-7.165825695103407,4.851913669453561
1789453610807813000,79.32381323242187,-4.551518810254335,-7.275216628670692,4.746083643238246
1789453610817753300,79.33375341796875,-4.493997180134058,-7.380689512011409,4.636789740304649
1789453610827692300,79.3436923828125,-4.42443878300041,-7.486296250864863,4.533220644758641
1789453610837632300,79.35363232421875,-4.343592683655023,-7.593230438929796,4.432429197232425
1789453610847571500,79.36357153320313,-4.265250091563165,-7.697507975006103,4.327403180876374
1789453610857511200,79.37351123046875,-4.197327186676859,-7.793086071798205,4.221449820542335
1789453610867450000,79.3834501953125,-4.12700715752095,-7.879667207664251,4.129048307959735
1789453610877390300,79.39339038085937,-4.04352749480158,-7.963131088292598,4.050779365625977
1789453610887329300,79.40332934570313,-3.9553731182694434,-8.046295693713427,3.9727211434334513
1789453610897269200,79.41326928710937,-3.87864322207123,-8.126816506627202,3.883468158009648
1789453610907208200,79.42320825195313,-3.816003518284857,-8.201541785004734,3.787241241919994
1789453610917148400,79.4331484375,-3.7530361899793148,-8.272038047510385,3.6957381394818425
1789453610927087400,79.44308740234375,-3.677958152641356,-8.340049507462977,3.6175413856014607
1789453610937027300,79.45302734375,-3.5961999068871138,-8.404750819954275,3.54934901612401
1789453610946966300,79.46296630859375,-3.5234704785019155,-8.463353231048583,3.4824107383608816
1789453610956906200,79.47290625,-3.464047398674488,-8.514009651574492,3.417957263150811
1789453610966845200,79.48284521484375,-3.408173243500292,-8.560579679569601,3.3572608023867008
1789453610976785200,79.49278515625,-3.3457515663787722,-8.606396843370796,3.3024621674895283
1789453610986724400,79.50272436523437,-3.2813729099705813,-8.650735166791081,3.2508132287949323
1789453610996664800,79.51266479492188,-3.2280311958834527,-8.689630422374606,3.200079651379585
1789453611006603800,79.52260375976563,-3.186382549938559,-8.71703806926012,3.1671123245403168
1789453611016543700,79.53254370117187,-3.1561095767498015,-8.733333370500802,3.1524940166011453
1789453611026483000,79.54248291015625,-3.138209762921929,-8.742391121703387,3.1452576356068254
1789453611036422700,79.55242260742187,-3.1318492879793047,-8.74725083669424,3.138076199670136
1789453611046361600,79.56236157226563,-3.1360967162907123,-8.74820126928687,3.1311800104156133
1789453611056301800,79.5723017578125,-3.1451658656701444,-8.744223597827553,3.1331945651084183
1789453611066240800,79.58224072265625,-3.1594922049254177,-8.735248264211416,3.143797792187333
1789453611076180700,79.5921806640625,-3.1787773356318474,-8.721112186831235,3.163538849967718
1789453611086119700,79.60211962890625,-3.207254073053598,-8.703314079812168,3.1837466484770176
1789453611096060000,79.61205981445312,-3.246932295708358,-8.681526610895991,3.2029525764673945
1789453611105998800,79.62199877929687,-3.2894574322268366,-8.654488381844759,3.2325968963637948
1789453611115938600,79.6319384765625,-3.3279823931932446,-8.6230422732234,3.276899271687865
1789453611125877500,79.64187744140625,-3.3577558924272655,-8.589106685873865,3.335131972686946
1789453611135817700,79.65181762695312,-3.3772055660456415,-8.554569625499845,3.403556981876492
1789453611145756700,79.66175659179687,-3.3952424502566454,-8.519311265113949,3.4733287294998765
1789453611155695600,79.67169555664063,-3.41954424008131,-8.481371702820063,3.541672490146756
1789453611165635800,79.6816357421875,-3.4479619407922026,-8.440907005962728,3.610131401605904
1789453611175574800,79.69157470703125,-3.4803275023460385,-8.400855566081404,3.671965926489234
1789453611185514800,79.7015146484375,-3.5133076886668797,-8.36180950385034,3.729241180633008
1789453611195453700,79.71145361328125,-3.542694234409928,-8.325005667588114,3.7833804748386144
1789453611205393700,79.7213935546875,-3.5711721408754586,-8.288028812846541,3.8374090021461247
1789453611215332900,79.73133276367187,-3.595865268105268,-8.248701595586537,3.8985926619052886
1789453611225272600,79.7412724609375,-3.61123965510875,-8.211068907284735,3.9632852065682407
1789453611235211800,79.75121166992187,-3.6156978035613894,-8.178355555206537,4.026362132728099
1789453611245151700,79.76115185546875,-3.619392566426098,-8.15029791997969,4.079588403742015
1789453611255090700,79.77109057617187,-3.6377021300986407,-8.122709655830263,4.11813849914968
1789453611265030700,79.78103076171875,-3.673675360755622,-8.093238062152267,4.144147092892229
1789453611274969900,79.79096997070313,-3.7191970487415786,-8.0614125988245,4.165524227441847
1789453611284909800,79.80090991210938,-3.762991182282567,-8.028187790092826,4.190281067557633
1789453611294848800,79.81084887695313,-3.7993446444287895,-7.991995363727211,4.226508565236628
1789453611304788700,79.82078881835938,-3.8277319500014184,-7.95115598833859,4.277611560486257
1789453611314727700,79.83072778320313,-3.852050690960884,-7.905314859139919,4.340286335586011
1789453611324667600,79.84066772460938,-3.8800507507815953,-7.853212915980816,4.409381206861138
1789453611334606600,79.85060668945313,-3.9179137407079336,-7.794373188999295,4.47974419837594
1789453611344546800,79.860546875,-3.9631221249610182,-7.7314394707024094,4.548505307652056
1789453611354485800,79.87048583984375,-4.015324605885148,-7.667113421264291,4.611176575620473
1789453611364425700,79.88042578125,-4.073657260127366,-7.5992743952691555,4.671912491612136
1789453611374365000,79.89036499023437,-4.134372133331,-7.526728214496374,4.735582122968137
1789453611384304600,79.9003046875,-4.194044219483435,-7.449810979032516,4.804238018304109
1789453611394243800,79.91024389648437,-4.251237056040764,-7.370349319782853,4.875997432613373
1789453611404183600,79.92018359375,-4.313463502851128,-7.287855160969495,4.944855864784121
1789453611414122800,79.93012280273437,-4.386955147780478,-7.198710312095284,5.0103451127827165
1789453611424062700,79.94006274414062,-4.466964211779833,-7.099758939477801,5.080358560207486
1789453611434001700,79.95000170898437,-4.53952705142647,-6.99440588312447,5.161524685287476
1789453611443942000,79.95994189453126,-4.599247652895748,-6.888763488435745,5.249976875722408
1789453611453880800,79.969880859375,-4.655527466261387,-6.785366826847195,5.334350272411108
1789453611463820800,79.97982080078125,-4.729144491136074,-6.682361210402846,5.399228695034981
1789453611473759700,79.989759765625,-4.8261722022145985,-6.575496580442786,5.444375996750593
1789453611483699700,79.99969970703125,-4.926988199660181,-6.463419184270501,5.488111093580723
1789453611493638700,80.009638671875,-5.011122526896,-6.351416606900096,5.5424318818330764
1789453611503578600,80.01957861328125,-5.077454070937633,-6.245761352729797,5.601812876084447
1789453611513517800,80.02951782226563,-5.147137848016619,-6.145607618585228,5.648791484880447
1789453611523457800,80.03945776367188,-5.23318882252872,-6.043076633915304,5.680260389855504
1789453611533396700,80.04939672851563,-5.325854831266403,-5.935000290077924,5.708019334396719
1789453611543336700,80.05933666992188,-5.41015925437212,-5.825498297351598,5.741442296048999
1789453611553276000,80.06927587890625,-5.484770550981164,-5.718847602403163,5.777755133923888
1789453611563214800,80.07921484375,-5.561221922498941,-5.6139908051341765,5.807431310263276
1789453611573154600,80.08915454101563,-5.6469864812850945,-5.508486357611417,5.825680083659291
1789453611583093800,80.09909375,-5.7396688566356895,-5.403005875486135,5.833874496030807
1789453611593033700,80.10903369140625,-5.829871105608344,-5.3010044676482675,5.838005896747112
1789453611602972700,80.11897265625,-5.918770455288887,-5.20739387153685,5.832803067407012
1789453611612912600,80.12891259765625,-6.019289515614509,-5.119568288567662,5.8076277096182105
1789453611622851800,80.13885180664063,-6.134427468401193,-5.029987970885634,5.76527383801341
1789453611632791800,80.14879174804688,-6.251459856632351,-4.934709149301052,5.721739816713333
1789453611642730800,80.15873071289063,-6.358747095918655,-4.837219081407786,5.686653890284895
1789453611652670700,80.16867065429688,-6.456467465436458,-4.741164307014644,5.657368759089708
1789453611662610000,80.17860986328125,-6.554099572148918,-4.646626951447129,5.6234331717401735
1789453611672549600,80.18854956054687,-6.6533373604923485,-4.551786229018867,5.58433041088581
1789453611682488600,80.19848852539063,-6.741216134953499,-4.46188617786318,5.551392602401972
1789453611692428800,80.2084287109375,-6.809359112331271,-4.383977593274414,5.530261551567912
1789453611702367700,80.21836767578125,-6.849571880254149,-4.3170314244657755,5.533265994080901
1789453611712307700,80.2283076171875,-6.875935571044683,-4.254807023482025,5.548742380154133
1789453611722246700,80.23824658203125,-6.897271789062023,-4.1943949326172465,5.568216895952821
1789453611732187000,80.24818676757812,-6.903624957481027,-4.140376926703751,5.600677150052785
1789453611742125800,80.25812573242187,-6.902030381765961,-4.092293571536243,5.637860925543308
1789453611752065500,80.2680654296875,-6.892680954140424,-4.051943148708343,5.678298149871826
1789453611762004700,80.27800463867187,-6.883586378058791,-4.019774863292277,5.712093451967835
1789453611771944700,80.28794482421876,-6.865070478159189,-3.991099680688977,5.754328665629029
1789453611781883600,80.29788354492187,-6.838463626262545,-3.965901526546478,5.80322742883265
1789453611791823600,80.30782373046875,-6.814804518255591,-3.949447235351801,5.842147818857431
1789453611801762800,80.3177626953125,-6.793114079973101,-3.937239787946641,5.8755573365062475
1789453611811702800,80.32770288085938,-6.759630912566185,-3.933981955194473,5.916212002977728
1789453611821641700,80.33764184570313,-6.727882606127857,-3.9380814994677897,5.949582942181825
1789453611831582000,80.34758203125,-6.705599462649226,-3.9391941368848085,5.973947568109631
1789453611841521000,80.35752099609375,-6.6902703760921955,-3.9378114503547548,5.99202215398252
1789453611851460600,80.36746069335938,-6.689297731667756,-3.9363744032889603,5.99405395207107
1789453611861399600,80.37739965820313,-6.697607294851541,-3.9378506133213635,5.983790332210064
1789453611871339800,80.38733984375,-6.7074617493897675,-3.946753758484125,5.966865500894189
1789453611881278700,80.39727880859375,-6.716269325223565,-3.9628962072506546,5.9462260329693555
1789453611891218700,80.40721875,-6.717892542511224,-3.9860514573886987,5.928886775633693
1789453611901158000,80.41715795898438,-6.702502665677666,-4.021643579773604,5.922261804535984
1789453611911097900,80.42709790039062,-6.670039488968253,-4.0740740242347115,5.9230789661377665
1789453611921036800,80.43703686523438,-6.627498570358753,-4.140744590972364,5.924603399226069
1789453611930976500,80.4469765625,-6.579253887149691,-4.216071342374384,5.925248711392283
1789453611940915700,80.45691577148438,-6.529321689245104,-4.294964554086327,5.9238201398938894
1789453611950854700,80.46685473632813,-6.475399544921517,-4.378673057125509,5.921725213441253
1789453611960794600,80.47679467773438,-6.411207350996136,-4.473096430924534,5.920996899166703
1789453611970733600,80.48673364257813,-6.331631125456094,-4.580292192535102,5.9246747108966105
1789453611980673800,80.496673828125,-6.242330209237337,-4.696950194495916,5.9280988401263945
1789453611990612700,80.50661279296875,-6.155828568348288,-4.815350363948941,5.923560027652979
1789453612000552200,80.51655224609375,-6.0740130394488565,-4.933168349599838,5.911056519910693
1789453612010491100,80.5264912109375,-5.9915855161309235,-5.053517899554968,5.893491637125611
1789453612020431400,80.53643139648437,-5.911655654847622,-5.178313323003054,5.86581686373651
1789453612030370300,80.54637036132813,-5.837966733780503,-5.30748973801434,5.824008935576677
1789453612040310300,80.55631030273437,-5.7689411283493035,-5.439598114824295,5.7706537774860855
1789453612050249200,80.56624926757813,-5.703045053115487,-5.574237471416592,5.7073225843042135
1789453612060189200,80.57618920898437,-5.641435276898742,-5.712967312192917,5.63086302947998
1789453612070128000,80.58612817382813,-5.585208947286009,-5.851341763660312,5.544152714276313
1789453612080068400,80.596068359375,-5.530472563970089,-5.986457505592703,5.454039312630892
1789453612090007300,80.60600732421875,-5.464553692382574,-6.120340490859746,5.371261660701036
1789453612099947300,80.615947265625,-5.377556961452961,-6.257992473271488,5.299983307906985
1789453612109886200,80.62588623046875,-5.280311223709583,-6.399251540264487,5.228603832826018
1789453612119826400,80.63582641601562,-5.193521998050809,-6.537146099260449,5.14426375388503
1789453612129765400,80.64576538085937,-5.114803850644827,-6.667623075476288,5.054896786692738
1789453612139705000,80.655705078125,-5.039342659208178,-6.791610689672828,4.964821378970146
1789453612149644000,80.66564404296875,-4.964820794448256,-6.9111448315918445,4.874117610216141
1789453612159584300,80.67558422851563,-4.889114688339829,-7.028149162772298,4.782472468958795
1789453612169523200,80.68552319335937,-4.820327567839622,-7.140142972314357,4.685426053179801
1789453612179463200,80.69546313476563,-4.7585418505340815,-7.245031918287276,4.5865231958791615
1789453612189402400,80.70540234375,-4.699869004552066,-7.343921916106343,4.488694689811766
1789453612199342300,80.71534228515625,-4.6455929322242735,-7.438977450329065,4.387538500626385
1789453612209281300,80.72528125,-4.597354678755998,-7.5328043195396654,4.27686892542541
1789453612219221200,80.73522119140625,-4.549573229144514,-7.625810520017146,4.161582504078746
1789453612229160200,80.74516015625,-4.499242387311161,-7.714002013689279,4.052328056372702
1789453612239100200,80.75510009765625,-4.444647166031599,-7.79579942241013,3.9548748133584857
1789453612249039000,80.7650390625,-4.381444859926402,-7.874979926630854,3.867561856086552
1789453612258979300,80.77497924804688,-4.3172886140972375,-7.952910138529538,3.7792359223797916
1789453612268918300,80.78491821289063,-4.25925348149687,-8.02892311863005,3.683146368934214
1789453612278858200,80.79485815429688,-4.203131196780503,-8.103764132341743,3.5823300792276855
1789453612288797200,80.80479711914063,-4.14344595888555,-8.176452351933717,3.4853818631261584
1789453612298737400,80.8147373046875,-4.081252829822898,-8.24550893702507,3.394903719821572
1789453612308676400,80.82467626953125,-4.024529656603932,-8.307205222481489,3.3111773888647553
1789453612318615300,80.834615234375,-3.969045962052047,-8.361293371021747,3.241271785728633
1789453612328555300,80.84455517578125,-3.903511705867946,-8.41307967236042,3.186390148723125
1789453612338494200,80.854494140625,-3.831231190294027,-8.466467563676833,3.1322523158222437
1789453612348434200,80.86443408203125,-3.7604888440728184,-8.520386785390972,3.0711694860890506
1789453612358373000,80.874373046875,-3.6970112281575798,-8.572178347426652,3.0033748837575316
1789453612368313300,80.88431323242187,-3.642905251699686,-8.617903156769275,2.9379166154190894
1789453612378252300,80.89425219726563,-3.598728548581898,-8.654756677392125,2.883526561322808
1789453612388192300,80.90419213867187,-3.5665436042919754,-8.68164117718637,2.8424028160348533
1789453612398131200,80.91413110351563,-3.5482869398504495,-8.700152985432744,2.8084482317239043
1789453612408071200,80.9240712890625,-3.542205866371095,-8.711792569822073,2.7798987213268873
1789453612418010000,80.93401000976563,-3.5451048026829954,-8.71731747072339,2.758811801895499
1789453612427950000,80.9439501953125,-3.552418340566754,-8.716485111552476,2.752017611710727
1789453612437889300,80.95388916015625,-3.564643615889549,-8.709713425460457,2.757642173594236
1789453612447829200,80.96382934570312,-3.583367897842824,-8.697788594388962,2.7709809631168842
1789453612457768200,80.97376831054687,-3.607152970317006,-8.683255626645684,2.7856673678562043
1789453612467708400,80.98370849609375,-3.6330253704592583,-8.66832576853931,2.7985040530756113
1789453612477647400,80.9936474609375,-3.6602544459074733,-8.652523219251632,2.811896910873055
1789453612487587300,81.00358740234375,-3.6906297104269266,-8.630413678774238,2.839995754893124
1789453612497526300,81.0135263671875,-3.7276533269196745,-8.59902017712295,2.88649739382714
1789453612507466200,81.02346630859375,-3.7681095482096074,-8.559760764402151,2.949956012780964
1789453612517405200,81.0334052734375,-3.807016201969981,-8.51740806184113,3.021714258046448
1789453612527345200,81.04334521484375,-3.8393101595923302,-8.476720077621936,3.094402769899368
1789453612537284000,81.0532841796875,-3.860745161809027,-8.442505088809131,3.160556619286537
1789453612547224300,81.06322436523438,-3.8755952326774596,-8.414368543127178,3.21691095919311
1789453612557163300,81.07316333007813,-3.896379662030935,-8.388120003148913,3.260074978137016
1789453612567103200,81.08310327148438,-3.9261575451791284,-8.360328909903764,3.2955373366624117
1789453612577042400,81.09304248046875,-3.959672861289978,-8.32982505056858,3.332474736176431
1789453612586982100,81.10298217773438,-3.9944633119031785,-8.29521083330512,3.3769957226872442
1789453612596921000,81.11292114257813,-4.025269661316275,-8.258069727912545,3.431019866080582
1789453612606861300,81.122861328125,-4.046172164091468,-8.221893083637953,3.492753560937941
1789453612616800300,81.13280029296875,-4.056820691616833,-8.187304585337639,3.5609839243382213
1789453612626740200,81.142740234375,-4.068270014131069,-8.152506828200817,3.627152679033577
1789453612636679200,81.15267919921875,-4.090534745170176,-8.114215383729338,3.6874732922226188
1789453612646619400,81.16261938476562,-4.12573932954222,-8.072003550943732,3.740510762666166
1789453612656558300,81.17255834960937,-4.169199408823252,-8.029252788975834,3.7840816088452933
1789453612666497300,81.18249731445313,-4.2127945126608015,-7.989394241318106,3.819990542094409
1789453612676437200,81.19243725585937,-4.253389557899535,-7.950121969115734,3.8567601838260885
1789453612686376400,81.20237646484375,-4.294592798164486,-7.906248925119638,3.901037424708903
1789453612696316200,81.21231616210937,-4.335521897663176,-7.85602095913887,3.956841437256336
1789453612706255000,81.22225512695313,-4.373190826322138,-7.80105836585164,4.023563734181225
1789453612716195300,81.2321953125,-4.4107358363404865,-7.743031708818673,4.094051521119475
1789453612726134300,81.24213427734375,-4.452078485076129,-7.681167665579915,4.165215892145038
1789453612736074200,81.25207421875,-4.501021379682421,-7.6146625185370445,4.2341576186850665
1789453612746013200,81.26201318359375,-4.5654041277438395,-7.543351432517171,4.292476828923821
1789453612755953400,81.27195336914062,-4.639348192615807,-7.468520940199494,4.343732968908548
1789453612765892400,81.28189233398437,-4.714967497223616,-7.391649297443032,4.393513191121817
1789453612775832000,81.29183203125,-4.7844376315519215,-7.3105813720405095,4.453642373391985
1789453612785771000,81.30177099609375,-4.83483101722747,-7.223520343703031,4.540435398443043
1789453612795711200,81.31171118164062,-4.8619727066531775,-7.133066165795922,4.653061952930688
1789453612805650200,81.32165014648437,-4.880285485196113,-7.04392131692171,4.768267710256576
1789453612815590100,81.33159008789063,-4.914158528703451,-6.953779858225584,4.864812898515164
1789453612825529300,81.341529296875,-4.974779293882847,-6.861176977851986,4.934184248644113
1789453612835469300,81.35146923828125,-5.056148248058557,-6.766193924343585,4.982404381933808
1789453612845408300,81.361408203125,-5.1445641981363295,-6.668499858310819,5.023436649546027
1789453612855348200,81.37134814453125,-5.225110730013251,-6.567112198457122,5.073622529950738
1789453612865287400,81.38128735351563,-5.294820810577273,-6.464936018574237,5.132234293395281
1789453612875227100,81.39122705078125,-5.359587589520216,-6.363085417383909,5.191956063908338
1789453612885166000,81.401166015625,-5.430656098955869,-6.258318051964044,5.245173859354853
1789453612895106300,81.41110620117188,-5.5171875504612915,-6.148102358010411,5.285058710497617
1789453612905045200,81.42104516601563,-5.6132291731119155,-6.034199499976634,5.315122424849868
1789453612914985200,81.43098510742188,-5.706368644580245,-5.920512915042043,5.343710221430659
1789453612924924200,81.44092407226563,-5.794512207457423,-5.808584571951627,5.371625817838311
1789453612934864400,81.45086450195312,-5.882486258986592,-5.695199015790224,5.397354717856645
1789453612944803300,81.46080322265625,-5.9733665533512825,-5.575839645916223,5.422110388928651
1789453612954743000,81.47074291992188,-6.067395667135715,-5.448929422271251,5.44667492134273
1789453612964682200,81.48068212890625,-6.1571893353074785,-5.316409542050957,5.476788904577494
1789453612974622200,81.49062231445312,-6.241322493499517,-5.182859734261036,5.50947010795176
1789453612984561200,81.50056103515625,-6.319900940173864,-5.055728561341763,5.537946845373511
1789453612994501400,81.51050146484376,-6.39803456569016,-4.935755443483591,5.556423582306504
1789453613004440000,81.52044018554687,-6.476489678245782,-4.819263153478503,5.567784349754453
1789453613014380300,81.53038037109376,-6.561853839537501,-4.703636832652986,5.566708829477429
1789453613024319200,81.5403193359375,-6.645275634589791,-4.586140626302361,5.565790545588731
1789453613034258200,81.55025805664063,-6.722149030911922,-4.465360868236422,5.57168661789
1789453613044198100,81.5601982421875,-6.79440470430553,-4.34091265079081,5.5823792768180365
1789453613054137300,81.57013745117187,-6.8645438239365815,-4.21890481223464,5.590103149068355
1789453613064077000,81.5800771484375,-6.944407634246349,-4.106379087772965,5.575239341935515
1789453613074016000,81.59001611328125,-7.03098000228405,-4.00719770579189,5.538781542631983
1789453613083956000,81.5999560546875,-7.113788049352169,-3.9256554408758877,5.491234194037318
1789453613093895200,81.60989526367187,-7.177297521710395,-3.8615193610519167,5.453939359387755
1789453613103835100,81.61983520507812,-7.214065702137351,-3.8098353510439393,5.441766106513143
1789453613113774000,81.62977416992187,-7.238453708940744,-3.7641111262232063,5.441199120280146
1789453613123714300,81.63971435546875,-7.250236501193046,-3.720091659493744,5.455763067683577
1789453613133653200,81.6496533203125,-7.24983727274239,-3.680425419537723,5.483131551602482
1789453613143593000,81.65959301757813,-7.242500353983044,-3.643464931409061,5.517404408082366
1789453613153532000,81.66953198242187,-7.227403907138108,-3.616468495672941,5.554834267288446
1789453613163472100,81.67947216796875,-7.206973698049783,-3.605877251292765,5.5881631209164855
1789453613173411000,81.6894111328125,-7.186569792446494,-3.6105122176170346,5.611399619597196
1789453613183351000,81.69935107421875,-7.1631509229362,-3.624697102575004,5.632164759728312
1789453613193290000,81.7092900390625,-7.1256088355273,-3.6469264700397845,5.6653352079242465
1789453613203230200,81.71923022460938,-7.075369763630628,-3.6767367941528555,5.708865137571096
1789453613213169200,81.72916918945313,-7.02376174146831,-3.7112171559035776,5.75013121393919
1789453613223109000,81.73910913085938,-6.972054935106635,-3.744943192155659,5.791045992651582
1789453613233048300,81.74904833984375,-6.925978243586421,-3.776333186675608,5.825847256919741
1789453613242988000,81.75898803710938,-6.889114786091446,-3.8060906115576625,5.850141740220785
1789453613252927000,81.76892700195313,-6.860463276624679,-3.8352348729774355,5.864757710072398
1789453613262867200,81.7788671875,-6.833972744584083,-3.863267958284914,5.877270570164918
1789453613272806100,81.78880615234375,-6.804505242559314,-3.8929382894054054,5.891866666272282
1789453613282746000,81.79874609375,-6.770645643055438,-3.928385450361669,5.90733194642961
1789453613292685000,81.80868505859375,-6.734548493757844,-3.9721351602390405,5.919319321343302
1789453613302625300,81.81862524414062,-6.700339934685826,-4.02580274527967,5.921884787917137
1789453613312564200,81.82856420898437,-6.668090108466148,-4.086688006614148,5.916585512465238
1789453613322504000,81.83850390625,-6.635811056151986,-4.155851266950369,5.904686984878778
1789453613332443000,81.84844287109375,-6.606099223977327,-4.236327363939583,5.8807630884557955
1789453613342383000,81.85838305664062,-6.578294686728715,-4.3311283388793465,5.842749291881918
1789453613352322000,81.86832202148437,-6.5488745309770104,-4.439208189848065,5.794485903972387
1789453613362262000,81.87826196289062,-6.50806905785799,-4.560507587873936,5.7460588499337435
1789453613372201200,81.888201171875,-6.448081329885125,-4.694236259362102,5.705852511751652
1789453613382141200,81.89814111328126,-6.3691153451979154,-4.8388472671315075,5.673652369892597
1789453613392080100,81.908080078125,-6.279301218760013,-4.99381424922049,5.639381851500272
1789453613402019000,81.91801904296875,-6.192037361326813,-5.1517947339117525,5.593575793614983
1789453613411959300,81.92795922851562,-6.103546007925272,-5.305085014960169,5.547357647797465
1789453613421898200,81.93789819335937,-6.006116145786643,-5.452713616985083,5.5104281393289565
1789453613431838000,81.947837890625,-5.906450487419963,-5.595848999243974,5.474550770261883
1789453613441777200,81.95777709960937,-5.813156702172756,-5.737710708305239,5.427360564541816
1789453613451717000,81.96771704101562,-5.725311829981208,-5.8788668994456525,5.369368978822231
1789453613461656000,81.97765600585937,-5.634412830916046,-6.018847032544016,5.310108396080136
1789453613471596000,81.98759594726563,-5.5372553559780116,-6.162277598357201,5.2474289448052645
1789453613481535200,81.99753515625,-5.4457993075519795,-6.306058877304196,5.17177310757935
1789453613491475200,82.00747509765625,-5.368731849962472,-6.440335830324888,5.086173383966088
1789453613501414100,82.0174140625,-5.297798365083336,-6.561573269030451,5.004944715043902
1789453613511354000,82.02735400390625,-5.219001891744137,-6.677364717289805,4.934088387054205
1789453613521293000,82.03729296875,-5.136067587947845,-6.794875828948617,4.860127371047437
1789453613531233000,82.04723291015625,-5.060250422680378,-6.912761034616827,4.772629704858362
1789453613541172000,82.057171875,-4.988458275145292,-7.027859239915013,4.679192711748183
1789453613551112200,82.0671123046875,-4.904494628301262,-7.143239769285917,4.592434758010507
1789453613561051100,82.07705102539063,-4.818830607280135,-7.259533906370401,4.499826324678957
1789453613570991000,82.0869912109375,-4.7505797856137155,-7.372270643234253,4.387708596496283
1789453613580930000,82.09692993164063,-4.695867952217162,-7.4773337767302985,4.267160601359605
1789453613590870000,82.1068701171875,-4.640404131409525,-7.576264691081643,4.151782702337205
1789453613600809200,82.11680932617188,-4.5716298703908915,-7.674415268710256,4.046474654169381
1789453613610749000,82.1267490234375,-4.487860577075183,-7.775939122164249,3.9451603518128393
1789453613620688100,82.13668823242188,-4.405212689004839,-7.878042236810922,3.8341812722712754
1789453613630628000,82.14662817382812,-4.335790777732432,-7.974916803154349,3.711065180212259
1789453613640567000,82.15656713867187,-4.271947543375194,-8.063724382898211,3.5912627427458763
1789453613650507300,82.16650732421876,-4.202252660380304,-8.145237713980674,3.4880642340779304
1789453613660446200,82.1764462890625,-4.122477405136824,-8.222397526028752,3.4011364767313004
1789453613670386200,82.18638623046876,-4.0433138520509,-8.295626428368687,3.317318375837803
1789453613680325000,82.1963251953125,-3.9777690744727847,-8.36160375214517,3.2297567045018076
1789453613690265000,82.20626513671876,-3.917178412170708,-8.42055570732951,3.149653240217268
1789453613700204000,82.2162041015625,-3.8536347452819344,-8.47374836833477,3.0847178267091513
1789453613710144000,82.22614404296876,-3.794222479109466,-8.51968068294823,3.0313816655799743
1789453613720083000,82.2360830078125,-3.7522678359553217,-8.55808260205686,2.97490837546885
1789453613730022100,82.24602221679687,-3.725207979594171,-8.588191324594616,2.9216783050626516
1789453613739962000,82.25596215820312,-3.700289226914942,-8.615408417344092,2.8727982465595003
1789453613749901000,82.26590112304687,-3.680193948869407,-8.641423148566483,2.8199948771327734
1789453613759841300,82.27584130859375,-3.6709073573470112,-8.664961260542274,2.7592157065212723
1789453613769780200,82.2857802734375,-3.671043843208253,-8.68695740377307,2.68897517234236
1789453613779720200,82.29572021484375,-3.669774553924799,-8.705031405124068,2.631652279664576
1789453613789659100,82.3056591796875,-3.658544427119195,-8.717098275014758,2.6072312473744153
1789453613799599000,82.31559912109375,-3.644969783014059,-8.722143867966532,2.609365336793661
1789453613809538000,82.3255380859375,-3.642408992615342,-8.71952053372562,2.621683843357861
1789453613819478000,82.33547802734375,-3.6554292177081105,-8.710067061203718,2.634941676598787
1789453613829417200,82.34541723632813,-3.675666826833784,-8.696452961871028,2.6517165780499576
1789453613839357200,82.35535717773438,-3.692683720347285,-8.681347162675857,2.677445770329237
1789453613849296100,82.36529614257813,-3.704056762754917,-8.66526521192491,2.7135812058106064
1789453613859236000,82.37523608398438,-3.7167920334264632,-8.647216929537057,2.753455827820301
1789453613869175300,82.38517529296875,-3.7358857332140203,-8.625847978293896,2.7943390423506496
1789453613879115000,82.39511499023438,-3.7661028845623132,-8.599238788309693,2.8354812000781298
1789453613889054000,82.40505395507813,-3.808014273096621,-8.564261582952737,2.8849261989876624
1789453613898994200,82.414994140625,-3.856470260968804,-8.52270207659602,2.943057777699828
1789453613908933000,82.42493310546875,-3.9030093093037603,-8.478421620842814,3.0088614984750746
1789453613918873000,82.434873046875,-3.940078518503904,-8.434926177987457,3.0819170900747177
1789453613928812000,82.44481201171875,-3.9659824828281995,-8.394571955767274,3.1579309469580648
1789453613938752300,82.45475219726562,-3.9830245107829567,-8.357068446803092,3.23501155629009
1789453613948691200,82.46469116210938,-3.99944957588315,-8.320818737292289,3.30737361266762
1789453613958631000,82.474630859375,-4.027058006037771,-8.283993858242034,3.3658070969358085
1789453613968570000,82.48457006835937,-4.067001601630449,-8.247535474416614,3.407063236431777
1789453613978510000,82.49451000976562,-4.106335248631239,-8.21301887230873,3.443073584228754
1789453613988449000,82.50444897460937,-4.134290300266445,-8.18051185645759,3.48672217181921
1789453613998389000,82.51438891601562,-4.148284631088376,-8.14862209572196,3.544301961867511
1789453614008328400,82.52432836914062,-4.153642358729243,-8.117097076645493,3.609763737337291
1789453614018267400,82.53426733398437,-4.169378272521495,-8.0858286626786,3.6614305039495227
1789453614028207600,82.54420751953126,-4.207539953133463,-8.054556741580367,3.686611706957221
1789453614038146600,82.554146484375,-4.256905749326944,-8.025112620431184,3.6941447328105568
1789453614048086500,82.56408642578126,-4.302228407609462,-7.998979231265187,3.6983196804076433
1789453614058025500,82.574025390625,-4.332967537005246,-7.973368989190459,3.71768430609107
1789453614067965400,82.58396533203126,-4.351341398085654,-7.943742497211694,3.759404263706505
1789453614077904400,82.593904296875,-4.369773126833141,-7.903958183833956,3.8213796583652493
1789453614087844400,82.60384423828125,-4.392556036527455,-7.850251143565774,3.9050513365253803
1789453614097783600,82.61378344726562,-4.41325717151165,-7.788237462723255,4.00461499582231
1789453614107723500,82.6237236328125,-4.429530553181469,-7.730376225385069,4.097671757443249
1789453614117662500,82.63366235351563,-4.4579538068503135,-7.681253590297699,4.158766862136125
1789453614127602700,82.64360278320312,-4.51289448056668,-7.630004464575648,4.1937089961797
1789453614137541600,82.65354174804688,-4.586512674485147,-7.566358214095234,4.229012657012045
1789453614147481300,82.6634814453125,-4.659485556237399,-7.490845000210404,4.283314740563929
1789453614157420300,82.67342016601563,-4.721237663534283,-7.409591781368851,4.356405695737898
1789453614167360500,82.68336059570312,-4.775719487567246,-7.324791099178791,4.439630214652419
1789453614177299500,82.69329956054688,-4.832505496889352,-7.232875032025575,4.527997357152402
1789453614187239400,82.70323950195312,-4.901197048060595,-7.131757421284914,4.613748179674149
1789453614197178600,82.7131787109375,-4.9793449943631884,-7.025897584453225,4.691828029176593
1789453614207118600,82.72311865234374,-5.0582998731344935,-6.921425402587651,4.762127307805419
1789453614217057500,82.7330576171875,-5.141900531885027,-6.81848057641983,4.820739071249961
1789453614226997200,82.74299731445312,-5.237710683867335,-6.711696610480547,4.867224051310122
1789453614236936400,82.7529365234375,-5.341612372368574,-6.599829057666659,4.907116793498397
1789453614246876400,82.76287646484376,-5.441394935113191,-6.486982430687546,4.947791918236017
1789453614256815400,82.7728154296875,-5.533710815238952,-6.375567297816276,4.99004700564146
1789453614266755600,82.78275561523438,-5.625097305560112,-6.262368788659572,5.0310447864621874
1789453614276694500,82.79269458007812,-5.717534766238927,-6.139364340281486,5.078230316007137
1789453614286634500,82.80263452148438,-5.805829135763645,-6.005500644236803,5.13777439186573
1789453614296573400,82.81257348632812,-5.886258763262629,-5.86977173884213,5.202701914328337
1789453614306513700,82.822513671875,-5.967482756009698,-5.742082347518205,5.252428945049643
1789453614316452600,82.83245263671876,-6.062797817951441,-5.624430366083979,5.270545616498589
1789453614326392300,82.84239233398438,-6.179426301556825,-5.5107414430618284,5.255171521756052
1789453614336331500,82.85233154296876,-6.297252470514178,-5.390032996666431,5.240470211708545
1789453614346270500,82.8622705078125,-6.384281934669613,-5.264195955210924,5.2630386018693445
1789453614356210400,82.87221044921876,-6.440944317612051,-5.1472968379706145,5.309422751903534
1789453614366149400,82.8821494140625,-6.486475650209188,-5.0368859137058255,5.359648964318633
1789453614376089600,82.89208959960938,-6.529667141681909,-4.925215929290652,5.410738515564799
1789453614386028500,82.90202856445312,-6.571364010682702,-4.81383148381859,5.460272069540619
1789453614395968500,82.91196850585938,-6.616040772277116,-4.715989826008677,5.491614133265614
1789453614405907500,82.92190747070312,-6.658894410097599,-4.633791435271501,5.509767045071721
1789453614415847400,82.93184741210938,-6.698809656378627,-4.5570293903693555,5.52537904022336
1789453614425786400,82.94178637695312,-6.743521489286422,-4.481266001115739,5.532956782001256
1789453614435726300,82.95172631835938,-6.794120626667142,-4.404357241219282,5.532808897963166
1789453614445665500,82.96166552734375,-6.847227362954616,-4.32604884365797,5.529120564839244
1789453614455605500,82.97160546875,-6.906567440673708,-4.243139089781046,5.519557202202082
1789453614465544400,82.98154443359375,-6.969287223958968,-4.149944673255086,5.511571464145184
1789453614475484400,82.991484375,-7.032310958626866,-4.0503953347444535,5.505573100513219
1789453614485423600,83.00142358398438,-7.0921443728208535,-3.95954806586653,5.494897392719984
1789453614495363600,83.01136352539062,-7.141750992032885,-3.889333835172653,5.480771252211928
1789453614505302500,83.02130249023438,-7.17855658186078,-3.841827987632155,5.466177494192123
1789453614515242500,83.03124243164062,-7.204612814137339,-3.8041894541114565,5.458211045357585
1789453614525181400,83.04118139648438,-7.2174582671850915,-3.7674867401361465,5.466691873455047
1789453614535121400,83.05112133789062,-7.202821839067339,-3.742570910066366,5.502991851848363
1789453614545060400,83.06106030273438,-7.169535071015358,-3.737691905853152,5.549579415500164
1789453614555000600,83.07100048828126,-7.150779517140984,-3.7398876623317596,5.5722465898603195
1789453614564939500,83.080939453125,-7.132306871861219,-3.7470682214856144,5.591073455405235
1789453614574879500,83.09087939453126,-7.079751339715719,-3.7693683160990474,5.642639391991496
1789453614584818700,83.10081860351562,-7.011935694596171,-3.803647310058772,5.703983795270323
1789453614594758400,83.11075830078126,-6.938789794364571,-3.8455136904075737,5.76503126142919
1789453614604697300,83.120697265625,-6.864293648567795,-3.886799640519917,5.826207906925678
1789453614614637300,83.13063720703126,-6.80093030668199,-3.9215836613923307,5.876981231829523
1789453614624576500,83.14057641601562,-6.746257051730155,-3.9517937984779477,5.919603983503579
1789453614634515500,83.15051538085937,-6.708260206291079,-3.986103187575936,5.939751868519187
1789453614644455400,83.16045532226562,-6.682732966324687,-4.0320390093207354,5.937515487769246
1789453614654394400,83.17039428710937,-6.657988985690474,-4.085752479329705,5.928591007557511
1789453614664334600,83.18033447265626,-6.636894759735465,-4.14726931656599,5.909500522640347
1789453614674273500,83.1902734375,-6.6263318646669385,-4.214235943640769,5.8738674837231635
1789453614684213500,83.20021362304688,-6.6215054674237965,-4.284827483214437,5.828062594881653
1789453614694152700,83.21015258789062,-6.613011195322871,-4.361033355538547,5.780989878061414
1789453614704092400,83.22009252929688,-6.593419190624356,-4.447441472925245,5.7373728546530005
1789453614714031400,83.23003125,-6.5630018405288455,-4.545127647912502,5.69554154561758
1789453614723971600,83.2399716796875,-6.52304509319365,-4.654151209472119,5.6532432035923
1789453614733910500,83.24991064453125,-6.471313152390718,-4.776659106504916,5.61034806471765
1789453614743850500,83.2598505859375,-6.411104475143551,-4.908410340440273,5.565578364142775
1789453614753789400,83.26978955078125,-6.340446884596347,-5.045554957851767,5.523725427797436
1789453614763729700,83.27972973632812,-6.258523219147325,-5.186169881722331,5.486792996719479
1789453614773668600,83.28966870117188,-6.16576485595107,-5.330083262616395,5.453805503875017
1789453614783608300,83.2996083984375,-6.062994801828265,-5.477762718045711,5.422599049228429
1789453614793547300,83.30954736328125,-5.955546819022297,-5.627717132669687,5.388008797362446
1789453614803487500,83.31948754882812,-5.852944522681832,-5.776587259188294,5.3427065973460675
1789453614813426400,83.32942651367188,-5.762835797211528,-5.920621051591635,5.282642881527543
1789453614823366400,83.33936645507812,-5.67918603862226,-6.058185940241813,5.216863710671663
1789453614833305600,83.3493056640625,-5.593928260314464,-6.188692727074026,5.155428706499934
1789453614843245600,83.35924560546874,-5.507853904926777,-6.315182094958424,5.094350845202803
1789453614853184500,83.3691845703125,-5.4321875463068485,-6.43949353428185,5.019428582948446
1789453614863124500,83.37912451171874,-5.375714548456669,-6.556267563837766,4.928228555110096
1789453614873063700,83.38906372070312,-5.3259343262434005,-6.666506638666987,4.833481356184184
1789453614883003400,83.39900341796876,-5.272158312392235,-6.775689482441544,4.739703294551372
1789453614892942300,83.4089423828125,-5.216628732872009,-6.884522197604179,4.643334924164414
1789453614902882600,83.41888256835938,-5.163328519839048,-6.990753790357709,4.543100233738124
1789453614912821500,83.42882153320312,-5.112219679370522,-7.091320196956396,4.443962983159721
1789453614922760400,83.43876049804688,-5.0589060223340985,-7.187316226899624,4.34975295985043
1789453614932700400,83.44870043945312,-5.007599028944969,-7.280289694151282,4.253436319650709
1789453614942639600,83.4586396484375,-4.959204123610258,-7.368778709465265,4.156659660723805
1789453614952579600,83.46857958984376,-4.900031803673506,-7.456739316990971,4.069048305027187
1789453614962518500,83.4785185546875,-4.823188802489638,-7.551269366034865,3.985672687204182
1789453614972458500,83.48845849609376,-4.738243743392825,-7.649935491970181,3.8984479927375912
1789453614982397400,83.4983974609375,-4.661841471713781,-7.744564909735321,3.8025411023825404
1789453614992337400,83.50833740234376,-4.60281528224945,-7.830037207576632,3.697971013100445
1789453615002275800,83.51827587890625,-4.549518868608772,-7.906110977953672,3.6007884037211535
1789453615012216000,83.52821606445312,-4.482760331326723,-7.976736419796943,3.5280233195006847
1789453615022155000,83.53815502929687,-4.398232913120091,-8.04634596259594,3.475953525045514
1789453615032095000,83.54809497070312,-4.315699591340124,-8.114178558850288,3.421291960531473
1789453615042034000,83.55803393554687,-4.250922291003167,-8.176027989041804,3.354498644196987
1789453615051974100,83.56797412109376,-4.203089695726335,-8.23062467162609,3.2804306606844067
1789453615061913000,83.5779130859375,-4.159226880863309,-8.280185698130726,3.2108784010306
1789453615071852800,83.58785278320312,-4.10520507555753,-8.326687337064742,3.1597388731628655
1789453615081792000,83.5977919921875,-4.0460917923316355,-8.369695288664103,3.122139794869721
1789453615091732000,83.60773193359375,-3.993467871125042,-8.40854787414968,3.0852763373747467
1789453615101671000,83.6176708984375,-3.9478032675370573,-8.44366770284772,3.0479005464434623
1789453615111611100,83.62761108398438,-3.909951968048513,-8.476151337823271,3.0062466398015615
1789453615121550000,83.63755004882813,-3.87948259550482,-8.505039578655362,2.9638351927906275
1789453615131490000,83.64748999023438,-3.853137901675701,-8.528795132774114,2.9297371083557606
1789453615141429000,83.65742895507813,-3.8123084631592032,-8.549176242023705,2.923740206028521
1789453615151369200,83.667369140625,-3.7812826257765293,-8.562011173677444,2.9264690464705225
1789453615161308200,83.67730810546875,-3.7890570591703057,-8.563518655630945,2.911975533954799
1789453615171247900,83.68724780273438,-3.812390880745649,-8.561668059328198,2.886851906353235
1789453615181186800,83.69718676757813,-3.824248491799831,-8.56636410818994,2.857078991641104
1789453615191127000,83.707126953125,-3.821155494220555,-8.57044816263318,2.8489599825933576
1789453615201066000,83.71706591796875,-3.808723005887866,-8.566520760056376,2.8772841598019
1789453615211005000,83.7270048828125,-3.801274151186645,-8.555027890661359,2.9209993828877807
1789453615220945200,83.73694506835938,-3.809657071867585,-8.525424195036292,2.9956703007295724
1789453615230884000,83.74688403320313,-3.8684219800472257,-8.473368429106474,3.067204381850362
1789453615240824000,83.75682397460938,-3.944150297987461,-8.430238896954059,3.0895234734252095
1789453615250763000,83.76676293945313,-3.986232659174502,-8.392112872177362,3.1389138195380566
1789453615260703000,83.77670288085938,-4.015212085421383,-8.351130288925766,3.210467774403095
1789453615270642000,83.78664184570313,-4.020324313868582,-8.328242165291309,3.2630952027410265
1789453615280582000,83.79658178710937,-4.022412810580432,-8.300971296527981,3.3293367304116486
1789453615290521000,83.80652099609375,-4.040063910344243,-8.25492441562414,3.4211797323286532
1789453615300461000,83.8164609375,-4.069127215482294,-8.202842930731176,3.510838375943899
1789453615310400000,83.82639990234375,-4.108634465484321,-8.158128175213932,3.5685388697624205
1789453615320340000,83.83634008789062,-4.127104772676527,-8.135757937973738,3.5981761753961443
1789453615330279200,83.84627905273437,-4.102557191397249,-8.124144657069444,3.652077569192648
1789453615340219100,83.85621923828126,-4.0823061382681125,-8.10669609414041,3.7130405719384547
1789453615350158000,83.86615795898437,-4.1119954663500184,-8.064452112650871,3.771801096203923
1789453615360098000,83.87609814453126,-4.173357697546482,-8.01262314121425,3.814622000798583
1789453615370037000,83.886037109375,-4.236227702957391,-7.9663430360764265,3.8421579502388834
1789453615379977000,83.89597705078126,-4.276906627087294,-7.925147102335095,3.8820711506932972
1789453615389916000,83.905916015625,-4.298759270194172,-7.875745065784454,3.957742477749288
1789453615399856000,83.91585620117188,-4.309859633140266,-7.829018970444798,4.037569170919061
1789453615409795000,83.92579516601562,-4.3289501180574295,-7.789981676042079,4.092284803707898
1789453615419735000,83.93573510742188,-4.363547384186089,-7.754837881946563,4.122173453754186
1789453615429674200,83.94567431640625,-4.405998870946466,-7.709001428923011,4.162797432826459
1789453615439614000,83.95561401367188,-4.436073983475565,-7.652899602472782,4.233761605104804
1789453615449553000,83.96555297851563,-4.441986422389745,-7.591324313047528,4.3371617738246915
1789453615459492900,83.97549291992188,-4.43901179049313,-7.527920054629445,4.449268688352406
1789453615469432000,83.98543212890625,-4.453144945263863,-7.465070507484674,4.540110404272378
1789453615479371000,83.99537109375,-4.495430135546624,-7.4047396651625625,4.5968838463738555
1789453615489311000,84.00531103515625,-4.557385364200175,-7.347727738130092,4.627258818632364
1789453615499250000,84.01525,-4.621175114804506,-7.291299748465418,4.653179441830516
1789453615509190100,84.02519018554688,-4.6702711541458966,-7.231835752105712,4.696752333836257
1789453615519129000,84.03512915039063,-4.703091765990853,-7.169826747438311,4.758665184652805
1789453615529069000,84.04506909179688,-4.735408812227845,-7.102813650873303,4.826629298332334
1789453615539008300,84.05500830078125,-4.783384030845761,-7.026705393704772,4.890302436819672
1789453615548948000,84.06494799804688,-4.841219256959855,-6.940839712631702,4.9555777498066425
1789453615558887000,84.07488696289063,-4.899294721570611,-6.851675574535131,5.022134334775806
1789453615568827000,84.08482690429688,-4.955368490970135,-6.760657917526364,5.090013692781329
1789453615578766000,84.09476611328125,-5.014689279466867,-6.665486063447594,5.156993471598625
1789453615588706000,84.1047060546875,-5.086750891593098,-6.564693446877598,5.215381363159418
1789453615598645000,84.11464501953125,-5.173963895621895,-6.461214952224493,5.258628384211659
1789453615608585200,84.12458520507812,-5.274974538856744,-6.359550813516974,5.282148376008868
1789453615618524200,84.13452416992187,-5.381598930320143,-6.260990486043691,5.292334838980436
1789453615628463900,84.1444638671875,-5.4780754372566935,-6.161223705390095,5.310402410590648
1789453615638402800,84.15440283203125,-5.563769853416085,-6.05770721681416,5.340322917079925
1789453615648343000,84.16434301757812,-5.64378797750473,-5.949598139750957,5.3777627131581305
1789453615658282000,84.17428198242187,-5.726500162982941,-5.83683451488018,5.413772184172273
1789453615668222000,84.18422192382812,-5.8122349111527205,-5.7195016823977225,5.447538260173797
1789453615678161200,84.1941611328125,-5.892285183945297,-5.596447549659014,5.4891860293358565
1789453615688101000,84.20410107421876,-5.964782264879346,-5.473746468141675,5.5344245164662595
1789453615698040000,84.2140400390625,-6.038716685140132,-5.356684269294142,5.568682759898901
1789453615707980000,84.22397998046876,-6.122306237974763,-5.242659830707312,5.585901605725288
1789453615717919200,84.23391918945312,-6.205051741200685,-5.131649186983704,5.597668615886569
1789453615727858200,84.24385815429687,-6.273328574091195,-5.02630256037116,5.617116828200221
1789453615737798000,84.2537978515625,-6.3325283665567635,-4.925138772401214,5.640256296247244
1789453615747736800,84.26373681640625,-6.391246512985229,-4.830135260626673,5.656160552343726
1789453615757677000,84.27367700195313,-6.467890776726603,-4.736674594379961,5.648069600346684
1789453615767616000,84.28361596679687,-6.563931814855337,-4.636181253017485,5.6205865501374
1789453615777556000,84.29355590820313,-6.655751435896754,-4.535615138679742,5.594601045009494
1789453615787495200,84.3034951171875,-6.734944215077161,-4.450141087272763,5.568412126263976
1789453615797435100,84.31343505859375,-6.808927150654792,-4.3698570057243105,5.54195900362432
1789453615807374000,84.3233740234375,-6.875768397784233,-4.291223321731389,5.520835551574826
1789453615817314000,84.33331396484375,-6.927068376910686,-4.227621202653646,5.505750210645795
1789453615827253000,84.3432529296875,-6.960193816921114,-4.18248997529,5.498441933459043
1789453615837193000,84.35319287109375,-6.982947500520944,-4.148302459006011,5.495490097916126
1789453615847132000,84.3631318359375,-7.00404815621674,-4.113856291785836,5.4945320665389294
1789453615857072000,84.37307202148438,-7.003663540813326,-4.0809944711476565,5.519468939396739
1789453615867011000,84.38301098632813,-6.979442122748494,-4.063986053201556,5.562531251531839
1789453615876951000,84.39295092773438,-6.941324865800142,-4.058185550229251,5.614224029368162
1789453615886890000,84.40288989257813,-6.903018808281422,-4.050051051351428,5.667078252199292
1789453615896830200,84.41283032226562,-6.862589182737469,-4.036322677989304,5.725678325206041
1789453615906769200,84.42276904296875,-6.813782189470529,-4.018295146128535,5.796212581634522
1789453615916708900,84.432708984375,-6.758934746995568,-4.006222723279893,5.868332645949721
1789453615926648000,84.44264794921875,-6.711663877254724,-4.007471554297209,5.921497249904275
1789453615936588000,84.45258813476562,-6.6741516004621975,-4.013743474173546,5.959523321437835
1789453615946527000,84.46252685546875,-6.630756695371866,-4.025940107923746,5.999604571935534
1789453615956467000,84.47246704101562,-6.591563333624601,-4.044674034488201,6.030111353880167
1789453615966406100,84.48240625,-6.563968639734387,-4.0584751808255906,6.050911565324664
1789453615976345000,84.49234497070313,-6.543095947575568,-4.067303799447417,6.067563424918055
1789453615986285000,84.50228515625,-6.533154983797669,-4.075786381110548,6.072583883428574
1789453615996224000,84.51222412109375,-6.528948179757594,-4.088577181361615,6.068502167072892
1789453616006165000,84.5221650390625,-6.513360734525323,-4.112767619766295,6.068910747873783
1789453616016104000,84.53210400390626,-6.484001953572035,-4.154116113720834,6.072187577587366
1789453616026044200,84.54204418945312,-6.440348689806461,-4.2145805192947385,6.07697247377634
1789453616035983000,84.55198315429688,-6.391527083492279,-4.288817137372494,6.076577921500801
1789453616045923000,84.56192309570312,-6.341731079187989,-4.378747291405499,6.064606913200021
1789453616055862000,84.57186206054688,-6.265775966754555,-4.487656578935683,6.063939389201998
1789453616065802000,84.58180200195312,-6.156335933348537,-4.601372097703814,6.0907508237600325
1789453616075741000,84.59174096679688,-6.036869595968723,-4.7160693209856746,6.122524849161505
1789453616085681000,84.60168090820312,-5.927974336963891,-4.834541971153021,6.136507197284698
1789453616095619800,84.61161987304688,-5.836738653290271,-4.964016492328048,6.120571377006173
1789453616105560000,84.62156005859374,-5.756051836159825,-5.112485636830329,6.074598730382323
1789453616115499000,84.6314990234375,-5.677068315815926,-5.262392120659351,6.020676586058736
1789453616125439000,84.64143896484374,-5.599570650115609,-5.382174684381485,5.987270575541258
1789453616135378200,84.65137817382812,-5.52269140857458,-5.483431411331892,5.966762040519714
1789453616145318100,84.66131811523438,-5.433166035950183,-5.591615891718864,5.948521450430154
1789453616155257000,84.67125708007812,-5.344315201586484,-5.709367241874337,5.917074757286906
1789453616165197000,84.68119702148438,-5.2648289924174545,-5.829868767520785,5.870654366895556
1789453616175136000,84.69113598632812,-5.185940749141573,-5.9516164938360445,5.818471175193786
1789453616185076000,84.70107592773438,-5.102679697608948,-6.077645842993259,5.761531144353747
1789453616195015000,84.71101489257812,-5.0269607320189476,-6.204267312824726,5.69272648819685
1789453616204955100,84.720955078125,-4.9641608692348,-6.328102366808056,5.610936093738675
1789453616214894000,84.73089404296876,-4.8962519928738475,-6.4503241403758524,5.530864193636178
1789453616224833000,84.7408330078125,-4.834876902195811,-6.566964314419031,5.446958998981118
1789453616234773000,84.75077294921876,-4.792137830665707,-6.680791769129037,5.3453527279406785
1789453616244712200,84.76071215820312,-4.753545065160095,-6.789155113214254,5.242283398610353
1789453616254652000,84.77065185546876,-4.70122392629236,-6.896035525265336,5.149130483138561
1789453616264591000,84.78059106445312,-4.640352401222288,-7.002371747437119,5.060066298285126
1789453616274531000,84.79053100585938,-4.596211061678827,-7.100756718343496,4.962305012235045
1789453616284470000,84.80046997070312,-4.57556779436171,-7.181313771614432,4.864499010260403
1789453616294410000,84.81040991210938,-4.557715911328792,-7.244022448983788,4.787666822731494
1789453616304349000,84.82034887695312,-4.5255236605152485,-7.296431850656867,4.738369123338162
1789453616314289200,84.8302890625,-4.480674464963376,-7.346020934212207,4.704239182460308
1789453616324228000,84.84022802734376,-4.428701408880949,-7.400895264694094,4.667302075207233
1789453616334168000,84.85016796875,-4.373974085654318,-7.460100317856669,4.624463342694938
1789453616344107000,84.86010693359376,-4.326623720936477,-7.520365109205246,4.571088895381987
1789453616354047000,84.870046875,-4.293304219658673,-7.584440983274579,4.496020502655208
1789453616363986000,84.87998583984376,-4.2659626237466926,-7.653423334085941,4.404213448834419
1789453616373926000,84.88992578125,-4.223387802867591,-7.726339517214893,4.317063280908763
1789453616383865000,84.89986499023438,-4.156341973076761,-7.8037191094934935,4.242309360958636
1789453616393805000,84.90980517578124,-4.078258324182033,-7.884805155074596,4.167498157863319
1789453616403744000,84.91974389648438,-4.011393111655116,-7.96342685636878,4.082025567761064
1789453616413684200,84.92968432617188,-3.9590132283374664,-8.035727537947892,3.9904447239115832
1789453616423623200,84.939623046875,-3.9126623960509894,-8.100702991205454,3.9038501440420745
1789453616433563000,84.94956298828124,-3.865631472545862,-8.161357074132562,3.8235488190978764
1789453616443501800,84.95950170898438,-3.814884451127052,-8.222895538678765,3.7417937882140277
1789453616453441000,84.96944091796875,-3.7629420824438333,-8.288015368843078,3.6495819529846307
1789453616463381000,84.97938110351562,-3.7120448388993736,-8.354459141087531,3.5488138863340017
1789453616473320000,84.98931982421875,-3.6745305162802335,-8.414708150345087,3.4439643955886363
1789453616483260000,84.99926000976562,-3.661020169582963,-8.461189915534854,3.3429920385375618
1789453616493199000,85.00919921875,-3.6540026920363307,-8.49868582571447,3.254375597451627
1789453616503139000,85.01913916015624,-3.6323180989727377,-8.530177527043223,3.1957407453924414
1789453616513078000,85.029078125,-3.6049358787894246,-8.553938341858982,3.1630598342791196
1789453616523018200,85.03901831054688,-3.5921123453125356,-8.568458450120687,3.13825506336838
1789453616532957200,85.04895727539062,-3.593719195987284,-8.574713418862222,3.1192788524806496
1789453616542897000,85.05889697265626,-3.595599018384516,-8.575250594478845,3.1156282210186124
1789453616552835800,85.0688359375,-3.596294307172298,-8.570054194879532,3.129090929181874
1789453616562776000,85.07877612304688,-3.602738368745148,-8.555120245119928,3.1623695139273997
1789453616572715000,85.08871508789062,-3.6160625452205535,-8.528825527912378,3.2177064934849735
1789453616582655000,85.09865502929688,-3.6341888612806796,-8.491157768297194,3.2959535162478684
1789453616592594200,85.10859423828126,-3.6585236765921114,-8.44389099020958,3.3891417952939866
1789453616602534100,85.1185341796875,-3.68511211604923,-8.39021142247021,3.4920889595493674
1789453616612473000,85.12847314453126,-3.715958797472715,-8.332074290800094,3.597026128578186
1789453616622412800,85.13841284179688,-3.755724990671873,-8.2705580380857,3.696322076849639
1789453616632352000,85.14835205078126,-3.80909739215821,-8.200004492434859,3.7975095379561186
1789453616642292000,85.1582919921875,-3.8712776617392897,-8.110635187155008,3.9244358359530565
1789453616652231000,85.16823095703126,-3.918129721546173,-8.014068663847446,4.073490671388805
1789453616662171100,85.17817114257812,-3.929205534572899,-7.921646400737762,4.240191930413246
1789453616672110000,85.18811010742188,-3.905880188564956,-7.844623951333761,4.401856656575203
1789453616682049000,85.19804907226562,-3.870196588504314,-7.779749035841226,4.546148223131895
1789453616691989000,85.20798901367188,-3.8300519173815846,-7.727106409934162,4.66828787137419
1789453616701928200,85.21792822265625,-3.7991318784609436,-7.687026328480243,4.758846678699553
1789453616711868200,85.2278681640625,-3.801602360227704,-7.644092026638984,4.82556342266649
1789453616721807000,85.23780712890625,-3.8432612353056665,-7.59275639167726,4.8733781900256865
1789453616731746800,85.24774682617188,-3.921708456815779,-7.542170698300003,4.889401688587665
1789453616741686000,85.25768603515625,-4.014655036060512,-7.496063027119636,4.884872520725429
1789453616751626000,85.2676259765625,-4.084061749763786,-7.448677006566524,4.899802963353693
1789453616761565000,85.27756494140625,-4.116924447184801,-7.398997322118282,4.947335991162062
1789453616771505200,85.28750512695312,-4.126728048318625,-7.351694888195395,5.009297065034509
1789453616781444000,85.29744409179688,-4.137456655342877,-7.307049690783024,5.065461435326934
1789453616791384000,85.30738403320312,-4.153272940894961,-7.266649875855445,5.110432211431861
1789453616801323000,85.31732299804688,-4.161609392085671,-7.233993806922435,5.149828402274847
1789453616811263000,85.32726293945312,-4.158981381669641,-7.210555648189783,5.184701562735438
1789453616821202000,85.33720190429688,-4.148400366422534,-7.190976502972841,5.2202527685880655
1789453616831142000,85.34714184570312,-4.124067012415826,-7.161523613995313,5.279679940068721
1789453616841081000,85.3570810546875,-4.092991198411584,-7.101224920377135,5.384274871531129
1789453616851021000,85.36702099609376,-4.064033399474621,-7.00016985347867,5.536392601668834
1789453616860960000,85.3769599609375,-4.060209749533236,-6.871383314567804,5.698175401252508
1789453616870900000,85.38689990234376,-4.083169184838235,-6.752321466335654,5.822739354032278
1789453616880839200,85.39683911132812,-4.094892940379679,-6.660655574551225,5.919284834551811
1789453616890779100,85.40677905273438,-4.07004900650233,-6.602395108762383,6.001124328848719
1789453616900718000,85.41671801757812,-4.0125007806360715,-6.569386573129892,6.075638010302185
1789453616910657000,85.42665698242187,-3.946798182147741,-6.553671702125668,6.135351012986898
1789453616920597000,85.43659692382812,-3.856611715266108,-6.547674507537484,6.198781574890017
1789453616930536000,85.44653588867187,-3.756731245104968,-6.535549185457826,6.272477510219812
1789453616940476000,85.45647583007812,-3.702954646731913,-6.48850627925396,6.352780296468734
1789453616950415000,85.4664150390625,-3.6698417739421125,-6.423926547315716,6.437065430352091
1789453616960355000,85.47635498046876,-3.7332884101971984,-6.3210039329797025,6.502142590418457
1789453616970294000,85.4862939453125,-3.91730525342077,-6.1269607857823365,6.579170300519466
1789453616980234200,85.49623413085938,-4.056963022696972,-5.944391218757629,6.661504884856939
1789453616990173200,85.50617309570312,-4.130425733792782,-5.827819433775544,6.719111855173111
1789453617000113000,85.51611279296876,-4.125757449720799,-5.788835915386676,6.7555819294363255
1789453617010051800,85.5260517578125,-4.084621137212217,-5.839621515250205,6.736845664784312
1789453617019992000,85.53599194335938,-3.952751537594199,-5.924678218027949,6.741241269394755
1789453617029931000,85.54593090820312,-3.7223829853013157,-6.0149628845870495,6.792234374529123
1789453617039871000,85.55587109375,-3.4987402341321108,-6.095950730490684,6.838755887207388
1789453617049810000,85.56580981445312,-3.3512411037057634,-6.127856273317336,6.883965148243307
1789453617059750100,85.57575024414062,-3.308934578374028,-6.105640934377909,6.924051074916124
1789453617069689000,85.58568920898438,-3.3365880167141553,-6.042039107561111,6.966442940443754
1789453617079629000,85.59562915039062,-3.3875364059239623,-5.948808450677991,7.021869059589505
1789453617089568300,85.605568359375,-3.456080073057115,-5.827422543412447,7.089924358683824
1789453617099508000,85.61550805664062,-3.524331771506369,-5.678643602308631,7.176520692119002
1789453617109447000,85.62544702148438,-3.5759868476808068,-5.4987967382460825,7.290127197554707
1789453617119385900,85.6353857421875,-3.6169764451950788,-5.290449755886197,7.422868027049303
1789453617129326000,85.645326171875,-3.636095863945782,-5.071656198313832,7.564883465367555
1789453617139265000,85.65526513671875,-3.639733928187191,-4.871500705716014,7.693584079560637
1789453617149205000,85.665205078125,-3.640556642746925,-4.703003210924566,7.797338468545675
1789453617159144000,85.67514404296875,-3.6689001091778275,-4.558868003973364,7.869326430913805
1789453617169084200,85.68508422851562,-3.706548287309706,-4.429300543817877,7.925479110768437
1789453617179023000,85.69502319335938,-3.7116485330581663,-4.331356886938214,7.977056153270602
1789453617188962800,85.704962890625,-3.6943443470358845,-4.290684100288153,8.007009977507591
1789453617198902000,85.71490209960938,-3.7058924537494775,-4.2817830009520055,8.006442406752704
1789453617208842000,85.72484204101562,-3.7667481967285275,-4.2657799606561655,7.986557556587457
1789453617218781000,85.73478100585938,-3.831873287589848,-4.2314241020679475,7.973843620964884
1789453617228721200,85.74472119140626,-3.8733670352339744,-4.181562631312012,7.980096251618861
1789453617238660000,85.75466015625,-3.909960443615913,-4.126481964603066,7.990918089884519
1789453617248600000,85.76460009765626,-3.9431045883268117,-4.0762274028763175,8.000416570591925
1789453617258539000,85.7745390625,-3.965222896632552,-4.040041990773379,8.007836491459608
1789453617268479200,85.78447924804688,-3.9755706876456736,-4.027082263696194,8.009237005907297
1789453617278418200,85.79441821289062,-3.973378438298404,-4.031293159389495,8.008201233118772
1789453617288358000,85.80435791015626,-3.979174849617481,-4.045407024937868,7.998202986195683
1789453617298296800,85.814296875,-3.9916079224720593,-4.067620902572572,7.980722274562716
1789453617308237000,85.82423706054688,-4.017569754463434,-4.107166438758373,7.947370040059089
1789453617318176000,85.83417602539062,-4.093617221355438,-4.1799803305566305,7.870227179145813
1789453617328115000,85.84411499023437,-4.201638912396133,-4.286881493134796,7.754953617280721
1789453617338055200,85.85405517578126,-4.281513244099915,-4.413969119173288,7.6391007942229505
1789453617347994000,85.863994140625,-4.308331692920625,-4.553214508256316,7.541680284434556
1789453617357934000,85.87393408203125,-4.280352091366052,-4.694800615246594,7.470465060004591
1789453617367873000,85.883873046875,-4.217129034733772,-4.840499125991761,7.413215232563019
1789453617377813000,85.89381298828125,-4.112293572513759,-4.999775203451514,7.366254743945598
1789453617387752000,85.903751953125,-3.950062152379751,-5.162633523312211,7.342657010737061
1789453617397692000,85.91369189453125,-3.7702071050107477,-5.325765399417281,7.320666712725162
1789453617407630800,85.923630859375,-3.5865459433570503,-5.489343850246072,7.292064887619018
1789453617417571000,85.93357104492188,-3.3787536722704767,-5.654558962365985,7.265012045520543
1789453617427510000,85.94351000976563,-3.1332913034811614,-5.826607719898224,7.239026540392637
1789453617437450000,85.95344995117188,-2.83232828900516,-6.009951193904876,7.213098318409919
1789453617447389200,85.96338916015625,-2.467054130399227,-6.2079275888979435,7.179532148894667
1789453617457329200,85.9733291015625,-2.0795476817190646,-6.400822150582075,7.132697917005419
1789453617467268000,85.98326806640625,-1.74777671039477,-6.5650266243547195,7.072205162119865
1789453617477208000,85.9932080078125,-1.471087720953673,-6.701601917445659,7.006768521091342
1789453617487147000,86.00314697265625,-1.1783903574544936,-6.831277514150738,6.936526525607705
1789453617497087000,86.0130869140625,-0.8618862211059778,-6.947540087053179,6.867258928114175
1789453617507026000,86.02302587890625,-0.5584769459890201,-7.055567915573715,6.788037507361174
1789453617516964900,86.03296484375,-0.25519907869938757,-7.137943416443466,6.719750153076649
1789453617526905000,86.04290502929688,0.06116436140364967,-7.186298574289679,6.672613138848543
1789453617536844000,86.05284399414063,0.3630724473105743,-7.209476036259532,6.637922349217534
1789453617546784000,86.06278393554688,0.6569484626676887,-7.204581834477186,6.6206345298081635
1789453617556723200,86.07272314453125,0.9398829223696142,-7.169056932109594,6.625075727126002
1789453617566663000,86.08266284179687,1.1979171879623085,-7.121221414223313,6.635026627776027
1789453617576601900,86.09260180664063,1.4233940957561135,-7.08510146857202,6.629152767306566
1789453617586542000,86.1025419921875,1.626405416176468,-7.059139344319701,6.610123072665929
1789453617596481000,86.11248095703125,1.8005293725475668,-7.001694871088862,6.626066491729021
1789453617606421000,86.1224208984375,1.8381385338433085,-6.897533654868602,6.724259154933691
1789453617616360000,86.13235986328125,1.7320960339210927,-6.820638631236553,6.830016700434684
1789453617626300200,86.14230004882812,1.6510284007795155,-6.747701405319571,6.921923999759555
1789453617636239000,86.15223901367187,1.63793657175526,-6.658516808956861,7.010826856571436
1789453617646179000,86.16217895507812,1.6605783194132149,-6.536906445285678,7.119110121157765
1789453617656118000,86.17211791992187,1.688795236855,-6.363216934809088,7.268276015752553
1789453617666058000,86.18205810546876,1.7225854243844747,-6.119356740519404,7.467033331990241
1789453617675997000,86.19199682617187,1.7804452004179356,-5.806034302946925,7.700024341741204
1789453617685937000,86.20193701171875,1.8784858879312871,-5.428971506869793,7.947825382611155
1789453617695876000,86.2118759765625,2.029496825870871,-4.987227272045612,8.196286348694562
1789453617705816000,86.22181616210938,2.2246491033539173,-4.4813580633133645,8.434379065498709
1789453617715755000,86.23175512695312,2.4568609454259276,-3.913996275003254,8.649558524227142
1789453617725695200,86.2416953125,2.7506086216956374,-3.2790058885782956,8.82341579248607
1789453617735634200,86.25163427734375,3.0983059148177503,-2.5793419544517993,8.93968011895418
1789453617745573000,86.26157299804687,3.4625136132359504,-1.8382050232082605,8.98901376644373
1789453617755512800,86.27151293945313,3.8205908460751172,-1.090847902275622,8.965684913304447
1789453617765452000,86.2814521484375,4.178568417932093,-0.36319289535246785,8.864425848266482
1789453617775392000,86.29139208984375,4.5526729487255215,0.3288055091148242,8.679600026747584
1789453617785331000,86.3013310546875,4.962424839222431,0.9835792215593159,8.40102916908264
1789453617795271000,86.31127099609375,5.399113544222712,1.599862569426745,8.028723796665668
1789453617805210000,86.32121020507813,5.825993971914053,2.177495137991011,7.581998266297578
1789453617815150000,86.33115014648438,6.201376267558336,2.717408655144274,7.094293075287341
1789453617825089000,86.34108911132813,6.512948062071204,3.213847187708318,6.589619213819503
1789453617835029200,86.351029296875,6.767915925830602,3.6497204846724864,6.086479137790203
1789453617844968200,86.36096826171875,6.970394892939924,4.009794736547768,5.6129784132212395
1789453617854908000,86.37090795898438,7.129722116065025,4.310024176052212,5.17311633888185
1789453617864846800,86.38084692382813,7.272433719953894,4.564675521208345,4.737703060644865
1789453617874787000,86.390787109375,7.4287003864645955,4.758396012322605,4.2828105904340745
1789453617884726000,86.40072607421875,7.609372595435381,4.889390582671761,3.7896836666360496
1789453617894666000,86.410666015625,7.818284810462593,4.955795776471495,3.238038210634887
1789453617904605000,86.42060498046875,8.03936735575497,4.958936412584781,2.6358883097991344
1789453617914545200,86.43054516601562,8.25645820106268,4.904066758278012,1.9878169080048798
1789453617924484000,86.44048413085937,8.452309274464845,4.805167408108711,1.2803187731213868
1789453617934423000,86.45042309570313,8.598863525256514,4.682266712366045,0.5534534552711993
1789453617944363000,86.46036303710937,8.695700682199,4.531699426540732,-0.13740354234231636
1789453617954302000,86.47030200195313,8.75736072729826,4.345869104154407,-0.7697007624268531
1789453617964242000,86.48024194335937,8.799725704818963,4.1285593553990125,-1.3000773665584624
1789453617974180900,86.49018090820313,8.838370200511813,3.9039547734603284,-1.6771207272827624
1789453617984121000,86.50012109375,8.872294097423554,3.705227560099959,-1.9297845518834889
1789453617994060000,86.51006005859375,8.892667607888578,3.556562893025577,-2.1075366356238723
1789453618004000000,86.52,8.894389024853705,3.4578970593512057,-2.2590203056417404
1789453618013938200,86.52993823242187,8.875020892038942,3.3956346644446254,-2.423645781305432
1789453618023878100,86.53987817382813,8.831912987196445,3.364579016445577,-2.616735573300719
1789453618033817000,86.54981713867187,8.762565310204028,3.3585099256649613,-2.847498970130086
1789453618043757300,86.55975732421875,8.67263252582252,3.366938731314242,-3.1015394899114965
1789453618053696300,86.5696962890625,8.589716926726698,3.3657413382232186,-3.325497298379242
1789453618063636000,86.57963598632813,8.536116853964328,3.336820071904361,-3.488656354752183
1789453618073575000,86.58957495117187,8.517845284214616,3.2792508032500742,-3.586531330309808
1789453618083515100,86.59951513671875,8.541955058598518,3.2065427099138497,-3.5949233110800383
1789453618093454000,86.6094541015625,8.597795019242167,3.147913703073561,-3.51268254250586
1789453618103394000,86.61939404296875,8.666064837870001,3.1321880184143778,-3.3554587214007974
1789453618113333200,86.62933325195313,8.729314782509206,3.167033706346154,-3.1526725880384445
1789453618123272200,86.63927221679687,8.764847283661364,3.248034703992307,-2.966161297650635
1789453618133212200,86.64921215820313,8.76867999369204,3.3606519061297178,-2.8260671827837824
1789453618143151000,86.65915112304687,8.756510247948766,3.4812136375308036,-2.7157079887062308
1789453618153090000,86.66909008789062,8.735754460167884,3.601971768286824,-2.623505213566124
1789453618163030300,86.6790302734375,8.706500308632851,3.7265327984571455,-2.54562147115767
1789453618172969200,86.68896923828125,8.67112153673768,3.8599493352562186,-2.4663386756062504
1789453618182909000,86.69890893554688,8.640921628785133,4.010605176147818,-2.328070022600889
1789453618192848100,86.70884814453125,8.622743582537769,4.1879467793911695,-2.068763545115292
1789453618202788000,86.7187880859375,8.597336754080652,4.399858468495309,-1.7021838568687437
1789453618212727000,86.72872705078125,8.532551854959129,4.6495445924595,-1.3220016135968267
1789453618222667300,86.73866723632813,8.432740650641918,4.904737204885483,-1.0014095503475517
1789453618232606200,86.74860620117188,8.321386308047176,5.134945305919647,-0.7464935629058629
1789453618242546200,86.75854614257813,8.191377533864975,5.362633533087372,-0.5602514448482543
1789453618252485000,86.76848510742188,8.040707664448023,5.596593680131435,-0.4421938417552039
1789453618262425000,86.77842504882813,7.868666505700349,5.840096731546521,-0.38437355748191476
1789453618272364000,86.78836401367188,7.669374351933598,6.099895668724179,-0.37729865065962076
1789453618282304000,86.79830395507813,7.438934780231118,6.3769111136406655,-0.40944253228679295
1789453618292243000,86.80824291992188,7.180728665202856,6.66260320148766,-0.46609760870561
1789453618302183200,86.81818310546875,6.907676278698444,6.941147755667567,-0.5242718209831044
1789453618312122000,86.8281220703125,6.641589055031537,7.194684709841012,-0.5442224663935601
1789453618322062000,86.83806201171875,6.411989441284537,7.4040762328177685,-0.48624461693838233
1789453618332001300,86.84800122070313,6.238847043296694,7.55801065698862,-0.3516432177362963
1789453618341940200,86.85794018554688,6.122392162692546,7.658558943408727,-0.18216555280108004
1789453618351880200,86.86788012695312,6.052644672727585,7.715912815746664,-0.023833870918815954
1789453618361819100,86.87781909179688,6.0167100205153226,7.743460747885703,0.09171317412541248
1789453618371759000,86.88775903320312,5.9999225518435235,7.755580224746465,0.14931262785540894
1789453618381698000,86.89769799804688,5.985186170482635,7.76698541585803,0.14785866618743165
1789453618391638000,86.90763793945312,5.958174244916439,7.788504589226841,0.0987047774452716
1789453618401577000,86.91757690429688,5.910626311799883,7.825233022165298,0.024769343404332175
1789453618411517200,86.92751708984375,5.843970358109474,7.8750220122069114,-0.04922731473797466
1789453618421456100,86.9374560546875,5.767933412611484,7.930235365384816,-0.11270277066216804
1789453618431396000,86.94739599609375,5.694728475669026,7.9818673529446125,-0.1739234470966272
1789453618441335300,86.95733520507812,5.635515239199996,8.022037450769544,-0.24140589647274463
1789453618451275000,86.96727490234375,5.599185450190306,8.04515295341909,-0.3082739585438743
1789453618461214000,86.9772138671875,5.595191412118077,8.045558027088642,-0.36499504940360783
1789453618471154200,86.987154296875,5.627663941177725,8.020706494426728,-0.40993930282779034
1789453618481093000,86.99709301757812,5.690567848858237,7.974097887986898,-0.44897696255668995
1789453618491033000,87.007033203125,5.775493618732691,7.910597767978906,-0.48631669579390435
1789453618500972000,87.01697192382812,5.873343752110004,7.835570291784405,-0.5273078642107546
1789453618510912300,87.02691235351563,5.976399637436867,7.753751840275526,-0.5765008976532146
1789453618520851200,87.03685131835938,6.079353815954923,7.66873663855195,-0.6342823842860758
1789453618530790100,87.0467900390625,6.1795326845407486,7.582971495243907,-0.6944870429452509
1789453618540730000,87.05673022460938,6.275206058400869,7.498803265738487,-0.7484086758121847
1789453618550669300,87.06666943359374,6.360684201461076,7.422029238137602,-0.7909253367632627
1789453618560609000,87.07660913085938,6.431460449951887,7.357405667057633,-0.8217524367034434
1789453618570548000,87.0865478515625,6.4838265970051285,7.30877169227004,-0.8439354808084666
1789453618580488200,87.09648828125,6.517017503467202,7.276966102686524,-0.862922505351156
1789453618590427100,87.10642724609374,6.532105767005682,7.260942604124546,-0.8835678915601223
1789453618600367000,87.1163671875,6.534733777421713,7.2555515587359665,-0.9080801823303103
1789453618610306000,87.12630615234374,6.537693211749196,7.2503686031401156,-0.92795940647237
1789453618620246300,87.13624633789063,6.549903874024748,7.238150926601886,-0.9371854269139468
1789453618630185200,87.14618530273438,6.575683042925596,7.215360418123006,-0.9323900093309581
1789453618640125000,87.156125,6.615006753054261,7.181771452254057,-0.9133636756911874
1789453618650064100,87.16606420898438,6.655920947244763,7.147587443101406,-0.8837987777065485
1789453618660004000,87.17600415039063,6.689236941391229,7.1205036213427775,-0.8502484633475541
1789453618669943000,87.18594311523438,6.7086179336875675,7.106036704573035,-0.8179712376642971
1789453618679883000,87.19588305664062,6.707480454090237,7.110086272224783,-0.7916796622619032
1789453618689822200,87.205822265625,6.684644937425851,7.133763500410318,-0.7715677984077483
1789453618699762200,87.21576220703125,6.645600628760457,7.171951484507322,-0.7546462550275027
1789453618709701000,87.225701171875,6.59633946198523,7.218442602047324,-0.7434938696332275
1789453618719641000,87.23564111328125,6.534811518833041,7.274224695023894,-0.7431559429157525
1789453618729580300,87.24558032226562,6.460146446210145,7.3403651004076,-0.7456096927434206
1789453618739519200,87.25551928710938,6.377174148491025,7.413307587021589,-0.7381805656559765
1789453618749459000,87.265458984375,6.292249547660351,7.48812872698903,-0.7112677165500819
1789453618759398100,87.27539819335938,6.20981851721108,7.560891765382886,-0.6644296852685511
1789453618769338000,87.28533813476562,6.134756554225087,7.626880195075273,-0.6048548489455133
1789453618779277000,87.29527709960938,6.069975162234902,7.68330175499916,-0.5409776757860556
1789453618789217000,87.30521704101562,6.01656564360857,7.7289944156378505,-0.48370399254485963
1789453618799156200,87.31515625,5.9734875493824475,7.7647852754652495,-0.44264512918666005
1789453618809096200,87.32509619140625,5.938759350350499,7.792350743260979,-0.42520358052030205
1789453618819035100,87.33503515625,5.911442888879776,7.812731852510571,-0.4318042574269697
1789453618828975000,87.34497509765625,5.893238539147377,7.825240620949864,-0.4535810588186607
1789453618838914000,87.3549140625,5.888502742797136,7.82728001782298,-0.47918509034831075
1789453618848854000,87.36485400390625,5.901840363276005,7.8158789183646435,-0.500702071760036
1789453618858793000,87.37479296875,5.93780541062653,7.788111205995082,-0.508104822297208
1789453618868733200,87.38473315429688,5.997946867856383,7.7428785640835756,-0.49279440390802914
1789453618878672100,87.39467211914062,6.078432024934887,7.682212790718674,-0.4545853770229965
1789453618888612000,87.40461206054688,6.172070678097009,7.61025054731369,-0.4000259942417964
1789453618898551300,87.41455126953124,6.269448517787456,7.533239203825593,-0.3386889340192079
1789453618908491000,87.42449096679688,6.358377093562483,7.46058371745944,-0.2847863894452341
1789453618918430200,87.43443017578124,6.429731434202194,7.40041771031022,-0.2505179534121416
1789453618928370000,87.44436987304688,6.479480676755308,7.357355982697009,-0.23669191009551285
1789453618938309000,87.45430908203124,6.507260664084553,7.332884389263391,-0.23398188395183533
1789453618948248000,87.464248046875,6.515992836594581,7.3251874050199985,-0.23208056210884823
1789453618958188000,87.47418798828124,6.511043689754605,7.329792852988839,-0.22546583841051904
1789453618968127000,87.484126953125,6.4978662282735105,7.341645203346014,-0.21994066351456568
1789453618978067200,87.49406713867188,6.47979573405385,7.357472887074947,-0.22410879777837545
1789453618988006100,87.50400610351562,6.458966881036758,7.375215464514493,-0.24149353822357952
1789453618997946000,87.51394604492188,6.436473309677839,7.39379799990952,-0.27193982215262946
1789453619007885600,87.52388549804688,6.412210390558839,7.413233937263488,-0.312882219524309
1789453619017825300,87.5338251953125,6.385497155678272,7.433994401219487,-0.36266335505302993
1789453619027764200,87.54376416015624,6.357394512265921,7.455109085440635,-0.4186637304227799
1789453619037704400,87.55370434570312,6.331343540686369,7.4740458411008115,-0.4723441018797457
1789453619047643400,87.56364331054688,6.3125114144444465,7.487389306798577,-0.5114498218761757
1789453619057583400,87.57358325195312,6.306580855351686,7.491402049571275,-0.5256599143406376
1789453619067522300,87.58352221679688,6.316438232499361,7.483999079838394,-0.5125850729838013
1789453619077462500,87.59346264648437,6.340456236946582,7.466123231408,-0.475409626930207
1789453619087401500,87.6034013671875,6.37630613348484,7.438857623341679,-0.4201203589718789
1789453619097341200,87.61334106445312,6.422396853530406,7.402448923876881,-0.356315228135325
1789453619107280100,87.62328002929688,6.476928654184937,7.357391054010391,-0.29760890000881624
1789453619117220400,87.63322045898437,6.537024518707394,7.305594815799593,-0.2568616781493649
1789453619127159300,87.6431591796875,6.597744068086147,7.251341832086443,-0.24125872482070698
1789453619137099300,87.65309936523437,6.650847881764173,7.202251930224895,-0.25333107460411264
1789453619147038500,87.66303857421875,6.687386345088481,7.1667913252651685,-0.29386706486567854
1789453619156978400,87.672978515625,6.70066902050972,7.151485035061836,-0.35731541815381496
1789453619166917400,87.68291748046875,6.689700467249751,7.157689734920859,-0.4310009782200679
1789453619176856300,87.69285620117188,6.659253891059756,7.181445289039611,-0.5015716576687992
1789453619186796500,87.70279663085938,6.6183104707747695,7.215044776302576,-0.5581003677615896
1789453619196735500,87.71273559570312,6.578351385352015,7.248660630178451,-0.5937950372055173
1789453619206675200,87.72267529296874,6.55105830475688,7.272448333001137,-0.6045738400470465
1789453619216614100,87.7326142578125,6.547526623499393,7.276928108763694,-0.5887277438785881
1789453619226554400,87.74255444335938,6.575083323466777,7.255126611322164,-0.5493626422936096
1789453619236493300,87.75249340820312,6.63373191179037,7.205179800370336,-0.4993783123429864
1789453619246433300,87.76243334960938,6.716842156675457,7.130574348980188,-0.4575193115830421
1789453619256372500,87.77237255859374,6.8134577798217535,7.0395748121500015,-0.4376790312118828
1789453619266312400,87.7823125,6.907821824648976,6.946570949760079,-0.4444495847927406
1789453619276251400,87.79225146484374,6.986207379099726,6.865925049161911,-0.47155755461193616
1789453619286191400,87.80219140625,7.040168101868033,6.808243260043859,-0.5042249121239408
1789453619296130300,87.81213037109374,7.065597726678848,6.780047677651047,-0.5278873080665245
1789453619306070300,87.8220703125,7.060912199211121,6.784214734202623,-0.5369710339605808
1789453619316009200,87.83200927734374,7.028185987651348,6.818130447807907,-0.536737517465651
1789453619325949400,87.84194946289062,6.974201299485564,6.873319251066446,-0.5370191108860075
1789453619335888400,87.85188842773438,6.909386005225778,6.937789677411318,-0.5457523428419605
1789453619345828400,87.86182836914062,6.845519974514842,6.999120052164793,-0.5670540740678086
1789453619355767300,87.87176733398438,6.797539495199918,7.043216968044638,-0.5974397138508036
1789453619365707500,87.88170751953125,6.783454271224141,7.0544573239833115,-0.6243045956291258
1789453619375646500,87.891646484375,6.816950298112631,7.021368708851933,-0.6324190746322274
1789453619385586200,87.90158618164062,6.900411840653419,6.940424117568135,-0.620653525775671
1789453619395525400,87.911525390625,7.021947970044613,6.8190762042254205,-0.6023518896812573
1789453619405465300,87.92146533203125,7.162140284588933,6.672672175559401,-0.591247983071208
1789453619415404300,87.931404296875,7.2969263561755415,6.524823793303966,-0.5932412757802754
1789453619425344500,87.94134448242187,7.408628489294648,6.396476814854145,-0.6063750442501157
1789453619435283500,87.95128344726562,7.489872355785965,6.2992474437236785,-0.6258431303080171
1789453619445223400,87.96122338867187,7.535959568700194,6.242183494243025,-0.6440869352679699
1789453619455162400,87.97116235351562,7.547696183723211,6.22695669901669,-0.6539675471607596
1789453619465102300,87.98110229492187,7.531839858421683,6.24635230436027,-0.6518119765620678
1789453619475041300,87.99104125976562,7.498029943278431,6.288273629766702,-0.6384024598907679
1789453619484980200,88.00098022460938,7.454583600261807,6.3414908406913275,-0.6205374981805681
1789453619494920200,88.01092016601562,7.408802676817774,6.395980555769801,-0.6094776864405721
1789453619504859400,88.020859375,7.366440037384629,6.4444689846068615,-0.6121826710829511
1789453619514799400,88.03079931640625,7.332179455864429,6.48203445289135,-0.626709172552824
1789453619524738300,88.04073828125,7.308967507103085,6.506358746808767,-0.6455042547199875
1789453619534678500,88.05067846679688,7.296317868888377,6.518770484614372,-0.6631470250468701
1789453619544617500,88.06061743164062,7.290110246419906,6.523981497260928,-0.6799510795272886
1789453619554557400,88.07055737304688,7.284245153778791,6.528437892147898,-0.6997562155198306
1789453619564496400,88.08049633789062,7.2739131448566905,6.5371449302166695,-0.7254702102299779
1789453619574436400,88.09043627929688,7.257741177734732,6.551396742931008,-0.7581454222548752
1789453619584375300,88.10037524414062,7.236900049757957,6.569881663170457,-0.7964411045100539
1789453619594315300,88.11031518554688,7.215757893007993,6.588340864446759,-0.8348546409912407
1789453619604254200,88.12025415039062,7.201708909389376,6.599933687084913,-0.8640887726515531
1789453619614194400,88.1301943359375,7.204035891032219,6.596188070815801,-0.8732379284646361
1789453619624133400,88.14013330078124,7.225204935789108,6.573501022711396,-0.8694188816331326
1789453619634073300,88.1500732421875,7.258913728645443,6.536553978586197,-0.8671884191673248
1789453619644012500,88.16001245117188,7.297307464447617,6.493048014336824,-0.8717858299601823
1789453619653952300,88.1699521484375,7.333397014960646,6.4507724686652415,-0.8827274221479893
1789453619663891200,88.17989111328124,7.361708332687616,6.416023226845264,-0.9001537001799792
1789453619673831400,88.18983154296875,7.37979168638885,6.392033279448747,-0.9224806097351014
1789453619683770400,88.19977026367188,7.389847800979018,6.377466993957758,-0.9425763261720538
1789453619693710300,88.20971044921875,7.397522573390603,6.367617215594649,-0.948944984421134
1789453619703649300,88.21964916992188,7.408693955746292,6.356736925140023,-0.9346332582131027
1789453619713589500,88.22958959960937,7.425878314781189,6.341593716543913,-0.9005029520090669
1789453619723528400,88.23952856445312,7.448020588484406,6.3222162313789125,-0.8526181881535798
1789453619733468400,88.24946850585937,7.472980257695913,6.299911460590362,-0.7975440242506563
1789453619743407400,88.25940747070312,7.497680983710288,6.277291632503271,-0.7421381441753357
1789453619753347300,88.26934741210937,7.519179114291071,6.25692747438848,-0.6951173036728054
1789453619763286300,88.27928637695312,7.532680400899052,6.243976222878694,-0.6647382397610694
1789453619773226200,88.28922631835937,7.532287602189183,6.245285551911592,-0.6568312660288065
1789453619783165400,88.29916552734375,7.514493002301454,6.265248728010058,-0.6703937082394957
1789453619793105400,88.30910546875,7.48037036794722,6.303343773126602,-0.6944799556173383
1789453619803044400,88.31904443359375,7.434967630165815,6.35418724065721,-0.7182920622289181
1789453619812984600,88.32898461914063,7.386324887549876,6.408659420078992,-0.7359802791327238
1789453619822923500,88.33892358398438,7.344222360357642,6.4557736379534,-0.74550345588997
1789453619832863200,88.34886328125,7.317360656917095,6.48578182272613,-0.7491692118559032
1789453619842802200,88.35880224609375,7.311437696608901,6.492211563512683,-0.7513003056004643
1789453619852742400,88.36874243164063,7.326571552854776,6.47505818413794,-0.7519033129949122
1789453619862681300,88.37868139648438,7.359964119368791,6.437284626060724,-0.750117379426211
1789453619872621300,88.38862133789063,7.4061799270987505,6.38434330946803,-0.7476959974981844
1789453619882560300,88.39856030273438,7.456053088292479,6.325914501374959,-0.7486415347199886
1789453619892500500,88.40850048828125,7.500675489351153,6.272460559085011,-0.7526545697536319
1789453619902439400,88.418439453125,7.534404740473628,6.231654501444101,-0.7547264806568622
1789453619912379400,88.42837939453125,7.555610610109567,6.206281575256586,-0.7518010947294533
1789453619922318300,88.438318359375,7.566755104458331,6.193987910872697,-0.741028867759183
1789453619932258300,88.44825830078125,7.573753585043549,6.188510356244445,-0.7148248245097696
1789453619942197200,88.458197265625,7.58231332359612,6.182581550717353,-0.6742346746418625
1789453619952137500,88.46813745117187,7.596203901782632,6.170376733660698,-0.6281133402623236
1789453619962076400,88.47807641601563,7.6174997877895825,6.1487032465130085,-0.5809712114676833
1789453619972016400,88.48801635742187,7.645244119283556,6.117839321693777,-0.5409879049191251
1789453619981955300,88.49795532226562,7.67586196038723,6.081398473525047,-0.5178004330119118
1789453619991895600,88.5078955078125,7.70323979665637,6.0468023764401675,-0.5163905296813697
1789453620001834500,88.51783447265625,7.720721677333116,6.022973172563314,-0.5335102990474552
1789453620011774000,88.52777392578125,7.7235110157907005,6.016803544017672,-0.561998434646055
1789453620021713000,88.537712890625,7.709453264343738,6.031893561121821,-0.5924323705501854
1789453620031653000,88.54765307617187,7.679512299588322,6.067751056444645,-0.6147079883094877
1789453620041592000,88.55759204101562,7.636478044503927,6.120977035197615,-0.6230784148350358
1789453620051532000,88.56753198242187,7.585085126397013,6.185126559025049,-0.6173164903074503
1789453620061471200,88.57747119140625,7.5314505668431515,6.251769653233885,-0.6025041576335206
1789453620071411200,88.5874111328125,7.481921689042449,6.312383404150605,-0.5874033999396487
1789453620081350100,88.59735009765625,7.442702023810148,6.359418711569905,-0.5782425171561539
1789453620091290000,88.6072900390625,7.417811328181624,6.388366573634744,-0.5789965138612315
1789453620101229300,88.61722924804687,7.407956873643398,6.398613242360949,-0.5918727273734286
1789453620111169000,88.6271689453125,7.411727039831876,6.391762061291932,-0.6181079329460859
1789453620121108000,88.63710791015625,7.4275810270458456,6.369543799743056,-0.6559984684664756
1789453620131048200,88.64704809570313,7.452256034097075,6.335881184116006,-0.7006275915268808
1789453620140987100,88.65698706054687,7.480775441616773,6.2970011261016126,-0.7457634950656443
1789453620150927000,88.66692700195313,7.507724823340773,6.260144682869314,-0.784243520911783
1789453620160866000,88.67686596679688,7.529162748166918,6.231080500948429,-0.809770980073884
1789453620170806300,88.68680615234375,7.542676894256473,6.213459504061937,-0.8193479328449815
1789453620180745200,88.6967451171875,7.548005980324745,6.207399765631556,-0.8162027666870504
1789453620190685000,88.70668481445313,7.546096931833028,6.210991068121791,-0.8064687967233359
1789453620200624000,88.7166240234375,7.538985638523101,6.220982300782203,-0.7959008601535111
1789453620210564000,88.72656420898437,7.529711614221334,6.233191209492087,-0.7881380441322923
1789453620220504000,88.73650415039063,7.52261318039298,6.242227917906642,-0.7843944006245582
1789453620230443000,88.74644311523437,7.524021878147125,6.240775381010771,-0.7824328182280064
1789453620240383200,88.75638330078125,7.539293681558966,6.223049170184135,-0.7765924947019666
1789453620250322200,88.766322265625,7.570496629074215,6.186819918939471,-0.7623846672598272
1789453620260262000,88.77626196289063,7.614493007189035,6.135260996615886,-0.7405771784689277
1789453620270201000,88.786201171875,7.662445429453253,6.078270112371444,-0.7155057194460183
1789453620280141000,88.79614111328125,7.701136102375387,6.031791269791126,-0.6930928851731121
1789453620290080000,88.806080078125,7.718859390592574,6.010509996831416,-0.6807096428096294
1789453620300020200,88.81602026367187,7.709365586060285,6.022363516232371,-0.6835241157084703
1789453620309959200,88.82595922851563,7.6735852476269,6.066275138673186,-0.6976968718372285
1789453620319899100,88.83589916992187,7.615999320098758,6.136489661628008,-0.7144470041733235
1789453620329838000,88.84583813476563,7.542405091577768,6.225674257990717,-0.7235247021853923
1789453620339778300,88.8557783203125,7.467358326160907,6.317292803502083,-0.7076440461602062
1789453620349717200,88.86571728515625,7.408487034997344,6.391231899937987,-0.6609586481571197
1789453620359657000,88.87565698242187,7.374024208903312,6.436251191359758,-0.6073006346624344
1789453620369596000,88.88559594726563,7.3638716482013455,6.45029199167192,-0.580956196561642
1789453620379536100,88.8955361328125,7.374023624381422,6.436983012765646,-0.5995049392849207
1789453620389475000,88.90547509765625,7.39790017453134,6.403247331902384,-0.6632338265474885
1789453620399415000,88.9154150390625,7.428516262069344,6.356609499368071,-0.762261187010631
1789453620409354200,88.92535424804687,7.457325007924437,6.307374051555991,-0.8807499115299433
