time,seconds_elapsed,z,y,x
1789799581483926500,0.047926513671875,5.7797524452209466,6.234201847839355,-2.074426100921631
1789799581493898800,0.057898681640625,6.628048020935058,5.7040358177185055,-0.8716390419006347
1789799581503869400,0.067869384765625,7.0202481803894035,5.218162518310547,0.16983868026733398
1789799581513841700,0.077841552734375,7.3751885765075675,5.204096583557129,0.956333925628662
1789799581523812600,0.0878125,7.3663599578857415,5.12044916305542,1.0244190353393554
1789799581533783600,0.097783447265625,7.218368367767334,4.759822537994385,0.5915174476623535
1789799581543755500,0.107755615234375,7.363666481018066,4.42418539276123,0.25917232971191406
1789799581553726500,0.1177265625,7.406612473297119,4.337395582580566,-0.3302501914978027
1789799581563698400,0.127698486328125,7.7970169815063475,4.100818531036377,-0.9956886154174804
1789799581573669400,0.13766943359375,8.468440909576415,3.6378397850036617,-1.2957120109558105
1789799581583641900,0.147641845703125,8.830264635467529,3.3871967987060545,-1.31516489944458
1789799581593612500,0.157612548828125,8.792256684112548,3.3969232429504395,-1.1385925270080566
1789799581603584800,0.167584716796875,8.683919058990478,3.6905122215270993,-0.5178957466125488
1789799581613555700,0.1775556640625,8.851812450408936,4.459050954437256,0.5891232460021972
1789799581623527700,0.187527587890625,9.59012438735962,5.713014073944091,2.0299837326049803
1789799581633498600,0.19749853515625,10.66871223526001,7.14414811630249,3.157652714538574
1789799581643469600,0.207469482421875,11.047445010375975,7.117362985229492,2.9700071594238278
1789799581653441800,0.21744189453125,11.118223596954346,6.265476107025146,1.7087117973327637
1789799581663412500,0.22741259765625,10.99312656021118,5.749525649261474,0.6168062026977539
1789799581673384700,0.237384765625,9.897330387878418,4.978443077087402,-0.3381809844970703
1789799581683355600,0.247355712890625,8.617629600524902,4.76266565246582,-1.0422259101867675
1789799581693327600,0.25732763671875,6.540809297943115,3.0259716232299803,-3.2058360229492187
1789799581703298600,0.267298583984375,4.512321941375732,4.849904375457763,-4.519205271148682
1789799581713270800,0.277270751953125,1.4975731384277342,5.888389345550537,-2.443432431793213
1789799581723241500,0.287241455078125,3.3213562530517575,6.562357112884521,-2.185457202911377
1789799581733213700,0.297213623046875,5.781548096466064,7.091026766967773,-2.58558815536499
1789799581743184600,0.3071845703125,5.312434208679199,5.2828059631347655,-1.3757681289672852
1789799581753155600,0.317155517578125,4.535216494750976,1.7791911087036132,1.235408056640625
1789799581763127600,0.32712744140625,10.851719024658202,0.7439981658935546,1.9027917694091796
1789799581773098800,0.3370986328125,14.392892917633056,0.5268740028381347,1.04701431350708
1789799581783070500,0.347070556640625,11.429469812774657,0.088735099029541,0.9472060317993164
1789799581793041700,0.357041748046875,10.60436806564331,0.7564180870056152,0.08319850769042968
1789799581803013600,0.367013671875,9.947010072326659,1.5272013839721679,-1.1870751106262207
1789799581812984800,0.37698486328125,10.478373203277588,3.781491884613037,-6.020070436859131
1789799581822956500,0.38695654296875,12.622829702758787,8.283638468933106,-14.92635097503662
1789799581832927700,0.396927734375,12.51329497680664,7.858518036651611,-11.176582262420654
1789799581842899500,0.4068994140625,9.393201300811768,3.1637878562927244,-1.9448399360656736
1789799581852870700,0.41687060546875,8.859593605804443,2.1184195564270016,2.084002907562256
1789799581862842600,0.426842529296875,9.834033681488037,3.604620236968994,3.125630267333984
1789799581872813800,0.436813720703125,9.471611405181884,4.823418519592285,2.992901712799072
1789799581882784500,0.446784423828125,9.162310478210449,4.917839847564697,2.953995935821533
1789799581892756700,0.4567568359375,8.685714710235596,4.209904344177246,3.056048781585693
1789799581902727700,0.466727783203125,7.6867340675354,4.055029424285888,2.9882629470825193
1789799581912699600,0.47669970703125,6.410474945068359,3.608959727478027,2.858826419830322
1789799581922670600,0.486670654296875,4.806808745574951,2.9650691184997555,2.7729344352722167
1789799581932642800,0.496642822265625,3.4757822601318358,3.2275334754943845,2.6734254287719725
1789799581942613500,0.506613525390625,2.644844646453857,4.282628219604492,3.5323452743530273
1789799581952585700,0.516585693359375,2.6994623718261717,6.375010832977295,5.654505770874023
1789799581962556700,0.526556640625,2.472611764526367,7.68658442993164,6.5224038726806635
1789799581972528600,0.536528564453125,1.8564041122436523,5.105485402679443,5.068524914550781
1789799581982499600,0.54649951171875,2.8356325912475584,2.016217073059082,3.9158664527893063
1789799581992470800,0.556470703125,4.991012635803222,1.341950030517578,3.7790976829528806
1789799582002442500,0.5664423828125,6.009595804595947,1.4287398406982421,4.536712870788574
1789799582012413700,0.57641357421875,6.400748500823974,1.4624083015441893,5.600037683105469
1789799582022385700,0.5863857421875,6.868814925384521,1.6106991668701172,6.036829848480224
1789799582032356900,0.59635693359375,7.062595622253418,1.6103998916625977,5.2371664939880365
1789799582042328600,0.60632861328125,6.536320169830322,1.1136030471801757,4.25853656539917
1789799582052299800,0.6162998046875,5.26050996017456,0.47330374069213865,3.616291970062256
1789799582062271500,0.626271484375,3.0980969482421874,0.10504559783935546,2.7914894981384277
1789799582072242700,0.63624267578125,1.0824784255981446,-0.02528875503540039,1.7690157516479492
1789799582082214700,0.646214599609375,0.7311293319702148,-0.21113865890502928,2.441337505340576
1789799582092185900,0.656185791015625,1.6294038673400877,-0.19961656341552733,3.8989574035644528
1789799582102156500,0.666156494140625,2.051681185150146,-0.21652561264038084,4.3177930564880365
1789799582112128800,0.676128662109375,1.2219406723022461,-0.6652887863159179,4.269011197662353
1789799582122099700,0.686099609375,0.3425204750061035,-0.6744166801452637,4.533570481109619
1789799582132071700,0.69607177734375,-0.5865794067382812,-1.0351929428100586,4.380042299652099
1789799582142042600,0.706042724609375,-1.3533224884033201,-1.4872481437683105,4.608538920593261
1789799582152014800,0.716014892578125,-1.0378864196777342,-1.686715069580078,5.4041620597839355
1789799582161985500,0.725985595703125,-0.9190741622924804,-2.3636755889892576,5.858761100006103
1789799582171957800,0.735957763671875,-1.29601128616333,-2.736273222351074,6.535571981811523
1789799582181928700,0.7459287109375,-2.226158631134033,-3.070114716339111,6.863727246856689
1789799582191900700,0.755900634765625,-3.7439328460693355,-4.064306955718994,6.586448767089843
1789799582201871600,0.76587158203125,-5.0011879928588865,-4.841973582458496,6.972214509582519
1789799582211843800,0.77584375,-5.526565619659424,-5.547514884185791,7.059902145385742
1789799582221814500,0.785814453125,-5.215469041442871,-6.319944194793701,7.600692445373535
1789799582231786800,0.795786865234375,-4.599111751556396,-6.4840966461181635,9.252541953277587
1789799582241757700,0.8057578125,-4.551377355957031,-6.628796208953857,10.364050074005126
1789799582251729000,0.81572900390625,-4.371064043426514,-8.451681497955322,10.442909091186523
1789799582261700600,0.82570068359375,-2.636165665435791,-10.61095212020874,11.395352439117431
1789799582271671800,0.835671875,-0.486471849822998,-12.597690585327149,15.389479358673094
1789799582281643500,0.8456435546875,0.11282675323486327,-11.630732389831543,17.259500492858887
1789799582291614700,0.85561474609375,0.4144961624145508,-8.894758442687987,15.825224060821533
1789799582301586700,0.865586669921875,2.386420504760742,-9.578751929473876,16.754772855377198
1789799582311558000,0.875557861328125,6.682216833496093,-11.324723490142821,18.65472151031494
1789799582321529600,0.885529541015625,7.483825476837158,-12.166584648895263,21.417181313323972
1789799582331500800,0.895500732421875,7.494300109100341,-11.120617798614502,23.66713232345581
1789799582341472500,0.905472412109375,7.985111449432373,-9.171737647247314,27.768100492095947
1789799582351443700,0.915443603515625,6.37800358505249,-7.736713027191161,31.571439466857907
1789799582361414700,0.92541455078125,6.95874712524414,-5.743839420318603,32.789040648651124
1789799582371387000,0.935386962890625,6.804021842956542,-4.248660483551025,31.521759782409667
1789799582381357600,0.945357666015625,3.971830916595459,-2.7838579803466796,29.176938531494137
1789799582391329800,0.955329833984375,2.5655367164611813,-1.7272668601989745,27.789648307037353
1789799582401300700,0.96530078125,0.74699091796875,0.0757166275024414,25.25059744644165
1789799582411272700,0.975272705078125,-5.781697734069824,2.725499314880371,21.781099965667725
1789799582421243600,0.98524365234375,-13.997101455688476,3.369539561462402,18.924368472290038
1789799582431215900,0.9952158203125,-11.458050595092773,2.3145944549560546,19.637541291809082
1789799582441186600,1.0051865234375,-6.670096187591552,2.6515783386230467,17.739837200927735
1789799582451158800,1.01515869140625,-6.944830828094482,1.9743185440063475,15.877148309326172
1789799582461129700,1.025129638671875,-6.03293927078247,0.5159504577636719,17.1471226524353
1789799582471100700,1.0351005859375,-3.0264205360412597,0.8777741836547851,18.40108577194214
1789799582481072600,1.04507275390625,-2.953846298217773,-0.2527379127502441,16.379781020355225
1789799582491043600,1.055043701171875,-6.877793181610107,-0.673518854522705,11.824662724304199
1789799582501015600,1.065015625,-9.59521206588745,-0.7022492744445801,10.8785041557312
1789799582510986500,1.074986572265625,-5.035305366516113,-1.168968960571289,14.74723476333618
1789799582520958700,1.084958740234375,-3.419518521118164,-0.5532102210998535,17.452533001708982
1789799582530929700,1.0949296875,-2.6005519157409664,-0.6531681404113769,17.303793223571777
1789799582540901600,1.104901611328125,-1.1757026527404784,-0.9967360786437988,16.15981374282837
1789799582550872600,1.11487255859375,-0.014215572357177733,-2.1164742675781247,12.799701350402831
1789799582560844500,1.124844482421875,0.7628525039672851,-3.641730362701416,8.696488617706299
1789799582570815500,1.1348154296875,1.042525185394287,-3.090615068054199,8.577526722717284
1789799582580787700,1.14478759765625,2.0082862800598145,-1.3623007446289062,9.766098209381102
1789799582590758700,1.154758544921875,0.4804863456726074,-0.6338648895263671,11.007192494964599
1789799582600729600,1.1647294921875,-1.6195277854919432,0.4417302062988281,12.030564067077636
1789799582610701600,1.17470166015625,-3.0072669227600097,0.3315969299316406,7.444770062255859
1789799582620672800,1.1846728515625,-3.6730046218872068,-0.512658430480957,0.6392518432617187
1789799582630644500,1.19464453125,-1.3699322624206542,0.35778351058959956,-2.3612813873291016
1789799582640615700,1.20461572265625,-0.027383681488037107,-0.007481880187988281,-2.7925369613647457
1789799582650587600,1.214587646484375,-1.052101992034912,-2.1341315048217773,-0.9163806854248047
1789799582660558600,1.22455859375,-4.093935201263427,-1.1442787559509278,4.0532337730407715
1789799582670530600,1.234530517578125,-6.3986535743713375,-1.5322890624999999,6.18003303527832
1789799582680501800,1.244501708984375,-6.856395004272461,-2.9082068290710446,5.856965448760986
1789799582690473500,1.254473388671875,-6.434267324066162,-3.528604334259033,4.384082514953613
1789799582700444700,1.264444580078125,-6.235548586273193,-2.4232313552856444,4.096778315734863
1789799582710416600,1.274416748046875,-6.27595073928833,-3.440467785644531,6.214449684143066
1789799582720387600,1.2843876953125,-4.18805725402832,-2.4595932929992674,8.750507792663575
1789799582730358500,1.294358642578125,-3.593098141479492,-4.058471089172363,8.952219282531738
1789799582740330800,1.304330810546875,-2.4842834976196286,-4.019415674591064,6.479906793212891
1789799582750301700,1.3143017578125,-2.8507459892272946,-4.87145219039917,6.958148574829101
1789799582760273700,1.324273681640625,-4.693084166717529,-1.9942203453063965,7.222558220672607
1789799582770244600,1.33424462890625,-3.43493119430542,0.48617257461547847,7.442076585388183
1789799582780216600,1.344216552734375,0.06254851837158203,-2.1645079383850097,7.080851409912109
1789799582790187500,1.3541875,-1.723226644897461,-2.1447557746887207,7.185298457336425
1789799582800159700,1.36415966796875,-5.327248331451416,-0.9282020561218262,8.754697645568847
1789799582810130700,1.374130615234375,-6.311414851379394,-2.070834798431396,9.431658164978026
1789799582820102700,1.3841025390625,-5.085733238983154,-2.177825685119629,7.825747401428222
1789799582830073600,1.394073486328125,-0.8313865264892578,-3.7241806823730466,6.2036757766723625
1789799582840045600,1.404045654296875,-0.11656769332885741,-5.034108265686035,4.536413595581054
1789799582850016500,1.4140166015625,-3.8379052612304685,-4.217386224365234,6.498611493682861
1789799582859987700,1.42398779296875,-4.681711708831787,-2.3318027793884277,7.263110011291504
1789799582869959700,1.433959716796875,-3.5577836669921874,-1.4553753341674804,6.721721160888672
1789799582879930600,1.4439306640625,-1.469740544128418,-0.6127659873962402,8.602665840148925
1789799582889902600,1.453902587890625,-1.0000281059265137,-0.3812766143798828,9.543736730194091
1789799582899873800,1.463873779296875,-1.1534066497802733,-0.07407061386108398,8.744223013305664
1789799582909845500,1.473845458984375,-0.626981559753418,-0.15233108062744138,6.213851133728027
1789799582919816700,1.483816650390625,-0.9162310478210449,-0.6355109031677245,0.752677146911621
1789799582929788700,1.49378857421875,1.2419921112060546,-1.665017617034912,1.1330559356689451
1789799582939759600,1.503759521484375,0.7579144630432129,-2.5053823997497555,2.1568764205932616
1789799582949731600,1.513731689453125,-0.20515315475463866,-4.0538323234558105,5.01166262512207
1789799582959702800,1.523702880859375,-3.999962786102295,-3.859303438568115,9.377040439605713
1789799582969674500,1.533674560546875,-3.7503672630310056,-2.458695467376709,8.202385250091552
1789799582979645700,1.543645751953125,-1.2128127784729004,-1.154304475402832,7.7633485206604
1789799582989617700,1.55361767578125,0.7713818473815918,-2.4980501571655274,8.588150992584229
1789799582999588600,1.563588623046875,0.7236474517822266,-6.145017835998535,11.001655903625487
1789799583009559600,1.5735595703125,-1.204732347869873,-7.44432114944458,13.198934477233886
1789799583019531800,1.58353173828125,-1.9164087913513181,-8.321796057891845,13.376853588104247
1789799583029502700,1.593502685546875,-1.4975731384277342,-9.868749605560302,12.197709270477294
1789799583039474700,1.603474609375,-0.7697358337402344,-10.818050563812255,11.839027934265136
1789799583049445600,1.613445556640625,-0.1039981346130371,-10.455329012298584,13.341688751220703
1789799583059417600,1.62341748046875,0.3651157531738281,-9.704746791839598,13.886668904113769
1789799583069388500,1.633388427734375,1.4203601348876953,-9.575010989379882,12.993781322479247
1789799583079360800,1.64336083984375,1.532887612915039,-9.514707035064697,13.902081577301024
1789799583089331700,1.653331787109375,0.38681320571899414,-8.570194480133056,14.79167713165283
1789799583099303700,1.6633037109375,0.6878840644836426,-8.106617183685302,14.697704716491698
1789799583109274600,1.673274658203125,0.4917091659545898,-7.3091983932495115,12.143989370727539
1789799583119246800,1.683246826171875,-0.9320926338195801,-3.3201591522216796,4.1109938880920405
1789799583129217500,1.693217529296875,-0.5876268699645996,-0.953790086364746,-0.49111061553955077
1789799583139188700,1.703188720703125,-0.5277718284606934,-1.1240776794433593,3.1784523414611816
1789799583149160700,1.71316064453125,-0.8224082702636718,-0.7655459808349608,7.841608987426757
1789799583159131600,1.723131591796875,1.6160861206054686,0.5978022270202636,11.461941172790526
1789799583169103600,1.733103515625,-1.451185481262207,0.7190086860656738,13.01098964691162
1789799583179074800,1.74307470703125,-0.873434693145752,-2.501791097259521,8.300547518157959
1789799583189046500,1.753046630859375,1.267280866241455,-4.415207136535645,4.901678986358642
1789799583199017700,1.763017822265625,-0.7742249618530272,-6.54410132522583,5.907842234039307
1789799583208989700,1.77298974609375,-1.980453685760498,-8.503007196044921,7.455543969726562
1789799583218960600,1.782960693359375,-0.852335791015625,-9.674370358276366,8.36444277496338
1789799583228932600,1.7929326171875,0.639700756072998,-9.927108271026611,9.398737892150878
1789799583238903800,1.80290380859375,0.7775169891357422,-8.953117108154297,10.351330877685546
1789799583248875500,1.81287548828125,-0.1822586013793945,-7.544279068756103,10.267384181976318
1789799583258846700,1.8228466796875,-0.8897451919555663,-6.996605438995361,9.090783703613281
1789799583268818700,1.832818603515625,-1.6570868240356444,-6.017077684783935,8.030152368164062
1789799583278789600,1.84278955078125,-1.7733552421569823,-1.8049287765502928,9.066542411804198
1789799583288760600,1.852760498046875,-1.5349825393676757,5.366004470825195,9.708188456726074
1789799583298732800,1.86273291015625,-0.1375169578552246,5.922656356811523,9.64638812637329
1789799583308703700,1.872703857421875,1.328632283782959,7.324760704040527,10.3544732673645
1789799583318675700,1.88267578125,-0.8846575134277344,6.1641714492797846,8.392125731658934
1789799583328646700,1.892646728515625,-1.8490718696594237,1.8480244064331053,7.325359254455566
1789799583338619000,1.902618896484375,-1.8127099319458007,-0.21054010848999022,8.636783213806153
1789799583348589600,1.912589599609375,-1.8245313026428223,-1.3682862487792968,9.55181716079712
1789799583358561800,1.922561767578125,-1.022174471282959,-3.235613906097412,8.39526812133789
1789799583368532700,1.93253271484375,-2.0816087059020996,-7.723844193267822,7.69945326385498
1789799583378504700,1.942504638671875,0.050427872467041016,-10.72632271270752,8.362048573303221
1789799583388475600,1.9524755859375,0.25528175201416015,-9.089137689971924,10.1889740776062
1789799583398447900,1.96244775390625,1.8110639183044432,-7.695263410949707,10.612897409057616
1789799583408418600,1.97241845703125,2.440738954925537,-11.74086566619873,8.883685260009765
1789799583418390800,1.982390869140625,2.265214045715332,-15.707908179473876,6.557419071960449
1789799583428361700,1.99236181640625,-0.2883516624450683,-15.879093598175048,5.596596018218994
1789799583438333700,2.002333740234375,-2.2972364929199216,-15.747861419677733,5.880907465362548
1789799583448304600,2.0123046875,-0.6383540176391601,-20.92098301925659,9.395595502471924
1789799583458275600,2.022275634765625,0.5758054992675781,-21.88524773788452,12.121394092559814
1789799583468247600,2.03224755859375,-0.1427542739868164,-13.318943835449218,4.262277505493164
1789799583478218500,2.042218505859375,-0.6458358978271485,-13.295001818847656,2.5124153671264646
1789799583488190700,2.052190673828125,-0.8883984535217284,-13.641263233947754,5.104437939453125
1789799583498161700,2.06216162109375,-1.0576385833740234,-9.32077670059204,7.912088298797607
1789799583508133600,2.072133544921875,-0.6561608924865723,-7.2355766921997065,10.408941355133056
1789799583518104600,2.0821044921875,-0.3541922080993652,-5.474491733551025,12.016947045135497
1789799583528076500,2.09207666015625,-0.5957073005676269,-6.911312004852294,10.978162799835204
1789799583538047500,2.102047607421875,-2.194285821533203,-10.746074876403808,9.904512992858885
1789799583548019700,2.112019775390625,-1.7577929313659666,-9.235782541656494,9.529670795440673
1789799583557990700,2.12199072265625,-0.3193266464233398,-7.608623238372802,7.948749511718749
1789799583567962600,2.131962646484375,-0.22819734573364256,-5.119401699829101,8.086416107177733
1789799583577933600,2.14193359375,-1.0136451278686522,-2.2411223915100096,9.019107291412354
1789799583587905300,2.1519052734375,-1.1486182464599608,-2.510769353485107,11.005995394134521
1789799583597876000,2.1618759765625,-0.8875006278991698,-5.206490785217285,10.430040257263183
1789799583607847200,2.17184716796875,0.17657237243652343,-6.106411334228516,9.331251332855224
1789799583617819100,2.181819091796875,0.8170213165283202,-4.6179660896301264,9.84465795135498
1789799583627790300,2.191790283203125,0.9367313995361327,-3.1262288177490234,10.40639751586914
1789799583637762000,2.201761962890625,-0.10250175857543944,-3.3315316101074215,11.080664558410644
1789799583647733200,2.211733154296875,-1.3874398620605468,-4.301183282470703,10.509647462463379
1789799583657705000,2.221705078125,-1.6443676277160644,-5.180603479766845,9.307010041046142
1789799583667676200,2.23167626953125,-1.0664672019958497,-5.371391424560547,8.501211544799805
1789799583677648100,2.241648193359375,-0.3193266464233398,-5.462969638061523,8.349778289794921
1789799583687619300,2.251619384765625,0.1345242057800293,-5.1794063789367675,8.950273993682861
1789799583697591000,2.261591064453125,0.3495534423828125,-4.918588035583496,10.136600916290282
1789799583707562200,2.271562255859375,1.1667243965148926,-4.932653970336914,11.42168865737915
1789799583717534000,2.281533935546875,1.5818191093444822,-5.6766521362304685,11.605593272399902
1789799583727505200,2.291505126953125,0.5427355888366698,-6.009595804595947,9.842263749694824
1789799583737477000,2.30147705078125,-1.2249334243774412,-4.912752169036865,8.454225337219238
1789799583747448300,2.3114482421875,-1.7137994758605957,-3.446453289794922,8.07609111251831
1789799583757420000,2.321419921875,-0.8212111694335937,-2.985868745422363,7.378031690979004
1789799583767391200,2.33139111328125,0.20335750350952148,-3.427299676513672,6.420500664520263
1789799583777362200,2.341362060546875,0.6961141326904297,-4.174440232086181,5.584026459503174
1789799583787334100,2.351334228515625,0.8457517364501953,-4.884919574737548,5.336076950073242
1789799583797305000,2.36130517578125,0.8930372192382812,-4.665550847625732,7.856572747802734
1789799583807277300,2.37127734375,0.6757634185791015,-3.127874831390381,13.658471558380127
1789799583817248000,2.381248046875,0.0383072265625,-2.5152584815979004,17.64077710723877
1789799583827220200,2.39122021484375,-1.0287585258483887,-4.908562316131592,15.302090998077391
1789799583837191200,2.401191162109375,-1.2074258247375487,-7.076960832214355,11.194239499664306
1789799583847163100,2.4111630859375,-1.0251672233581541,-5.36884758529663,9.693523971557617
1789799583857134000,2.421134033203125,-0.586729044342041,-3.8605005393981933,8.598326349639892
1789799583867106300,2.431106201171875,-0.48198272171020506,-4.391863670349121,6.948571768188476
1789799583877077000,2.441076904296875,-0.2079962692260742,-4.931456869506835,5.978471183013916
1789799583887049200,2.45104931640625,0.6555623420715332,-3.4241572868347165,5.429151539611816
1789799583897020200,2.461020263671875,0.8270470359802246,-1.8224363761901854,3.8563106864929195
1789799583906992000,2.4709921875,0.6383540176391601,-0.3184288208007812,3.976020769500732
1789799583916963000,2.480963134765625,1.230918928527832,-0.33369185638427734,4.926818103790283
1789799583926935300,2.490935302734375,1.0242693977355957,-1.1305120964050293,5.221454545593262
1789799583936906000,2.500906005859375,0.5354033462524413,-1.9045874206542968,4.209605068969727
1789799583946877200,2.510877197265625,-0.6027402679443359,-2.195482922363281,3.4712931320190425
1789799583956849200,2.52084912109375,-1.2964601989746094,-1.1671733093261718,6.058078388214111
1789799583966820400,2.5308203125,-0.8969277969360351,-0.9160814102172851,8.31281780166626
1789799583976792000,2.5407919921875,-2.018012724304199,-1.8908207611083983,7.662193500518798
1789799583986763300,2.55076318359375,-1.8743606246948241,-2.8369793296813963,4.101267443847656
1789799583996735000,2.56073486328125,-1.3976152191162108,-2.287510048675537,1.922992845916748
1789799584006706200,2.5707060546875,-0.8008604553222656,-0.8684966522216796,2.7406127128601074
1789799584016678100,2.58067822265625,-0.19168577041625975,-0.13302782974243163,4.774935935974121
1789799584026649300,2.5906494140625,-0.7495347572326659,-0.43065702362060543,5.717652839660644
1789799584036621000,2.60062109375,-1.2159551681518554,-0.7748235122680663,7.264307112121582
1789799584046592300,2.61059228515625,-2.0726304496765136,-1.1909656883239745,7.857769848632812
1789799584056564000,2.62056396484375,-1.903091044616699,-2.6355671150207516,6.884077960968018
1789799584066535200,2.63053515625,-0.7864952453613281,-3.1510686599731446,7.353491123962402
1789799584076507100,2.640507080078125,-1.2247837867736815,-2.495506317901611,9.01431888809204
1789799584086478300,2.650478271484375,-1.9469348625183105,-2.7633576286315917,9.760561618041992
1789799584096450000,2.660449951171875,-2.426523382568359,-4.025101903533935,9.553014261627197
1789799584106421200,2.670421142578125,-2.308608950805664,-4.659714981079102,10.003273811340332
1789799584116392200,2.68039208984375,-1.871218235015869,-4.600458489990234,10.152911415100098
1789799584126364200,2.6903642578125,-2.3048680107116697,-4.78181926574707,8.721927010345459
1789799584136335000,2.700335205078125,-2.1561282325744626,-4.781220715332031,6.656030252838135
1789799584146307300,2.710307373046875,-1.3245920684814452,-4.390965844726562,5.7453357963562
1789799584156278000,2.720278076171875,-0.6768108818054199,-3.6655227416992187,6.8028247421264645
1789799584166250200,2.730250244140625,-0.8488941261291504,-2.6241946571350097,9.075819943237304
1789799584176221200,2.74022119140625,-1.7521067024230956,-2.829946362304687,8.939948999023438
1789799584186193200,2.750193115234375,-1.861641428375244,-4.611830947875976,7.402721895599365
1789799584196164000,2.7601640625,-0.9795277542114257,-6.416759724426269,7.837718409729003
1789799584206136300,2.77013623046875,-0.10998363876342773,-7.748085485076904,9.485228427124023
1789799584216107000,2.78010693359375,0.12764087600708007,-8.48505068359375,11.012280173492432
1789799584226079200,2.790079345703125,-0.06778583450317383,-9.181913004302977,11.003152279663086
1789799584236050200,2.80005029296875,-1.5077484954833984,-9.220818781280517,11.73383269882202
1789799584246022100,2.810022216796875,-1.3168109130859373,-8.225429441070556,12.179752758026122
1789799584255993000,2.8199931640625,1.039981346130371,-6.512976703643798,10.608408280944824
1789799584265965300,2.82996533203125,1.156249764251709,-5.420921471405029,9.07252791595459
1789799584275936000,2.83993603515625,-0.2959831802368164,-5.099948811340331,8.794351610565185
1789799584285907200,2.8499072265625,-0.6549637916564941,-5.032013339233398,9.184007930755614
1789799584295879200,2.859879150390625,0.41973347854614257,-5.334430936431884,9.10395181274414
1789799584305850400,2.869850341796875,1.5209166046142577,-6.184372525787353,8.45302823638916
1789799584315822000,2.879822021484375,1.1088146438598632,-7.133224571228027,8.19639974594116
1789799584325793300,2.889793212890625,-0.21622633743286132,-7.8900915710449215,8.71429549255371
1789799584335765200,2.89976513671875,-0.7800608283996582,-8.107664646911621,10.349535226440429
1789799584345736200,2.909736083984375,-0.5123591552734374,-7.970746239471435,12.100444828033446
1789799584355708200,2.919708251953125,-0.05132569808959961,-7.747187659454346,12.588861966705322
1789799584365679400,2.929679443359375,0.19258359603881836,-8.585607153320312,12.434735234832763
1789799584375651000,2.939651123046875,0.3205237472534179,-9.884611191558838,12.215516145324706
1789799584385622300,2.949622314453125,0.9962871658325195,-11.374103899383543,11.571924811553954
1789799584395594200,2.95959423828125,0.6462848106384277,-11.75972000427246,10.04936219329834
1789799584405565200,2.969565185546875,0.17133505630493162,-10.998214238739013,9.14195976409912
1789799584415537200,2.979537109375,-0.9820715934753418,-9.57575917739868,9.707440268707275
1789799584425508400,2.98950830078125,-2.43235924911499,-7.323413965606689,10.340257695007324
1789799584435480000,2.99947998046875,-2.600252640533447,-5.928492223358154,10.11939259185791
1789799584445451300,3.009451171875,-2.249801372528076,-5.2533273551940916,10.249577307128906
1789799584455423200,3.01942333984375,-1.2888286811828613,-4.91589455871582,10.570101054382324
1789799584465394200,3.029394287109375,-0.03232172241210937,-4.827758010101318,10.644620581054687
1789799584475366100,3.0393662109375,0.833182177734375,-4.976797063446044,10.302249743652343
1789799584485337300,3.04933740234375,1.560869844818115,-5.238662870025634,9.04604206008911
1789799584495308300,3.059308349609375,1.8505682456970214,-5.497386286926269,7.667730091857909
1789799584505280300,3.0692802734375,1.3479355346679687,-5.8277861160278315,7.036857954406738
1789799584515251200,3.079251220703125,0.009127893829345703,-6.565798777770996,8.032995482635497
1789799584525223200,3.08922314453125,-0.7439981658935546,-7.4125979774475095,9.925911170196533
1789799584535194000,3.099194091796875,-0.27308862686157226,-8.144475497436522,11.199476815795897
1789799584545166300,3.109166259765625,1.5693991882324219,-7.933636113739013,11.686098303222655
1789799584555137300,3.11913720703125,3.0687679779052734,-6.3515177291870115,11.697171485900878
1789799584565109200,3.129109130859375,2.338686109161377,-4.986822782897949,10.67454810180664
1789799584575080200,3.139080078125,0.8840589630126953,-4.346373838806152,7.983016522979736
1789799584585052200,3.14905224609375,0.08499415893554688,-3.890577697753906,4.625447969818115
1789799584595023000,3.159023193359375,-0.720804337310791,-3.4171243194580074,2.414552374267578
1789799584604995300,3.168995361328125,-2.629132698059082,-2.895936545562744,3.1310172210693357
1789799584614966300,3.17896630859375,-3.425055112457275,-3.47952320022583,4.795885200500488
1789799584624938200,3.188938232421875,-2.953995935821533,-4.7864580314636225,6.124218209075927
1789799584634909200,3.1989091796875,-0.6274304725646972,-5.397877280426025,7.589319987487793
1789799584644881200,3.208881103515625,1.171512799835205,-5.471947894287109,9.420884257507323
1789799584654852000,3.21885205078125,0.6610989334106445,-5.727229646301269,11.418246992492675
1789799584664824300,3.22882421875,0.40057986526489253,-6.133495740509033,12.774412595367432
1789799584674795300,3.238795166015625,-0.03860650177001953,-6.7565867225646965,12.131868724822997
1789799584684767200,3.248767333984375,-1.2713210815429687,-6.8056678565979,9.89523546142578
1789799584694738200,3.25873828125,-3.2076316741943356,-5.877166525268555,9.169343445587158
1789799584704709000,3.268709228515625,-3.539378241729736,-4.950610482788085,10.468347483825683
1789799584714681000,3.27868115234375,-1.4790180755615234,-4.685602286529541,11.686846491241454
1789799584724652000,3.288652099609375,-0.8782230964660644,-5.3305403587341305,11.965172434234619
1789799584734624300,3.298624267578125,-2.5445874519348144,-6.420351026916504,11.579855604553222
1789799584744595000,3.308594970703125,-2.874239093017578,-7.331644033813476,10.73141039123535
1789799584754567200,3.318567138671875,-1.0046668716430665,-7.847594491577148,9.418190780639648
1789799584764538400,3.328538330078125,-0.2537853759765625,-7.789834376525879,8.84223564376831
1789799584774510000,3.338510009765625,-1.246780514526367,-7.763498158264159,8.573336869812012
1789799584784481300,3.348481201171875,-1.6521487831115722,-7.848342679595947,8.588300630187987
1789799584794453200,3.358453369140625,-1.2936170845031738,-7.507019305419921,9.60179612045288
1789799584804424200,3.368424072265625,-0.5108627792358398,-6.962936978149414,10.652551374053955
1789799584814396200,3.378396240234375,-0.7234978141784667,-5.973533142089844,11.217582965850829
1789799584824367400,3.388367431640625,-1.119738188934326,-6.195744983673095,9.37808790283203
1789799584834339000,3.398339111328125,-0.6166565650939941,-7.306205641174316,7.0841434371948235
1789799584844310300,3.408310302734375,-0.35314474487304687,-6.961141326904296,7.020697093200683
1789799584854282200,3.4182822265625,-0.6899789909362792,-4.568735317993164,9.44183352203369
1789799584864253200,3.428253173828125,-1.3527239379882812,-1.9123685760498046,12.928090414428711
1789799584874225200,3.43822509765625,-1.4956278495788573,-2.8788778587341306,12.90893680114746
1789799584884196400,3.4481962890625,-0.8506897773742675,-6.666654522705078,8.595333597564697
1789799584894168000,3.45816796875,-1.0102034629821777,-7.183053893280029,7.381174080657958
1789799584904139300,3.46813916015625,-0.6790554458618163,-4.483142608642578,7.672069582366943
1789799584914111200,3.478111328125,0.49574938125610346,-2.5137621055603026,5.778405706787109
1789799584924082200,3.488082275390625,1.0595838722229003,-2.4479215599060056,2.105101809692383
1789799584934054100,3.49805419921875,0.24735095901489257,-2.8555343925476073,1.674594423675537
1789799584944025300,3.508025390625,-0.4326023124694824,-2.136824981689453,3.7892730400085446
1789799584953996300,3.517996337890625,0.7529764221191406,-0.9325415466308593,5.734711526489257
1789799584963968300,3.52796826171875,1.162534543609619,-0.22520459365844725,6.853102976989746
1789799584973939200,3.537939208984375,0.2742857276916504,-0.7460930923461914,6.594529197692871
1789799584983911200,3.5479111328125,-0.35314474487304687,-1.950376527404785,5.954978079223633
1789799584993882000,3.557882080078125,-1.7003320915222166,-2.114080065917969,7.499687062835693
1789799585003854300,3.567854248046875,-2.45794727935791,-2.412607085418701,9.006388095092772
1789799585013825300,3.5778251953125,-2.552368607330322,-3.0542531303405758,7.417236743164062
1789799585023797200,3.58779736328125,-1.7414824325561522,-3.543867369842529,4.69233597869873
1789799585033768200,3.597768310546875,-0.8560767311096191,-1.7090110725402832,4.585195454406738
1789799585043740200,3.607740234375,0.3151367935180664,-0.5551555099487304,3.932027313995361
1789799585053711000,3.617711181640625,-0.053420624542236325,-1.0251672233581541,2.381931376647949
1789799585063683300,3.627683349609375,-0.3808277015686035,-0.6775590698242188,2.8152818771362305
1789799585073654300,3.637654296875,-0.5680243438720702,0.177470198059082,4.994753575897216
1789799585083626200,3.647626220703125,-0.626981559753418,-0.3890577697753906,5.237765044403075
1789799585093597200,3.65759716796875,-0.8532336166381835,-1.512536898803711,5.961113220977783
1789799585103569200,3.667569091796875,-1.263539926147461,-1.3392565536499024,8.926780889892578
1789799585113540000,3.6775400390625,-2.2451626068115234,-1.7386393180847166,9.830292741394043
1789799585123512300,3.68751220703125,-2.7343279335021973,-2.829946362304687,9.21303762588501
1789799585133483300,3.697483154296875,-1.6705542083740232,-3.684227442169189,6.766163529205322
1789799585143455200,3.707455322265625,-1.661127039337158,-3.882048354339599,4.902726449584961
1789799585153426200,3.71742626953125,-2.2177789253234863,-3.1280244689941403,5.794865843200683
1789799585163398100,3.727398193359375,-2.4358009140014647,-2.247856083679199,8.590844469451904
1789799585173369000,3.737369140625,-1.922244657897949,-2.66863702545166,10.343848997497558
1789799585183341300,3.74734130859375,-0.3452139518737793,-4.022408426666259,9.241768045806884
1789799585193312300,3.757312255859375,-0.6006453414916992,-3.501968840789795,9.667337390899657
1789799585203284200,3.7672841796875,-1.4820108276367188,-3.694402799224853,8.639925603485107
1789799585213255200,3.777255126953125,-2.136226431274414,-4.946719905090331,6.947823580169677
1789799585223227100,3.78722705078125,-1.9511247154235838,-5.3968298171997064,7.247996613311767
1789799585233198000,3.797197998046875,-0.7197568740844726,-5.127482130432129,8.029254542541503
1789799585243170300,3.80717041015625,-0.4652233100891113,-4.536114320373535,7.910741560363769
1789799585253141200,3.817141357421875,0.19168577041625975,-4.0818145553588865,6.840982331085205
1789799585263113200,3.82711328125,0.6066308456420898,-4.002207350158691,5.699546689605713
1789799585273084200,3.837084228515625,-0.4816834465026855,-4.368819479370117,5.34370846786499
1789799585283055000,3.84705517578125,-2.21523508605957,-4.94731845550537,6.243329741668701
1789799585293027000,3.857027099609375,-2.069787335205078,-5.272780243682861,7.0634934478759765
1789799585302998000,3.866998046875,0.35194764404296874,-5.346401944732666,6.23749387512207
1789799585312970200,3.87697021484375,1.5656582481384276,-4.82012649230957,4.944774616241455
1789799585322941200,3.886941162109375,1.1544541130065917,-4.057124350738525,4.812494974517822
1789799585332913200,3.8969130859375,-0.6976105087280273,-3.4956840614318847,7.609221788787841
1789799585342884000,3.906884033203125,-2.2506991981506346,-5.124040465545654,11.57461828842163
1789799585352856000,3.91685595703125,-1.8683751205444334,-9.466224451446532,14.30116506652832
1789799585362827000,3.926826904296875,-0.09786299285888671,-11.039813492584228,13.599963255310058
1789799585372799200,3.93679931640625,0.6974608711242676,-8.323591709136963,11.080963833618164
1789799585382770200,3.946770263671875,0.5461772537231445,-6.506841561889648,10.347141024780273
1789799585392742100,3.9567421875,-0.277727392578125,-6.401047776031493,12.322507032012938
1789799585402713000,3.966713134765625,-1.2829928146362304,-8.199691773223876,15.162179838562011
1789799585412685000,3.97668505859375,-1.218050094604492,-10.06836616897583,16.972645206451414
1789799585422656000,3.986656005859375,1.3676876983642576,-9.497648348236083,15.662119072723387
1789799585432628200,3.996628173828125,2.9803321540832517,-7.279570147705078,12.79416475906372
1789799585442599200,4.00659912109375,2.8706477905273435,-6.134842478942871,10.928034202575683
1789799585452571100,4.016571044921875,1.281945351409912,-7.06094960861206,9.624241761016846
1789799585462542000,4.0265419921875,-1.0538976432800293,-9.072976828765869,9.23712928009033
1789799585472514000,4.03651416015625,-0.7472901931762694,-11.038766029357909,8.48445213317871
1789799585482485000,4.046485107421875,1.3877391372680663,-11.537657800292967,8.399757249450683
1789799585492457200,4.056457275390625,1.303044253540039,-9.241618408203124,9.95299557647705
1789799585502428200,4.06642822265625,1.3883376876831053,-6.65213967514038,9.25029738922119
1789799585512400100,4.076400146484375,1.7570447433471679,-5.3658548332214355,6.8122519111633295
1789799585522371000,4.08637109375,1.7636287979125975,-4.582202702331543,4.378545923614502
1789799585532343000,4.096343017578125,0.05327098693847656,-3.7612908081054686,3.640982174682617
1789799585542314000,4.10631396484375,-1.2811971633911132,-3.720140467071533,3.3086370567321777
1789799585552286200,4.1162861328125,-1.211765315246582,-4.570381331634521,3.197306679534912
1789799585562257200,4.126257080078125,-0.6456862602233886,-5.36929649810791,3.8028900619506834
1789799585572229000,4.13622900390625,0.009576806640625,-5.768529624938965,5.424063861083984
1789799585582199800,4.14619970703125,0.7234978141784667,-6.389974593353271,6.856245366668701
1789799585592172000,4.156172119140625,1.0856208152770996,-6.809558434295654,7.619546783447265
1789799585602142700,4.166142822265625,1.523909356689453,-7.0367083168029785,7.818265521240234
1789799585612115000,4.176114990234375,1.4050970993041991,-7.233032852935791,8.30578483428955
1789799585622086000,4.1860859375,-0.42751463394165035,-7.134571309661865,9.713874685668944
1789799585632057900,4.196057861328125,-2.0150199722290036,-6.099528004455566,10.6609310798645
1789799585642028800,4.20602880859375,-1.5312415992736816,-5.138704950714111,11.697021848297119
1789799585652001000,4.2160009765625,0.13257891693115234,-4.7393221862792965,12.924050199127196
1789799585661971700,4.2259716796875,1.2282254516601563,-5.1696799346923825,12.755408619689941
1789799585671944000,4.23594384765625,0.4583399803161621,-5.849782843780517,12.255319747924805
1789799585681915000,4.245914794921875,-1.9164087913513181,-5.606172824859619,13.105560612487793
1789799585691886800,4.255886962890625,-2.6966192573547363,-5.447407327270508,13.851653704833984
1789799585701857800,4.26585791015625,-1.4405612113952635,-6.37141953048706,13.893402596282959
1789799585711830000,4.275830078125,-0.443076944732666,-8.096292189025878,13.060818968963622
1789799585721800700,4.28580078125,0.6287772109985351,-8.981997165679932,11.884517765808106
1789799585731773000,4.29577294921875,0.6521206771850585,-8.996811288452149,10.9941740234375
1789799585741743900,4.305743896484375,-0.42182840499877927,-8.86767403640747,10.913968267822264
1789799585751715000,4.315715087890625,0.5220855995178222,-8.653991538238525,10.518476081085204
1789799585761686800,4.325686767578125,1.4770727867126463,-7.692121021270752,9.991901353454589
1789799585771658000,4.335657958984375,0.3199251968383789,-6.584503478240967,9.42327845916748
1789799585781629700,4.345629638671875,-0.6798036338806152,-5.806238301086426,8.962544277191162
1789799585791601000,4.355600830078125,-0.1345242057800293,-5.510404758453369,8.547449564361571
1789799585801572900,4.36557275390625,0.6383540176391601,-5.50367106628418,8.467393446350098
1789799585811544000,4.3755439453125,0.5158008201599121,-5.722890155792236,9.136572810363768
1789799585821515800,4.385515869140625,0.5617395645141601,-6.190956580352783,9.567529109191893
1789799585831487000,4.395487060546875,0.8837596878051758,-6.72276862411499,9.185504306793213
1789799585841458700,4.405458740234375,0.8752303443908691,-6.729801591491698,8.513781103515624
1789799585851430000,4.415429931640625,0.821061531829834,-6.073341423797607,7.608024687957763
1789799585861401900,4.42540185546875,0.7193079612731933,-5.129427419281005,7.3094976684570305
1789799585871373000,4.435373046875,0.09711480484008789,-4.5611038002014155,7.8350249328613275
1789799585881344800,4.4453447265625,-0.02259527816772461,-4.739471823883056,8.131307388305663
1789799585891316000,4.45531591796875,0.17761983566284179,-5.305850154113769,7.6957123237609855
1789799585901287700,4.46528759765625,0.2428618309020996,-5.039944132232666,7.485621128082275
1789799585911259000,4.4752587890625,-0.07227496261596679,-4.667645774078369,6.905476138305664
1789799585921230800,4.48523095703125,-0.5220855995178222,-3.9942765571594236,7.397783854675293
1789799585931202000,4.4952021484375,-0.8123825508117676,-3.5116952850341794,9.157671712493896
1789799585941173800,4.505173828125,-0.634014527130127,-3.8585552505493164,10.268132369995117
1789799585951145000,4.51514501953125,-0.6949170318603515,-4.862623571777344,9.93414123840332
1789799585961116700,4.52511669921875,-0.2765302917480469,-5.721842692565918,9.09661957015991
1789799585971088000,4.535087890625,0.5057751007080078,-5.272331330871582,8.358307633209227
1789799585981059800,4.545059814453125,0.3010708587646484,-3.9276878234863277,7.871386870574951
1789799585991031000,4.555031005859375,-0.41419688720703124,-3.5627217079162596,7.569418186187744
1789799586001002800,4.565002685546875,-1.5456068092346191,-4.215291297912597,6.754192520904541
1789799586010974000,4.574973876953125,-2.1089923873901366,-3.659986150360107,5.631461579895019
1789799586020945700,4.584945556640625,-1.9788076721191405,-2.2706009994506835,5.430498278045654
1789799586030916900,4.594916748046875,-0.2647089210510254,-3.103184626770019,3.7472248733520503
1789799586040888800,4.604888916015625,0.09337386474609374,-2.9695582466125487,3.8009447731018065
1789799586050860000,4.614860107421875,-0.20335750350952148,-1.9419968215942383,4.285172058868408
1789799586060831700,4.624831787109375,-0.10594342346191406,-0.7908347358703612,5.445312400817871
1789799586070803000,4.634802978515625,-1.894262425994873,1.4929343727111815,8.786271179962158
1789799586080775000,4.64477490234375,-2.9755437507629394,0.2572270408630371,9.285312588500975
1789799586090745900,4.654745849609375,-1.8236334770202636,-3.9610570091247554,6.228365981292725
1789799586100717800,4.6647177734375,-1.1474211456298828,-4.511723390960693,5.103540113830566
1789799586110689000,4.67468896484375,-1.077690022277832,-3.4733880584716794,3.8070799148559566
1789799586120660700,4.68466064453125,-0.7745242370605468,-2.0905869621276856,2.7322330070495604
1789799586130632000,4.6946318359375,-0.7499836700439453,-0.7848492317199707,2.903568063354492
1789799586140604000,4.70460400390625,-1.3115735969543456,0.21532851181030271,5.622632961273193
1789799586150574800,4.714574951171875,-0.9663596450805664,-0.39848493881225583,6.957998937225342
1789799586160546800,4.724546875,-0.9231143775939941,-1.6525976959228514,6.271012698364258
1789799586170518000,4.73451806640625,-0.7435492530822754,-2.5221418113708496,5.523123954772949
1789799586180489700,4.74448974609375,-1.011250926208496,-3.3379660270690916,4.134486991882324
1789799586190461000,4.7544609375,-0.5660790550231933,-3.3469442832946776,4.215740210723877
1789799586200433000,4.764432861328125,-0.8228571830749511,-2.8280010734558103,6.079476565551757
1789799586210403800,4.77440380859375,-1.8308160820007322,-2.5240871002197265,8.021174111938477
1789799586220375800,4.784375732421875,-2.018910549926758,-2.9109003059387204,8.780884226226807
1789799586230347000,4.794346923828125,-2.0217536643981933,-3.6424785507202144,8.409633331298828
1789799586240318700,4.804318603515625,-1.3992612327575682,-4.214692747497558,7.453598680877685
1789799586250290000,4.8142900390625,-0.3746925598144531,-4.639663542175293,5.99493131942749
1789799586260262000,4.824261962890625,0.10040683212280273,-4.604199430084228,5.795015480804443
1789799586270232800,4.83423291015625,0.15098434219360352,-4.083460569000244,6.705111386871337
1789799586280204800,4.844204833984375,-0.5738602104187012,-3.5755905418395995,8.095992913818359
1789799586290176000,4.854176025390625,-0.984465795135498,-3.4448072761535644,9.292046280670165
1789799586300147700,4.864147705078125,-1.1903671379089356,-3.8022915115356444,10.217704497528075
1789799586310119000,4.874118896484375,-0.9434650917053222,-4.944176065826416,10.308085610198974
1789799586320091000,4.8840908203125,-0.1031003089904785,-5.511302584075928,11.405527796173095
1789799586330061800,4.894061767578125,0.16789339141845702,-5.625476075744628,11.674875482940672
1789799586340033800,4.90403369140625,0.54902036819458,-5.960365032958984,9.952247388458252
1789799586350005000,4.9140048828125,0.9349357482910156,-6.659771192932128,8.258648989105223
1789799586359976700,4.923976806640625,0.2332850242614746,-7.257274144744873,8.179490696716307
1789799586369948000,4.933947998046875,-1.2840402778625488,-6.944830828094482,9.873837284088134
1789799586379920000,4.943919921875,-1.4891934326171874,-5.781099183654785,10.616339073944092
1789799586389890800,4.953890869140625,0.14679448928833008,-4.75653051071167,9.507674067687988
1789799586399862800,4.96386279296875,1.4407108489990235,-4.976946701049805,8.506598498535157
1789799586409834000,4.973833984375,1.7265186721801757,-6.375759020996093,8.72821178970337
1789799586419805700,4.9838056640625,0.6410474945068358,-8.213608070373535,10.187178426361083
1789799586429777000,4.99377685546875,-0.591816722869873,-9.77492682800293,12.73116732788086
1789799586439748900,5.003748779296875,-0.5074211143493652,-10.491840587615966,14.70967572479248
1789799586449719800,5.0137197265625,-0.616058014678955,-10.082581741333007,14.23068575515747
1789799586459691800,5.02369189453125,-0.21428104858398436,-8.787767555999755,12.164489722442626
1789799586469663000,5.0336630859375,0.4836287353515625,-7.990947315979003,10.58536408996582
1789799586479634700,5.043634765625,0.5416881256103515,-7.392546538543701,9.003993893432616
1789799586489606000,5.05360595703125,-0.4697124382019043,-6.898143895721435,8.202235612487792
1789799586499577900,5.063577880859375,-1.009455274963379,-6.574777033996582,8.05693749923706
1789799586509548800,5.073548828125,0.0900818374633789,-6.574627396392822,8.271368185424803
1789799586519520800,5.083520751953125,0.6226420692443847,-6.429778195953369,8.690353475952149
1789799586529492000,5.093491943359375,0.5933130989074706,-6.346280413055419,8.781632414245605
1789799586539463700,5.103463623046875,0.7425017898559569,-6.6072483940124505,8.712200566101073
1789799586549435000,5.113434814453125,1.1424831047058104,-7.134571309661865,9.49345849533081
1789799586559406800,5.12340673828125,0.8684966522216796,-6.990171022033691,10.290428372955322
1789799586569377800,5.133377685546875,0.19916765060424804,-6.28253479385376,10.54002389602661
1789799586579349800,5.143349853515625,-0.014963760375976562,-5.785289036560059,9.725396781158446
1789799586589321700,5.15332177734375,-0.27099370040893556,-5.06912346496582,8.91840118408203
1789799586599293400,5.16329345703125,-0.1596633232116699,-4.375253896331787,7.710676084136963
1789799586609264600,5.1732646484375,-0.16654665298461913,-4.350713329315186,6.5969233993530265
1789799586619236400,5.183236328125,-0.6917746421813964,-4.761318914031982,7.059004319763183
1789799586629207600,5.19320751953125,-0.6795043586730957,-5.34355883026123,8.082675167083739
1789799586639179500,5.203179443359375,0.7052420265197753,-6.648997285461426,8.576030346679687
1789799586649150700,5.213150634765625,2.0063409912109376,-7.97418790435791,9.118466660308837
1789799586659122400,5.223122314453125,2.7563246612548826,-8.85525411529541,9.14151085128784
1789799586669093600,5.23309375,2.6426000823974607,-9.441534246826171,8.749011416625976
1789799586679065300,5.2430654296875,0.42452188186645506,-9.162759391021728,9.297732509613036
1789799586689036500,5.25303662109375,-1.0482114143371581,-8.440907590484619,9.394847314453125
1789799586699008500,5.263008544921875,-1.2620435501098632,-7.350648009490967,8.369380815887451
1789799586708979700,5.272979736328125,-0.7609072151184082,-6.2104094688415525,7.110330017852783
1789799586718951400,5.282951416015625,0.22056582794189453,-5.271732780456543,6.366930402374267
1789799586728922600,5.292922607421875,-0.058957215881347655,-5.3016603012084955,5.814019456481933
1789799586738894300,5.302894287109375,-1.357961254119873,-6.097732353210449,6.879738470458984
1789799586748865500,5.312865478515625,-1.997662010192871,-7.007977896881103,9.487772266387939
1789799586758837500,5.32283740234375,-0.8283937744140625,-7.538592839813232,11.796231579589843
1789799586768808700,5.33280859375,1.0215759208679198,-7.82709413986206,13.434015152740479
1789799586778780400,5.342780517578125,1.4510358436584472,-8.147468249511718,14.19282744140625
1789799586788751600,5.352751708984375,0.5086182151794433,-8.492831838989257,13.928118520355223
1789799586798723600,5.3627236328125,-0.3286041778564453,-8.19789612197876,13.199084114837646
1789799586808694500,5.372694580078125,-0.6793547210693359,-7.555651526641845,12.17571254272461
1789799586818666500,5.38266650390625,-0.821061531829834,-6.801178728485107,10.3299327003479
1789799586828637700,5.3926376953125,-0.7212532501220703,-5.319018263244629,8.161534184265136
1789799586838609400,5.402609375,-0.9923965881347656,-3.6233249374389644,7.3277534561157225
1789799586848580600,5.41258056640625,-1.2756605720520018,-3.252074042510986,7.640645685577392
1789799586858552600,5.422552490234375,-0.9449614677429199,-3.51783042678833,7.942913645172118
1789799586868523500,5.4325234375,-0.03621230010986328,-4.031536320495605,8.392125731658934
1789799586878495500,5.44249560546875,1.0862193656921386,-5.167585008239746,10.02302597503662
1789799586888466700,5.452466796875,1.904437783050537,-6.7830725784301755,11.774534127044676
1789799586898438400,5.4624384765625,1.1719617126464843,-7.990199127960205,12.665925332641601
1789799586908409600,5.47240966796875,-0.13093290328979493,-8.694244053649902,10.896610305786131
1789799586918381600,5.482381591796875,-0.7603086647033691,-8.339303657531739,7.534402986907959
1789799586928352500,5.4923525390625,-0.723946726989746,-6.271760886383056,6.001814649200439
1789799586938324500,5.502324462890625,-0.2754828285217285,-3.5372833152770995,5.897966152191162
1789799586948295700,5.512295654296875,0.025737667846679687,-1.648557480621338,7.314734984588623
1789799586958267400,5.522267333984375,0.06688800888061523,-2.093430076599121,8.730157078552246
1789799586968238600,5.532238525390625,-0.036361937713623046,-3.142240041351318,9.005789544677734
1789799586978210600,5.54221044921875,-0.17477672119140625,-3.7994483970642086,8.436867375183105
1789799586988181500,5.552181396484375,1.230320378112793,-3.422511273193359,8.278251515197754
1789799586998153500,5.562153564453125,3.0035259826660154,-1.4802151763916014,8.652944075012206
1789799587008124700,5.572124755859375,3.289782718658447,-0.05132569808959961,9.879822788238524
1789799587018096400,5.582096435546875,2.4384943908691405,-1.216254443359375,10.867281335449219
1789799587028067600,5.592067626953125,0.8704419410705566,-3.5333927375793457,10.384700063323974
1789799587038039600,5.60203955078125,-0.7534253349304199,-5.20933389968872,8.24278740310669
1789799587048010500,5.612010498046875,-1.3733739273071288,-5.173420874786377,6.021716450500488
1789799587057982500,5.621982421875,-0.7559691741943358,-3.5577836669921874,5.680243438720702
1789799587067953700,5.63195361328125,-0.49410336761474605,-1.6789339141845703,5.474791008758545
1789799587077925400,5.64192529296875,-0.7630021415710448,-2.3234230735778807,2.992452799987793
1789799587087896600,5.651896484375,-1.277605860900879,-1.4739303970336912,2.1582231590270995
1789799587097868500,5.66186865234375,-0.8324339897155761,1.1583446907043455,2.9507039085388183
1789799587107839500,5.671839599609375,-0.4875193130493164,1.2907739700317382,2.633472188568115
1789799587117811500,5.6818115234375,-1.0142436782836914,-0.10564414825439453,2.185906115722656
1789799587127782700,5.69178271484375,-1.2882301307678221,-0.9228151023864746,2.1966800231933594
1789799587137754400,5.70175439453125,-1.5255553703308105,-1.5946879432678223,1.6719009468078612
1789799587147725600,5.7117255859375,-1.7916110298156738,-2.5412954246520996,0.42586862030029293
1789799587157697500,5.721697509765625,-1.7929577682495117,-2.1589713470458984,2.532616443634033
1789799587167668500,5.73166845703125,-1.350180098724365,-1.2114660400390624,6.056282736968994
1789799587177640400,5.741640380859375,-1.1055226165771483,-2.376394785308838,5.587318486785889
1789799587187611600,5.751611572265625,-1.4698901817321777,-3.305345029449463,5.277867922210693
1789799587197583400,5.761583251953125,-1.6300024177551269,-3.321206615447998,5.142445890808105
1789799587207554600,5.771554443359375,-1.6916531105041503,-3.697694826507568,4.214243834686279
1789799587217526500,5.781526611328125,-1.7163433151245115,-3.6454713027954098,4.063558767700195
1789799587227497500,5.79149755859375,-1.8828899681091307,-2.7534815467834473,6.070348671722412
1789799587237469400,5.801469482421875,-1.620425611114502,-2.042254016113281,8.522160809326172
1789799587247440600,5.811440673828125,-1.2885294059753418,-2.1881506797790524,10.031106405639648
1789799587257412400,5.821412353515625,-1.4950292991638183,-3.1726164749145505,9.705195704650878
1789799587267383600,5.831383544921875,-1.6198270606994627,-4.599261389160156,9.185653944396972
1789799587277355500,5.84135546875,-1.4872481437683105,-5.328894345092773,10.799196225738525
1789799587287326500,5.851326416015625,-1.472134745788574,-5.8096799659729,12.605172465515135
1789799587297298400,5.86129833984375,0.29777883148193357,-6.358251421356201,11.93255143661499
1789799587307269600,5.87126953125,0.6594529197692871,-6.5768719604492185,10.920851597595215
1789799587317241300,5.881241455078125,0.06284779357910156,-6.175394269561767,10.350283414459227
1789799587327212500,5.891212646484375,-0.31379005508422847,-5.929090773773193,8.933664219665527
1789799587337184500,5.9011845703125,-0.16699556579589842,-5.797260044860839,7.517643575286865
1789799587347155500,5.911155517578125,0.033818098449707026,-5.370942511749267,7.494000833892822
1789799587357127400,5.92112744140625,0.3269581642150879,-4.786158756256103,8.702773397064208
1789799587367098600,5.9310986328125,0.7052420265197753,-4.650736724853515,9.192986186981202
1789799587377070300,5.9410703125,1.2870330299377442,-5.380220043182373,8.409334056091309
1789799587387041500,5.95104150390625,1.2738649208068846,-6.358101783752441,8.034192583465575
1789799587397013500,5.961013427734375,0.5515642074584961,-6.873304053497314,8.62451293029785
1789799587406984400,5.970984375,-0.07781155395507812,-6.719626234436035,9.59610989151001
1789799587416956700,5.980956787109375,0.3087023765563965,-6.1167363288879395,10.164882423400877
1789799587426927600,5.990927734375,0.9932944137573242,-5.916820490264892,9.97274774017334
1789799587436899600,6.000899658203125,1.202188508605957,-6.471826362609863,9.94072529296875
1789799587446870500,6.01087060546875,0.9042600395202636,-7.231386839294434,10.4571246635437
1789799587456842800,6.0208427734375,0.09262567672729492,-7.787140899658203,11.067346811676025
1789799587466813400,6.0308134765625,-0.8126818260192871,-7.447912451934814,11.371859335327148
1789799587476785700,6.04078564453125,-0.6109703361511231,-6.828113497161865,11.303923863220215
1789799587486756600,6.050756591796875,0.3694552436828613,-6.3998506752014155,10.906785662841797
1789799587496728600,6.060728515625,0.6576572685241698,-6.383540176391601,10.523563759613037
1789799587506699500,6.070699462890625,0.3275567146301269,-6.993612686920166,10.302100106048583
1789799587516671700,6.080671630859375,-0.1623568000793457,-8.042273014068604,10.192715017700195
1789799587526642700,6.090642578125,-0.24615385818481444,-8.648604584503174,10.817302375793457
1789799587536614700,6.10061474609375,0.04504091873168945,-8.723124111175537,11.392509324645996
1789799587546585600,6.110585693359375,0.9421183532714843,-7.649324666595459,11.254992366790772
1789799587556557600,6.1205576171875,1.0663175643920897,-6.804021842956542,10.096198763275146
1789799587566528500,6.130528564453125,0.1039981346130371,-6.864026522064209,9.46083749771118
1789799587576500700,6.140500732421875,-0.9353846611022949,-6.842927619934081,10.050559294128417
1789799587586471400,6.150471435546875,-1.0218751960754393,-7.134421672058105,11.461492259979247
1789799587596443100,6.160443115234375,0.28954876327514645,-7.72459238128662,11.751489936065672
1789799587606414300,6.170414306640625,1.5141829124450683,-7.334038235473632,11.173739147949219
1789799587616386000,6.180385986328125,1.6578350120544432,-6.442347754669189,9.829544553375243
1789799587626357200,6.190357177734375,1.6232687255859375,-6.143222184753418,7.50178198928833
1789799587636329200,6.2003291015625,1.37262573928833,-6.32009383239746,6.044311728668212
1789799587646300400,6.210300537109375,0.29927520751953124,-6.863278334045409,6.446537607574463
1789799587656272100,6.220272216796875,0.2302922721862793,-7.651419593048095,7.154323473358154
1789799587666243300,6.230243408203125,1.255758770751953,-8.19116242980957,7.3265563552856445
1789799587676215300,6.24021533203125,2.0781670410156248,-8.060977714538573,7.434744342803954
1789799587686186200,6.250186279296875,2.2111948707580567,-7.240365095520019,7.332691497039795
1789799587696158200,6.260158203125,1.0607809730529785,-6.558765810394287,6.613084260559082
1789799587706129400,6.27012939453125,-0.49410336761474605,-5.969044013977051,6.235997499084473
1789799587716101000,6.28010107421875,-1.7175404159545897,-5.409249738311767,6.363788012695312
1789799587726072300,6.290072265625,-1.878251202392578,-4.760121813201904,7.474398307800293
1789799587736044300,6.300044189453125,-0.8355763793945312,-4.285471334075927,8.744372650909423
1789799587746015200,6.31001513671875,0.4147954376220703,-4.305672410583496,9.421782083129882
1789799587755987200,6.3199873046875,0.858022019958496,-4.7931917236328125,9.491213931274414
1789799587765958400,6.32995849609375,-0.4617816452026367,-5.462820000457763,9.598354455566406
1789799587775930000,6.33993017578125,-2.329707852935791,-6.219836637878418,10.676792665863037
1789799587785901300,6.3499013671875,-2.3783400741577148,-6.628197658538818,12.382960623931885
1789799587795873300,6.359873291015625,-0.01975216369628906,-6.776488523864746,13.1003232963562
1789799587805844200,6.36984423828125,1.674594423675537,-6.642712506103515,12.724283998107909
1789799587815816200,6.379816162109375,0.3667617668151855,-6.657526628875732,11.060463481903076
1789799587825787400,6.389787353515625,-1.153556287384033,-6.400149950408935,9.025990621185302
1789799587835759000,6.399759033203125,-0.9687538467407226,-5.8268882904052735,7.975385005187988
1789799587845730300,6.409730224609375,-0.24271219329833982,-5.47763412322998,7.509563144683837
1789799587855702300,6.419702392578125,-0.06958148574829101,-5.625176800537109,7.621342434692382
1789799587865673200,6.429673095703125,0.12030863342285156,-5.812822355651855,8.557475283813476
1789799587875645200,6.439645263671875,0.8958803337097168,-5.65660069732666,10.41313120803833
1789799587885616400,6.449616455078125,1.4725836585998535,-5.994033493804931,12.060042675018309
1789799587895588000,6.459588134765625,1.260247898864746,-6.936900035095214,12.860603855133055
1789799587905559300,6.469559326171875,1.1777975791931152,-7.711424272155761,12.63450143585205
1789799587915531300,6.47953125,0.827346311187744,-7.561487393188476,12.133664376068115
1789799587925502200,6.489502197265625,0.613514175415039,-6.139032331848144,11.7465518951416
1789799587935474200,6.49947412109375,0.945560018157959,-5.1988592674255365,11.529727007293701
1789799587945445400,6.5094453125,1.7081132469177245,-5.805939025878906,10.233266808319092
1789799587955417000,6.5194169921875,1.5313912368774414,-5.686228942871093,9.26376477355957
1789799587965388300,6.52938818359375,0.5814917282104491,-4.630236373138428,8.756044384002685
1789799587975360300,6.5393603515625,0.29613281784057616,-3.294421484375,7.959373781585693
1789799587985331200,6.549331298828125,0.7426514274597168,-2.7000609222412106,6.64555562057495
1789799587995303200,6.55930322265625,1.041328084564209,-2.420837153625488,5.731569136810302
1789799588005274400,6.5692744140625,0.9279027809143066,-1.9910779556274414,5.642983675384521
1789799588015246000,6.57924609375,1.0485106895446776,-1.8460791175842284,5.743689782714843
1789799588025217300,6.58921728515625,0.21562778701782226,-2.0011036750793454,5.941959607696533
1789799588035189200,6.599189208984375,-0.0743698890686035,-2.3906103576660156,6.279542041778564
1789799588045160200,6.60916015625,0.32935236587524414,-3.0166940917968748,6.611887159729004
1789799588055132200,6.619132080078125,-0.831835439300537,-3.614197043609619,5.738452466583252
1789799588065103400,6.629103271484375,-1.906383071899414,-4.497507818603515,4.553472282409667
1789799588075075000,6.639074951171875,-1.812560294342041,-4.282628219604492,5.098153160095214
1789799588085046300,6.64904638671875,-1.8977040908813476,-2.806453258514404,5.634304694366454
1789799588095018200,6.659018310546875,-0.845302823638916,-2.786850732421875,4.314351391601562
1789799588104989200,6.6689892578125,-0.0056862289428710935,-3.302501914978027,3.469796755981445
1789799588114961200,6.678961181640625,0.36361937713623044,-2.212092696380615,4.920832599639892
1789799588124932400,6.688932373046875,-0.7384615745544433,-1.0860697280883789,6.0619689659118645
1789799588134904000,6.698904052734375,-2.1990742248535153,-0.07826046676635742,6.820033066558837
1789799588144875300,6.708875244140625,-1.7613842338562011,-0.1710357810974121,7.712920648193359
1789799588154847200,6.71884716796875,-0.8087912483215332,-1.7672201004028318,6.033537821197509
1789799588164818200,6.728818115234375,-0.8921393936157226,-3.3004069885253906,3.288585617828369
1789799588174790100,6.7387900390625,-0.4493617240905761,-3.7442321212768555,3.940257382202148
1789799588184761300,6.74876123046875,-0.6661866119384765,-2.7946318878173826,6.52464843673706
1789799588194733000,6.758733154296875,-1.4815619148254393,-1.9683330398559569,7.469011354064941
1789799588204704300,6.768704345703125,-1.546803910064697,-2.2717981002807615,6.85025986251831
1789799588214676200,6.77867626953125,-1.3771148674011229,-2.6562171043395995,5.529109458923339
1789799588224647200,6.788647216796875,-0.5542576843261718,-3.155857063293457,3.541473168182373
1789799588234619100,6.798619140625,-0.15502455749511718,-3.3399113159179685,2.705896788787842
1789799588244590300,6.80859033203125,-0.5858312187194824,-2.877231845092773,3.475632622528076
1789799588254561300,6.818561279296875,-1.4603133750915527,-2.299780332183838,4.313303928375244
1789799588264533200,6.828533203125,-1.9726725303649901,-1.7727566917419433,5.186289708709716
1789799588274504200,6.838504150390625,-1.679682102203369,-1.5248071823120117,5.920411792755127
1789799588284476200,6.84847607421875,-0.97683427734375,-1.8109142807006835,6.237044962310791
1789799588294447000,6.858447021484375,-0.7604583023071289,-2.166004314422607,7.511059520721435
1789799588304419300,6.86841943359375,-1.4897919830322264,-2.644395733642578,9.228749574279785
1789799588314390300,6.878390380859375,-0.8104372619628906,-3.610755378723144,8.633191911315917
1789799588324362200,6.8883623046875,-0.4161421760559082,-4.840028293609619,8.179191421508788
1789799588334333200,6.898333251953125,0.44502223358154297,-5.981463935089111,8.400505437469482
1789799588344305200,6.90830517578125,-0.270694425201416,-6.678775168609619,10.972775846099854
1789799588354276000,6.918276123046875,-0.9823708686828613,-7.1404071762084955,14.88804374847412
1789799588364248300,6.928248291015625,0.5259761772155761,-7.870638682556152,14.665083718872069
1789799588374219300,6.93821923828125,0.8916904808044434,-8.492532563781738,12.237961785888672
1789799588384191200,6.948191162109375,0.6959644950866699,-8.21585263442993,11.222521006774901
1789799588394162200,6.958162109375,0.9265560424804687,-7.858817311859131,10.403853676605223
1789799588404134400,6.968134521484375,0.486471849822998,-7.423072609710693,10.53987425842285
1789799588414105000,6.97810498046875,-0.07422025146484375,-7.618349682617187,12.156858204650879
1789799588424077300,6.988077392578125,-0.5550058723449707,-8.59338830871582,13.04944651107788
1789799588434048300,6.99804833984375,0.059256491088867186,-8.321646420288085,12.458677251434326
1789799588444020200,7.008020263671875,1.4480430915832518,-7.147140868377685,11.334898847198486
1789799588453991200,7.0179912109375,2.0988170303344726,-7.090428216552734,10.582072062683105
1789799588463963400,7.02796337890625,1.5177742149353026,-8.071153071594237,10.639233627319335
1789799588473934000,7.03793408203125,0.9189245246887207,-9.048136986541747,10.41971526260376
1789799588483906300,7.04790625,0.412401235961914,-8.74661721496582,8.377461246490478
1789799588493877200,7.057877197265625,-0.5445312400817871,-7.126640516662597,6.399401762390136
1789799588503849200,7.06784912109375,-0.1919850456237793,-6.019771161651611,5.617246007537841
1789799588513820200,7.077820068359375,1.406443837738037,-6.083516780853271,4.471620513153076
1789799588523792400,7.08779248046875,1.4260463638305663,-6.083067868041992,4.263474606323242
1789799588533763000,7.09776318359375,0.14559738845825196,-5.709273133850098,5.829731404876709
1789799588543735300,7.1077353515625,-1.0770914718627929,-5.013159001159668,7.485321852874756
1789799588553706200,7.117706298828125,-0.6775590698242188,-4.6221559425354,6.778882725524902
1789799588563678200,7.12767822265625,0.2690484115600586,-4.67961678237915,5.38815083618164
1789799588573649200,7.137649169921875,0.024390929412841794,-5.149478858184814,5.423764585876465
1789799588583621400,7.147621337890625,-1.1863269226074218,-4.758326161956787,7.058106494140625
1789799588593592300,7.15759228515625,-2.3760955101013184,-4.43032053451538,9.524882392120361
1789799588603564300,7.167564208984375,-0.3022679595947265,-6.275202551269531,10.08093572769165
1789799588613535500,7.177535400390625,2.076221752166748,-8.430283320617676,11.602450882720946
1789799588623507200,7.187507080078125,2.212840884399414,-9.06025763244629,13.984681534576415
1789799588633478400,7.197478515625,0.9418190780639648,-9.255684342956542,15.157840348052977
1789799588643450400,7.207450439453125,0.7968202400207519,-8.549095578002929,14.422970075988768
1789799588653421300,7.21742138671875,0.5448305152893066,-7.4220251464843745,11.51162085723877
1789799588663393300,7.227393310546875,-0.3372831588745117,-6.884975786590576,9.081206896972656
1789799588673364500,7.237364501953125,-1.412878254699707,-6.214898596954345,8.591891932678221
1789799588683336200,7.247336181640625,-1.6853683311462402,-5.8372132850646965,8.164227661132813
1789799588693307400,7.257307373046875,-0.9226654647827148,-5.61784455795288,8.0698063331604
1789799588703279400,7.267279296875,0.26007015533447264,-5.888688620758057,7.710376808929443
1789799588713250300,7.277250244140625,1.7247230209350586,-7.069030039215088,6.252158360290527
1789799588723222300,7.28722216796875,2.2566847023010252,-8.136993617248535,5.403713146972656
1789799588733193500,7.297193359375,0.1497872413635254,-9.030180474090576,6.657077716064452
1789799588743165200,7.307165283203125,-1.338209090423584,-9.839719910430908,8.360701834869385
1789799588753136400,7.317136474609375,-0.6821978355407714,-9.94012674255371,8.881889608764649
1789799588763108400,7.3271083984375,0.7170633972167968,-8.704569048309326,9.737966339874268
1789799588773079300,7.337079345703125,0.8333318153381347,-7.18275461807251,10.488099647521972
1789799588783051300,7.34705126953125,-0.016759411621093748,-6.172251879882812,10.15665235519409
1789799588793022500,7.3570224609375,-1.3868413116455078,-5.617246007537841,9.494805233764648
1789799588802994200,7.366994140625,-1.8819921424865722,-5.0942625823974605,9.449764315032958
1789799588812965400,7.37696533203125,-1.3582605293273926,-4.823717794799804,9.722553666687011
1789799588822937300,7.386937255859375,-1.0447697494506836,-4.430021259307861,10.127622660064697
1789799588832908300,7.396908203125,-0.6474819114685059,-4.348468765258789,10.135852728271484
1789799588842880300,7.40688037109375,0.06150105514526367,-4.750545006561279,10.525209773254394
1789799588852851500,7.4168515625,0.9787795661926268,-5.7966614944458,11.027992121887207
1789799588862823200,7.4268232421875,1.470339094543457,-7.157465863037109,11.499949124145507
1789799588872794400,7.43679443359375,1.3780126930236816,-8.666561096954345,10.596736547851561
1789799588882766300,7.446766357421875,0.8503905021667479,-8.892214603424073,8.692598040008544
1789799588892737300,7.4567373046875,0.05491700057983398,-7.66129567489624,7.689577182006835
1789799588902709200,7.466709228515625,-0.8951321456909179,-6.3898249557495115,8.014141144561767
1789799588912680400,7.476680419921875,-0.5018845230102539,-5.577592042541504,8.335861992645263
1789799588922652200,7.486652099609375,-0.0282815071105957,-5.347748683166504,8.527098850250244
1789799588932623400,7.496623291015625,-0.10549451065063475,-4.967519532012939,9.651775080108642
1789799588942595300,7.50659521484375,-0.30840310134887694,-4.806958383178711,11.189151821136473
1789799588952566300,7.516566162109375,-0.4474164352416992,-5.248538951873779,12.420669300079345
1789799588962537200,7.526537109375,-0.2814683326721191,-5.870432833099365,12.693608289337158
1789799588972509400,7.536509521484375,0.10788871231079102,-5.940163956451416,12.616544923400879
1789799588982480400,7.54648046875,0.11118073959350586,-5.503521428680419,11.030236685943603
1789799588992452400,7.556452392578125,-0.6081272216796875,-4.056376162719726,10.122983894348144
1789799589002423300,7.56642333984375,-0.2946364418029785,-3.427299676513672,9.303269100952148
1789799589012395300,7.576395263671875,0.6289268486022949,-4.658368242645263,6.9050272254943845
1789799589022366200,7.5863662109375,0.6018424423217773,-4.829104748535156,5.771073464202881
1789799589032338400,7.59633837890625,1.4375684593200684,-4.212747458648681,4.023904802703857
1789799589042309400,7.606309326171875,1.513733999633789,-2.6173113273620605,2.848501425170898
1789799589052281300,7.61628125,0.5779004257202148,-0.2650081962585449,3.5913024902343746
1789799589062252300,7.626252197265625,0.07272387542724609,-0.08245031967163086,3.6189854469299316
1789799589072224300,7.636224365234375,0.634014527130127,-0.9868599967956543,3.58801046295166
1789799589082195200,7.6461953125,0.4538508522033691,-0.7133224571228027,3.660734338378906
1789799589092167400,7.65616748046875,-0.7579144630432129,-0.45325230178833004,3.3701381118774414
1789799589102138400,7.666138427734375,-0.19856910018920898,-0.8984241729736328,4.352209705352783
1789799589112110300,7.6761103515625,-0.25483283920288086,-1.9859902770996092,5.767482161712646
1789799589122081300,7.686081298828125,-0.8221089950561523,-2.9798832412719727,7.364414669036865
1789799589132053200,7.69605322265625,-1.467047067260742,-3.2882863426208493,9.692925421142577
1789799589142024200,7.706024169921875,-3.079242610168457,-2.3331495178222657,11.519850925445557
1789799589151996400,7.715996337890625,-2.6312276245117188,-3.1561563385009763,9.776722479248047
1789799589161967400,7.72596728515625,-1.3033435287475585,-5.135263285827636,6.3818941627502435
1789799589171939300,7.735939208984375,-0.3767874862670898,-4.682010984039306,4.894646018981933
1789799589181910300,7.74591015625,0.07302315063476562,-3.4754829849243163,3.454683358001709
1789799589191882500,7.755882568359375,-0.469263525390625,-1.4784195251464842,3.5377322280883785
1789799589201853200,7.765853271484375,-1.7763479942321776,0.01092354507446289,5.1979614418029785
1789799589211825400,7.775825439453125,-2.899078935241699,0.053420624542236325,5.95018967590332
1789799589221796400,7.78579638671875,-1.5034090049743651,-1.6142904693603515,3.1637878562927244
1789799589231768300,7.795768310546875,0.32142157287597656,-3.209427325439453,0.45295302658081055
1789799589241739300,7.8057392578125,0.41748891448974607,-2.581847215270996,1.6557400856018065
1789799589251711500,7.81571142578125,-0.9346364730834961,-1.68551796875,3.8435914901733397
1789799589261682200,7.82568212890625,-2.2195745765686032,-1.7100585357666014,4.814739538574218
1789799589271654400,7.835654296875,-2.3856723167419434,-2.4206875160217285,5.4050598854064935
1789799589281625300,7.845625244140625,-0.9974842666625976,-3.374776877593994,5.697900675964355
1789799589291597300,7.855597412109375,0.5186439346313476,-4.489577025604248,5.43947653427124
1789799589301568300,7.865568359375,-0.6618471214294434,-5.0103158866882325,7.480533449554443
1789799589311540500,7.87554052734375,-1.7528548904418944,-5.469553692626953,8.648604584503174
1789799589321511200,7.88551123046875,-1.5966332321166992,-6.119729080963134,8.182633086395263
1789799589331483400,7.8954833984375,-0.6112696113586426,-6.919242797851562,7.773224602508544
1789799589341454300,7.905454345703125,0.4373907157897949,-7.316231360626221,8.303839545440674
1789799589351426300,7.91542626953125,0.26830022354125976,-6.686107411193848,11.481094786071777
1789799589361397200,7.925397216796875,-0.2180219886779785,-6.04625701751709,14.821754290008544
1789799589371369500,7.935369384765625,-0.4240729690551758,-6.802675104522705,14.475941787719727
1789799589381340200,7.945340087890625,-0.08035539321899414,-8.222137413787841,12.345850498199463
1789799589391312400,7.9553125,0.8412626083374023,-8.51108762664795,12.207884627532959
1789799589401283300,7.965283447265625,1.4239514373779296,-8.4145713722229,12.712462627410888
1789799589411254500,7.975254638671875,1.7354969284057615,-8.814103774261474,12.407650828552246
1789799589421226200,7.985226318359375,1.862239978790283,-9.572167874908446,11.08949317703247
1789799589431197400,7.995197509765625,1.0579378585815429,-9.535506661987304,9.865906491088866
1789799589441169200,8.005169189453126,0.1452981132507324,-8.073996186065674,8.828169709014892
1789799589451140400,8.015140380859375,0.4677671493530273,-6.513425616455078,8.176647582244872
1789799589461112300,8.0251123046875,0.6628945846557617,-5.575048203277587,7.914033587646484
1789799589471083500,8.03508349609375,-0.061650692749023434,-5.101744462585449,7.33553461151123
1789799589481055200,8.04505517578125,-0.512059880065918,-4.518756358337402,6.87599753036499
1789799589491026400,8.0550263671875,-0.1883937431335449,-4.089446073150635,7.273135730743408
1789799589500998100,8.064998046875,0.4358943397521972,-4.3825861389160155,8.472630762481689
1789799589510969300,8.07496923828125,0.3172317199707031,-5.86699116821289,10.218751960754394
1789799589520941300,8.08494140625,0.4929062667846679,-8.02566324005127,11.745055519104003
1789799589530912500,8.09491259765625,1.2906243324279785,-9.849296717071532,11.98268003387451
1789799589540884200,8.10488427734375,0.8993219985961913,-10.169820464324951,10.977863524627685
1789799589550855400,8.11485546875,0.8087912483215332,-8.95102218170166,9.383175581359863
1789799589560827100,8.1248271484375,0.4016273284912109,-7.642441336822509,8.163629110717773
1789799589570798300,8.13479833984375,-0.963366893005371,-6.285976458740234,8.571241943359375
1789799589580770300,8.144770263671875,-1.8197428993225098,-5.243151998138427,9.045593147277831
1789799589590741800,8.15474169921875,-1.0922048698425293,-4.919036948394775,8.811709572601318
1789799589600714000,8.1647138671875,0.1767220100402832,-5.022885445404053,8.59323867111206
1789799589610685000,8.174684814453125,1.0919055946350098,-5.361964255523682,8.186074751281739
1789799589620657000,8.184656982421876,1.1082160934448242,-6.184971076202392,7.894879974365234
1789799589630627800,8.1946279296875,0.008230068206787108,-7.174823825073242,8.691700214385985
1789799589640600000,8.20460009765625,-0.8179191421508789,-8.179341059112549,10.020631773376465
1789799589650570800,8.21457080078125,-0.3280056274414062,-9.323021264648437,11.165359442138671
1789799589660543000,8.22454296875,1.281945351409912,-9.523386016082764,10.952425131988525
1789799589670514000,8.234513916015626,1.789516103363037,-8.789114294433594,9.751583361816406
1789799589680486000,8.24448583984375,1.126172605895996,-7.238719081878662,8.290222523498535
1789799589690456800,8.254456787109374,0.6706757400512695,-6.044461366271972,6.621463966369628
1789799589700428000,8.264427978515625,0.2367266891479492,-5.287145453643799,5.7040358177185055
1789799589710399700,8.274399658203125,-0.5814917282104491,-5.199906730651855,5.914127013397216
1789799589720371000,8.284370849609376,-0.8788216468811034,-6.139331607055664,7.088034014892577
1789799589730343000,8.294343017578125,-0.24645313339233396,-6.7353381828308105,8.449287296295166
1789799589740314000,8.304314208984374,0.8152256652832031,-6.607098756408691,9.667187753295899
1789799589750285800,8.314285888671876,1.6264111152648926,-6.359448522186279,10.485406170654297
1789799589760257000,8.324257080078125,1.4890437950134277,-6.123170745849609,11.030984873962401
1789799589770228700,8.334228759765624,0.37873277511596676,-5.903502743530273,11.91309854812622
1789799589780200000,8.344199951171875,-0.7046434761047363,-5.994033493804931,12.224644039154052
1789799589790172000,8.354171875,-0.4713584518432617,-5.909039334869385,11.648239989471435
1789799589800143000,8.36414306640625,-0.1892915687561035,-5.6097641273498535,10.649558621978759
1789799589810114800,8.37411474609375,-0.6162076522827148,-5.274126982116699,9.450811778259277
1789799589820086000,8.3840859375,-1.0209773704528808,-5.261707061004638,8.628253870391845
1789799589830058000,8.39405810546875,-0.8117840003967285,-5.484816728210449,8.614786486053466
1789799589840029000,8.40402880859375,-0.12644377517700195,-6.12855769958496,9.323470177459717
1789799589850001000,8.4140009765625,0.563086302947998,-6.854449715423583,11.004050105285645
1789799589859972000,8.42397216796875,1.8766051887512205,-7.219116555786132,12.419472199249267
1789799589869943800,8.43394384765625,2.8495488883972167,-7.594108390808105,13.001562477874755
1789799589879915000,8.4439150390625,2.147598889160156,-8.055590760803222,11.928062308502197
1789799589889887000,8.453886962890625,0.7921814743041992,-8.091054872894286,10.739490821838379
1789799589899858000,8.46385791015625,0.15472528228759766,-7.990049490356445,10.491092399597168
1789799589909830000,8.473829833984375,-0.11073182678222655,-7.683591677856445,10.484957257843018
1789799589919801000,8.483801025390624,0.05940612869262695,-7.101052486419677,10.100687891387938
1789799589929772800,8.493772705078126,0.3366846084594726,-6.7374331092834465,8.671050225067138
1789799589939744000,8.503743896484375,-0.08020575561523437,-5.577442404937744,7.729829697418213
1789799589949715000,8.51371484375,-0.6037877311706542,-4.4093712699890135,6.2766989273071285
1789799589959687000,8.52368701171875,-0.5409399375915527,-3.9276878234863277,4.884919574737548
1789799589969657900,8.533657958984374,0.20694880599975585,-3.4160768562316894,4.504091873168945
1789799589979630000,8.543630126953126,0.620547142791748,-2.6795605705261227,5.000140529632568
1789799589989601000,8.55360107421875,0.7851485069274902,-2.9242180526733397,5.351639260864258
1789799589999573000,8.563572998046874,1.7069161460876463,-3.872022634887695,5.032611889648437
1789799590009544000,8.5735439453125,2.0611083541870117,-4.5227965736389155,4.326771312713623
1789799590019516000,8.583515869140625,1.8803461288452148,-4.9634793167114255,4.199280074310303
1789799590029486800,8.59348681640625,2.0401590896606443,-4.844816696929931,5.06253941040039
1789799590039459000,8.603458984375,2.1396680961608885,-4.266766633605957,6.627449470520019
1789799590049430000,8.613429931640624,1.3748703033447265,-3.6062662506103513,8.818892177581787
1789799590059402000,8.623402099609375,-0.30092122116088865,-3.555389465332031,10.590751043701172
1789799590069373000,8.633373046875,-0.7306804191589356,-4.848557637023926,11.174188060760498
1789799590079345000,8.643344970703126,-1.0139444030761717,-6.181230136108398,10.911723703765869
1789799590089315800,8.65331591796875,-1.1007342132568358,-6.660818656158447,11.458649145507811
1789799590099288000,8.6632880859375,-1.2300211029052734,-6.472724188232421,12.67280866241455
1789799590109259000,8.673259033203125,-2.0670938583374023,-6.515969455718993,13.409624223327636
1789799590119231000,8.68323095703125,-1.5592238311767577,-7.857470573425292,11.093832667541504
1789799590129202000,8.693201904296876,-0.2032078659057617,-7.8155720443725585,6.302885507965088
1789799590139174000,8.703173828125,0.29014731369018554,-4.387973092651367,3.3680431854248045
1789799590149144800,8.713144775390624,-0.036361937713623046,-1.807472615814209,0.10280103378295898
1789799590159117000,8.723116943359376,-0.7951742263793945,-0.06673837127685546,-3.106027741241455
1789799590169088000,8.733087890625,-0.6218938812255859,0.9443629173278808,-5.998821897125244
1789799590179060000,8.74306005859375,-0.12255319747924803,1.4640543151855467,-8.594136496734619
1789799590189031000,8.753031005859375,0.7811082916259765,2.0259435173034666,-9.166500331115722
1789799590199002000,8.763002197265624,-0.1301847152709961,2.8559833053588863,-5.32410594177246
1789799590208973800,8.772973876953126,-1.7850269752502441,2.991704611968994,-0.41090485992431636
1789799590218945000,8.782945068359375,-1.690605647277832,1.6552911727905273,0.7356184600830078
1789799590228917000,8.7929169921875,-1.2268787132263184,-0.09906009368896483,1.7950526947021483
1789799590238888000,8.802887939453125,-0.8158242156982422,-1.687912170410156,3.5435680946350097
1789799590248860000,8.81285986328125,-1.4634557647705078,-2.8419173706054686,6.94647684173584
1789799590258831000,8.8228310546875,-3.4208652595520017,-3.9739258430480953,11.314697770690918
1789799590268802800,8.832802734375,-4.068496808624268,-5.105485402679443,15.639523794555663
1789799590278774000,8.84277392578125,-3.279008811187744,-6.147561675262451,18.958934758758545
1789799590288746000,8.85274609375,-1.5851111366271973,-6.571335369110107,21.388899806213377
1789799590298717000,8.862717041015625,2.203264077758789,-6.223427940368652,24.09315058135986
1789799590308689000,8.87268896484375,2.8776807579040526,-7.200711130523681,26.085575275421142
1789799590318660000,8.88266015625,0.6040870063781738,-8.45183113555908,25.781212389373778
1789799590328631800,8.8926318359375,1.3461398834228515,-9.16814634475708,17.92613601760864
1789799590338603000,8.90260302734375,1.9307740013122558,-9.086144937896728,10.976965699005126
1789799590348575000,8.912574951171875,0.47165772705078124,-8.96972688217163,8.77774183654785
1789799590358546000,8.9225458984375,0.48123453369140623,-9.54508346862793,7.274183193969726
1789799590368516900,8.932516845703125,2.1511901916503904,-9.685443540954589,6.260538066101073
1789799590378489000,8.942489013671874,2.947561518859863,-8.792855234527588,5.3883004737854
1789799590388460000,8.9524599609375,2.675669992828369,-7.6753616096496575,4.154688068389892
1789799590398432000,8.962431884765625,2.8746880058288573,-6.65872372970581,2.8227637573242186
1789799590408403000,8.97240283203125,2.7789199394226074,-5.636249983215332,2.186055753326416
1789799590418375000,8.982375,1.924189946746826,-4.455010739135742,2.722955475616455
1789799590428345900,8.992345947265624,1.237203707885742,-3.5531449012756346,3.6171897956848142
1789799590438318000,9.002318115234376,1.7458219230651855,-3.2290298515319824,4.339340871429443
1789799590448289000,9.0122890625,2.061257991790771,-3.4823663146972654,5.1517234222412105
1789799590458261000,9.022260986328124,1.1819874320983885,-4.352808255767822,5.965751986694335
1789799590468232000,9.03223193359375,-0.1592144104003906,-5.574150377655029,7.322216864776611
1789799590478204000,9.042203857421875,-1.6632219657897949,-6.339845996093749,8.569147016906738
1789799590488174800,9.0521748046875,-2.896535095977783,-6.739528035736083,9.336189373779296
1789799590498147000,9.06214697265625,-2.028337718963623,-7.473949394989013,9.752181912231444
1789799590508118000,9.072117919921874,-1.368136611175537,-8.259546814727782,10.192565380096434
1789799590518090000,9.082090087890625,-2.037315975189209,-8.118288916778564,11.15907466278076
1789799590528061000,9.09206103515625,-1.7206828056335448,-8.44629454421997,11.992406478118896
1789799590538033000,9.102032958984376,-0.7838017684936524,-9.260472746276855,12.23811142349243
1789799590548003800,9.11200390625,1.3418003929138183,-9.535357024383543,12.210428466796873
1789799590557974800,9.121974853515624,2.9198785621643064,-9.119813398742675,11.128997504425048
1789799590567947000,9.131947021484375,2.787449282836914,-8.308927223968505,9.638606970977783
1789799590577917700,9.141917724609375,2.0554221252441405,-7.1504328956604,8.668506385803223
1789799590587889400,9.151889404296876,1.345092420196533,-6.1741971687316894,7.614908017730713
1789799590597860400,9.1618603515625,0.780809016418457,-5.524021780395508,7.542034504699706
1789799590607832300,9.171832275390624,0.24016835403442383,-5.448155515289306,7.996184632110595
1789799590617803300,9.18180322265625,-0.49634793167114255,-5.896170500946044,8.37641378326416
1789799590627775500,9.191775390625,-0.19527707290649413,-6.956203285980224,7.671770307159424
1789799590637746400,9.201746337890626,-0.2672527603149414,-8.17904178390503,7.459284909820556
1789799590647718400,9.211718505859375,-0.8994716361999511,-8.700678470611571,8.238447912597655
1789799590657689300,9.221689453125,-0.2302922721862793,-9.224410083770751,8.550741591644286
1789799590667661300,9.231661376953125,1.3009493270874022,-9.488370816802979,8.62526111831665
1789799590677632300,9.24163232421875,2.7712884216308593,-8.600720551300048,8.868871137237548
1789799590687604500,9.2516044921875,4.540603448486328,-7.309048755645752,8.648754222106932
1789799590697575400,9.261575439453125,5.167435370635986,-6.718129858398437,7.818115883636474
1789799590707547400,9.27154736328125,3.2028432708740233,-6.288819573211669,8.092551248931885
1789799590717518300,9.281518310546875,0.879120922088623,-6.6340335250854485,9.322572351837158
1789799590727489500,9.291489501953125,-0.24615385818481444,-7.9289973480224605,10.409090992736816
1789799590737461200,9.301461181640626,-0.06284779357910156,-9.376441889190673,10.799196225738525
1789799590747432400,9.311432373046875,0.3082534637451172,-9.422081358337401,10.927435652160645
1789799590757404400,9.321404296875,-0.48931496429443355,-8.419210137939453,9.841814836883545
1789799590767375400,9.331375244140625,-1.6834230422973633,-7.16315209197998,7.556998265075683
1789799590777347300,9.341347412109375,-1.6514005950927733,-5.504868167114258,5.767631799316406
1789799590787318500,9.351318603515624,-1.134402674102783,-3.675847736358642,5.887042607116699
1789799590797290200,9.361290283203125,-0.7504325828552245,-2.9601310775756833,6.495768379211426
1789799590807261400,9.371261474609375,-0.07781155395507812,-3.1024364387512207,7.273883918762206
1789799590817233400,9.3812333984375,0.6616974838256836,-3.56900648727417,7.468412803649902
1789799590827204400,9.391204345703125,0.7062894897460937,-4.231901071929931,6.830058786010742
1789799590837176300,9.40117626953125,-0.5265747276306152,-4.886864863586426,6.491877801513671
1789799590847147500,9.4111474609375,-2.226308268737793,-5.118503874206542,7.154024198150634
1789799590857119200,9.421119140625,-1.6813281158447264,-5.466112027740478,8.40738876724243
1789799590867090400,9.43109033203125,0.7425017898559569,-5.664830765533447,10.098144052124022
1789799590877061400,9.441061279296875,2.7627590782165528,-5.61784455795288,11.735777987670899
1789799590887033300,9.451033447265624,3.105279553222656,-6.048501581573486,12.867337547302245
1789799590897004300,9.46100439453125,1.5056535690307615,-6.86312869644165,12.915820130920409
1789799590906976500,9.4709765625,0.17567454681396483,-7.372195824432373,11.72814646987915
1789799590916947500,9.480947509765626,-0.11596914291381835,-7.510760245513915,10.603470240020751
1789799590926919400,9.49091943359375,-0.3263596138000488,-7.372046186828613,10.34893667602539
1789799590936890400,9.500890380859374,-0.5015852478027344,-7.315183897399902,10.75116255493164
1789799590946862300,9.5108623046875,-0.3371335212707519,-7.425616448974609,11.310059004974365
1789799590956833300,9.520833251953125,0.2914940521240234,-7.4134958030700675,12.082937228393554
1789799590966805500,9.530805419921874,0.8895955543518066,-7.267299864196777,12.147281398010254
1789799590976776400,9.5407763671875,0.4782417816162109,-7.336133161926269,10.480917042541503
1789799590986748400,9.55074853515625,0.14036007232666015,-6.815992851257324,7.8998180152893065
1789799590996719400,9.56071923828125,0.92565821685791,-4.974402861785888,6.58884296875
1789799591006690600,9.570690673828125,2.0374656127929685,-3.0309096641540525,5.65001664276123
1789799591016662300,9.580662353515624,2.0376152503967284,-2.5616461387634275,5.0435354347229
1789799591026633500,9.590633544921875,1.6367361099243163,-3.19850378036499,4.244171355438232
1789799591036605400,9.60060546875,1.8225860137939451,-3.0769980461120605,3.649960430908203
1789799591046576400,9.610576416015626,2.2200234893798827,-2.4971523315429685,3.146429894256592
1789799591056548400,9.62054833984375,1.6690578323364256,-1.6054618507385252,3.8660371307373045
1789799591066519600,9.63051953125,0.18420389022827147,-1.0423755477905272,5.703886180114746
1789799591076491300,9.6404912109375,-0.8007108177185058,-1.6795324645996093,6.606799481201172
1789799591086462500,9.65046240234375,-0.4565443290710449,-2.516904495239258,6.468683972930908
1789799591096434400,9.660434326171876,-0.7281365798950195,-2.487425887298584,6.575076309204102
1789799591106405400,9.6704052734375,-1.839345425415039,-2.2219687782287596,6.694636754608154
1789799591116377300,9.68037744140625,-2.0302830078125,-2.500145083618164,7.024737308502197
1789799591126348500,9.6903486328125,-1.1150994232177733,-3.632153556060791,6.259041690063476
1789799591136320300,9.7003203125,-0.5547065971374512,-4.363881438446045,5.5157917121887206
1789799591146291500,9.71029150390625,-0.006883329772949218,-3.3268928443908687,6.319644919586182
1789799591156262400,9.720262451171875,-0.36227263870239257,-2.0980688423156737,6.871957315063476
1789799591166234400,9.730234375,-0.3199251968383789,-2.056319950866699,5.834669445800781
1789799591176205300,9.740205322265625,0.04668693237304687,-2.7727847976684568,6.085910982513427
1789799591186177500,9.750177490234375,-0.5532102210998535,-3.2501287536621093,6.937199310302734
1789799591196148500,9.7601484375,-1.7203835304260253,-3.65819049911499,6.100874742889404
1789799591206120400,9.770120361328125,-2.2170307373046874,-3.443610175323486,6.138284143829345
1789799591216091400,9.78009130859375,-1.6231190879821777,-3.2857425033569334,6.375609383392334
1789799591226063600,9.790063720703126,-1.1749544647216796,-3.4056022239685055,5.961861408996581
1789799591236034300,9.800034423828125,-1.0224737464904785,-3.67719447479248,5.193173038482666
1789799591246006500,9.810006591796874,-0.6955155822753906,-3.770418701934814,3.9636008483886718
1789799591255977500,9.8199775390625,-0.5870283195495605,-3.644872752380371,2.912695957183838
1789799591265949400,9.829949462890625,0.07841010437011718,-3.151367935180664,2.75183553314209
1789799591275920400,9.83992041015625,0.021697452545166016,-2.2596774543762206,4.708796115112304
1789799591285892600,9.849892578125,-1.0995371124267577,-2.1561282325744626,5.855618710327148
1789799591295863300,9.85986328125,-1.6699556579589843,-3.1100679565429687,5.246294387817382
1789799591305834500,9.86983447265625,-1.211765315246582,-3.8967128395080564,5.344307018280029
1789799591315806500,9.879806396484375,-0.6878840644836426,-4.413112210083008,5.901108541870117
1789799591325777400,9.88977734375,-0.7959224143981933,-4.987421333312988,6.366631127166747
1789799591335749400,9.899749267578125,-0.6878840644836426,-5.709722046661376,6.742371150207519
1789799591345720600,9.909720458984374,-0.43020811080932614,-6.410923857879638,6.908468890380859
1789799591355692300,9.9196923828125,-0.003890577697753906,-6.9250786643981925,6.6437599693298335
1789799591365663500,9.92966357421875,0.6462848106384277,-7.442824773406982,6.397905386352539
1789799591375635500,9.939635498046876,0.7288847679138183,-7.522731253814697,7.358728440093993
1789799591385606400,9.9496064453125,0.16340426330566404,-7.388207048034667,9.515455223083496
1789799591395578400,9.959578369140624,0.2738368148803711,-7.434893980407715,11.72141277770996
1789799591405549600,9.969549560546875,1.3144167114257812,-7.752424975585937,12.342408833312987
1789799591415520500,9.9795205078125,1.6032172866821288,-8.078036401367187,12.598289135742187
1789799591425492500,9.989492431640626,1.2458826889038086,-8.355464518737792,14.033762668609619
1789799591435463400,9.99946337890625,1.126920793914795,-8.70816035079956,15.85934143447876
1789799591445435600,10.009435546875,1.1225813034057617,-8.573336869812012,16.683246080780027
1789799591455406300,10.01940625,0.5666776054382324,-7.717858689117431,15.828216812896727
1789799591465378600,10.029378662109375,0.5825391914367676,-6.1738978935241695,13.428179286193847
1789799591475349500,10.039349609375,0.6786065330505371,-5.2171150550842285,11.1596732131958
1789799591485321500,10.049321533203125,0.5451297904968262,-5.898265427398681,10.111312161254883
1789799591495292400,10.05929248046875,1.314566349029541,-7.060500695800781,9.739761991119384
1789799591505264600,10.0692646484375,1.7117045494079588,-8.390180442810058,9.322422714233397
1789799591515235300,10.0792353515625,1.9274819740295408,-9.151686208343506,8.706364699554443
1789799591525206300,10.089206298828126,2.3560440711975095,-8.859144692993164,8.313715627288818
1789799591535178500,10.099178466796875,2.4013842651367185,-8.06337191619873,8.335712355041503
1789799591545149400,10.1091494140625,1.7111059989929198,-7.555202613830566,8.128763549041748
1789799591555121400,10.119121337890626,0.6717232032775878,-7.299023036193847,7.952340814208984
1789799591565092400,10.12909228515625,0.35628713455200195,-6.663661770629883,7.944410021209716
1789799591575064300,10.139064208984376,-0.015263035583496093,-6.053439622497558,8.053196559143066
1789799591585035300,10.14903515625,-0.008678981018066407,-5.600187320709228,7.655459808349609
1789799591595007200,10.15900732421875,0.027832594299316404,-5.368099397277832,6.979995664978027
1789799591604978200,10.168978271484375,-0.6187514915466308,-4.991311911010742,6.922085912322998
1789799591614950100,10.1789501953125,-0.9424176284790039,-4.952256496429443,7.16360100479126
1789799591624921000,10.188921142578126,-0.8255506599426269,-5.703736542510986,7.447912451934814
1789799591634893000,10.19889306640625,-0.2786252182006836,-6.698527332305908,8.402899639129638
1789799591644864000,10.208864013671874,0.9530418983459472,-7.828740153503418,8.558073834228516
1789799591654835200,10.218835205078125,1.6353893714904784,-8.704718685913086,8.756044384002685
1789799591664807200,10.22880712890625,0.9917980377197265,-8.511985452270507,9.495104508972167
1789799591674778000,10.238778076171876,1.0718541557312011,-7.601590270996093,9.443180260467528
1789799591684750000,10.24875,1.8089689918518066,-7.143100653076171,8.035389684295653
1789799591694721300,10.25872119140625,1.0730512565612793,-6.832153712463379,6.816292126464844
1789799591704693000,10.26869287109375,-0.8752303443908691,-6.545747338867187,7.080851409912109
1789799591714664200,10.278664306640625,-1.552041226196289,-6.624905631256103,7.470657367706298
1789799591724636200,10.28863623046875,-0.8068459594726562,-7.167940495300293,7.301566875457763
1789799591734607000,10.298607177734375,0.16729484100341796,-7.625681925201415,7.296030284118652
1789799591744578000,10.308578125,-0.10983400115966796,-7.8399629737854,7.938873429870605
1789799591754550300,10.31855029296875,-1.026513961791992,-7.711274634552002,9.156923524475097
1789799591764521200,10.328521240234375,-0.6491279251098633,-7.849839055633544,9.607781624603271
1789799591774493200,10.3384931640625,0.06239888076782226,-8.239046463012695,9.564237081909178
1789799591784464100,10.348464111328125,0.601393529510498,-8.409034780883788,9.684396077728271
1789799591794436000,10.35843603515625,0.9919476753234863,-8.149413538360594,9.689034843444823
1789799591804407000,10.368406982421876,0.2570774032592773,-7.81437494354248,9.815029705810547
1789799591814379300,10.378379150390625,-0.8162731285095214,-7.4694602668762204,9.775824653625488
1789799591824350200,10.38835009765625,-1.2892775939941405,-6.871508402252197,8.479963005065917
1789799591834322200,10.398322265625,-0.97039986038208,-5.384110620880127,6.552630668640137
1789799591844293000,10.408293212890625,-0.613514175415039,-3.7011364913940428,5.965751986694335
1789799591854264300,10.418264404296876,-0.3924994346618652,-3.2894834434509277,5.785887586975098
1789799591864236000,10.428236083984375,-0.0383072265625,-3.7581484184265133,6.198588098144531
1789799591874207200,10.438207275390624,0.07841010437011718,-5.103689751434326,7.560439929962158
1789799591884179200,10.44817919921875,1.103876602935791,-7.102099949645996,9.137021723175048
1789799591894150100,10.458150146484375,2.8718448913574215,-8.76651901626587,11.200075366210937
1789799591904122000,10.4681220703125,3.7687726882934567,-9.166051418304443,13.339893099975585
1789799591914093300,10.47809326171875,2.3177368446350095,-7.957428492736816,14.30730020828247
1789799591924065000,10.48806494140625,0.5979518646240234,-6.383839451599121,13.32328332595825
1789799591934036200,10.4980361328125,-0.7573159126281738,-5.936572653961181,11.8997808013916
1789799591944008200,10.50800830078125,-1.490689808654785,-6.214449684143066,11.334449934387207
1789799591953979100,10.517979248046874,-1.5026608169555664,-6.299443843078613,10.985495042419434
1789799591963950000,10.5279501953125,-1.5212158798217772,-6.133795015716553,10.562768811798096
1789799591973922300,10.53792236328125,-0.14454992523193358,-6.083067868041992,9.696067810821532
1789799591983893200,10.547893310546876,1.8004396484374998,-5.912929912567138,8.854655564880371
1789799591993865200,10.557865234375,2.7540800971984862,-5.846041903686523,8.445995269012451
1789799592003836200,10.567836181640626,2.546832015991211,-5.680692351531982,9.09811594619751
1789799592013808000,10.57780810546875,0.9858125335693358,-4.7393221862792965,11.154435897064209
1789799592023779000,10.587779052734374,-1.3804068946838377,-4.320037620544434,12.174066529083252
1789799592033751300,10.597751220703126,-1.4674959800720213,-6.449231084442138,6.921936274719238
1789799592043722200,10.60772216796875,-0.07451952667236328,-6.627898383331298,2.1052514472961423
1789799592053694200,10.617694091796874,0.13976152191162108,-4.10500838394165,1.2741641960144041
1789799592063665200,10.6276650390625,0.09891045608520507,-1.9779098464965819,0.5111620544433594
1789799592073636000,10.637635986328124,-0.10459668502807616,-0.40566754379272457,0.2603694305419922
1789799592083608000,10.647608154296876,-0.601393529510498,0.6202478675842285,-0.015113397979736327
1789799592093579000,10.6575791015625,-1.2144587921142578,1.2629413757324217,-0.41195232315063474
1789799592103551200,10.66755126953125,-0.28520927276611324,0.7960720520019531,-0.38187516479492184
1789799592113522200,10.677522216796875,2.38118318862915,0.2485480598449707,0.8164227661132812
1789799592123494100,10.687494140625,3.3833062210083007,0.3796306007385254,4.66016389389038
1789799592133465000,10.697465087890626,4.469525586700439,-0.059256491088867186,10.682329257202149
1789799592143437000,10.70743701171875,2.044947492980957,-2.316689381408691,16.11372536087036
1789799592153408000,10.717407958984374,-4.094084838867187,-6.740874774169922,18.99873836135864
1789799592163379200,10.727379150390625,-4.521749110412597,-12.489652235412597,15.628300974273682
1789799592173351200,10.73735107421875,-0.17118541870117188,-15.288025063323973,12.159850956726073
1789799592183322000,10.747322021484376,-1.018882444000244,-12.20638825149536,13.404386907196043
1789799592193294300,10.75729443359375,-3.0665234138488766,-7.558644278717041,11.737872914123534
1789799592203265300,10.767265380859374,-1.3792097938537597,-5.974879880523681,7.341220840454101
1789799592213237200,10.7772373046875,-0.16011223602294922,-4.637269340515137,3.596390168762207
1789799592223208200,10.787208251953125,-0.2919429649353027,-2.8022634056091307,0.4483142608642578
1789799592233180200,10.79718017578125,0.2768295669555664,-0.8626607856750488,-1.031003089904785
1789799592243151000,10.807151123046875,0.5178957466125488,0.3103483901977539,-1.3028946159362793
1789799592253122000,10.8171220703125,0.18734627990722655,0.64478843460083,-1.4206594100952148
1789799592263094300,10.82709423828125,0.32022447204589843,0.5351040710449219,-1.6130933685302733
1789799592273065200,10.837065185546875,0.4004302276611328,0.4471171600341797,-0.43020811080932614
1789799592283037200,10.847037109375,-0.4492120864868164,0.08604162216186523,1.4692916313171387
1789799592293008100,10.857008056640625,-1.3263877197265623,-1.0078092613220215,2.75168589553833
1789799592302980000,10.86697998046875,-1.3519757499694824,-3.1575030769348142,2.05587103805542
1789799592312951000,10.876950927734375,-1.6786346389770508,-5.684882204437256,-0.11566986770629882
1789799592322923300,10.88692333984375,-0.9497498710632324,-7.473500482177734,-2.830844187927246
1789799592332894200,10.896894287109374,2.47710089263916,-8.03239693222046,-4.872499653625488
1789799592342865200,10.906865234375,8.177695045471191,-6.9521630706787105,-3.602076397705078
1789799592352837000,10.916837158203125,4.074781587982177,-3.451391330718994,5.804891562652587
1789799592362808300,10.926808349609376,-7.64812756576538,-2.3841759407043455,16.213533642578124
1789799592372780000,10.936780029296875,-8.5172227684021,-5.1702784851074215,25.616760662841795
1789799592382751200,10.946751220703124,-1.4969745880126952,-9.229198487091065,21.56592109146118
1789799592392723200,10.95672314453125,4.184166676330566,-9.05965908203125,28.90833903274536
1789799592402694100,10.966694091796874,4.958541275787353,-10.36779101409912,40.96179765319824
1789799592412666000,10.976666015625,1.0612298858642577,-15.7948476272583,39.84146091384888
1789799592422637300,10.98663720703125,-0.6367080039978027,-15.355810897827148,17.366790654754638
1789799592432608000,10.99660791015625,-1.2389993591308592,-8.754548007965088,4.37300933227539
1789799592442580200,11.006580322265625,-1.764676261138916,-6.570587181091308,2.1535843933105467
1789799592452551200,11.01655126953125,0.11671733093261719,-8.13968709411621,2.846855411529541
1789799592462523100,11.026523193359376,5.980266834259033,-10.52131919555664,3.065775225830078
1789799592472494000,11.036494140625,7.256525956726073,-10.428843156433105,2.4699182876586914
1789799592482466300,11.04646630859375,3.931428763580322,-8.31251852645874,2.781164503479004
1789799592492437200,11.056437255859375,1.1954548164367675,-6.448632534027099,2.571073307800293
1789799592502409200,11.0664091796875,-0.25423428878784177,-4.783764554595947,2.2445640563964844
1789799592512380200,11.076380126953126,0.3682581428527832,-3.5890579261779783,2.2581810783386227
1789799592522351400,11.086351318359375,2.7256489524841307,-3.4873043556213377,1.9596540588378906
1789799592532323000,11.096322998046874,3.6649241912841797,-3.762787184143066,1.5975310577392576
1789799592542294300,11.106294189453125,2.7916391357421872,-3.4223616355895996,0.8533832542419433
1789799592552266200,11.116266357421875,0.12090718383789062,-3.8908769729614257,2.136226431274414
1789799592562237200,11.1262373046875,-2.321477784729004,-5.954828441619873,6.437858626556396
1789799592572209200,11.136209228515625,-2.7884967460632324,-7.330147657775878,9.260023833465576
1789799592582180400,11.146180419921874,-2.9138930580139157,-8.149114263153075,10.11894367904663
1789799592592152600,11.156152587890626,-2.1148282539367673,-8.792855234527588,10.941501586914061
1789799592602123500,11.16612353515625,-0.09127893829345703,-9.285013313293456,11.28716445159912
1789799592612094700,11.1760947265625,1.8198925369262695,-8.838195428466797,11.638064632415771
1789799592622066400,11.18606640625,2.855684030151367,-7.586327235412597,10.98788924407959
1789799592632037600,11.19603759765625,2.4980501571655274,-6.385186190032958,8.377610884094238
1789799592642009600,11.206009521484376,1.228973639678955,-5.66946953125,5.824344451141357
1789799592651980500,11.21598046875,-0.28221652069091796,-5.998073709106445,4.489577025604248
1789799592661952500,11.225952392578124,-0.9310451705932616,-7.237970893859863,4.417601338195801
1789799592671923700,11.235923828125,-1.2695254302978516,-7.697358337402343,5.621435860443115
1789799592681895400,11.2458955078125,-2.186504666137695,-7.601290995788574,7.9855603622436515
1789799592691866600,11.25586669921875,-2.731335181427002,-7.901464028930664,10.000580334472655
1789799592701837600,11.265837646484375,-4.2509050476074215,-7.69945326385498,12.715455379486084
1789799592711809500,11.2758095703125,-3.9790135215759275,-6.887968538665771,13.81529176712036
1789799592721780500,11.285780517578125,-0.7056909393310546,-5.742193406677246,13.808109162139893
1789799592731752700,11.295752685546875,2.5986066268920895,-4.011484881591796,14.131326386260985
1789799592741723600,11.3057236328125,3.4783260993957517,-3.359364204406738,13.873800070190429
1789799592751695600,11.315695556640625,3.1658827827453613,-3.660135787963867,12.55160220336914
1789799592761666600,11.32566650390625,2.990806786346435,-4.7248073387146,11.310956830596924
1789799592771638500,11.335638427734375,3.427748589324951,-6.7556888969421385,11.04505080871582
1789799592781609500,11.345609375,3.2185552192687985,-8.949226530456542,11.164910529327392
1789799592791580400,11.355580322265626,2.291550263977051,-11.923872455596923,11.499350573730467
1789799592801552600,11.365552734375,0.7564180870056152,-14.709077174377441,12.809876707458494
1789799592811523300,11.3755234375,0.9265560424804687,-15.471480765533446,14.286799856567383
1789799592821495600,11.38549560546875,2.405574118041992,-14.80439632797241,14.892682514190673
1789799592831466500,11.395466552734375,1.7079636093139647,-14.40845522842407,15.496619882965087
1789799592841438500,11.4054384765625,0.27787703018188475,-14.431798694610595,13.672836768341064
1789799592851409400,11.415409423828125,0.3987842140197754,-13.848960227966307,9.528024781799315
1789799592861380600,11.425380615234374,0.2587234169006348,-11.985672785949706,6.4558151390075675
1789799592871352300,11.435352294921875,-1.2153566177368162,-9.771485163116454,5.415235242462158
1789799592881323500,11.445323486328125,-2.4084172325134277,-7.33553461151123,5.266495464324951
1789799592891295500,11.45529541015625,-2.6090812591552734,-5.325751955413818,4.945073891448974
1789799592901266700,11.4652666015625,-2.605938869476318,-3.930680575561523,4.433762199401855
1789799592911238400,11.47523828125,-1.927332336425781,-2.8311434631347656,3.77954659576416
1789799592921209600,11.485209716796875,-0.7573159126281738,-2.0163667106628416,3.3131261848449705
1789799592931180500,11.4951806640625,0.1671452033996582,-1.645864003753662,2.9740473747253415
1789799592941152500,11.505152587890626,1.265934127807617,-1.5828665725708007,2.9707553474426267
1789799592951123500,11.51512353515625,2.279878530883789,-1.6792331893920898,3.4204163467407223
1789799592961095700,11.525095703125,2.7817630538940428,-1.8800468536376953,4.57097988204956
1789799592971066400,11.53506640625,3.214515003967285,-2.5374048469543458,5.842899514007568
1789799592981038600,11.54503857421875,3.5283050590515135,-2.8565818557739258,7.288099491119384
1789799592991009500,11.555009521484376,3.752761464691162,-2.1836615516662596,8.333018878173828
1789799593000981500,11.5649814453125,2.8974329216003416,-1.7521067024230956,8.657882115936278
1789799593010952400,11.574952392578124,-0.3404255485534668,-2.7858032691955565,9.571419686889648
1789799593020923600,11.584923583984375,-0.6049848320007324,-4.37300933227539,12.101941204071045
1789799593030895400,11.594895263671875,0.11776479415893554,-5.91831686630249,15.629797350311279
1789799593040866600,11.604866455078126,-2.152387292480469,-7.2653545753479,18.96761373977661
1789799593050838500,11.614838623046875,-4.342632898712158,-8.054393659973144,19.129222351837157
1789799593060809700,11.624809814453124,-1.4321815055847167,-7.868094843292236,14.986804566955566
1789799593070781400,11.634781494140626,1.9211971946716306,-7.522132703399658,10.21441247024536
1789799593080752600,11.644752685546875,1.2288240020751953,-6.604255641937256,8.486247784423828
1789799593090723600,11.6547236328125,-1.5159785636901855,-6.5391632843017575,7.429357389068603
1789799593100695600,11.664695556640625,1.9533692794799804,-8.49163473815918,5.129128144073486
1789799593110666500,11.67466650390625,6.508038662719726,-9.842563024902343,3.3366192886352537
1789799593120638700,11.684638671875,4.9163434715270995,-7.618349682617187,3.847182792663574
1789799593130609400,11.694609375,1.0992378372192382,-5.159354940032959,2.9508535461425778
1789799593140581600,11.70458154296875,-0.19602526092529296,-4.331110803222656,0.33533787002563475
1789799593150552600,11.714552490234375,0.7133224571228027,-2.7760768249511716,-1.7009306419372558
1789799593160523800,11.724523681640624,0.49155952835083006,-0.668431175994873,-1.228973639678955
1789799593170495500,11.73449560546875,-1.1390414398193358,0.8602665840148925,0.5895721588134766
1789799593180466700,11.744466796875,-2.6982652709960937,0.46252983322143554,1.8567033874511718
1789799593190438400,11.7544384765625,-3.1016882507324217,-0.9935936889648437,2.180369524383545
1789799593200409600,11.76440966796875,-1.403899998474121,-2.3505074798583983,1.5879542510986326
1789799593210381600,11.774381591796875,2.0459949562072755,-3.7693712387084957,-0.009726444244384765
1789799593220352800,11.784352783203126,-0.003591302490234375,-2.2234651542663575,5.383063157653808
1789799593230323500,11.794323486328125,-3.2357635437011716,-0.5475239921569824,10.67379991378784
1789799593240295700,11.804295654296874,-4.855889879608154,-0.9838672447204589,13.54190386505127
1789799593250266600,11.8142666015625,-1.0402806213378906,-4.4930186904907226,12.553098579406738
1789799593260238600,11.824238525390625,1.4651017784118652,-6.385784740447997,6.937797860717773
1789799593270209500,11.83420947265625,-1.7812860351562498,-4.293102851867675,6.981791316223144
1789799593280181800,11.844181640625,-1.5487491989135742,-4.106804035186768,5.5549967643737785
1789799593290152400,11.85415234375,-0.8684966522216796,-4.509329189300537,2.4199393280029295
1789799593300124700,11.864124755859375,-0.41060558471679687,-3.858704888153076,0.4421791191101074
1789799593310095600,11.874095703125,0.30750527572631836,-2.612074011230469,0.8038532073974609
1789799593320066600,11.884066650390626,0.16011223602294922,-1.4597148246765135,3.1572038017272948
1789799593330038500,11.89403857421875,0.29074586410522457,-0.8072948722839355,5.059845933532714
1789799593340009500,11.904009521484374,0.8876502655029296,-0.928950244140625,5.843348426818848
1789799593349981400,11.9139814453125,1.2514192802429198,-1.4342764320373533,6.476465128326415
1789799593359952400,11.923952392578125,0.021098902130126954,-2.6454431968688965,7.751676787567138
1789799593369924600,11.933924560546876,0.5687725318908691,-4.298190530395508,9.4098110748291
1789799593379895600,11.9438955078125,1.2879308555603026,-5.9682958259582515,11.95095686187744
1789799593389866500,11.953866455078124,0.023792378997802732,-7.34211866607666,14.879065492248534
1789799593399838500,11.96383837890625,-1.0975918235778808,-9.44183352203369,16.217723495483398
1789799593409809700,11.9738095703125,-0.45025954971313475,-13.06874976196289,15.57158832244873
1789799593419781400,11.983781494140626,1.643320164489746,-13.779079467010497,14.233379232025145
1789799593429752600,11.993752685546875,1.060481697845459,-11.553818661499022,11.73488016204834
1789799593439724500,12.003724609375,0.6694786392211913,-8.30518628387451,8.03134946899414
1789799593449695500,12.013695556640625,1.0793360359191895,-5.748627823638916,6.147262400054931
1789799593459666400,12.02366650390625,0.6423942329406738,-4.650587087249756,5.639093097686767
1789799593469638700,12.033638671875,0.448164623260498,-4.648492160797119,6.088005908966064
1789799593479609600,12.043609619140625,0.8245031967163086,-5.108029241943359,6.441150653839111
1789799593489581600,12.05358154296875,1.5770307060241697,-5.140051689147949,5.8277861160278315
1789799593499552500,12.063552490234375,1.6958429634094236,-4.925471365356445,5.351938536071777
1789799593509524500,12.0735244140625,1.319055477142334,-5.162946242523193,6.3055789848327635
1789799593519495400,12.083495361328126,1.1662754837036131,-6.400598863220215,8.377461246490478
1789799593529466600,12.093466552734375,0.8010100929260253,-8.77834038696289,11.234791290283203
1789799593539438600,12.1034384765625,0.3420715621948242,-11.226561222076416,12.616245648193358
1789799593549409500,12.113409423828125,1.07245270614624,-11.84950256652832,11.96322714538574
1789799593559381500,12.123381591796875,1.340004741668701,-10.14498062210083,10.432733734130858
1789799593569352700,12.133352783203126,-0.6133645378112793,-7.433846517181396,8.219743212127685
1789799593579324400,12.143324462890625,-2.6349685646057126,-5.389796849822997,6.366631127166747
1789799593589295600,12.153295654296874,-2.7349264839172363,-4.198831161499023,5.769128175354004
1789799593599266600,12.1632666015625,-0.8661024505615234,-3.844638953399658,5.721992330169678
1789799593609238300,12.17323828125,-0.04833294601440429,-4.981286191558838,5.959467207336425
1789799593619209500,12.18320947265625,0.04773439559936523,-7.171082884979247,7.470058817291259
1789799593629181400,12.193181396484375,1.6220716247558593,-10.383203687286377,9.311499169158935
1789799593639152600,12.203152587890624,4.29669415435791,-14.02014564666748,11.687594679260254
1789799593649124400,12.213124267578126,4.458003491210937,-13.851952980041503,13.849409140777587
1789799593659095600,12.223095458984375,2.7377695983886716,-9.495852696990966,13.676428070831298
1789799593669066500,12.23306640625,0.10354922180175781,-6.459406441497802,12.639738751983641
1789799593679038500,12.24303857421875,-1.6106991668701172,-5.430947190856934,11.845761626434326
1789799593689009400,12.253009521484374,-0.6968623207092285,-5.223250196838379,11.143063439178466
1789799593698981600,12.262981689453126,0.37828386230468747,-6.028899055480957,9.97783541870117
1789799593708952300,12.272952392578125,0.21951836471557615,-6.348524977111816,8.97047507019043
1789799593718923500,12.282923583984376,0.06419453201293945,-6.583755290222167,7.823652474975585
1789799593728895500,12.2928955078125,0.041748891448974604,-7.491606632232665,6.291213774871826
1789799593738866700,12.30286669921875,-0.9464578437805176,-8.551489779663086,6.137535955810547
1789799593748838400,12.31283837890625,-1.3344681503295899,-9.285013313293456,6.60141252746582
1789799593758809600,12.3228095703125,0.36212300109863277,-9.802609784698486,6.552331393432617
1789799593768781300,12.33278125,2.574814247894287,-9.401132093811034,6.516717643737793
1789799593778752500,12.34275244140625,3.437325395965576,-7.613561279296874,6.694936029815674
1789799593788723500,12.352723388671874,2.956539775085449,-5.57953733139038,6.60141252746582
1789799593798695700,12.36269580078125,1.689258908843994,-4.2411786033630365,5.852326683044433
1789799593808666400,12.372666259765625,0.5149029945373534,-3.6725557090759273,4.613776236724854
1789799593818638600,12.382638671875,0.5048772750854492,-3.842693664550781,3.1865327720642087
1789799593828609500,12.392609619140625,0.621145693206787,-4.391265119934082,2.56014976272583
1789799593838581500,12.40258154296875,-0.6144120010375976,-5.2253451232910155,4.198681523895264
1789799593848552400,12.412552490234376,-2.0892402236938477,-6.406734004974365,7.519888139343261
1789799593858523400,12.4225234375,-2.07487501373291,-8.071302709197997,10.66856259765625
1789799593868495400,12.432495361328124,-0.08738836059570312,-9.182810829925536,13.712041820526123
1789799593878466300,12.44246630859375,1.9683330398559569,-8.700678470611571,16.287454618835447
1789799593888438500,12.4524384765625,1.4405612113952635,-7.937377053833007,17.26339107055664
1789799593898409500,12.462409423828126,-0.3167828071594238,-7.350797647094726,15.429582236480712
1789799593908381400,12.47238134765625,-1.1119570335388183,-6.5312324913024895,9.957933617401123
1789799593918352400,12.482352294921874,-1.1278186195373534,-4.707599014282226,7.144746666717529
1789799593928323600,12.492323486328125,-1.5108908851623535,-3.5550901901245116,7.04838004989624
1789799593938295300,12.50229541015625,-2.179621336364746,-3.6477158668518066,7.218667642974853
1789799593948266500,12.5122666015625,-2.1193173820495605,-4.525490050506591,7.759457942962646
1789799593958238500,12.522238525390625,-0.47105917663574215,-6.115838503265381,7.8249992134094235
1789799593968209400,12.53220947265625,1.7682675636291503,-8.11514652709961,7.454646144104004
1789799593978180400,12.542180419921875,3.2365117317199705,-9.49914472427368,7.025934409332275
1789799593988152600,12.552152587890625,2.5781062751770016,-9.515904135894775,7.036857954406738
1789799593998123500,12.56212353515625,0.1785176612854004,-8.097788565063476,7.182156067657471
1789799594008095500,12.572095458984375,-0.953191535949707,-6.636427726745605,6.681169370269775
1789799594018066400,12.58206640625,-0.46731823654174803,-5.7891796142578125,5.98834726486206
1789799594028038400,12.592038330078125,-0.18180968856811522,-5.147982482147216,5.616048906707763
1789799594038009300,12.60200927734375,-0.41404724960327144,-4.422838654327393,5.752817676544189
1789799594047980500,12.61198046875,-0.4469675224304199,-3.8607998146057128,6.874201879119872
1789799594057952500,12.621952392578125,0.33010055389404297,-3.7823897102355954,9.375095150756835
1789799594067923500,12.63192333984375,1.0476128639221192,-4.467729935455322,12.433388496398925
1789799594077895400,12.6418955078125,0.8511386901855468,-5.779153894805908,14.731522814941405
1789799594087866600,12.65186669921875,-0.09950900650024413,-7.229890463256836,16.02903047714233
1789799594097838300,12.66183837890625,-0.833182177734375,-8.01863027267456,14.663138430023192
1789799594107809500,12.6718095703125,-0.4312555740356445,-7.1136220451354975,11.359589051818848
1789799594117780500,12.681780517578124,-0.09442132797241211,-5.47149898147583,9.962572383117676
1789799594127752400,12.69175244140625,-0.3298012786865234,-5.258265396118164,8.629301333618164
1789799594137723400,12.701723388671875,-0.7342717216491699,-5.219209981536865,7.291840431213378
1789799594147695600,12.711695556640626,-0.30690672531127927,-4.536712870788574,6.81180299835205
1789799594157666600,12.72166650390625,1.2392986343383787,-3.7859810127258298,6.1188312553405755
1789799594167637200,12.73163720703125,2.4727614021301267,-3.046322337341308,5.335927312469482
1789799594177609500,12.741609375,2.409464695739746,-2.685396437072754,4.559757061767578
1789799594187580400,12.751580322265625,1.0905588562011719,-2.697367445373535,4.009689230346679
1789799594197552400,12.761552490234376,0.9443629173278808,-2.223764429473877,4.112490264129638
1789799594207523300,12.7715234375,0.5371989974975586,-1.7944541442871094,4.0261493667602535
1789799594217495600,12.78149560546875,-0.7270891166687011,-2.081758343505859,3.0654759506225586
1789799594227466200,12.79146630859375,-0.6052841072082519,-2.4378958404541016,2.194734734344482
1789799594237437400,12.8014375,-0.978031378173828,-3.2146646415710447,1.6680103691101074
1789799594247409400,12.811409423828126,-1.0860697280883789,-3.149123371124267,2.0268413429260255
1789799594257380600,12.821380615234375,-0.3043628860473633,-1.2669815910339355,4.160673572540283
1789799594267352300,12.831352294921874,-0.25094226150512694,-0.0948702407836914,5.7721209274291985
1789799594277323500,12.841323486328125,-0.33803134689331055,-1.17480482711792,5.185691158294677
1789799594287294500,12.85129443359375,-0.057610477447509766,-2.6598084068298338,5.975179155731201
1789799594297266400,12.861266357421876,-0.3537432952880859,-2.6129718368530273,7.28450818862915
1789799594307237400,12.8712373046875,-0.673518854522705,-2.849249613189697,6.219238087463379
1789799594317209600,12.881209716796874,-0.5020341606140136,-3.5818753211975096,5.636399620819091
1789799594327180300,12.89118017578125,-0.45714287948608395,-3.1206922264099117,7.34855308303833
1789799594337152500,12.901152587890625,-1.1486182464599608,-2.4486697479248045,8.809165733337402
1789799594347123500,12.91112353515625,-2.596511700439453,-2.871545616149902,8.561964411926269
1789799594357094400,12.921094482421875,-2.158522434234619,-3.5932477790832515,7.1869444709777826
1789799594367066400,12.93106640625,-1.3265373573303223,-4.130746051788329,6.429628558349609
1789799594377037600,12.94103759765625,-0.905307502746582,-4.197484423065185,6.25036270904541
1789799594387009300,12.95100927734375,-0.9614216041564941,-3.7858313751220702,6.364236925506591
1789799594396980500,12.96098046875,-1.228375089263916,-3.5220202796936033,6.733692169189453
1789799594406951400,12.970951416015625,-0.8108861747741699,-3.3640029701232907,7.5710641998291015
1789799594416923600,12.980923583984374,-0.2123357597351074,-3.490446745300293,8.570942668151854
1789799594426894300,12.990894287109375,-0.5122095176696777,-4.195688771820068,9.48073929901123
1789799594436866600,13.000866455078125,-0.7631517791748046,-5.55439821395874,9.886706118011475
1789799594446837500,13.01083740234375,-0.20859481964111326,-6.921487361907959,9.97798505630493
1789799594456809500,13.0208095703125,0.23837270278930664,-7.949198424530029,10.370634128570556
1789799594466780400,13.030780517578124,0.11103110198974608,-9.036614891052245,10.020781410980224
1789799594476751600,13.040751708984375,0.2711433380126953,-9.701754039764404,9.472359593200682
1789799594486723300,13.050723388671875,0.6615478462219238,-9.31434228363037,9.09153189163208
1789799594496694500,13.060694580078126,0.25902269210815426,-7.917175977325439,8.56136586151123
1789799594506666500,13.07066650390625,0.19797054977416992,-5.9962780578613275,8.117540728759765
1789799594516637400,13.080637451171874,0.8940846824645996,-4.74994645614624,7.962965084075927
1789799594526608400,13.0906083984375,1.1252747802734375,-4.687098662567139,8.463203593444824
1789799594536580600,13.10058056640625,0.9400234268188477,-5.645677152252197,9.695768535614013
1789799594546551600,13.110551513671876,0.8412626083374023,-6.831854437255859,10.805481005096436
1789799594556523500,13.1205234375,1.1863269226074218,-7.5713634750366205,10.818349839019774
1789799594566494500,13.130494384765624,1.4022539848327635,-7.956231391906738,10.5077021736145
1789799594576465400,13.14046533203125,0.7110778930664062,-7.949048786926269,10.797849487304687
1789799594586437400,13.150437255859375,0.23867197799682616,-7.566126158905029,11.049390299224854
1789799594596408000,13.160407958984376,0.30406361083984373,-7.763498158264159,11.001057353210449
1789799594606380300,13.17038037109375,1.1432312927246093,-8.86064106903076,11.095029768371582
1789799594616351200,13.180351318359374,1.9795558601379393,-9.97798505630493,10.915015731048584
1789799594626322200,13.190322265625,1.2933178092956543,-10.254664985656738,10.181492197418212
1789799594636294100,13.200294189453125,0.7531260597229004,-9.172934748077392,9.10365253753662
1789799594646265300,13.210265380859376,0.1897404815673828,-7.73776049041748,8.600870188903809
1789799594656237000,13.220237060546875,-1.0128969398498535,-6.600215426635742,9.111433692932128
1789799594666208300,13.230208251953124,-1.8498200576782224,-6.171503691864014,9.743054018402098
1789799594676180200,13.24018017578125,-1.1828852577209472,-6.2307601829528805,10.780341887664795
1789799594686151200,13.250151123046875,0.9525929855346679,-6.258592777252197,11.124358738708496
1789799594696122000,13.2601220703125,2.7187656227111816,-5.8548705223083495,9.878476049804688
1789799594706094300,13.27009423828125,2.823661582946777,-4.976647425842285,7.963713272094726
1789799594716065300,13.280065185546874,1.0574889457702636,-4.445284294891358,6.35840105895996
1789799594726037200,13.290037353515626,-0.5238812507629395,-4.672883090209961,6.017227322387695
1789799594736008200,13.30000830078125,-0.3066074501037597,-5.680393076324463,6.854748990631103
1789799594745979100,13.309979248046876,0.9368810371398926,-6.967126831054687,7.510909883117676
1789799594755951000,13.319951171875,1.661875227355957,-7.871087595367431,7.967903124999999
1789799594765922000,13.329922119140624,1.5933412048339843,-8.05738641204834,8.581267662811278
1789799594775894300,13.339894287109376,1.6630723281860351,-7.540538128662109,9.005939182281494
1789799594785865000,13.349864990234375,2.14505504989624,-6.693140378570556,8.72821178970337
1789799594795836200,13.359836181640626,2.2379800018310547,-5.939565406036377,8.033145120239258
1789799594805808000,13.36980810546875,0.33309330596923825,-5.979069733428955,7.3943421897888175
1789799594815779300,13.379779296875,-1.7775450950622558,-6.183175424957275,8.29291600036621
1789799594825751000,13.3897509765625,-2.0108301193237303,-6.274454363250732,10.147374823760986
1789799594835722200,13.39972216796875,0.14335282440185546,-7.103745963287353,11.454459292602538
1789799594845693200,13.409693115234376,2.1389199081420895,-7.819612259674072,12.177059281158446
1789799594855665200,13.4196650390625,1.7778443702697753,-8.046762142181397,12.369493239593504
1789799594865636000,13.429635986328124,0.24046762924194334,-7.969249863433838,12.477531589508056
1789799594875608300,13.4396083984375,0.028730419921875,-7.773823152923583,11.398644466400146
1789799594885579000,13.4495791015625,0.6606500205993652,-8.036287509918212,8.562862237548828
1789799594895550200,13.45955029296875,-0.24869769744873046,-8.006060713958739,7.198167291259765
1789799594905522200,13.469522216796875,-1.3920786277770996,-7.7690347496032715,7.50776749343872
1789799594915493400,13.479493408203124,-1.5888520767211913,-7.44402187423706,8.061576264953613
1789799594925465000,13.489465087890625,-0.8467991996765136,-6.554426319885254,8.244433416748047
1789799594935436300,13.499436279296875,-0.4343979637145996,-5.145887555694579,7.90415750579834
1789799594945408000,13.509407958984376,0.15936404800415038,-4.121468520355224,6.701370446777343
1789799594955379200,13.519379150390625,0.8155249404907227,-4.000710974121094,5.831975968933105
1789799594965350100,13.52935009765625,0.3495534423828125,-4.331858991241455,6.659471917724609
1789799594975322400,13.539322265625,0.23298574905395505,-4.873696754455566,8.903736698913574
1789799594985293000,13.54929296875,1.3863923988342284,-5.801749172973633,10.986093592834472
1789799594995265300,13.559265380859374,2.01741417388916,-6.596773761749267,12.201001297760008
1789799595005236200,13.569236328125,0.13871405868530273,-7.018901441955566,12.768127816009521
1789799595015207200,13.579207275390624,-1.2003928573608398,-6.88871672668457,11.839177571868897
1789799595025179100,13.58917919921875,-0.48766895065307614,-6.366631127166747,9.100510147857666
1789799595035150000,13.599150146484375,-0.6810007347106933,-5.697152487945556,7.728333321380615
1789799595045122000,13.6091220703125,-0.843357534790039,-5.288192916870117,7.611017440032959
1789799595055093000,13.619093017578125,-0.174926358795166,-5.396380904388427,7.9295958984374995
1789799595065064200,13.629064208984374,0.7209539749145507,-5.40116930770874,8.532186528778075
1789799595075036200,13.6390361328125,1.2198457458496093,-5.147982482147216,9.323170902252198
1789799595085007000,13.649007080078125,1.299153675842285,-4.912752169036865,10.051906032562256
1789799595094979300,13.658979248046874,1.195155541229248,-5.093065481567383,10.812962885284422
1789799595104950300,13.6689501953125,0.8122329132080077,-5.683984378814697,10.908431676483154
1789799595114921200,13.678921142578124,0.3847182792663574,-5.927594397735596,10.435876123809814
1789799595124893200,13.68889306640625,0.41898529052734373,-5.6568999725341795,8.961047901153563
1789799595134864100,13.698864013671875,0.3808277015686035,-5.308393993377686,6.356904682922363
1789799595144836000,13.708836181640624,-0.012868833923339843,-4.775085573577881,4.606593631744384
1789799595154807000,13.71880712890625,-0.08005611801147461,-3.7502176254272457,4.167706539916992
1789799595164778200,13.7287783203125,0.34102409896850583,-2.3982418754577637,5.0680760017395015
1789799595174750200,13.738750244140626,1.0905588562011719,-1.668160006713867,6.031742169952392
1789799595184721200,13.74872119140625,1.6443676277160644,-1.758241844177246,6.257395676422119
1789799595194693000,13.758693115234376,1.2253823371887207,-2.0967221038818358,4.835688803100585
1789799595204664300,13.768664306640625,1.452382582092285,-2.2098481323242187,3.2878374298095703
1789799595214635000,13.778635009765624,1.8381483245849608,-2.0986673927307127,3.252822230529785
1789799595224607200,13.788607177734375,1.0392331581115721,-2.289305699920654,3.591751403045654
1789799595234578200,13.798578125,0.17507599639892577,-3.035099517059326,3.4392706848144527
1789799595244550100,13.808550048828126,-0.5615899269104003,-2.7588685005187985,4.407276343536377
1789799595254521000,13.81852099609375,-0.35464112091064454,-1.8432360031127928,5.878064350891113
1789799595264492300,13.8284921875,-0.4562450538635254,-2.2213702278137206,4.955698161315918
1789799595274464300,13.83846435546875,-1.3452420578002928,-2.5643396156311034,3.1185972999572753
1789799595284435200,13.848435302734375,-0.795473501586914,-2.4467244590759276,1.8501193328857422
1789799595294407200,13.8584072265625,-0.03501519927978516,-1.833509558868408,2.044199304962158
1789799595304378400,13.86837841796875,0.07287351303100585,-1.0675146652221679,4.060715653228759
1789799595314350000,13.87835009765625,-0.024690204620361325,-0.7830535804748535,5.984007774353027
1789799595324321300,13.8883212890625,-0.4791396072387695,-0.7463923675537109,7.598896794128417
1789799595334292200,13.898292236328125,-1.3376105400085447,-1.3730746520996093,7.457489258575439
1789799595344264200,13.90826416015625,-2.3529016815185546,-2.263867307281494,6.6340335250854485
1789799595354235100,13.918235107421875,-2.2931962776184083,-2.907458641052246,5.811325979614257
1789799595364207400,13.928207275390625,-0.9288006065368651,-3.5398271545410154,4.905569564056396
1789799595374178000,13.938177978515625,-0.3381809844970703,-3.792864342498779,5.7906759902954095
1789799595384149000,13.94814892578125,-1.0330980163574217,-3.7802947837829586,7.668927192687987
1789799595394121200,13.958121337890624,-1.701978105163574,-4.342932173919677,8.123077320098876
1789799595404092200,13.968092041015625,-1.6077064147949218,-5.118354236602783,8.172906642150878
1789799595414064000,13.978064208984375,-0.8783727340698242,-6.090998661041259,8.665214358520508
1789799595424035000,13.98803515625,-0.405368268585205,-7.019799267578125,9.932195949554442
1789799595434006300,13.99800634765625,-0.6416460449218749,-7.651718868255615,11.051634863281249
1789799595443978000,14.00797802734375,-0.43350013809204097,-8.075193286895752,10.704475622558594
1789799595453949200,14.01794921875,0.6902782661437988,-8.098387115478515,10.14542953491211
1789799595463921200,14.027921142578125,0.6919242797851562,-7.729081509399413,11.896638411712646
1789799595473892000,14.03789208984375,-0.47494975433349607,-7.57869571762085,14.751574253845215
1789799595483863000,14.047863037109375,-1.5257050079345702,-8.263287754821777,15.249867474365233
1789799595493835300,14.057835205078124,-0.2861070983886719,-8.725069400024413,12.659191640472411
1789799595503806200,14.06780615234375,1.3807061698913574,-7.760655043792724,9.758317053985595
1789799595513778200,14.077778076171874,1.4501380180358885,-6.8876692634582515,8.051700183105469
1789799595523749000,14.0877490234375,0.7184101356506347,-6.617573388671874,7.764096708679198
1789799595533720300,14.09772021484375,0.488417138671875,-6.5768719604492185,8.039729174804688
1789799595543692000,14.107692138671876,0.48991351470947264,-6.611438246917724,8.54191297302246
1789799595553663200,14.117663330078125,0.43409868850708005,-6.559663636016845,8.98319426651001
1789799595563635200,14.12763525390625,1.3007996894836424,-6.072144322967529,8.64501328201294
1789799595573606100,14.137606201171875,2.524386375427246,-5.623231511688232,7.54008921585083
1789799595583577000,14.1475771484375,2.707991715240478,-5.820304235839844,6.959495313262939
1789799595593549800,14.1575498046875,1.6443676277160644,-6.457161877441406,7.4108023262023925
1789799595603520500,14.1675205078125,0.04414309310913086,-7.274332831573486,8.240542839050292
1789799595613492700,14.17749267578125,-0.06928221054077148,-7.557896090698241,8.8612396194458
1789799595623463700,14.187463623046876,0.47315410308837885,-7.1032970504760735,9.603292496490479
1789799595633435000,14.197434814453125,0.869544115447998,-6.861033769989013,9.692925421142577
1789799595643406600,14.207406494140624,0.4037222549438476,-7.169137596130371,9.73527286300659
1789799595653377800,14.217377685546875,-0.8295908752441405,-7.180061141204834,10.561571710968018
1789799595663349500,14.227349609375,-1.142183829498291,-7.146243042755127,10.938658472442626
1789799595673320700,14.23732080078125,-0.10220248336791991,-7.260266896820068,11.189600733947753
1789799595683291600,14.247291748046875,0.9090484428405761,-7.407061386108398,11.240028606414795
1789799595693264000,14.257263916015624,1.0519523544311522,-7.341520115661621,11.48543427658081
1789799595703234600,14.267234619140625,1.256357321166992,-7.174374912261962,11.10864679031372
1789799595713206800,14.277206787109375,1.525256095123291,-7.664886977386474,10.883591834259033
1789799595723177700,14.287177734375,1.5578770927429197,-8.015637520599364,10.520571007537841
1789799595733149000,14.29714892578125,2.0503344467163083,-8.047211054992676,8.646808933258056
1789799595743120600,14.30712060546875,1.1305120964050293,-7.530362771606445,7.307253104400634
1789799595753091800,14.317091796875,0.20560206756591795,-6.488585774230956,7.012616662597656
1789799595763063600,14.3270634765625,0.5927145484924317,-6.068403382873535,6.415113710784912
1789799595773034800,14.33703466796875,1.2433388496398925,-6.503399897003173,5.905148757171631
1789799595783005700,14.347005615234375,0.1892915687561035,-7.434145792388915,7.2349781417846675
1789799595792978000,14.35697802734375,-0.9228151023864746,-8.237250811767577,9.285911138916015
1789799595802948600,14.366948486328125,0.45938744354248046,-8.444199617767334,10.207379502868651
1789799595812920800,14.3769208984375,1.9333178405761717,-7.448959915161132,10.111312161254883
1789799595822891800,14.386891845703126,2.178873148345947,-6.242731191253662,9.210344149017333
1789799595832862700,14.39686279296875,0.534355883026123,-5.938667580413818,9.070133714294434
1789799595842834700,14.406834716796874,-0.9258078544616699,-6.609193682861328,10.001178884887695
1789799595852805600,14.4168056640625,0.08304887008666992,-7.607575775146484,10.828674833679198
1789799595862777600,14.426777587890625,1.4425065002441406,-7.806593788146972,11.494861445617675
1789799595872748500,14.43674853515625,1.4462474403381347,-7.32910019454956,10.363601161193847
1789799595882719700,14.4467197265625,-0.4032733421325683,-7.26520493774414,8.489539811706543
1789799595892691700,14.456691650390624,-1.946635587310791,-7.519738501739502,6.790704096221924
1789799595902662700,14.46666259765625,-1.17480482711792,-7.05451519165039,6.919691710662842
1789799595912634600,14.476634521484375,0.14619593887329102,-6.142773271942138,7.848941230010986
1789799595922605800,14.486605712890626,0.781407566833496,-5.333832386016845,8.432378247070313
1789799595932576800,14.49657666015625,0.7088333290100097,-5.0860325141906735,8.812008847808837
1789799595942548700,14.506548828125,0.7363666481018066,-5.506514180755615,8.891915328216552
1789799595952519700,14.516519775390625,0.5161000953674316,-5.98804798965454,8.831162461090088
1789799595962491600,14.52649169921875,-0.2738368148803711,-6.226719967651367,8.890119676971436
1789799595972462600,14.536462646484376,-0.43155484924316406,-6.401047776031493,8.415319560241699
1789799595982433800,14.546433837890625,0.4337994132995605,-6.340893459320068,6.976853275299072
1789799595992405800,14.55640576171875,0.6778583450317383,-5.8737248603820795,6.303932971191406
1789799596002376700,14.566376708984375,-0.08649053497314453,-5.091868380737305,7.0844427124023435
1789799596012348700,14.5763486328125,-0.2979284690856933,-4.584896179199219,8.52231044692993
1789799596022319900,14.58631982421875,0.19183540802001953,-4.573523721313476,9.687837742614745
1789799596032290800,14.596290771484375,0.36436756515502927,-5.1337669097900385,9.81996774673462
1789799596042262800,14.6062626953125,-0.10519523544311522,-5.76508796005249,9.5124624710083
1789799596052233700,14.616233642578125,-0.37484219741821284,-5.8268882904052735,9.516053773498534
1789799596062205700,14.626205810546875,-0.1188122573852539,-5.108627792358398,10.741735385894774
1789799596072176600,14.6361767578125,0.47210663986206053,-4.738274723052978,11.909357608032225
1789799596082147600,14.646147705078125,0.6389525680541992,-5.135263285827636,12.179752758026122
1789799596092119800,14.656119873046874,0.07556698989868163,-5.915324114227294,10.845284607696533
1789799596102090500,14.666090576171875,-0.1301847152709961,-6.599167963409424,8.456918814086913
1789799596112062700,14.676062744140625,0.5374982727050781,-6.28178660583496,7.237521981048584
1789799596122033700,14.68603369140625,1.1061211669921875,-5.569960524749756,6.619219402313232
1789799596132004900,14.6960048828125,1.1435305679321288,-4.720318210601806,6.76092621307373
1789799596141976600,14.7059765625,0.9808744926452636,-3.6035727737426755,7.893233960723877
1789799596151947800,14.71594775390625,0.7254431030273437,-3.365798621368408,7.9469538604736325
1789799596161919500,14.72591943359375,1.038185694885254,-3.9119758750915525,7.3271549057006835
1789799596171890700,14.735890625,1.714248388671875,-3.9667432380676266,6.682965021514892
1789799596181861600,14.745861572265625,1.7919103050231933,-3.4413656112670896,5.759252093505859
1789799596191833900,14.755833740234374,1.1929109771728514,-2.918382186126709,4.482244783020019
1789799596201804500,14.765804443359375,0.6437409713745117,-2.470217562866211,3.2371102821350095
1789799596211776800,14.77577685546875,0.1566705711364746,-1.7049708572387694,3.3605613052368164
1789799596221747700,14.785747802734376,-0.0383072265625,-0.845302823638916,4.027047192382812
1789799596231718700,14.79571875,-0.1605611488342285,-1.34060329208374,3.162740393066406
1789799596241690600,14.805690673828124,-0.3947439987182617,-2.7160721458435058,1.521365517425537
1789799596251661800,14.815661865234375,-0.29179332733154295,-2.7720366096496583,1.628655679321289
1789799596261632800,14.8256328125,-0.27563246612548825,-1.6415245132446288,3.2977135116577148
1789799596271604700,14.835604736328126,-0.49949032135009763,-0.9189245246887207,4.882824648284912
1789799596281575700,14.84557568359375,-0.7933785751342773,-1.4673463424682616,5.045779998779296
1789799596291547600,14.855547607421874,-0.9241618408203125,-2.4724621269226073,3.7696705139160156
1789799596301518600,14.8655185546875,-0.27353753967285155,-2.9970915657043453,2.1775264099121094
1789799596311490800,14.87549072265625,-0.2763806541442871,-2.596960613250732,3.237559194946289
1789799596321461800,14.885461669921876,-1.0322001907348632,-2.16420866317749,4.887463414001465
1789799596331432700,14.8954326171875,-1.6373346603393553,-2.4076690444946287,5.087678527832031
1789799596341404700,14.90540478515625,-1.1794435928344726,-2.7775732009887695,5.302707764434814
1789799596351376000,14.9153759765625,-1.038784245300293,-2.933345946502685,6.41646044921875
1789799596361346800,14.925346923828124,-1.7392378684997558,-3.141791128540039,8.175600119018554
1789799596371318800,14.93531884765625,-1.8798972160339353,-3.9873932273864745,9.094375006103515
1789799596381289700,14.945289794921875,-1.5705962890624998,-5.0495209388732905,9.619154082489013
1789799596391261700,14.95526171875,-1.4688427185058592,-5.600785871124267,10.684124908447265
1789799596401232600,14.965232666015625,-1.537975291442871,-6.0513446960449215,11.183016679382323
1789799596411203600,14.97520361328125,-0.8421604339599609,-6.415263348388671,10.985943955230713
1789799596421175800,14.98517578125,-0.21921908950805663,-6.548740090942382,10.913968267822264
1789799596431146500,14.995146484375,-0.18525135345458985,-6.536469807434082,10.78258645172119
1789799596441118700,15.00511865234375,-0.481384171295166,-6.332513753509521,10.297461340332031
1789799596451089700,15.015089599609375,-0.14320318679809568,-6.32682752456665,9.185205031585692
1789799596461060900,15.025060791015624,0.7178115852355956,-6.3700727920532225,8.20956785507202
1789799596471032600,15.035032470703126,1.0688614036560058,-6.137835231018066,8.642020529937744
1789799596481003800,15.045003662109375,0.7535749725341796,-6.201730487823486,9.98606548690796
1789799596490975700,15.054975830078124,0.5632359405517577,-7.027430785369873,10.595090534210204
1789799596500946700,15.06494677734375,0.8022071937561035,-7.949796974945068,10.598981111907959
1789799596510917600,15.074917724609374,1.196352642059326,-7.890540483856201,10.518775356292725
1789799596520889900,15.084889892578126,1.2671312286376952,-7.215674890899658,10.434379747772216
1789799596530860500,15.094860595703125,1.1984475685119629,-6.957250749206542,10.541220996856689
1789799596540832800,15.104832763671874,0.9677063835144042,-7.031471000671386,10.417919611358641
1789799596550803700,15.1148037109375,0.5428852264404297,-6.892457666778564,9.663596450805663
1789799596560775000,15.12477490234375,0.4299088356018066,-6.347627151489258,9.013271424865723
1789799596570746600,15.13474658203125,0.46731823654174803,-5.949441487884521,9.036315615844726
1789799596580717800,15.1447177734375,0.40357261734008787,-5.899312890625,9.407716148376464
1789799596590689500,15.154689453125,0.3489548919677734,-6.293159063720703,9.575010989379882
1789799596600660200,15.16466015625,0.3908534210205078,-6.860435219573974,9.3086560546875
1789799596610631200,15.174631103515624,0.8436568099975585,-7.457489258575439,9.016862727355957
1789799596620603400,15.184603271484375,0.795473501586914,-7.832930006408691,8.666561096954345
1789799596630574300,15.19457421875,0.2693476867675781,-8.034641496276855,8.93800371017456
1789799596640546300,15.20454638671875,0.048931496429443354,-8.360252922058105,8.96344210281372
1789799596650517200,15.214517333984375,0.21039047088623045,-8.394519933319092,8.742876274871826
1789799596660488400,15.224488525390624,0.3172317199707031,-7.838915510559081,8.456619538879394
1789799596670460200,15.234460205078125,-0.19093758239746092,-7.053617366027831,8.38254892501831
1789799596680431400,15.244431396484375,-0.5240308883666992,-6.7106479782104484,9.11756883468628
1789799596690403300,15.2544033203125,-0.560542463684082,-6.58240855178833,10.116699114990233
1789799596700374300,15.264374267578125,-0.6790554458618163,-6.642263593292236,11.305120964050293
1789799596710345200,15.27434521484375,0.008678981018066407,-7.110629293060303,11.61277587738037
1789799596720317400,15.2843173828125,0.9138368461608887,-7.531709510040283,10.624868417358398
1789799596730288400,15.294288330078125,0.8918401184082031,-7.536348275756835,9.983970560455322
1789799596740260400,15.30426025390625,0.7668927192687988,-7.280767248535156,9.572018237304688
1789799596750231300,15.314231201171875,0.9259574920654297,-7.327603818511962,9.446921200561523
1789799596760202500,15.324202392578124,1.7440262718200683,-7.504475466156006,9.452757067108154
1789799596770174200,15.33417431640625,2.0419547409057617,-7.746439471435546,8.9891797706604
1789799596780145400,15.3441455078125,1.6150386573791502,-7.372944012451171,8.116942178344726
1789799596790117400,15.354117431640624,1.3313257606506348,-6.864475434875488,6.789058082580566
1789799596800088300,15.36408837890625,0.5795464393615722,-6.522104597473144,5.621884773254394
1789799596810059300,15.374059326171874,-0.23867197799682616,-6.129754800415038,4.891503629302978
1789799596820031500,15.384031494140626,-0.8038532073974609,-5.782745197296142,4.945223529052734
1789799596830002400,15.39400244140625,-0.6419453201293945,-5.500678314208984,5.248389314270019
1789799596839973000,15.40397314453125,0.28745383682250975,-5.325003767395019,5.150077408599853
1789799596849945300,15.4139453125,0.7736264114379883,-5.0285716743469235,5.210082087707519
1789799596859916300,15.423916259765624,0.29837738189697266,-4.997596690368652,6.142922909545898
1789799596869888300,15.43388818359375,-0.13287819213867186,-5.289390017700195,7.765443447113037
1789799596879859200,15.443859130859375,0.37125089492797847,-5.686977130889892,9.057564155578612
1789799596889831400,15.45383154296875,1.2572551467895507,-6.241683728027343,9.517849424743652
1789799596899802000,15.463802001953125,0.6314706878662109,-6.851606600952148,10.216058483886718
1789799596909773300,15.473773193359374,-0.8767267204284668,-7.200262217712402,11.400440117645264
1789799596919745300,15.483745361328126,-0.8587702079772949,-7.296030284118652,12.35318274078369
1789799596929716200,15.49371630859375,-0.011372457885742187,-7.151929271697997,13.199533027648926
1789799596939687200,15.503687255859376,0.07377133865356444,-7.371597274017334,12.790723094177245
1789799596949659400,15.513659423828125,-1.0239701225280762,-7.919121266174316,11.483189712524414
1789799596959630300,15.52363037109375,-1.131260284423828,-7.513154447174072,10.609755019378662
1789799596969602300,15.533602294921875,0.4421791191101074,-6.517166556549072,9.967660061645507
1789799596979573200,15.5435732421875,1.3262380821228026,-6.033687458801269,9.132532595062255
1789799596989544400,15.55354443359375,0.781407566833496,-6.221183376312256,8.577377085113525
1789799596999516200,15.56351611328125,0.5547065971374512,-6.589591156768798,8.388085516357421
1789799597009487400,15.5734873046875,0.7492354820251464,-6.902633023834228,8.399457974243164
1789799597019459300,15.583459228515625,0.9879074600219726,-7.040748532104492,8.59323867111206
1789799597029430300,15.59343017578125,1.129314995574951,-7.013215213012695,9.16754779434204
1789799597039401200,15.603401123046876,1.2695254302978516,-6.992864498901366,9.765649296569825
1789799597049373400,15.61337353515625,1.5197195037841795,-7.263110011291504,9.64728595199585
1789799597059344400,15.623344482421874,1.431433317565918,-7.493851196289062,9.269002089691162
1789799597069316400,15.63331640625,1.0779892974853515,-6.532429592132568,9.603741409301758
1789799597079287300,15.643287353515625,0.3624222763061523,-5.206490785217285,10.0495118309021
1789799597089258200,15.65325830078125,0.28356325912475583,-5.093514394378662,8.668356748199463
1789799597099230200,15.663230224609375,0.2498947982788086,-5.552153649902343,6.453869850158691
1789799597109201200,15.673201171875,0.028880057525634766,-4.968716632843018,5.256170469665527
1789799597119173400,15.68317333984375,-0.07287351303100585,-3.3197102394104,4.956745624542236
1789799597129144000,15.69314404296875,-0.4291606475830078,-0.8973767097473144,6.357503233337402
1789799597139115300,15.703115234375,-0.7842506813049316,-0.5147533569335937,6.448931809234619
1789799597149087200,15.713087158203125,-0.03516483688354492,-2.3582886352539063,5.0124108131408684
1789799597159058400,15.723058349609374,0.8761281700134277,-3.4563293716430663,4.610783484649658
1789799597169030100,15.733030029296875,1.7896657409667969,-3.5699043128967283,4.246864832305908
1789799597179001300,15.74300146484375,1.5783774444580077,-2.574215697479248,3.6535517333984373
1789799597188972300,15.75297216796875,0.725293465423584,-1.4172177452087402,3.4267011260986324
1789799597198944300,15.7629443359375,0.9249100288391112,-1.3793594314575195,3.643675651550293
1789799597208915200,15.772915283203124,1.3932757286071777,-2.7973253646850584,3.6535517333984373
1789799597218887400,15.782887451171876,0.004189852905273437,-3.4062007743835445,4.169053278350829
1789799597228858000,15.792858154296875,-0.8598176712036132,-2.663399709320068,4.144662348937988
1789799597238829300,15.802829345703126,-0.1740285331726074,-1.307383744049072,4.8989855094909665
1789799597248801300,15.81280126953125,0.24630349578857422,-0.7197568740844726,6.595726298522949
1789799597258772500,15.8227724609375,-0.4278139091491699,-1.1177929000854492,7.61625475616455
1789799597268744200,15.832744140625,-1.439663385772705,-1.5007155281066893,8.59937381286621
1789799597278715400,15.84271533203125,-2.203862628173828,-1.9987094734191893,8.777592198944092
1789799597288686300,15.852686279296876,-2.7163714210510252,-2.5507225936889646,7.773224602508544
1789799597298658300,15.862658203125,-1.9783587593078613,-3.3783681800842285,6.1188312553405755
1789799597308629200,15.872629150390624,-0.7448959915161132,-3.9463925239562987,5.240308883666992
1789799597318601500,15.8826015625,0.01945288848876953,-3.158999452972412,5.595698192596435
1789799597328572200,15.892572265625,-0.23119009780883787,-2.206556105041504,6.78606533050537
1789799597338543000,15.902543212890626,-1.3718775512695311,-2.1028572456359864,7.334786423492432
1789799597348515300,15.912515380859375,-2.420837153625488,-2.8700492401123046,6.8110548103332516
1789799597358486300,15.922486328125,-1.0103531005859374,-4.126556198883057,5.0017865432739255
1789799597368457200,15.932457275390625,1.0799345863342285,-4.6736312782287595,3.4220623603820797
1789799597378429400,15.942429443359375,0.7044938385009765,-4.422988291931152,3.4247558372497555
1789799597388400400,15.952400390625,-0.35404257049560545,-3.8947675506591795,4.380491212463379
1789799597398372400,15.962372314453125,-0.2715922508239746,-3.4180221450805663,5.692064809417724
1789799597408343300,15.97234326171875,-0.29927520751953124,-3.4356793823242184,7.542483417510986
1789799597418314200,15.982314208984375,-0.9576806640625,-4.370764768218994,8.345139524078368
1789799597428286200,15.9922861328125,-1.0070610733032226,-6.196792446899414,7.228394087219238
1789799597438257200,16.002257080078124,-0.19393033447265623,-7.914332862854003,6.962936978149414
1789799597448229400,16.0122294921875,0.3666121292114258,-8.534281455230712,8.240991751861571
1789799597458200300,16.022200439453126,0.10205284576416015,-8.610297357940674,9.928903922271727
1789799597468171300,16.032171142578125,-0.08664017257690429,-9.0527757522583,11.07048920135498
1789799597478143200,16.042143310546876,-0.027832594299316404,-9.47460415725708,11.324873127746582
1789799597488114400,16.052114501953124,0.819116242980957,-9.23099413833618,10.852018299865723
1789799597498086100,16.062086181640623,1.1149497856140136,-8.455123162841796,10.785579203796386
1789799597508057300,16.072057373046874,0.7832032180786133,-7.748534397888183,10.901847621917724
1789799597518028300,16.0820283203125,0.26815058593749996,-7.589170349884033,10.549899977874755
1789799597528000300,16.092000244140625,0.2184709014892578,-7.604583023071289,10.006565838623047
1789799597537971200,16.10197119140625,0.611568886566162,-7.459883460235595,9.956437241363524
1789799597547943400,16.111943359375,0.6289268486022949,-7.487267141723632,10.331728351593018
1789799597557914400,16.121914306640626,1.5150807380676268,-7.508964594268798,10.965293965911865
1789799597567885300,16.13188525390625,2.5616461387634275,-7.912237936401366,11.365424918365477
1789799597577857300,16.141857177734376,2.180369524383545,-8.620472714996337,11.438298431396484
1789799597587828500,16.151828369140624,1.2898761444091795,-9.299677798461914,11.03951421737671
1789799597597799700,16.161799560546875,0.6801029090881348,-9.536853400421142,10.327688136291503
1789799597607770600,16.1717705078125,0.40072950286865233,-9.158419900512694,9.642796823883057
1789799597617741800,16.181741943359373,0.41314942398071286,-8.130559200286864,9.126098178100586
1789799597627713800,16.1917138671875,0.2784755805969238,-6.804021842956542,9.176077137756348
1789799597637684700,16.201684814453124,0.1975216369628906,-6.1070098846435545,9.402179557037353
1789799597647656700,16.21165673828125,0.40057986526489253,-6.142324359130859,9.575609539794922
1789799597657628000,16.2216279296875,1.5722423027038572,-6.230610545349121,9.625887774658203
1789799597667598800,16.231598876953125,2.4179940391540526,-6.22462504119873,9.376441889190673
1789799597677570800,16.24157080078125,1.901893943786621,-5.458330872344971,9.04080474395752
1789799597687541800,16.251541748046876,0.9814730430603027,-4.624250868988037,8.00576143875122
1789799597697513700,16.261513671875,0.2561795776367187,-4.376301359558105,6.885275061798096
1789799597707484700,16.271484619140626,-0.7217021629333495,-4.519654183959961,6.489483599853515
1789799597717456000,16.281455810546873,-0.931494083404541,-4.795885200500488,6.688651250457763
1789799597727427800,16.291427734375,-0.5225345123291015,-5.402815321350097,7.375637489318847
1789799597737398800,16.301398681640624,0.10190320816040038,-6.198438460540771,8.244134141540528
1789799597747369700,16.31136962890625,0.9509469718933105,-6.707954501342773,8.386888415527343
1789799597757342000,16.321342041015626,1.6696563827514648,-7.5056725669860835,8.001122673034667
1789799597767312600,16.331312744140625,1.6262614776611328,-8.38239928741455,7.799111907958984
1789799597777284900,16.341284912109376,0.5166986457824707,-9.516951599121093,8.80946500854492
1789799597787255800,16.351255859375,-0.04878185882568359,-10.439617063903809,10.976367148590088
1789799597797227000,16.36122705078125,1.310077220916748,-11.073033040618895,12.214618319702147
1789799597807198700,16.37119873046875,2.506429862976074,-10.621127477264404,12.067674192810058
1789799597817170000,16.381169921875,2.060659441375732,-9.476100533294677,10.809521220397949
1789799597827142000,16.391141845703125,0.2367266891479492,-8.455123162841796,8.815600150299073
1789799597837112800,16.40111279296875,-1.2988544006347655,-7.710526446533203,6.953210533905029
1789799597847083800,16.411083740234375,-1.945288848876953,-7.082946336364746,6.474819114685058
1789799597857056000,16.421055908203126,-1.4443021514892578,-7.023240932464599,6.861183407592773
1789799597867026700,16.431026611328125,-0.7128735443115234,-7.4591352722167965,7.166444119262695
1789799597876999000,16.4409990234375,0.13138181610107422,-7.523479441833496,7.541585591888428
1789799597886969900,16.450969970703124,0.7044938385009765,-6.991817035675048,8.143577671813965
1789799597896940800,16.46094091796875,0.5689221694946289,-6.142922909545898,8.483105394744873
1789799597906912800,16.470912841796874,0.18031331253051758,-5.346551582336425,8.111854499816895
1789799597916883700,16.4808837890625,0.5581482620239258,-5.238962145233154,7.018602166748046
1789799597926855700,16.490855712890625,0.6672340751647949,-5.39458525314331,6.695534580230713
1789799597936826600,16.50082666015625,0.5023334358215332,-5.3387704269409175,7.50178198928833
1789799597946797800,16.5107978515625,0.411802685546875,-5.483021076965332,8.435670274353027
1789799597956769800,16.520769775390626,0.17776947326660156,-5.570708712768554,9.542988542175292
1789799597966740700,16.53074072265625,0.34281975021362304,-5.446509501647949,10.608408280944824
1789799597976712700,16.540712646484376,0.3576338729858398,-5.729025297546387,10.48211414337158
1789799597986684000,16.550683837890624,-0.36750995483398435,-6.102670394134521,9.369708197021485
1789799597996654800,16.56065478515625,-1.1622352684020996,-5.8728270347595215,8.980201514434814
1789799598006626800,16.570626708984374,-1.2062287239074707,-5.213673390197753,9.819668471527098
1789799598016597800,16.58059765625,-0.4144961624145508,-5.066429988098144,11.12795004119873
1789799598026569000,16.59056884765625,0.3425204750061035,-5.634753607177734,12.165387548065185
1789799598036540700,16.600540771484376,0.8364742050170898,-6.455066950988769,12.288240020751953
1789799598046511900,16.610511962890627,0.924461116027832,-7.023540207672118,11.546636056518555
1789799598056483800,16.62048388671875,1.352873575592041,-6.775590698242187,10.992976922607422
1789799598066454800,16.630454833984373,1.4956278495788573,-5.892130285644531,10.529698901367187
1789799598076425700,16.64042578125,1.698835715484619,-5.653757582855224,8.719383171081542
1789799598086398000,16.65039794921875,1.60875387802124,-6.119579443359375,7.48232910079956
1789799598096369000,16.660368896484375,0.9590274024963379,-6.272060161590576,6.463147381591797
1789799598106340900,16.6703408203125,0.879719472503662,-5.823147350311279,5.090222367095947
1789799598116311800,16.680311767578125,1.293467446899414,-4.292055388641357,4.632032024383545
1789799598126282800,16.69028271484375,1.2401964599609374,-2.3795371749877927,5.654954683685302
1789799598136254700,16.700254638671876,0.8845078758239746,-2.117671368408203,5.794267292785644
1789799598146225700,16.7102255859375,0.6774094322204589,-3.0157962661743163,5.114164383697509
1789799598156198000,16.720197998046874,1.2446855880737304,-3.061435735321045,5.089773454284668
1789799598166168600,16.73016845703125,0.8466495620727539,-2.278382154846191,5.036652104949951
1789799598176139800,16.740139892578124,0.31573534393310543,-1.719934617614746,4.861127195739746
1789799598186111700,16.75011181640625,0.22176292877197265,-2.5145102935791015,4.620809204101562
1789799598196083000,16.7600830078125,-0.6009446166992187,-3.2040403717041013,5.154267261505127
1789799598206054700,16.7700546875,-0.8933364944458008,-2.8719945289611815,4.9286137550354
1789799598216025900,16.78002587890625,-0.48542438659667964,-2.290802075958252,3.3170167625427243
1789799598225996800,16.789996826171876,0.060603229522705075,-2.376993335723877,1.290923607635498
1789799598235968800,16.79996875,0.13587094421386717,-2.6791116577148437,-0.8234557334899902
1789799598245939700,16.809939697265627,-0.023642741394042967,-1.6578350120544432,-0.4010287780761719
1789799598255911000,16.819910888671874,-0.16475100173950194,0.521636686706543,3.2399533966064453
1789799598265882600,16.829882568359373,-1.1055226165771483,0.7698854713439941,5.02438182144165
1789799598275853800,16.839853759765624,-1.666962905883789,-0.9044096771240234,4.884769937133789
1789799598285825800,16.84982568359375,-1.23855044631958,-2.1930887207031247,5.5273138076782224
1789799598295797000,16.859796875,-0.8783727340698242,-3.0042741706848144,5.689520970153808
1789799598305767700,16.869767578125,-1.0791863983154297,-3.2740707702636715,5.5659203094482415
1789799598315740000,16.879739990234373,-1.8593968643188477,-3.2000001564025875,5.765536872863769
1789799598325710800,16.8897109375,-1.8740613494873046,-3.3741783271789547,5.955127716827392
1789799598335682800,16.899682861328124,-1.1459247695922852,-3.5137902114868163,6.764218240356445
1789799598345653800,16.90965380859375,-1.3251906188964844,-3.2544682441711426,9.266158975219726
1789799598355624700,16.919624755859374,-2.0925322509765625,-3.8090252037048336,10.575039095306396
1789799598365596700,16.9295966796875,-1.6219219871520996,-5.025130009460449,9.71118120880127
1789799598375568000,16.93956787109375,-0.34431612625122066,-5.628618465423584,9.360430665588378
1789799598385539800,16.949539794921876,0.17791911087036133,-5.585223560333252,10.325443572235107
1789799598395510800,16.9595107421875,-0.21383213577270507,-5.749226374053955,11.533318309783935
1789799598405481700,16.969481689453126,-0.45489831542968745,-6.608445494842529,11.77872397994995
1789799598415454000,16.979453857421873,0.06344634399414062,-7.940369805908203,11.074828691864013
1789799598425425000,16.9894248046875,0.5886743331909179,-8.962394639587401,11.187356169891357
1789799598435395800,16.999395751953124,0.5885246955871581,-9.603442134094237,11.88107610092163
1789799598445367800,17.009367919921875,0.6184522163391113,-10.084078117370606,12.087875269317626
1789799598455338800,17.0193388671875,1.0257657737731933,-10.307786334991455,11.691335619354247
1789799598465310700,17.029310791015625,1.495178936767578,-10.037690460205077,10.847828446960449
1789799598475281700,17.03928173828125,1.7145476638793944,-9.400383905792236,9.875932210540771
1789799598485252900,17.0492529296875,1.3301286598205566,-8.538471308135986,9.784653272247313
1789799598495224800,17.059224853515627,0.376039298248291,-7.480084536743163,9.998036495208739
1789799598505195800,17.06919580078125,-0.016909049224853513,-6.385186190032958,9.138817374420166
1789799598515167700,17.079167724609373,0.6501753883361816,-5.086481427001953,8.200739236450195
1789799598525139000,17.089138916015624,1.4668974296569823,-4.463689720153808,7.9192709037780755
1789799598535109600,17.099109619140624,1.2756605720520018,-4.542399099731445,8.844480207824706
1789799598545081900,17.109081787109375,0.8557774559020995,-5.443666387176513,9.745597857666015
1789799598555052800,17.119052734375,1.064222637939453,-6.054935998535156,9.209446323394776
1789799598565024800,17.129024658203125,0.9062053283691406,-5.871181021118164,8.231714220428467
1789799598574995700,17.13899560546875,0.958279214477539,-5.350442160034179,7.032668101501464
1789799598584967000,17.148966796875,1.5521908638000488,-5.191527024841308,5.589862326049804
1789799598594939600,17.158939697265627,1.537227103424072,-5.559934805297852,5.085882876586914
1789799598604910600,17.16891064453125,0.0469862075805664,-6.195894621276855,6.357952146148682
1789799598614881800,17.1788818359375,-1.1993453941345213,-6.997802539825439,7.9283987976074215
1789799598624853500,17.188853515625,-0.845901374053955,-7.949946612548827,9.896731837463378
1789799598634824700,17.19882470703125,1.226429800415039,-8.607903156280518,11.686397578430174
1789799598644796700,17.208796630859375,2.6186580657958984,-8.613589385223388,12.240655262756347
1789799598654767900,17.218767822265626,2.493112116241455,-8.319701131439208,11.97684416732788
1789799598664738600,17.228738525390625,1.509843421936035,-8.136694342041014,12.300659941864012
1789799598674710800,17.238710693359376,1.2624924629211425,-8.377910159301758,12.32086101837158
1789799598684681700,17.248681640625,1.9250877723693847,-8.790311395263672,11.74101530380249
1789799598694653700,17.25865380859375,1.9277812492370605,-8.591443019866944,10.218303047943115
1789799598704624600,17.268624755859374,0.5512649322509765,-7.783998509979248,8.877999031066894
1789799598714595600,17.278595703125,-0.40671500701904295,-6.610241146087646,7.472752294158935
1789799598724567600,17.288567626953125,-0.5547065971374512,-6.130652626037597,5.399672931671142
1789799598734538500,17.29853857421875,-0.3595791618347168,-6.393116983032226,3.9960722084045406
1789799598744510700,17.3085107421875,-0.5506663818359374,-7.199214754486084,3.959560633087158
1789799598754481700,17.318481689453126,-0.30181904678344723,-7.893682873535155,4.86486813583374
1789799598764452600,17.32845263671875,1.0941501586914062,-8.116493265533446,5.902904193115234
1789799598774424600,17.338424560546876,2.0651485694885254,-7.232733577728271,6.641665042877197
1789799598784395800,17.348395751953124,1.8715175102233885,-6.216843885803223,7.127987255096435
1789799598794367500,17.358367431640627,0.974290438079834,-5.8174611213684075,7.482778013610839
1789799598804338700,17.368338623046874,0.5027823486328125,-5.7966614944458,7.668478279876709
1789799598814309600,17.3783095703125,-0.0040402153015136714,-5.922057806396484,8.717138607025145
1789799598824281600,17.388281494140625,0.19991583862304688,-5.842300963592529,10.949432379913329
1789799598834252500,17.39825244140625,0.3456628646850586,-6.064063892364501,12.886191885375975
1789799598844223700,17.4082236328125,-0.17073650588989256,-7.071124965667724,13.838186320495605
1789799598854195700,17.41819580078125,-0.194079972076416,-8.56106658630371,12.322656669616698
1789799598864166700,17.428166748046873,0.28924948806762696,-9.07252791595459,10.120440055084227
1789799598874138600,17.438138671875,0.3087023765563965,-8.860341793823242,9.87069489440918
1789799598884109800,17.44810986328125,0.18315642700195311,-9.349207845306395,10.090811809539794
1789799598894080500,17.45808056640625,-0.006434416961669922,-9.680206224822998,10.372130504608153
1789799598904052700,17.468052734375,0.3277063522338867,-9.186102857208251,10.628310082244873
1789799598914023700,17.478023681640625,1.0408791717529295,-8.238447912597655,10.236109922790527
1789799598923995600,17.48799560546875,1.1875240234375,-7.331644033813476,9.233388339996337
1789799598933966600,17.497966552734376,0.9898527488708495,-6.980594215393066,8.687510361480712
1789799598943937800,17.507937744140627,0.853532891845703,-7.089231115722656,8.571391580963134
1789799598953909800,17.51790966796875,0.8207622566223144,-6.963984441375732,8.78432589111328
1789799598963880700,17.527880615234373,0.5663783302307128,-5.799055696105957,9.638756608581543
1789799598973851600,17.5378515625,0.33907881011962887,-4.571578432464599,10.741436110687255
1789799598983824000,17.547823974609376,0.6362590911865234,-5.336825138092041,9.626635962677002
1789799598993794600,17.557794677734375,0.8336310905456542,-5.96934328918457,8.28004716644287
1789799599003766800,17.567766845703126,0.7402572257995605,-5.664830765533447,6.94004242477417
1789799599013737700,17.57773779296875,0.40671500701904295,-4.53910707244873,5.6492684547424314
1789799599023708700,17.587708740234376,0.43035774841308594,-3.399167807006836,6.173149705505371
1789799599033680600,17.5976806640625,1.113453409576416,-3.3469442832946776,6.642113955688476
1789799599043651600,17.607651611328127,1.1882722114562987,-3.8212954872131344,6.8311062492370604
1789799599053623600,17.61762353515625,1.15565121383667,-4.202272826385498,7.22674807357788
1789799599063594500,17.627594482421873,1.0187328063964842,-4.18162283706665,7.078906121063232
1789799599073565700,17.637565673828124,0.4537012145996093,-3.509600358581543,7.627028663635254
1789799599083537700,17.64753759765625,0.25034371109008785,-3.1447838806152344,8.65623610229492
1789799599093508600,17.657508544921875,0.5807435401916503,-3.7624879089355465,8.833107749938964
1789799599103479600,17.6674794921875,1.1917138763427733,-4.429871621704101,8.305036646270752
1789799599113451800,17.67745166015625,-0.1197100830078125,-4.367772016143799,7.02309129486084
1789799599123422700,17.687422607421876,-0.9644143562316894,-2.8470050491333008,6.500706420135498
1789799599133394700,17.697394775390624,-0.8574234695434569,-1.7597382202148437,5.9026049179077145
1789799599143365600,17.70736572265625,-1.0500070655822753,-2.429067221832275,4.821323593139648
1789799599153336800,17.7173369140625,0.08289923248291015,-3.3035493782043455,2.9453169548034666
1789799599163308500,17.72730859375,0.8560767311096191,-2.0916344253540036,2.4836849472045897
1789799599173279700,17.73727978515625,0.34431612625122066,-0.3167828071594238,2.387168692779541
1789799599183251700,17.747251708984376,0.07826046676635742,-0.411802685546875,1.074547632598877
1789799599193222700,17.75722265625,-0.16654665298461913,-1.0962450851440428,-0.7413046890258789
1789799599203193600,17.767193603515626,-0.7436988906860351,-0.886752439880371,-0.5810428153991699
1789799599213165800,17.777165771484373,-1.3697826248168945,-0.20694880599975585,2.5164555824279784
1789799599223136800,17.78713671875,-1.6291045921325682,-0.6383540176391601,5.15830747680664
1789799599233107500,17.797107421875,-0.5096656784057617,-2.7371710479736326,4.06670115737915
1789799599243079700,17.80707958984375,0.041000703430175776,-3.244442524719238,4.94791700592041
1789799599253050600,17.817050537109374,0.2166752502441406,-2.8208184684753417,7.708730795288085
1789799599263022600,17.827022705078125,-0.5566518859863281,-3.1847371208190918,9.630825815582275
1789799599272993500,17.83699365234375,-2.2656629585266113,-3.9824551864624023,10.32319900817871
1789799599282964700,17.84696484375,-2.785354356384277,-4.93534744720459,10.255413173675537
1789799599292936400,17.8569365234375,-2.3759458724975584,-5.7508723876953125,9.533262097930908
1789799599302907600,17.86690771484375,-0.9709984107971191,-6.321141295623779,8.495974228668212
1789799599312879600,17.876879638671873,0.15352818145751954,-6.054786360931396,8.577825997924805
1789799599322850800,17.886850830078124,-0.3327940307617187,-5.316624061584473,8.50405465927124
1789799599332821500,17.896821533203124,-1.1679214973449705,-5.040243407440185,7.407510298919678
1789799599342793700,17.906793701171875,-0.9302969825744628,-4.976647425842285,6.184671800994873
1789799599352764700,17.9167646484375,-0.6853402252197265,-4.812195699310302,5.223399834442138
1789799599362735900,17.92673583984375,-0.13976152191162108,-4.683956272888183,4.752340657806396
1789799599372707600,17.93670751953125,0.9464578437805176,-4.535216494750976,5.518036276245117
1789799599382678800,17.9466787109375,1.0931026954650878,-4.410718008422851,7.369203072357177
1789799599392650500,17.956650390625,0.07167641220092773,-5.041739783477783,9.335890098571777
1789799599402621700,17.96662158203125,-0.48347909774780273,-6.842478707122802,10.088866520690917
1789799599412592600,17.976592529296877,0.07631517791748046,-8.86752439880371,9.961225644683838
1789799599422564900,17.98656494140625,0.9226654647827148,-10.053402408599853,9.977685781097412
1789799599432535600,17.99653564453125,1.578826357269287,-9.751134449005127,10.653598837280272
1789799599442507800,18.0065078125,1.6066589515686034,-8.998008389282226,11.241375344848633
1789799599452478700,18.016478759765626,1.390582251739502,-8.895805905914306,12.088324182128906
1789799599462449700,18.02644970703125,0.7053916641235352,-9.976339042663573,13.938144239807128
1789799599472421600,18.036421630859376,0.3437175758361816,-11.882572476959227,16.174478227996826
1789799599482392800,18.046392822265624,1.3814543579101561,-12.544868511199951,16.505027694702147
1789799599492363800,18.05636376953125,2.0226514900207517,-10.717793369293211,14.159458255767822
1789799599502335700,18.066335693359374,1.2101193016052245,-8.205826914978028,11.022904443359375
1789799599512306700,18.076306640625,0.6982090591430664,-6.658125179290771,8.371026829528809
1789799599522279000,18.08627880859375,0.31379005508422847,-5.973533142089844,7.451653392028808
1789799599532249600,18.09624951171875,0.42871173477172847,-5.836764372253418,7.371297998809814
1789799599542220500,18.106220458984374,0.3286041778564453,-5.768828900146484,7.354239311981201
1789799599552192800,18.11619287109375,0.7275380294799805,-5.569212336730956,7.119607549285888
1789799599562163700,18.126163818359377,1.291671795654297,-4.880879359436035,7.396736391448974
1789799599572135700,18.1361357421875,1.6350900962829589,-4.386476716613769,7.076362281799316
1789799599582106600,18.146106689453124,1.8409914390563964,-4.491821589660645,6.028450142669677
1789799599592077800,18.156077880859375,1.4956278495788573,-4.723310962677002,6.0890533721923825
1789799599602049500,18.166049560546874,0.23732523956298826,-4.64145919342041,7.167790857696533
1789799599612020500,18.1760205078125,0.534355883026123,-4.460547330474853,7.804947774505615
1789799599621991700,18.18599169921875,1.2364555198669434,-5.109824893188477,7.3754878517150875
1789799599631963400,18.19596337890625,0.08499415893554688,-5.524021780395508,7.7218989044189446
1789799599641934600,18.2059345703125,-0.6031891807556152,-5.8074354019165035,8.238597550201415
1789799599651906600,18.215906494140626,-0.21248539733886718,-6.248267782592773,9.299528160858154
1789799599661877800,18.225877685546877,0.16295535049438475,-7.08653763885498,10.71958902053833
1789799599671848400,18.235848388671876,0.31693244476318355,-8.309974687194824,11.986271336364746
1789799599681820700,18.245820556640624,0.3751414726257324,-9.254786517333983,13.007248706817625
1789799599691791600,18.25579150390625,0.9415198028564452,-9.16859525756836,12.982408864593506
1789799599701762600,18.265762451171874,2.248304996490478,-8.695740429687499,11.049240661621093
1789799599711734500,18.275734619140625,2.50253928527832,-8.39541775894165,8.134898690795898
1789799599721705500,18.28570556640625,0.6411971321105957,-7.197419103240966,7.112873857116699
1789799599731677400,18.295677490234375,-0.8170213165283202,-6.025607028198242,6.734739632415771
1789799599741648400,18.3056484375,-1.0953472595214844,-5.701791253662109,6.6519900375366205
1789799599751619600,18.31561962890625,-0.44412440795898434,-6.323385859680175,7.115417696380614
1789799599761591600,18.325591552734377,0.7003039855957031,-7.765593084716796,7.321468676757812
1789799599771562500,18.3355625,0.9853636207580566,-9.707440268707275,8.35726016998291
1789799599781534500,18.345534423828123,0.9641150810241699,-10.793659634399413,10.824036067962647
1789799599791505700,18.355505615234375,1.1807903312683106,-10.24000050048828,12.808978881835937
1789799599801476400,18.365476318359374,1.2029366966247559,-8.49747060470581,13.067552661132812
1789799599811448600,18.375448486328125,0.9832686943054199,-6.402993064880371,11.786804410552978
1789799599821419500,18.38541943359375,0.8043021202087401,-5.368697947692871,9.961973832702636
1789799599831390700,18.395390625,0.10429740982055663,-5.541379742431641,9.098415221405029
1789799599841362400,18.405362548828126,-0.6400000312805175,-6.01408493270874,9.623792848205566
1789799599851333600,18.415333740234374,-0.411802685546875,-6.402843427276611,9.960627094268798
1789799599861305600,18.4253056640625,-0.0073322425842285155,-6.503998447418213,8.636932851409911
1789799599871276500,18.435276611328124,0.10190320816040038,-5.399822569274902,7.697208699798583
1789799599881247500,18.44524755859375,0.8556278182983398,-4.129249675750732,7.271190441894531
1789799599891219700,18.4552197265625,1.604414387512207,-4.240131140136718,6.536469807434082
1789799599901190400,18.4651904296875,1.316362000274658,-5.314828410339355,6.970119583129883
1789799599911161600,18.47516162109375,0.6196493171691894,-6.795642137145996,8.434622811126708
1789799599921133600,18.485133544921876,0.6573579933166503,-7.85866767425537,10.151863951873779
1789799599931104800,18.495104736328123,1.1783961296081542,-7.992294054412842,10.909179864501953
1789799599941076500,18.505076416015626,2.0644003814697265,-7.8827593284606925,9.373299499511718
1789799599951047700,18.515047607421874,2.0501848091125487,-7.2258502479553215,7.805396687316894
1789799599961018600,18.5250185546875,0.6928221054077148,-5.27322915649414,9.498396536254882
1789799599970990600,18.534990478515624,-0.24256255569458007,-3.859303438568115,12.613851446533202
1789799599980961500,18.54496142578125,0.028880057525634766,-5.719897403717041,13.015029862213135
1789799599990933800,18.554933837890626,0.8880991783142089,-8.08252552947998,10.264840342712402
1789799600000904400,18.564904541015625,1.1001356628417969,-6.969521032714844,7.867645930480957
1789799600010875400,18.57487548828125,0.788440534210205,-3.659537237548828,7.426065361785888
1789799600020847600,18.58484765625,0.6546645164489746,-2.21553436126709,7.704989855194091
1789799600030818600,18.594818603515623,0.3624222763061523,-2.226158631134033,8.10841283493042
1789799600040789500,18.60478955078125,-0.15771803436279297,-2.932897033691406,7.015459777069092
1789799600050761500,18.614761474609374,-0.455197590637207,-3.577236555480957,4.56484474029541
1789799600060732700,18.624732666015625,0.08155249404907226,-4.084807307434081,2.1645079383850097
1789799600070704400,18.634704345703124,2.1570260581970215,-3.801244048309326,1.3977648567199705
1789799600080675600,18.644675537109375,3.2224457969665528,-2.8565818557739258,2.205807917022705
1789799600090646500,18.654646484375,2.0287866317749024,-1.559074193572998,4.126855474090576
1789799600100618500,18.664618408203125,-0.04129997863769531,-0.7638999671936034,5.2450972869873045
1789799600110589400,18.67458935546875,-0.7582137382507323,-1.3397054664611816,3.3481413841247556
1789799600120560600,18.684560546875,-0.49904140853881834,-1.7389385932922363,2.3786393493652342
1789799600130532600,18.69453271484375,-0.30750527572631836,-1.9659388381958007,2.339434297180176
1789799600140503600,18.704503662109374,-1.2440870376586914,-2.1239561477661133,2.980631429290771
1789799600150475500,18.7144755859375,-1.7651251739501952,-0.6579565437316894,4.968866270446777
1789799600160446700,18.72444677734375,-1.9014450309753417,0.41629181365966794,5.517737001037597
1789799600170417700,18.734417724609376,-2.2068553802490234,-0.2512415367126465,4.684554823303222
1789799600180389600,18.7443896484375,-1.1192892761230469,-1.5367781906127929,4.554070832824706
1789799600190360600,18.754360595703126,-0.22176292877197265,-2.300378882598877,6.680421182250976
1789799600200331500,18.76433154296875,-0.6605003829956054,-2.277035416412353,7.110180380249023
1789799600210303500,18.774303466796876,-1.3533224884033201,-2.8191724548339843,4.914547820281983
1789799600220274400,18.7842744140625,-1.1661258460998534,-3.4105402648925778,3.3921348396301267
1789799600230246700,18.79424658203125,0.12479776153564452,-3.758896606445312,3.550301786804199
1789799600240217300,18.80421728515625,0.6332663391113281,-3.5639188087463376,6.877493906402587
1789799600250188500,18.8141884765625,-1.0229226593017577,-3.149871559143066,10.305092858123778
1789799600260160500,18.824160400390625,-2.0183119995117185,-4.400991564178467,8.099434578704834
1789799600270131700,18.834131591796876,-0.5416881256103515,-6.012588556671142,5.443816024780273
1789799600280102400,18.844102294921875,0.8889970039367675,-6.317250717926025,5.56038371810913
1789799600290074600,18.85407470703125,-0.17761983566284179,-6.034286009216308,7.602188821411132
1789799600300045600,18.864045654296874,-1.257105509185791,-6.369623879241943,10.632499935150145
1789799600310017500,18.874017578125,-0.6682815383911133,-7.682993127441406,12.08592998046875
1789799600319988500,18.883988525390624,0.5952583877563477,-8.681824132537841,12.293178061676025
1789799600329959700,18.893959716796875,0.7595604766845703,-8.971223258209228,12.669815910339354
1789799600339931400,18.903931396484374,0.1518821678161621,-9.511415007781983,12.107028882598875
1789799600349902600,18.913902587890625,-0.045938744354248044,-10.292373661804199,10.921599785614013
1789799600359874600,18.92387451171875,-0.289848038482666,-10.331578713989257,9.794379716491699
1789799600369845500,18.933845458984376,-0.6054337448120117,-8.4406083152771,8.731354179382324
1789799600379816400,18.94381640625,0.49155952835083006,-5.694159735870361,7.108684004211425
1789799600389788700,18.95378857421875,2.154482218933105,-3.9641993988037107,6.21863953704834
1789799600399759600,18.963759521484373,2.0151696098327636,-3.988440690612793,7.591863826751709
1789799600409730600,18.97373046875,0.047884033203124995,-5.987299801635742,10.563367362213134
1789799600419702500,18.98370263671875,-0.5316624061584473,-7.88500389251709,13.122768936920165
1789799600429673500,18.993673583984375,0.5828384666442871,-7.600692445373535,12.434735234832763
1789799600439645400,19.0036455078125,1.7600374954223632,-6.7191773216247555,9.83747534637451
1789799600449616400,19.013616455078125,1.782483135986328,-7.692569934082031,9.345466905212401
1789799600459587600,19.023587646484376,0.9135375709533691,-9.113678256988525,10.086472319030761
1789799600469559600,19.0335595703125,-0.27518355331420896,-10.524760860443115,10.60990465698242
1789799600479530500,19.043530517578127,0.05192424850463867,-10.352677616119385,10.941501586914061
1789799600489501400,19.05350146484375,1.1780968544006347,-7.519888139343261,9.9338419631958
1789799600499473700,19.0634736328125,1.8742109870910644,-5.569810887145996,7.6738652336120605
1789799600509444400,19.0734443359375,1.241094285583496,-5.322160652923584,7.248744801330566
1789799600519416600,19.08341650390625,-0.8482955757141113,-5.538237352752685,7.797166619110107
1789799600529387500,19.093387451171875,-2.1890485054016113,-6.320243470001221,8.63872850265503
1789799600539358700,19.103358642578126,0.6706757400512695,-6.9339072830200195,9.647884502410887
1789799600549330400,19.113330322265625,3.590255027008056,-5.7608981071472165,8.577975635528563
1789799600559301600,19.123301513671876,3.953425491333008,-4.280383655548095,6.115838503265381
1789799600569272600,19.1332724609375,1.8171990600585937,-4.032434146118164,5.214870491027832
1789799600579244500,19.14324462890625,-0.8466495620727539,-4.001908074951172,5.958719019317627
1789799600589215500,19.153215576171874,-1.5885528015136718,-4.812046061706543,8.151508464813231
1789799600599187700,19.163187744140625,0.8595183959960937,-6.5209074966430665,9.749338797760009
1789799600609158700,19.17315869140625,3.021781770324707,-8.40798731765747,9.725696056365965
1789799600619129600,19.183129638671875,1.618480322265625,-9.592368951416015,10.8018897026062
1789799600629101800,19.193101806640627,-1.5485995613098145,-10.181492197418212,13.275848205566405
1789799600639072800,19.20307275390625,-1.9675848518371581,-10.505307971954345,14.85632057647705
1789799600649043700,19.213043701171873,0.34386721343994137,-10.391284117889404,13.9691192237854
1789799600659015700,19.223015625,2.123507234954834,-9.65865840988159,10.640730003356932
1789799600668987000,19.23298681640625,0.27129297561645505,-8.458265552520752,8.678831380462645
1789799600678957800,19.242957763671875,-1.6891092712402342,-7.343764679718017,8.501810095214843
1789799600688929800,19.2529296875,-1.7473182991027831,-7.067683300781249,8.186224388885497
1789799600698900700,19.262900634765625,-0.8189666053771972,-7.109132917022705,7.604134110260009
1789799600708872700,19.272872802734376,0.9332897346496581,-6.985083343505859,7.15641839981079
1789799600718843600,19.28284375,1.754351266479492,-6.8858736122131345,6.973561248016357
1789799600728814600,19.292814697265626,1.036090768432617,-6.890063465118407,7.0561612052917475
1789799600738786800,19.302786865234374,0.22999299697875975,-6.280140592193603,7.521085240173339
1789799600748757500,19.312757568359373,-0.3537432952880859,-5.563675745391845,7.1495350700378415
1789799600758729700,19.322729736328125,-0.0652419952392578,-5.051915140533447,6.643610331726074
1789799600768700700,19.33270068359375,0.44277766952514647,-4.874295304870605,7.129184355926514
1789799600778671600,19.342671630859375,0.6337152519226074,-5.130474882507324,7.83367819442749
1789799600788643600,19.3526435546875,0.26007015533447264,-5.28609799041748,8.402450726318358
1789799600798614800,19.36261474609375,-0.040102877807617184,-5.7417444938659665,8.806771531677246
1789799600808585700,19.372585693359376,0.6030395431518555,-6.666205609893798,9.353996248626709
1789799600818557700,19.3825576171875,1.064222637939453,-7.476792509460449,11.419444093322753
1789799600828528600,19.392528564453126,0.5790975265502929,-7.989450939941406,13.503895913696288
1789799600838499800,19.402499755859374,-0.6236895324707031,-7.9773302940368644,12.87018066177368
1789799600848471600,19.412471435546873,-0.09127893829345703,-6.88871672668457,10.05504842224121
1789799600858442800,19.42244287109375,0.3746925598144531,-5.607070650482178,8.964639203643799
1789799600868414700,19.432414794921876,0.12330138549804687,-5.085882876586914,10.1644335105896
1789799600878385700,19.4423857421875,-0.12958616485595703,-5.814468369293213,11.699266412353515
1789799600888356600,19.452356689453126,0.6540659660339355,-7.447014626312256,11.745803707122802
1789799600898328800,19.462328857421873,0.7148188331604004,-8.618228150939942,8.881739971160888
1789799600908299800,19.4722998046875,0.18734627990722655,-6.833350813293457,7.025036583709716
1789799600918270700,19.482270751953124,0.6940192062377929,-4.074183037567138,7.5713634750366205
1789799600928242700,19.49224267578125,2.0548235748291015,-3.659537237548828,7.434445067596435
1789799600938214000,19.5022138671875,2.664147897338867,-4.375702809143066,6.730250504302978
1789799600948185600,19.512185546875,2.326266188049316,-4.8226703315734865,6.318747093963623
1789799600958156800,19.52215673828125,0.9503484214782715,-4.458003491210937,6.328772813415527
1789799600968127700,19.532127685546875,0.09681552963256836,-3.5672108360290524,5.794865843200683
1789799600978099700,19.542099609375,0.0234931037902832,-3.7304654617309567,4.324676386260986
1789799600988070700,19.552070556640626,0.13976152191162108,-3.6439749267578123,4.342932173919677
1789799600998041600,19.56204150390625,0.4750993919372558,-2.1398177337646485,6.530484303283691
1789799601008013800,19.572013916015624,-0.9750386260986328,-0.6242880828857421,8.546701376342773
1789799601017984500,19.581984619140623,-3.149273008728027,-1.734599102783203,6.296301453399658
1789799601027956700,19.591956787109375,-2.146850701141357,-3.074454206848144,3.986944314575195
1789799601037927700,19.601927734375,0.10100538253784179,-3.9993642356872554,3.4186206954956053
1789799601047899000,19.61189892578125,0.5330091445922851,-4.515464331054687,3.5405753425598143
1789799601057870600,19.62187060546875,0.4921580787658691,-3.854066122436523,4.478354205322265
1789799601067841800,19.631841796875,0.35658640975952144,-1.6793828269958495,5.661987651062011
1789799601077812700,19.641812744140626,0.24390929412841794,-0.7423521522521972,4.60270305404663
1789799601087784700,19.65178466796875,-0.011821370697021483,-2.212092696380615,2.7733833480834957
1789799601097755600,19.661755615234377,0.12375029830932617,-3.171569011688232,1.2469301521301268
1789799601107728000,19.671727783203124,-0.3265092514038086,-3.055300593566894,2.5911247467041014
1789799601117698600,19.681698486328123,-1.206079086303711,-1.8344073844909667,5.531354022979736
1789799601127669800,19.691669677734374,-1.7449240974426268,-1.3983634071350097,5.56083263092041
1789799601137641700,19.701641845703126,-2.213439434814453,-1.7877204521179197,5.1590556648254395
1789799601147613000,19.711613037109377,-1.5167267517089842,-2.237082176208496,4.171597117614746
1789799601157583600,19.72158349609375,-1.5499462997436522,-2.429965047454834,4.016572560119629
1789799601167555800,19.731555908203124,-1.7079636093139647,-2.6144682128906247,4.635473689270019
1789799601177526800,19.74152685546875,-1.4377180969238281,-2.8769325698852537,5.023932908630371
1789799601187498800,19.751498779296874,-0.9126397453308105,-2.7465982170104977,5.800402434539794
1789799601197469700,19.7614697265625,0.0522235237121582,-2.538901222991943,6.093093587493896
1789799601207440600,19.771440673828124,0.38411972885131834,-2.6129718368530273,5.981164659881592
1789799601217412600,19.78141259765625,-0.07855974197387695,-2.8565818557739258,6.29495471496582
1789799601227383600,19.791383544921874,-0.38576574249267576,-3.456479009246826,7.012167749786377
1789799601237354800,19.801354736328125,-0.452653751373291,-4.48134695739746,7.737161940002441
1789799601247326700,19.81132666015625,-0.2784755805969238,-5.729474210357665,7.794772417449951
1789799601257297700,19.821297607421876,0.15936404800415038,-6.908618527984618,7.8076412513732905
1789799601267269600,19.83126953125,0.6542156036376953,-7.790283289337157,8.479364454650879
1789799601277240800,19.84124072265625,0.049829322052001954,-8.646060745239257,9.935487976837157
1789799601287211800,19.851211669921874,-0.30406361083984373,-9.712527947235106,11.339836888122559
1789799601297183700,19.861183837890625,0.8316858016967773,-10.507552536010742,12.523919246673584
1789799601307154700,19.87115478515625,1.4206594100952148,-10.932074417877196,15.056685327911376
1789799601317126000,19.8811259765625,1.1770493911743163,-11.443086834716796,17.503110511779784
1789799601327097600,19.89109765625,1.299901863861084,-11.161319226837158,16.129138034057615
1789799601337068800,19.90106884765625,1.2514192802429198,-8.955660947418213,12.41737727279663
1789799601347039700,19.911039794921876,0.35239655685424803,-7.2349781417846675,10.181941110229491
1789799601357011700,19.92101171875,-0.06823474731445311,-6.605901655578613,9.950451737213134
1789799601366982700,19.930982666015623,0.6979097839355468,-5.956923368072509,9.841365924072266
1789799601376955000,19.940954833984375,-0.1701379554748535,-5.632060130310058,9.615562779998779
1789799601386925800,19.95092578125,-0.47539866714477536,-5.347449407958984,8.750657430267333
1789799601396896500,19.960896484375,1.234809506225586,-5.0191445053100585,7.045836210632324
1789799601406868700,19.97086865234375,2.477699443054199,-4.948216281127929,5.6952071990966795
1789799601416839700,19.980839599609375,1.2382511711120605,-4.980986916351318,5.679495250701904
1789799601426810600,19.990810546875,0.011222820281982421,-4.980986916351318,6.3794999610900875
1789799601436782600,20.000782470703125,0.5256769020080566,-5.538686265563965,6.574926671600341
1789799601446753800,20.01075390625,1.5375263786315918,-6.58839405593872,6.844573633575439
1789799601456724700,20.020724853515624,1.492635097503662,-6.828712047576904,7.913734312438964
1789799601466696700,20.03069677734375,0.448164623260498,-6.37800358505249,9.198822053527831
1789799601476667600,20.040667724609374,-0.6051344696044921,-6.18616817703247,10.36105732192993
1789799601486639600,20.0506396484375,-0.48347909774780273,-6.596773761749267,10.282796855163573
1789799601496610600,20.060610595703125,-0.38681320571899414,-7.146093405151367,10.803984629058837
1789799601506581800,20.070581787109376,-0.9901520240783691,-7.2708911666870115,12.052111882019043
1789799601516553700,20.0805537109375,-1.2235866859436035,-7.9952868064880365,13.15105044403076
1789799601526524700,20.090524658203126,0.28535891036987304,-8.460360478973389,13.31191086807251
1789799601536495600,20.10049560546875,2.5565584602355957,-8.084770093536376,10.819546939849852
1789799601546467800,20.1104677734375,2.3801357254028317,-8.345887712097168,7.9664067489624015
1789799601556438800,20.120438720703124,0.10265139617919922,-7.74449418258667,7.887847006988525
1789799601566410800,20.13041064453125,-0.8583212951660156,-7.147739418792725,8.142081295776366
1789799601576381700,20.140381591796874,-0.08918401184082031,-7.227346623992919,7.818415158843994
1789799601586353000,20.150352783203125,0.5557540603637695,-7.444770062255859,6.687753424835205
1789799601596324600,20.16032470703125,0.5741594856262207,-7.586177597808837,5.293280595397949
1789799601606295600,20.170295654296876,0.14335282440185546,-7.333439685058593,4.848258361816406
1789799601616266800,20.180266845703127,-0.6112696113586426,-7.066935112762451,5.608417388916015
1789799601626238500,20.190238525390626,-0.5855319435119628,-7.270442253875732,6.711994716644287
1789799601636209700,20.200209716796873,-0.2885013000488281,-7.668927192687987,8.164078023529052
1789799601646180600,20.2101806640625,0.1149216796875,-8.086865019989013,9.500940375518798
1789799601656152800,20.22015283203125,0.965910732269287,-7.9457567596435545,10.84049620437622
1789799601666123500,20.23012353515625,1.0335469291687012,-7.444770062255859,11.713481984710693
1789799601676095700,20.240095703125,-0.07272387542724609,-7.408258486938476,12.054805358886718
1789799601686066700,20.250066650390625,-1.5881038887023924,-7.962516171264648,12.22643969039917
1789799601696038000,20.260037841796876,-1.4929343727111815,-8.032546569824218,12.66068801651001
1789799601706009600,20.270009521484376,0.16220716247558592,-7.245303136444091,12.67280866241455
1789799601715980800,20.279980712890627,0.5518634826660156,-6.642113955688476,11.150844594573973
1789799601725951700,20.28995166015625,-0.3779845870971679,-6.489633237457275,8.595932147979736
1789799601735923700,20.299923828125,-1.275510934448242,-5.742043769073486,7.532457698059082
1789799601745894700,20.309894775390624,-1.3162123626708984,-5.309142181396484,7.605331211090087
1789799601755865600,20.319865478515624,-0.6190507667541504,-5.789927802276611,7.608024687957763
1789799601765837600,20.329837646484375,0.1345242057800293,-5.808782140350341,8.476222064971923
1789799601775808500,20.33980859375,0.8345289161682128,-5.612457604217529,9.299977073669433
1789799601785780700,20.34978076171875,1.3958195678710936,-5.4147863296508785,9.310002793121336
1789799601795751700,20.359751708984376,1.8655320060729979,-5.539434453582763,8.15240629043579
1789799601805722600,20.36972265625,1.8664298316955565,-5.674108296966552,7.835174570465087
1789799601815694600,20.379694580078127,1.8180968856811521,-5.895422312927246,8.353818505096434
1789799601825665800,20.389665771484374,1.7248726585388183,-6.202628313446045,9.810839852905273
1789799601835636700,20.39963671875,1.575683967590332,-6.662763945007324,11.404779608154296
1789799601845608700,20.409608642578124,1.369483349609375,-7.1315785575866695,12.799252437591552
1789799601855579600,20.41957958984375,0.9280524185180663,-7.625981200408935,13.429825299835205
1789799601865551600,20.429551513671875,0.6395511184692383,-7.866748104858398,12.878410729980468
1789799601875522600,20.4395224609375,0.5813420906066894,-7.709927896118163,10.80233861541748
1789799601885493800,20.44949365234375,0.5840355674743652,-6.434267324066162,9.208548497772217
1789799601895465700,20.4594658203125,0.23837270278930664,-4.544494026184082,8.939200811004637
1789799601905436700,20.469436767578124,0.14739303970336914,-3.708768009185791,8.505999948120117
1789799601915407600,20.47940771484375,0.3414730117797851,-3.368492098236084,7.83352855682373
1789799601925379800,20.4893798828125,0.10145429534912109,-2.9228713142395017,6.900538097381592
1789799601935350800,20.499350830078125,0.4969464820861816,-2.8342858528137205,6.231957283782958
1789799601945321500,20.509321533203124,0.8043021202087401,-2.881122422790527,4.8780362449645995
1789799601955293700,20.519293701171875,0.960224503326416,-2.9249662406921386,3.483413777923584
1789799601965264600,20.5292646484375,0.9804255798339843,-2.4925135658264157,2.088192760467529
1789799601975236600,20.539236572265626,1.360505093383789,-1.3076830192565918,1.14278237991333
1789799601985207600,20.54920751953125,1.5638625968933104,0.03456628646850586,0.3899555953979492
1789799601995178800,20.5591787109375,0.6914753669738769,0.21128829650878905,-0.4031237045288086
1789799602005150500,20.569150390625,0.03172317199707031,-1.1724106254577635,-1.4000094207763671
1789799602015121700,20.57912158203125,-1.0402806213378906,-1.8333599212646483,0.0013467384338378906
1789799602025092600,20.589092529296874,-1.1522095489501953,-1.3506290115356445,3.5865140869140624
1789799602035064600,20.599064697265625,-0.7706336593627929,-0.9302969825744628,6.969072119903564
1789799602045035500,20.609035400390624,-0.8973767097473144,-2.1984756744384764,7.6361565574645995
1789799602055006700,20.6190068359375,-1.2529156562805175,-3.446902202606201,8.809016095733641
1789799602064978700,20.628978759765626,-1.5469535476684568,-3.293074745941162,10.689362224578856
1789799602074949600,20.63894970703125,-1.973271080780029,-3.018938655853271,10.505457609558105
1789799602084921600,20.648921630859373,-2.395548398590088,-3.077895871734619,8.521113346099852
1789799602094892800,20.658892822265624,-2.152387292480469,-3.170970461273193,7.853879270935058
1789799602104863700,20.66886376953125,-1.1329062980651854,-3.506757244110107,7.643788075256348
1789799602114835700,20.678835693359375,-1.1270704315185547,-4.101267443847656,6.199934836578369
1789799602124806700,20.688806640625,-0.9778817405700683,-3.975272581481933,5.408800825500488
1789799602134777900,20.69877783203125,-0.5696703575134276,-3.5681086616516113,4.680813883209228
1789799602144749600,20.70874951171875,-0.4396352798461914,-3.4980782630920406,3.1094694061279293
1789799602154720800,20.718720703125,0.36571430358886714,-3.3158196617126463,1.951723265838623
1789799602164691700,20.728691650390626,0.194079972076416,-2.964171292877197,1.843086365509033
1789799602174663700,20.73866357421875,-0.1322796417236328,-2.703053674316406,2.314295179748535
1789799602184634600,20.748634521484377,-0.43140521163940426,-2.6210522674560544,3.2026936332702634
1789799602194606800,20.75860693359375,-1.054047280883789,-2.782810517120361,4.508880276489258
1789799602204577800,20.768577880859375,-0.3477577911376953,-3.485209429168701,5.543474668884277
1789799602214548500,20.778548583984374,0.9002198242187499,-4.824465982818603,6.424840155029297
1789799602224520700,20.788520751953126,0.6507739387512207,-6.496965480041504,8.776095822906493
1789799602234491600,20.79849169921875,-0.3817255271911621,-8.558971659851073,11.719317851257324
1789799602244462800,20.808462890625,-0.4653729476928711,-11.365275280761718,14.07685829849243
1789799602254434600,20.8184345703125,0.2841618095397949,-13.974057264709472,15.54555137939453
1789799602264405800,20.82840576171875,1.8068740653991697,-13.697975885772705,15.365537342071532
1789799602274376700,20.838376708984374,1.4034510856628417,-10.614094509887694,14.033613031005858
1789799602284348700,20.8483486328125,0.04055179061889648,-8.273762387084961,12.912977016448973
1789799602294319600,20.858319580078124,-0.7733271362304687,-7.474398307800293,13.040468254852295
1789799602304290800,20.868290771484375,-0.23523031311035156,-6.996755076599121,12.897564343261719
1789799602314262500,20.878262451171874,0.5934627365112304,-6.959794588470459,11.77917289276123
1789799602324233700,20.888233642578125,0.8643067993164062,-7.343764679718017,10.749067628479004
1789799602334205700,20.898205810546877,1.4246996253967283,-7.463624400329589,9.782408708190918
1789799602344177000,20.908177001953124,0.8135796516418456,-7.190386135864258,9.441234971618652
1789799602354147600,20.918147705078123,0.361374813079834,-6.666953797912598,9.517250874328612
1789799602364119800,20.928119873046874,1.228973639678955,-5.826738652801513,8.664466170501708
1789799602374090800,20.9380908203125,1.9002479301452635,-5.487061292266845,7.630769603729248
1789799602384061700,20.948061767578125,1.796549070739746,-5.468805504608154,6.918943522644042
1789799602394033700,20.95803369140625,1.2632406509399414,-5.308842906188964,6.763170777130126
1789799602404004600,20.968004638671875,0.2346317626953125,-4.862473934173583,6.622960342407226
1789799602413975800,20.977975830078126,-0.31393969268798827,-4.343530724334716,6.998700365447998
1789799602423947500,20.987947509765625,-0.3064578125,-4.365976364898682,7.243657122802734
1789799602433918700,20.997918701171876,-0.16983868026733398,-5.128828868865966,7.867795568084716
1789799602443890700,21.007890625,-0.26381109542846676,-5.945251634979248,8.897451919555664
1789799602453861600,21.017861572265623,-0.7333738960266113,-6.461501367950439,10.38036057281494
1789799602463832600,21.02783251953125,-0.3296516410827637,-7.284807463836669,11.876287697601319
1789799602473804800,21.0378046875,1.6647183418273925,-8.061276989746093,12.981211763763428
1789799602483775500,21.047775390625,3.5419220809936522,-8.43387462310791,11.116128670501709
1789799602493746700,21.05774658203125,2.4721628517150878,-8.989927958679198,8.540566234588622
1789799602503718700,21.06771875,-0.18480244064331053,-8.731952729797364,8.837297602844238
1789799602513689900,21.07768994140625,-0.8803180229187011,-8.31221925125122,9.910797772216796
1789799602523660500,21.08766064453125,0.17821838607788085,-8.283039918518066,9.820865572357176
1789799602533632800,21.0976328125,1.4631564895629883,-7.86540136642456,8.642918355560303
1789799602543603700,21.107603759765624,1.5572785423278808,-7.319373750305175,6.572981382751465
1789799602553574700,21.11757470703125,-0.24690204620361328,-6.826467483520507,5.6854807548522945
1789799602563546600,21.127546630859374,-1.6168343086242676,-6.348375339508056,5.9391164932250975
1789799602573517600,21.137517578125,-0.8494926765441894,-6.39745647354126,6.316951442718506
1789799602583489500,21.147489501953125,0.6379051048278809,-7.042544183349609,6.566696603393554
1789799602593460500,21.15746044921875,1.2964601989746094,-7.636455832672119,7.173626724243164
1789799602603431400,21.167431396484375,0.9968857162475585,-7.645134813690185,8.247575806427001
1789799602613403400,21.1774033203125,-0.3598784370422363,-7.409605225372314,9.451559966278076
1789799602623374300,21.187374267578125,-1.0468646759033202,-7.340771927642822,10.38814172821045
1789799602633345300,21.19734521484375,-0.6714239280700683,-7.336432437133789,10.609306106567383
1789799602643317500,21.2073173828125,-0.026785131072998045,-6.753145057678222,10.921599785614013
1789799602653288400,21.217288330078127,-0.19003975677490234,-6.115389590454101,11.244517734527587
1789799602663259400,21.22725927734375,-0.9546879119873046,-5.8259904647827145,11.333402471160888
1789799602673231400,21.2372314453125,-1.1376947013854979,-6.0048074012756345,11.266664099884032
1789799602683202600,21.24720263671875,-0.5482721801757812,-6.273556537628173,11.436353142547606
1789799602693174300,21.25717431640625,0.5363011718749999,-6.629993309783935,11.102661286163329
1789799602703145500,21.2671455078125,0.9237129280090332,-7.0084268096923825,9.867552504730224
1789799602713116400,21.277116455078126,0.10714052429199218,-6.910563816833496,8.949525805664061
1789799602723088400,21.28708837890625,-0.053121349334716794,-6.453570574951171,8.374917407226562
1789799602733059300,21.297059326171876,0.9552864624023437,-6.15459464263916,8.150161726379395
1789799602743030300,21.3070302734375,1.3762170417785644,-5.83541763381958,8.635586112976073
1789799602753002500,21.31700244140625,1.1493664344787597,-5.735609352111816,9.584288520812988
1789799602762973200,21.32697314453125,0.534355883026123,-6.255300749969482,10.580575686645508
1789799602772944400,21.3369443359375,0.2668038475036621,-7.055712292480468,10.918906308746337
1789799602782916400,21.346916259765624,0.14933832855224607,-7.113173132324218,11.13348663253784
1789799602792887600,21.356887451171875,0.03127425918579101,-6.214449684143066,11.207856521606445
1789799602802858200,21.366858154296875,0.34326866302490233,-5.390993950653076,11.143362714385985
1789799602812830500,21.37683056640625,0.6896797157287597,-5.520280840301513,9.891045608520507
1789799602822801400,21.386801513671877,0.6594529197692871,-5.69490792388916,8.481609018707275
1789799602832773400,21.3967734375,0.4659714981079101,-5.2271407745361325,8.148665350341796
1789799602842744300,21.406744384765624,0.9002198242187499,-4.702511335754394,8.067112856292724
1789799602852715500,21.416715576171875,0.751480046081543,-4.562899451446533,7.295880646514892
1789799602862687200,21.426687255859374,1.135749412536621,-4.450521611022949,6.544999150848389
1789799602872658400,21.436658447265625,1.3265373573303223,-4.208557605743408,5.855020159912109
1789799602882629400,21.44662939453125,0.8520365158081055,-3.6810850524902343,5.426906975555419
1789799602892601600,21.4566015625,0.575206948852539,-3.063231386566162,5.456235945892334
1789799602902572300,21.466572265625,-0.2545335639953613,-3.0074165603637693,4.352808255767822
1789799602912543500,21.47654345703125,-0.361374813079834,-2.4212860664367675,3.3578678283691406
1789799602922515500,21.486515380859377,0.43664252777099605,-2.2474071708679197,1.3602058181762695
1789799602932486700,21.496486572265624,0.5979518646240234,-1.9315221893310546,0.8023568313598632
1789799602942457300,21.506457275390623,-0.6566098052978515,0.15637129592895507,3.4893992820739745
1789799602952429600,21.5164296875,-0.7218518005371093,1.0893617553710937,5.111919819641113
1789799602962400500,21.526400390625,-0.5300163925170898,-0.4424783943176269,3.536086214447021
1789799602972372500,21.53637255859375,-0.18270751419067383,-1.3525743003845214,1.3670891479492187
1789799602982343400,21.546343505859376,-0.27129297561645505,-0.9075520668029785,2.043451116943359
1789799602992314400,21.556314453125,-0.8840589630126953,-1.1236287666320801,2.975693388366699
1789799603002286300,21.566286376953126,-0.8661024505615234,-2.8622680847167965,1.369483349609375
1789799603012257300,21.57625732421875,0.06943184814453125,-3.3816602073669433,1.04057989654541
1789799603022228500,21.586228515625,0.6712742904663086,-1.1665747589111328,4.918737673187255
1789799603032200400,21.596200439453124,0.5364508094787598,-0.6781576202392577,7.575104415130615
1789799603042171400,21.60617138671875,-1.726967584991455,-2.4377462028503416,7.1595607894897455
1789799603052142300,21.616142333984374,-2.5451860023498534,-4.421641553497314,5.703586904907226
1789799603062114600,21.626114501953126,-0.5038298118591308,-4.948515556335449,6.017975510406494
1789799603072085500,21.63608544921875,0.2193687271118164,-4.052485585021972,8.106467546081543
1789799603082056400,21.646056396484376,-0.8689455650329589,-3.675249185943603,9.452457791900635
1789799603092028400,21.6560283203125,-1.683572679901123,-4.393808959197997,9.244910435485838
1789799603101999600,21.66599951171875,-1.5038579177856444,-5.34969397201538,8.10227769317627
1789799603111970300,21.67597021484375,-0.438587816619873,-5.789329251861572,7.678503999328613
1789799603121942500,21.685942626953125,-0.03411737365722656,-5.857563999176025,8.066514305877686
1789799603131913500,21.69591357421875,-0.6289268486022949,-5.961711771392822,8.067561769104003
1789799603141885400,21.705885498046875,-0.4649240348815918,-6.272359436798095,7.5540055130004875
1789799603151856400,21.7158564453125,0.5189432098388671,-6.734290719604492,7.176619476318359
1789799603161827300,21.725827392578125,1.0423755477905272,-7.137414424133301,7.749731498718261
1789799603171799300,21.73579931640625,0.49949032135009763,-7.666832266235351,9.216030377960205
1789799603181770200,21.745770263671876,-0.2995744827270508,-8.737040408325194,9.707290631103515
1789799603191741400,21.755741455078127,0.04878185882568359,-10.200346535491942,9.011475773620605
1789799603201713400,21.76571337890625,1.077690022277832,-10.926986739349365,8.679579568481445
1789799603211684400,21.775684326171874,1.052850180053711,-10.817751288604736,10.156203442382813
1789799603221655300,21.7856552734375,-0.6476315490722656,-11.165957992553711,12.879308555603027
1789799603231627500,21.79562744140625,-1.3229460548400878,-11.450419077301024,13.440299932098387
1789799603241598500,21.805598388671875,0.12060790863037109,-10.565312651062012,11.878532261657714
1789799603251569400,21.8155693359375,0.14604630126953125,-9.138518099212646,11.138574311065673
1789799603261541400,21.825541259765625,-0.6973112335205077,-7.972691528320312,11.413608226776123
1789799603271512600,21.8355126953125,-1.1813888816833495,-7.465120776367187,11.783063470458984
1789799603281483500,21.8454833984375,-0.965910732269287,-7.656956184387207,12.120346629333495
1789799603291455500,21.85545556640625,-0.20979192047119138,-7.661744587707519,11.263372072601317
1789799603301426400,21.865426513671874,0.6440402465820312,-7.298424485778808,9.210194511413574
1789799603311398400,21.8753984375,0.9763853645324706,-7.007528984069824,7.929895173645019
1789799603321369300,21.885369384765625,0.6105214233398437,-7.023839482879638,7.9186723533630365
1789799603331340300,21.89534033203125,0.8420107963562011,-7.276727033233642,8.763226988983154
1789799603341312500,21.9053125,1.0136451278686522,-7.730877160644531,9.19986951675415
1789799603351283200,21.915283203125,0.8230068206787109,-7.794323504638672,9.925013344573975
1789799603361254400,21.92525439453125,0.6316203254699707,-7.154173835754394,10.704774897766113
1789799603371226400,21.935226318359376,0.11267711563110351,-6.205321790313721,10.7773491355896
1789799603381197600,21.945197509765624,-0.07122749938964844,-5.6109612281799315,11.71542727355957
1789799603391168300,21.955168212890626,0.6054337448120117,-5.4433671119689935,13.010091821289063
1789799603401140500,21.965140380859374,1.5688006378173827,-5.3962312667846675,13.8541975440979
1789799603411111400,21.975111328125,1.5879542510986326,-5.118054961395264,13.848660952758788
1789799603421082600,21.98508251953125,0.914884309387207,-4.8035167182922365,13.165266016387939
1789799603431054300,21.995054443359376,0.1858499038696289,-4.358793759918212,12.012158641815185
1789799603441025500,22.005025634765627,-0.5995978782653808,-3.9962218460083005,10.683077445220947
1789799603450996500,22.01499658203125,-0.7001543479919433,-3.8338650459289547,8.946981966400147
1789799603460968400,22.024968505859373,-0.08634089736938476,-4.017919298553466,7.197119828033447
1789799603470939400,22.034939453125,-0.002992752075195312,-4.570381331634521,5.856965448760986
1789799603480910300,22.044910400390624,-0.2792237686157226,-5.2453965621948235,4.963628954315185
1789799603490882300,22.05488232421875,-0.2603694305419922,-6.047154843139648,4.448725959777832
1789799603500853200,22.064853271484374,-0.2946364418029785,-6.499958232116699,4.471770150756836
1789799603510825500,22.074825439453125,-0.5258265396118164,-6.497863305664062,5.120898075866699
1789799603520796400,22.08479638671875,0.18405425262451172,-6.24422756729126,5.497535924530029
1789799603530767400,22.094767333984375,1.6021698234558104,-5.8913820976257325,5.553350750732421
1789799603540739600,22.104739501953127,1.5491981117248534,-5.927893672943115,6.244526842498779
1789799603550710500,22.11471044921875,0.015861585998535155,-6.164919637298584,8.06950705795288
1789799603560681200,22.12468115234375,-1.0295067138671874,-6.095188513946533,9.714173960876463
1789799603570653400,22.1346533203125,0.1384147834777832,-5.237615406799316,11.259032582092285
1789799603580624400,22.144624267578124,1.9168577041625976,-4.548683879089356,12.434136684417723
1789799603590595600,22.154595703125,0.6549637916564941,-5.408202275085449,12.676998515319823
1789799603600567800,22.16456787109375,-2.6222493682861328,-7.316231360626221,12.953079894256591
1789799603610538800,22.174538818359373,-3.346495370483398,-8.671648775482177,13.25370184020996
1789799603620509700,22.184509765625,-0.8628104232788085,-8.86827258682251,13.650840040588378
1789799603630481700,22.194481689453124,0.2736871772766113,-9.050381550598145,12.52017830657959
1789799603640452600,22.20445263671875,-0.16849194183349608,-8.814253411865234,9.747543146514891
1789799603650423800,22.214423828125,-0.5277718284606934,-8.090605960083007,8.850316074371337
1789799603660395500,22.2243955078125,-0.5015852478027344,-8.24278740310669,8.494777127838134
1789799603670366700,22.23436669921875,-0.5909188972473144,-8.979303688812255,9.036465253448485
1789799603680337700,22.244337646484375,-0.15696984634399413,-8.981697890472411,10.913519355010985
1789799603690310000,22.254309814453126,-0.09337386474609374,-8.954164571380614,11.784410208892822
1789799603700280600,22.264280517578126,0.27997195663452146,-8.916306257629394,11.118971784973144
1789799603710252800,22.274252685546877,0.7751227874755859,-8.549544490814208,10.040084661865233
1789799603720223700,22.2842236328125,0.8993219985961913,-7.7605054061889645,9.548824408721924
1789799603730194700,22.294194580078123,0.7612064903259277,-7.089680028533935,9.72300257949829
1789799603740166700,22.304166748046875,1.144727668762207,-6.666055972290039,9.727790982818602
1789799603750137900,22.314137939453126,1.0576385833740234,-6.517016918945312,7.4585367218017575
1789799603760108800,22.32410888671875,0.2702455123901367,-5.815366194915772,4.594772261047363
1789799603770080800,22.334080810546876,-0.6172551155090331,-4.311209001922607,3.8605005393981933
1789799603780051700,22.3440517578125,-0.6884826148986816,-3.257909909057617,3.893121537017822
1789799603790022700,22.354022705078126,-0.7933785751342773,-2.654571090698242,4.2594343910217285
1789799603799994600,22.36399462890625,-0.8536825294494629,-2.1148282539367673,4.672883090209961
1789799603809965600,22.373965576171877,-0.23448212509155272,-1.830367169189453,4.350414054107666
1789799603819936800,22.383936767578124,0.35568858413696286,-1.6915034729003906,4.712237779998779
1789799603829908700,22.39390869140625,-0.06913257293701172,-1.9220950202941893,5.340416440582275
1789799603839879700,22.403879638671874,-0.17118541870117188,-2.865410474395752,5.233126278686523
1789799603849850600,22.4138505859375,-0.3064578125,-3.1913211753845214,4.5510780807495115
1789799603859822800,22.42382275390625,-0.3956418243408203,-2.504634211730957,2.0322282966613767
1789799603869793500,22.43379345703125,-0.3006219459533691,-1.9131167640686033,0.03007715835571289
1789799603879764700,22.4437646484375,-0.20440496673583983,-0.5680243438720702,0.656310530090332
1789799603889736700,22.45373681640625,-0.6666355247497558,0.3827729904174804,1.9651906501770018
1789799603899708000,22.4637080078125,-0.9642647186279296,0.24226328048706053,3.5167829635620116
1789799603909678600,22.4736787109375,-0.6795043586730957,-0.6667851623535156,4.22621484298706
1789799603919650800,22.48365087890625,-0.2916436897277832,-1.4558242469787597,4.229506870269775
1789799603929621800,22.493621826171875,-0.0474351203918457,-1.6817770286560059,5.405957711029052
1789799603939593700,22.50359375,-0.2888005752563476,-1.7289128738403319,7.370998723602295
1789799603949564700,22.513564697265625,-1.0072107109069823,-2.48338567199707,8.309226499176026
1789799603959535600,22.52353564453125,-1.4163199195861815,-3.5494039611816404,8.249970008087157
1789799603969507600,22.533507568359376,-1.356764153289795,-4.3059716857910155,7.229441550445556
1789799603979478500,22.543478515625,-0.6637924102783203,-4.610933122253417,5.588814862823486
1789799603989449700,22.55344970703125,-0.24869769744873046,-4.879083708190918,5.101894100189209
1789799603999421700,22.563421630859374,-0.12689268798828124,-4.8006736038208,6.611438246917724
1789799604009392600,22.573392578125,0.03516483688354492,-4.441692992401123,8.573336869812012
1789799604019363600,22.583363525390624,-0.37768531188964843,-4.585644367218017,9.456049094390869
1789799604029335800,22.593335693359375,-1.1737573638916015,-5.281459224700927,8.510937989044189
1789799604039306800,22.603306640625,-1.346439158630371,-5.970989302825927,7.210886487579345
1789799604049277700,22.613277587890625,-0.24181436767578124,-6.149207688903808,6.944980465698242
1789799604059249700,22.623249755859376,0.6781576202392577,-5.505915630340576,7.8152727691650385
1789799604069220900,22.633220947265624,0.5009866973876953,-5.147234294128418,8.585158240509033
1789799604079191800,22.64319189453125,0.10190320816040038,-5.496338823699951,8.934262770080565
1789799604089163800,22.653163818359374,0.013617021942138671,-6.500856057739258,8.973767097473145
1789799604099134700,22.663134765625,-0.08903437423706054,-8.133252677154541,8.923788137817382
1789799604109106000,22.67310595703125,-0.33354221878051754,-9.392602750396728,9.735123225402832
1789799604119077600,22.68307763671875,-0.03142389678955078,-9.30910496749878,10.86578495941162
1789799604129048800,22.693048828125,0.9000701866149902,-8.627954595184326,10.953921508026122
1789799604139019800,22.703019775390626,0.9620201545715331,-7.856423110198974,11.206210507965087
1789799604148991700,22.71299169921875,0.5274725532531738,-7.893832511138916,11.998691257476805
1789799604158962700,22.722962646484376,-0.006883329772949218,-8.590545194244385,13.142820375823973
1789799604168933600,22.73293359375,-0.48557402420043944,-9.05921016921997,14.904803160095215
1789799604178905600,22.742905517578127,-0.136619132232666,-9.00878229675293,15.644012922668455
1789799604188876500,22.75287646484375,1.0423755477905272,-8.723273748779297,14.791078581237793
1789799604198847700,22.76284765625,0.8719383171081543,-8.563460787963868,13.414262989044188
1789799604208819700,22.77281982421875,0.6624456718444823,-8.53517928085327,11.428871262359618
1789799604218790700,22.782790771484375,0.15173253021240232,-8.345738074493408,9.607033436584473
1789799604228762600,22.7927626953125,-0.3491045295715332,-7.580641006469726,8.652195886993407
1789799604238733800,22.80273388671875,0.3869628433227539,-6.349123527526855,7.901464028930664
1789799604248704800,22.812704833984377,0.942267990875244,-5.314080222320556,6.602310353088378
1789799604258676700,22.8226767578125,1.3757681289672852,-4.579958138275146,5.379771130371093
1789799604268647700,22.832647705078124,1.9752163696289062,-3.861847277832031,4.330512252807617
1789799604278619000,22.842618896484375,1.8791490280151366,-3.6207810981750486,3.397222518157959
1789799604288590600,22.852590576171874,1.4119804290771483,-3.852719384002685,3.2038907341003418
1789799604298561800,22.862561767578125,0.5373486351013184,-4.561253437805176,3.1208418640136717
1789799604308532700,22.87253271484375,-0.7018003616333007,-5.05655390625,4.189403992462158
1789799604318504700,22.882504638671875,-1.3572130661010742,-5.380818593597412,5.982661035919189
1789799604328475600,22.8924755859375,-1.2375029830932616,-5.651363381195068,7.440879484558105
1789799604338446600,22.902446533203126,-0.8063970466613769,-5.701491978454589,9.234585440826416
1789799604348418800,22.912418701171877,-0.7610568527221679,-5.867739356231689,11.454758567810059
1789799604358389500,22.922389404296876,-1.0928034202575683,-6.336404331207275,14.144344857788084
1789799604368360700,22.932360595703123,-0.011073182678222656,-7.085190900421142,15.741576640319824
1789799604378332700,22.942332763671875,2.2945430160522458,-7.7033438415527336,14.867992309570312
1789799604388304000,22.952303955078126,3.2466870887756345,-7.957129217529296,12.872574863433837
1789799604398274600,22.962274658203125,1.4297873039245605,-7.838765872955322,11.806706211853026
1789799604408246800,22.972246826171876,-0.47061026382446286,-7.790283289337157,11.073781228637694
1789799604418217700,22.9822177734375,-0.6495768379211425,-8.193556631469725,10.383502962493896
1789799604428189000,22.99218896484375,-0.21054010848999022,-8.552986155700683,9.663147537994384
1789799604438160600,23.00216064453125,-0.3929483474731445,-8.47128402404785,8.23470697250366
1789799604448131800,23.0121318359375,-1.1866261978149413,-8.20373198852539,6.714837831115722
1789799604458102800,23.022102783203124,-2.0403087272644043,-8.249371457672119,5.744138695526122
1789799604468074800,23.03207470703125,-2.3282114768981934,-8.482656481933594,5.621735135650635
1789799604478045700,23.042045654296874,-1.6083049652099608,-8.32508808517456,6.520159308624267
1789799604488016600,23.0520166015625,0.35314474487304687,-7.240814008331299,7.820061172485351
1789799604497988600,23.061988525390625,1.559074193572998,-6.045209554290771,9.239373844146728
1789799604507959600,23.07195947265625,1.3319243110656738,-5.425410599517822,10.194510668945313
1789799604517930800,23.0819306640625,0.6890811653137207,-5.294178421020508,10.696993742370605
1789799604527902700,23.09190283203125,0.2798223190307617,-5.082441211700439,10.951377668762206
1789799604537873700,23.101873779296874,0.45415012741088867,-4.784512742614746,11.11567975769043
1789799604547844600,23.1118447265625,0.5930138236999511,-4.642357019042969,11.176582262420654
1789799604557816800,23.12181689453125,0.443076944732666,-5.187486809539795,10.525509048461913
1789799604567787500,23.13178759765625,0.06000467910766601,-5.936871929168701,9.293393019104004
1789799604577758700,23.1417587890625,0.013916297149658202,-6.166116738128662,8.343792785644531
1789799604587730700,23.151730712890625,0.20440496673583983,-5.961113220977783,8.079832052612304
1789799604597702000,23.161701904296876,0.4086602958679199,-5.753266589355468,8.12681826019287
1789799604607673000,23.171673095703124,0.0626981559753418,-5.667374604797363,8.491934013366699
1789799604617644300,23.181644287109375,-0.06703764648437499,-5.643282950592041,9.214982914733886
1789799604627615200,23.191615234375,0.26964696197509763,-5.702689079284668,9.797821381378172
1789799604637587200,23.201587158203125,0.5406406623840332,-5.993883856201172,10.031405680847167
1789799604647558100,23.21155810546875,0.565630142211914,-6.324582960510254,10.039486111450195
1789799604657529000,23.221529052734375,0.9253589416503906,-6.338499257659912,10.10637412033081
1789799604667501300,23.231501220703127,1.356614515686035,-6.189160929107666,10.396671071624755
1789799604677472000,23.241471923828126,1.2229881355285643,-5.703137992095947,10.642824929809569
1789799604687443200,23.251443115234373,0.728435855102539,-5.345653756713867,9.718663088989258
1789799604697415200,23.261415283203124,0.23074118499755858,-5.68817423171997,6.995707613372803
1789799604707386400,23.271386474609375,0.3586813362121582,-5.746383259582519,4.601655590820312
1789799604717357000,23.281357177734375,0.464774397277832,-5.041440508270264,3.3967736053466795
1789799604727329300,23.291329345703126,0.29433716659545894,-3.474285884094238,2.5227403617858886
1789799604737300200,23.30130029296875,0.20769699401855468,-1.8664298316955565,2.314295179748535
1789799604747271400,23.311271484375,-0.25348610076904293,-1.7031752059936522,2.9165865348815916
1789799604757243100,23.3212431640625,-0.17342998275756835,-1.6295535049438477,3.921103768920898
1789799604767214300,23.33121435546875,0.4043208053588867,-1.2144587921142578,5.124489378356933
1789799604777185300,23.341185302734374,0.31184476623535157,-1.581370196533203,5.9208607055664055
1789799604787157200,23.3511572265625,0.12808978881835936,-2.855833667755127,5.796212581634522
1789799604797128200,23.361128173828124,-0.05910685348510742,-3.26239903717041,5.819256772613525
1789799604807099100,23.37109912109375,-1.2841899154663086,-1.9985598358154295,6.707206313323974
1789799604817071000,23.381071044921875,-1.7458219230651855,-1.993172882080078,5.531952573394775
1789799604827042000,23.3910419921875,-1.4001590583801269,-2.3986907882690427,3.2562638954162595
1789799604837013200,23.40101318359375,-1.4375684593200684,-2.1838111892700196,2.091335150146484
1789799604846985200,23.410985107421876,-1.0613795234680174,-2.271049912261963,1.7130512878417967
1789799604856956200,23.4209560546875,-0.24346038131713865,-2.357091534423828,2.558803024291992
1789799604866927000,23.430927001953126,0.1984194625854492,-1.3525743003845214,4.849904375457763
1789799604876899300,23.4408994140625,0.08215104446411133,-1.004966146850586,6.288969210815429
1789799604886870300,23.450870361328125,-0.3547907585144043,-2.0114286697387693,6.867468186950683
1789799604896841200,23.46084130859375,-0.7811082916259765,-3.2787095359802243,6.057928750610351
1789799604906813200,23.470813232421875,-1.0643722755432128,-4.0526352226257325,4.975749600219726
1789799604916784400,23.480784423828126,-0.08798691101074219,-4.576217198181152,4.180575373840332
1789799604926755000,23.490755126953125,-0.37065234451293944,-4.134187716674805,5.84140313796997
1789799604936727300,23.500727294921877,-1.4806640892028808,-3.37088629989624,7.937676329040527
1789799604946698200,23.5106982421875,-1.7278654106140137,-3.4062007743835445,7.907000620269775
1789799604956669200,23.520669189453123,-1.0235212097167967,-3.7716158027648925,7.1401079010009765
1789799604966641200,23.53064111328125,-0.619948592376709,-3.91975703048706,7.818864071655273
1789799604976612400,23.5406123046875,-0.9044096771240234,-4.280234017944336,9.26316622314453
1789799604986583300,23.550583251953125,-1.023371572113037,-5.122095176696777,9.963769483947754
1789799604996555300,23.56055517578125,-0.5927145484924317,-6.227318518066406,10.2019925491333
1789799605006526200,23.570526123046875,0.06509235763549805,-7.24635059967041,10.63579196243286
1789799605016497200,23.5804970703125,0.07811082916259765,-8.285583757781982,11.745953344726562
1789799605026469000,23.59046923828125,0.23687632675170897,-9.433753091430663,12.78219375076294
1789799605036440000,23.600440185546876,1.0076596237182616,-10.319009155273436,12.387150476837158
1789799605046411300,23.610411376953124,1.0476128639221192,-10.59718546066284,11.233743827056884
1789799605056383200,23.62038330078125,0.805050308227539,-10.223839639282225,9.516203411102294
1789799605066354200,23.630354248046874,0.47150808944702144,-9.382128118133544,8.620023802185058
1789799605076325000,23.6403251953125,0.5660790550231933,-8.85495484008789,8.959252249908447
1789799605086297300,23.65029736328125,0.7962216896057128,-8.361150747680664,10.52116955795288
1789799605096268300,23.660268310546876,-0.19557634811401367,-7.665635165405273,12.280608502960204
1789799605106239200,23.6702392578125,0.20081366424560546,-6.650942574310302,12.387150476837158
1789799605116211200,23.680211181640626,0.8473977500915527,-5.968445463562011,11.917438038635254
1789799605126182400,23.690182373046873,1.012597664642334,-6.105363871002197,11.531223383331298
1789799605136153300,23.7001533203125,1.11719434967041,-6.744914989471435,11.199476815795897
1789799605146125300,23.710125244140624,0.715716658782959,-7.685985879516601,10.421660551452636
1789799605156096300,23.72009619140625,0.8909422927856445,-8.437615563201904,9.66015478591919
1789799605166067200,23.730067138671874,1.2994529510498045,-8.173804467773436,8.99501563720703
1789799605176039200,23.7400390625,1.2606968116760253,-7.049876425933838,8.447940557861328
1789799605186010000,23.750010009765624,1.0842740768432617,-5.827935753631592,8.086565744781494
1789799605195982300,23.759982421875,0.629525399017334,-5.057900644683838,7.818415158843994
1789799605205953000,23.769953125,0.3098994773864746,-5.002834006500244,7.584232308959961
1789799605215924200,23.77992431640625,0.5098153160095215,-5.341314266204834,7.353341486358642
1789799605225896200,23.789896240234373,0.2838625343322754,-5.705083280944824,7.6108678024291985
1789799605235867100,23.7998671875,-0.13078326568603516,-5.523273592376708,9.03392141418457
1789799605245838000,23.809838134765624,-0.5048772750854492,-5.556493140411376,9.97783541870117
1789799605255810300,23.819810302734375,-0.5668272430419922,-5.711816973114013,10.75744733428955
1789799605265781200,23.82978125,-0.22700024490356444,-5.869834282684326,11.508029554748534
1789799605275752200,23.839752197265625,0.6937199310302734,-6.128258424377441,11.73338378601074
1789799605285724200,23.84972412109375,1.6585832000732421,-6.336404331207275,11.327865879821777
1789799605295695400,23.8596953125,2.4658780723571776,-6.617423751068115,9.982324546813965
1789799605305666300,23.869666259765626,2.166752502441406,-6.876745718383789,8.492981476593018
1789799605315638300,23.87963818359375,0.4037222549438476,-7.174524549865723,7.950994075775146
1789799605325609200,23.889609130859377,-1.018882444000244,-7.494599384307861,7.304858902740478
1789799605335580200,23.899580078125,-1.4164695571899413,-7.867197017669677,6.865672535705566
1789799605345552100,23.90955224609375,-1.1278186195373534,-8.033294757843016,6.9624880653381345
1789799605355523000,23.919523193359375,-0.15038579177856445,-7.949048786926269,7.00393768157959
1789799605365494300,23.929494384765626,0.7870937957763672,-7.499836700439452,7.294234632873534
1789799605375466000,23.939466064453125,0.9217676391601562,-6.94647684173584,7.972092977905273
1789799605385437200,23.949437255859376,1.031003089904785,-6.608595132446289,8.77849002456665
1789799605395408100,23.959408203125,0.7242460021972655,-6.693888566589355,9.373898049926757
1789799605405380400,23.96938037109375,0.4355950645446777,-7.100753211212158,9.719710552215576
1789799605415351000,23.97935107421875,0.30316578521728516,-7.555501889038085,10.235511372375488
1789799605425322200,23.989322265625,0.5687725318908691,-8.348581188964843,10.836755264282226
1789799605435294200,23.999294189453124,0.3893570449829101,-8.589198455810546,12.208483177947997
1789799605445265400,24.009265380859375,-0.06599018325805664,-7.881711865234375,13.352313021087646
1789799605455236000,24.019236083984374,0.3302501914978027,-6.737582746887207,12.788478530120848
1789799605465208300,24.029208251953126,0.900818374633789,-5.890933184814453,9.650129066467285
1789799605475179300,24.03917919921875,0.8613140472412109,-5.403713146972656,7.267898414611816
1789799605485150200,24.049150146484376,-0.34222119979858395,-5.229983889007568,7.240963645935058
1789799605495122200,24.0591220703125,-1.1903671379089356,-5.7812488212585444,7.841908262634277
1789799605505093000,24.069093017578126,-0.7390601249694824,-6.191255855560303,8.80377877960205
1789799605515064300,24.079064208984374,0.30466216125488277,-6.413916609954834,9.596558804321289
1789799605525036000,24.0890361328125,0.9458592933654785,-6.505195548248291,9.931597399139404
1789799605535007200,24.09900732421875,1.2241852363586425,-6.82437255706787,9.400683180999755
1789799605544978200,24.108978271484375,1.0920552322387695,-7.237372343444823,8.389731529998778
1789799605554950100,24.1189501953125,0.733523533630371,-7.663540238952637,7.507168943023681
1789799605564921000,24.128921142578125,0.5137058937072754,-7.544428706359863,7.590367450714111
1789799605574892300,24.138892333984376,0.6346130775451659,-6.905476138305664,7.856123834991455
1789799605584864300,24.1488642578125,0.7851485069274902,-6.6729393020629875,6.663063220214843
1789799605594835200,24.158835205078127,0.6609492958068848,-5.7517702133178705,5.5738511024475095
1789799605604806100,24.16880615234375,0.08888473663330078,-4.370465493011475,5.818508584594726
1789799605614778400,24.1787783203125,-0.08379705810546874,-3.0582933456420895,6.788459532165527
1789799605624749000,24.1887490234375,-0.13916297149658202,-2.2234651542663575,8.177395770263672
1789799605634721300,24.19872119140625,0.4750993919372558,-2.3343466186523436,8.530390877532959
1789799605644692200,24.208692138671875,1.0033201332092285,-3.0558991439819336,7.269394790649414
1789799605654663200,24.2186630859375,0.5499181938171387,-3.4247558372497555,6.653935326385498
1789799605664634000,24.228634033203125,1.0541969184875488,-3.2933740211486815,7.389853061676025
1789799605674606000,24.238606201171876,1.1755530151367186,-3.21122297668457,7.746140196228027
1789799605684577300,24.248577392578124,-0.14724340209960937,-3.4392706848144527,6.2304609077453605
1789799605694549000,24.258549072265627,-0.6652887863159179,-3.982006273651123,4.514267230224609
1789799605704520200,24.268520263671874,-0.2488473350524902,-3.54311918182373,3.7714661651611325
1789799605714491100,24.2784912109375,-0.2166752502441406,-2.386570142364502,3.7389948051452633
1789799605724463000,24.288463134765625,-0.43409868850708005,-2.179770973968506,3.022380320739746
1789799605734434000,24.29843408203125,-0.5322609565734863,-1.6909049224853514,2.139219183349609
1789799605744405200,24.3084052734375,-0.4103063095092773,-1.0356418556213378,2.3612813873291016
1789799605754377200,24.318377197265626,0.03172317199707031,-0.5746083984375,3.6070144386291503
1789799605764348200,24.32834814453125,-0.18525135345458985,-0.2914940521240234,4.544643663787841
1789799605774319000,24.338319091796876,-1.1348515869140625,-0.7185597732543945,5.06253941040039
1789799605784291300,24.348291259765624,-1.3277344581604003,-2.1167735427856442,4.131643877410888
1789799605794262300,24.35826220703125,-1.1335048484802246,-3.144334967803955,2.9891607727050777
1789799605804233000,24.36823291015625,-0.9400234268188477,-2.882618798828125,3.0451252365112302
1789799605814205200,24.378205078125,-1.1646294700622557,-2.6864439002990723,3.162740393066406
1789799605824176000,24.388176025390624,-1.37262573928833,-2.708739903259277,3.796006732177734
1789799605834147300,24.398147216796875,-0.8565256439208984,-2.6330232757568357,4.797082301330566
1789799605844119000,24.408119140625,-0.6440402465820312,-3.2064345733642576,5.342212091827392
1789799605854090200,24.41809033203125,-1.0500070655822753,-3.7419875572204586,5.438429071044921
1789799605864061200,24.428061279296877,-1.4541782333374023,-4.056076887512207,5.927594397735596
1789799605874033200,24.438033203125,-0.6944681190490722,-4.573972634124756,6.702268272399902
1789799605884004000,24.448004150390624,-0.15607202072143553,-4.907664490509033,7.416787830352782
1789799605893975300,24.457975341796875,-0.7517793212890624,-5.040542682647705,8.450035484313965
1789799605903947000,24.467947021484374,-1.0498574279785156,-5.423465310668945,9.023297144317626
1789799605913918200,24.477918212890625,-0.5425859512329101,-6.119579443359375,8.805125518035888
1789799605923889200,24.48788916015625,-0.2066495307922363,-6.73518854522705,8.355314881134033
1789799605933861400,24.497861328125,0.056413376617431635,-7.095665532684325,8.10123022994995
1789799605943832000,24.50783203125,0.14080898513793944,-7.280019060516357,8.212111694335936
1789799605953803000,24.517802978515626,0.24181436767578124,-7.500435250854491,8.905681987762451
1789799605963775200,24.527775146484377,0.37065234451293944,-7.946654585266113,10.541220996856689
1789799605973746200,24.53774609375,0.623090982055664,-9.072378278350829,12.303951969146727
1789799605983717000,24.547717041015623,1.5538368774414062,-11.087847163391112,13.493271643829345
1789799605993689000,24.557689208984375,1.9469348625183105,-12.865990808868407,14.150330361938476
1789799606003660300,24.567660400390626,2.309357138824463,-12.56970835342407,13.212551499176024
1789799606013631200,24.57763134765625,2.1465514259338376,-10.730063652801514,11.687744316864013
1789799606023603200,24.587603271484376,0.8243535591125488,-8.652046249389647,11.331157907104492
1789799606033574100,24.59757421875,-0.2314893730163574,-6.840084505462646,10.664672019958495
1789799606043545300,24.60754541015625,-0.7176619476318359,-5.564573571014404,9.954641590118408
1789799606053517000,24.61751708984375,-0.4725555526733398,-5.7070285697937,9.69157868270874
1789799606063488300,24.62748828125,0.3913023338317871,-6.255749662780762,9.840617736053467
1789799606073459200,24.637459228515624,0.5641337661743163,-6.6151791870117185,9.878176774597167
1789799606083431200,24.64743115234375,0.19213468322753904,-6.719027684020996,9.644891750335693
1789799606093402000,24.657402099609374,0.222810391998291,-6.732794343566894,9.322721989440918
1789799606103373000,24.667373046875,0.3269581642150879,-6.8578913803100585,8.826374057769774
1789799606113345000,24.677344970703125,0.965910732269287,-6.912658743286133,8.63842922744751
1789799606123316200,24.687316162109376,1.416020644378662,-6.6331356994628905,8.56765064086914
1789799606133287200,24.697287109375,0.6813000099182128,-5.768080712127685,7.909694097137451
1789799606143259400,24.70725927734375,0.33758243408203126,-4.656273316192626,7.250091539764404
1789799606153230000,24.71722998046875,0.4843769233703613,-4.43047017211914,5.925200196075439
1789799606163201000,24.727200927734376,-0.05357026214599609,-4.829104748535156,5.654056858062744
1789799606173173200,24.73717333984375,-1.7977461715698242,-5.481375063323974,7.153575285339355
1789799606183144200,24.747144287109375,-2.567781280517578,-6.79938307723999,10.228328767395018
1789799606193115100,24.757115234375,-1.2485761657714842,-9.419387881469726,13.16421855316162
1789799606203087000,24.767087158203125,2.2905028007507324,-10.690409687805175,13.558513639068602
1789799606213058300,24.777058349609376,4.0447044296264645,-9.675717096710205,11.927613395690917
1789799606223029200,24.787029296875,1.8987515541076658,-7.855076371765136,11.14036996231079
1789799606233001200,24.797001220703127,-0.5096656784057617,-7.301566875457763,10.868029523468017
1789799606242972200,24.80697216796875,-0.9702502227783203,-7.717559413909911,10.609156468963622
1789799606252943400,24.816943359375,-0.1384147834777832,-8.137442530059815,10.764929214477538
1789799606262915000,24.8269150390625,0.5663783302307128,-8.448988021087645,10.033201332092284
1789799606272886300,24.83688623046875,0.3429693878173828,-8.151658102416992,9.008483021545409
1789799606282857200,24.846857177734375,-1.2600982612609863,-7.862558251953125,7.986158912658691
1789799606292829200,24.8568291015625,-2.4158991127014158,-8.093149799346923,6.514772354888915
1789799606302800100,24.866800048828125,-2.091484787750244,-8.054992210388184,5.95048895111084
1789799606312771000,24.87677099609375,-0.9639654434204101,-7.502230902099609,5.972336041259766
1789799606322743300,24.886743408203124,0.35673604736328124,-6.768857006072998,5.976076981353759
1789799606332714000,24.8967138671875,1.3789105186462403,-5.980117196655273,6.30094021911621
1789799606342685200,24.906685302734374,1.52585464553833,-5.804442649841309,6.5948284729003905
1789799606352657200,24.9166572265625,0.42766427154541015,-6.234501123046875,7.369801622772217
1789799606362628000,24.926628173828124,-0.27084406280517576,-6.830657336425781,8.502558283233641
1789799606372599000,24.93659912109375,0.05596446380615234,-6.734440357208252,9.744550394439697
1789799606382571300,24.9465712890625,0.5707178207397461,-5.812822355651855,10.790966157531738
1789799606392542200,24.956542236328126,0.8538321670532226,-5.199158542633056,10.8149081741333
1789799606402513200,24.96651318359375,-0.19692308654785154,-5.4221185722351075,9.701754039764404
1789799606412485000,24.976485107421876,-1.6910545600891111,-6.137236680603027,8.594735047149658
1789799606422456300,24.986456298828124,-1.301248602294922,-6.993911962127685,8.61209300918579
1789799606432427300,24.99642724609375,0.4025251541137695,-7.3192241127014155,10.3176624168396
1789799606442399200,25.006399169921874,1.2387000839233397,-7.421127320861816,12.455534861755371
1789799606452370200,25.0163701171875,0.49380409240722656,-7.749432223510742,14.079402137756347
1789799606462341000,25.026341064453124,-0.2561795776367187,-8.065317205047608,13.889512018585204
1789799606472313000,25.03631298828125,-0.07347206344604491,-7.802254297637939,12.555792056274413
1789799606482284000,25.046283935546874,-0.21158757171630857,-6.876296805572509,11.828852577209473
1789799606492255200,25.056255126953126,-0.3630208267211914,-6.0333881835937495,11.643601223754882
1789799606502227000,25.06622705078125,-0.2763806541442871,-6.8320040748596185,9.736469963836669
1789799606512198100,25.0761982421875,-0.1701379554748535,-7.360673728942871,7.215674890899658
1789799606522169000,25.086169189453123,-0.14499883804321287,-5.764190134429931,6.172551155090332
1789799606532141300,25.096141357421875,0.7671919944763184,-3.758896606445312,5.399074381256103
1789799606542112000,25.106112060546874,1.6346411834716796,-2.2671593345642087,4.179378273010253
1789799606552083200,25.116083251953125,1.6768389877319334,-1.871218235015869,3.4638112518310544
1789799606562055200,25.12605517578125,1.4963760375976562,-2.1027076080322264,3.047220162963867
1789799606572026400,25.1360263671875,1.3548188644409178,-2.005293527984619,2.848651062774658
1789799606581997000,25.1459970703125,1.1887211242675781,-1.7796400215148924,3.4105402648925778
1789799606591969300,25.15596923828125,1.281346800994873,-2.1856068405151365,4.122665621185303
1789799606601940500,25.1659404296875,1.4094365898132324,-2.7123312057495115,5.56068299331665
1789799606611911400,25.175911376953124,1.0773907470703123,-2.626439221191406,7.225999885559082
1789799606621883400,25.18588330078125,-0.19856910018920898,-2.825008321380615,7.557896090698241
1789799606631854300,25.195854248046874,-1.143979480743408,-3.604769874572754,7.22076256942749
1789799606641825300,25.2058251953125,-1.577629256439209,-3.892373348999023,7.545476169586181
1789799606651797200,25.21579736328125,-1.8896236602783203,-3.0234277839660644,8.451232585144043
1789799606661768200,25.225768310546876,-1.5779285316467284,-2.1282956382751466,7.843703913879394
1789799606671739400,25.235739501953127,-0.86191259765625,-2.4459762710571287,6.212654032897949
1789799606681711000,25.245711181640626,-0.3532943824768066,-2.882020248413086,5.899312890625
1789799606691682300,25.255682373046874,-0.5096656784057617,-2.2800281684875485,5.408950463104247
1789799606701654300,25.265654296875,-1.2087725631713866,-1.8710685974121093,3.311480171203613
1789799606711625200,25.275625244140624,-0.9677063835144042,-1.9677344894409179,0.6675333503723144
1789799606721596200,25.28559619140625,0.1258452247619629,-1.9934721572875975,-1.654842259979248
1789799606731568400,25.295568359375,0.31648353195190426,-1.5222633430480956,-2.5821464904785154
1789799606741539300,25.305539306640625,-0.030825346374511717,-1.0366893188476562,-2.4066215812683103
1789799606751510300,25.31551025390625,0.24480711975097655,-0.9181763366699218,-1.7613842338562011
1789799606761482200,25.325482177734376,0.4417302062988281,-0.8717886795043944,-0.027084406280517576
1789799606771453400,25.335453369140627,0.08364742050170898,-0.9214683639526366,2.8903999542236325
1789799606781424400,25.34542431640625,-0.7327753456115722,-1.5652093353271483,4.866813424682617
1789799606791396400,25.355396240234374,-1.7477672119140624,-2.966864769744873,5.448903703308106
1789799606801367300,25.3653671875,-1.6686089195251463,-4.695777643585205,6.479008967590332
1789799606811338200,25.375338134765624,-1.4288894783020019,-5.901258179473877,9.368660733795165
1789799606821310200,25.385310302734375,-1.9361609550476073,-6.9153522201538085,12.316521527862548
1789799606831281200,25.39528125,-2.0108301193237303,-7.890540483856201,13.704559940338134
1789799606841252400,25.40525244140625,-0.9039607643127441,-8.94533595275879,13.277045306396484
1789799606851224000,25.41522412109375,0.4055179061889648,-9.324368003082276,13.820379445648193
1789799606861195300,25.4251953125,0.5792471641540528,-9.418190780639648,15.46295142211914
1789799606871166200,25.435166259765627,0.5662286926269531,-10.103531005859374,15.614683952331543
1789799606881138400,25.445138427734374,0.241964005279541,-11.224615933227538,14.138359353637695
1789799606891109000,25.455109130859373,0.4460696968078613,-11.14007068710327,12.323704132843018
1789799606901080300,25.465080322265624,0.9988310050964355,-10.01060605392456,11.251849977111815
1789799606911052300,25.47505224609375,0.7481880187988281,-8.641122704315185,11.290157203674315
1789799606921023500,25.4850234375,0.9798270294189453,-7.758410479736328,11.299883647918701
1789799606930994200,25.494994140625,1.3784616058349608,-7.614908017730713,10.791415070343017
1789799606940966400,25.50496630859375,1.1221323905944824,-8.167519688415528,10.711508589935303
1789799606950937300,25.514937255859376,0.6938695686340332,-8.360552197265624,10.702530333709715
1789799606960908300,25.524908203125,0.6832452987670898,-7.684339865875244,10.367940651702881
1789799606970880300,25.53488037109375,0.6551134292602538,-6.499060406494141,9.726893157196045
1789799606980851500,25.5448515625,0.2759317413330078,-5.719448490905761,8.627356044769286
1789799606990822400,25.554822509765625,0.18001403732299803,-5.410446839141845,7.38072516784668
1789799607000794400,25.56479443359375,0.4095581214904785,-5.275473720550536,6.468983248138428
1789799607010765300,25.574765380859375,0.6679822631835937,-4.959439101409912,6.538265458679199
1789799607020737500,25.584737548828127,0.2759317413330078,-4.460846605682373,6.892158391571044
1789799607030708200,25.594708251953126,0.7442974411010742,-3.9929298187255857,6.527940464019775
1789799607040679200,25.60467919921875,1.6629226905822754,-4.173841681671142,5.528061995697021
1789799607050651400,25.6146513671875,1.2108674896240235,-4.350114778900147,5.133617272186279
1789799607060622300,25.624622314453124,-0.60648120803833,-5.012859725952148,5.481973613739013
1789799607070593300,25.63459326171875,-1.5224129806518554,-5.774964041900635,7.138312249755859
1789799607080565200,25.644565185546874,-1.1227309410095214,-6.668300536346435,9.49974327468872
1789799607090536400,25.654536376953125,0.8328829025268554,-7.470507730102539,11.432013652038574
1789799607100507100,25.664507080078124,1.6207248863220214,-8.071003433990478,12.689418436431884
1789799607110479400,25.674479248046875,0.8894459167480468,-8.278401152801512,13.979593856048583
1789799607120450300,25.6844501953125,0.16594810256958006,-8.179341059112549,13.96283444442749
1789799607130421500,25.69442138671875,-0.4664204109191894,-7.926154233551025,12.72293725967407
1789799607140393200,25.704393310546877,-0.4462193344116211,-7.5613377555847165,11.17912610168457
1789799607150364400,25.714364501953124,-0.2781763053894043,-7.495796485137939,9.681702600860595
1789799607160335400,25.72433544921875,-0.5707178207397461,-7.506720030212402,8.644714006805419
1789799607170307300,25.734307373046875,-1.2375029830932616,-7.702146740722656,8.334515254211425
1789799607180278300,25.7442783203125,-1.2407950103759764,-8.105120807647705,8.111555224609374
1789799607190249200,25.754249267578125,-0.16744447860717773,-8.48460177078247,7.678653636932372
1789799607200221200,25.76422119140625,1.2158055305480957,-8.629151696014404,7.451503754425048
1789799607210192100,25.774192138671875,1.53213942489624,-8.641122704315185,7.700500727081298
1789799607220163300,25.784163330078126,0.8888473663330078,-8.555679632568358,8.069955970764159
1789799607230135300,25.79413525390625,0.07332242584228515,-8.2100167678833,9.051129738616943
1789799607240106200,25.804106201171876,-0.36930560607910157,-7.77606771697998,9.589825112152099
1789799607250077200,25.8140771484375,0.03561374969482422,-7.044040559387207,9.61451531677246
1789799607260049400,25.82404931640625,0.24929624786376953,-6.323385859680175,9.479691835784912
1789799607270020400,25.834020263671874,0.03860650177001953,-6.145167473602295,9.137620273590088
1789799607279992300,25.843992431640626,-0.6627449470520019,-6.508637213134765,9.081955084991455
1789799607289963300,25.85396337890625,-1.2984054878234863,-7.140556813812255,9.498246898651123
1789799607299934500,25.8639345703125,-0.13123217849731444,-8.05065271987915,10.145279897308349
1789799607309906200,25.87390625,1.5087959587097166,-8.287529046630858,11.349563332366943
1789799607319877400,25.88387744140625,2.044049667358398,-7.945008571624755,12.341660645294189
1789799607329848300,25.893848388671874,0.9614216041564941,-7.829937254333496,12.056750647735594
1789799607339820300,25.9038203125,-0.21068974609375,-7.856273472595214,10.77690022277832
1789799607349791200,25.913791259765624,-0.30151977157592774,-7.288249128723144,9.465176988220215
1789799607359762200,25.92376220703125,-0.2715922508239746,-6.472724188232421,8.90583162536621
1789799607369734400,25.933734375,0.1258452247619629,-5.969044013977051,8.7846251663208
1789799607379705000,25.943705078125,0.33369185638427734,-5.860257476043701,8.772354882812499
1789799607389676300,25.95367626953125,0.5386953735351562,-6.12855769958496,8.319850769042969
1789799607399648300,25.963648193359376,0.48018707046508785,-6.51851329498291,8.010998754882811
1789799607409619500,25.973619384765627,0.9112930068969726,-6.544550238037109,7.816020957183837
1789799607419591200,25.983591064453126,0.8659528129577636,-6.1918544059753415,7.461230198669433
1789799607429562400,25.993562255859374,0.8741828811645508,-5.644480051422119,6.9156514953613275
1789799607439533300,26.003533203125,0.7670423568725585,-5.124190103149414,5.529109458923339
1789799607449505300,26.01350537109375,0.3094505645751953,-4.426280319213867,4.547187503051758
1789799607459476200,26.023476318359375,-0.3646668403625488,-3.755454941558838,4.143016335296631
1789799607469447400,26.033447509765626,0.009576806640625,-2.9420249275207517,4.0328830589294435
1789799607479419100,26.043419189453125,0.7411550514221191,-2.026392430114746,4.1563340820312495
1789799607489390300,26.053390380859376,-0.251540811920166,-1.4438532386779783,3.9374142677307127
1789799607499361300,26.063361328125,-0.7625532287597656,-0.747589468383789,4.254795625305175
1789799607509333200,26.073333251953127,-0.8035539321899413,-0.2727893516540527,5.553051475524902
1789799607519304200,26.08330419921875,-0.23732523956298826,-0.8406640579223632,6.777984899902344
1789799607529275100,26.093275146484373,0.45549686584472654,-2.1254525238037107,6.913406931304931
1789799607539247400,26.103247314453125,0.8747814315795898,-3.0448259613037107,6.2310594581604
1789799607549218300,26.11321826171875,0.9932944137573242,-2.4967034187316894,6.9330094573974606
1789799607559189200,26.123189208984375,0.17522563400268554,-2.079364141845703,8.4023010887146
1789799607569161200,26.1331611328125,-1.0154407791137694,-3.116053460693359,7.717409776306152
1789799607579132400,26.14313232421875,-0.9401730644226074,-3.822492588043213,5.348945783996582
1789799607589104000,26.153104248046876,-0.8544307174682617,-3.0062194595336913,3.6686651313781735
1789799607599075300,26.163075439453124,-0.9823708686828613,-1.22583125,3.8968624771118163
1789799607609046800,26.173046875,-1.0154407791137694,-0.4125508735656738,4.097227228546142
1789799607619018500,26.1830185546875,-1.0245686729431152,-0.7267898414611816,3.5097499961853025
1789799607628989700,26.19298974609375,-0.7173626724243164,-1.6898574592590332,2.522291448974609
1789799607638960600,26.202960693359376,-0.18570026626586913,-1.7549498168945312,3.296217135620117
1789799607648932600,26.2129326171875,-0.18854338073730467,-1.2523171058654785,5.173420874786377
1789799607658903600,26.222903564453127,-0.5213374114990235,-2.0787655914306638,5.316773699188232
1789799607668874800,26.232874755859374,-0.5536591339111328,-3.7810429718017575,4.686949024963378
1789799607678846700,26.2428466796875,-0.323666136932373,-4.633079487609863,5.267692565155029
1789799607688817700,26.252817626953124,-0.45504795303344725,-4.667945049285889,6.515819818115234
1789799607698788600,26.26278857421875,-1.0046668716430665,-4.913649994659424,6.7748425102233885
1789799607708760800,26.2727607421875,-0.9656114570617675,-5.725284357452392,5.635950708007812
1789799607718731500,26.2827314453125,-0.15951368560791016,-6.415562623596191,4.814290625762939
1789799607728703700,26.292703857421873,0.32576106338500976,-6.440103190612793,5.070470203399658
1789799607738674700,26.3026748046875,-0.24794950942993163,-5.860257476043701,6.174047531127929
1789799607748646000,26.31264599609375,-1.1194389137268066,-5.58627102355957,6.834398276519775
1789799607758617600,26.32261767578125,-0.9777321029663085,-6.001964286804199,6.913855844116211
1789799607768588800,26.3325888671875,0.051475335693359374,-6.617872663879394,7.765443447113037
1789799607778559700,26.342559814453125,0.1740285331726074,-7.295431733703613,10.575338370513915
1789799607788531700,26.35253173828125,-0.43454760131835934,-8.704419410705565,13.549086470031737
1789799607798502700,26.362502685546875,0.19183540802001953,-11.124508376312255,13.89893918762207
1789799607808473600,26.3724736328125,1.4392144729614258,-12.873173413848876,13.35650287399292
1789799607818445600,26.382445556640626,1.2648866645812988,-13.01158819732666,13.192649697875975
1789799607828416500,26.39241650390625,0.701650724029541,-11.132738444519042,11.154735172271728
1789799607838387700,26.4023876953125,-0.15352818145751954,-8.680627031707763,9.559897591400146
1789799607848359700,26.412359619140624,-0.6792050834655762,-7.324461428833008,9.184007930755614
1789799607858330600,26.42233056640625,-0.6781576202392577,-6.263680455780029,9.547028757476806
1789799607868302600,26.432302490234374,-0.3404255485534668,-5.688024594116211,9.821015209960937
1789799607878273800,26.442273681640625,0.5942109245300292,-5.9756280685424805,10.267683457183837
1789799607888244700,26.45224462890625,1.3277344581604003,-7.139060437774658,11.356147386932372
1789799607898216700,26.462216796875,0.8038532073974609,-8.79779327545166,12.774412595367432
1789799607908187600,26.472187744140626,1.027262149810791,-10.315866765594482,13.750498684692381
1789799607918158800,26.482158935546874,2.027589530944824,-10.897059218597411,13.477709333038328
1789799607928130600,26.492130615234377,2.569128018951416,-9.861417362976074,12.241403450775145
1789799607938101800,26.502101806640624,1.9541174674987791,-7.871087595367431,10.745027413177489
1789799607948072700,26.51207275390625,1.3859434860229491,-6.1361892173767085,9.011026860809325
1789799607958044700,26.522044677734375,0.522833787536621,-5.117755686187744,7.6847887786865225
1789799607968015600,26.532015625,-0.44322658233642576,-4.67318236541748,6.956951473999023
1789799607977986600,26.541986572265625,-0.6039373687744141,-4.592677334594726,6.969521032714844
1789799607987958800,26.551958740234376,-0.34656069030761716,-4.677222580718994,7.206846272277832
1789799607997929500,26.561929443359375,-0.27623101654052734,-4.8389808303833,7.323413965606689
1789799608007901700,26.571901611328126,-0.24944588546752927,-4.939537300109863,7.439682383728027
1789799608017872600,26.58187255859375,-0.19018939437866209,-4.919186585998535,7.553855875396728
1789799608027843800,26.59184375,-0.05910685348510742,-4.7661073173522945,7.325808167266845
1789799608037815600,26.601815673828124,0.31004911499023435,-4.738274723052978,7.017105790710449
1789799608047786800,26.611786865234375,0.8755296195983886,-4.829104748535156,6.6814686454772945
1789799608057757700,26.6217578125,1.1510124481201172,-5.424512773895263,6.196343534088134
1789799608067729700,26.631729736328126,0.8068459594726562,-6.329820276641845,6.683264296722411
1789799608077700600,26.64170068359375,0.10714052429199218,-7.306804191589355,8.182184173583984
1789799608087671800,26.651671875,-0.03800795135498047,-8.578424548339843,10.160243657684326
1789799608097643500,26.6616435546875,-0.25094226150512694,-9.71058265838623,12.422315313720702
1789799608107614700,26.67161474609375,0.15263035583496093,-9.862614463806151,13.703961389923094
1789799608117586700,26.681586669921874,0.7383119369506835,-8.84867006072998,13.99470725402832
1789799608127557600,26.6915576171875,0.6438906089782714,-7.615656205749511,13.2788409576416
1789799608137528600,26.701528564453124,-0.28476035995483395,-7.491157719421386,11.76600478363037
1789799608147500800,26.711500732421875,-0.7484872940063476,-8.081777341461182,10.542418097686767
1789799608157471700,26.7214716796875,-0.6202478675842285,-8.425943830108642,10.541819547271729
1789799608167442700,26.731442626953125,0.06464344482421874,-8.697087168121337,10.934019706726074
1789799608177414700,26.74141455078125,0.43499651412963863,-9.29593685836792,11.125106926727295
1789799608187385600,26.751385498046876,0.2814683326721191,-9.93414123840332,10.800842239379882
1789799608197356800,26.761356689453127,0.16654665298461913,-10.161889671325683,10.147075548553467
1789799608207328500,26.77132861328125,0.733523533630371,-9.562142155456542,9.130886581420897
1789799608217299700,26.7812998046875,1.5254057327270507,-8.226925817108153,7.171681435394286
1789799608227271700,26.791271728515625,1.5990274337768553,-6.611138971710204,5.206341147613525
1789799608237242600,26.80124267578125,0.8942343200683593,-5.231929177856445,4.772541734313965
1789799608247213600,26.811213623046875,0.5401917495727538,-4.898237321472168,4.7478515296936035
1789799608257185800,26.821185791015626,0.7231985389709472,-4.9534535972595215,4.993706112670898
1789799608267156500,26.831156494140625,0.9434650917053222,-4.8144402633666985,5.961861408996581
1789799608277127700,26.841127685546876,1.3775637802124023,-4.680813883209228,7.7964184310913085
1789799608287099600,26.851099609375,1.6702549331665038,-4.3369466697692864,10.381258398437499
1789799608297070800,26.86107080078125,0.9612719665527343,-4.36672455291748,12.859855667114257
1789799608307041500,26.87104150390625,0.09262567672729492,-5.4990323005676265,13.488932153320311
1789799608317013800,26.881013671875,-0.5307645805358886,-6.940640975189209,11.246463023376464
1789799608326984700,26.890984619140625,-0.6637924102783203,-7.080701772308349,9.264512961578369
1789799608336956700,26.900956787109376,-0.26874913635253905,-5.7797524452209466,9.185953219604492
1789799608346927600,26.910927734375,0.535702621459961,-4.348618402862549,9.450662140655517
1789799608356898800,26.92089892578125,1.392377902984619,-3.7247792327880855,8.984241729736327
1789799608366870500,26.93087060546875,1.7726070541381835,-4.00310517578125,7.837119859313964
1789799608376841700,26.940841796875,1.5652093353271483,-4.22591556777954,7.538293564605713
1789799608386812700,26.950812744140624,1.3500304611206053,-4.244171355438232,8.067412131500244
1789799608396785000,26.960784912109375,1.0571896705627442,-4.649838899230957,8.278999703216552
1789799608406755600,26.970755615234374,0.7680898200988769,-5.467309128570556,7.191283961486816
1789799608416726500,26.9807265625,-0.42661680831909177,-4.5072342628479,6.8593877563476555
1789799608426698800,26.99069873046875,-0.82360537109375,-2.3454198013305665,6.68461103515625
1789799608436669700,27.000669677734376,-0.7682394577026367,-2.6268881340026855,4.99909306640625
1789799608446641700,27.0106416015625,-0.879120922088623,-3.7366006034851074,3.0807389862060544
1789799608456612600,27.020612548828126,-0.7471405555725097,-3.232920429229736,2.2545897758483884
1789799608466583800,27.030583740234373,-0.34431612625122066,-1.6710031211853027,1.6838719551086425
1789799608476555500,27.040555419921876,0.08723872299194335,0.5348047958374023,2.1281460006713866
1789799608486526700,27.050526611328124,-0.32097266006469727,1.3907318893432616,3.290231631469726
1789799608496497700,27.06049755859375,-1.2298714653015137,0.04384381790161133,3.0837317382812497
1789799608506469600,27.0704697265625,-0.9472060317993164,-2.403778466796875,0.7794622779846191
1789799608516440600,27.080440673828125,-0.14918869094848633,-2.573467509460449,-0.06778583450317383
1789799608526411800,27.090411865234376,0.06239888076782226,-1.0673650276184081,1.0715548805236816
1789799608536383700,27.1003837890625,-0.6790554458618163,-0.42871173477172847,2.492214290618896
1789799608546354700,27.110354736328127,-1.0238204849243164,-1.0971429107666015,3.746476685333252
1789799608556326700,27.12032666015625,-0.3829226280212402,-2.01756381149292,5.297470448303223
1789799608566297900,27.1302978515625,-0.2868552864074707,-2.525733113861084,6.648249097442626
1789799608576268800,27.140268798828124,-1.1092635566711424,-3.634697395324707,6.738630210113525
1789799608586240800,27.15024072265625,-1.4694412689208984,-4.744559502410889,6.657676266479492
1789799608596211700,27.160211669921875,-0.8400655075073241,-5.482123251342773,7.433397604370117
1789799608606182700,27.1701826171875,-0.321122297668457,-5.812373442840576,9.242665871429443
1789799608616154400,27.180154296875,-0.40671500701904295,-5.65031591796875,10.925490363311766
1789799608626125600,27.19012548828125,-0.9012672874450683,-5.625476075744628,10.722132859802246
1789799608636097500,27.20009765625,-0.8626607856750488,-5.929240411376953,8.354566693115235
1789799608646068500,27.210068359375,-0.10699088668823241,-6.078878015136718,5.818957497406005
1789799608656039400,27.220039306640626,0.9750386260986328,-5.881057102966309,4.329764064788818
1789799608666011600,27.23001171875,1.4130278923034667,-5.613056154632568,4.697872570037841
1789799608675982600,27.239982666015624,0.4734533782958984,-5.613205792236328,7.021445281219482
1789799608685953500,27.24995361328125,-0.6214449684143066,-6.577171235656738,9.019855479431152
1789799608695925500,27.259925537109375,-0.015861585998535155,-8.302193531799317,8.895356993103027
1789799608705896700,27.269896728515626,1.3193547523498534,-9.216030377960205,8.431779696655273
1789799608715867400,27.279867431640625,2.1999720504760742,-9.661950437164306,9.274837956237793
1789799608725839600,27.289839599609376,2.1658546768188476,-10.81505781173706,11.599158855438231
1789799608735810600,27.299810546875,1.4481927291870116,-12.549656914520263,14.51140589981079
1789799608745782500,27.309782470703126,0.505625463104248,-12.178406019592284,15.599720191955566
1789799608755753500,27.31975341796875,-0.1222539222717285,-10.141838232421874,14.104391617584227
1789799608765724700,27.329724609375,0.17642273483276366,-8.272266011047362,12.529156562805175
1789799608775696600,27.339696533203124,0.8930372192382812,-6.8770449935913085,11.8108960647583
1789799608785667600,27.34966748046875,0.7202057868957519,-6.025158115386962,11.349413694763182
1789799608795638500,27.359638427734374,0.6432920585632323,-5.756708254241943,10.653898112487793
1789799608805610800,27.36961083984375,0.7152677459716796,-5.97547843093872,9.820566297149657
1789799608815581400,27.37958154296875,0.6121674369812011,-6.364386563110351,8.948478342437744
1789799608825553700,27.3895537109375,1.3890858757019042,-6.612036797332763,8.505251760101318
1789799608835524600,27.399524658203124,1.7542016288757323,-6.708403414154052,8.383746025848389
1789799608845495600,27.40949560546875,1.873163523864746,-6.30094021911621,8.617180687713622
1789799608855467500,27.419467529296874,2.018012724304199,-5.53524460067749,8.672097688293457
1789799608865438500,27.4294384765625,1.6356886466979979,-4.965274967956542,8.641421979522704
1789799608875409700,27.43940966796875,1.1773486663818358,-4.236689475250244,8.819041815185546
1789799608885381400,27.44938134765625,0.184503165435791,-4.049642470550537,8.651746974182128
1789799608895352600,27.4593525390625,0.1945288848876953,-4.735281970977783,8.724770124816894
1789799608905323500,27.469323486328125,0.27099370040893556,-5.8551697975158685,9.203909732055664
1789799608915295500,27.47929541015625,0.03920505218505859,-6.404339803314208,9.879373875427245
1789799608925266400,27.489266357421876,-0.7900865478515624,-6.654833152008056,10.601225675964354
1789799608935238700,27.49923876953125,-1.744774459838867,-7.0735191673278806,11.59990704345703
1789799608945209600,27.509209716796875,-0.3220201232910156,-7.507318580627441,11.611429138946532
1789799608955180500,27.5191806640625,1.1959037292480468,-7.802403935241699,10.611849945831299
1789799608965152500,27.529152587890625,1.080233861541748,-7.5619363059997555,9.749937348175049
1789799608975123700,27.539123779296876,0.31004911499023435,-6.917746421813964,8.876053742218017
1789799608985094700,27.5490947265625,-0.03920505218505859,-6.233304022216797,7.887697369384765
1789799608995066600,27.559066650390626,-0.2171241630554199,-6.158934133148193,6.78007982635498
1789799609005037600,27.56903759765625,-0.26485855865478514,-6.766762079620361,6.258293502044677
1789799609015009500,27.579009521484377,-0.45804070510864253,-7.659051110839843,6.240486627197265
1789799609024980500,27.58898046875,0.03516483688354492,-8.176797219848632,6.634183162689209
1789799609034951400,27.598951416015623,0.9009680122375487,-8.151209189605712,7.199813304901123
1789799609044923600,27.608923583984375,1.103876602935791,-7.771877864074707,7.973738991546631
1789799609054894300,27.618894287109374,0.8421604339599609,-7.678952912139892,8.240243563842773
1789799609064865500,27.628865478515625,0.17612345962524412,-8.029853092956543,8.001421948242188
1789799609074837500,27.63883740234375,-0.650624301147461,-8.2360537109375,8.462904318237305
1789799609084808700,27.64880859375,-0.41629181365966794,-7.838915510559081,9.100809423065185
1789799609094780400,27.658780517578126,-0.19422960968017577,-7.042544183349609,9.475950895690918
1789799609104751600,27.668751708984374,-0.8373720306396484,-6.544400600433349,9.39155528717041
1789799609114722600,27.67872265625,-1.4435539634704588,-6.302436595153808,9.592219313812254
1789799609124694500,27.688694580078124,-1.1950059036254883,-6.006902327728271,9.968408249664305
1789799609134665500,27.69866552734375,-0.426467170715332,-5.8098296035766595,10.238204849243164
1789799609144636700,27.70863671875,0.3393780853271484,-5.862950952911377,10.083030654144286
1789799609154608400,27.7186083984375,0.7760206130981445,-6.0707975845336914,9.81936919631958
1789799609164579600,27.72857958984375,0.8755296195983886,-6.677129154968261,9.29533830795288
1789799609174550500,27.738550537109376,0.9986813674926758,-7.116016246795654,8.97631093673706
1789799609184522800,27.748522705078123,1.0503063407897948,-6.872106952667236,9.202114080810546
1789799609194493400,27.758493408203126,0.5716156463623047,-6.284779357910156,9.591620763397216
1789799609204465700,27.768465576171874,0.20066402664184568,-6.008697978973388,9.778817405700684
1789799609214436600,27.7784365234375,0.3827729904174804,-6.022015725708007,8.754847283172607
1789799609224407600,27.788407470703124,0.556053335571289,-5.943156708526611,7.804648499298096
1789799609234379500,27.798379638671875,0.4777928688049316,-5.554847126770019,7.911340110778808
1789799609244350500,27.8083505859375,0.35838206100463865,-4.914697457885742,9.014019612884521
1789799609254321700,27.81832177734375,0.36272155151367186,-4.664204109191894,10.372878692626953
1789799609264293400,27.82829345703125,0.381126976776123,-5.136011473846435,11.130194605255125
1789799609274264600,27.8382646484375,0.577152237701416,-5.487061292266845,10.836306351470947
1789799609284236500,27.848236572265623,0.6557119796752929,-5.31841971282959,9.724798230743408
1789799609294207500,27.85820751953125,0.5814917282104491,-4.746055878448486,8.377311608886718
1789799609304178400,27.868178466796873,0.3930979850769043,-4.151695316314697,7.103446688079834
1789799609314150700,27.878150634765625,-0.3155857063293457,-3.980809172821045,6.1379848686218255
1789799609324121600,27.88812158203125,-0.5262754524230957,-4.234145635986328,5.444115299987793
1789799609334092500,27.898092529296875,0.2976291938781738,-4.472667976379395,5.090970555114746
1789799609344064500,27.908064453125,0.9097966308593749,-4.2609307670593255,5.420023645782471
1789799609354035700,27.91803564453125,0.7604583023071289,-3.9935283691406247,6.335955418395995
1789799609364007400,27.92800732421875,0.056114101409912104,-3.734056764221191,7.662343138122558
1789799609373978600,27.937978515625,-0.45759179229736324,-4.266317720794677,7.774122428131103
1789799609383949600,27.947949462890627,-0.8560767311096191,-4.143016335296631,7.7884876380920405
1789799609393921500,27.957921630859374,-1.4238017997741699,-3.235464268493652,7.192181787109375
1789799609403892500,27.967892578125,-1.2837410026550293,-3.2652421516418455,4.578012849426269
1789799609413863700,27.97786376953125,-0.7618050407409668,-2.889502128601074,3.0322564025878904
1789799609423835400,27.98783544921875,-0.6640916854858399,-1.8746598999023436,2.7020062110900875
1789799609433806600,27.997806640625,-1.4800655387878416,-0.8933364944458008,3.357418915557861
1789799609443777500,28.007777587890626,-1.3033435287475585,-1.6029180114746093,2.346317626953125
1789799609453749800,28.017749755859374,-0.6884826148986816,-2.0081366424560545,1.1258733306884765
1789799609463720400,28.027720458984376,-0.3342904067993164,-1.0236708473205567,0.8581716575622558
1789799609473692700,28.037692626953124,-1.0983400115966797,-0.7043442008972167,0.5569511611938476
1789799609483663600,28.04766357421875,-1.1822867073059082,-0.6236895324707031,0.3435679382324219
1789799609493634600,28.057634521484374,-0.718260498046875,-0.541388850402832,0.8690952026367187
1789799609503606500,28.0676064453125,-0.3751414726257324,-0.5964554885864257,1.234061318206787
1789799609513577500,28.077577392578124,-0.1527799934387207,-0.8635586112976074,1.3215993164062498
1789799609523548700,28.087548583984375,-0.21338322296142576,-0.994641152191162,2.629132698059082
1789799609533520400,28.097520263671875,-0.4086602958679199,-1.2753612968444823,4.582950890350341
1789799609543491600,28.10749169921875,-0.20769699401855468,-2.1767782218933105,5.517737001037597
1789799609553463600,28.117463623046874,-0.5147533569335937,-3.372831588745117,6.382343075561523
1789799609563434500,28.1274345703125,-0.9285013313293456,-4.388870918273925,8.760982424926757
1789799609573405400,28.137405517578124,-0.5828384666442871,-5.6824880027771,11.559055977630615
1789799609583377700,28.147377685546875,-0.6194996795654296,-7.092523143005371,14.538191030883787
1789799609593348600,28.1573486328125,-0.8845078758239746,-8.526500299835204,16.249745942687987
1789799609603319600,28.167319580078125,-0.6382043800354004,-9.82520506286621,16.110433333587647
1789799609613291000,28.177291015625,0.5505167442321777,-10.119691867065429,15.102474434661865
1789799609623262000,28.187261962890624,1.5001169776916503,-9.812186591339112,13.57213066101074
1789799609633234000,28.19723388671875,1.1623849060058593,-9.696217448425292,12.231527368927
1789799609643204900,28.207204833984374,0.4011784156799316,-9.964517671966552,11.456703856658935
1789799609653176000,28.217176025390625,0.3342904067993164,-10.198999797058105,11.065551160430907
1789799609663148000,28.22714794921875,0.6681319007873535,-9.973645565795898,10.409390267944335
1789799609673119000,28.237118896484375,0.4885667762756347,-8.76562119064331,9.05921016921997
1789799609683090000,28.24708984375,0.2415150924682617,-6.918793885040283,7.273584643554687
1789799609693062100,28.257062255859374,0.8400655075073241,-5.325303042602539,5.821800611877441
1789799609703033000,28.267033203125,1.4245499877929686,-4.424035755157471,5.10743069152832
1789799609713005000,28.277005126953124,1.401954709625244,-3.99667075881958,5.102642288208007
1789799609722976000,28.28697607421875,0.7710825721740722,-3.6982933769226074,5.512649322509765
1789799609732947000,28.296947021484375,-0.36915596847534177,-3.2863410537719724,6.357054320526123
1789799609742919000,28.3069189453125,-0.5966051261901855,-3.312677272033691,7.003339131164551
1789799609752889900,28.316889892578125,0.3676595924377441,-3.9077860221862792,7.307702017211914
1789799609762861000,28.326861083984376,0.5361515342712402,-4.961234752655029,7.69930362625122
1789799609772832800,28.336832763671875,-0.2002151138305664,-6.1744964439392085,8.487893798065185
1789799609782804000,28.346803955078126,-0.8325836273193359,-7.77606771697998,9.415198028564452
1789799609792776000,28.35677587890625,-0.22744915771484372,-9.387365434265137,10.653000286865234
1789799609802747100,28.3667470703125,0.9334393722534179,-10.455029737091063,12.11047054748535
1789799609812717800,28.3767177734375,1.3440449569702149,-10.429441706848143,13.121422198486327
1789799609822690000,28.38668994140625,1.2957120109558105,-9.516652323913574,12.817059312438964
1789799609832661000,28.396660888671875,0.7844003189086913,-8.47203221206665,12.594099282836913
1789799609842632000,28.4066318359375,0.7990648040771484,-8.262389929199218,12.406004814910888
1789799609852604000,28.41660400390625,1.4540285957336425,-8.856900128936767,11.737872914123534
1789799609862575000,28.4265751953125,1.2123638656616211,-9.421033895111083,11.316643059539794
1789799609872546000,28.436546142578123,0.4471171600341797,-9.531167171478272,11.014973650360107
1789799609882518000,28.44651806640625,0.24121581726074218,-8.888473663330078,10.261697953033446
1789799609892489000,28.456489013671874,0.24690204620361328,-8.093598712158203,9.127145641326903
1789799609902461000,28.4664609375,-0.2678513107299805,-7.333439685058593,8.05648858642578
1789799609912431900,28.476431884765624,-0.9516951599121093,-6.296151815795898,7.408557762145995
1789799609922402800,28.48640283203125,-0.8560767311096191,-5.411943215179443,6.613233898162841
1789799609932375000,28.496375,-0.38232407760620113,-5.1888335479736325,5.496488461303711
1789799609942346000,28.506345947265626,-0.7082347785949706,-5.108328517150879,5.604526811218261
1789799609952317000,28.51631689453125,-0.744447078704834,-5.342361729431152,5.9856537879943845
1789799609962289000,28.526288818359376,-0.24316110610961914,-5.763741221618652,6.604704554748535
1789799609972260000,28.536260009765623,0.42272623062133785,-6.159233408355712,7.46347476272583
1789799609982231800,28.546231689453126,1.0471639511108397,-6.608445494842529,8.351424303436279
1789799609992203000,28.556203125,1.301248602294922,-7.139359712982177,9.409062886810302
1789799610002174000,28.566174072265625,1.2897265068054198,-7.605031935882568,10.554389105987548
1789799610012146000,28.57614599609375,0.9614216041564941,-8.02566324005127,11.423334671020507
1789799610022116900,28.586116943359375,0.26485855865478514,-8.458115914916991,11.445181761169433
1789799610032088000,28.596088134765626,0.3573345977783203,-8.346037349700927,10.807127018737793
1789799610042059800,28.606059814453126,0.2893991256713867,-7.7504796867370604,10.560823522949217
1789799610052031000,28.616031005859377,-0.029478607940673827,-7.873182521820068,10.254365710449218
1789799610062003000,28.6260029296875,-1.5237597190856933,-8.84881969833374,10.927585289764403
1789799610071974100,28.63597412109375,-1.3144167114257812,-9.216479290771483,12.135609664916991
1789799610081944800,28.64594482421875,0.0896329246520996,-8.208071479034423,12.967295466613768
1789799610091917000,28.6559169921875,1.0012252067565917,-7.191732874298095,12.181698046874999
1789799610101888000,28.665887939453125,1.3117232345581054,-6.870311301422118,9.389460360717774
1789799610111859000,28.67585888671875,1.1353004997253417,-6.5786676116943354,7.338078450775146
1789799610121831000,28.685830810546875,0.19093758239746092,-6.4089785690307615,6.856245366668701
1789799610131801900,28.6958017578125,-0.09831190567016601,-6.434865874481201,7.002142030334472
1789799610141773800,28.70577392578125,0.7559691741943358,-6.138433781433105,7.453149768066406
1789799610151744800,28.715744873046877,1.4929343727111815,-5.568613786315917,7.8016557472229
1789799610161716000,28.725716064453124,1.7871219017028808,-5.199906730651855,7.864353903198242
1789799610171688200,28.735688232421875,1.8227356513977049,-5.257068295288086,7.555651526641845
1789799610181659000,28.745658935546874,1.3881880500793455,-5.536591339111328,7.321618314361571
1789799610191629800,28.7556298828125,1.0116998390197753,-5.703586904907226,7.787140899658203
1789799610201602000,28.76560205078125,0.8017582809448242,-5.341912816619873,9.45574981918335
1789799610211573000,28.775572998046876,0.3930979850769043,-4.847061260986328,11.514463971710205
1789799610221545000,28.785544921875,0.04279635467529297,-5.1319712585449215,11.909656883239746
1789799610231516000,28.795515869140626,-0.17552490921020505,-5.966051261901855,10.160393295288085
1789799610241487000,28.805487060546874,-0.6214449684143066,-5.847089366912842,8.973467822265624
1789799610251458800,28.815458740234376,-0.2657563842773437,-5.110722718811035,9.258677095031738
1789799610261430000,28.825429931640624,0.2750339157104492,-4.796633388519287,8.958204786682128
1789799610271401000,28.83540087890625,1.0194809944152832,-4.800823241424561,7.019499992370605
1789799610281373000,28.845373046875,0.7779659019470214,-4.825064533233642,4.4279263328552245
1789799610291344000,28.85534375,0.026785131072998045,-4.561851988220215,3.596240531158447
1789799610301316000,28.865316162109377,0.591218172454834,-3.352331237030029,3.0377929939270016
1789799610311287000,28.875287109375,0.7549217109680175,-0.9220669143676757,3.2769138847351074
1789799610321258000,28.885258056640627,0.17612345962524412,0.49260699157714843,3.321655528259277
1789799610331230000,28.89522998046875,0.9198223503112792,-0.9427169036865234,1.8583494010925292
1789799610341201200,28.905201171875,2.166153952026367,-3.2116718894958494,-0.46791678695678707
1789799610351172000,28.915172119140625,1.2592004356384277,-2.1727380065917967,-0.8717886795043944
1789799610361144000,28.92514404296875,-1.011250926208496,1.6123451805114746,2.1230583221435544
1789799610371115000,28.935114990234375,-1.7708114028930664,1.97910694732666,4.422838654327393
1789799610381086000,28.9450859375,-0.9843161575317382,-1.6322469818115233,4.352359342956543
1789799610391058000,28.955057861328125,-0.7487865692138671,-3.1784523414611816,5.342062454223632
1789799610401028900,28.96502880859375,-1.0116998390197753,-2.592770760345459,6.066308456420898
1789799610411001000,28.9750009765625,-1.2499229042053221,-2.6759692680358884,6.438606814575195
1789799610420971800,28.9849716796875,-1.6166846710205076,-3.0054712715148924,6.274155088043212
1789799610430943000,28.99494287109375,-1.8038813133239746,-3.124582804107666,5.863399865722656
1789799610440915000,29.0049150390625,-1.1454758567810057,-2.8568811309814452,6.188113465881347
1789799610450886000,29.014885986328125,-0.7815572044372558,-2.524984925842285,6.336254693603515
1789799610460856800,29.02485693359375,-1.294814185333252,-2.564040340423584,6.226420692443847
1789799610470829000,29.0348291015625,-0.9641150810241699,-2.8727427169799804,6.394613359069824
1789799610480800000,29.044800048828126,-0.5192424850463867,-3.053056029510498,6.58270782699585
1789799610490772000,29.05477197265625,-0.6148609138488769,-3.39003991317749,6.890512377929687
1789799610500743000,29.064742919921876,-0.07287351303100585,-4.073734124755859,7.336881349945068
1789799610510714000,29.074714111328124,0.30885201416015623,-4.723610237884521,8.174851930999756
1789799610520685800,29.084685791015627,-0.7975684280395507,-5.023483995819092,9.500940375518798
1789799610530657000,29.094656982421874,-2.1312883903503415,-5.805789388275146,9.306561128234863
1789799610540628000,29.1046279296875,-1.6289549545288085,-6.942586264038085,7.508366043853759
1789799610550600000,29.114599853515625,0.692073917388916,-7.517344300079345,5.345504119110107
1789799610560571000,29.12457080078125,1.76841720123291,-7.034613390350342,5.261258148193359
1789799610570543000,29.134543212890627,0.8904933799743652,-5.754164414978027,8.080430603027343
1789799610580514000,29.14451416015625,-0.6280290229797363,-5.52866054611206,10.54690722579956
1789799610590484700,29.154484619140625,-0.5934627365112304,-6.964283716583251,10.593594158172607
1789799610600457000,29.16445703125,0.4164414512634277,-8.507496324157714,10.014945544433592
1789799610610428000,29.174427978515624,1.2158055305480957,-8.716839331817626,10.32978306274414
1789799610620399000,29.184399169921875,0.8617629600524902,-8.23006820678711,11.226710859680175
1789799610630370800,29.194370849609374,0.7854477821350098,-8.214954808807372,12.016049219512938
1789799610640342000,29.204342041015625,1.0060136100769042,-9.185953219604492,12.85835929107666
1789799610650313700,29.214313720703124,0.29822774429321286,-9.944017320251465,13.416058640289306
1789799610660285000,29.224284912109376,0.6896797157287597,-8.635436475372314,12.08533143005371
1789799610670255900,29.234255859375,1.4667477920532226,-6.833500450897216,9.569025485229492
1789799610680228000,29.24422802734375,1.0172364303588866,-5.912480999755859,8.525602474212645
1789799610690198800,29.25419873046875,0.06314706878662109,-5.897816514587402,8.508094874572754
1789799610700169700,29.264169677734376,-0.33399113159179683,-6.369623879241943,8.365340600585936
1789799610710142000,29.274141845703124,0.14963760375976562,-7.204751345825195,8.527547763061524
1789799610720113000,29.28411279296875,0.0579097526550293,-8.136095791625976,9.076867406463622
1789799610730084900,29.2940849609375,0.6896797157287597,-8.685714710235596,10.157999093627929
1789799610740056000,29.30405615234375,1.5230115310668944,-8.46619634552002,10.556184757232666
1789799610750027000,29.314027099609376,2.1300912895202635,-7.364115393829345,9.93414123840332
1789799610759999000,29.3239990234375,1.796549070739746,-6.7757403358459465,9.031826487731934
1789799610769970000,29.333969970703127,0.9056067779541015,-6.624456718444824,8.519168057250976
1789799610779940900,29.34394091796875,-0.14335282440185546,-6.48589229736328,8.799888201904297
1789799610789912800,29.353912841796873,-0.7487865692138671,-5.965751986694335,9.968707524871826
1789799610799883800,29.3638837890625,-0.318578458404541,-5.74563507156372,10.244938541412353
1789799610809856000,29.37385595703125,0.5714660087585449,-5.61859274597168,9.279775997161865
1789799610819827000,29.383826904296875,0.9739911628723144,-5.493794984436035,7.90385823059082
1789799610829798000,29.3937978515625,1.0226233840942383,-5.828534304046631,6.976554000091553
1789799610839769900,29.403769775390625,0.14170681076049804,-6.488286499023437,7.654262707519531
1789799610849741000,29.413740966796876,-0.10848726272583008,-7.249343351745605,8.847173684692383
1789799610859712000,29.4237119140625,1.5797241828918456,-8.199392498016357,8.384045301055908
1789799610869684000,29.43368408203125,2.830844187927246,-8.83639977722168,7.3374799003601066
1789799610879655000,29.443655029296874,1.6537947967529296,-8.65683465270996,7.407659936523437
1789799610889627000,29.453626953125,0.05731120223999023,-7.991096953582764,8.137592167663573
1789799610899597800,29.463597900390624,-0.1833060646057129,-7.394192552185058,8.5678002784729
1789799610909569000,29.473569091796875,0.7836521308898925,-7.011269924163818,8.409932606506347
1789799610919541000,29.483541015625,1.1602899795532227,-6.706907038116455,8.872612077331542
1789799610929512000,29.493511962890626,0.5445312400817871,-6.373514456939697,9.51859761276245
1789799610939483000,29.50348291015625,0.3247136001586914,-6.395211909484863,9.351901322174072
1789799610949455000,29.513455078125,0.0056862289428710935,-6.956352923583984,8.75335090713501
1789799610959426000,29.523426025390624,-0.49111061553955077,-7.745541645812988,8.513481828308105
1789799610969396700,29.533396728515626,-0.5223848747253418,-8.37566559524536,8.61927561416626
1789799610979369000,29.543368896484374,-0.24750059661865234,-8.315960191345214,9.180117353057861
1789799610989340000,29.55333984375,0.034715924072265626,-7.481281637573241,9.911845235443115
1789799610999312000,29.563311767578124,-0.09891045608520507,-6.478410417175293,10.179846183776855
1789799611009282800,29.57328271484375,-0.5505167442321777,-5.737105728149413,9.686640641784667
1789799611019254000,29.58325390625,-0.3247136001586914,-5.410147563934326,8.396764497375488
1789799611029225700,29.593225830078126,-0.3274070770263672,-5.293280595397949,7.965658560943603
1789799611039197000,29.603197021484377,-0.3366846084594726,-5.462371087646484,8.558822022247314
1789799611049168000,29.61316796875,-0.256029940032959,-6.043862815856933,8.95670841064453
1789799611059139800,29.623139892578124,-0.14514847564697264,-6.33954672088623,9.36536870651245
1789799611069110800,29.63311083984375,0.3468599655151367,-6.151601890563964,9.758167416381836
1789799611079083000,29.6430830078125,1.255758770751953,-5.613505067443847,10.103830281066895
1789799611089054000,29.653053955078125,1.6195277854919432,-5.303904865264892,10.166827712249756
1789799611099025000,29.66302490234375,1.3054384552001952,-5.866242980194092,9.162609753417968
1789799611108996900,29.672996826171875,-0.023942016601562498,-6.563703851318359,8.658480666351318
1789799611118968000,29.682968017578126,-0.5428852264404297,-6.978798564147949,9.210344149017333
1789799611128939000,29.69293896484375,0.008230068206787108,-6.984185517883301,10.684873096466063
1789799611138911000,29.702910888671877,0.4031237045288086,-6.77349577178955,12.298864290618896
1789799611148882000,29.7128818359375,0.5155015449523925,-7.032967376708984,12.823643367004394
1789799611158854000,29.72285400390625,0.6564601676940918,-7.613860554504394,12.11765315246582
1789799611168824800,29.732824951171875,0.7178115852355956,-7.1775173019409175,11.601553057098387
1789799611178795800,29.742795654296874,0.5210381362915039,-6.1088055358886715,10.849773735809325
1789799611188768000,29.75276806640625,1.0116998390197753,-5.752817676544189,8.932317481231689
1789799611198738700,29.76273876953125,1.1777975791931152,-5.467159490966797,7.043442008972168
1789799611208710000,29.7727099609375,0.5300163925170898,-4.711190316772461,5.863998416137695
1789799611218681900,29.782681884765626,0.4652233100891113,-3.564966271972656,5.35014288482666
1789799611228653000,29.792653076171874,0.5805939025878906,-2.718316709899902,4.731690668487548
1789799611238624800,29.802624755859377,0.24779987182617186,-2.5917232971191404,3.5112463722229004
1789799611248596000,29.812595947265624,0.12779051361083985,-2.8733412673950194,2.1719898185729978
1789799611258567000,29.82256689453125,0.9599252281188965,-2.6427497200012207,1.1183914505004882
1789799611268539000,29.832538818359374,1.973271080780029,-2.018760912322998,0.13482348098754882
1789799611278509800,29.842509765625,1.4049474617004394,-0.37454292221069335,0.5653308670043945
1789799611288481000,29.85248095703125,0.2602197929382324,1.0576385833740234,1.9623475357055662
1789799611298452700,29.86245263671875,-0.035763387298583985,-0.5066729263305664,1.3120225097656248
1789799611308424000,29.872423828125,-0.004638765716552734,-1.6677110939025879,1.77485161819458
1789799611318396000,29.88239599609375,0.1788169364929199,-1.1736077262878417,3.5998318336486816
1789799611328367000,29.8923671875,-0.6970119583129882,-0.8907926551818847,4.727351177978515
1789799611338337800,29.902337890625,-1.7929577682495117,-0.7633014167785644,6.017975510406494
1789799611348310000,29.91231005859375,-1.8332102836608886,-1.8369512237548826,6.804770030975342
1789799611358281000,29.922281005859375,-1.8936638755798338,-3.0205846694946286,8.542511523437499
1789799611368252000,29.932251953125,-1.7658733619689941,-3.5730467025756836,9.784503634643555
1789799611378223900,29.942223876953125,-2.2008698760986327,-3.6979941017150875,8.399457974243164
1789799611388195000,29.952195068359377,-2.0880431228637693,-3.79855057144165,6.610390783691406
1789799611398166800,29.962166748046876,-1.232714579772949,-4.06670115737915,5.279364298248291
1789799611408138000,29.972137939453123,-0.6527192276000976,-3.8230911384582518,4.949563019561768
1789799611418109000,29.98210888671875,-0.6546645164489746,-3.3449989944458007,5.792322003936767
1789799611428081200,29.9920810546875,-0.9265560424804687,-3.103483901977539,6.504896273040771
1789799611438051800,30.0020517578125,-1.0763432838439941,-3.3672949974060056,6.198288822937012
1789799611448022800,30.012022705078124,-0.6229413444519043,-3.692607147979736,5.805639750671387
1789799611457995000,30.0219951171875,-0.03681085052490234,-3.8238393264770507,5.598840582275391
1789799611467966000,30.031966064453126,0.02424129180908203,-3.839551274871826,5.692962635040283
1789799611477937000,30.04193701171875,-0.27293898925781246,-3.9873932273864745,6.500706420135498
1789799611487908900,30.051908935546876,-0.4887164138793945,-4.319289432525634,8.04975489425659
1789799611497880000,30.061880126953124,-0.3968389251708984,-4.998045603179931,9.136722447967529
1789799611507851800,30.071851806640623,0.19647417373657225,-6.047903031158447,9.926509720611572
1789799611517823000,30.081822998046874,0.9267056800842285,-7.364414669036865,10.943297238159179
1789799611527794000,30.0917939453125,1.412878254699707,-8.966285217285156,12.401964599609375
1789799611537766000,30.101765869140625,1.0359411308288573,-11.071686302185057,13.574524862670897
1789799611547736800,30.11173681640625,0.9892541984558105,-12.56462067489624,13.478307883453368
1789799611557708000,30.1217080078125,0.9424176284790039,-12.197110720062255,11.768099710083007
1789799611567680000,30.131679931640626,1.2357073318481444,-9.877428586578368,9.823708686828613
1789799611577651000,30.14165087890625,1.0944494338989257,-7.6930188468933105,10.146476998138427
1789799611587623000,30.151622802734376,-0.07466916427612304,-7.203105332183838,11.630882027435302
1789799611597594000,30.161593994140624,-0.4605845443725586,-7.655160533142089,12.386551926422118
1789799611607565300,30.1715654296875,-0.16639701538085935,-7.714417024230957,11.888557981109619
1789799611617537300,30.181537353515626,1.0250175857543944,-6.730849054718017,9.8694977935791
1789799611627508500,30.191508544921874,2.4384943908691405,-5.6115597785949705,7.342268303680419
1789799611637479400,30.2014794921875,1.5423147819519043,-5.2928316825866695,6.3973068359375
1789799611647451400,30.211451416015624,0.0848445213317871,-5.37558127746582,6.075286712646484
1789799611657422300,30.22142236328125,0.32172084808349605,-5.39458525314331,5.670666632080078
1789799611667393500,30.2313935546875,0.5566518859863281,-5.633855781555176,5.035604641723633
1789799611677365200,30.241365234375,1.2651859397888183,-6.019920799255371,4.8588826316833496
1789799611687336400,30.25133642578125,1.3660416847229002,-6.087257720947266,5.229385338592529
1789799611697308400,30.261308349609376,0.5933130989074706,-6.102520756530762,6.0537388977050774
1789799611707279400,30.271279296875,0.04025251541137695,-6.158934133148193,6.835745014953613
1789799611717250300,30.281250244140626,-0.28954876327514645,-6.515071630096435,7.733720275115966
1789799611727222500,30.291222412109374,-0.48018707046508785,-7.2909426055908195,9.420435344696044
1789799611737193500,30.301193359375,-0.1858499038696289,-8.28693049621582,11.75283667449951
1789799611747164200,30.3111640625,0.9026140258789062,-9.07207900314331,13.038223690795897
1789799611757136400,30.321136474609375,1.9825486122131346,-8.502707920837402,13.115436694335937
1789799611767107300,30.331107421875,1.5982792457580566,-7.767089460754394,12.122291918182372
1789799611777079300,30.341079345703125,0.6821978355407714,-7.238569444274902,10.920851597595215
1789799611787050200,30.35105029296875,0.27099370040893556,-6.9147536697387695,10.218303047943115
1789799611797021400,30.361021484375,0.31753099517822264,-7.046285123443603,10.037540822601319
1789799611806993200,30.3709931640625,0.18315642700195311,-7.766790185546874,10.353725079345702
1789799611816964400,30.38096435546875,0.1279401512145996,-8.279149340820313,10.330231975555419
1789799611826935300,30.390935302734373,0.15726912155151365,-8.632892636108398,9.797222830963134
1789799611836907300,30.4009072265625,-0.01092354507446289,-8.463802143859862,9.413851290130614
1789799611846878200,30.410878173828124,-0.1236006607055664,-8.131008113098144,8.690652751159668
1789799611856850400,30.420850341796875,0.05686228942871093,-7.928099522399902,7.588571799468994
1789799611866821400,30.4308212890625,-0.2937386161804199,-7.840112611389159,7.161356440734862
1789799611876792300,30.440792236328125,-0.38322190322875976,-7.970446964263916,7.249941902160644
1789799611886764300,30.450764404296876,-0.29822774429321286,-8.115445802307129,7.62957250289917
1789799611896735500,30.460735595703124,-0.22744915771484372,-7.892785047912597,8.623615104675292
1789799611906706400,30.47070654296875,-0.21862053909301757,-7.334187873077392,8.974216010284424
1789799611916678400,30.480678466796874,-0.36436756515502927,-6.447435433197021,8.75948604888916
1789799611926649300,30.4906494140625,-0.15502455749511718,-5.577891317749023,8.03134946899414
1789799611936620300,30.500620361328124,0.11222820281982421,-5.369446135711669,7.356034963226318
1789799611946592300,30.51059228515625,0.05716156463623046,-5.624877525329589,7.832032180786133
1789799611956563200,30.520563232421875,0.7038952880859375,-6.150255152130127,9.230694863128662
1789799611966535400,30.530535400390626,1.0595838722229003,-6.696282768249511,10.121936431121826
1789799611976506000,30.540506103515625,0.31977555923461914,-6.611438246917724,9.770587337493897
1789799611986477300,30.550477294921876,0.05731120223999023,-5.736507177734374,8.698433906555175
1789799611996449300,30.56044921875,0.6373065544128418,-5.0294694999694824,7.942315094757079
1789799612006420500,30.57042041015625,0.5768529624938965,-5.091269830322266,8.020874836730956
1789799612016391200,30.58039111328125,-0.30346506042480464,-5.608118113708496,9.470414304351806
1789799612026363400,30.59036328125,-0.27249007644653317,-6.359598159790039,11.107300051879882
1789799612036334300,30.600334228515624,0.1701379554748535,-6.991817035675048,12.939911785125732
1789799612046306300,30.610306396484376,0.6432920585632323,-7.140257538604736,14.159458255767822
1789799612056277200,30.62027734375,0.7401075881958007,-7.139210075378418,13.27928987045288
1789799612066248400,30.63024853515625,0.35613749694824215,-7.006930433654785,11.85563770828247
1789799612076220200,30.64022021484375,-0.10414777221679687,-6.665457421875,11.509226655578612
1789799612086191400,30.65019140625,0.679953271484375,-6.5586161727905266,11.883171027374267
1789799612096162300,30.660162353515624,0.8176198669433593,-7.344812142944336,11.318139435577391
1789799612106134500,30.670134521484375,0.4493617240905761,-8.042871564483642,9.466374089050293
1789799612116105200,30.680105224609374,0.3172317199707031,-7.519738501739502,7.524077992248535
1789799612126076200,30.690076171875,0.9513958847045898,-6.183175424957275,6.789506995391846
1789799612136048400,30.70004833984375,1.8972551780700682,-4.5790603126525875,6.791452284240722
1789799612146019300,30.710019287109375,2.316839019012451,-3.365648983764648,6.995707613372803
1789799612155991300,30.7199912109375,1.866130556488037,-3.3482910217285156,6.069450846099853
1789799612165962200,30.729962158203126,0.4773439559936523,-3.768024500274658,3.8790556022644043
1789799612175933400,30.739933349609377,-0.36212300109863277,-3.0328549530029294,2.156726782989502
1789799612185905200,30.7499052734375,-0.09172785110473632,-1.9690812278747558,1.1671733093261718
1789799612195876400,30.75987646484375,0.2814683326721191,-1.2179004570007324,1.2183493698120116
1789799612205847300,30.769847412109375,0.15771803436279297,-0.5529109458923339,2.195034009552002
1789799612215819300,30.7798193359375,0.10624269866943359,-0.3827729904174804,2.770091320800781
1789799612225790200,30.789790283203125,0.5403413871765136,-0.6922235549926757,2.3508067550659177
1789799612235762400,30.799762451171876,0.8385691314697266,-1.004966146850586,1.6199766983032227
1789799612245733400,30.8097333984375,0.08349778289794921,-1.3051391799926757,2.1721394561767577
1789799612255704300,30.819704345703126,-1.0428244606018067,-1.3491326354980469,4.252850336456299
1789799612265676300,30.82967626953125,-1.3979144943237305,-0.8078934226989746,6.356605407714843
1789799612275647500,30.8396474609375,-0.8436568099975585,-1.7052701324462889,4.604049792480469
1789799612285618400,30.849618408203124,-1.0299556266784666,-2.6702830390930172,2.389562894439697
1789799612295590400,30.85959033203125,-1.1876736610412597,-2.433705987548828,2.742857276916504
1789799612305561300,30.869561279296875,-1.2943652725219725,-1.355417414855957,4.664353746795654
1789799612315533300,30.879533203125,-1.4999673400878906,-0.809539436340332,6.35914924697876
1789799612325504300,30.889504150390625,-1.6343419082641601,-1.5646107849121094,6.295553265380859
1789799612335475500,30.899475341796876,-1.0951976219177246,-2.638110954284668,5.676502498626709
1789799612345447400,30.909447509765624,-0.09232640151977539,-3.5009213775634764,5.617395645141602
1789799612355418400,30.91941845703125,0.2050035171508789,-3.7886744895935056,6.546944439697265
1789799612365389300,30.929389404296874,-0.35449148330688474,-3.947290349578857,8.033743670654296
1789799612375361500,30.939361572265625,-0.6738181297302246,-4.360140498352051,8.811260659790038
1789799612385332200,30.949332275390624,-0.8249521095275878,-5.264999088287353,8.939051173400879
1789799612395304400,30.959304443359375,-0.7972691528320313,-6.35870033416748,8.932766394042968
1789799612405275400,30.969275390625,-0.6233902572631835,-7.190685411071777,9.085546387481688
1789799612415246300,30.979246337890626,-0.8876502655029296,-7.743895632171631,9.907056832122802
1789799612425218300,30.98921826171875,-0.4474164352416992,-8.233210596466064,10.794108547210692
1789799612435189200,30.999189208984376,0.6093243225097655,-8.624213655090331,11.483189712524414
1789799612445160400,31.009160400390623,1.1997943069458008,-8.566004627227782,12.630012307739257
1789799612455132200,31.019132080078126,0.3404255485534668,-8.49103618774414,13.8664678276062
1789799612465103400,31.029103271484374,-0.5576993492126464,-8.94443812713623,13.635427367401123
1789799612475074300,31.03907421875,0.07796119155883789,-9.24446152267456,11.878831536865233
1789799612485046300,31.04904638671875,1.37262573928833,-8.596680335998535,9.490914656066893
1789799612495017200,31.059017333984375,0.6796539962768554,-7.345111418151855,8.072050897216796
1789799612504989400,31.068989501953126,-0.04608838195800781,-6.315155791473388,7.051821714782714
1789799612514960400,31.07896044921875,0.1452981132507324,-5.457582684326171,6.357652870941162
1789799612524931300,31.088931396484377,0.1331774673461914,-4.668393962097167,5.995230594635009
1789799612534903300,31.0989033203125,0.5698199951171875,-4.272602500152588,5.812223805236816
1789799612544874500,31.10887451171875,1.1662754837036131,-4.421641553497314,6.507140837097167
1789799612554845400,31.118845458984374,1.2378022583007813,-4.945971717071533,7.811681466674804
1789799612564817400,31.1288173828125,1.1749544647216796,-5.904550206756592,8.659528129577636
1789799612574788400,31.138788330078125,1.0443208366394043,-6.843226895141601,9.090035515594481
1789799612584759300,31.14875927734375,0.6554127044677734,-7.8356234832763665,9.855581496429442
1789799612594731300,31.158731201171875,-0.08918401184082031,-9.019556204223631,10.703877072143554
1789799612604702200,31.1687021484375,-0.19228432083129882,-9.725696056365965,11.423484308624268
1789799612614674400,31.17867431640625,0.4433762199401855,-9.305214389801025,11.750891385650634
1789799612624645000,31.18864501953125,1.2442366752624512,-8.170362802886963,11.023054080963135
1789799612634616000,31.198615966796876,1.1221323905944824,-7.01620796508789,10.212616819000244
1789799612644588300,31.20858837890625,0.06868366012573242,-6.207416716766357,9.680056587219237
1789799612654559200,31.218559326171874,-0.5767033248901366,-5.42645806274414,9.526079492950439
1789799612664530200,31.2285302734375,-0.07781155395507812,-4.9917608238220215,9.24446152267456
1789799612674502100,31.238502197265625,0.5472247169494628,-5.208136798858642,8.825476232147217
1789799612684473300,31.248473388671876,0.9843161575317382,-5.749974562072754,8.334215979003906
1789799612694445000,31.258445068359375,1.1909656883239745,-6.323236222076416,8.323292433929442
1789799612704416300,31.268416259765626,1.675192974090576,-6.86312869644165,8.422352527618408
1789799612714387200,31.27838720703125,1.6255132896423339,-7.42501789855957,8.533533267211913
1789799612724359200,31.288359130859376,0.5264250900268554,-7.9846625366210935,9.138069186401367
1789799612734330000,31.298330078125,-0.2877531120300293,-8.337208731079102,9.616310968017578
1789799612744301300,31.30830126953125,0.044891281127929686,-8.882937071990966,9.538798689270019
1789799612754273300,31.318273193359374,0.5169979209899902,-9.371653485870361,10.367342101287841
1789799612764244200,31.328244140625,0.8843582382202148,-9.585784896850585,11.74056639099121
1789799612774215200,31.338215087890624,0.7044938385009765,-9.791835877227783,12.66577569503784
1789799612784187400,31.3481875,0.563086302947998,-9.426570486450196,12.80733286819458
1789799612794158300,31.358158447265627,1.1013327636718748,-8.507795599365235,11.547833157348633
1789799612804130300,31.36813037109375,1.4324807807922362,-7.748085485076904,9.11756883468628
1789799612814101200,31.378101318359374,0.5268740028381347,-7.176619476318359,7.594108390808105
1789799612824072200,31.388072265625,-0.47120881423950195,-6.627898383331298,7.493252645874023
1789799612834044200,31.398044189453124,-0.8102876243591308,-6.345232949829101,7.650372129821777
1789799612844015000,31.40801513671875,-0.5336076950073242,-6.0598740394592285,8.029104904937745
1789799612853986300,31.417986328125,0.5196913978576659,-5.492747521209717,8.305485559082031
1789799612863958000,31.4279580078125,0.9504980590820312,-5.304353778076171,8.072499810028075
1789799612873929200,31.43792919921875,0.946757118988037,-5.8557683479309075,7.333439685058593
1789799612883901200,31.447901123046876,0.5683236190795898,-6.783820766448974,6.931363443756103
1789799612893872400,31.457872314453127,0.37873277511596676,-7.468412803649902,7.168838320922851
1789799612903843000,31.467843017578126,0.7647977928161621,-8.09539436340332,7.4880153297424314
1789799612913815300,31.477815185546874,1.2684779670715332,-8.014889332580566,8.706663974761963
1789799612923786200,31.4877861328125,1.8005892860412596,-6.964582991790771,10.610203932189942
1789799612933757200,31.497757080078124,2.1447557746887207,-6.369025328826904,11.587038209533691
1789799612943729200,31.507729248046875,1.2241852363586425,-7.047482224273681,10.229825143432617
1789799612953700400,31.517700439453126,-1.2690765174865721,-7.130830369567871,9.471012854766846
1789799612963671300,31.52767138671875,-2.0115783073425293,-6.6905965393066404,10.433481922149658
1789799612973643300,31.537643310546876,-0.7772177139282226,-6.439504640197754,12.166285373687744
1789799612983614200,31.5476142578125,-0.19722236175537108,-6.752247232055663,12.894272315979004
1789799612993586200,31.557586181640627,-0.37065234451293944,-7.772177139282226,11.760767467498779
1789799613003557000,31.56755712890625,-0.12389993591308593,-8.25460877380371,10.013748443603514
1789799613013528000,31.577528076171873,0.10758943710327148,-7.200262217712402,9.140613025665283
1789799613023500300,31.587500244140625,0.3320458427429199,-5.664082577514648,8.047211054992676
1789799613033471200,31.59747119140625,0.21697452545166016,-4.7685015190124505,6.432172397613525
1789799613043442200,31.607442138671875,0.015861585998535155,-4.589534944915771,4.679167869567871
1789799613053414100,31.6174140625,-0.05686228942871093,-4.5404538108825685,3.758896606445312
1789799613063385300,31.62738525390625,0.21906945190429686,-4.135983367919922,3.4669536415100097
1789799613073356000,31.63735595703125,0.9871592720031738,-3.184587483215332,3.5935470542907715
1789799613083328300,31.647328369140624,1.6180314094543455,-2.390909632873535,3.7234324943542476
1789799613093299200,31.65729931640625,1.7961001579284668,-2.1651064888000486,3.560028231048584
1789799613103270400,31.6672705078125,1.5560814414978026,-1.9201497314453124,3.573794890594482
1789799613113242000,31.6772421875,1.05973350982666,-0.9935936889648437,4.713135605621337
1789799613123213300,31.68721337890625,0.4375403533935547,-0.35090018081665036,6.216544610595703
1789799613133185000,31.69718505859375,-0.15472528228759766,-1.670105295562744,5.5461681457519525
1789799613143156200,31.70715625,-0.006733692169189453,-3.5308488983154294,4.419845902252197
1789799613153127200,31.717127197265626,-0.2032078659057617,-3.976170407104492,4.814589900970459
1789799613163099400,31.727099365234373,-0.7377133865356444,-2.9761423011779784,6.003011750030518
1789799613173070000,31.737070068359376,-1.2882301307678221,-2.1083938369750976,7.275380294799804
1789799613183041000,31.747041015625,-0.7203554244995117,-1.4469956283569334,7.6939166725158685
1789799613193013200,31.75701318359375,-0.4739022911071777,-1.1297639083862303,7.1112278434753415
1789799613202984200,31.766984130859374,-0.7441478034973145,-2.115127529144287,5.222801284027099
1789799613212956200,31.7769560546875,-1.0287585258483887,-2.403628829193115,3.667168755340576
1789799613222927000,31.786927001953124,-0.9479542198181152,-1.549497386932373,3.0897172424316404
1789799613232898300,31.796898193359375,-1.0057143348693847,-1.1770493911743163,3.6725557090759273
1789799613242870000,31.8068701171875,-0.6602011077880859,-1.5122376235961914,4.521449835205078
1789799613252841200,31.81684130859375,-0.27952304382324217,-1.9150620529174804,5.089474179077148
1789799613262812200,31.826812255859377,-0.026036943054199218,-2.170194167327881,5.008969148254394
1789799613272784100,31.8367841796875,-0.4400841926574707,-2.4378958404541016,4.587440018463134
1789799613282755000,31.846755126953123,-1.251868193054199,-2.8022634056091307,4.049043920135498
1789799613292726300,31.856726318359375,-1.4727332962036133,-3.2323218788146972,4.123563446807861
1789799613302698200,31.8666982421875,-1.2901754196166992,-3.7078701835632324,4.83928010559082
1789799613312669200,31.876669189453125,-1.0040683212280272,-3.8946179130554195,6.459855354309082
1789799613322641200,31.88664111328125,-0.7109282554626465,-4.043058415985107,7.943512195587158
1789799613332612400,31.8966123046875,-0.5268740028381347,-4.453963275909423,8.87336026535034
1789799613342583300,31.906583251953126,-0.5327098693847656,-5.063586873626709,9.258976370239257
1789799613352555300,31.91655517578125,-0.6667851623535156,-6.105064595794677,9.02195040588379
1789799613362526200,31.926526123046877,-0.3136404174804687,-7.454646144104004,8.609698807525634
1789799613372497400,31.936497314453124,0.031872809600830075,-8.66985312423706,8.548197752380371
1789799613382469000,31.94646923828125,0.2654571090698242,-9.23757819290161,9.65297218093872
1789799613392440300,31.9564404296875,0.8848071510314941,-9.424475559997559,10.70627127380371
1789799613402411300,31.966411376953126,1.0615291610717772,-9.728090258026123,10.73844335861206
1789799613412383200,31.97638330078125,0.45504795303344725,-9.851541281127929,10.423456202697754
1789799613422354200,31.986354248046876,0.33039982910156246,-9.484480239105224,9.604489597320557
1789799613432326400,31.996326416015624,0.3066074501037597,-8.412177170562744,8.759635686492919
1789799613442297300,32.00629736328125,0.13407529296874998,-6.8387377670288085,8.596530698394774
1789799613452268000,32.01626806640625,0.5071218391418457,-5.842001688385009,9.413701652526855
1789799613462240300,32.026240234375,0.7621043159484863,-6.657975541687011,11.623400147247313
1789799613472211200,32.036211181640624,0.9283516937255859,-9.84435867614746,14.497489602661132
1789799613482182100,32.04618212890625,1.6424223388671875,-11.59990704345703,15.312565630340575
1789799613492154000,32.05615405273438,1.894860976409912,-9.37195276107788,13.117830895996093
1789799613502125300,32.06612524414062,1.7133505630493162,-7.02234310684204,10.481665230560303
1789799613512096300,32.07609619140625,0.5425859512329101,-5.9208607055664055,8.930521829986573
1789799613522068200,32.086068115234376,-0.5683236190795898,-5.506214905548095,8.209268579864501
1789799613532039200,32.0960390625,-1.3617021942138672,-5.575497116088867,7.736563389587402
1789799613542010400,32.10601025390625,-0.9867103591918944,-5.740248117828369,7.877970925140381
1789799613551982000,32.115982177734374,-0.20979192047119138,-5.636399620819091,8.321047869873047
1789799613561953300,32.125953369140625,1.1626841812133788,-5.10772996673584,8.330175763702393
1789799613571925200,32.13592529296875,2.4009353523254395,-4.652981288909912,7.513453722381591
1789799613581896200,32.14589624023437,1.903091044616699,-4.755333409881591,7.292289344024658
1789799613591867100,32.1558671875,0.2528875503540039,-5.4779333984375,7.84624775314331
1789799613601839400,32.16583935546875,0.5575497116088867,-6.864176159667968,9.09198080444336
1789799613611810300,32.17581030273438,2.1513398292541503,-8.131008113098144,10.797400574493407
1789799613621781000,32.185781005859376,2.4187422271728516,-7.589469625091552,11.004798293304443
1789799613631753200,32.19575317382812,1.6430208892822264,-6.260687703704834,9.716119249725342
1789799613641724200,32.20572412109375,0.9144353965759277,-5.8822542037963865,7.5804913688659665
1789799613651696000,32.21569604492188,-1.0881646545410155,-6.116586691284179,8.138340355682372
1789799613661667000,32.2256669921875,-1.85146607131958,-6.935104383850097,10.179546908569336
1789799613671638300,32.23563818359375,-0.14036007232666015,-8.665663271331786,12.390442504119873
1789799613681610000,32.24560986328125,2.1881506797790524,-9.810241302490233,13.612532814025878
1789799613691581200,32.255581298828126,2.9135937828063962,-9.541492166137695,12.58302610015869
1789799613701552000,32.26555224609375,1.7311574378967285,-9.088539139556884,10.506804347991944
1789799613711524400,32.2755244140625,-0.3259107009887695,-8.868422224426268,9.791985514831543
1789799613721495000,32.2854951171875,-0.8794201972961425,-8.905382712554932,8.922291761779785
1789799613731466000,32.29546606445312,-0.13557166900634765,-8.225878353881836,7.722048542022705
1789799613741438200,32.30543823242188,0.5758054992675781,-6.8031240173339835,6.9062243263244625
1789799613751409200,32.3154091796875,0.29613281784057616,-5.867888993835449,6.209960556030273
1789799613761380000,32.32538012695313,-0.6171054779052734,-5.965901624298096,5.756558616638183
1789799613771352000,32.33535205078125,-1.3631985702514648,-6.931213806152344,6.235398948669433
1789799613781323300,32.3453232421875,-0.5855319435119628,-7.764994534301757,7.23946726989746
1789799613791295000,32.355294921875,1.0212766456604003,-7.808987989807129,7.8806644020080565
1789799613801266200,32.36526611328125,1.1525088241577148,-7.146542317962646,8.31895294342041
1789799613811237000,32.37523706054687,0.2171241630554199,-6.2675710334777825,8.38224964981079
1789799613821209000,32.385208984375,-0.3413233741760254,-5.73994884262085,8.588749542999267
1789799613831180000,32.39517993164063,-0.04997895965576172,-5.721693054962158,9.484929151916504
1789799613841151200,32.40515112304688,0.5434837768554687,-5.757755717468261,10.425251853942871
1789799613851123200,32.415123291015625,0.22819734573364256,-5.7523687637329095,10.633248123168945
1789799613861094100,32.42509423828125,-0.5111620544433594,-5.763142671203613,10.174758505249024
1789799613871065000,32.435065185546875,-0.4993406837463379,-5.584774647521972,9.079860158538818
1789799613881037300,32.44503735351562,-0.0909796630859375,-5.307496167755127,8.235455160522461
1789799613891008300,32.45500830078125,0.09442132797241211,-5.428702626800537,8.371176467132567
1789799613900979200,32.46497924804687,0.4100070343017578,-5.764489409637451,9.424325922393798
1789799613910951200,32.474951171875,0.8677484642028808,-6.187514915466308,10.972925483703612
1789799613920922400,32.48492236328125,1.2623428253173827,-6.862380508422851,12.013505380249022
1789799613930894000,32.49489404296875,1.15565121383667,-7.700650364685058,12.331934201049805
1789799613940865300,32.504865234375,0.9069535163879394,-8.54834738998413,11.926565932464598
1789799613950836200,32.514836181640625,0.7662941688537597,-9.028833735656738,11.564891844177245
1789799613960808200,32.52480810546875,0.7978677032470702,-8.825326594543457,11.89319674682617
1789799613970779100,32.53477905273437,1.4526818572998046,-8.30578483428955,12.27088205871582
1789799613980750000,32.54475,2.1799206115722654,-7.669076830291748,11.40792199783325
1789799613990722300,32.55472241210938,2.0337246726989746,-6.42903000793457,9.330353507232665
1789799614000693000,32.56469287109375,0.9527426231384277,-4.831349312591552,7.625532287597656
1789799614010664200,32.57466430664063,-0.1945288848876953,-3.876062850189209,6.195894621276855
1789799614020636200,32.58463623046875,-0.921917276763916,-3.497778987884521,4.980538003540039
1789799614030607000,32.594607177734375,-0.8017582809448242,-2.676418180847168,3.6715082458496093
1789799614040579000,32.6045791015625,0.10639233627319335,-1.697638614654541,2.3153426429748536
1789799614050550300,32.61455029296875,-0.07466916427612304,-0.8309376136779785,1.5553332534790039
1789799614060521200,32.62452124023437,0.18884265594482422,-0.6540659660339355,0.8916904808044434
1789799614070493200,32.6344931640625,1.103278052520752,-1.0549451065063475,0.10295067138671875
1789799614080464100,32.644464111328126,1.2880804931640624,-1.2822446266174317,0.2407669044494629
1789799614090435300,32.65443530273438,1.1201871017456053,-0.856824919128418,1.4221557861328125
1789799614100407000,32.66440698242187,0.5113116920471191,-0.14604630126953125,1.9919757812499999
1789799614110378200,32.674378173828124,-0.05880757827758789,-0.45459904022216796,1.496525675201416
1789799614120349200,32.68434912109375,0.15322890625,-1.7522563400268554,1.0586860466003418
1789799614130321200,32.69432104492188,-0.5093664031982421,-1.8652327308654784,3.2728736694335936
1789799614140292000,32.7042919921875,-1.0383353324890137,-1.5529390518188475,6.331167015075684
1789799614150264300,32.71426440429688,-1.5958850440979002,-1.552639776611328,9.11053586730957
1789799614160235300,32.7242353515625,-1.2012906829833985,-1.9505261650085448,9.974393753814697
1789799614170206000,32.7342060546875,-1.0549451065063475,-2.9728502738952636,9.095123194122314
1789799614180178200,32.74417822265625,-1.2195464706420898,-3.806182089233398,9.810390940093994
1789799614190149000,32.754149169921874,-1.4559738845825194,-4.2521021484374995,10.588955392456054
1789799614200120300,32.764120361328125,-1.9402011703491209,-4.652981288909912,10.044873065185547
1789799614210092000,32.77409204101563,-1.6133926437377928,-5.161599504089355,8.42010796356201
1789799614220063200,32.78406323242187,-0.7823053924560547,-5.200206005859375,6.7453639022827145
1789799614230034200,32.7940341796875,-0.3238157745361328,-5.274575894927978,5.212326651763916
1789799614240006100,32.804006103515626,0.05820902786254883,-4.799027590179443,5.013757551574707
1789799614249977000,32.81397705078125,0.12779051361083985,-3.7442321212768555,5.555744952392578
1789799614259948300,32.8239482421875,-0.8126818260192871,-3.163488581085205,5.705083280944824
1789799614269920000,32.833919921875,-1.132008472442627,-3.2728736694335936,4.839579380798339
1789799614279891200,32.84389111328125,0.28535891036987304,-3.6113539291381835,3.550451424407959
1789799614289862100,32.853862060546874,1.406443837738037,-3.6260184143066403,3.7090672843933103
1789799614299834400,32.86383447265625,0.8714894042968749,-3.1886276985168456,5.862352402496337
1789799614309805000,32.87380517578125,-0.4429273071289062,-3.0060698219299313,8.128763549041748
1789799614319777300,32.88377734375,-1.4489409172058105,-3.9082349349975583,8.155249404907225
1789799614329748200,32.893748291015626,-1.011250926208496,-5.498882662963867,7.2888476791381835
1789799614339719200,32.90371923828125,0.4848258361816406,-6.942885539245605,6.319944194793701
1789799614349691100,32.91369116210937,0.6904279037475586,-7.728931871795654,6.270414147949219
1789799614359662000,32.923662109375,0.16355390090942382,-8.160636358642577,7.877372374725342
1789799614369633300,32.93363330078125,0.24869769744873046,-8.832808474731445,9.407117597961426
1789799614379605000,32.94360498046875,0.7661445312499999,-9.453056342315673,10.312574738311767
1789799614389576200,32.953576171875,1.1209352897644043,-9.985317298889159,11.279532933807372
1789799614399547100,32.96354711914063,1.124825867462158,-10.146925910949706,12.300959217071533
1789799614409519000,32.97351904296875,1.142183829498291,-10.20872624130249,12.426654804229736
1789799614419490000,32.983489990234375,0.46357729644775386,-9.738714527893066,11.968464461517334
1789799614429461200,32.993461181640626,-0.23822306518554687,-8.10781428451538,11.30616842727661
1789799614439433200,33.00343310546875,-0.06120177993774414,-6.286575009155273,10.165181698608398
1789799614449404200,33.01340405273437,-0.029628245544433593,-5.236268668365478,9.783007258605956
1789799614459376000,33.02337622070313,0.48991351470947264,-5.665429315948486,10.296563514709472
1789799614469347300,33.03334741210937,1.3060370056152344,-7.236175242614745,10.918607033538818
1789799614479318000,33.04331811523438,1.6846201431274412,-8.79105958328247,10.94958201751709
1789799614489290200,33.053290283203125,1.9457377616882323,-8.996212738037109,10.134057077026366
1789799614499261200,33.06326123046875,2.252345211791992,-8.237101174163818,8.800037839508056
1789799614509232400,33.073232421875,2.1447557746887207,-7.925406045532226,8.54849702758789
1789799614519204000,33.0832041015625,1.0911574066162109,-8.002319773864746,8.834903401184082
1789799614529175300,33.09317529296875,0.5743091232299804,-7.934833214569092,9.25762963180542
1789799614539146200,33.10314624023437,1.740434969329834,-7.247697338104247,9.336787924194335
1789799614549118200,33.1131181640625,1.5785270820617674,-6.238541338348388,8.88054287033081
1789799614559089200,33.12308911132813,-0.33578678283691404,-4.839579380798339,8.881739971160888
1789799614569060000,33.13306005859375,-1.6576853744506834,-3.723282856750488,8.262689204406739
1789799614579032000,33.143031982421874,-1.1842319961547851,-3.8242882392883297,7.082497423553466
1789799614589003000,33.1530029296875,-1.1777975791931152,-4.518307445526123,7.420977683258056
1789799614598975200,33.16297534179687,-2.1881506797790524,-5.641636936950683,9.743802206420899
1789799614608946200,33.1729462890625,-0.7842506813049316,-7.355286775207519,11.909507245635986
1789799614618916900,33.18291674804688,3.2845454025268555,-8.715193318176269,11.656170782470703
1789799614628889000,33.19288916015625,4.418948076629638,-8.611045545959472,10.518625718688964
1789799614638860000,33.20286010742188,2.850446714019775,-7.490259893798828,8.627804957580565
1789799614648831200,33.21283129882813,1.6799813774108885,-6.616226650238037,6.200234111785888
1789799614658803000,33.222802978515624,0.5711667335510253,-6.2946554397583006,4.550329892730713
1789799614668774100,33.232774169921875,-1.5988777961730956,-6.489333962249756,5.09471149520874
1789799614678745000,33.2427451171875,-2.7870003700256345,-7.138461887359619,6.361393811035156
1789799614688717000,33.25271704101562,-2.0049942527770996,-7.932588650512695,7.277026308441162
1789799614698688000,33.26268798828125,-0.48722003784179685,-8.181735260772705,8.38913297958374
1789799614708659000,33.27265893554687,0.03142389678955078,-8.281543542480469,9.470863217163085
1789799614718631000,33.282630859375,-1.4270938270568847,-8.595183959960938,11.164162341308593
1789799614728601900,33.292601806640626,-0.4574421546936035,-8.927080165100097,11.895890223693847
1789799614738573000,33.30257299804688,0.8075941474914551,-9.561992517852783,12.198008545684814
1789799614748545000,33.312544921875,0.5077203895568847,-9.695618898010252,13.409923498535155
1789799614758516000,33.322515869140624,0.7133224571228027,-9.004293168640137,13.289914140319823
1789799614768488000,33.33248803710938,0.5747580360412597,-8.423549628448486,11.394005700683593
1789799614778459100,33.34245922851562,-0.33833062210083004,-7.98047268371582,9.07192936553955
1789799614788430000,33.35243017578125,-1.140238540649414,-7.401524794769287,7.902661129760742
1789799614798402000,33.362402099609376,-0.33788170928955075,-7.017105790710449,6.958298212432861
1789799614808373000,33.372373046875,0.03815758895874023,-6.622361791992187,7.0263833221435545
1789799614818344200,33.38234423828125,0.20081366424560546,-6.495319466400146,7.344213592529297
1789799614828316000,33.39231591796875,1.1685200477600097,-6.566995878601074,7.452102304840087
1789799614838287000,33.402287109375,1.2922703460693359,-6.153397541809082,8.220790675354003
1789799614848258000,33.412258056640624,0.6564601676940918,-5.8174611213684075,9.385420145416258
1789799614858230000,33.42222998046875,0.6097732353210449,-5.5157917121887206,9.856030409240722
1789799614868201000,33.43220092773438,0.8646060745239257,-5.041141233062744,9.175478587341308
1789799614878172200,33.44217211914062,0.8183680549621581,-4.659266068267822,7.602338459014892
1789799614888144100,33.45214404296875,0.03486556167602539,-4.422838654327393,6.985981169128418
1789799614898115000,33.462114990234376,-0.5321113189697265,-4.575169734954834,7.564330507659911
1789799614908086000,33.4720859375,-0.09950900650024413,-5.046677824401855,8.666710734558105
1789799614918058200,33.482058349609375,0.6021417175292968,-5.678747062683105,9.656114570617675
1789799614928029200,33.492029296875,0.6977601463317871,-6.355408306884765,10.79021796951294
1789799614938000000,33.50199975585937,0.7841010437011718,-6.664559596252441,11.190049646759032
1789799614947972000,33.51197216796875,1.038185694885254,-6.140678345489501,10.306888509368896
1789799614957943000,33.52194311523437,0.6382043800354004,-4.7949873748779295,9.558101940155028
1789799614967915000,33.5319150390625,0.201112939453125,-4.055179061889648,8.469787648010254
1789799614977886000,33.541885986328126,0.10579378585815429,-4.319439070129394,7.051372801971435
1789799614987857200,33.55185717773438,-0.15936404800415038,-4.002506625366211,6.4558151390075675
1789799614997828900,33.56182885742187,0.1936310592651367,-2.8841151748657223,6.7757403358459465
1789799615007800000,33.57180004882812,0.16280571289062498,-2.0509329971313477,7.016058327484131
1789799615017771000,33.58177099609375,0.8840589630126953,-1.7832313240051267,7.461978386688232
1789799615027743000,33.59174291992188,1.7319056259155272,-2.2102970451354977,7.784597060394287
1789799615037714000,33.6017138671875,0.41060558471679687,-2.9104513931274414,7.774272065734863
1789799615047685000,33.61168505859375,-0.7224503509521484,-3.5398271545410154,7.131728195190429
1789799615057657000,33.621656982421875,-0.6648398735046386,-3.6248213134765623,5.953182427978516
1789799615067628000,33.6316279296875,0.006733692169189453,-3.605817337799072,4.333654642486572
1789799615077599000,33.641598876953125,-0.632667788696289,-3.1585505401611327,2.2547394134521483
1789799615087571200,33.6515712890625,-0.5526116706848144,-2.517951958465576,0.848445213317871
1789799615097542100,33.661542236328124,-0.17866729888916014,-2.143857949066162,0.2647089210510254
1789799615107512800,33.67151293945312,-0.05282207412719726,-0.787841983795166,1.2693757926940916
1789799615117485000,33.68148510742188,0.18285715179443357,0.7867945205688476,2.4699182876586914
1789799615127456000,33.6914560546875,-0.24690204620361328,1.1682207725524902,3.5378818656921385
1789799615137427200,33.70142724609375,-0.8925883064270019,0.20066402664184568,4.601057040405273
1789799615147399000,33.71139892578125,-0.5913678100585937,-1.734599102783203,4.244919543457031
1789799615157370000,33.7213701171875,-0.6959644950866699,-2.4607903938293454,4.339789784240723
1789799615167341800,33.731341796875,-1.0275614250183105,-1.861042877960205,5.696254662322998
1789799615177313000,33.74131298828125,-1.5441104331970215,-1.9256863227844236,6.501903520965576
1789799615187284000,33.75128393554687,-1.6208745239257811,-2.4741081405639647,6.405237628936767
1789799615197256200,33.76125610351563,-1.6600795761108398,-2.929156093597412,5.72678073348999
1789799615207227000,33.77122680664063,-1.696890426635742,-3.293822933959961,5.493944622039795
1789799615217198000,33.78119799804688,-1.163282731628418,-3.829226280212402,5.45848050994873
1789799615227170000,33.791170166015625,-0.35224691925048823,-4.429572346496582,5.866093342590331
1789799615237141200,33.801141357421876,0.14484920043945312,-4.516212519073486,7.511658071136474
1789799615247112000,33.81111181640625,0.46941316299438474,-4.557662135314941,9.384522319793701
1789799615257084200,33.82108422851562,-0.10594342346191406,-5.223399834442138,10.73156002883911
1789799615267055000,33.83105517578125,-0.7905354606628417,-6.750601218414306,10.95481933364868
1789799615277026000,33.84102612304687,-0.9035118515014647,-8.13400086517334,10.375422531890868
1789799615286998000,33.850998046875,-0.7902361854553223,-8.506299223327636,10.155604891967773
1789799615296969000,33.86096899414063,-0.3263596138000488,-8.339303657531739,10.231321519470214
1789799615306940200,33.87094018554688,0.496048656463623,-7.969998051452636,9.756671040344237
1789799615316911900,33.880911865234374,0.8168716789245605,-7.568071447753906,8.947430879211426
1789799615326883000,33.890883056640625,0.4161421760559082,-7.355286775207519,9.182062641906738
1789799615336854000,33.90085400390625,-0.04414309310913086,-7.543830155944824,10.261548315429687
1789799615346826000,33.91082592773437,-0.05566518859863281,-8.058284237670899,10.80862339477539
1789799615356797000,33.920796875,0.15367781906127928,-8.526201024627685,10.678887592315673
1789799615366769200,33.93076904296875,0.6548141540527344,-8.428637306976318,10.848726272583008
1789799615376740000,33.94073999023438,1.426196001434326,-8.327781562042237,11.511471219635009
1789799615386711000,33.9507109375,1.9439421104431152,-8.48400322036743,11.92596738204956
1789799615396683000,33.96068310546875,1.6549918975830078,-7.958475955963134,11.328913343048095
1789799615406654200,33.970654296875,0.6401496688842773,-6.35870033416748,9.668085578918456
1789799615416625000,33.980625,-0.39549218673706055,-4.6079403701782224,8.228721468353271
1789799615426597000,33.99059716796875,-0.3277063522338867,-3.4688989303588866,7.033715564727783
1789799615436568000,34.00056811523437,0.20709844360351562,-3.1967081291198727,6.749404117584228
1789799615446539000,34.0105390625,-0.2141314109802246,-3.8084266532897946,7.472901931762695
1789799615456511000,34.02051098632813,-0.730979694366455,-5.02468109664917,8.953865296173095
1789799615466482200,34.03048217773438,0.43454760131835934,-6.823175456237792,10.468048208618164
1789799615476453000,34.040453125,2.2852654846191407,-8.355614156341552,11.289708290863036
1789799615486425000,34.050425048828124,3.182791831970215,-9.09153189163208,11.557110688781737
1789799615496396000,34.06039599609375,2.7009587478637695,-9.140014475250243,11.426327423095703
1789799615506367000,34.070366943359375,1.9238906715393065,-8.536376381683349,10.520720645141601
1789799615516339000,34.0803388671875,1.0989385620117187,-7.87841983795166,9.517699787139891
1789799615526310000,34.09030981445313,0.5234323379516601,-7.350947284698486,8.785672629547118
1789799615536281000,34.10028100585937,-0.9612719665527343,-6.745812815093994,9.237428555297852
1789799615546253000,34.11025317382813,-1.4564227973937987,-6.67189183883667,10.229226593017577
1789799615556224000,34.12022412109375,0.38786066894531246,-7.420229495239258,9.047987348937987
1789799615566195000,34.13019482421875,0.7983166160583496,-8.32553699798584,8.684068696594238
1789799615576167200,34.140167236328125,-0.09906009368896483,-8.927529077911377,10.499172830200195
1789799615586138000,34.15013818359375,-0.3238157745361328,-9.568127659606933,12.344653397369385
1789799615596109000,34.160109130859375,1.319654027557373,-9.498396536254882,11.743858418273925
1789799615606081000,34.1700810546875,2.4429835189819333,-8.643516905975341,9.942371306610108
1789799615616052500,34.180052490234374,1.7338509147644041,-7.152976734924316,8.518120594024658
1789799615626023200,34.19002319335937,0.5337573326110839,-5.851129582214355,7.224054596710205
1789799615635995400,34.19999536132813,0.1484405029296875,-4.988319158935546,5.943007070922851
1789799615645966300,34.20996630859375,-0.06988076095581054,-4.60270305404663,5.10772996673584
1789799615655938300,34.219938232421875,-0.37184944534301756,-4.433462924194336,5.127781405639648
1789799615665909200,34.2299091796875,-0.24121581726074218,-4.524592224884033,5.193771588897705
1789799615675880200,34.239880126953125,-1.4226046989440917,-4.87115291519165,6.018274785614014
1789799615685852400,34.24985229492187,-1.915959878540039,-5.052364053344726,7.632864530181885
1789799615695823000,34.25982299804687,-0.4170400016784668,-5.340715715789795,7.968950588226318
1789799615705794300,34.26979418945312,1.5623662208557128,-5.625775350952148,7.414992179107665
1789799615715766300,34.27976635742188,0.421978042602539,-5.840954225158691,8.493131114196776
1789799615725737200,34.2897373046875,-1.4273931022644042,-5.922805994415283,10.220248336791991
1789799615735708200,34.29970825195313,0.18989011917114257,-6.158185945129394,10.435576848602294
1789799615745680400,34.309680419921875,3.149422646331787,-6.434117686462402,9.83852280960083
1789799615755651300,34.3196513671875,2.0884920356750487,-7.716362313079833,10.084227754974364
1789799615765622300,34.329622314453125,-1.1547533882141112,-9.998485408020018,12.491597524261474
1789799615775594200,34.33959423828125,-1.010652375793457,-11.47226616744995,15.081375532531737
1789799615785565400,34.3495654296875,1.3660416847229002,-10.331129801177978,16.64359211578369
1789799615795536400,34.35953637695312,1.8077718910217284,-8.362647123718261,16.175076778411864
1789799615805508400,34.36950830078125,0.5044283622741699,-7.8709379577636716,12.091316934204102
1789799615815479300,34.37947924804688,0.26665420989990235,-7.575254052734374,8.617479962921141
1789799615825450200,34.3894501953125,0.629525399017334,-6.7948939491271965,7.975833917999267
1789799615835422200,34.399422119140624,0.30181904678344723,-6.504148085021972,8.073996186065674
1789799615845393200,34.40939306640625,0.1158195053100586,-6.792350109863281,8.638878140258788
1789799615855364400,34.4193642578125,0.536899722290039,-7.153575285339355,9.166500331115722
1789799615865336000,34.42933618164062,1.3335703247070312,-7.38656103439331,9.648483052825927
1789799615875307300,34.43930737304687,1.3537714012145996,-7.304409989929199,9.481637124633789
1789799615885278200,34.4492783203125,0.8476970252990722,-7.02234310684204,8.839542166900634
1789799615895250400,34.45925048828125,0.9944915145874023,-6.57552522201538,7.658901473236083
1789799615905221000,34.46922119140625,1.268627604675293,-5.331438184356689,6.709600514984131
1789799615915193300,34.479193359375,1.3557166900634765,-3.886986395263672,5.960215395355224
1789799615925164300,34.489164306640625,0.8348281913757324,-3.519027527618408,4.828506198120117
1789799615935135500,34.499135498046876,-0.01571194839477539,-3.336918563842773,4.324227473449707
1789799615945107200,34.50910717773438,-0.09786299285888671,-2.184110464477539,4.949413381958007
1789799615955078400,34.51907836914062,-0.507570751953125,-0.28999767608642574,6.834996826934814
1789799615965049300,34.52904931640625,-0.7918821990966797,0.20545242996215818,8.56166513671875
1789799615975021300,34.539021240234376,-0.2790741310119629,-1.6846201431274412,8.028356716918944
1789799615984992300,34.5489921875,0.6763619689941406,-3.570652500915527,6.762422589111328
1789799615994963500,34.55896337890625,0.5810428153991699,-4.6633062835693355,5.10772996673584
1789799616004935200,34.56893505859375,0.05057751007080078,-4.318541244506836,4.349815503692627
1789799616014906400,34.57890625,0.4113537727355957,-3.3672949974060056,4.474014714813232
1789799616024877300,34.588877197265624,0.8973767097473144,-2.801814492797851,5.128230318450927
1789799616034849300,34.59884936523437,0.9274538681030273,-3.114108171844482,5.240458521270751
1789799616044820200,34.6088203125,0.9916484001159668,-3.6079122642517087,5.090820917510986
1789799616054791200,34.61879125976562,0.962768342590332,-3.5606267814636228,6.261735166931152
1789799616064763400,34.62876342773438,0.47719431838989257,-3.4962826118469237,6.441599566650391
1789799616074734300,34.638734375,-0.7359177352905273,-2.511367903900146,6.768258455657959
1789799616084705300,34.64870532226563,-1.2939163597106933,-1.2108674896240235,7.297526660156249
1789799616094677200,34.65867724609375,-2.3279122016906735,-0.8086416107177734,8.258050438690185
1789799616104648400,34.6686484375,-3.4766800857543942,-1.2650363021850586,8.571391580963134
1789799616114619100,34.678619140625,-3.5818753211975096,-2.2916999015808104,5.409698651123047
1789799616124591400,34.68859130859375,-2.5941174987792968,-2.6357167526245115,1.8559551994323729
1789799616134562300,34.69856225585937,-1.2589011604309082,-2.1703438049316404,-0.25049334869384765
1789799616144533500,34.70853344726562,-0.6992565223693847,-1.268029054260254,0.08035539321899414
1789799616154505200,34.718505126953126,0.5241805259704589,-0.661398208618164,1.7055694076538086
1789799616164476400,34.72847631835938,1.6276082160949705,-1.257105509185791,3.183839295196533
1789799616174447400,34.738447265625,1.1914146011352538,-1.3473369842529297,6.064512805175781
1789799616184419300,34.74841943359375,0.31573534393310543,-1.1605892547607422,9.76744494781494
1789799616194390300,34.758390380859375,-1.354669226837158,-3.1905729873657225,10.11894367904663
1789799616204361200,34.768361328125,-2.5917232971191404,-6.579864712524413,6.377405034637451
1789799616214333200,34.77833325195313,-1.633743357849121,-8.44629454421997,3.4406174232482907
1789799616224304000,34.78830419921875,0.5065232887268066,-8.533533267211913,3.4871547180175777
1789799616234275300,34.798275390625,0.2624643569946289,-6.348973889923095,7.946804222869873
1789799616244247300,34.808247314453126,-2.6569652923583984,-4.20676195449829,12.159252406311035
1789799616254218200,34.81821826171875,-3.327940307617187,-3.5284546966552734,13.264026834869384
1789799616264190200,34.82819018554687,-0.340275910949707,-4.53297193069458,11.707346842956543
1789799616274161400,34.838161376953124,1.58331548538208,-6.038475862121581,10.822988604736327
1789799616284132400,34.84813232421875,1.2735656455993651,-6.797288150787353,13.359944538879393
1789799616294104300,34.85810424804688,0.5110124168395995,-9.307309316253662,15.176844323730467
1789799616304075300,34.8680751953125,1.215506255340576,-13.41351480102539,14.8118782081604
1789799616314046500,34.87804638671875,1.7925088554382322,-15.368829369354247,14.425065002441405
1789799616324018200,34.88801806640625,1.068711766052246,-13.64934366455078,12.444461679077147
1789799616333989400,34.8979892578125,0.7173626724243164,-9.520393264007568,9.170839821624755
1789799616343960300,34.907960205078126,-0.13422493057250975,-6.379200685882568,6.708104138946533
1789799616353932300,34.917932373046874,-0.19378069686889648,-4.6347255012512205,4.64774397277832
1789799616363903200,34.9279033203125,1.2210428466796874,-3.8908769729614257,2.925115878295898
1789799616373874200,34.937874267578124,2.3555951583862305,-3.580827857971191,2.376843698120117
1789799616383846400,34.94784643554687,1.2336124053955078,-3.44091669845581,3.3529297874450683
1789799616393817000,34.95781713867188,-0.8967781593322753,-3.681234690093994,6.046556292724609
1789799616403788300,34.96778833007812,-2.280626718902588,-4.8403275688171385,10.127473022460936
1789799616413760300,34.97776025390625,-1.3165116378784179,-6.629843672180176,12.875268340301513
1789799616423731200,34.987731201171876,1.478569162750244,-7.494300109100341,12.84504154434204
1789799616433702100,34.9977021484375,3.6490626052856445,-7.794772417449951,12.47423956222534
1789799616443674400,35.00767431640625,2.524984925842285,-8.03853207397461,11.966968085479735
1789799616453645300,35.017645263671874,-0.07496843948364257,-7.748235122680663,11.37051259689331
1789799616463616300,35.0276162109375,-0.9512462471008301,-7.419331669616699,10.019434672546387
1789799616473588200,35.03758813476563,0.4843769233703613,-7.258321607971191,7.804498861694335
1789799616483559400,35.04755932617188,0.6165069274902344,-6.729502316284179,6.744316439056396
1789799616493530400,35.0575302734375,-1.4309844047546385,-5.99493131942749,6.881234846496581
1789799616503502300,35.06750244140625,-2.343474512481689,-5.39473489074707,7.608024687957763
1789799616513473300,35.077473388671876,-0.9578303016662597,-5.855917985534668,8.710255277252196
1789799616523444200,35.0874443359375,1.1394903526306153,-6.668599811553955,10.156053804779052
1789799616533416200,35.09741625976562,3.0564976943969726,-7.117362985229492,9.290549904632568
1789799616543387400,35.107387451171874,2.665344998168945,-7.36157155456543,8.170063527679442
1789799616553358300,35.1173583984375,0.5747580360412597,-7.301117962646484,9.288454978179931
1789799616563330300,35.12733032226563,0.03501519927978516,-8.654141175842284,10.576984384155272
1789799616573301200,35.13730126953125,1.3334206871032714,-11.21114854888916,11.926715570068358
1789799616583272200,35.14727221679688,1.758241844177246,-12.542773584747314,12.784139039611816
1789799616593244400,35.157244384765626,0.738012661743164,-11.031583424377441,12.311433849334716
1789799616603215000,35.167215087890625,-0.19048866958618163,-8.353818505096434,11.085153686523437
1789799616613186600,35.1771865234375,-0.4537012145996093,-6.675782416534424,8.95745659866333
1789799616623158800,35.18715869140625,-0.5538087715148925,-6.240636264801025,6.817489227294922
1789799616633129500,35.19712939453125,-1.8638859924316404,-6.439055727386474,6.781426564788818
1789799616643101700,35.20710180664062,-1.8760066383361815,-6.974010160827636,7.360524091339111
1789799616653072600,35.21707275390625,-0.1910872200012207,-7.50776749343872,7.8621093391418455
1789799616663043800,35.2270439453125,1.5322890624999999,-7.378929516601562,8.341398583984375
1789799616673015600,35.237015625,2.318933945465088,-6.508637213134765,8.533383629608155
1789799616682986800,35.24698681640625,2.2207716773986816,-5.697900675964355,8.22902074356079
1789799616692957700,35.25695776367188,1.4968249504089355,-5.840654949951172,7.580790644073486
1789799616702929700,35.2669296875,0.5300163925170898,-6.468085422515869,7.434594705200195
1789799616712900600,35.276900634765624,0.23777415237426758,-6.67802698059082,8.132654126739501
1789799616722871800,35.286871826171875,0.584185205078125,-6.158784495544433,9.200468067169188
1789799616732843500,35.29684350585938,1.1834838081359862,-5.252579167175293,9.819219558715819
1789799616742814700,35.30681469726562,1.4196119468688964,-4.850802201080322,8.602516202545166
1789799616752785700,35.31678564453125,-0.7947253135681152,-5.204695133972168,7.198616204071045
1789799616762758000,35.3267578125,-2.718915260314941,-6.042964990234375,7.861810063934326
1789799616772728600,35.336728515625,-1.3549685020446776,-7.116465159606933,9.577854103851317
1789799616782699800,35.34669970703125,0.8541314422607421,-7.420977683258056,12.086528530883788
1789799616792671700,35.356671630859374,1.909525461578369,-6.492476351928711,14.176217667388915
1789799616802643000,35.366642822265625,2.375048046875,-5.787234325408935,14.03855107192993
1789799616812613600,35.376613525390624,2.095375365447998,-6.2587424148559565,10.946888540649413
1789799616822585900,35.3865859375,0.4782417816162109,-6.750451580810546,8.993369623565673
1789799616832556800,35.39655688476562,-0.4390367294311523,-7.005284420013427,8.271218547821045
1789799616842527700,35.40652783203125,0.19901801300048827,-7.020397817993164,8.626757494354248
1789799616852499700,35.41649975585938,1.1272200691223144,-6.828861685180664,10.165331336212157
1789799616862470700,35.426470703125,1.6437690773010254,-6.617723026275635,12.151022338104248
1789799616872441900,35.43644189453125,2.0335750350952146,-6.807014595031738,12.975824810028076
1789799616882413600,35.44641357421875,1.8983026412963866,-7.605630486297607,10.66137999267578
1789799616892384800,35.456384765625,1.2089222007751463,-7.567023984527587,7.883058603668212
1789799616902355700,35.466355712890625,1.0995371124267577,-6.180930860900879,7.3097969436645505
1789799616912327700,35.47632763671875,1.4975731384277342,-4.614823699951172,8.175600119018554
1789799616922298600,35.48629858398437,1.8787001152038574,-3.775805655670166,9.661351886749268
1789799616932269800,35.49626977539062,1.5442600708007812,-3.9264907226562498,10.765527764892578
1789799616942241800,35.50624169921875,1.2777554985046387,-5.1973628913879395,9.74275474319458
1789799616952212700,35.51621264648438,0.9491513206481933,-6.235249311065673,6.857741742706298
1789799616962183700,35.52618359375,0.951844797515869,-5.704784005737304,4.503493322753906
1789799616972156000,35.536156005859375,1.3178583763122558,-4.281730393981934,2.71951381072998
1789799616982126600,35.546126708984374,0.3085527389526367,-1.8804957664489745,2.470217562866211
1789799616992097500,35.55609765625,-0.9195230751037597,0.4230255058288574,3.1982045051574706
1789799617002069800,35.56606982421875,-0.9415198028564452,-0.15098434219360352,2.992303162384033
1789799617012040700,35.57604077148437,-0.5891232460021972,-1.6970400642395018,3.009511486816406
1789799617022011600,35.58601171875,0.395192911529541,-2.4042273796081544,2.8098949234008788
1789799617031983600,35.595983642578126,1.2707225311279295,-2.376394785308838,2.401683540344238
1789799617041954800,35.60595483398438,1.3329717742919922,-1.9852420890808105,2.2667104217529297
1789799617051925800,35.61592578125,0.5669768806457519,-1.760187133026123,3.286041778564453
1789799617061897700,35.625897705078124,-0.7043442008972167,-1.4876970565795897,5.989993278503418
1789799617071868700,35.63586865234375,-1.636885747528076,-1.8064251525878905,7.455394332122802
1789799617081840600,35.64584057617188,-1.547552098083496,-3.394529041290283,6.368277140808105
1789799617091811600,35.6558115234375,-0.9496002334594726,-3.8697780708312988,6.46105245513916
1789799617101782800,35.66578271484375,-0.9448118301391601,-3.265541426849365,8.151358827209473
1789799617111754800,35.675754638671876,-1.5705962890624998,-3.0692168907165525,10.043526326751708
1789799617121725700,35.6857255859375,-1.6702549331665038,-3.643526013946533,10.655993038940428
1789799617131696600,35.695696533203126,-1.265934127807617,-4.119373593902588,9.728838446044922
1789799617141668900,35.7056689453125,-1.5183727653503416,-4.0267479171752925,8.26119282836914
1789799617151639800,35.715639892578125,-2.134281142425537,-3.9573160690307616,6.419902114105224
1789799617161610500,35.725610595703124,-1.7829320487976072,-4.0164229225158685,4.499453107452393
1789799617171582700,35.73558276367187,-0.9334393722534179,-3.8003462226867675,2.9330466712951657
1789799617181553700,35.7455537109375,-0.6552630668640136,-3.4509424179077146,2.3620295753479
1789799617191524900,35.75552490234375,-0.0076315177917480465,-3.123834616088867,2.5266309394836424
1789799617201496600,35.76549658203125,0.9433154541015625,-2.8788778587341306,2.80929637298584
1789799617211467800,35.7754677734375,1.0755950958251952,-2.536507021331787,3.8202480239868164
1789799617221438700,35.78543872070313,0.6413467697143554,-2.701258023071289,5.111021994018555
1789799617231410700,35.79541064453125,-0.9504980590820312,-3.6878187446594235,6.861333045196533
1789799617241381600,35.80538159179687,-1.5144821876525878,-5.509207657623291,8.509291975402832
1789799617251352800,35.815352783203124,-0.8372223930358886,-7.885452805328368,9.398737892150878
1789799617261324500,35.82532446289063,-1.1243769546508788,-9.310152430725097,11.402086131286621
1789799617271295700,35.83529565429688,-0.3146878807067871,-8.781931689453124,14.845845944213867
1789799617281266700,35.8452666015625,1.1153986984252928,-7.707084781646728,18.155231188964844
1789799617291239000,35.85523901367188,1.1909656883239745,-8.002170136260986,20.69787335205078
1789799617301209600,35.865209716796876,0.27892449340820313,-10.602123501586913,18.881871392822266
1789799617311180500,35.8751806640625,0.6275801101684569,-12.086229255676269,12.92225454788208
1789799617321152800,35.88515283203125,0.8922890312194823,-9.920075303649902,7.654113069915771
1789799617331123700,35.895123779296874,0.49814358291625976,-7.658602198028564,5.355978751373291
1789799617341094700,35.9050947265625,0.9277531433105468,-6.336404331207275,4.847510173797607
1789799617351067000,35.91506689453125,1.0743979949951172,-5.393238514709473,4.860528645324707
1789799617361037800,35.92503784179687,0.7326257080078125,-5.576694216918945,5.861604214477539
1789799617371008500,35.93500854492188,0.9341875602722167,-6.477811866760254,8.225878353881836
1789799617380980700,35.944980712890626,1.0875661041259765,-7.503428002929687,10.893916828918456
1789799617390951700,35.95495166015625,1.5043068305969238,-7.11841044845581,11.763311306762695
1789799617400923000,35.9649228515625,2.016815623474121,-5.783493385314941,10.638335801696776
1789799617410894600,35.97489453125,1.6373346603393553,-5.31812043762207,9.222464794921875
1789799617420865800,35.98486572265625,0.965910732269287,-5.4707507934570305,7.876773824310303
1789799617430836700,35.994836669921874,0.16564882736206055,-6.10955372390747,7.050774251556396
1789799617440808700,36.00480859375,-1.107018992614746,-7.011868474578857,6.862530146026611
1789799617450779600,36.01477954101563,-1.3804068946838377,-7.576151878356933,7.439083833312988
1789799617460750800,36.02475073242187,-1.6084546028137205,-7.309647306060791,9.058162705993652
1789799617470722600,36.03472265625,-1.3805565322875977,-6.055534548950195,10.548852514648438
1789799617480693800,36.04469384765625,-0.14200608596801756,-4.94731845550537,10.158896919250488
1789799617490664700,36.05466479492188,0.1518821678161621,-4.599859939575195,10.203638562774657
1789799617500637000,36.064636962890624,0.4170400016784668,-4.783764554595947,10.650456447601318
1789799617510607600,36.07460766601562,2.0964228286743163,-5.7423430442810055,11.137227572631835
1789799617520578600,36.08457861328125,3.47308878326416,-7.759158667755126,11.112537368011473
1789799617530550800,36.09455078125,3.376722166442871,-9.83882208480835,10.982651927947998
1789799617540521700,36.10452172851563,1.98554136428833,-10.931026954650878,11.347169130706787
1789799617550492700,36.11449267578125,1.4903905334472656,-11.039364579772949,11.447575962829589
1789799617560464600,36.124464599609375,1.5390227546691893,-10.931026954650878,10.474632263183594
1789799617570435800,36.134435791015626,0.9205705383300781,-10.352079065704345,9.389909273529053
1789799617580406800,36.14440673828125,0.24435820693969726,-8.892064965820312,8.246378705596923
1789799617590378800,36.15437866210937,-0.30526071166992186,-7.457788533782958,6.911162367248535
1789799617600349700,36.164349609375,-0.8415618835449218,-6.219088449859619,6.098031628417968
1789799617610321000,36.17432080078125,-1.0229226593017577,-5.648520266723632,4.997297415161133
1789799617620291600,36.18429150390625,-0.20470424194335937,-5.673809021759033,3.623923487854004
1789799617630262800,36.1942626953125,0.15652093353271485,-6.0236617393493646,3.6055180625915524
1789799617640233700,36.204233642578124,-0.32306758651733397,-6.6522893127441405,5.7326166000366205
1789799617650206000,36.2142060546875,-0.3203741096496582,-7.325508892059326,8.927529077911377
1789799617660176600,36.2241767578125,1.1098621070861816,-8.173654830169678,11.161169589233397
1789799617670147800,36.23414794921875,3.557933304595947,-8.294412376403809,12.497433390808105
1789799617680119800,36.24411987304688,3.8078281028747556,-7.13112964477539,13.473818755340575
1789799617690091000,36.25409106445313,1.7781436454772948,-6.32697716217041,12.552051116180419
1789799617700061700,36.26406176757813,-0.5370493598937988,-6.55008682937622,9.239373844146728
1789799617710034000,36.274033935546875,-1.8028338500976562,-6.534973431396484,6.392967345428467
1789799617720004900,36.2840048828125,-1.8689736709594726,-6.1379848686218255,5.627421364593506
1789799617729976800,36.29397680664062,-1.9946692581176757,-5.901108541870117,6.28822102279663
1789799617739947800,36.30394775390625,-1.8915689491271972,-5.6772506866455075,7.538592839813232
1789799617749918700,36.31391870117187,-0.6615478462219238,-5.1219455390930175,8.43447317352295
1789799617759890000,36.32388989257812,0.8282441368103027,-4.364779264068603,8.902090685272217
1789799617769861600,36.333861572265626,1.9053356086730955,-4.245218818664551,7.955333566284179
1789799617779832800,36.34383276367188,1.336263801574707,-4.940584763336181,6.5777697860717765
1789799617789804800,36.3538046875,-0.6724713912963867,-6.302735870361328,7.829189066314697
1789799617799775700,36.363775634765624,0.48183308410644526,-8.368782265472412,11.066149710845947
1789799617809746700,36.37374658203125,3.4989760887145995,-9.07851342010498,15.791256324768066
1789799617819719000,36.38371899414062,3.9832033744812008,-7.981071234130859,19.817405691528318
1789799617829689900,36.39368994140625,2.0573674140930174,-9.118616297912597,16.559196507263184
1789799617839660800,36.40366088867187,-0.914884309387207,-10.390535929870605,8.38883370437622
1789799617849632800,36.4136328125,-2.155380044555664,-7.833079644012451,8.25565623703003
1789799617859604000,36.42360400390625,-0.5371989974975586,-6.098630178833007,8.462006492614746
1789799617869575000,36.43357495117188,0.5060743759155273,-6.207566354370117,8.82263311767578
1789799617879547000,36.443546875,0.6370072792053222,-6.739228760528564,10.779294424438476
1789799617889517800,36.453517822265624,0.7779659019470214,-6.9816416786193845,12.313079862976073
1789799617899488800,36.46348876953125,0.7644985176086425,-7.283311087799071,11.563844380950927
1789799617909460700,36.47346069335938,1.3066355560302734,-6.600365064239502,9.426121573638916
1789799617919431700,36.483431640625,1.5735890411376952,-4.628889634704589,7.413944715881347
1789799617929403000,36.49340283203125,1.4296376663208008,-2.900425673675537,5.963357785034179
1789799617939374600,36.50337451171875,0.6398503936767578,-2.8565818557739258,4.411017283630371
1789799617949345800,36.513345703125,-0.42796354675292964,-3.4214638099670407,3.035099517059326
1789799617959316700,36.523316650390626,-0.5440823272705078,-3.4952351486206052,2.019359462738037
1789799617969288700,36.533288818359374,0.2720411636352539,-2.8706477905273435,1.456871710205078
1789799617979259600,36.543259765625,1.112106671142578,-2.1077952865600587,1.2906243324279785
1789799617989230800,36.55323095703125,0.7951742263793945,-1.7782932830810545,1.3615525566101074
1789799617999202800,36.56320288085937,0.26216508178710934,-1.749862138366699,1.5411176811218261
1789799618009173800,36.573173828125,0.14694412689208983,-1.4519336692810059,1.6621745025634764
1789799618019144700,36.58314477539062,-0.5526116706848144,-0.2680009483337402,2.5412954246520996
1789799618029117000,36.59311694335938,-0.7879916213989258,-0.24705168380737302,2.8501474388122556
1789799618039087900,36.603087890625,-0.7568669998168945,-1.5870564254760742,2.932897033691406
1789799618049058600,36.61305859375,-0.24794950942993163,-2.2137387100219725,3.887584945678711
1789799618059030800,36.62303076171875,-0.3528454696655273,-2.024447141265869,5.645677152252197
1789799618069002000,36.633001953125,-0.6649895111083984,-2.2403742034912106,6.779630913543701
1789799618078973000,36.642972900390625,-0.9662100074768066,-2.7581203125,7.422773334503173
1789799618088945000,36.65294482421875,-1.4914379966735838,-2.831293100738525,8.055590760803222
1789799618098915800,36.66291577148438,-1.3459902458190918,-3.403357659912109,8.023568313598632
1789799618108886800,36.67288671875,-1.2298714653015137,-4.153191692352294,8.208221116638184
1789799618118858800,36.682858642578125,-1.0658686515808105,-4.256292001342773,8.570044842529297
1789799618128829700,36.69282958984375,-1.3088801200866698,-3.838952724456787,8.667458922576904
1789799618138801000,36.70280078125,-1.6775871757507324,-3.788973764801025,8.675240077972411
1789799618148772600,36.71277270507812,-1.2987047630310058,-4.269759385681152,7.658452560424804
1789799618158743800,36.722743896484374,-0.6355109031677245,-4.489876300811767,6.660369743347167
1789799618168714800,36.73271484375,-0.4857236618041992,-4.228908319854736,6.404639078521728
1789799618178687000,36.74268701171875,-0.6622960342407226,-4.008492129516601,6.9141551193237305
1789799618188657700,36.75265771484375,-0.7565677246093749,-3.8690298828125,7.476642871856689
1789799618198628900,36.76262890625,-0.521636686706543,-3.9088334854125972,7.766041997528076
1789799618208600800,36.772600830078126,-0.24525603256225584,-4.22621484298706,7.906402069854736
1789799618218571800,36.78257177734375,-0.10130465774536132,-4.6273932586669915,7.832630731201172
1789799618228542700,36.792542724609376,-0.3963900123596191,-5.168782109069824,7.729979335021972
1789799618238515000,36.802514892578124,-0.6720224784851074,-5.776610055541992,7.697657612609863
1789799618248486000,36.81248583984375,-0.6289268486022949,-6.472574550628662,6.938546048736572
1789799618258456800,36.822456787109374,0.03486556167602539,-6.97834965133667,6.138882694244384
1789799618268428800,36.8324287109375,0.9859621711730956,-6.8599863067626945,6.064512805175781
1789799618278399700,36.84239965820313,0.9724947868347167,-6.384587639617919,6.7085530517578125
1789799618288371000,36.85237084960937,-0.08215104446411133,-5.999420447540283,7.4703580924987785
1789799618298342700,36.8623427734375,-0.4510077377319336,-6.295702902984619,7.754669539642333
1789799618308313900,36.87231396484375,0.2537853759765625,-6.78681351852417,8.87336026535034
1789799618318284800,36.88228491210938,0.9730933372497558,-7.458835997009277,11.371260784912108
1789799618328256800,36.8922568359375,0.9680056587219238,-8.577676360321044,13.703063564300537
1789799618338227700,36.902227783203124,0.8864531646728515,-9.326462929534912,14.51739140396118
1789799618348199000,36.912198974609375,1.009455274963379,-9.048286624145508,13.883227239227294
1789799618358170600,36.92217065429688,0.9059060531616211,-8.565854989624023,12.987047630310057
1789799618368141800,36.93214184570313,0.2367266891479492,-8.39556739654541,13.248314886474608
1789799618378112800,36.94211279296875,-0.5238812507629395,-8.198045759582518,13.791200112915039
1789799618388085000,36.9520849609375,-0.4112041351318359,-7.679401824951172,12.771868756103515
1789799618398055700,36.9620556640625,-0.21398177337646482,-7.304858902740478,10.897358493804932
1789799618408026600,36.972026611328126,0.3425204750061035,-7.492205182647704,9.39694224090576
1789799618417998800,36.98199877929687,0.43993455505371093,-8.103025881195068,9.056815967559814
1789799618427969800,36.9919697265625,0.5038298118591308,-8.80347950439453,9.39784006652832
1789799618437940700,37.00194067382812,1.5538368774414062,-8.990227233886719,9.456348369598388
1789799618447912700,37.01191259765625,1.5750854171752928,-7.9195701789855955,9.1546789604187
1789799618457884000,37.0218837890625,1.3213000411987303,-6.80551821899414,8.45228004837036
1789799618467854800,37.03185473632813,0.9733926124572754,-6.200683024597168,7.541286316680908
1789799618477826800,37.041826904296876,1.0455179374694823,-6.008697978973388,7.217620179748534
1789799618487797800,37.0517978515625,1.0009259315490722,-6.209511643218994,7.091774954986572
1789799618497769000,37.06176904296875,0.7781155395507812,-6.560411824035644,7.339574826812743
1789799618507740700,37.07174072265625,0.7992144416809082,-6.700322983551025,7.424568985748291
1789799618517712000,37.0817119140625,0.5395931991577149,-6.569988630676269,7.717858689117431
1789799618527682800,37.091682861328124,0.0704793113708496,-6.341192734527588,8.648305309295655
1789799618537654800,37.10165478515625,-0.058657940673828124,-5.98221212310791,9.169792358398437
1789799618547625700,37.11162573242188,0.658854369354248,-5.631311942291259,8.876053742218017
1789799618557596700,37.1215966796875,1.4443021514892578,-5.487959117889404,7.955483203887939
1789799618567569000,37.13156884765625,0.6181529411315918,-5.865345154571533,7.726238394927978
1789799618577539600,37.14153955078125,-0.45549686584472654,-6.206668528747558,8.770409593963622
1789799618587510800,37.1515107421875,0.18420389022827147,-6.664409958648681,9.413103102111815
1789799618597482800,37.16148266601562,1.8930653251647949,-7.237372343444823,8.914660243988036
1789799618607453700,37.17145361328125,2.160018810272217,-7.538742477416991,8.126518984985351
1789799618617425200,37.181425048828125,-0.5283703788757323,-7.6945152229309075,8.151508464813231
1789799618627397400,37.1913974609375,-2.326415825653076,-7.7787611938476555,9.014019612884521
1789799618637368300,37.20136840820312,-0.9513958847045898,-7.690624645233154,8.924685963439941
1789799618647339300,37.21133935546875,0.3161842567443848,-7.1209542877197265,8.230217844390868
1789799618657311200,37.22131127929688,-0.2302922721862793,-6.262782630157471,8.041824101257324
1789799618667282400,37.23128247070313,-1.7519570648193359,-5.992387480163574,7.922263655853271
1789799618677253000,37.24125317382813,-2.5130139175415036,-6.118980892944336,8.345738074493408
1789799618687225300,37.251225341796875,0.058657940673828124,-6.381744525146484,8.815450512695312
1789799618697196300,37.2611962890625,2.3897125320434567,-7.04149672012329,9.16709888153076
1789799618707167500,37.27116748046875,1.3807061698913574,-8.08895994644165,10.239551587677001
1789799618717139200,37.28113916015625,-0.4041711677551269,-9.11697028427124,12.063484339904784
1789799618727110400,37.2911103515625,-0.496048656463623,-8.9248356010437,13.927370332336425
1789799618737081300,37.30108129882812,-0.12449848632812499,-7.537395738983154,14.401122985839843
1789799618747053300,37.31105322265625,-0.34671032791137696,-5.960215395355224,12.658293814849852
1789799618757024300,37.32102416992188,-0.2693476867675781,-5.179556016540527,10.388740278625487
1789799618766995200,37.3309951171875,0.3589806114196777,-5.789927802276611,9.172036922454833
1789799618776967200,37.34096728515625,0.7564180870056152,-7.000047103881836,8.889820401763915
1789799618786938000,37.350938232421875,0.7056909393310546,-8.042871564483642,9.112481156158447
1789799618796909300,37.360909423828126,0.7733271362304687,-8.321347145080566,9.9215716796875
1789799618806881300,37.37088134765625,0.9530418983459472,-7.853430358123779,10.143184970855712
1789799618816852200,37.38085229492187,1.0342951171875,-6.994061599731445,9.119663761138915
1789799618826823200,37.3908232421875,1.0934019706726072,-6.262184079742431,7.895927437591553
1789799618836795400,37.40079541015625,1.214309154510498,-5.6091655769348145,7.203105332183838
1789799618846766300,37.41076635742188,0.9624690673828125,-5.065083249664307,7.306804191589355
1789799618856737300,37.4207373046875,0.9322422714233398,-4.862623571777344,8.097190014648437
1789799618866709200,37.430709228515624,0.3520972816467285,-5.3862055473327635,8.036137872314452
1789799618876680400,37.440680419921875,0.3242646873474121,-5.843647702026367,7.325658529663086
1789799618886651400,37.4506513671875,0.9635165306091308,-5.3467012199401855,6.704213561248779
1789799618896622000,37.4606220703125,1.430685129547119,-4.264372431945801,6.524049886322021
1789799618906594300,37.47059423828125,1.5465046348571776,-3.4114380905151367,6.908319252777099
1789799618916565200,37.48056518554687,1.4896423454284666,-2.877830395507812,7.41214906463623
1789799618926537200,37.490537109375,1.0742483573913573,-2.8163293403625485,6.568492254638672
1789799618936508200,37.500508056640626,0.06703764648437499,-3.3252468307495113,4.867561612701416
1789799618946479400,37.51047924804688,-1.0963947227478026,-3.5116952850341794,4.127304386901855
1789799618956450300,37.5204501953125,-0.6335656143188476,-3.017143004608154,4.6082396453857415
1789799618966422300,37.53042236328125,0.27742811737060546,-2.647089210510254,5.198709629821777
1789799618976393200,37.540393310546875,0.5237316131591797,-2.7629087158203123,5.719298853302002
1789799618986364400,37.550364501953126,0.9172785110473632,-2.835482953643799,7.037157229614257
1789799618996336000,37.56033618164062,-0.13467384338378904,-3.3631051445007323,7.499537425231933
1789799619006307300,37.57030737304687,0.08155249404907226,-4.244320993041992,6.729951229095459
1789799619016278300,37.5802783203125,-0.43245267486572264,-3.669114044189453,7.162703179168701
1789799619026250200,37.59025024414063,-1.5120879859924317,-2.5706243949890135,7.058106494140625
1789799619036221200,37.60022119140625,-1.7238251953125,-2.925115878295898,5.250184965515136
1789799619046192400,37.6101923828125,-1.485602130126953,-3.439719597625732,3.547757947540283
1789799619056164400,37.620164306640625,-1.0341454795837401,-3.0433295852661133,2.632724000549316
1789799619066135300,37.63013525390625,-0.7193079612731933,-2.2692542610168456,2.2227169662475585
1789799619076106200,37.640106201171875,-0.8740332435607909,-1.2919710708618164,2.6605565948486327
1789799619086078500,37.65007836914062,-1.2638392013549804,-0.6034884559631347,3.539378241729736
1789799619096049400,37.66004931640625,-1.215655892944336,-1.0890624801635742,3.969885627746582
1789799619106020000,37.67002001953125,0.10339958419799804,-2.2694038986206055,3.347093920898437
1789799619115992300,37.67999243164063,0.5566518859863281,-2.4425346061706543,3.7581484184265133
1789799619125963300,37.68996337890625,-0.20949264526367187,-2.1709423553466793,5.195866515350342
1789799619135934500,37.6999345703125,-1.0052654220581054,-2.5767595367431637,6.153696817016601
1789799619145906200,37.70990625,-1.0803834991455077,-3.3271921195983887,6.50579409866333
1789799619155877400,37.71987744140625,-1.2437877624511717,-3.83057301864624,7.1960723648071285
1789799619165848300,37.729848388671876,-1.5994763465881348,-4.139125757598877,8.10901138534546
1789799619175820300,37.7398203125,-1.4790180755615234,-4.621258116912841,8.564358613586425
1789799619185791200,37.74979125976562,-0.8068459594726562,-4.978592714691162,8.794351610565185
1789799619195762400,37.75976245117187,-0.5614402893066406,-5.136460386657714,9.32077670059204
1789799619205734100,37.769734130859376,-0.3420715621948242,-5.502773240661621,10.027814378356933
1789799619215705300,37.77970532226563,0.42452188186645506,-5.8862944190979,11.346271305084228
1789799619225676300,37.78967626953125,0.8776245460510254,-6.137087042999267,12.981062126159667
1789799619235648500,37.7996484375,0.45938744354248046,-7.042544183349609,12.980912488555907
1789799619245619200,37.809619140625,0.17088614349365233,-8.904335249328613,12.445808417510985
1789799619255590100,37.819590087890624,1.0422259101867675,-10.831218672943114,11.522694039916992
1789799619265562400,37.82956225585937,1.7102081733703611,-11.66425121307373,10.218751960754394
1789799619275533300,37.839533203125,1.477970612335205,-10.91037696533203,9.0144685256958
1789799619285504300,37.84950415039062,0.6763619689941406,-9.298779972839355,8.922740674591063
1789799619295476200,37.85947631835938,0.12315174789428711,-8.050951995086669,9.107094202423095
1789799619305447400,37.86944750976563,0.3368342460632324,-6.885275061798096,8.659677767181396
1789799619315418400,37.87941845703125,0.7025485496520996,-5.694309373474121,8.329726850891113
1789799619325390300,37.889390380859375,0.4752490295410156,-4.89060580368042,8.556427820587158
1789799619335361300,37.899361328125,0.513256980895996,-4.5678374923706055,9.765948571777344
1789799619345332500,37.90933251953125,0.5217863243103027,-5.1039890266418455,10.977115336608886
1789799619355304200,37.91930419921875,0.2193687271118164,-5.823596263122559,11.455955668640136
1789799619365275400,37.929275390625,0.36795886764526364,-6.205770703124999,10.84049620437622
1789799619375246300,37.93924633789062,1.2204442962646485,-6.096086339569092,9.246257173919677
1789799619385218300,37.94921826171875,1.3090297576904295,-5.851728132629394,7.877372374725342
1789799619395189200,37.95918920898438,1.3150152618408202,-5.7064300193786615,7.160308977508545
1789799619405160200,37.96916015625,0.771232209777832,-5.791873091125488,6.400748500823974
1789799619415132200,37.979132080078124,0.4944026428222656,-5.903951656341552,6.183773975372314
1789799619425103000,37.98910302734375,0.3917512466430664,-6.3323641159057615,6.5680433418273925
1789799619435074300,37.99907421875,0.4294599227905273,-6.871957315063476,7.195922727203369
1789799619445046300,38.00904638671875,0.19033903198242186,-7.799111907958984,9.249100288391112
1789799619455017200,38.01901733398437,-0.1792658493041992,-9.367762908172606,12.094309686279296
1789799619464988200,38.02898828125,0.3087023765563965,-11.079317819976806,15.279346082305908
1789799619474960400,38.03896044921875,1.133205573272705,-11.369165858459471,16.565630924224852
1789799619484931300,38.04893139648438,1.2695254302978516,-9.918728565216064,15.719729550170898
1789799619494902300,38.05890234375,0.5883750579833984,-8.434173898315429,13.475913681793212
1789799619504873200,38.06887329101563,0.44861353607177734,-7.510311332702636,10.926537826538086
1789799619514845400,38.078845458984375,0.7549217109680175,-6.789357357788085,9.099013771820069
1789799619524816400,38.08881640625,0.5970540390014648,-6.9333087326049805,7.461978386688232
1789799619534787000,38.098787109375,0.3318962051391601,-7.350049459075927,6.25679712600708
1789799619544759300,38.10875927734375,0.15248071823120116,-7.675810522460937,5.453392831420898
1789799619554730200,38.11873022460937,-0.008678981018066407,-7.961917620849609,4.583699078369141
1789799619564701400,38.12870141601562,-0.23523031311035156,-7.805546324920654,4.362684337615967
1789799619574673200,38.138673095703126,-0.5149029945373534,-7.191283961486816,4.676025479888915
1789799619584644400,38.14864428710938,-0.05282207412719726,-6.272808349609375,5.229385338592529
1789799619594615300,38.158615234375,0.9527426231384277,-5.390844313049316,5.866841530609131
1789799619604587300,38.168587158203124,1.2901754196166992,-4.984727856445312,6.566546965789795
1789799619614558500,38.178558349609375,0.7049427513122558,-5.039046306610107,8.056039673614501
1789799619624529400,38.188529296875,0.5723638343811035,-5.494543172454834,9.598803368377684
1789799619634501400,38.19850146484375,0.654365241241455,-6.512527790832519,11.04415298309326
1789799619644472300,38.20847241210937,-0.07855974197387695,-7.7973162567138665,12.587814503479002
1789799619654443500,38.218443603515624,-1.1104606575012206,-8.943091388702392,13.548188644409178
1789799619664415200,38.22841528320313,-1.4239514373779296,-9.323470177459717,13.684059588623047
1789799619674386400,38.23838647460938,-0.8924386688232422,-9.0780645072937,12.995277698516844
1789799619684357400,38.248357421875,-0.24136545486450195,-8.5294930519104,12.058396661376952
1789799619694329600,38.25832958984375,0.04997895965576172,-8.088211758422851,10.894814654541015
1789799619704300300,38.26830029296875,0.5407902999877929,-7.547271820831298,9.597007717132568
1789799619714271200,38.278271240234375,0.42811318435668944,-7.052120989990234,8.714145854949951
1789799619724243500,38.28824340820312,0.09127893829345703,-6.638223377990722,8.390330080413818
1789799619734214400,38.29821435546875,0.23358429946899412,-6.5601125488281244,7.979275582885742
1789799619744185300,38.30818530273437,0.7275380294799805,-7.062445984649658,7.4821794631958
1789799619754157300,38.3181572265625,0.9478045822143554,-7.526172918701171,7.287800215911865
1789799619764128500,38.32812841796875,1.0711059677124022,-7.623736636352539,7.90385823059082
1789799619774099500,38.33809936523438,1.0263643241882323,-7.476343596649169,9.26975027770996
1789799619784070400,38.3480703125,0.9605237785339354,-7.1674915824890135,10.522366658782959
1789799619794042400,38.35804248046875,0.6844423995971679,-6.870012026214599,10.139593668365478
1789799619804013600,38.368013671875,0.4809352584838867,-6.41631081161499,8.53547855606079
1789799619813984500,38.377984619140626,-0.1197100830078125,-5.604377173614502,7.415740367126465
1789799619823956500,38.38795654296875,-0.646733723449707,-4.771494271087646,7.4603323730468745
1789799619833927400,38.39792749023437,-0.9500491462707519,-3.9309798507690425,8.789263932037352
1789799619843898600,38.407898681640624,-0.7794622779846191,-3.2746693206787105,10.89197154006958
1789799619853870300,38.41787036132813,-0.7682394577026367,-4.046500080871581,12.190077752685546
1789799619863841500,38.42784155273438,-0.38456864166259763,-6.097881990814209,10.960804837799072
1789799619873812500,38.4378125,0.11237784042358398,-7.270142978668212,8.432378247070313
1789799619883784400,38.447784423828125,0.4070142822265625,-6.092195761871338,6.806266407012939
1789799619893755400,38.45775537109375,0.9081506172180175,-4.3543046318054195,5.4601265235900875
1789799619903726300,38.467726318359375,1.0161889671325683,-3.2199019577026364,4.247463382720947
1789799619913698600,38.47769848632812,0.6088754096984863,-2.551171506500244,3.493589134979248
1789799619923669200,38.48766918945312,0.46791678695678707,-2.5864859809875487,2.583044316101074
1789799619933640400,38.49764038085937,0.5979518646240234,-2.777722838592529,1.2786533241271971
1789799619943612400,38.5076123046875,1.0366893188476562,-2.708141352844238,0.27832594299316404
1789799619953583400,38.51758325195313,1.368136611175537,-1.6913538352966309,1.169717148590088
1789799619963554300,38.52755419921875,1.7975965339660644,-0.2002151138305664,4.274996701812744
1789799619973526500,38.537526611328126,0.7224503509521484,0.08065466842651367,7.503876915740967
1789799619983497500,38.54749755859375,-1.3482348098754882,-2.0546739372253415,7.6606971244812
1789799619993468400,38.557468505859376,-1.1671733093261718,-3.9784149711608885,5.819556047821044
1789799620003440400,38.5674404296875,-1.3672387855529784,-3.4765304481506347,6.318447818756103
1789799620013411600,38.57741162109375,-1.6675614562988281,-2.983923456573486,6.468384697723388
1789799620023382500,38.587382568359374,-2.011727944946289,-2.9315502952575683,5.2810103118896485
1789799620033354500,38.5973544921875,-1.9228432083129883,-2.6669910118103024,4.591480233764648
1789799620043325400,38.60732543945313,-1.2412439231872558,-2.0929811637878415,5.3490954216003415
1789799620053296400,38.61729638671875,-1.1355997749328612,-1.838746875,5.989544365692138
1789799620063268400,38.627268310546874,-1.5484499237060545,-2.353200956726074,5.373635988616943
1789799620073239300,38.6372392578125,-0.643591333770752,-2.9698575218200682,4.5988124763488765
1789799620083210500,38.64721044921875,0.6226420692443847,-2.7352257591247557,5.084536138153076
1789799620093181400,38.657181396484376,0.5180453842163085,-2.3437737876892086,6.056432374572753
1789799620103153400,38.6671533203125,-0.4100070343017578,-2.544138539123535,6.172251879882812
1789799620113124400,38.67712426757812,-1.0319009155273438,-3.055450231170654,5.382913520050049
1789799620123095600,38.68709545898437,-1.2805986129760742,-3.6623803520202634,4.48134695739746
1789799620133067300,38.6970673828125,-1.301248602294922,-4.1368811935424805,4.081365642547607
1789799620143038500,38.70703857421875,-0.6385036552429199,-4.407874893951416,4.0069957534790035
1789799620153009400,38.71700952148438,0.003142389678955078,-4.490624488830566,4.8056116447448725
1789799620162981600,38.726981689453126,-0.044592005920410155,-4.331709353637695,6.854599353027344
1789799620172952300,38.736952392578125,-0.40282442932128903,-4.498555281829834,8.84223564376831
1789799620182923300,38.74692333984375,-0.7968202400207519,-5.2639516250610345,9.964816947174072
1789799620192895500,38.7568955078125,-0.8161234909057616,-6.761524763488769,10.101286441802978
1789799620202866400,38.76686645507812,-0.18420389022827147,-8.198195397186279,10.249876582336425
1789799620212837400,38.77683740234375,0.5249287139892578,-8.398410511016845,11.036222190093994
1789799620222809300,38.78680932617188,0.6364087287902832,-7.924208944702148,11.627739637756347
1789799620232780500,38.79678051757813,0.28580782318115233,-7.78878691329956,11.678466785430908
1789799620242751200,38.80675122070313,0.12958616485595703,-7.885303167724609,11.384428894042967
1789799620252723500,38.816723388671875,-0.0805050308227539,-8.10856247253418,10.929380941009521
1789799620262694400,38.8266943359375,0.033219548034667964,-7.998578833770751,10.44500401763916
1789799620272665600,38.83666552734375,0.4542997650146484,-7.56537797088623,9.65955623550415
1789799620282636300,38.84663623046875,0.8674491889953613,-7.010671373748779,8.971522533416747
1789799620292608500,38.8566083984375,0.9400234268188477,-6.943184814453125,8.93097074279785
1789799620302579500,38.86657934570312,0.7240963645935058,-7.585579047393798,9.987412225341796
1789799620312550400,38.87655029296875,0.49814358291625976,-8.531139065551757,11.476605657958984
1789799620322522400,38.8865224609375,0.6238391700744629,-8.74003316040039,12.552649666595459
1789799620332493300,38.89649340820313,1.260846449279785,-7.9210665550231925,12.48845513458252
1789799620342464500,38.90646459960937,1.462557939147949,-7.042693820953369,11.653477305603026
1789799620352436200,38.916436279296875,1.2384008087158203,-6.6605193809509275,10.472238061523436
1789799620362407400,38.926407470703126,0.41524435043334956,-6.711396166229248,9.306710765838622
1789799620372378400,38.93637841796875,-0.5693710823059082,-6.755838534545898,8.77863966217041
1789799620382350300,38.94635034179687,-0.6194996795654296,-6.619369039916992,8.709806364440917
1789799620392321300,38.9563212890625,-0.13078326568603516,-6.120327631378173,8.424447454071045
1789799620402292500,38.96629248046875,0.22520459365844725,-5.45892942276001,7.910891197967529
1789799620412264400,38.97626440429688,1.2428899368286133,-4.914996733093261,7.16958650894165
1789799620422235400,38.9862353515625,1.2759598472595215,-4.945672441864013,6.947973217773437
1789799620432206300,38.99620629882813,0.5071218391418457,-5.475688834381103,7.276876670837402
1789799620442178600,39.006178466796875,0.26710312271118164,-6.042067164611816,8.079832052612304
1789799620452149500,39.0161494140625,0.4444236831665039,-6.841730519104003,9.496900160217285
1789799620462120400,39.026120361328125,0.6892308029174804,-7.662941688537598,11.267561925506591
1789799620472092400,39.03609252929687,1.9186533554077148,-7.856423110198974,11.259631132507323
1789799620482063600,39.046063720703124,2.4253262817382812,-7.672368857574463,10.796951661682128
1789799620492034600,39.05603466796875,1.3078326568603516,-7.36740742111206,11.245415560150146
1789799620502005200,39.06600512695312,0.6112696113586426,-7.445518250274658,11.254094541168213
1789799620511977500,39.0759775390625,0.8349778289794921,-7.716511950683593,10.791415070343017
1789799620521948400,39.08594848632813,0.6654384239196777,-7.620294971466064,10.314669664764404
1789799620531919400,39.09591943359375,0.4376899909973144,-7.629871778106689,9.433453816223144
1789799620541891300,39.105891357421875,-0.36092590026855464,-7.736413751983642,9.083900373840331
1789799620551862500,39.115862548828126,-1.4100351402282714,-8.07594147491455,9.727192432403564
1789799620561833500,39.12583349609375,-1.426944189453125,-8.368482990264893,10.109666147613526
1789799620571805400,39.13580541992187,0.012120645904541014,-7.780407207489013,10.207229865264893
1789799620581776400,39.1457763671875,1.2361562446594239,-6.3892264053344725,9.452008879089355
1789799620591747600,39.15574755859375,1.0580874961853026,-5.256619382476806,7.7973162567138665
1789799620601719300,39.16571923828125,0.3491045295715332,-4.7846623802185055,6.495169828796386
1789799620611690500,39.1756904296875,-0.04219780426025391,-4.922927526092529,5.889436808776855
1789799620621661000,39.185660888671876,0.09651625442504883,-5.421220746612549,5.855618710327148
1789799620631633200,39.195633056640624,0.28790274963378903,-5.784989761352539,6.312013401794434
1789799620641603800,39.20560375976562,0.6374561920166015,-5.823446625518798,7.385064658355712
1789799620651575000,39.215574951171874,0.8882488159179687,-5.8083332275390624,8.889521126556396
1789799620661546000,39.2255458984375,1.1996446693420408,-6.137087042999267,9.822361948394775
1789799620671518200,39.23551831054687,1.2261305252075194,-6.793247935485839,9.62080009613037
1789799620681489000,39.24548901367187,0.4999392341613769,-7.449259190368652,8.870816426086424
1789799620691460000,39.25546020507812,-0.05850830307006836,-7.656656909179687,8.865130197143554
1789799620701432000,39.26543212890625,-0.2428618309020996,-7.158214051055908,9.543437454986572
1789799620711403000,39.27540307617188,-0.17761983566284179,-6.227019242858886,10.606762267303466
1789799620721374000,39.2853740234375,-0.32441432495117184,-5.615001443481445,11.808202587890625
1789799620731346200,39.29534619140625,-0.9540893615722655,-5.944802722167968,12.400019310760497
1789799620741317000,39.305317138671874,-0.8788216468811034,-6.987926457977294,12.310386386108398
1789799620751288000,39.3152880859375,0.05282207412719726,-7.781604308319092,11.916989125823974
1789799620761260000,39.32526000976563,0.8617629600524902,-7.694066310119628,11.920430790710448
1789799620771231000,39.33523095703125,0.7537246101379395,-7.01650724029541,11.860875024414062
1789799620781202200,39.3452021484375,0.22774843292236327,-6.761674401092529,10.740538285064696
1789799620791174000,39.355173828125,-0.05252279891967773,-6.675034228515624,9.150938020324707
1789799620801145000,39.36514501953125,0.2437596565246582,-6.4852937469482415,8.061725902557372
1789799620811116000,39.375115966796876,0.5571007987976074,-6.254552561950684,7.476942147064208
1789799620821088000,39.385087890625,0.670975015258789,-5.878363626098633,7.372495099639893
1789799620831059000,39.39505883789062,0.8310872512817382,-5.42630842514038,6.8870707130432125
1789799620841030100,39.405030029296874,1.1097124694824219,-4.956147074127197,5.73920065460205
1789799620851001000,39.4150009765625,1.2425906616210938,-4.270806848907471,4.6221559425354
1789799620860973000,39.42497314453125,1.2847884658813475,-3.495384786224365,3.744980309295654
1789799620870944000,39.43494409179687,1.334917063140869,-2.5513211441040036,3.0808886238098143
1789799620880915000,39.4449150390625,1.0099041877746582,-1.430685129547119,3.266139977264404
1789799620890887000,39.454886962890626,0.2527379127502441,-1.2285247268676758,3.323750454711914
1789799620900857900,39.46485791015625,0.010773907470703125,-1.4321815055847167,3.5832220596313475
1789799620910829000,39.4748291015625,0.2555810272216797,-1.2575544219970702,4.316745593261719
1789799620920801300,39.48480126953125,-0.15696984634399413,-0.850989052581787,4.899284784698486
1789799620930772000,39.49477197265625,0.3800795135498047,-0.9298480697631836,5.556044227600097
1789799620940743000,39.504742919921874,0.7704840217590332,-1.8906711235046385,6.638373015594482
1789799620950715100,39.51471508789062,-0.33473931961059566,-3.1573534393310547,7.676109797668457
1789799620960686000,39.52468603515625,-0.4451718711853027,-4.141220684051514,8.099434578704834
1789799620970657000,39.53465698242187,-0.23208792343139648,-4.351461517333984,8.496273503875733
1789799620980629000,39.54462890625,-0.6141127258300781,-3.7413890068054196,8.308179035949706
1789799620990600200,39.55460009765625,-1.114650510406494,-3.1227871528625486,6.718728408813476
1789799621000571100,39.56457104492188,-1.0568903953552244,-3.042282122039795,4.873547116851807
1789799621010542000,39.5745419921875,-0.9335890098571776,-2.6273370468139645,3.8789059646606443
1789799621020514000,39.58451416015625,-0.869544115447998,-1.8397943382263182,3.697844464111328
1789799621030485200,39.5944853515625,-0.9929951385498046,-1.4119804290771483,4.070292459869385
1789799621040456000,39.6044560546875,-0.7854477821350098,-1.580023458099365,3.9644986740112302
1789799621050428200,39.61442822265625,-0.7064391273498535,-1.9047370582580565,3.487603630828857
1789799621060399000,39.62439916992187,-0.8629600608825683,-2.0943279022216794,3.3822587577819823
1789799621070370000,39.6343701171875,-0.8684966522216796,-2.3879168807983397,3.1808465431213375
1789799621080342000,39.644342041015626,-0.5445312400817871,-2.8139351387023925,3.210624426269531
1789799621090313000,39.65431298828125,-0.3425204750061035,-3.061286097717285,4.257489102172851
1789799621100284200,39.6642841796875,-0.5404910247802734,-3.1925182762145994,5.652710119628906
1789799621110255900,39.674255859375,-0.9440636421203613,-3.750816175842285,5.909937160491943
1789799621120227000,39.68422705078125,-0.9874585472106933,-4.581753789520263,5.806836851501465
1789799621130198000,39.694197998046874,-0.5488707305908203,-5.253626630401611,6.532429592132568
1789799621140169200,39.704169189453125,-0.4869207626342773,-5.8922799232482905,7.624784099578857
1789799621150141000,39.71414086914063,-0.7624035911560059,-6.723367174530029,8.596081785583495
1789799621160112000,39.72411206054687,-0.07077858657836913,-7.573458401489257,9.681253688049315
1789799621170083000,39.7340830078125,0.6814496475219726,-8.180089247131347,11.390564035797118
1789799621180055000,39.744054931640626,0.25318682556152344,-8.903138148498535,13.193397885894775
1789799621190026000,39.75402587890625,-0.3968389251708984,-10.002974536132811,14.35772808074951
1789799621199997000,39.763996826171876,0.1236006607055664,-10.600028575134276,14.605079039764403
1789799621209969200,39.77396923828125,0.9910498497009277,-10.3552214553833,14.238466910552978
1789799621219939800,39.78393994140625,1.0090063621520995,-9.87668039855957,13.352163383483886
1789799621229911000,39.7939111328125,0.5476736297607422,-9.353846611022949,11.92611701965332
1789799621239883000,39.80388305664062,0.3491045295715332,-8.566303902435303,10.528501800537109
1789799621249854200,39.81385424804687,0.021098902130126954,-7.5348518997192375,9.86994670639038
1789799621259825000,39.82382495117187,-0.0076315177917480465,-6.434416961669921,9.71671780014038
1789799621269797000,39.83379711914063,0.12823942642211913,-5.82868394165039,9.39784006652832
1789799621279768000,39.84376806640625,0.737414111328125,-5.3865048225402825,8.942343200683593
1789799621289739000,39.85373901367188,1.424250712585449,-5.295974072265625,8.067711406707764
1789799621299710000,39.8637099609375,1.7316063507080077,-5.527463445281982,7.307253104400634
1789799621309682200,39.87368212890625,0.9288006065368651,-5.6191912963867185,6.719925509643554
1789799621319653000,39.883653076171875,0.33039982910156246,-5.539733728790283,6.55023646697998
1789799621329624000,39.8936240234375,-0.0704793113708496,-5.786635774993896,6.456264051818847
1789799621339596000,39.90359594726562,0.3682581428527832,-6.067505557250977,6.7926493850708
1789799621349567000,39.91356689453125,0.22221184158325194,-6.415113710784912,7.549366747283935
1789799621359538200,39.9235380859375,-0.6868366012573242,-6.797587425994872,9.23189196395874
1789799621369510000,39.93351000976563,-0.366462491607666,-7.472602656555176,11.07722289352417
1789799621379481000,39.94348120117188,1.194407353210449,-7.937377053833007,12.996025886535644
1789799621389452000,39.9534521484375,2.1672014152526855,-7.871087595367431,14.380921909332274
1789799621399423200,39.96342333984375,2.0205565635681153,-7.419930220031738,13.915698599243163
1789799621409395000,39.97339501953125,1.0333972915649414,-7.212083588409423,12.50686055984497
1789799621419366100,39.9833662109375,0.27263971405029297,-7.25248574142456,11.745803707122802
1789799621429337000,39.993337158203126,0.09891045608520507,-7.360224816131591,11.592574800872802
1789799621439309000,40.00330908203125,0.6073790336608886,-7.556848627471924,10.720935758972168
1789799621449280000,40.01328002929687,0.6358101783752441,-7.559392466735839,9.082254360198974
1789799621459251000,40.0232509765625,0.25438392639160157,-7.4125979774475095,7.50776749343872
1789799621469223000,40.033222900390626,-0.3479074287414551,-7.5905170883178705,6.4225955909729
1789799621479193900,40.04319384765625,-0.6169558403015136,-7.8164698699951165,6.421997040557861
1789799621489165000,40.0531650390625,-0.5469254417419434,-8.449736209106446,6.647201634216308
1789799621499137000,40.063136962890624,0.0992097312927246,-8.908076189422607,6.384587639617919
1789799621509108000,40.07310791015625,0.5910685348510741,-8.39571703414917,6.285377908325195
1789799621519079000,40.083078857421874,0.7281365798950195,-7.269245153045654,6.3800985115051265
1789799621529050000,40.093050048828125,0.7465420051574707,-5.965003798675537,6.276399652099609
1789799621539022000,40.10302197265625,0.4891653266906738,-5.055356805419922,6.263530818176269
1789799621548993000,40.11299291992187,0.025139117431640625,-4.8041152687072755,6.782623665618896
1789799621558964000,40.1229638671875,-0.6402993064880371,-4.70565372543335,8.040627000427246
1789799621568936200,40.13293627929688,-0.6379051048278809,-4.843170683288574,9.227253198242186
1789799621578907100,40.1429072265625,0.2932897033691406,-5.237615406799316,10.26588780593872
1789799621588878000,40.15287817382813,0.8322843521118164,-5.6495677299499505,11.278934383392333
1789799621598850000,40.16285009765625,-0.056114101409912104,-6.234800398254394,11.499200936126709
1789799621608821200,40.1728212890625,-0.9220669143676757,-6.766762079620361,10.610203932189942
1789799621618792000,40.1827919921875,-1.237203707885742,-7.085939088439941,9.312696269989013
1789799621628763600,40.192763671875,-1.527650296783447,-6.963385890960693,9.459341121673583
1789799621638734800,40.20273486328125,-0.9475053070068359,-6.61443099899292,10.622174940490723
1789799621648705800,40.21270581054687,0.09786299285888671,-6.42244595336914,11.300332560729979
1789799621658676700,40.2226767578125,0.6688800888061524,-6.911162367248535,10.670956799316405
1789799621668648700,40.232648681640626,0.604535919189453,-7.48262837600708,10.006565838623047
1789799621678619600,40.24261962890625,1.0577882209777831,-7.753771714019775,9.788394212341307
1789799621688590800,40.2525908203125,1.7654244491577147,-7.634660181427002,9.758317053985595
1789799621698562600,40.2625625,1.574337229156494,-7.023240932464599,9.846453602600096
1789799621708533800,40.27253369140625,1.013196215057373,-6.290465586853027,9.816825357055663
1789799621718504700,40.282504638671874,0.942267990875244,-5.81626402053833,9.104999275970458
1789799621728476700,40.2924765625,0.653766690826416,-5.499481213378906,8.804676605224609
1789799621738447600,40.30244750976563,0.4493617240905761,-5.397727642822265,8.910769666290284
1789799621748418800,40.31241870117187,0.46417584686279295,-5.461173986816406,9.132083682250975
1789799621758389800,40.3223896484375,0.7445967163085937,-5.574599290466308,9.778368492889404
1789799621768361700,40.33236181640625,1.1979986557006834,-5.869535007476807,10.392930131530761
1789799621778332700,40.34233276367188,1.3621511070251464,-6.058078388214111,10.733804592895508
1789799621788303600,40.3523037109375,1.2642881141662596,-5.989544365692138,10.450091696166991
1789799621798275600,40.36227563476562,1.2568062339782715,-5.645976427459717,9.666439565277098
1789799621808246500,40.37224658203125,1.467047067260742,-5.186439346313477,8.507197048950195
1789799621818217700,40.3822177734375,1.0832266136169433,-4.791994622802734,7.321618314361571
1789799621828189700,40.39218969726563,0.9724947868347167,-4.361936149597168,6.675333503723144
1789799621838160600,40.40216064453125,0.7158662963867187,-3.822342950439453,6.086509532928466
1789799621848131600,40.41213159179687,0.6138134506225585,-3.2415994102478027,5.424063861083984
1789799621858102800,40.42210278320312,0.17597382202148437,-3.1482255455017087,4.456956027984619
1789799621868074800,40.43207470703125,-0.26336218261718747,-2.6975170829772948,4.110544975280762
1789799621878045700,40.44204565429688,-0.2488473350524902,-1.697488977050781,4.184316313934326
1789799621888016600,40.4520166015625,0.23912089080810545,-1.5529390518188475,3.5327941871643063
1789799621897988900,40.46198876953125,0.07242460021972656,-1.9342156661987304,2.752434083557129
1789799621907959800,40.471959716796874,-0.07227496261596679,-2.0082862800598145,1.8541595481872557
1789799621917930500,40.48193041992187,0.5515642074584961,-1.8809446792602538,1.0761936462402344
1789799621927902700,40.49190283203125,0.3462614151000976,-1.5477017356872558,1.2996025886535645
1789799621937873700,40.50187377929687,-0.4251204322814941,-0.6031891807556152,2.721010186767578
1789799621947844900,40.51184497070312,-0.29388825378417965,-0.7390601249694824,3.451241693115234
1789799621957816600,40.521816650390626,-0.23403321228027343,-1.38549457321167,4.4005426513671875
1789799621967787800,40.53178784179688,-0.9458592933654785,-1.662473777770996,5.520430477905273
1789799621977758700,40.5417587890625,-1.477372061920166,-2.6981156333923337,5.43977580947876
1789799621987729700,40.55172973632813,-1.4018050720214843,-3.575740179443359,5.368697947692871
1789799621997701600,40.56170166015625,-0.9377788627624511,-2.9692589714050293,6.4004492256164545
1789799622007672800,40.5716728515625,-0.9454103805541991,-2.3425766868591307,7.5465236328125
1789799622017643800,40.581643798828125,-1.1953051788330078,-2.697965995788574,8.104372619628906
1789799622027615700,40.59161572265625,-1.176001927947998,-3.4157775810241695,8.290821073913573
1789799622037586700,40.60158666992187,-1.248127252960205,-3.7762545684814453,7.972841165924072
1789799622047557600,40.6115576171875,-1.3811550827026366,-3.9612066467285154,7.509263869476318
1789799622057529600,40.621529541015626,-1.3166612754821776,-4.381837950897217,6.612635347747802
1789799622067500800,40.63150073242188,-0.7062894897460937,-4.797830489349365,5.7200470413208
1789799622077471700,40.6414716796875,-0.20425532913208005,-4.726602989959717,5.963657060241699
1789799622087442700,40.65144262695313,-0.5117606048583984,-4.363282888031006,6.978948201751709
1789799622097414700,40.66141455078125,-0.849791951751709,-4.254197074890136,7.602039183807372
1789799622107385600,40.671385498046874,-0.737414111328125,-4.67961678237915,7.48262837600708
1789799622117356800,40.681356689453125,-0.4462193344116211,-5.389647212219238,7.135169860076904
1789799622127328500,40.69132861328125,-0.05626373901367187,-6.240486627197265,6.846668560028076
1789799622137299700,40.7012998046875,0.30466216125488277,-6.930465618133544,7.567622534942626
1789799622147270700,40.71127075195312,0.2904465888977051,-7.3648635818481445,9.176376412963867
1789799622157243000,40.72124291992188,0.17133505630493162,-7.796568068695068,10.773907470703124
1789799622167213600,40.73121362304688,0.3763385734558105,-8.381501461791991,10.947936003875732
1789799622177184800,40.74118481445313,0.8080430603027343,-8.86168853225708,10.134356352233887
1789799622187155700,40.75115576171875,0.5116109672546386,-8.329726850891113,10.098742602539062
1789799622197128000,40.7611279296875,0.24435820693969726,-7.5923127395629875,10.80862339477539
1789799622207098600,40.7710986328125,0.29718028106689454,-7.190086860656738,12.654253599548339
1789799622217069600,40.781069580078125,0.31438860549926756,-7.981370509338379,14.09047532043457
1789799622227041800,40.79104174804687,0.44906244888305663,-9.119963036346435,14.455142160797118
1789799622237012700,40.8010126953125,1.1329062980651854,-9.259874195861816,13.848810590362548
1789799622246983700,40.81098364257812,1.5638625968933104,-8.79105958328247,12.868983560943603
1789799622256955600,40.82095556640625,1.4959271247863768,-8.091952698516845,11.682058087921142
1789799622266926800,40.8309267578125,0.9882067352294921,-7.325658529663086,10.29731170272827
1789799622276897800,40.84089770507813,0.3387795349121094,-6.73548782043457,9.016264176940917
1789799622286868700,40.85086865234375,0.12973580245971678,-6.623259617614746,7.805097412109374
1789799622296840700,40.8608408203125,0.5155015449523925,-6.562357112884521,7.109881105041503
1789799622306812000,40.87081201171875,0.5859808563232421,-6.661866119384765,7.581838107299804
1789799622316782600,40.880782470703124,0.6646902359008788,-6.562057837677002,8.02566324005127
1789799622326754800,40.8907548828125,1.2083236503601074,-6.101622930908203,8.10197841796875
1789799622336725800,40.90072583007812,1.4220061485290527,-5.701491978454589,8.383895663452147
1789799622346696700,40.91069677734375,0.8004115425109862,-5.606023187255859,8.149413538360594
1789799622356667600,40.92066772460937,0.03426701126098632,-5.561431181335449,8.39496884613037
1789799622366639600,40.9306396484375,-0.41090485992431636,-5.840804587554931,9.478794010162353
1789799622376610800,40.94061083984375,0.033219548034667964,-6.335656143188476,10.67379991378784
1789799622386581800,40.95058178710938,0.7924807495117187,-6.5306339408874505,11.315445958709716
1789799622396553700,40.9605537109375,1.6578350120544432,-6.459705716705322,10.750115091705322
1789799622406524700,40.970524658203125,1.159392153930664,-6.494421640777587,10.223540364074706
1789799622416495900,40.980495849609376,0.5633855781555176,-6.84352617034912,10.314370389556885
1789799622426467600,40.99046752929687,1.13649760055542,-7.4399816589355465,10.463110167694092
1789799622436438800,41.00043872070312,2.138022082519531,-7.963413996887207,10.29147583618164
1789799622446409700,41.01040966796875,2.1015105072021485,-8.18412946243286,9.769689511871338
1789799622456380700,41.02038061523437,1.5059528442382812,-8.148814987945556,8.87440772857666
1789799622466352600,41.0303525390625,0.8994716361999511,-8.045714678955077,7.970746239471435
1789799622476323600,41.04032348632813,-0.03426701126098632,-7.820061172485351,7.51450118560791
1789799622486294800,41.05029467773438,-0.4122515983581543,-7.521833428192139,7.724742018890381
1789799622496266500,41.0602666015625,0.00239420166015625,-7.013664125823974,7.930344086456298
1789799622506237700,41.07023779296875,0.5802946273803711,-6.420500664520263,7.892934685516357
1789799622516208600,41.080208740234376,0.6085761344909668,-5.953481703186035,7.906102794647216
1789799622526179800,41.09017993164063,0.2889502128601074,-5.858162549591064,7.7304282478332516
1789799622536151600,41.10015161132812,-0.263062907409668,-6.0425160774230955,7.705139492797851
1789799622546122800,41.110122802734374,-0.40013095245361324,-6.275501826477051,8.086416107177733
1789799622556093700,41.12009375,0.370951619720459,-6.40329234008789,8.574833245849609
1789799622566065700,41.13006567382813,0.6200982299804687,-6.478260779571533,8.86722512359619
1789799622576036600,41.14003662109375,0.33099837951660155,-6.538864009094238,8.91825154647827
1789799622586007600,41.15000756835938,-0.1548749198913574,-6.439504640197754,8.93112038040161
1789799622595979800,41.159979736328125,-0.41314942398071286,-6.121824007415771,8.780734588623046
1789799622605950700,41.16995068359375,-0.21293431015014647,-5.549909085845947,8.329577213287353
1789799622615921700,41.179921630859376,0.08753799819946288,-4.811447511291504,7.813177842712402
1789799622625893400,41.18989331054688,0.16115969924926757,-4.399195912933349,7.37997697982788
1789799622635865300,41.199865234375,0.234931037902832,-4.52653751373291,7.643039887237548
1789799622645836300,41.209836181640625,0.46193128280639645,-5.2159179542541505,8.609100257110596
1789799622655807200,41.21980712890625,0.6025906303405761,-6.265326469421386,9.81293477935791
1789799622665779500,41.229779541015624,0.9201216255187987,-7.410054138183593,10.782436814117432
1789799622675750100,41.23975024414062,1.0016741195678711,-8.173056279754638,11.479149497222899
1789799622685721300,41.249721435546874,0.8646060745239257,-8.08895994644165,11.58733748474121
1789799622695693300,41.259693359375,0.8521861534118652,-7.294084995269775,10.882095458221436
1789799622705664500,41.26966455078125,0.5319616813659668,-6.4363622505187985,9.662698625183104
1789799622715635200,41.27963525390625,-0.24660277099609373,-5.422268209838867,8.719083895874023
1789799622725606400,41.2896064453125,-1.2392986343383787,-3.989488153839111,8.77849002456665
1789799622735578400,41.299578369140626,-1.3289315589904784,-3.670311145019531,8.475623514556885
1789799622745549600,41.30954956054688,-0.5870283195495605,-4.434510387420654,7.555202613830566
1789799622755520300,41.319520263671876,0.13198036651611328,-4.525490050506591,6.921936274719238
1789799622765492500,41.329492431640624,1.0187328063964842,-4.021211325836181,6.546196251678467
1789799622775463400,41.33946337890625,1.9279308868408203,-3.7940614433288573,6.187066002655029
1789799622785434400,41.349434326171874,3.0789433349609374,-3.828029179382324,6.967575743865966
1789799622795405300,41.3594052734375,3.4090438888549803,-3.6508582565307615,9.604938510131836
1789799622805377300,41.36937719726563,1.9970634597778318,-3.9260418098449703,12.557138794708251
1789799622815348500,41.37934838867187,0.3661632164001465,-6.156839206695556,12.222698750305176
1789799622825319200,41.38931909179688,0.6726210289001464,-8.700528833007812,9.388412897491454
1789799622835291400,41.39929150390625,0.46941316299438474,-8.285733395385742,7.103745963287353
1789799622845262300,41.40926245117188,-1.7133505630493162,-5.2736780693054195,4.604947618103027
1789799622855233500,41.41923364257813,-3.3131261848449705,-1.8695722213745116,3.534140925598144
1789799622865205200,41.429205322265624,-2.2239140670776365,-0.14903905334472656,2.8890532157897946
1789799622875176400,41.439176513671875,-0.9359832115173339,-0.2501940734863281,1.949777976989746
1789799622885147400,41.4491474609375,-0.587926145172119,-0.8393173194885254,1.9819500617980956
1789799622895118300,41.459118408203125,0.060902504730224606,-1.1595417915344237,2.1986253120422363
1789799622905090300,41.46909033203125,1.1119570335388183,-1.253214931488037,1.7126023750305175
1789799622915061200,41.47906127929687,1.992424694061279,-0.36212300109863277,1.0978910987854003
1789799622925032400,41.48903247070312,0.6811503723144531,0.05192424850463867,1.0956465347290039
1789799622935004200,41.499004150390626,-1.8956091644287107,-0.8405144203186035,0.6203975051879882
1789799622944975400,41.50897534179688,-1.9149124153137207,-2.3196821334838864,-1.837400136566162
1789799622954946300,41.5189462890625,-0.009277531433105468,-2.705747151184082,-3.0172926422119137
1789799622964917500,41.52891748046875,0.9147346717834473,-1.7054197700500486,-1.1355997749328612
1789799622974889200,41.53888916015625,0.6102221481323242,-0.5048772750854492,2.431012510681152
1789799622984860400,41.5488603515625,-0.036361937713623046,-0.496048656463623,5.616048906707763
1789799622994831400,41.558831298828125,-0.847248112487793,-1.6183306846618652,10.213065731811524
1789799623004803300,41.56880322265625,-1.8038813133239746,-3.5939959671020505,16.44651939163208
1789799623014774300,41.57877416992188,-4.200028262329101,-6.907122151947021,21.563526889801025
1789799623024745200,41.5887451171875,-3.8236896888732907,-9.406967960357665,21.02857245635986
1789799623034716400,41.59871630859375,-0.7474398307800293,-9.031676850128173,18.243517375183103
1789799623044688100,41.608688232421876,0.4354454269409179,-7.817966246032714,14.495693951416015
1789799623054659300,41.61865942382813,0.12988544006347655,-7.20116004333496,9.447220475769042
1789799623064630300,41.62863037109375,-0.47016135101318357,-6.219687000274658,5.240458521270751
1789799623074602200,41.638602294921874,-1.296759474182129,-5.14603719329834,2.7455507537841797
1789799623084573200,41.6485732421875,-0.5505167442321777,-4.344129274749756,1.7196353424072264
1789799623094544400,41.65854443359375,1.6237176383972167,-3.9451954231262203,1.3257891693115234
1789799623104515300,41.668515380859375,2.7192145355224606,-3.865588217926025,1.5168763893127442
1789799623114487300,41.6784873046875,1.6514005950927733,-4.273799600982666,2.656666017150879
1789799623124458200,41.68845825195312,0.5330091445922851,-5.00552748336792,4.155136981201172
1789799623134429400,41.69842944335937,0.6187514915466308,-6.12212328262329,5.392041413879395
1789799623144401400,41.7084013671875,1.3928268157958983,-6.981192765808105,6.589890431976318
1789799623154372400,41.71837231445313,1.829020430755615,-7.082946336364746,7.914183225250244
1789799623164343300,41.72834326171875,1.5119383483886717,-6.964134078979492,9.756970315551758
1789799623174315500,41.7383154296875,0.6545148788452148,-7.568221085357665,12.549956189727782
1789799623184286500,41.748286376953125,-0.5641337661743163,-8.894758442687987,14.438382749176025
1789799623194257200,41.758257080078124,-1.7043723068237304,-9.724199680328368,14.60762287902832
1789799623204228400,41.768228271484375,-1.5456068092346191,-8.81694688873291,13.629441863250731
1789799623214200300,41.77820043945312,-0.7628525039672851,-7.515548648834228,12.452991022491455
1789799623224171500,41.788171630859374,-0.921917276763916,-6.452523111724853,12.039392685699463
1789799623234142200,41.79814208984375,-0.8800187477111816,-6.501753883361816,12.204592600250244
1789799623244114400,41.80811450195313,-0.24555530776977538,-7.4951979347229,13.070695050811766
1789799623254085400,41.81808544921875,1.7904139289855956,-9.074772480010985,13.201627954101562
1789799623264056300,41.82805639648438,4.15004930267334,-9.789740950775146,11.723208428955077
1789799623274027300,41.83802734375,4.431816910552978,-9.251943402862548,9.846752877807617
1789799623283999500,41.84799951171875,3.3318308853149414,-8.584709327697754,8.666112184143065
1789799623293970400,41.857970458984376,1.163282731628418,-8.118588191986083,7.924957132720947
1789799623303941400,41.86794140625,-0.9277531433105468,-8.14013600692749,7.62912359008789
1789799623313913300,41.87791333007812,-0.7745242370605468,-8.307131572723389,7.8924857727050775
1789799623323884300,41.88788427734375,-0.4691138877868652,-8.087463570404053,9.063848934936523
1789799623333855500,41.89785546875,-0.3277063522338867,-7.094169156646728,9.228001386260987
1789799623343826200,41.907826171875,-0.06584054565429687,-5.998073709106445,9.02045402984619
1789799623353798400,41.91779833984375,0.2127846725463867,-5.726331820678711,8.404844927978516
1789799623363769300,41.92776928710938,0.6364087287902832,-6.080374391174316,7.58438194656372
1789799623373740500,41.93774047851562,0.5210381362915039,-6.982838779449462,7.87812056274414
1789799623383712300,41.947712158203124,0.3869628433227539,-8.271218547821045,8.990227233886719
1789799623393683500,41.957683349609376,0.9253589416503906,-9.053374302673339,9.7553243019104
1789799623403654400,41.967654296875,2.259378179168701,-8.175300843811035,9.301024536895751
1789799623413625300,41.977625244140626,2.5432407135009765,-6.2769982025146485,8.0820766166687
1789799623423597300,41.98759741210937,2.2010195137023922,-4.5455414894104,6.283282981872558
1789799623433568300,41.997568359375,1.2975076622009276,-3.8893805969238278,3.9935283691406247
1789799623443539500,42.00753955078125,-0.2792237686157226,-3.784783911895752,3.583521334838867
1789799623453511200,42.01751123046875,-1.5043068305969238,-4.601505953216552,5.884648405456542
1789799623463482400,42.027482421875,-1.3645453086853025,-6.054487085723877,8.571690856170655
1789799623473453300,42.03745336914063,0.6591536445617675,-7.7495818611145015,9.641450085449218
1789799623483424500,42.04742456054687,1.507299582672119,-9.470563941955566,10.520571007537841
1789799623493396200,42.057396240234375,-0.9876081848144531,-10.491242037200927,11.812392440795898
1789799623503367400,42.067367431640626,-2.914940521240234,-10.436025761413573,12.504167082977295
1789799623513338400,42.07733837890625,-1.8291700683593748,-9.139116649627685,13.163320727539062
1789799623523310300,42.08731030273437,-0.06928221054077148,-7.494599384307861,13.549685020446777
1789799623533281300,42.09728125,0.6175543907165527,-6.267421395874023,13.34961954421997
1789799623543252200,42.10725219726562,0.33922844772338867,-5.636100345611572,12.687772422790527
1789799623553223400,42.117223388671874,-0.5529109458923339,-5.945550910186768,11.341033988952637
1789799623563195100,42.12719506835938,-0.8652046249389648,-6.692541828155517,10.4708913230896
1789799623573166300,42.13716625976563,-0.2932897033691406,-7.419930220031738,9.983372010040283
1789799623583137300,42.14713720703125,0.28790274963378903,-7.809436902618407,9.2948893951416
1789799623593109200,42.157109130859375,0.619948592376709,-7.908197721099853,8.796446537017822
1789799623603080200,42.167080078125,1.0697592292785645,-7.562834131622314,8.485948509216309
1789799623613051400,42.17705151367188,1.3275848205566405,-7.002740580749511,7.813776393127441
1789799623623022800,42.18702294921875,1.3531728507995604,-6.6714429260253905,7.045237660217285
1789799623632994600,42.19699462890625,0.9238625656127929,-6.535422344207763,6.647949822235107
1789799623642965800,42.2069658203125,0.9313444458007812,-6.468983248138428,6.276848564910888
1789799623652936700,42.216936767578126,0.9834183319091796,-6.303035145568847,6.4166100868225096
1789799623662908700,42.22690869140625,0.805050308227539,-5.970839665222168,7.268048052215576
1789799623672879600,42.23687963867187,0.9316437210083007,-5.591358702087402,8.871115701293945
1789799623682850600,42.2468505859375,0.9273042304992676,-5.372438887786865,10.620678564453124
1789799623692821800,42.25682177734375,0.5657797798156738,-5.6574985229492185,11.95709200363159
1789799623702793500,42.26679345703125,-0.1849520782470703,-6.254103649139404,12.197260357666014
1789799623712764700,42.2767646484375,-0.5921159980773926,-6.809408796691894,10.868777711486816
1789799623722735600,42.28673559570313,-0.5274725532531738,-6.536020894622802,8.825176956939696
1789799623732707800,42.296707763671876,0.06868366012573242,-5.379022942352295,7.714716299438476
1789799623742678500,42.306678466796875,0.8656535377502441,-4.321683634185791,6.68431175994873
1789799623752649700,42.316649658203126,0.912340470123291,-3.506308331298828,5.616348181915283
1789799623762620700,42.32662060546875,0.6420949577331543,-3.0582933456420895,4.720318210601806
1789799623772593000,42.336593017578124,0.7483376564025879,-2.734028658294678,4.067449345397949
1789799623782563600,42.3465634765625,1.1158476112365723,-2.6636989845275876,3.1444846054077145
1789799623792534800,42.35653466796875,1.2975076622009276,-2.64963304977417,2.4233809928894043
1789799623802506800,42.3665068359375,1.3853449356079102,-2.1739351074218747,2.148197439575195
1789799623812478000,42.37647802734375,1.218798282623291,-1.6566379112243652,1.7437269966125488
1789799623822448600,42.38644873046875,0.5617395645141601,-1.0607809730529785,1.5547347030639647
1789799623832419600,42.39641967773437,-0.11941080780029296,-0.5140051689147949,2.113930428314209
1789799623842391800,42.406391845703126,-0.6923731925964355,-0.18704700469970703,2.7611130645751953
1789799623852362800,42.41636279296875,-1.0622773490905761,-0.8276455863952636,2.9140426956176757
1789799623862333700,42.42633374023438,-1.7221791816711425,-1.652896971130371,3.440467785644531
1789799623872305700,42.4363056640625,-1.8279729675292968,-1.8107646430969238,4.529979178619384
1789799623882276900,42.44627685546875,-1.4050970993041991,-1.903091044616699,5.319766451263427
1789799623892247600,42.45624755859375,-1.2883797683715819,-2.2846669342041013,5.674257934570313
1789799623902218800,42.46621875,-1.0148422286987304,-2.4724621269226073,6.197390997314453
1789799623912190700,42.47619067382813,-1.1016320388793945,-2.5674820053100587,6.92702395324707
1789799623922162000,42.48616186523437,-1.2273276260375976,-2.6937761428833005,7.6102692520141595
1789799623932132600,42.49613256835938,-1.3512275619506835,-2.801814492797851,7.867645930480957
1789799623942104800,42.506104736328126,-1.4917372718811035,-3.2130186279296873,8.004115425109863
1789799623952075800,42.51607568359375,-1.0844237144470215,-3.8066310020446776,8.33840583190918
1789799623962046700,42.526046630859376,-0.8951321456909179,-4.00340445098877,8.939051173400879
1789799623972017700,42.536017578125,-1.262791738128662,-4.283526045227051,9.545682019042967
1789799623981989600,42.54598974609375,-1.5480010108947753,-4.702810610961913,9.574562076568602
1789799623991960800,42.5559609375,-1.479317350769043,-5.045331085968018,8.684816884613037
1789799624001931800,42.565931884765625,-0.9651625442504882,-5.4506993545532225,7.24605132446289
1789799624011903700,42.57590380859375,-0.10115502014160156,-5.525667794036865,6.570138268280029
1789799624021874700,42.58587475585937,0.14604630126953125,-5.187786084747314,6.692392190551757
1789799624031846000,42.59584594726562,-0.42601825790405273,-4.8603790077209466,7.1978680160522455
1789799624041816800,42.60581689453125,-0.5214870491027832,-4.817881928253174,7.191583236694336
1789799624051788800,42.61578881835938,-0.19812018737792966,-5.169530297088623,6.388478217315673
1789799624061759700,42.625759765625,0.21009119567871093,-5.636549258422852,5.574150377655029
1789799624071730700,42.63573071289063,0.673518854522705,-5.91831686630249,4.944026428222656
1789799624081702700,42.64570263671875,1.0043675964355467,-5.984755962371826,5.121047713470459
1789799624091673600,42.655673583984374,0.609025047302246,-6.00765051574707,6.098330903625488
1789799624101644800,42.665644775390625,-0.24480711975097655,-6.108356623077392,7.388955236053467
1789799624111615700,42.67561572265625,-0.2163759750366211,-6.452523111724853,8.438064476013183
1789799624121587700,42.68558764648437,0.03336918563842773,-6.744017163848876,9.40352629547119
1789799624131558700,42.69555859375,0.31004911499023435,-6.97805037612915,10.345195735931396
1789799624141529900,42.70552978515625,0.3507505432128906,-7.458387084197998,11.660809548187256
1789799624151500800,42.71550073242187,-0.07077858657836913,-8.040327725219726,13.085359535980224
1789799624161472800,42.72547265625,-0.3651157531738281,-8.71384657974243,13.917045337677001
1789799624171443700,42.73544360351563,-0.2659060218811035,-8.903437423706054,13.942184455108642
1789799624181414700,42.74541455078125,0.08604162216186523,-8.633790461730957,13.13833124771118
1789799624191386600,42.75538671875,0.6524199523925781,-8.532186528778075,12.060491587829588
1789799624201357600,42.765357666015625,0.37334582138061523,-8.926182339477538,11.49890166091919
1789799624211328800,42.775328857421876,0.23956980361938476,-9.669282679748534,10.89840595703125
1789799624221299700,42.7852998046875,0.3628711891174316,-10.222492900848389,10.428394243621826
1789799624231271700,42.79527172851562,0.5542576843261718,-10.116250202178955,10.10667339553833
1789799624241242600,42.80524267578125,1.1454758567810057,-9.529221882629393,10.012401705169678
1789799624251213800,42.8152138671875,1.3106757713317871,-8.530241239929198,9.777769942474364
1789799624261185500,42.825185546875,1.0238204849243164,-7.383568282318115,9.481936399841308
1789799624271156700,42.83515673828125,0.7633014167785644,-6.263530818176269,9.02733735961914
1789799624281127700,42.84512768554688,0.48946460189819335,-5.392041413879395,8.400954350280761
1789799624291098600,42.8550986328125,0.37394437179565426,-4.863970310211181,7.773972790527344
1789799624301070600,42.865070556640624,0.48063598327636714,-4.538508522033691,6.860135944366455
1789799624311041500,42.87504150390625,0.5897217964172363,-4.31554849243164,6.063465341949462
1789799624321012700,42.8850126953125,0.8584709327697754,-4.447528858947754,5.800701709747314
1789799624330983700,42.894983642578126,0.7287351303100585,-4.81982721710205,6.140379070281982
1789799624340955600,42.90495556640625,0.4421791191101074,-5.2165165046691895,6.76077657546997
1789799624350926600,42.91492651367187,0.6283282981872558,-6.014982758331299,7.006631158447266
1789799624360897800,42.92489770507812,0.5385457359313964,-6.643610331726074,7.398681680297851
1789799624370869800,42.93486987304688,0.6133645378112793,-6.660369743347167,7.678952912139892
1789799624380840700,42.9448408203125,1.086518640899658,-6.794594673919677,7.686883705139159
1789799624390811600,42.95481176757813,0.6964134078979491,-6.642413230895996,8.448988021087645
1789799624400782800,42.96478295898437,-0.42018239135742186,-6.421248852539062,9.90840357055664
1789799624410754600,42.974754638671875,-0.9211690887451172,-6.540809297943115,11.437101330566406
1789799624420725800,42.984725830078126,-0.08304887008666992,-6.815693576049804,12.473192098999023
1789799624430696700,42.99469677734375,1.0058639724731444,-7.266850951385497,12.505813096618652
1789799624440669000,43.0046689453125,0.2066495307922363,-7.831433630371094,12.09775135116577
1789799624450639600,43.0146396484375,-1.200841770172119,-8.106617183685302,11.410166561889648
1789799624460610600,43.02461059570312,-1.6014216354370117,-8.193406993865967,10.537180781555175
1789799624470581800,43.034581787109374,-0.6184522163391113,-8.20418090133667,9.682750064086914
1789799624480553700,43.0445537109375,-0.10489596023559569,-8.170063527679442,8.913463143157959
1789799624490524700,43.05452465820313,-0.42931028518676756,-8.251167108917237,8.110657398986817
1789799624500495600,43.06449560546875,-0.9783306533813476,-8.391227906036377,7.516147199249267
1789799624510466800,43.074466796875,-0.8411129707336426,-8.163928385925292,7.427561737823486
1789799624520438800,43.084438720703126,-0.0330699104309082,-7.704540942382812,7.813926030731201
1789799624530409700,43.09440966796875,0.6808510971069336,-7.23348176574707,8.498518067932128
1789799624540380700,43.104380615234376,0.93852705078125,-7.104194876098632,9.184905756378173
1789799624550353000,43.114352783203124,0.8490437637329101,-7.111078205871582,9.814281517791747
1789799624560323800,43.12432373046875,0.7199065116882324,-7.2164230789184565,10.045471615600585
1789799624570294500,43.13429443359375,0.70868369140625,-7.185747370147705,9.803058697509766
1789799624580265700,43.144265625,0.3848679168701172,-6.785167504882812,9.539397239685059
1789799624590237700,43.15423779296875,0.2563292152404785,-6.275202551269531,8.939799361419677
1789799624600208600,43.16420874023437,0.14454992523193358,-5.773617303466796,8.130708837890625
1789799624610179600,43.1741796875,-0.3247136001586914,-5.411045389556884,7.963264359283447
1789799624620150300,43.184150390625,-0.4560954162597656,-5.408651187896728,8.500313719177246
1789799624630122500,43.19412255859375,-0.2271498825073242,-5.768679262542724,9.145102153778076
1789799624640093400,43.204093505859376,-0.19797054977416992,-6.3989528495788575,9.222464794921875
1789799624650064400,43.214064453125,-0.010175357055664061,-6.702417910003661,9.36521906890869
1789799624660036400,43.22403637695312,0.32127193527221676,-6.536170532226562,9.409511799621582
1789799624670007600,43.234007568359374,0.19722236175537108,-6.18003303527832,9.023895694732666
1789799624679978500,43.243978515625,0.13646949462890623,-5.66288547668457,8.935010958099365
1789799624689949400,43.253949462890624,-0.049230771636962885,-5.1033904762268065,8.852560638427734
1789799624699921400,43.26392138671875,-0.03067570877075195,-4.548534241485595,8.35636234436035
1789799624709892600,43.273892578125,0.25483283920288086,-4.275595252227783,6.891110928344726
1789799624719863300,43.28386328125,0.26171616897583005,-3.6454713027954098,5.884798043060302
1789799624729835500,43.29383544921875,-0.03651157531738281,-2.6030957550048828,5.539733728790283
1789799624739806500,43.303806396484376,-0.2180219886779785,-1.7938555938720702,5.8349687210083
1789799624749777400,43.31377734375,-0.4682160621643066,-1.4876970565795897,6.249464883422851
1789799624759748400,43.323748291015626,-0.5576993492126464,-1.9843442634582518,5.98834726486206
1789799624769720300,43.33372021484375,-0.5588964500427246,-2.807799996948242,4.901978261566162
1789799624779691500,43.34369140625,-0.41270051116943357,-2.8444612098693844,4.4306198097229
1789799624789662500,43.353662353515624,0.0900818374633789,-2.3157915557861326,4.526238238525391
1789799624799633400,43.36363330078125,0.4291606475830078,-2.3130980789184568,4.261379679870605
1789799624809605400,43.37360546875,-0.19662381134033202,-2.1752818458557126,4.208258330535888
1789799624819576600,43.38357666015625,-0.6141127258300781,-1.2714707191467285,3.8652889427185055
1789799624829547500,43.39354760742187,-0.5271732780456543,-1.1510124481201172,2.746448579406738
1789799624839519500,43.40351953125,-1.0018237571716309,-1.2147580673217773,2.201169151306152
1789799624849490400,43.41349047851563,-1.1073182678222655,-0.9831190567016601,3.122637515258789
1789799624859461400,43.42346142578125,-0.9026140258789062,-1.0175357055664063,4.920533324432372
1789799624869432600,43.4334326171875,-0.7398083129882812,-1.6270096656799315,5.27352843170166
1789799624879404300,43.443404296875,-0.6992565223693847,-1.910273649597168,5.384709171295166
1789799624889375500,43.45337548828125,-0.732326432800293,-2.2297499336242677,5.389198299407958
1789799624899346400,43.463346435546875,-0.7995137168884277,-2.7653029174804686,5.409698651123047
1789799624909317400,43.4733173828125,-0.8681973770141601,-3.141641490936279,5.398475830841064
1789799624919289300,43.48328930664063,-0.6364087287902832,-3.386897523498535,5.61784455795288
1789799624929260500,43.49326049804687,-0.6347627151489258,-3.8706758964538572,5.295525159454345
1789799624939231500,43.5032314453125,-0.6576572685241698,-4.337096307373047,5.2822074127197265
1789799624949203500,43.513203369140626,-0.4831798225402832,-4.60943674621582,5.849333930969238
1789799624959174400,43.52317431640625,-0.4375403533935547,-4.817732290649414,6.427683269500732
1789799624969145600,43.5331455078125,-0.48123453369140623,-5.10728105392456,7.039252156066894
1789799624979116500,43.54311645507813,-0.16549918975830077,-5.717652839660644,7.174823825073242
1789799624989088500,43.553088623046875,0.14948796615600585,-6.396109735107421,7.468412803649902
1789799624999059500,43.5630595703125,0.12808978881835936,-7.17602092590332,8.61792887573242
1789799625009030400,43.573030517578125,-0.07930792999267577,-8.142679846191406,10.190620091247558
1789799625019001600,43.583001708984376,-0.19737199935913086,-9.1807159034729,11.483937900543213
1789799625028973300,43.59297338867187,-0.2015618522644043,-10.005219100189208,11.89439384765625
1789799625038944500,43.60294458007812,-0.09112930068969725,-9.969156437683106,11.371560060119629
1789799625048915500,43.61291552734375,0.17238251953125,-9.221417331695555,10.303147569274902
1789799625058886700,43.62288671875,0.36212300109863277,-8.592640120697022,9.718214176177979
1789799625068858400,43.6328583984375,-0.1345242057800293,-8.328380112457275,10.654646300506592
1789799625078829600,43.64282958984375,0.10414777221679687,-8.614936123657227,11.773636301422119
1789799625088800500,43.65280053710938,0.24914661026000975,-9.022698593902588,12.365303386688232
1789799625098772500,43.6627724609375,0.35583822174072266,-9.010129035186766,12.16149697036743
1789799625108743400,43.672743408203125,1.2955623733520507,-8.354716330718993,11.060463481903076
1789799625118714400,43.68271435546875,1.0088567245483397,-7.76948366241455,10.234613546752929
1789799625128685600,43.692685546875,0.23508067550659179,-7.181108604431152,9.77432827758789
1789799625138657300,43.7026572265625,0.117465518951416,-6.675333503723144,9.360580303192139
1789799625148628500,43.71262841796875,0.1096843635559082,-6.0154316711425775,9.114426445007323
1789799625158599400,43.72259936523437,-0.16175824966430663,-5.7602995567321775,9.047388798522949
1789799625168571400,43.7325712890625,-0.12913725204467771,-5.846640454101562,8.975862023925782
1789799625178542300,43.74254223632813,1.0122983894348143,-5.955277354431152,9.313294820404051
1789799625188513500,43.75251342773438,1.3781623306274413,-6.19260259399414,9.545532381439209
1789799625198484500,43.762484375,1.3371616271972655,-6.165218912506103,9.224709358978272
1789799625208456400,43.77245654296875,0.9380781379699706,-5.954978079223633,8.83565158920288
1789799625218427400,43.782427490234376,0.4255693450927734,-5.763890859222411,8.913463143157959
1789799625228398300,43.7923984375,0.08888473663330078,-6.025906303405761,9.12295578842163
1789799625238369500,43.80236962890625,0.0570119270324707,-6.379350323486328,9.571270049285888
1789799625248341200,43.81234130859375,0.5767033248901366,-7.165695931243896,10.545261212158202
1789799625258312400,43.8223125,0.981323405456543,-8.000973035430908,11.270554677581787
1789799625268283400,43.832283447265624,1.3829507339477538,-8.412326808166503,11.454608930206298
1789799625278254600,43.842254638671875,1.511788710784912,-8.504802847290039,10.969483818817139
1789799625288226300,43.85222631835938,1.1335048484802246,-8.027458891296387,10.409390267944335
1789799625298197500,43.86219750976562,0.9618705169677734,-7.513453722381591,9.598354455566406
1789799625308168400,43.87216845703125,0.3773860366821289,-7.13801297454834,9.160065914154051
1789799625318140400,43.882140380859376,0.10654197387695312,-6.663661770629883,8.678232830047607
1789799625328111400,43.892111328125,0.36915596847534177,-6.072892510986327,7.812579292297363
1789799625338082300,43.902082275390626,0.2929904281616211,-5.616198544311523,7.069927864837646
1789799625348053500,43.91205346679688,0.24061726684570311,-5.3576247650146485,6.323385859680175
1789799625358025200,43.92202514648437,0.6554127044677734,-5.2922331321716305,5.166088632202148
1789799625367996400,43.931996337890624,-0.0040402153015136714,-5.59255580291748,5.589563050842285
1789799625377967400,43.94196728515625,-1.274313833618164,-6.10985299911499,7.5065703926086425
1789799625387938600,43.9519384765625,-0.23343466186523437,-6.611438246917724,8.640075241088867
1789799625397910300,43.96191015625,1.0598831474304198,-6.975955449676513,8.936208058929443
1789799625407881500,43.97188159179687,1.3166612754821776,-7.021445281219482,9.228599936676025
1789799625417852400,43.98185229492187,0.7115268058776855,-7.308150930023193,9.24371333465576
1789799625427824400,43.99182446289063,-0.24390929412841794,-7.5911156387329095,9.626635962677002
1789799625437795300,44.00179541015625,-0.13213000411987305,-7.715614125061035,10.5091985496521
1789799625447766300,44.01176635742188,0.8173205917358398,-7.567921810150146,11.535862149047851
1789799625457737500,44.02173754882813,0.7908347358703612,-7.235127779388427,12.684779670715331
1789799625467709200,44.03170922851562,0.19782091217041015,-7.236324880218506,13.127706977844237
1789799625477680400,44.041680419921875,-0.40671500701904295,-7.973589353942871,13.295450731658935
1789799625487651300,44.0516513671875,-0.16759411621093748,-8.986037380981445,13.08161859588623
1789799625497622500,44.06162255859375,0.6774094322204589,-9.283666574859618,12.254721197509765
1789799625507594200,44.07159423828125,0.8994716361999511,-8.673444426727295,10.095450575256347
1789799625517565400,44.0815654296875,0.28161797027587887,-6.661417206573486,8.015787158203125
1789799625527536400,44.09153637695312,-0.6425438705444335,-4.806210195159911,7.105092701721191
1789799625537507600,44.101507568359374,-0.806995597076416,-3.9989153228759764,6.81823741531372
1789799625547479300,44.11147924804688,-0.40925884628295894,-3.688866207885742,6.602759265899658
1789799625557450500,44.12145043945313,1.1279682571411132,-4.114884465789794,6.00794979095459
1789799625567421400,44.13142138671875,1.9533692794799804,-4.36058941116333,6.143820735168457
1789799625577393400,44.141393310546874,1.8707693222045898,-4.330362615203857,6.475716940307617
1789799625587364400,44.1513642578125,2.2711995498657225,-4.461594793701171,8.308627948760986
1789799625597335300,44.161335205078124,2.1184195564270016,-5.0556560806274415,11.010933435058593
1789799625607306500,44.171306396484376,0.9937433265686034,-6.654982789611816,12.009614802551269
1789799625617278500,44.18127856445312,0.6503250259399413,-9.528772969818114,10.731260753631592
1789799625627249000,44.19124877929688,1.883937431335449,-10.881945820617675,7.857470573425292
1789799625637219800,44.2012197265625,3.3617584060668944,-7.730727523040771,5.342212091827392
1789799625647191000,44.21119091796875,0.7829039428710937,-2.0757728393554684,5.221005632781982
1789799625657163000,44.2211630859375,-3.2817022880554196,0.337732071685791,6.373963369750976
1789799625667134000,44.231134033203126,-3.4452561889648434,-1.1869254730224608,7.296479196929932
1789799625677105000,44.24110498046875,-1.0229226593017577,-2.290053887939453,8.298003678894043
1789799625687075800,44.25107592773438,0.8219593574523926,-2.3810335510253906,7.090577854156494
1789799625697048000,44.261048095703124,1.4133271675109862,-3.137451638031006,5.275922633361816
1789799625707018800,44.27101879882812,1.143979480743408,-3.9023990684509275,4.046799356079101
1789799625716990000,44.280989990234374,2.18321263885498,-3.0247745223999023,3.9351697036743163
1789799625726962000,44.2909619140625,0.9789292037963867,-1.1423334671020506,3.7288194480895993
1789799625736933000,44.30093310546875,-0.8442553604125976,-1.3561656028747557,0.8973767097473144
1789799625746903800,44.31090380859375,-1.1183914505004882,-2.8446108474731444,-3.0353987922668457
1789799625756875000,44.320875,0.6772597946166992,-3.3004069885253906,-6.274753638458251
1789799625766847000,44.330846923828126,1.8206407249450682,-2.1217115837097165,-7.264307112121582
1789799625776818000,44.34081787109375,0.8964788841247558,1.3675380607604979,-0.41314942398071286
1789799625786788900,44.350788818359376,-0.5997475158691405,4.04784681930542,8.069357420349121
1789799625796759800,44.360759765625,-1.435772808074951,3.2460885383605955,14.649222132873534
1789799625806732000,44.37073193359375,-3.0425813972473144,-2.57301859664917,14.947000964355468
1789799625816702700,44.38070263671875,-3.020435031890869,-6.984634430694579,8.890867864990234
1789799625826674000,44.390673828125,-1.4457985275268554,-5.7992053337097165,8.575132521057128
1789799625836644900,44.400644775390624,-1.5611691200256346,-4.479700943756103,11.793538102722167
1789799625846617000,44.4106171875,-2.083703632354736,-4.306719873809814,13.460800283813477
1789799625856587800,44.420587890625,-1.5779285316467284,-6.170456228637695,11.724405529785155
1789799625866559000,44.43055908203125,-0.898274535369873,-7.294084995269775,7.567323259735107
1789799625876531000,44.44053100585938,-0.7674912696838379,-6.675932054138183,5.276820458984375
1789799625886502100,44.45050219726563,-0.5768529624938965,-5.70747748260498,4.589534944915771
1789799625896472800,44.46047290039063,-0.21772271347045896,-4.891802904510498,4.212448183441162
1789799625906444000,44.47044409179688,0.49365445480346676,-4.604648342895508,3.0891186920166014
1789799625916416000,44.480416015625,1.3293804718017577,-4.64101028060913,1.9668366638183592
1789799625926387000,44.490386962890625,1.4137760803222656,-4.42448466796875,2.338536471557617
1789799625936358000,44.50035791015625,1.0066121604919434,-3.6635774528503418,4.594772261047363
1789799625946328800,44.510328857421875,0.5315127685546874,-3.07086290435791,7.148637244415283
1789799625956301000,44.52030102539062,0.20814590682983397,-3.534739476013183,8.820388553619384
1789799625966272000,44.53027197265625,0.6262333717346191,-5.196165790557861,10.573393081665039
1789799625976243000,44.54024291992187,0.5562029731750487,-8.072799085235594,13.102717498016357
1789799625986214000,44.5502138671875,0.33264439315795896,-12.738050657653808,15.572785423278807
1789799625996186000,44.56018603515625,1.1804910560607909,-17.28927837600708,16.046538076782227
1789799626006156800,44.57015673828125,1.9692308654785156,-15.863531287384033,12.758401371765135
1789799626016128000,44.5801279296875,1.8260276786804197,-10.501118119049071,10.067468343353271
1789799626026099000,44.59009887695313,0.2232593048095703,-7.518840676116943,9.9468604347229
1789799626036071200,44.6000712890625,-1.0770914718627929,-5.683685103607178,9.386617246246338
1789799626046041900,44.610041748046875,-1.4887445198059082,-4.445733207702636,8.321496782684326
1789799626056012800,44.6200126953125,-1.0393827957153319,-3.835660697174072,7.646032639312744
1789799626065985000,44.629985107421874,-0.0857423469543457,-3.7529111022949215,7.978677032470703
1789799626075956000,44.6399560546875,0.3968389251708984,-4.225466654968262,8.910021478271483
1789799626085927000,44.649927001953124,0.44577042160034175,-5.299715012359619,10.045321977996826
1789799626095897900,44.65989794921875,1.7437269966125488,-6.76107585067749,10.662726731109618
1789799626105870000,44.6698701171875,3.7599440696716306,-7.734618100738525,9.553163899230956
1789799626115841000,44.67984106445312,4.764311666107178,-7.436091081237793,7.117811898040771
1789799626125812000,44.68981201171875,3.530100710296631,-6.889764189910888,5.136759661865234
1789799626135783000,44.69978295898437,0.8339303657531738,-6.599467238616943,4.252551061248779
1789799626145755100,44.70975512695313,-1.493383285522461,-5.933879177093505,4.976797063446044
1789799626155726000,44.71972607421875,-2.448220835113525,-5.379471855163574,6.632237873840332
1789799626165696800,44.72969677734375,-2.968061870574951,-5.553201113128662,8.321197507476807
1789799626175668000,44.73966796875,-4.116829754638672,-6.440252828216552,10.991330908966065
1789799626185640000,44.749639892578124,-4.032284508514404,-8.91840118408203,14.917971269226074
1789799626195611000,44.75961083984375,0.17208324432373046,-12.994080597686766,19.654450341033936
1789799626205581800,44.769581787109374,5.5927054405212395,-15.442899983215332,22.369026110839844
1789799626215553000,44.779552978515625,5.514444973754882,-13.120225097656249,19.567061980438233
1789799626225525000,44.78952490234375,2.5131635551452636,-8.451382222747803,14.279168338775634
1789799626235496000,44.79949584960937,1.5237597190856933,-5.0391959442138665,9.86964743118286
1789799626245467000,44.809466796875,0.10699088668823241,-3.921851956939697,6.139331607055664
1789799626255439000,44.81943920898438,-1.300500414276123,-4.458003491210937,2.600402278137207
1789799626265410000,44.82941015625,-1.8059762397766113,-5.519682289886474,0.44756607284545896
1789799626275380700,44.839380615234376,-1.76198278427124,-6.718129858398437,0.6172551155090331
1789799626285352000,44.84935205078125,-0.6398503936767578,-8.17844323348999,1.458218448638916
1789799626295324000,44.859323974609374,0.722749626159668,-9.389909273529053,2.314145542144775
1789799626305295000,44.869295166015625,1.7604864082336424,-9.423577734375,3.1658827827453613
1789799626315265800,44.879265869140625,2.101211231994629,-8.200739236450195,4.617816452026367
1789799626325237000,44.889237060546876,1.9138649520874023,-6.790853733825683,6.778433812713622
1789799626335209000,44.899208984375,1.816301234436035,-6.027701954650879,8.368183715057372
1789799626345180200,44.90918017578125,1.2674305038452147,-5.647173528289795,10.051606757354735
1789799626355150800,44.91915087890625,0.21248539733886718,-5.374982727050781,12.502221794128417
1789799626365121800,44.92912182617187,-0.3893570449829101,-4.666448673248291,15.420903255462646
1789799626375094000,44.93909399414063,-0.8629600608825683,-4.083909481811523,16.774525019073486
1789799626385065000,44.94906494140625,-0.9807248550415039,-4.167556902313232,14.311190785980223
1789799626395036000,44.95903588867188,-1.9868881027221679,-4.765059854125976,9.503035301971435
1789799626405006800,44.9690068359375,-3.526659045410156,-4.757727611541748,9.47475379486084
1789799626414979000,44.97897900390625,-3.4530373443603515,-5.690568433380126,10.338611681365967
1789799626424949800,44.98894970703125,-1.11719434967041,-8.116642903137206,9.47370633163452
1789799626434921000,44.9989208984375,1.5472528228759765,-9.195829301452637,8.148515712738037
1789799626444892000,45.008891845703126,2.964769843292236,-8.410231881713866,7.70588768081665
1789799626454864100,45.01886401367187,2.656516379547119,-7.038055055236816,6.9539587219238275
1789799626464834800,45.02883471679687,1.5225626182556151,-6.172551155090332,6.672041476440429
1789799626474806000,45.03880590820312,0.7983166160583496,-5.850231756591796,7.867795568084716
1789799626484778000,45.04877807617188,1.2167033561706542,-5.77750788116455,9.361328491210937
1789799626494749200,45.05874926757812,1.4725836585998535,-5.953481703186035,10.698939031219481
1789799626504720000,45.06871997070313,1.1023802268981933,-5.921309618377685,12.262651990509033
1789799626514690800,45.07869091796875,-0.08649053497314453,-5.870432833099365,13.817386693572997
1789799626524663000,45.0886630859375,-1.2651859397888183,-6.18631781463623,14.26929225692749
1789799626534634000,45.098634033203126,-1.141585279083252,-6.494272003173828,13.556119437408446
1789799626544605000,45.10860498046875,0.06898293533325195,-6.989572471618652,12.071415132904052
1789799626554576000,45.118575927734376,0.2127846725463867,-7.99334151763916,9.758167416381836
1789799626564548000,45.128548095703124,-0.4355950645446777,-8.311471063232421,7.866598467254638
1789799626574519000,45.13851904296875,0.10220248336791991,-7.7227967300415035,6.408230381011962
1789799626584490000,45.148489990234374,1.343296768951416,-6.420500664520263,5.342361729431152
1789799626594461000,45.1584609375,2.0597616157531737,-4.451569074249267,4.909909054565429
1789799626604433200,45.16843310546875,2.454655252075195,-2.467673723602295,5.130624520111084
1789799626614403800,45.17840380859375,2.122908684539795,-1.2401964599609374,5.130923795318603
1789799626624375000,45.188375,0.3504512680053711,-0.5759551368713378,4.837933367156982
1789799626634346200,45.19834619140625,-0.47749359359741206,-0.7257423782348632,3.6730046218872068
1789799626644318200,45.20831811523438,0.9864110839843749,-1.6166846710205076,2.18336227645874
1789799626654289200,45.2182890625,1.3935750038146972,-1.4754267730712889,1.596782869720459
1789799626664260000,45.22826000976563,1.2719196319580077,-0.2302922721862793,2.2946926536560057
1789799626674231300,45.23823120117188,0.6687304512023925,-0.11626841812133788,2.682553322601318
1789799626684203300,45.248203369140626,-0.7721300354003906,-1.4188637588500976,2.4848820480346676
1789799626694174200,45.25817431640625,-1.1869254730224608,-3.0193875686645506,2.0034978767395017
1789799626704145200,45.268145263671876,-0.8029553817749023,-3.663427815246582,2.404975567626953
1789799626714116000,45.2781162109375,-0.5116109672546386,-2.793734062194824,3.0430303100585934
1789799626724088000,45.28808813476562,-0.5364508094787598,-1.9297265380859374,2.9685107833862303
1789799626734059000,45.29805908203125,0.014814122772216796,-1.5815198341369627,2.70694425201416
1789799626744030200,45.3080302734375,0.08708908538818359,-1.1626841812133788,3.393780853271484
1789799626754002200,45.31800219726563,-0.8279448616027831,-0.6941688438415526,4.777180500030517
1789799626763973000,45.32797314453125,-1.7922095802307128,-1.0945990715026854,5.512350047302246
1789799626773944000,45.33794409179688,-1.499668064880371,-1.6704045707702635,5.655403596496582
1789799626783915300,45.34791528320312,-1.0070610733032226,-2.1945850967407226,5.639691648101806
1789799626793887200,45.35788720703125,-0.4767454055786133,-2.718466347503662,6.16072978439331
1789799626803858200,45.367858154296876,-0.366462491607666,-3.390788101196289,7.979125945281982
1789799626813829000,45.3778291015625,-1.3971663063049315,-4.449324510192871,9.939079279327393
1789799626823800300,45.38780029296875,-1.8366519485473631,-6.068553020477294,10.870423725128173
1789799626833772300,45.397772216796874,-1.597979970550537,-7.034463752746581,10.712256777954101
1789799626843743200,45.4077431640625,-1.6454150909423828,-7.641244235992431,9.703848966217041
1789799626853714200,45.417714111328124,-0.522235237121582,-8.199542135620117,8.4651488822937
1789799626863685000,45.42768505859375,0.8945335952758788,-8.019977011108399,7.214777065277099
1789799626873657300,45.4376572265625,0.3869628433227539,-7.561487393188476,6.667103435516357
1789799626883628000,45.4476279296875,-0.6606500205993652,-7.1978680160522455,7.147440143585205
1789799626893599200,45.45759912109375,-0.6245873580932617,-6.686556324005126,7.810484365844726
1789799626903570200,45.46757006835937,0.2663549346923828,-5.928791498565674,8.150311363983153
1789799626913542100,45.47754223632813,0.8643067993164062,-5.576095666503906,8.29396346359253
1789799626923513000,45.48751318359375,0.7579144630432129,-6.273406900024414,8.720280996704101
1789799626933484300,45.497484375,0.5957073005676269,-7.964162184906005,10.061931752014159
1789799626943455200,45.50745532226563,0.2920926025390625,-9.804704711151123,11.901576452636718
1789799626953427200,45.51742724609375,0.7009025360107421,-10.178948358154296,12.438176899719238
1789799626963398100,45.527398193359375,1.3564648780822752,-8.446893094635008,11.016320388793945
1789799626973369000,45.537369140625,1.3106757713317871,-6.864625072479248,9.51231283340454
1789799626983340300,45.54734033203125,0.6187514915466308,-6.281337693023681,8.772953433227539
1789799626993312000,45.55731201171875,-0.6826467483520507,-6.038924774932861,8.772803795623778
1789799627003283200,45.567283203125,-1.1475707832336426,-6.088305184173584,8.998606939697265
1789799627013254100,45.57725415039062,-0.24091654205322263,-6.513425616455078,9.498695811462401
1789799627023225300,45.587225341796874,0.6446387969970703,-7.433996154785156,10.174608867645263
1789799627033197000,45.59719702148438,0.7209539749145507,-8.728361427307128,11.014225462341308
1789799627043168300,45.60716821289063,0.32097266006469727,-9.836427883148193,11.923423542785644
1789799627053139200,45.61713916015625,0.7677905448913573,-10.35507181777954,12.911181365203857
1789799627063110100,45.62711010742188,1.7069161460876463,-9.900023864746093,13.640515045928954
1789799627073082000,45.63708203125,2.5528175201416015,-8.262689204406739,13.270461251831055
1789799627083053000,45.647052978515624,2.00439570236206,-6.7639189651489255,11.852196043395995
1789799627093024300,45.657024169921876,0.8207622566223144,-5.821202061462402,10.184335311889647
1789799627102995200,45.6669951171875,0.7538742477416992,-5.575048203277587,8.726416138458251
1789799627112967200,45.67696728515625,0.18300678939819334,-6.048351943969727,8.325985910797119
1789799627122938000,45.68693823242187,-0.06389525680541992,-6.386233653259277,9.002946430206299
1789799627132909300,45.696909423828124,0.33309330596923825,-6.68431175994873,9.385569783020019
1789799627142881300,45.70688134765625,0.7410054138183594,-6.6814686454772945,9.119514123535156
1789799627152852200,45.71685229492188,1.20024321975708,-6.036829848480224,8.52231044692993
1789799627162823200,45.7268232421875,1.8849848945617675,-5.612158329010009,7.180210778808593
1789799627172794000,45.73679418945313,1.5523405014038085,-5.572205088806152,6.468384697723388
1789799627182766000,45.74676611328125,0.5349544334411621,-5.359420416259765,6.886621800231933
1789799627192737000,45.756737060546875,1.0829273384094238,-5.621435860443115,7.054215916442871
1789799627202708200,45.766708251953126,1.2955623733520507,-6.4272343566894525,7.099107197570801
1789799627212679200,45.77667919921875,0.3024175971984863,-6.8976949829101555,8.200290323638916
1789799627222651100,45.78665112304687,0.2561795776367187,-6.871658039855957,9.158719175720215
1789799627232622000,45.7966220703125,0.847846662902832,-6.906373963928222,9.55705447692871
1789799627242593300,45.80659326171875,0.6510732139587402,-6.7927990226745605,9.925162982177733
1789799627252564200,45.816564208984374,0.4321533996582031,-6.338798532867432,10.76313356323242
1789799627262536200,45.8265361328125,0.5135562561035156,-6.110900462341308,11.417947717285156
1789799627272507100,45.83650708007813,1.1852794593811034,-6.463147381591797,10.999560977172852
1789799627282478000,45.84647802734375,1.9393033447265624,-7.270591891479492,9.674968908691406
1789799627292449300,45.85644921875,0.9234136528015137,-8.007706727600096,9.079411245727538
1789799627302421000,45.8664208984375,-0.5042787246704101,-8.445247080993651,9.575609539794922
1789799627312392200,45.87639208984375,-1.0498574279785156,-8.238447912597655,10.50201594467163
1789799627322363100,45.886363037109376,-0.9808744926452636,-7.489810980987548,11.621604496002197
1789799627332334300,45.89633422851563,-1.2427402992248535,-6.532130316925048,11.653178030395507
1789799627342306000,45.90630615234375,-1.0592845970153808,-6.00136573638916,9.647884502410887
1789799627352277200,45.91627734375,-0.5651812294006348,-5.593453628540039,7.1860466453552245
1789799627362248200,45.926248291015625,-0.201112939453125,-5.28609799041748,6.955904010772705
1789799627372219400,45.936219482421876,0.6676829879760742,-5.721992330169678,7.338826638793945
1789799627382191000,45.94619116210937,1.350329736328125,-6.457610790252685,8.008903828430176
1789799627392162300,45.95616235351562,1.6558897232055663,-6.735038907623291,8.794351610565185
1789799627402133200,45.96613330078125,1.3440449569702149,-6.566098052978515,9.690381581878661
1789799627412104200,45.97610424804687,0.32561142578124996,-6.5505357421875,9.997138669586182
1789799627422076200,45.986076171875,-0.10190320816040038,-7.151480358886718,9.200617704772949
1789799627432047000,45.99604711914063,0.03232172241210937,-7.479635623931884,8.40888514328003
1789799627442018300,46.00601831054688,0.41539398803710936,-6.861333045196533,8.914211331176757
1789799627451989200,46.0159892578125,0.9293991569519042,-5.602282247161865,9.865008665466307
1789799627461961200,46.025961181640625,0.692073917388916,-4.765658404541015,10.378116008758544
1789799627471932200,46.03593212890625,0.18106150054931638,-4.416703512573242,10.598981111907959
1789799627481903400,46.0459033203125,-0.3386298973083496,-4.358494484710693,10.468048208618164
1789799627491874300,46.055874267578126,-0.527322915649414,-4.304624947357177,10.924592537689207
1789799627501846300,46.06584619140625,0.17791911087036133,-4.574122271728515,11.387720921325682
1789799627511817200,46.07581713867187,0.8574234695434569,-5.255571919250488,10.357466019439697
1789799627521788200,46.0857880859375,1.8490718696594237,-6.086659170532227,7.5996449821472165
1789799627531759400,46.09575927734375,2.6767174560546874,-6.194697520446777,5.674257934570313
1789799627541731000,46.10573095703125,2.94292275314331,-5.063137960815429,5.078849909210205
1789799627551702300,46.11570239257812,2.1062989105224608,-3.694402799224853,4.713135605621337
1789799627561673200,46.12567309570313,0.816572403717041,-3.215562467193603,3.8509237327575683
1789799627571644400,46.13564453125,0.13602058181762694,-2.832639839172363,3.0494647270202635
1789799627581616000,46.1456162109375,0.36915596847534177,-2.3946505729675294,2.4488193855285645
1789799627591587300,46.15558740234375,0.74055650100708,-1.942146459197998,2.6212019050598143
1789799627601558300,46.16555834960938,0.00987608184814453,-0.8379705810546875,3.7976527458190916
1789799627611529200,46.175529296875,-0.22864625854492185,-0.43679216537475585,4.4011412017822265
1789799627621501700,46.185501708984376,-0.017956512451171875,-1.162534543609619,4.586542192840576
1789799627631472600,46.19547265625,-0.6459855354309082,-1.585260774230957,5.282955600738525
1789799627641443600,46.205443603515626,-0.8714894042968749,-2.3198317710876464,5.054309342193603
1789799627651414500,46.21541455078125,-1.5200187789916992,-2.7446529281616208,4.18192211227417
1789799627661386500,46.22538647460937,-1.6825252166748046,-2.4230817176818844,3.711162210845947
1789799627671357700,46.235357666015624,-1.1110592079162598,-2.391657820892334,3.4293946029663083
1789799627681328600,46.24532861328125,-0.5493196434020996,-2.373701308441162,3.3707366622924804
1789799627691299600,46.255299560546874,-0.7827543052673339,-1.7987936347961424,3.9852983009338376
1789799627701271600,46.265271484375,-1.599326708984375,-1.6766893501281737,4.355352095031738
1789799627711242800,46.27524267578125,-1.5439607955932617,-2.3624784881591796,3.724629595184326
1789799627721213700,46.28521362304687,-0.5110124168395995,-2.7822119667053222,3.408146063232422
1789799627731184400,46.29518432617188,-0.11941080780029296,-2.6179098777770995,4.564994377899169
1789799627741156600,46.305156494140626,-0.5895721588134766,-2.4998458084106443,6.364087287902832
1789799627751127600,46.31512744140625,-1.1990461189270019,-2.9828759933471676,7.2906433303833005
1789799627761098500,46.325098388671876,-1.5523405014038085,-3.8744168365478515,7.682095301818848
1789799627771069400,46.3350693359375,-1.0675146652221679,-5.012111537933349,7.895478524780273
1789799627781041700,46.345041748046874,-0.5832873794555664,-6.004508126068115,8.705616511535643
1789799627791012600,46.3550126953125,-0.44502223358154297,-6.610839696502685,10.159794744873047
1789799627800983600,46.364983642578125,-0.12434884872436523,-7.313238608551025,11.231199987792968
1789799627810954500,46.37495458984375,0.340275910949707,-7.8338278320312495,11.827206563568115
1789799627820926700,46.3849267578125,0.15427636947631834,-8.431330783843993,11.665448313903807
1789799627830897700,46.39489770507812,0.2171241630554199,-9.149890557098388,10.507103623199463
1789799627840868400,46.40486840820312,0.8219593574523926,-9.130886581420897,9.204807557678222
1789799627850839600,46.41483959960937,1.068113215637207,-8.225279803466796,8.533832542419432
1789799627860811500,46.4248115234375,0.5998971534729004,-7.108534366607666,8.571391580963134
1789799627870782700,46.43478271484375,0.5770026000976562,-6.3043818840026855,8.605359317016601
1789799627880753400,46.44475341796875,0.9696516723632812,-5.968146188354492,8.67658681640625
1789799627890724600,46.454724609375,0.8309376136779785,-6.006154139709472,9.170839821624755
1789799627900696600,46.464696533203124,0.6607996582031249,-6.674884590911865,9.888651406860351
1789799627910667800,46.474667724609375,0.7368155609130859,-7.456441795349121,10.552294179534911
1789799627920638500,46.484638427734374,0.8035539321899413,-7.371597274017334,10.242993252563476
1789799627930609700,46.494609619140626,0.6872855140686035,-6.293907251739501,8.983792816925048
1789799627940581600,46.50458154296875,0.46507367248535153,-5.359570053863525,7.97418790435791
1789799627950552600,46.51455249023437,0.5428852264404297,-5.029319862365722,7.840860799407959
1789799627960523500,46.5245234375,0.9897031112670898,-5.229834251403808,8.137143254852294
1789799627970494500,46.53449438476562,0.5452794281005859,-5.821950249481201,8.761880250549316
1789799627980466700,46.544466796875,0.2072480812072754,-6.44174920425415,9.419088606262207
1789799627990437600,46.55443774414063,0.1292868896484375,-7.313537883758545,10.204237113189697
1789799628000408600,46.56440869140625,-0.25139117431640623,-8.604910404205322,11.271153227996825
1789799628010379500,46.57437963867188,-0.15951368560791016,-10.219949061584472,12.205789701080322
1789799628020351700,46.584351806640626,0.3434183006286621,-11.388768384552002,13.973458714294432
1789799628030322400,46.594322509765625,1.2942156349182128,-11.510423756408692,15.106365012359618
1789799628040293600,46.604293701171876,2.212242333984375,-9.807996738433838,14.375983868408202
1789799628050264600,46.6142646484375,2.218527113342285,-7.390900524902343,12.514192802429198
1789799628060236800,46.62423681640625,1.6518495079040527,-6.056432374572753,9.979481432342528
1789799628070207500,46.63420751953125,0.5397428367614746,-5.720645591735839,8.134898690795898
1789799628080178400,46.64417846679687,0.14454992523193358,-5.813570543670654,7.4025722579956055
1789799628090149600,46.654149658203124,-0.3452139518737793,-6.688950525665283,7.131877832794189
1789799628100121600,46.66412158203125,-0.058657940673828124,-7.168838320922851,7.293037532043456
1789799628110092500,46.67409252929688,0.5401917495727538,-7.139060437774658,6.845172183990478
1789799628120063500,46.6840634765625,0.9657610946655273,-6.471826362609863,5.651812294006347
1789799628130034700,46.69403466796875,1.0729016189575196,-5.369895048522949,4.413860398101806
1789799628140006700,46.704006591796876,0.859368758392334,-4.692784891510009,3.725228145599365
1789799628149977600,46.7139775390625,0.16295535049438475,-4.540154535675049,4.492120864868164
1789799628159948500,46.723948486328126,-0.3742436470031738,-4.931456869506835,5.923254907226562
1789799628169919500,46.73391943359375,-0.039354689788818356,-5.512200409698486,6.691195089721679
1789799628179890700,46.743890625,0.2587234169006348,-5.742642319488525,7.595006216430663
1789799628189862400,46.7538623046875,1.2280758140563963,-5.650615193176269,8.180538159942627
1789799628199833600,46.76383349609375,2.0292355445861814,-5.659593449401855,8.3256866355896
1789799628209804500,46.773804443359374,-0.1562216583251953,-5.940762506866455,9.637110594940186
1789799628219775700,46.783775634765625,-1.945288848876953,-6.2587424148559565,12.037297759246826
1789799628229747500,46.79374755859375,-0.5403413871765136,-7.005733332824707,13.312359780883789
1789799628239718700,46.80371875,1.7182886039733887,-7.586327235412597,13.512724532318115
1789799628249689600,46.81368969726562,1.3696329872131348,-7.951592626190185,12.41692835998535
1789799628259660500,46.82366064453125,-0.8363245674133301,-8.565705352020263,10.477176102447508
1789799628269632500,46.83363256835938,-1.491288359069824,-9.056815967559814,8.943241026306152
1789799628279603500,46.843603515625,-0.766743081665039,-9.3339448097229,9.131335494232177
1789799628289574700,46.85357470703125,0.2332850242614746,-9.191340173339842,10.396970346832275
1789799628299545600,46.86354565429688,1.4001590583801269,-8.565555714416503,10.856806703186034
1789799628309517600,46.873517578125,1.6105495292663574,-8.183081999206543,10.344447547912598
1789799628319488500,46.883488525390625,0.6346130775451659,-8.157942881774902,9.620051908111572
1789799628329459700,46.893459716796876,-0.055066638183593745,-8.231863858032225,9.612270752716064
1789799628339430700,46.9034306640625,0.27742811737060546,-7.906102794647216,10.843638594055175
1789799628349402600,46.91340258789062,0.8678981018066406,-6.957849299621581,12.125583945465086
1789799628359373600,46.92337353515625,0.9741408004760742,-6.388328579711914,11.49815347290039
1789799628369344500,46.93334448242187,0.40132805328369137,-6.497713668060302,9.184456843566894
1789799628379315700,46.943315673828124,-0.6111199737548828,-6.222081201934814,8.019528098297119
1789799628389287400,46.95328735351563,-0.9524433479309081,-5.771821652221679,7.381922268676758
1789799628399258600,46.96325854492188,-0.7299322311401367,-5.599888045501709,6.927921778869629
1789799628409229600,46.9732294921875,-0.10160393295288085,-5.674108296966552,6.844872908782959
1789799628419200800,46.98320068359375,0.39863457641601563,-5.627720639801025,7.23991618270874
1789799628429172500,46.99317236328125,0.8053495834350586,-5.212326651763916,7.898172001647949
1789799628439143700,47.00314379882813,1.0672153900146484,-5.0197430557250975,7.915978876495361
1789799628449114600,47.013114501953126,1.1611878051757811,-4.702810610961913,7.713369561004638
1789799628459085800,47.0230859375,0.9666589202880859,-4.273799600982666,7.365611769866943
1789799628469057500,47.0330576171875,0.25842414169311523,-4.023306252288818,7.462576937103271
1789799628479028700,47.04302880859375,0.09083002548217772,-3.9468414367675777,7.734318825531005
1789799628488999700,47.052999755859375,0.4848258361816406,-3.650708618927002,7.528567120361328
1789799628498970600,47.062970703125,0.702847824859619,-3.3481413841247556,6.562207475280761
1789799628508942600,47.07294262695312,0.19722236175537108,-3.0029274322509765,5.901557454681396
1789799628518913500,47.08291357421875,-0.19348142166137694,-2.7232547508239744,5.995230594635009
1789799628528884700,47.092884765625,-0.40506899337768554,-2.817376803588867,6.222530114746093
1789799628538855700,47.10285571289062,-0.5784989761352539,-3.3195606018066406,5.86055675125122
1789799628548827600,47.11282763671875,-0.7938274879455566,-3.6816836029052733,4.76266565246582
1789799628558798600,47.12279858398438,-0.5313631309509277,-3.4772786361694332,3.4593221237182616
1789799628568769800,47.13276977539063,0.5674257934570313,-2.7534815467834473,2.837278604888916
1789799628578740500,47.14274047851563,1.4519336692810059,-1.5527894142150878,2.990208235931396
1789799628588712700,47.152712646484375,1.2389993591308592,-0.8367734802246093,3.6929064231872557
1789799628598683600,47.16268359375,0.6001964286804199,-0.8096890739440917,4.216787673950195
1789799628608654600,47.172654541015625,0.23567922592163085,-0.824203921508789,4.368071291351318
1789799628618625500,47.18262548828125,0.4740519287109375,-1.4347253448486328,3.363254782104492
1789799628628596200,47.19259619140625,0.06853402252197265,-1.8052280517578123,2.532616443634033
1789799628638568200,47.20256811523438,-0.6515221267700195,-1.2439374000549315,3.7861306503295897
1789799628648539400,47.21253930664062,-0.7228992637634277,-1.2170026313781737,5.248090039062499
1789799628658510300,47.22251025390625,-0.745045629119873,-1.9647417373657226,6.192153681182861
1789799628668481000,47.23248095703125,-0.7369651985168456,-2.65576819152832,6.7006222587585444
1789799628678453200,47.24245336914063,-0.8952817832946777,-2.9474118812561034,6.504297722625732
1789799628688424200,47.252424072265626,-1.1806406936645508,-3.089567604827881,5.744437970733642
1789799628698395100,47.26239501953125,-1.1873743858337402,-3.1898247993469235,5.327098693847656
1789799628708366000,47.272365966796876,-0.7166144844055176,-3.042132484436035,5.4692544174194335
1789799628718338300,47.28233837890625,-0.2727893516540527,-3.273322582244873,5.641188024139404
1789799628728309200,47.292309326171875,-0.2819172454833984,-3.788524851989746,5.514444973754882
1789799628738280200,47.3022802734375,-0.3458125022888183,-4.101267443847656,6.1447185607910155
1789799628748251100,47.312251220703125,-0.10250175857543944,-4.37959338684082,7.174075637054443
1789799628758223400,47.32222338867187,-0.2510918991088867,-5.059995571136474,7.54622435760498
1789799628768194300,47.3321943359375,-0.4599859939575195,-6.063016429138183,7.292887894439697
1789799628778165000,47.3421650390625,-0.2663549346923828,-7.026682597351074,6.847566385650635
1789799628788136200,47.35213623046875,-0.15696984634399413,-7.566724709320068,7.363516843414306
1789799628798108200,47.36210815429688,-0.08110358123779296,-7.923610394287109,8.837596878051757
1789799628808079400,47.37207934570313,-0.11701660614013672,-8.615085761260985,10.333524002838134
1789799628818050000,47.38205004882813,0.05282207412719726,-9.69696563644409,11.350910070800781
1789799628828021200,47.39202124023438,0.4429273071289062,-10.584166989135742,12.00886661453247
1789799628837993200,47.4019931640625,0.7000047103881836,-10.70028576965332,12.412139956665039
1789799628847964200,47.411964111328125,0.4469675224304199,-10.382605136871337,12.745831813049316
1789799628857935000,47.42193505859375,0.25573066482543944,-9.950601374816895,13.179182313537597
1789799628867906000,47.431906005859375,0.3898059577941894,-9.711929396820068,13.066804473114013
1789799628877878300,47.44187817382812,0.725293465423584,-9.22485899658203,12.287641470336913
1789799628887849200,47.45184912109375,0.7776666267395019,-8.222735964202881,11.098770708465576
1789799628897820200,47.46182006835937,0.3188777336120605,-6.959944226074218,10.05534769744873
1789799628907791000,47.471791015625,0.1632546257019043,-6.047304480743408,9.134777159118652
1789799628917763300,47.48176342773438,0.15786767196655271,-5.617694920349121,8.601917652130126
1789799628927734000,47.49173413085938,0.2950853546142578,-5.569810887145996,8.645911107635497
1789799628937705200,47.50170532226562,1.4456488899230957,-5.811475617218017,9.044695321655272
1789799628947676200,47.51167626953125,2.791788773345947,-6.3618427238464355,9.137769911193848
1789799628957647400,47.5216474609375,2.625092482757568,-6.508487575531006,9.371204573059082
1789799628967619000,47.531619140625,2.2725462882995604,-6.1176341545104975,9.675417821502686
1789799628977590300,47.54159033203125,1.9624971733093262,-5.725583632659911,8.948777617645263
1789799628987561200,47.55156127929688,1.0863690032958984,-5.627421364593506,8.187271852111817
1789799628997532200,47.5615322265625,0.14215572357177733,-5.474641371154785,8.400206162261963
1789799629007504100,47.57150415039062,-0.5894225212097167,-6.051195058441162,8.33690945587158
1789799629017475000,47.58147509765625,-0.5264250900268554,-6.86986238861084,8.610297357940674
1789799629027446300,47.5914462890625,-0.32501287536621093,-7.081749235534668,8.962095364379882
1789799629037417200,47.601417236328125,0.2166752502441406,-6.655282064819335,8.818742539978027
1789799629047389200,47.61138916015625,0.7082347785949706,-6.273107624816894,8.37012900390625
1789799629057360100,47.62136010742187,0.5485714553833008,-6.227617793273925,8.23590407333374
1789799629067331300,47.63133129882812,0.1500865165710449,-6.53766690826416,8.520963708496094
1789799629077302300,47.64130224609375,0.19228432083129882,-7.439682383728027,9.066841687011719
1789799629087274200,47.65127416992188,0.6976105087280273,-8.259247539520263,9.471761042785644
1789799629097245200,47.6612451171875,1.1988964813232421,-8.498667705535889,9.198672415924072
1789799629107216100,47.67121606445313,0.8149263900756836,-8.400655075073242,9.367313995361327
1789799629117187300,47.68118725585938,0.32875381546020505,-8.231564582824706,9.480140748596192
1789799629127159000,47.69115893554687,0.46627077331542965,-8.340351120758056,9.083002548217772
1789799629137130200,47.701130126953124,0.35404257049560545,-8.498518067932128,9.249399563598633
1789799629147101200,47.71110107421875,-0.06239888076782226,-8.29905114212036,9.743054018402098
1789799629157072400,47.721072265625,-0.4905120651245117,-7.829637979125976,9.639504796600342
1789799629167044000,47.73104418945312,-0.4294599227905273,-7.4411787597656245,8.555978907775879
1789799629177015300,47.74101538085937,-0.626981559753418,-7.2155252532958984,7.407809574127197
1789799629186986200,47.750986328125,-1.079635311126709,-7.007379346466064,6.89500150604248
1789799629196957200,47.76095727539062,-1.0920552322387695,-6.959944226074218,6.499808594512939
1789799629206928100,47.77092822265625,-0.6721721160888672,-6.94572865371704,6.437409713745117
1789799629216900000,47.78090014648438,-0.3630208267211914,-6.818835965728759,6.983886242675781
1789799629226871300,47.79087133789063,-0.2814683326721191,-6.677877342987061,7.789984014129638
1789799629236842200,47.80084228515625,-0.05132569808959961,-6.6537856887817375,8.346635900115967
1789799629246813200,47.81081323242187,0.266205297088623,-6.605602380371093,8.852859913635253
1789799629256785200,47.82078515625,0.4326023124694824,-6.475118389892578,9.242665871429443
1789799629266756400,47.83075634765625,0.41793782730102536,-6.525695899963378,9.457994383239745
1789799629276727300,47.84072729492188,0.2524386375427246,-6.5886933311462395,9.930849211120606
1789799629286698000,47.850697998046876,0.27742811737060546,-6.584204203033447,10.211270080566406
1789799629296670200,47.86067016601562,0.30615853729248044,-6.427683269500732,10.510246012878417
1789799629306641200,47.87064111328125,0.29777883148193357,-6.23779315032959,10.749067628479004
1789799629316612400,47.8806123046875,0.479438882446289,-6.252457635498047,10.62920790786743
1789799629326583000,47.8905830078125,0.485873299407959,-6.866570361328125,10.588656117248535
1789799629336555300,47.90055517578125,0.15786767196655271,-7.754519902038574,10.939406660461426
1789799629346526200,47.91052612304688,0.12030863342285156,-8.550591954040527,11.4140571395874
1789799629356497400,47.92049731445312,0.3344400444030762,-8.772953433227539,11.667094327545165
1789799629366468000,47.93046801757812,0.8174702293395996,-8.194155181884765,11.423334671020507
1789799629376440300,47.9404404296875,0.9949404273986816,-7.213879239654541,10.192715017700195
1789799629386411300,47.95041137695313,0.4791396072387695,-6.478410417175293,8.551789054870605
1789799629396382200,47.96038232421875,-0.09157821350097656,-5.646874253082275,7.843404638671874
1789799629406353200,47.97035327148438,0.03531447448730469,-4.8798318962097165,8.076988938140868
1789799629416325000,47.9803251953125,0.23597850112915036,-4.6550762153625485,8.154800492095946
1789799629426296300,47.99029638671875,0.5876268699645996,-4.688744676208496,7.953837190246581
1789799629436267300,48.000267333984375,0.299424845123291,-4.795735562896728,7.230339376068115
1789799629446238200,48.01023828125,0.7191583236694336,-4.326472037506103,5.884498767852783
1789799629456209200,48.020209228515625,0.8714894042968749,-3.0731074684143063,4.630086735534667
1789799629466181400,48.03018139648437,0.6464344482421874,-1.9475334129333495,4.445433932495117
1789799629476152000,48.04015209960937,0.7668927192687988,-1.5114894355773925,4.608688558197021
1789799629486123300,48.05012329101562,0.4655225852966308,-1.3931260910034178,4.324377111053466
1789799629496094200,48.06009423828125,0.47884033203125,-1.6536451591491699,3.8796541526794432
1789799629506066400,48.07006640625,0.38247371520996093,-1.9973627349853516,2.6229975563049317
1789799629516037000,48.080037109375,0.3603273498535156,-1.5798738204956053,1.980453685760498
1789799629526008000,48.09000805664063,0.3778349494934082,-0.8159738533020019,3.029413288116455
1789799629535979300,48.09997924804688,0.04234744186401367,-0.699705435180664,5.108328517150879
1789799629545951200,48.109951171875,-0.11671733093261719,-1.0829273384094238,7.332092946624756
1789799629555922200,48.119922119140625,-0.44158056869506834,-2.1191677444458006,8.20373198852539
1789799629565893000,48.12989306640625,0.10459668502807616,-3.172466837310791,8.026710703277587
1789799629575864300,48.1398642578125,-0.3559878593444824,-3.0629321113586423,8.303091357421874
1789799629585836300,48.14983618164062,-1.1501146224975585,-2.133832229614258,8.651896611785888
1789799629595807200,48.15980712890625,-1.2035352470397949,-2.3364415451049805,7.963862909698486
1789799629605778200,48.16977807617187,-1.2834417274475096,-3.5052608680725097,6.9153522201538085
1789799629615749000,48.1797490234375,-1.5599720191955566,-3.8175545471191406,6.666355247497558
1789799629625720600,48.189720458984375,-1.215506255340576,-3.318363500976562,6.378452497863769
1789799629635692500,48.19969262695312,-0.6913257293701172,-2.907458641052246,5.331587821960449
1789799629645663500,48.20966357421875,-0.5110124168395995,-2.2176292877197263,4.4945150665283204
1789799629655634700,48.219634765625,-0.6783072578430175,-2.0444985801696776,3.8296751930236814
1789799629665605600,48.229605712890624,-0.548421817779541,-2.4404396797180175,3.201197257232666
1789799629675577600,48.23957763671875,-0.28266543350219725,-2.68779063873291,3.0814871742248533
1789799629685548500,48.24954858398438,-0.42452188186645506,-2.4563012657165526,3.5793314819335937
1789799629695519700,48.25951977539062,-0.6401496688842773,-2.542941438293457,3.686771281433105
1789799629705490700,48.26949072265625,-0.43798926620483397,-2.862716997528076,3.9160160903930663
1789799629715462700,48.279462646484376,-0.4634276588439941,-3.0219314079284665,4.540004898071289
1789799629725433600,48.28943359375,-0.6956652198791503,-3.5386300537109374,5.343409192657471
1789799629735404500,48.299404541015626,-0.40177696609497066,-4.354603907012939,5.749076736450195
1789799629745375700,48.30937573242188,-0.270694425201416,-4.747701892089843,6.473173101043701
1789799629755347500,48.31934741210937,-0.5066729263305664,-5.002834006500244,7.84639739074707
1789799629765318700,48.329318603515624,-0.5395931991577149,-5.689969882965087,8.825476232147217
1789799629775289600,48.33928955078125,-0.5626373901367188,-6.967276468658447,9.528623332214355
1789799629785260800,48.3492607421875,-0.6296750366210937,-8.121880219268798,10.731260753631592
1789799629795232500,48.359232421875,-0.08200140686035155,-9.172336197662354,12.399121485137938
1789799629805203700,48.36920361328125,0.4068646446228027,-10.454431186676025,13.47666186981201
1789799629815174700,48.37917456054687,0.7318775199890136,-11.487529203033446,13.530980319976806
1789799629825145600,48.3891455078125,1.5269021087646484,-11.799822882080077,12.636596362304687
1789799629835116500,48.39911645507812,2.278531792449951,-11.549628808593749,10.797849487304687
1789799629845088500,48.40908862304688,1.4615104759216309,-11.005097568511962,9.268253901672363
1789799629855059700,48.41905981445313,-0.23418284988403318,-9.547328032684325,8.95102218170166
1789799629865030400,48.42903051757813,-0.9320926338195801,-7.294833183288574,9.068637338256835
1789799629875001600,48.43900170898438,-0.5288192916870117,-4.663755196380615,8.897751194763183
1789799629884973600,48.4489736328125,0.4474164352416992,-3.264793238830566,8.49791951751709
1789799629894944800,48.45894482421875,1.2876315803527831,-3.7837364486694334,8.859294330596923
1789799629904915500,48.46891552734375,1.5851111366271973,-5.73964956741333,10.708366200256346
1789799629914886400,48.478886474609375,2.2340894241333005,-8.634688287353516,12.625074266815185
1789799629924858600,48.48885864257812,2.9191303741455075,-10.235661009979248,12.662034754943846
1789799629934829600,48.49882958984375,2.6071359703063965,-9.059958357238768,11.407772360229492
1789799629944800500,48.50880053710937,1.8804957664489745,-7.056310842895507,9.681253688049315
1789799629954771500,48.518771484375,0.8882488159179687,-5.491101507568359,7.68628515472412
1789799629964743700,48.52874365234375,0.13422493057250975,-4.224568829345703,6.49307490234375
1789799629974714600,48.53871459960938,-0.43634325256347656,-3.265541426849365,6.603357816314697
1789799629984685600,48.548685546875,-0.4221276802062988,-3.19835414276123,7.063343810272216
1789799629994656500,48.55865649414063,0.08529343414306641,-4.319588707733154,7.012915937805175
1789799630004627700,48.56862768554687,1.3070844688415526,-5.818658222198486,7.28450818862915
1789799630014599700,48.578599609375,1.596782869720459,-7.41828420639038,7.600393170166015
1789799630024570600,48.588570556640626,1.3199533027648924,-8.95102218170166,8.812008847808837
1789799630034541600,48.59854150390625,1.0224737464904785,-10.479271028900145,10.613047046661377
1789799630044512500,48.608512451171876,1.2232874107360838,-11.470769791412353,11.860276473999022
1789799630054484500,48.618484375,1.0217255584716796,-9.648632690429688,11.882273201751708
1789799630064455400,48.62845532226562,0.5758054992675781,-6.41616117401123,10.249577307128906
1789799630074426600,48.638426513671874,0.07212532501220703,-4.1760862457275385,7.669226467895507
1789799630084397600,48.6483974609375,-0.4617816452026367,-3.0828339126586912,5.499481213378906
1789799630094369500,48.65836962890625,-0.8889970039367675,-3.1030349891662596,4.562600176239013
1789799630104340500,48.66834057617187,-2.0609587165832517,-4.196137684631347,5.70747748260498
1789799630114311700,48.67831176757812,-2.5617957763671875,-6.2964510910034175,8.177695045471191
1789799630124282600,48.68828271484375,-1.3780126930236816,-9.366116894531249,11.296441983032226
1789799630134253600,48.69825366210937,2.053925749206543,-11.216236227416992,13.544148429107665
1789799630144225500,48.7082255859375,4.460248055267334,-10.531344915008544,14.047828603363037
1789799630154196500,48.71819653320313,3.2522236801147457,-8.846874409484863,13.729549420166014
1789799630164167700,48.72816772460938,1.380257257080078,-8.227225092315674,11.281927135467528
1789799630174138600,48.738138671875,0.12015899581909179,-8.221688500976562,8.443451429748535
1789799630184110600,48.748110595703125,-0.40761283264160153,-8.136843979644775,7.633463080596924
1789799630194081500,48.75808154296875,-0.6759130561828612,-8.213458432769775,7.8399629737854
1789799630204052700,48.768052734375,-0.8737339683532714,-8.403198914337157,7.895777799987792
1789799630214023700,48.778023681640626,-1.688660358428955,-8.673893339538573,8.336310905456543
1789799630223995600,48.78799560546875,-2.1857564781188965,-8.693346228027343,9.237278917694091
1789799630233966600,48.79796655273437,-1.0298059890747069,-8.61867706375122,10.122385343933106
1789799630243937500,48.8079375,0.8933364944458008,-8.257152613067626,11.099818171691894
1789799630253908700,48.81790869140625,2.152387292480469,-7.594108390808105,12.471246810150145
1789799630263879400,48.82787939453125,2.4003368019104,-6.969221757507324,12.636596362304687
1789799630273851600,48.8378515625,2.2067057426452634,-6.693140378570556,9.84510686416626
1789799630283822600,48.84782250976563,1.2030863342285156,-5.730820948791504,7.719953615570068
1789799630293793800,48.85779370117187,0.008379705810546874,-4.651036000061035,7.552060224151611
1789799630303764500,48.86776440429688,-0.5225345123291015,-4.580556688690185,7.119008998870849
1789799630313736700,48.87773681640625,-0.4263175331115722,-5.136610024261475,7.111527118682861
1789799630323707600,48.88770776367188,0.11626841812133788,-5.775562592315674,7.5439797935485835
1789799630333678600,48.8976787109375,0.7812579292297362,-6.021417175292968,8.345139524078368
1789799630343649500,48.9076494140625,1.3581108917236326,-6.0434139030456535,9.016713089752196
1789799630353621500,48.91762158203125,1.37906015625,-6.100725105285644,9.188945971679686
1789799630363592700,48.9275927734375,0.7670423568725585,-6.113294664001464,8.698733181762694
1789799630373563600,48.937563720703125,0.011671733093261718,-5.949441487884521,8.577526722717284
1789799630383534600,48.94753466796875,-0.3441664886474609,-5.494393534851074,9.668085578918456
1789799630393505500,48.957505615234375,0.05386953735351562,-5.123292277526855,11.349862607574462
1789799630403477800,48.96747778320312,0.8014590057373047,-5.403713146972656,12.543821047973632
1789799630413448400,48.97744848632812,1.4299369415283203,-5.755660791015624,12.53289750289917
1789799630423419400,48.98741943359375,1.2355576942443847,-6.017077684783935,10.807575931549072
1789799630433390600,48.997390625,0.5134066184997559,-5.911283898925781,9.066692049407958
1789799630443362600,49.00736254882813,0.11926117019653319,-5.300612837982177,8.448090195465088
1789799630453333500,49.01733349609375,0.3848679168701172,-5.014655377197266,8.021174111938477
1789799630463304400,49.02730444335938,-0.08274959487915039,-5.308693268585205,7.359775903320312
1789799630473275600,49.03727563476563,-0.0857423469543457,-5.167136095428466,6.474220564270019
1789799630483247600,49.04724755859375,0.24570494537353516,-3.7651813858032224,5.106532865905762
1789799630493218600,49.057218505859375,0.6066308456420898,-2.404975567626953,3.730315824127197
1789799630503189500,49.067189453125,0.570119270324707,-1.790713204193115,2.498199794769287
1789799630513160400,49.077160400390625,0.30256723480224607,-1.3584101669311524,1.719934617614746
1789799630523131600,49.087131591796876,0.06628945846557617,-0.8203133438110352,1.949777976989746
1789799630533103600,49.097103515625,-0.0053869537353515625,0.013168109130859374,2.4794950942993164
1789799630543074600,49.10707446289062,-0.10863690032958984,0.7116764434814453,2.7054478759765623
1789799630553045500,49.11704541015625,0.026485855865478514,-0.03561374969482422,2.3535002319335936
1789799630563016700,49.1270166015625,-0.25782559127807614,-1.061080248260498,3.045873424530029
1789799630572988400,49.13698852539063,-0.6057330200195312,-1.3250409812927246,5.004031107330322
1789799630582959600,49.14695971679687,-0.9193734375,-1.6103998916625977,6.859238118743896
1789799630592930600,49.1569306640625,-1.1559504890441894,-2.5317186180114746,7.0567597557067865
1789799630602901800,49.16690185546875,-1.3319243110656738,-2.886210101318359,7.625382649993896
1789799630612873500,49.17687353515625,-1.1324573852539062,-3.2038907341003418,6.0778305519104
1789799630622844700,49.1868447265625,-1.0838251640319823,-4.074631950378418,3.7141549629211426
1789799630632815400,49.1968154296875,-1.4278420150756834,-3.6988919273376464,3.667168755340576
1789799630642786300,49.206786376953126,-0.8586205703735351,-2.046294231414795,5.0571524566650385
1789799630652757500,49.21675756835938,-0.35194764404296874,-1.0293570762634277,6.831555162048339
1789799630662729200,49.22672924804687,0.028131869506835935,-1.3614029190063475,7.701548190307617
1789799630672700400,49.236700439453124,0.32576106338500976,-2.3611317497253417,7.443722599029541
1789799630682671400,49.24667138671875,0.26815058593749996,-3.17935016708374,6.739378398132324
1789799630692642300,49.256642333984374,0.06673837127685546,-3.727921622467041,5.795165118408203
1789799630702614300,49.2666142578125,0.026485855865478514,-3.8748657493591305,5.38231496963501
1789799630712585200,49.27658520507813,-0.40357261734008787,-3.525312306976318,5.886743331909179
1789799630722556400,49.28655639648437,-0.49844285812377925,-3.4503438674926756,6.976703637695312
1789799630732527400,49.29652734375,-0.4616320075988769,-3.937863180541992,7.385663208770752
1789799630742499300,49.306499267578126,-0.31229367904663086,-4.621108479309082,7.183203530883788
1789799630752470300,49.31647021484375,-0.22445640563964842,-5.4890065811157225,6.847716023254394
1789799630762441500,49.32644140625,0.008978256225585938,-6.329521001434326,6.900538097381592
1789799630772412400,49.33641235351563,0.0430956298828125,-6.704512836456298,7.758859392547607
1789799630782383000,49.346383056640626,0.15547347030639647,-6.6893994384765625,9.548076220703125
1789799630792355300,49.35635522460937,0.4055179061889648,-6.889764189910888,11.16625726776123
1789799630802326300,49.366326171875,0.4999392341613769,-7.767388735961914,11.886762329864501
1789799630812297500,49.37629736328125,0.7550713485717773,-8.994716361999512,12.514791352844238
1789799630822268200,49.38626806640625,1.4336778816223144,-9.906009368896484,12.836362563323974
1789799630832240400,49.39624047851562,2.0268413429260255,-9.968408249664305,12.266841843414307
1789799630842211300,49.40621142578125,2.129043826293945,-9.273491217803954,10.722132859802246
1789799630852182300,49.41618237304687,1.5025111793518064,-8.488043435668946,8.952368920135498
1789799630862153200,49.4261533203125,0.4122515983581543,-7.982717247772216,7.89098939666748
1789799630872124200,49.43612426757812,0.17088614349365233,-7.762450695037841,7.59725078048706
1789799630882096400,49.44609643554688,0.2332850242614746,-7.600692445373535,7.877522012329101
1789799630892067000,49.45606713867188,0.04384381790161133,-7.115567333984375,8.435071723937988
1789799630902038300,49.46603833007813,0.10295067138671875,-6.472275275421143,9.037811991882323
1789799630912009200,49.47600927734375,0.42452188186645506,-5.8610056640625,8.980500789642333
1789799630921981400,49.4859814453125,0.9733926124572754,-5.532551123809814,8.90583162536621
1789799630931952000,49.4959521484375,1.1540052001953125,-5.881356378173828,9.157970987701415
1789799630941923300,49.50592333984375,1.3902829765319824,-6.544999150848389,9.607033436584473
1789799630951894300,49.515894287109376,2.1293431015014646,-7.198616204071045,10.108618684387206
1789799630961865200,49.525865234375,2.7181670722961426,-7.458985634613037,10.383951875305176
1789799630971837200,49.53583715820312,2.311751340484619,-7.171082884979247,9.878775325012207
1789799630981808000,49.54580810546875,1.679682102203369,-6.673537852478027,8.427589843749999
1789799630991779300,49.555779296875,0.08454524612426757,-6.851756238555907,7.086088726043701
1789799631001750300,49.565750244140624,-1.1845312713623046,-7.258022332763671,6.337900707244873
1789799631011722200,49.57572216796875,-1.0342951171875,-7.7985133575439445,5.901856729888916
1789799631021693200,49.58569311523438,-0.6774094322204589,-7.659051110839843,6.131849726867675
1789799631031664400,49.59566430664062,-0.9334393722534179,-6.940640975189209,6.76107585067749
1789799631041635300,49.60563525390625,-1.1391910774230956,-6.323236222076416,7.559841379547119
1789799631051607300,49.615607177734375,-0.136619132232666,-6.392817707824706,8.150610639190674
1789799631061578200,49.625578125,0.5699696327209473,-6.94617756652832,9.19358473739624
1789799631071549200,49.635549072265626,1.0836755264282225,-7.740902880096435,10.271873310089111
1789799631081520400,49.64552026367188,1.0934019706726072,-8.56166513671875,10.575039095306396
1789799631091491300,49.6554912109375,1.051503441619873,-8.656984290313721,9.586981997680663
1789799631101463300,49.66546337890625,0.19378069686889648,-8.12786572341919,7.713219923400878
1789799631111434200,49.675434326171874,-0.4777928688049316,-7.402721895599365,5.8074354019165035
1789799631121405400,49.685405517578126,-0.6811503723144531,-6.909665991210937,4.762067102050781
1789799631131376400,49.69537646484375,-0.5716156463623047,-6.69688131866455,5.299864649963379
1789799631141348400,49.70534838867187,-0.15682020874023436,-6.559813273620605,5.786037224578857
1789799631151319300,49.7153193359375,-0.12210428466796874,-6.626102732086181,5.377227291107177
1789799631161290500,49.72529052734375,-0.16295535049438475,-6.308871012115478,4.983830030822753
1789799631171261200,49.73526123046875,-0.21158757171630857,-6.12900661239624,4.901379711151122
1789799631181232000,49.74523217773437,0.05970540390014648,-6.177040283203125,4.96108511505127
1789799631191204400,49.75520434570313,0.4659714981079101,-6.836942115783691,5.172074136352538
1789799631201175300,49.76517529296875,0.7799111907958984,-7.66099639968872,6.09069938583374
1789799631211146200,49.77514624023438,1.060481697845459,-8.072499810028075,6.795642137145996
1789799631221117200,49.7851171875,1.0197802696228027,-8.32463917236328,6.921188086700439
1789799631231089400,49.79508935546875,0.5710170959472656,-8.195950833129883,7.243058572387695
1789799631241060400,49.805060302734375,0.4961982940673828,-7.990947315979003,7.4417773101806635
1789799631251031300,49.81503125,0.6874351516723632,-8.161384546661376,7.21432815246582
1789799631261002200,49.825002197265626,-0.5539584091186524,-8.13983673171997,8.373720306396484
1789799631270973200,49.83497314453125,-1.7444751846313475,-8.009951291656494,9.529670795440673
1789799631280945400,49.8449453125,-1.312621060180664,-7.652616693878174,9.139864837646483
1789799631290916000,49.854916015625,-0.5811924530029297,-7.172878536224365,8.176647582244872
1789799631300887300,49.86488720703125,-0.8533832542419433,-6.7824740280151365,7.864054627990722
1789799631310858200,49.874858154296874,-1.280000062561035,-6.7757403358459465,7.902361854553222
1789799631320830500,49.88483056640625,-0.7371148361206055,-7.651718868255615,7.407360661315917
1789799631330801200,49.89480126953125,0.12509703674316405,-8.764723365020751,7.135918048095703
1789799631340772400,49.9047724609375,0.5231330627441406,-9.503633852386473,7.3374799003601066
1789799631350743300,49.91474340820312,0.49260699157714843,-9.928455009460448,7.3837179199218745
1789799631360715300,49.92471533203125,0.1632546257019043,-9.835829332733153,6.693888566589355
1789799631370686200,49.934686279296876,-0.11956044540405272,-9.009380847167968,5.362562805938721
1789799631380657200,49.9446572265625,-0.29089550170898437,-7.914781775665283,4.294748865509033
1789799631390628400,49.95462841796875,-0.33743279647827146,-7.014113038635253,3.495983336639404
1789799631400599300,49.96459936523438,-0.3757400230407715,-6.506991199493408,3.0467712501525877
1789799631410571300,49.9745712890625,-0.30481179885864257,-6.543502774810791,3.470993856811523
1789799631420542200,49.984542236328124,-0.22655133209228515,-7.211485037994384,4.5778632118225095
1789799631430513400,49.994513427734375,-0.05746083984375,-8.177246132659912,5.653308670043945
1789799631440484400,50.004484375,0.6034884559631347,-9.0397572807312,6.202628313446045
1789799631450455300,50.014455322265626,0.7240963645935058,-9.302670550537108,6.593182459259033
1789799631460427300,50.02442724609375,0.3812766143798828,-8.81096138458252,6.656479165649413
1789799631470398200,50.03439819335937,0.3016694091796875,-8.08806212081909,6.272957987213134
1789799631480369400,50.04436938476562,0.19871873779296872,-7.755417727661133,6.032041445159912
1789799631490340400,50.05434033203125,-0.21218612213134763,-7.643638437652587,6.643460694122314
1789799631500312300,50.06431225585938,-0.2166752502441406,-7.372495099639893,6.884826148986816
1789799631510283300,50.074283203125,0.2123357597351074,-7.0455369354248045,6.204274327087402
1789799631520254500,50.08425439453125,0.4236240562438965,-6.994809787750244,5.387552285766601
1789799631530225200,50.09422509765625,-0.017657237243652344,-7.0367083168029785,5.485265641021728
1789799631540197400,50.104197265625,-0.24405893173217771,-6.969969945526123,5.533000036621093
1789799631550168300,50.114168212890625,-0.03845686416625976,-6.766762079620361,4.82057540512085
1789799631560139300,50.12413916015625,0.3193266464233398,-6.420351026916504,4.441992267608643
1789799631570110200,50.134110107421876,0.642244595336914,-6.338798532867432,5.03695138015747
1789799631580081200,50.1440810546875,0.6150105514526367,-6.824073281860351,6.229413444519043
1789799631590053400,50.154053466796874,0.20380641632080077,-7.306056003570556,6.752247232055663
1789799631600024300,50.1640244140625,-0.13242927932739257,-7.387458860015869,6.796390325164794
1789799631609995300,50.173995361328124,0.14036007232666015,-7.543081967926025,7.1978680160522455
1789799631619966200,50.18396630859375,0.3794809631347656,-7.8998180152893065,8.005611801147461
1789799631629939200,50.193939208984375,0.3703530693054199,-8.016535346221923,8.091204510498047
1789799631639910400,50.203910400390626,-0.09322422714233398,-7.7593083053588865,7.679701100158691
1789799631649881300,50.21388134765625,-0.6299743118286133,-7.58453158416748,7.079055758666992
1789799631659852500,50.2238525390625,-0.6973112335205077,-7.729380784606933,7.03566085357666
1789799631669823500,50.23382348632813,-0.40880993347167965,-8.09524472579956,7.734917375946044
1789799631679795500,50.24379541015625,-0.15771803436279297,-8.917652996063232,8.61927561416626
1789799631689766400,50.253766357421874,0.01227028350830078,-10.014496631622315,9.742156192779541
1789799631699737300,50.2637373046875,0.48946460189819335,-10.631901384735107,10.086921231842041
1789799631709708500,50.27370849609375,0.42227731781005856,-10.363301885986328,10.086023406219482
1789799631719680300,50.28368017578125,0.18734627990722655,-9.542838904571532,9.487622628784179
1789799631729651500,50.2936513671875,-0.023642741394042967,-8.649203134918212,8.467991996765136
1789799631739622400,50.30362231445312,-0.24705168380737302,-7.950694800567627,7.605331211090087
1789799631749593600,50.31359350585937,-0.0987608184814453,-7.7413517929077145,7.196371640014648
1789799631759564300,50.32356420898437,0.044592005920410155,-7.971793702697753,7.793575316619872
1789799631769536500,50.33353662109375,0.5919663604736328,-8.659228854370117,8.67643717880249
1789799631779507500,50.34350756835938,1.5052046562194823,-9.44901612701416,9.2060046585083
1789799631789478400,50.353478515625,1.9322703773498533,-9.72943699645996,8.585906428527831
1789799631799449300,50.36344946289063,1.6626234153747557,-9.108440940856934,6.701819359588622
1789799631809421300,50.37342138671875,0.21068974609375,-7.336282799530029,5.177161814880371
1789799631819392500,50.383392578125,-1.177199028778076,-5.368398672485351,4.0529344978332515
1789799631829363500,50.393363525390626,-1.3742717529296875,-3.9900867042541504,3.2089784126281735
1789799631839334400,50.40333447265625,-0.45819034271240233,-3.086874127960205,2.5872341690063476
1789799631849305300,50.413305419921876,0.02483984222412109,-2.8208184684753417,2.492962478637695
1789799631859277600,50.423277587890624,0.06359598159790039,-2.933345946502685,3.153313224029541
1789799631869248500,50.43324853515625,0.40776247024536133,-3.136104899597168,3.614346681213379
1789799631879219500,50.443219482421874,0.5536591339111328,-3.9413048454284665,4.01597400970459
1789799631889190400,50.4531904296875,0.512658430480957,-5.326051230621338,5.185391883087158
1789799631899162600,50.46316259765625,1.0752958206176757,-6.902633023834228,6.698676969909668
1789799631909133300,50.47313330078125,1.9755156448364257,-7.810634003448486,7.800608283996581
1789799631919104300,50.48310424804688,1.5083470458984374,-7.68029965057373,8.74616830215454
1789799631929075500,50.49307543945312,0.6917746421813964,-7.415291454315185,9.679906949615479
1789799631939046400,50.50304638671875,-0.1261444999694824,-7.775768441772461,10.634145948791502
1789799631949018400,50.513018310546876,-0.9310451705932616,-8.124723333740233,11.167454368591308
1789799631958989300,50.5229892578125,-1.1008838508605956,-7.743596356964111,11.05118595046997
1789799631968960500,50.53296044921875,-0.6661866119384765,-7.306205641174316,9.742156192779541
1789799631978931500,50.54293139648438,-0.8960299713134765,-8.145373323059081,9.274089768218994
1789799631988903400,50.5529033203125,-2.457199091339111,-10.454730461883544,12.459575077056884
1789799631998874400,50.562874267578124,-1.2345102310180662,-13.567940808105467,13.909114544677733
1789799632008845300,50.57284521484375,3.0921114440917967,-14.340070843505858,11.205462319946289
1789799632018816500,50.58281640625,3.7768531188964842,-13.97555364074707,9.265859700012207
1789799632028787500,50.592787353515625,2.064550019073486,-13.553425960540771,8.400954350280761
1789799632038759400,50.60275952148437,0.0282815071105957,-12.163292621612548,7.00348876876831
1789799632048730400,50.61273046875,-0.7553706237792969,-10.47672718963623,5.571157625579834
1789799632058701600,50.62270166015625,-0.517746109008789,-8.839093254089354,4.684255548095702
1789799632068672500,50.632672607421874,-0.29703064346313474,-6.873453691101074,4.3245267486572265
1789799632078644500,50.64264453125,-0.6257844589233398,-5.195118327331543,4.235492374420166
1789799632088615400,50.65261547851563,0.017657237243652344,-4.1015667190551754,3.672406071472168
1789799632098586400,50.66258642578125,1.5506944877624511,-3.6222774742126465,3.0451252365112302
1789799632108557600,50.6725576171875,2.851344539642334,-3.6453216651916502,2.4226328048706054
1789799632118528300,50.6825283203125,2.598905902099609,-4.472518338775634,1.6630723281860351
1789799632128500500,50.69250048828125,1.4021043472290038,-5.7843912109375,1.0784382102966308
1789799632138471400,50.702471435546876,0.4462193344116211,-7.372794374847412,0.9934440513610839
1789799632148442600,50.71244262695313,0.5725134719848632,-8.489090898895263,1.3289315589904784
1789799632158413300,50.722413330078126,1.3896844261169432,-8.884433448028563,2.1384709953308105
1789799632168384300,50.73238427734375,1.4182652084350584,-8.275408400726318,4.605246893310547
1789799632178356500,50.7423564453125,-0.4400841926574707,-7.205649171447753,6.983886242675781
1789799632188327400,50.752327392578124,-2.441487142944336,-6.482450632476806,7.910891197967529
1789799632198298400,50.76229833984375,-2.3829788398742675,-6.4363622505187985,7.5534069625854485
1789799632208269300,50.772269287109374,-1.3998597831726074,-6.404040528106689,7.545625807189941
1789799632218241500,50.78224145507812,-1.3371616271972655,-6.152948628997803,7.79537096786499
1789799632228212500,50.79221240234375,-1.2307692909240722,-5.847388642120361,7.933636113739013
1789799632238183400,50.80218334960937,-0.4391863670349121,-5.776759693145752,7.840711161804199
1789799632248154400,50.812154296875,0.6111199737548828,-6.1830257873535155,7.682843489837646
1789799632258125300,50.82212524414062,1.3557166900634765,-6.751050131225585,7.216123803710937
1789799632268097300,50.83209716796875,1.4808137268066406,-6.5111810523986815,6.180481948089599
1789799632278068200,50.842068115234376,1.6859668815612792,-5.459677610778808,5.332635285186767
1789799632288039400,50.85203930664063,2.073677912902832,-4.518606720733643,5.405508798217773
1789799632298010400,50.86201025390625,2.0211551139831543,-4.187757978820801,6.487388673400878
1789799632307982300,50.871982421875,1.1499649848937987,-4.5796588630676265,8.396465222167969
1789799632317953300,50.881953369140625,0.17193360671997068,-5.907842234039307,10.548104326629637
1789799632327924500,50.891924560546876,-0.01331774673461914,-7.643189524841308,12.328791811370849
1789799632337895400,50.9018955078125,0.27832594299316404,-8.775646910095213,13.512874169921874
1789799632347866600,50.91186669921875,0.9084498924255371,-8.52994196472168,13.210306935119629
1789799632357838300,50.92183837890625,1.2427402992248535,-7.280467973327636,10.84064584197998
1789799632367809500,50.9318095703125,0.6616974838256836,-6.816741039276122,8.404695290374756
1789799632377780500,50.941780517578124,0.17477672119140625,-7.175422375488281,7.346158881378173
1789799632387751400,50.95175146484375,0.4155436256408691,-8.470535836029052,6.824971107482909
1789799632397722400,50.961722412109374,0.43080666122436523,-9.347711469268798,6.921786637115478
1789799632407694300,50.9716943359375,-0.16894085464477537,-9.126846366119384,6.908319252777099
1789799632417665500,50.98166552734375,-0.8589198455810546,-8.548646665191649,7.037456504821777
1789799632427636500,50.99163647460937,-0.6262333717346191,-8.099284941101073,6.511031414794921
1789799632437607400,51.001607421875,-0.12779051361083985,-7.659350386047363,5.249736052703857
1789799632447579400,51.011579345703126,-0.039055414581298825,-6.994809787750244,4.091989912414551
1789799632457550600,51.02155053710938,0.6283282981872558,-7.429058113861084,3.7289690856933593
1789799632467521500,51.031521484375,-0.038756139373779294,-7.236175242614745,4.27140539932251
1789799632477492200,51.0414921875,-0.8973767097473144,-7.80195502243042,4.565892203521728
1789799632487463400,51.05146337890625,-0.7148188331604004,-8.020575561523437,5.514444973754882
1789799632497435400,51.061435302734374,0.46193128280639645,-7.336282799530029,6.979995664978027
1789799632507406600,51.071406494140625,-0.7676409072875976,-7.719803977966309,6.98478406829834
1789799632517377300,51.081377197265624,0.047884033203124995,-7.417386380767822,6.297348916625976
1789799632527348500,51.091348388671875,0.8162731285095214,-6.767061354827881,6.817189952087402
1789799632537320400,51.10132055664062,-0.058657940673828124,-7.215375615692138,5.931634613037109
1789799632547291400,51.11129150390625,0.7065887649536132,-7.715763762664794,5.305101966094971
1789799632557262300,51.12126245117187,0.5276221908569335,-7.717110501098633,5.9947816818237305
1789799632567233300,51.1312333984375,0.18989011917114257,-7.56537797088623,6.325929698944091
1789799632577204500,51.14120458984375,0.5014356101989745,-7.506121479797363,6.294356164550781
1789799632587176400,51.15117651367188,0.7646481552124023,-7.538443202209472,6.438906089782715
1789799632597147400,51.1611474609375,0.7621043159484863,-7.767239098358154,6.609193682861328
1789799632607118300,51.17111840820313,0.6010942543029785,-8.281393904876708,6.5020531585693355
1789799632617089500,51.18108959960937,0.5063736511230469,-8.744971201324462,6.4089785690307615
1789799632627059700,51.191059814453126,0.503081623840332,-8.762029888153076,6.519860033416748
1789799632637031700,51.20103173828125,0.26874913635253905,-8.176647582244872,6.660369743347167
1789799632647002600,51.21100268554687,-0.15158289260864258,-7.559691741943359,6.852953339385986
1789799632656973600,51.2209736328125,-0.8313865264892578,-7.044339834594727,6.919990985870361
1789799632666944800,51.23094482421875,-0.21068974609375,-6.245873580932617,6.994061599731445
1789799632676916500,51.24091650390625,-0.3199251968383789,-6.268319221496582,7.429058113861084
1789799632686887700,51.2508876953125,-0.22744915771484372,-6.732794343566894,7.516147199249267
1789799632696858600,51.26085864257813,0.06569090805053711,-7.1136220451354975,7.500884163665771
1789799632706829800,51.27082983398437,-0.0010474632263183592,-7.289745504760742,7.052569902801514
1789799632716800800,51.28080078125,-0.2727893516540527,-8.042871564483642,5.348646508789062
1789799632726772700,51.290772705078126,0.28086978225708004,-8.181735260772705,6.344933674621582
1789799632736743700,51.30074365234375,0.28909985046386716,-7.34241794128418,7.416937467956543
1789799632746714600,51.310714599609376,-0.6670844375610351,-6.3329626663208005,7.157914775848388
1789799632756685800,51.32068579101563,-0.21443068618774414,-5.406256986236572,7.0202481803894035
1789799632766657500,51.33065747070312,0.4607341819763183,-5.318718988037109,7.014561951446533
1789799632776628700,51.340628662109374,0.7618050407409668,-5.895422312927246,6.509385401153564
1789799632786599700,51.350599609375,0.6452373474121094,-7.072172428894042,5.244349098968506
1789799632796571000,51.36057080078125,0.2059013427734375,-7.949198424530029,3.9926305435180662
1789799632806541600,51.37054150390625,-0.07227496261596679,-8.24203921508789,3.8328175827026363
1789799632816513800,51.380513671875,-0.10235212097167969,-7.776965542602539,4.368370566558838
1789799632826484700,51.39048461914062,-0.09202712631225586,-7.3277534561157225,5.025878197479248
1789799632836455700,51.40045556640625,-0.034715924072265626,-7.170035421752929,5.956175180053711
1789799632846426600,51.41042651367187,0.03531447448730469,-7.585429409790039,7.071723516082764
1789799632856397600,51.4203974609375,0.09591770401000976,-7.5713634750366205,7.607426137542724
1789799632866369800,51.43036987304688,-0.6060322952270507,-7.2444053108215325,7.285406014251708
1789799632876340700,51.4403408203125,-0.7811082916259765,-7.472004106140136,7.0935706062316894
1789799632886311700,51.45031176757813,-0.6425438705444335,-7.238419806671142,6.842478707122802
1789799632896282600,51.46028271484375,-0.5339069702148437,-8.119186742401123,7.593659477996826
1789799632906253600,51.47025366210938,0.5981015022277831,-10.843488956451415,8.84313346939087
1789799632916225800,51.480225830078126,0.7426514274597168,-8.946682691192626,8.35112502822876
1789799632926196500,51.490196533203125,-0.1031003089904785,-6.443844130706787,6.814795750427246
1789799632936167700,51.500167724609376,0.3327940307617187,-6.219088449859619,5.9862523384094235
1789799632946138600,51.510138671875,-0.4209305793762207,-4.698022207641602,4.861426470947265
1789799632956110600,51.52011059570312,0.481384171295166,-4.018368211364746,4.7089457527160645
1789799632966081500,51.53008154296875,2.042104378509521,-7.34181939086914,5.053411516571044
1789799632976052700,51.540052734375,0.45923780593872066,-6.106860247039794,4.3159974052429195
1789799632986023700,51.550023681640624,0.2488473350524902,-5.5349453254699705,5.004330382537842
1789799632995994600,51.55999462890625,0.4390367294311523,-5.01196190032959,6.093991413116455
1789799633005966600,51.56996655273438,-0.5891232460021972,-4.9446249786376955,7.665784803009033
1789799633015937500,51.5799375,-1.4743793098449707,-6.141127258300781,8.452579323577881
1789799633025908700,51.58990869140625,-0.6983586967468262,-7.948749511718749,7.712920648193359
1789799633035879700,51.59987963867187,1.2259808876037597,-8.336460543060301,6.446836882781982
1789799633045851000,51.60985083007812,1.8975544532775879,-6.395660822296143,5.33098927154541
1789799633055822600,51.619822509765626,-0.0013467384338378906,-8.595333597564697,7.199663667297363
1789799633065793800,51.62979370117188,-0.07556698989868163,-10.698041205596923,7.144746666717529
1789799633075764700,51.6397646484375,1.2907739700317382,-10.42495257873535,5.890933184814453
1789799633085735700,51.64973559570313,1.2542623947143554,-11.126603302764892,5.647023890686035
1789799633095707600,51.659707763671875,0.1758241844177246,-13.172598258972167,5.5349453254699705
1789799633105678600,51.6696787109375,1.7682675636291503,-12.880804931640624,6.928370691680907
1789799633115649800,51.67964990234375,2.5469816535949708,-12.285696181488037,9.318083223724365
1789799633125620500,51.689620361328124,1.8382979621887205,-12.344952672576904,10.037091909790039
1789799633135591700,51.699591796875,0.2877531120300293,-11.704653366088866,8.942792113494873
1789799633145563600,51.70956372070312,-0.27249007644653317,-11.46598138809204,7.856423110198974
1789799633155534800,51.719534912109374,-0.09442132797241211,-11.584344732666015,8.129960649871826
1789799633165505500,51.72950561523437,0.7647977928161621,-12.830975609588622,8.770110318756103
1789799633175476500,51.7394765625,1.2855366539001465,-14.234127420043944,9.342324515533447
1789799633185447700,51.74944775390625,1.2728174575805664,-15.024513243103026,9.651625442504882
1789799633195419600,51.75941967773438,1.6921020233154296,-15.382895304107665,9.419986431884766
1789799633205390600,51.769390625,2.759167775726318,-15.503802487945556,8.443900342559814
1789799633215361500,51.77936157226563,3.2791584487915038,-15.2845833984375,7.826495589447021
1789799633225332700,51.78933276367187,2.1351789680480957,-13.870358405303953,7.431901228332519
1789799633235304700,51.7993046875,1.2982558502197266,-10.178050532531739,7.8609122383117676
1789799633245275600,51.809275634765626,0.42437224426269526,-9.838672447204589,6.9521630706787105
1789799633255246600,51.81924658203125,-0.366462491607666,-10.543016648101807,4.773140284729004
1789799633265217800,51.8292177734375,-0.055365913391113276,-10.996418587493896,1.5544354278564452
1789799633275188700,51.83918872070313,0.1500865165710449,-9.553912087249754,-0.45774142990112304
1789799633285160700,51.84916064453125,-1.4686930809020995,-8.927080165100097,-1.3741221153259278
1789799633295131600,51.859131591796874,-0.6432920585632323,-9.14151085128784,-0.9543886367797851
1789799633305102600,51.8691025390625,1.1966519172668457,-8.080430603027343,0.464774397277832
1789799633315073800,51.87907373046875,-0.1261444999694824,-7.930044811248779,2.039111626434326
1789799633325044700,51.889044677734375,0.1001075569152832,-7.270142978668212,3.4578257476806638
1789799633335016700,51.8990166015625,0.4756979423522949,-7.850886518859863,5.0556560806274415
1789799633344987600,51.90898754882812,0.9066542411804198,-7.940070530700683,6.856395004272461
1789799633354958800,51.91895874023437,1.3914800773620604,-6.721122610473633,8.785672629547118
1789799633364929800,51.9289296875,-1.0880150169372558,-7.869890494537353,11.11463229446411
1789799633374900500,51.938900390625,-2.52184253616333,-7.850138330841064,11.941978605651855
1789799633384872700,51.94887280273438,2.7641058166503907,-7.12469522781372,10.436773949432373
1789799633394843600,51.95884375,4.296245241546631,-6.50549482345581,9.701903677368163
1789799633404814800,51.96881494140625,2.8995278480529785,-7.988403476715088,7.715763762664794
1789799633414785500,51.97878564453125,1.0532990928649901,-7.550264572906494,10.589553942871094
1789799633424757800,51.9887578125,3.4995746391296385,-5.398176555633545,13.181875790405273
1789799633434728700,51.998728759765626,4.767753330993652,-4.088997160339355,13.79673670425415
1789799633444699600,52.00869970703125,7.058854682159423,-2.8568811309814452,14.830133995819091
1789799633454670600,52.018670654296876,8.936208058929443,-2.3129484413146972,15.612888301086425
1789799633464641500,52.0286416015625,8.923638500213622,-2.3026234466552733,15.901239963531493
1789799633474613800,52.03861376953125,8.366687339019775,-2.6417022567749022,15.936404800415039
1789799633484584400,52.04858447265625,8.00007520980835,-2.9200281997680664,15.555128186035155
1789799633494555600,52.0585556640625,8.056039673614501,-3.6049195121765134,15.297152957153319
1789799633504526600,52.068526611328124,8.632892636108398,-4.99250901184082,14.776713371276855
1789799633514497800,52.078497802734375,9.156324974060057,-7.211634675598144,13.353659759521484
1789799633524469500,52.08846948242188,9.861267725372313,-9.777470667266845,11.553220111083984
1789799633534440700,52.09844067382812,10.676942303466797,-11.841571773529052,9.672125794219971
1789799633544411600,52.10841162109375,10.94958201751709,-13.462895210266112,8.118737829589843
1789799633554382600,52.11838256835937,11.029787773132323,-14.523526545715331,7.066336562347412
1789799633564353800,52.12835375976562,11.467926676940918,-14.445714991760253,6.420051751708984
1789799633574325500,52.138325439453126,11.188702908325194,-14.590264916992187,6.692990740966796
1789799633584296700,52.14829663085938,10.383353324890136,-14.691868849945067,6.509235763549804
1789799633594267600,52.158267578125,9.879972425842285,-15.02825418319702,6.297947467041015
1789799633604238800,52.16823876953125,9.591022212982176,-14.942511836242675,6.108057347869873
1789799633614209500,52.17820947265625,8.928426903533936,-14.825345592498778,6.566546965789795
1789799633624181800,52.188181640625,7.869890494537353,-14.191181427764892,7.103147412872314
1789799633634152700,52.198152587890625,6.751947956848144,-13.041366080474853,6.861183407592773
1789799633644123600,52.20812353515625,5.748029273223876,-12.778452810668945,6.145466748809814
1789799633654094600,52.218094482421876,4.990114810180664,-13.083414247131348,5.598541307067871
1789799633664066600,52.22806665039062,4.355052819824219,-12.623577890777588,4.639364266967773
1789799633674037800,52.238037841796874,4.113837002563477,-10.9175595703125,3.2441432495117186
1789799633684008700,52.2480087890625,4.2229228157043455,-7.999327021789551,2.149095265197754
1789799633693979600,52.257979736328124,4.012981257629394,-6.2475195945739745,1.1496657096862792
1789799633703950600,52.26795068359375,3.400364907836914,-5.405808073425293,-0.27129297561645505
1789799633713922800,52.2779228515625,2.581996852874756,-4.59656791229248,-1.7778443702697753
1789799633723893800,52.28789379882812,1.5735890411376952,-3.7639842849731444,-2.9501053581237793
1789799633733864700,52.29786474609375,0.15367781906127928,-1.4701894569396972,-3.768024500274658
1789799633743835600,52.30783569335937,-1.552041226196289,2.3473650901794434,-3.6529531829833983
1789799633753806600,52.317806640625,-1.8604443275451659,3.6146459564208984,-3.974225118255615
1789799633763778600,52.327778564453126,-1.5043068305969238,5.537638802337646,-4.344727825164795
1789799633773749500,52.33774951171875,-1.5925930168151854,5.7514709381103515,-4.570082056427002
1789799633783720700,52.347720703125,-2.0938789894104004,5.628618465423584,-5.01779776687622
1789799633793691600,52.35769165039063,-1.6582839248657226,5.2618566986083986,-5.544372494506836
1789799633803662800,52.36766284179687,0.4326023124694824,4.7201685729980465,-6.070199034118652
1789799633813634600,52.377634521484374,4.28397495803833,4.201225363159179,-6.819883428955078
1789799633823605800,52.387605712890625,10.784382102966308,3.2282816635131835,-6.567893704223632
1789799633833576700,52.39757666015625,15.315109469604492,2.495057405090332,-5.199008905029297
1789799633843547600,52.407547607421876,16.468965032196046,1.25126964263916,-3.3414076919555664
1789799633853519600,52.41751953125,15.601515843200684,0.694617756652832,-1.3986626823425292
1789799633863490600,52.42749047851562,14.1223481300354,1.5580267303466795,-0.7945756759643554
1789799633873461800,52.43746166992187,12.234669758605957,2.7301380805969235,-2.0075380920410155
1789799633883432700,52.4474326171875,9.920524216461182,3.6194343597412106,-3.7901708656311035
1789799633893403600,52.457403564453124,8.019827373504638,4.20107572555542,-5.084985050964355
1789799633903375600,52.46737573242188,6.91430475692749,5.672013370513915,-4.8772880569458
1789799633913346800,52.47734692382812,6.1179334297180175,5.5653217590332025,-4.2390836769104006
1789799633923317800,52.48731787109375,6.171503691864014,4.051288484191894,-4.67976641998291
1789799633933288400,52.49728833007813,6.951115607452392,4.3053731353759765,-5.517886638641357
1789799633943259600,52.507259765625,7.169137596130371,4.019266036987305,-5.380220043182373
1789799633953231600,52.517231689453126,7.0950669822692864,3.8130654190063473,-4.886864863586426
1789799633963202800,52.52720288085938,7.586177597808837,4.841375032043457,-4.470124137115478
1789799633973173500,52.53717358398438,8.271817098236083,5.055805718231201,-3.623773850250244
1789799633983144700,52.54714477539063,8.81664761352539,4.786158756256103,-2.6384102294921874
1789799633993115600,52.55711572265625,9.12310542602539,4.723909513092041,-1.992574331665039
1789799634003088000,52.567087890625,9.173533298492432,5.224896210479736,-1.9916765060424804
1789799634013058600,52.57705859375,8.511686177062987,5.4153848800659175,-1.6717513092041014
1789799634023029500,52.587029541015625,7.844601739501953,5.363011718749999,-1.731456713104248
1789799634033000700,52.597000732421876,7.350199096679687,5.083787950134277,-2.3925556465148925
1789799634042971600,52.6069716796875,6.330269189453125,5.1045875770568845,-2.405125205230713
1789799634052943600,52.61694360351562,5.43289247970581,5.479130499267578,-2.1609166358947753
1789799634062914600,52.62691455078125,5.0206408813476555,5.888389345550537,-2.000804399871826
1789799634072885800,52.6368857421875,4.840776481628418,6.1076084350585935,-1.6301520553588866
1789799634082856700,52.646856689453124,4.748599717712402,6.295702902984619,-1.1733084510803222
1789799634092828700,52.65682861328125,4.723161325073242,6.507290474700928,-0.8417115211486816
1789799634102799600,52.66679956054688,4.867262337493896,6.490979975891113,-0.5232827003479004
1789799634112770600,52.6767705078125,4.9540521476745605,6.572233194732665,-0.37499183502197264
1789799634122741800,52.68674169921875,5.0583495574951165,6.8402341430664055,0.013916297149658202
1789799634132712700,52.69671264648437,5.176712902069092,7.1032970504760735,0.5511152946472168
1789799634142684700,52.7066845703125,5.36929649810791,7.192780337524414,0.9943418769836425
1789799634152655600,52.716655517578126,5.685331117248535,6.889614552307129,1.134402674102783
1789799634162626800,52.72662670898438,6.231658008575439,6.377405034637451,0.881664761352539
1789799634172597800,52.73659765625,6.621164691162109,5.820603511047363,0.8047510330200195
1789799634182568400,52.746568359375,6.681618283081054,5.57340218963623,0.859368758392334
1789799634192540700,52.756540771484374,6.714388918304443,5.581482620239258,0.963366893005371
1789799634202512000,52.766511962890625,6.506841561889648,5.864746604156494,1.239148996734619
1789799634212482800,52.77648291015625,6.180781223297119,6.12900661239624,1.6310498809814453
1789799634222453500,52.78645361328125,5.594201816558837,6.347327876281738,1.7233762825012207
1789799634233047800,52.7970478515625,5.233724829101562,6.377255397033691,1.539920580291748
1789799634243019500,52.80701953125,4.8421232200622555,6.4092778442382805,1.0571896705627442
1789799634252990700,52.81699072265625,4.592078784179687,6.616675563049316,0.043245267486572266
1789799634262961700,52.82696166992187,4.398148449707031,7.372495099639893,-1.7265186721801757
1789799634272932900,52.83693286132812,3.556736203765869,7.148188331604003,-1.0760440086364746
1789799634282903600,52.84690356445312,3.731363287353515,6.613233898162841,-0.039055414581298825
1789799634292875800,52.85687573242188,4.170250379180908,6.555922695922852,0.3651157531738281
1789799634302846700,52.8668466796875,4.060266740417481,6.743568251037598,0.5883750579833984
1789799634312817700,52.87681762695313,4.173841681671142,6.92088881149292,1.116595799255371
1789799634322788600,52.88678857421875,5.0185459548950195,7.306804191589355,1.4561235221862792
1789799634332759600,52.89675952148438,5.590460876464843,7.499088512420654,1.9940707077026365
1789799634342731800,52.906731689453125,6.383091263580322,7.477540697479248,2.5745149726867673
1789799634352702700,52.91670263671875,7.458387084197998,7.636904745483398,2.6069863327026366
1789799634362673700,52.926673583984375,8.138489993286132,7.66758045425415,2.333299155426025
1789799634372644600,52.93664453125,8.533533267211913,7.36082336654663,1.7616835090637206
1789799634382616800,52.94661694335937,8.801384577941894,7.034912665557861,1.1330559356689451
1789799634392587800,52.956587890625,8.741080623626708,6.925677214813232,0.616058014678955
1789799634402558500,52.96655834960937,8.380005085754394,6.965929730224609,0.21173720932006834
1789799634412529700,52.97652978515625,8.040178087615967,6.962039152526855,0.01631049880981445
1789799634422500600,52.98650048828125,7.757512654113769,6.937797860717773,-0.05327098693847656
1789799634432472800,52.99647290039063,7.592013464355468,6.704512836456298,0.00014963760375976562
1789799634442443500,53.00644360351563,7.8249992134094235,6.433070223236084,0.09696516723632811
1789799634452414700,53.01641479492187,8.536825294494628,6.674435678100585,-0.3983353012084961
1789799634462385700,53.0263857421875,8.98229644088745,6.648249097442626,-0.36915596847534177
1789799634472356600,53.03635668945312,9.238775293731688,6.452523111724853,0.2558803024291992
1789799634482328600,53.04632861328125,9.536703762817382,6.426037255859375,0.7336731712341308
1789799634492299500,53.056299560546876,9.463830249786376,6.55023646697998,1.0555436569213867
1789799634502270700,53.06627075195313,8.830563910675048,6.622960342407226,1.2222399475097656
1789799634512241700,53.07624169921875,7.946504947662353,6.730849054718017,1.2617442749023438
1789799634522212900,53.086212890625,7.324461428833008,6.745214264678955,1.05973350982666
1789799634532184600,53.0961845703125,6.894552593231201,6.693439653778076,0.7962216896057128
1789799634542155800,53.10615576171875,6.404788716125488,6.615029549407959,0.6081272216796875
1789799634552126700,53.116126708984375,5.9017070922851556,6.481253531646728,0.36706104202270506
1789799634562097700,53.12609765625,5.400570757293701,6.5758244972229,0.19931728820800781
1789799634572068600,53.136068603515625,4.9646764175415035,6.863727246856689,0.14918869094848633
1789799634582040800,53.14604077148437,4.6824598968505855,7.119906824493408,0.2407669044494629
1789799634592011800,53.15601171875,4.667196861267089,7.196521277618408,0.30466216125488277
1789799634601982700,53.16598266601562,5.134515097808838,7.101052486419677,0.3167828071594238
1789799634611953700,53.17595361328125,5.755062240600585,6.978798564147949,0.29882629470825195
1789799634621925600,53.18592553710938,6.489483599853515,6.8882678138732905,0.117465518951416
1789799634631896600,53.195896484375,7.218966918182373,6.81898560333252,0.2032078659057617
1789799634641867500,53.20586743164063,7.607725412750244,6.823474731445312,0.37319618377685543
1789799634651838500,53.21583837890625,7.796867343902587,6.948571768188476,0.4736030158996582
1789799634661809400,53.22580932617188,7.785644523620605,6.974907986450195,0.607827946472168
1789799634671781600,53.23578173828125,7.408557762145995,7.015010864257812,0.7130231819152831
1789799634681752300,53.24575244140625,6.878092456817627,7.1401079010009765,0.6856395004272461
1789799634691723300,53.25572314453125,6.449530359649658,7.2806176109313965,0.5053261878967285
1789799634701694500,53.265694580078126,6.257994226837158,7.460482010650634,0.26051906814575193
1789799634711665400,53.27566552734375,6.215048234558105,7.288698041534423,-0.13736732025146484
1789799634721637400,53.28563745117187,6.605003829956054,6.866271086120605,-0.4263175331115722
1789799634731608300,53.2956083984375,7.193827800750732,6.871358764648437,-0.5159504577636719
1789799634741579500,53.30557958984375,7.179612228393554,7.442375860595702,-0.2275987953186035
1789799634751550500,53.315550537109374,6.782174752807617,7.519139951324463,0.2947860794067383
1789799634761521700,53.325521728515625,7.163750642395019,7.468412803649902,0.3130418670654297
1789799634771493400,53.33549340820313,7.583484120941161,7.439832021331787,0.43783962860107417
1789799634781464600,53.34546459960937,7.45704034576416,7.101202124023437,0.6200982299804687
1789799634791435500,53.355435546875,7.307253104400634,6.7657146163940425,0.6512228515624999
1789799634801406500,53.36540649414062,7.366509595489502,6.555922695922852,0.4746504791259765
1789799634811378400,53.37537841796875,7.584830859375,6.311414851379394,0.21592706222534178
1789799634821349400,53.385349365234376,7.971644065093994,5.985953063201904,0.1031003089904785
1789799634831320600,53.39532055664063,8.410231881713866,5.71361262435913,0.25947160491943355
1789799634841291500,53.40529150390625,8.583362589263915,5.4810757881164545,0.6468833610534668
1789799634851262500,53.41526245117188,8.356063069152832,5.296123709869384,1.1104606575012206
1789799634861234400,53.425234375,7.763797433471679,5.224896210479736,1.5358803649902344
1789799634871205600,53.43520556640625,7.088782202911377,5.197811804199218,1.7631798851013183
1789799634881176600,53.445176513671875,6.447136157989502,5.218312155914306,1.9566613067626952
1789799634891147300,53.455147216796874,5.795165118408203,5.1611505912780755,2.0350714111328125
1789799634901118500,53.465118408203125,5.290587118530273,5.1702784851074215,1.99182614364624
1789799634911090400,53.47509033203125,5.004928932952881,5.258714308929443,1.7841291496276854
1789799634921061600,53.4850615234375,4.950161569976807,5.38231496963501,1.5587749183654784
1789799634931032300,53.4950322265625,5.087977803039551,5.6181438331604,1.3277344581604003
1789799634941003500,53.50500341796875,5.31183565826416,5.912929912567138,1.211166764831543
1789799634950975500,53.5149755859375,5.644928964233398,6.078578739929199,1.2235866859436035
1789799634960946400,53.52494653320313,6.1647699996948235,6.221781926727295,1.377713417816162
1789799634970917400,53.53491748046875,6.7543421585083,6.367379315185547,1.6238672760009765
1789799634980888300,53.54488842773438,7.449558465576171,6.396857923126221,1.8490718696594237
1789799634990859500,53.55485961914062,8.079233502197265,6.213851133728027,1.84518129196167
1789799635000831500,53.56483154296875,8.943390663909911,6.151452252960205,1.6237176383972167
1789799635010802400,53.574802490234376,10.185682050323486,6.463147381591797,1.4763245986938476
1789799635020773400,53.5847734375,10.713753153991698,6.762422589111328,1.3932757286071777
1789799635030744600,53.59474462890625,10.931176592254639,7.089829666137695,1.4208090476989745
1789799635040715500,53.60471557617188,11.050587400054932,7.478438523101806,1.3623007446289062
1789799635050687500,53.6146875,10.85261685028076,7.925406045532226,1.064821188354492
1789799635060658400,53.624658447265624,10.313322926330565,8.355015605926512,0.6102221481323242
1789799635070629400,53.63462939453125,9.4098110748291,8.779687125396729,0.12165537185668944
1789799635080600600,53.6446005859375,8.348132276153564,9.294739757537842,-0.5044283622741699
1789799635090572300,53.654572265625,7.4226236968994135,9.753827925872802,-1.0289081634521484
1789799635100543500,53.66454345703125,6.974608711242675,10.090512534332275,-1.473481484222412
1789799635110514400,53.67451440429687,7.121403200531005,10.041132125091552,-1.7489643127441405
1789799635120485600,53.68448559570312,7.883208241271972,9.773280814361572,-2.013523596191406
1789799635130456300,53.69445629882812,8.908974015045166,9.502287113952637,-2.2026655273437497
1789799635140428500,53.70442846679688,9.90226842880249,8.9891797706604,-1.8359037605285644
1789799635150399500,53.7143994140625,10.543615198516845,8.441506140899659,-1.0024223075866698
1789799635160370400,53.72437036132813,10.713304241180419,8.209268579864501,-0.16280571289062498
1789799635170341400,53.73434130859375,10.349684864044189,8.267178332519531,0.558597174835205
1789799635180312300,53.74431225585938,9.897928938293456,8.335413079833984,0.9879074600219726
1789799635190284500,53.754284423828125,9.260921659088135,8.27406166229248,1.0907084938049316
1789799635200255500,53.76425537109375,8.477718441009522,7.911489748382568,0.9368810371398926
1789799635210226400,53.774226318359375,7.921515467834472,7.358578802490234,0.6676829879760742
1789799635220197400,53.784197265625,7.473500482177734,6.893205854797363,0.1131260284423828
1789799635230169600,53.794169677734374,7.13801297454834,6.573430295562744,-0.28446108474731446
1789799635240140500,53.804140625,6.405237628936767,6.1088055358886715,-0.23777415237426758
1789799635250111200,53.814111328125,5.298667549133301,5.5540989387512205,0.005536591339111328
1789799635260082400,53.82408251953125,4.342932173919677,5.281459224700927,0.0939724151611328
1789799635270053400,53.834053466796874,3.660734338378906,5.24794040145874,-0.009127893829345703
1789799635280025600,53.84402563476562,3.226037099456787,5.282357050323486,-0.016160861206054686
1789799635289996300,53.85399633789063,3.2315736907958983,5.632957955932617,-0.01601122360229492
1789799635299967500,53.86396752929687,3.614795594024658,6.060322952270507,0.3660135787963867
1789799635309938400,53.8739384765625,4.242375704193115,6.19873773574829,1.28957686920166
1789799635319909600,53.88390966796875,4.846462710571289,6.088604459381103,2.3624784881591796
1789799635329881300,53.89388134765625,5.357475127410888,5.984157411956787,3.1081226676940914
1789799635339852500,53.9038525390625,5.803844099426269,6.00151537399292,3.4980782630920406
1789799635349823500,53.91382348632813,6.250512346649169,6.280888780212402,3.6104561035156246
1789799635359794400,53.92379443359375,6.477362953948974,6.798934164428711,3.481917401885986
1789799635369766400,53.933766357421874,6.594229922485352,7.359925540924072,3.362805869293213
1789799635379737300,53.9437373046875,6.683713209533691,7.518990313720702,3.187430597686767
1789799635389708500,53.95370849609375,6.584054565429687,7.647529015350341,3.0392893699645995
1789799635399679500,53.963679443359375,6.618171939086913,7.6005428077697745,2.710834829711914
1789799635409650700,53.973650634765626,6.646752721405029,7.52093560256958,2.1595698974609374
1789799635419622400,53.98362231445312,6.697779144287109,7.417685655975341,1.6374842979431152
1789799635429593600,53.99359350585937,6.7742439598083495,7.303961077117919,1.2101193016052245
1789799635439564500,54.003564453125,6.906523601531982,7.231237201690673,0.9015665626525878
1789799635449535500,54.01353540039062,7.060201420593262,7.331195121002197,0.9108440940856933
1789799635459506400,54.02350634765625,7.123348489379882,7.577348979187011,1.1752537399291991
1789799635469478400,54.033478515625,7.041347082519531,7.81422530593872,1.478569162750244
1789799635479449600,54.04344970703125,6.844573633575439,7.88500389251709,1.6361375595092773
1789799635489420300,54.05342016601563,6.687454149627685,7.90999337234497,1.4640543151855467
1789799635499391500,54.0633916015625,6.649446198272705,7.924358582305908,1.1845312713623046
1789799635509362400,54.07336254882812,6.733093618774413,7.943362557983398,1.0525509048461914
1789799635519334700,54.08333471679688,6.892607304382324,7.848043404388427,1.0256161361694336
1789799635529305300,54.093305419921876,6.921936274719238,7.674613421630859,1.0619780738830567
1789799635539276300,54.1032763671875,6.70361501083374,7.5433812431335445,1.097442185974121
1789799635549247500,54.11324755859375,6.266373932647705,7.414094353485107,1.0307038146972656
1789799635559219500,54.123219482421874,5.746233621978759,7.248744801330566,0.8659528129577636
1789799635569190400,54.1331904296875,5.389048661804199,7.207145547485351,0.6245873580932617
1789799635579161300,54.143161376953124,5.412392127990723,7.270741529083251,0.3485059791564941
1789799635589132500,54.153132568359375,5.903353105926513,7.121403200531005,0.1466448516845703
1789799635599103500,54.163103515625,6.4746694770812985,6.668599811553955,0.13826514587402344
1789799635609075500,54.17307543945312,6.90173519821167,6.177489196014404,0.2563292152404785
1789799635619046400,54.18304638671875,7.06065033340454,5.876567974853515,0.32576106338500976
1789799635629017300,54.19301733398437,7.407061386108398,5.832125606536865,0.16699556579589842
1789799635638988000,54.20298803710938,7.706935144042968,6.0054059516906735,0.010474632263183592
1789799635648959000,54.212958984375,7.64229169921875,6.16072978439331,-0.06883329772949218
1789799635658931000,54.222930908203125,7.2994719490051265,6.290016674041747,-0.09606734161376952
1789799635668902000,54.23290185546875,6.880785933685302,6.524349161529541,-0.21173720932006834
1789799635678873000,54.242873046875,6.458358978271484,6.905775413513183,-0.34760815353393554
1789799635688844000,54.252843994140626,6.037129123687744,7.323264328002929,-0.4161421760559082
1789799635698816000,54.26281591796875,5.592855078125,7.682544214630126,-0.47270519027709956
1789799635708787000,54.27278686523437,5.0197430557250975,7.89113903427124,-0.3459621398925781
1789799635718758000,54.2827578125,4.5221980232238765,7.9283987976074215,-0.04414309310913086
1789799635728729000,54.29272900390625,4.568585680389404,7.842057900238037,0.3163338943481445
1789799635738700000,54.302699951171874,5.392340689086914,7.668328642272948,0.5524620330810547
1789799635748672000,54.31267211914062,6.645106707763672,7.380874805450439,0.6581061813354492
1789799635758643000,54.32264282226563,7.76963330001831,7.01665687789917,0.8837596878051758
1789799635768614100,54.3326142578125,8.369231178283691,6.631788961029052,1.3302782974243164
1789799635778584800,54.34258471679688,8.629750246429444,6.392518432617187,1.6499042190551756
1789799635788555800,54.3525556640625,8.834903401184082,6.365733301544189,1.5828665725708007
1789799635798528000,54.36252807617188,9.064148210144042,6.539462559509277,1.110161382293701
1789799635808499000,54.3724990234375,9.172485835266112,6.682815383911133,0.4852747489929199
1789799635818470000,54.38246997070313,9.122357238006591,6.642862143707275,-0.01705868682861328
1789799635828440800,54.39244091796875,8.901342497253417,6.469581798553467,-0.36571430358886714
1789799635838412000,54.402412109375,8.506748136138915,6.347178238677978,-0.6298246742248534
1789799635848384000,54.412384033203125,8.110058848571777,6.355557944488525,-0.9087491676330566
1789799635858355000,54.42235498046875,7.7970169815063475,6.412420233917236,-1.1736077262878417
1789799635868326000,54.432325927734375,7.567921810150146,6.480804618835449,-1.209221475982666
1789799635878296800,54.442296875,7.400626969146728,6.527042638397217,-0.9789292037963867
1789799635888268000,54.45226806640625,7.24590168685913,6.558765810394287,-0.6335656143188476
1789799635898239700,54.46223974609375,7.0004960166931145,6.63971975402832,-0.3564367721557617
1789799635908211000,54.4722109375,6.49277562713623,6.8119526359558105,-0.22789807052612304
1789799635918182000,54.48218188476562,5.718999578094482,7.0004960166931145,-0.19557634811401367
1789799635928153000,54.492153076171874,4.828356560516357,7.112873857116699,-0.21787235107421873
1789799635938124800,54.50212475585938,4.399794463348388,7.260715809631347,-0.532410594177246
1789799635948096000,54.51209594726563,4.89644167022705,7.479336348724365,-0.9500491462707519
1789799635958067000,54.52206689453125,5.843946977233887,7.527669294738769,-0.9293991569519042
1789799635968038000,54.53203784179688,6.407482192993164,7.427112825012206,-0.48332946014404293
1789799635978009000,54.54200903320312,6.4266358062744136,7.365911045074462,0.030825346374511717
1789799635987980800,54.551980712890625,6.124966397094727,7.435642168426513,0.371550170135498
1789799635997952000,54.561951904296876,5.834070895385742,7.55265877456665,0.37409400939941406
1789799636007923000,54.5719228515625,5.966200899505615,7.578845355224609,0.14260463638305662
1789799636017894100,54.58189404296875,6.741024411773681,7.4794859863281244,-0.15517419509887695
1789799636027864800,54.59186474609375,7.945008571624755,7.1778165771484375,-0.33518823242187495
1789799636037837000,54.601837158203125,9.006088819885253,6.778733087921142,-0.29777883148193357
1789799636047808000,54.61180810546875,9.6151138671875,6.425588343048095,-0.10699088668823241
1789799636057779200,54.621779296875,9.938929641723632,6.228216343688964,0.07257423782348632
1789799636067750000,54.63175,10.100238978576659,6.190507667541503,0.0674865592956543
1789799636077720800,54.641720947265625,9.973495928192138,6.26263299255371,-0.00029927520751953123
1789799636087693000,54.65169311523437,9.58922656173706,6.346878963470458,-0.15263035583496093
1789799636097664000,54.6616640625,9.051429013824462,6.433219860839843,-0.34970307998657224
1789799636107635000,54.67163500976562,8.469189097595214,6.522553510284424,-0.5339069702148437
1789799636117606000,54.68160595703125,7.7322238990783685,6.648249097442626,-0.5737105728149414
1789799636127578000,54.691578125,6.695534580230713,6.775441060638427,-0.5162497329711914
1789799636137548800,54.701548828125,5.509955845642089,6.944082640075683,-0.524779076385498
1789799636147520000,54.71152001953125,4.53282229309082,7.210587212371825,-0.7175123100280761
1789799636157491000,54.72149096679688,4.044854067230224,7.517942850494384,-1.0491092399597168
1789799636167462000,54.7314619140625,4.16261886138916,7.68029965057373,-1.1887211242675781
1789799636177433900,54.741433837890625,4.632480937194824,7.618499320220947,-1.0518027168273925
1789799636187404800,54.75140478515625,5.150227046203613,7.432499778747558,-0.8762778076171874
1789799636197376000,54.7613759765625,5.5927054405212395,7.199813304901123,-0.5781997009277343
1789799636207347000,54.771346923828126,5.970390752410888,7.095216619873047,-0.1039981346130371
1789799636217318100,54.78131811523438,6.373215181732177,7.133224571228027,0.2786252182006836
1789799636227289900,54.79128979492187,6.87614716796875,7.248744801330566,0.48407764816284177
1789799636237261000,54.801260986328124,7.440879484558105,7.319972300720214,0.6859387756347656
1789799636247232000,54.81123193359375,7.794772417449951,7.30336252670288,0.9285013313293456
1789799636257203000,54.821202880859374,7.8624086143493646,7.189338672637939,1.0631751747131346
1789799636267175000,54.8311748046875,7.863456077575683,7.042843458557129,1.0127473022460938
1789799636277145900,54.84114575195313,8.05020380706787,6.9539587219238275,0.8258499351501465
1789799636287117000,54.85111694335937,8.263587030029296,6.863577609252929,0.598251139831543
1789799636297088000,54.861087890625,8.078634951782226,6.713491092681885,0.5105635040283203
1789799636307059000,54.87105883789062,7.434594705200195,6.663212857818603,0.5404910247802734
1789799636317031000,54.88103100585938,6.5403603851318355,6.880037745666503,0.5129577056884765
1789799636327002000,54.89100219726563,5.872228484344482,7.250839727783203,0.2904465888977051
1789799636336973000,54.90097314453125,5.614851805877685,7.5525091369628905,0.004638765716552734
1789799636346943700,54.91094384765625,5.59913985748291,7.5528084121704095,-0.11297639083862304
1789799636356916000,54.920916015625,5.665130040740967,7.256675594329834,-0.011222820281982421
1789799636366887000,54.930886962890625,5.851728132629394,6.937648223114013,0.09935936889648436
1789799636376858000,54.940858154296876,6.1547442802429195,6.784718592071533,0.16864157943725586
1789799636386828800,54.950828857421875,6.407332555389404,6.8010290908813475,0.39234979705810547
1789799636396800000,54.960800048828126,6.415412985992432,6.856245366668701,0.718260498046875
1789799636406772000,54.97077197265625,6.312013401794434,6.949918506622314,0.9331400970458984
1789799636416743200,54.9807431640625,6.102820031738281,7.152378184509277,1.031751277923584
1789799636426713900,54.9907138671875,5.775113679504394,7.42516753616333,1.0773907470703123
1789799636436684800,55.00068481445312,5.342511367034912,7.615356930541992,0.9894038360595703
1789799636446656000,55.010656005859374,5.023932908630371,7.707084781646728,0.7493851196289062
1789799636456628000,55.0206279296875,4.951209033203125,7.691073558044433,0.4908113403320312
1789799636466599000,55.03059887695313,5.105485402679443,7.5899185379028316,0.3485059791564941
1789799636476569900,55.04056982421875,5.425410599517822,7.481281637573241,0.33144729232788084
1789799636486541000,55.050541015625,5.737554640960693,7.431601953125,0.31229367904663086
1789799636496512800,55.0605126953125,5.903951656341552,7.387009947204589,0.36436756515502927
1789799636506484000,55.07048388671875,5.9199628799438475,7.371746911621093,0.46896425018310545
1789799636516455000,55.080454833984376,5.850531031799316,7.500584888458252,0.5244798011779784
1789799636526426000,55.09042602539063,5.658545986175537,7.6279264892578125,0.5723638343811035
1789799636536397800,55.10039770507812,5.389497574615478,7.661894225311279,0.5536591339111328
1789799636546369000,55.110369140625,5.204246221160888,7.522132703399658,0.3274070770263672
1789799636556340000,55.120340087890625,5.154267261505127,7.356184600830078,0.1379658706665039
1789799636566311000,55.130310791015624,5.192424850463867,7.371447636413574,0.10893617553710937
1789799636576282000,55.1402822265625,5.397877280426025,7.469011354064941,0.07601590270996093
1789799636586253800,55.15025390625,4.967519532012939,7.554155150604248,-0.018255787658691406
1789799636596225000,55.16022509765625,4.483890796661377,7.5816884696960445,-0.07212532501220703
1789799636606196000,55.17019604492187,4.371512956237793,7.709478983306885,-0.006733692169189453
1789799636616167200,55.180167236328124,4.424783943176269,7.941267631530761,0.06643909606933593
1789799636626139000,55.19013891601563,4.665550847625732,8.001721223449707,0.2678513107299805
1789799636636110300,55.2001103515625,5.309291819000244,7.836670946502685,0.5449801528930663
1789799636646081300,55.21008129882812,6.2660746574401855,7.697956887817383,0.6142623634338379
1789799636656052200,55.22005224609375,7.025036583709716,7.622240260314941,0.6519710395812988
1789799636666024200,55.230024169921876,7.198316928863525,7.538892115020752,0.831835439300537
1789799636675995400,55.23999536132813,6.836942115783691,7.621342434692382,1.0408791717529295
