time,seconds_elapsed,z,y,x
1789033777516654800,0.15665478515625,9.640682220458984,2.495713949203491,0.7657032608985901
1789033777526580500,0.16658056640625,9.875179290771484,2.5698914527893066,0.760917603969574
1789033777536505900,0.176505859375,10.320243835449219,2.510071039199829,0.7680960893630981
1789033777546431500,0.186431396484375,10.827522277832031,2.392822742462158,0.7537391185760498
1789033777556356900,0.19635693359375,11.0835542678833,2.3162522315979004,0.7728816866874695
1789033777566282200,0.2062822265625,10.978270530700684,2.2707886695861816,0.7968099117279053
1789033777576208000,0.216207763671875,10.72702407836914,2.3306093215942383,0.7250252366065979
1789033777586133500,0.226133544921875,10.470992088317871,2.407179594039917,0.6891329288482666
1789033777596059000,0.236058837890625,10.191031455993652,2.4598217010498047,0.6604190468788147
1789033777605984300,0.245984375,9.899106979370117,2.4502503871917725,0.6245267391204834
1789033777615910000,0.255909912109375,9.628718376159668,2.359323024749756,0.5359922647476196
1789033777625835300,0.265835205078125,9.497113227844238,2.249253273010254,0.44027936458587646
1789033777635761000,0.275760986328125,9.592825889587402,2.1535403728485107,0.34217363595962524
1789033777645686300,0.285686279296875,9.774680137634277,2.0817556381225586,0.3278166949748993
1789033777655612000,0.29561181640625,9.846465110778809,1.97407865524292,0.38763725757598877
1789033777665537300,0.305537353515625,9.879964828491211,1.8448662757873535,0.397208571434021
1789033777675462700,0.315462646484375,9.915857315063477,1.794616937637329,0.3732803463935852
1789033777685388300,0.32538818359375,9.997213363647461,1.765903115272522,0.2799602448940277
1789033777695313700,0.335313720703125,10.021141052246094,1.7419748306274414,0.2225325107574463
1789033777705239300,0.3452392578125,10.107282638549805,1.7635103464126587,0.2105683982372284
1789033777715164700,0.35516455078125,10.080962181091309,1.8448662757873535,0.18424734473228455
1789033777725090000,0.365090087890625,10.030712127685547,1.8807586431503296,0.23688943684101105
1789033777735015700,0.375015625,10.076175689697266,1.9310078620910645,0.21774685382843018
1789033777744941300,0.38494140625,10.246066093444824,1.9573289155960083,0.2392822653055191
1789033777754866700,0.39486669921875,10.17428207397461,1.8951154947280884,0.34217363595962524
1789033777764792000,0.4047919921875,10.083354949951172,1.9357935190200806,0.4163511395454407
1789033777774717700,0.4147177734375,10.068997383117676,2.0243279933929443,0.5024927258491516
1789033777784643000,0.42464306640625,10.202995300292969,2.170290231704712,0.5718846321105957
1789033777794568700,0.434568603515625,10.540383338928223,2.289931297302246,0.5407779216766357
1789033777804494000,0.444494140625,10.882556915283203,2.311466693878174,0.5623133182525635
1789033777814419500,0.45441943359375,11.306086540222168,2.1774685382843018,0.5670989751815796
1789033777824345000,0.464344970703125,11.672188758850098,2.029113531112671,0.5527420043945312
1789033777834270700,0.474270751953125,11.794222831726074,2.0985054969787598,0.4378865361213684
1789033777844196000,0.484196044921875,11.274980545043945,2.1367905139923096,0.42352959513664246
1789033777854121500,0.49412158203125,10.497312545776367,2.053041934967041,0.7202396392822266
1789033777864047000,0.504047119140625,9.722038269042969,2.1056840419769287,0.9379864931106567
1789033777873972500,0.513972412109375,9.09990406036377,2.352144718170166,0.9547362327575684
1789033777883898000,0.523898193359375,8.551948547363281,2.589034080505371,0.9810572862625122
1789033777893823500,0.533823486328125,8.142775535583496,2.713460922241211,1.0791629552841187
1789033777903748900,0.543748779296875,8.10688304901123,2.823530673980713,1.074377417564392
1789033777913674500,0.553674560546875,8.441878318786621,2.8115665912628174,1.1509476900100708
1789033777923600000,0.563599853515625,8.86780071258545,2.691925525665283,1.1222338676452637
1789033777933525500,0.573525390625,9.231510162353516,2.4981069564819336,1.093519926071167
1789033777943451000,0.583450927734375,9.616754531860352,2.100898265838623,1.0241280794143677
1789033777953376500,0.59337646484375,10.202995300292969,1.7132610082626343,0.9403793215751648
1789033777963302000,0.603302001953125,10.162318229675293,1.9692929983139038,1.3950155973434448
1789033777973227300,0.613227294921875,9.509077072143555,2.0650060176849365,1.612762451171875
1789033777983153000,0.62315283203125,9.061619758605957,2.1918256282806396,1.2586246728897095
1789033777993078300,0.633078369140625,8.831908226013184,2.3306093215942383,0.885344386100769
1789033778003004000,0.64300390625,8.176275253295898,2.0099709033966064,1.1748759746551514
1789033778012929300,0.65292919921875,8.135597229003906,2.148754835128784,0.8614161610603333
1789033778022854700,0.662854736328125,8.21695327758789,2.0243279933929443,0.14835500717163086
1789033778032780300,0.6727802734375,7.8077802658081055,1.8233308792114258,0.18903298676013947
1789033778042705700,0.68270556640625,7.3292155265808105,2.060220241546631,0.4019941985607147
1789033778052631300,0.69263134765625,7.070790767669678,2.6847469806671143,0.4211367964744568
1789033778062556700,0.702556640625,6.826723098754883,3.3308091163635254,0.25363919138908386
1789033778072482000,0.71248193359375,6.8410797119140625,3.3619158267974854,0.04546362906694412
1789033778082407700,0.72240771484375,7.22871732711792,2.926422119140625,-0.20338992774486542
1789033778092333300,0.732333251953125,7.817351341247559,2.4670002460479736,-0.4019941985607147
1789033778102258700,0.7422587890625,8.417949676513672,2.335394859313965,-0.5742774605751038
1789033778112184000,0.75218408203125,9.06401252746582,2.5531418323516846,-0.5144568681716919
1789033778122109700,0.762109619140625,8.958727836608887,2.9718856811523438,-0.15553347766399384
1789033778132035000,0.77203515625,8.702695846557617,3.297309637069702,-0.04546362906694412
1789033778141960700,0.781960693359375,9.131011009216309,3.1800613403320312,-0.33020952343940735
1789033778151886000,0.791885986328125,10.023533821105957,2.641676187515259,-0.6436693072319031
1789033778161811500,0.8018115234375,10.868200302124023,2.2229323387145996,-0.8446664214134216
1789033778171737000,0.811737060546875,11.152946472167969,2.0315065383911133,-0.9834501147270203
1789033778181662500,0.821662353515625,10.971092224121094,2.256431818008423,-0.8973084688186646
1789033778191588000,0.831588134765625,10.346565246582031,2.6608188152313232,-0.729810893535614
1789033778201513500,0.841513427734375,9.714859962463379,2.854637384414673,-0.6699903607368469
1789033778211438800,0.85143896484375,9.226723670959473,2.8522446155548096,-0.6245267391204834
1789033778221364500,0.861364501953125,9.056833267211914,3.0340991020202637,-0.46420758962631226
1789033778231289900,0.871289794921875,9.104690551757812,3.2350962162017822,-0.05742774158716202
1789033778241215500,0.881215576171875,8.85344409942627,3.4552359580993652,0.4737788736820221
1789033778251140900,0.891140869140625,8.827122688293457,3.596412420272827,0.6699903607368469
1789033778261066200,0.901066162109375,9.157332420349121,3.5270206928253174,0.7202396392822266
1789033778270992000,0.910991943359375,9.396614074707031,3.3930225372314453,0.6532405614852905
1789033778280917200,0.920917236328125,9.353543281555176,3.3475589752197266,0.4091726839542389
1789033778290843000,0.9308427734375,9.358329772949219,3.290131092071533,0.17706887423992157
1789033778300768300,0.940768310546875,9.34157943725586,3.421736478805542,0.2560320198535919
1789033778310693600,0.950693603515625,9.377471923828125,3.4648072719573975,0.3756731450557709
1789033778320619300,0.960619384765625,9.45882797241211,3.469592809677124,0.5096712112426758
1789033778330544600,0.970544677734375,9.580862045288086,3.5916268825531006,0.7369893789291382
1789033778340470300,0.98047021484375,10.138389587402344,3.5509488582611084,0.9690931439399719
1789033778350395600,0.990395751953125,10.255638122558594,3.390629768371582,1.1078768968582153
1789033778360321000,1.000321044921875,9.968499183654785,3.493520975112915,1.3280165195465088
1789033778370246700,1.01024658203125,9.80817985534668,3.2303106784820557,0.8111668825149536
1789033778380172000,1.020172119140625,9.358329772949219,3.452843189239502,-0.8709874153137207
1789033778390097700,1.03009765625,8.941978454589844,3.462414264678955,-0.7250252366065979
1789033778400023000,1.04002294921875,8.858229637145996,2.9001009464263916,0.7393822073936462
1789033778409948400,1.049948486328125,8.865407943725586,3.1034910678863525,1.9381862878799438
1789033778419874000,1.0598740234375,8.717052459716797,3.1250264644622803,2.715853691101074
1789033778429799400,1.06979931640625,9.119047164916992,3.4672000408172607,2.746960401535034
1789033778439725000,1.07972509765625,8.757730484008789,3.38105845451355,2.7014968395233154
1789033778449650400,1.089650390625,8.358129501342773,2.9455647468566895,2.447857618331909
1789033778459575800,1.099575927734375,7.802994728088379,2.550748825073242,1.9645073413848877
1789033778469501400,1.10950146484375,6.7932233810424805,2.251646041870117,1.6079767942428589
1789033778479427000,1.119427001953125,5.912664890289307,2.1272194385528564,1.6654045581817627
1789033778489352400,1.1293525390625,5.675775527954102,2.194218397140503,1.9142581224441528
1789033778499277800,1.13927783203125,5.084748268127441,2.768495798110962,2.390429735183716
1789033778509203200,1.149203125,4.2281174659729,3.208775281906128,3.0867412090301514
1789033778519128800,1.15912890625,3.4815568923950195,3.4815568923950195,3.2709884643554688
1789033778529054500,1.169054443359375,3.2207393646240234,3.3164522647857666,3.6083765029907227
1789033778538979800,1.178979736328125,3.407379388809204,3.376272678375244,3.8883368968963623
1789033778548905200,1.1889052734375,3.397808074951172,3.4480574131011963,4.256831645965576
1789033778558830600,1.19883056640625,3.5916268825531006,3.2829527854919434,4.3070807456970215
1789033778568756200,1.208756103515625,4.120440483093262,2.6775684356689453,3.9792640209198
1789033778578681900,1.218681884765625,4.453042984008789,1.9621145725250244,3.6849467754364014
1789033778588607200,1.228607177734375,4.776073932647705,1.3950155973434448,3.445664644241333
1789033778598532600,1.23853271484375,4.9363932609558105,0.9906286001205444,3.342773199081421
1789033778608458000,1.2484580078125,4.1659040451049805,1.2203395366668701,4.036691665649414
1789033778618383600,1.258383544921875,2.5363919734954834,1.7754744291305542,5.472385406494141
1789033778628309200,1.268309326171875,1.2059825658798218,2.830709218978882,7.255038261413574
1789033778638234600,1.278234619140625,0.8207381963729858,2.830709218978882,8.193024635314941
1789033778648160000,1.288159912109375,1.94297194480896,2.589034080505371,8.755337715148926
1789033778658085400,1.29808544921875,3.720839262008667,1.9621145725250244,8.61176872253418
1789033778668011000,1.308010986328125,5.266602516174316,1.454836130142212,8.439485549926758
1789033778677936400,1.317936279296875,5.8719868659973145,1.0408778190612793,7.920242786407471
1789033778687862000,1.327862060546875,6.372086524963379,-0.8327022790908813,5.391029357910156
1789033778697787400,1.337787353515625,6.197410583496094,-1.4979069232940674,4.955535888671875
1789033778707712800,1.347712646484375,3.146561861038208,-4.232903480529785,3.981656789779663
1789033778717638400,1.357638427734375,4.2592244148254395,-2.68953275680542,6.020341873168945
1789033778727563800,1.367563720703125,4.596612453460693,-0.6245267391204834,7.621140003204346
1789033778737489400,1.377489501953125,4.907679080963135,0.550349235534668,9.339186668395996
1789033778747414800,1.387414794921875,4.548755645751953,0.7034898400306702,9.956535339355469
1789033778757340200,1.397340087890625,4.402793884277344,-0.0526420995593071,9.573683738708496
1789033778767265800,1.407265869140625,4.316651821136475,-0.8757730722427368,8.874979019165039
1789033778777191200,1.417191162109375,4.1970109939575195,-1.7874385118484497,8.260024070739746
1789033778787116800,1.42711669921875,3.869194269180298,-2.840280532836914,8.276773452758789
1789033778797042200,1.437042236328125,3.900300979614258,-3.5844483375549316,8.86062240600586
1789033778806967600,1.446967529296875,4.613361835479736,-3.436093330383301,9.973284721374512
1789033778816893200,1.45689306640625,5.630311489105225,-3.438486099243164,11.054841041564941
1789033778826818600,1.466818603515625,6.034698486328125,-3.926621913909912,11.46401309967041
1789033778836744200,1.476744140625,6.3361945152282715,-4.01754903793335,11.68893814086914
1789033778846669600,1.486669677734375,5.66620397567749,-3.304488182067871,12.844672203063965
1789033778856595000,1.496594970703125,4.543970108032227,-2.9862427711486816,13.653446197509766
1789033778866520600,1.5065205078125,3.4480574131011963,-2.9455647468566895,14.0051908493042
1789033778876446000,1.516446044921875,2.1104695796966553,-3.2757742404937744,13.75633716583252
1789033778886371600,1.52637158203125,1.2490534782409668,-4.041477680206299,13.588839530944824
1789033778896297000,1.536296875,1.124626636505127,-4.591826438903809,13.469198226928711
1789033778906222300,1.546222412109375,1.3519448041915894,-4.9363932609558105,12.997812271118164
1789033778916148000,1.55614794921875,1.923829436302185,-4.847858905792236,13.03370475769043
1789033778926073300,1.5660732421875,2.170290231704712,-5.364708423614502,12.88774299621582
1789033778935998700,1.575998779296875,1.8544375896453857,-5.458028316497803,12.88056468963623
1789033778945924400,1.58592431640625,2.2444677352905273,-3.2757742404937744,14.249258995056152
1789033778955850000,1.59585009765625,2.6153552532196045,-2.0267207622528076,15.261423110961914
1789033778965775400,1.605775390625,2.9623143672943115,-2.4095723628997803,15.146567344665527
1789033778975700700,1.61570068359375,2.967100143432617,-3.5844483375549316,14.58186149597168
1789033778985626000,1.625626220703125,3.483949661254883,-3.85483717918396,13.806586265563965
1789033778995551700,1.6355517578125,4.060619831085205,-3.218346357345581,13.476377487182617
1789033779005477000,1.64547705078125,3.4648072719573975,-3.1824541091918945,13.584053993225098
1789033779015402800,1.65540283203125,2.895315408706665,-2.9862427711486816,13.351950645446777
1789033779025328000,1.665328125,2.2325034141540527,-3.177668571472168,13.270594596862793
1789033779035253500,1.67525341796875,1.4093725681304932,-3.067598581314087,12.77049446105957
1789033779045179100,1.68517919921875,-0.6843472719192505,-4.070191383361816,12.244073867797852
1789033779055105300,1.695105224609375,-0.7968099117279053,-3.10109806060791,11.679367065429688
1789033779065030100,1.705030029296875,-0.5575276613235474,-2.297109842300415,11.519047737121582
1789033779074955500,1.71495556640625,-0.28235307335853577,-2.1439690589904785,10.990234375
1789033779084881000,1.724880859375,-0.22013968229293823,-1.8113667964935303,10.686346054077148
1789033779094806500,1.734806640625,-0.6675975322723389,-2.0338993072509766,10.50209903717041
1789033779104732000,1.74473193359375,-1.0600204467773438,-2.445464849472046,10.186245918273926
1789033779114657300,1.7546572265625,-1.2203395366668701,-2.56510591506958,10.023533821105957
1789033779124583000,1.7645830078125,-1.7132610082626343,-2.7326035499572754,9.798608779907227
1789033779134508300,1.77450830078125,-2.060220241546631,-3.067598581314087,9.638289451599121
1789033779144434000,1.784433837890625,-2.2995026111602783,-3.081955671310425,9.674181938171387
1789033779154359300,1.794359375,-2.6009981632232666,-2.861815929412842,9.810572624206543
1789033779164284700,1.80428466796875,-3.2685956954956055,-2.9240293502807617,10.198209762573242
1789033779174210300,1.814210205078125,-3.483949661254883,-2.823530673980713,10.454241752624512
1789033779184135700,1.8241357421875,-3.34995174407959,-3.098705291748047,10.49252700805664
1789033779194061300,1.834061279296875,-2.9527430534362793,-3.5365917682647705,10.425528526306152
1789033779203986700,1.843986572265625,-2.2085752487182617,-3.8428730964660645,10.171889305114746
1789033779213912000,1.853912109375,-1.9142581224441528,-4.086941242218018,9.91825008392334
1789033779223837700,1.863837646484375,-2.0793628692626953,-4.689932346343994,9.324830055236816
1789033779237531100,1.87753125,-2.1296122074127197,-6.096911907196045,8.14516830444336
1789033779247456000,1.8874560546875,-1.6366907358169556,-6.020341873168945,7.891529083251953
1789033779257381600,1.897381591796875,-1.1150553226470947,-6.4319071769714355,7.877171993255615
1789033779267307000,1.90730712890625,-0.2392822653055191,-6.872186660766602,7.69531774520874
1789033779277232600,1.917232666015625,0.363709032535553,-6.857829570770264,7.479963779449463
1789033779287158000,1.927157958984375,0.8039883971214294,-6.996613502502441,7.197610378265381
1789033779297083400,1.93708349609375,0.9475577473640442,-6.900900363922119,6.977470874786377
1789033779307009000,1.947009033203125,0.8183453679084778,-6.503692150115967,6.939185619354248
1789033779316934400,1.956934326171875,0.16749759018421173,-6.556334018707275,6.809973239898682
1789033779326860000,1.966860107421875,0.6843472719192505,-6.096911907196045,7.125825881958008
1789033779336785400,1.976785400390625,0.5742774605751038,-5.91505765914917,7.087540626525879
1789033779346710800,1.986710693359375,0.13878370821475983,-5.752345561981201,7.183253765106201
1789033779356636400,1.996636474609375,-0.14356936514377594,-5.7858452796936035,7.144968509674072
1789033779366561800,2.006561767578125,-1.7802600860595703,-5.91505765914917,6.551548480987549
1789033779376487200,2.016487060546875,-4.015156269073486,-5.752345561981201,5.958128452301025
1789033779386412800,2.026412841796875,-4.828716278076172,-5.359922885894775,5.876772403717041
1789033779396338200,2.036338134765625,-4.206582069396973,-7.202396392822266,5.120640277862549
1789033779406263600,2.046263671875,-3.627519130706787,-4.7712883949279785,7.350750923156738
1789033779416189200,2.056189208984375,-3.895515203475952,-4.3788652420043945,7.829315662384033
1789033779426114600,2.066114501953125,-3.1202406883239746,-6.068198204040527,7.920242786407471
1789033779436040200,2.076040283203125,-2.148754835128784,-5.374279499053955,9.403793334960938
1789033779445965600,2.085965576171875,-2.321038007736206,-4.8574299812316895,10.810772895812988
1789033779455891000,2.095890869140625,-1.8951154947280884,-4.350151538848877,11.466405868530273
1789033779465816600,2.105816650390625,-2.50289249420166,-5.4795637130737305,10.882556915283203
1789033779475742000,2.115741943359375,2.0482561588287354,-7.207181930541992,13.323236465454102
1789033779485667300,2.125667236328125,-1.6031911373138428,-3.4408788681030273,14.060225486755371
1789033779495593000,2.135593017578125,-2.909672260284424,-4.986642360687256,13.911870956420898
1789033779505518300,2.145518310546875,1.7276179790496826,-6.240481376647949,13.730016708374023
1789033779515443700,2.155443603515625,4.374079704284668,-6.561119556427002,13.27538013458252
1789033779525369300,2.165369384765625,0.9427721500396729,-7.250252723693848,11.772686958312988
1789033779535294700,2.175294677734375,-2.5603201389312744,-8.561519622802734,10.643275260925293
1789033779545220400,2.185220458984375,-1.0911271572113037,-7.618747234344482,11.586047172546387
1789033779555145700,2.195145751953125,-4.709074974060059,-6.771687984466553,9.90149974822998
1789033779565071000,2.205071044921875,-0.4977070987224579,-8.001599311828613,10.561919212341309
1789033779574996700,2.214996826171875,0.885344386100769,-7.872386455535889,12.19382381439209
1789033779584922000,2.224922119140625,-5.723631858825684,-6.618547439575195,11.073983192443848
1789033779594847500,2.234847412109375,-6.211767673492432,-6.781259536743164,11.743973731994629
1789033779604773000,2.244773193359375,-3.3690943717956543,-6.51326322555542,11.638689041137695
1789033779614698500,2.254698486328125,-4.804787635803223,-2.2540390491485596,6.364908218383789
1789033779624623900,2.264623779296875,-3.4983067512512207,-12.739387512207031,15.366706848144531
1789033779634549500,2.274549560546875,4.53200626373291,-5.173282623291016,9.762716293334961
1789033779644475000,2.284474853515625,-3.115455150604248,-3.656233072280884,9.317651748657227
1789033779654400300,2.294400146484375,-5.828916072845459,-4.517649173736572,2.651247501373291
1789033779664326000,2.304325927734375,6.896114826202393,-2.9383862018585205,3.053241729736328
1789033779674251300,2.314251220703125,-8.025527000427246,-0.40677985548973083,0.7896314859390259
1789033779684177000,2.324177001953125,-0.12921242415905,0.07657032459974289,2.1104695796966553
1789033779694102300,2.334102294921875,1.4213366508483887,1.1724830865859985,4.814359188079834
1789033779704027600,2.344027587890625,2.5842485427856445,2.3784656524658203,5.111069202423096
1789033779713953300,2.353953369140625,-6.245266914367676,3.78544545173645,2.043470621109009
1789033779723878700,2.363878662109375,-3.90987229347229,3.321237802505493,0.8709874153137207
1789033779733804000,2.373803955078125,-4.326223373413086,3.761517286300659,2.7038896083831787
1789033779743729700,2.383729736328125,-1.5840486288070679,3.6705899238586426,5.383851051330566
1789033779753655000,2.393655029296875,-2.258824586868286,5.938985824584961,7.872386455535889
1789033779763580400,2.403580322265625,-0.3732803463935852,5.690132141113281,8.642875671386719
1789033779773506000,2.413506103515625,1.1485549211502075,4.599005222320557,6.192625045776367
1789033779783431400,2.423431396484375,0.07657032459974289,3.3164522647857666,6.786045074462891
1789033779793357000,2.433357177734375,-2.1774685382843018,4.919643402099609,7.566105365753174
1789033779803282400,2.443282470703125,-0.019142581149935722,5.484349727630615,9.556933403015137
1789033779813207800,2.453207763671875,1.0911271572113037,5.029713153839111,9.958928108215332
1789033779823133400,2.463133544921875,0.4307080805301666,3.335594654083252,9.509077072143555
1789033779833058800,2.473058837890625,-2.148754835128784,1.856830358505249,3.6849467754364014
1789033779842984200,2.482984130859375,-2.124826431274414,2.8761727809906006,0.009571290574967861
1789033779852909800,2.492909912109375,-7.9968132972717285,-6.087340831756592,0.4785645306110382
1789033779862835200,2.502835205078125,2.306680917739868,1.5840486288070679,8.944371223449707
1789033779872760600,2.512760498046875,2.172683000564575,-9.729216575622559,3.704089403152466
1789033779882686200,2.522686279296875,-3.1345977783203125,-10.533205032348633,4.8191447257995605
1789033779892611600,2.532611572265625,-7.259823799133301,-12.351750373840332,9.820143699645996
1789033779902537200,2.542537109375,-9.868000984191895,-7.81974458694458,12.447463035583496
1789033779912462600,2.552462646484375,-14.20858097076416,-7.121040344238281,13.241880416870117
1789033779922388000,2.562387939453125,5.077569484710693,-16.601404190063477,-7.073183536529541
1789033779932313600,2.572313720703125,7.020541667938232,-18.582660675048828,9.111868858337402
1789033779942239000,2.582239013671875,1.7754744291305542,-11.672188758850098,15.658631324768066
1789033779952164400,2.592164306640625,6.369693756103516,-16.969898223876953,15.883556365966797
1789033779962090000,2.602090087890625,1.306481122970581,-14.9072847366333,15.448062896728516
1789033779972015400,2.612015380859375,-5.139782905578613,-12.811172485351562,16.32862091064453
1789033779981940700,2.621940673828125,-7.704888820648193,-12.720245361328125,14.299508094787598
1789033779991866400,2.631866455078125,-5.843272686004639,-11.643474578857422,13.686945915222168
1789033780001791700,2.641791748046875,-4.350151538848877,-13.045668601989746,10.657631874084473
1789033780011717400,2.65171728515625,-3.651447296142578,-11.7056884765625,9.906285285949707
1789033780021642800,2.661642822265625,-3.94815731048584,-10.408778190612793,11.33240795135498
1789033780031568100,2.671568115234375,-5.010570526123047,-10.557133674621582,10.403992652893066
1789033780041493800,2.68149365234375,-6.666403770446777,-10.877771377563477,8.662017822265625
1789033780051419100,2.691419189453125,-4.503292083740234,-12.050254821777344,9.485149383544922
1789033780061344500,2.701344482421875,-4.3788652420043945,-9.748359680175781,8.34138011932373
1789033780071270100,2.711270263671875,-5.527420520782471,-6.57547664642334,10.212567329406738
1789033780081195500,2.721195556640625,-3.4408788681030273,-7.901100158691406,11.294122695922852
1789033780091121000,2.731120849609375,-2.612962245941162,-6.446264266967773,13.428520202636719
1789033780101046500,2.741046630859375,-1.852044701576233,-2.8139593601226807,12.930813789367676
1789033780110972000,2.750971923828125,9.083154678344727,-7.015756130218506,10.595418930053711
1789033780120897500,2.7608974609375,-20.50649070739746,2.799602508544922,11.743973731994629
1789033780130823000,2.770822998046875,-10.437492370605469,-0.4307080805301666,12.145967483520508
1789033780140748300,2.780748291015625,34.992637634277344,-6.398407936096191,8.063812255859375
1789033780150673700,2.790673583984375,-31.52304458618164,8.523234367370605,8.327022552490234
1789033780160599000,2.80059912109375,-1.0719845294952393,1.4404792785644531,4.517649173736572
1789033780170524400,2.8105244140625,6.498906135559082,-0.9284151792526245,4.53200626373291
1789033780180449800,2.82044970703125,-6.441478729248047,5.54177713394165,8.09252643585205
1789033780190375400,2.83037548828125,-9.805787086486816,7.671389579772949,-2.9144580364227295
1789033780200300800,2.84030078125,-9.379864692687988,9.379864692687988,1.454836130142212
1789033780210226200,2.85022607421875,-0.8757730722427368,10.021141052246094,8.532805442810059
1789033780220151600,2.860151611328125,-4.503292083740234,11.638689041137695,6.283552169799805
1789033780230077000,2.870076904296875,-2.5938198566436768,8.489734649658203,2.4885356426239014
1789033780240002600,2.88000244140625,-4.579862594604492,7.188039302825928,1.8185452222824097
1789033780249928000,2.889927978515625,-6.096911907196045,10.269994735717773,4.388436794281006
1789033780259853600,2.899853515625,-1.94297194480896,11.428120613098145,7.192824840545654
1789033780269779000,2.909779052734375,0.7465606927871704,6.116054534912109,11.241480827331543
1789033780279704300,2.919704345703125,-6.900900363922119,13.701302528381348,8.422736167907715
1789033780289630000,2.9296298828125,-0.6317051649093628,3.493520975112915,10.6624174118042
1789033780299555300,2.939555419921875,0.37806597352027893,3.84765887260437,9.619147300720215
1789033780309480700,2.949480712890625,1.0719845294952393,-7.015756130218506,4.790431022644043
1789033780319406300,2.95940625,-0.5072783827781677,-17.85045623779297,-2.981456995010376
1789033780329331700,2.969331787109375,-1.1054840087890625,-13.911870956420898,9.748359680175781
1789033780339257000,2.979257080078125,0.363709032535553,-17.29532241821289,20.219350814819336
1789033780349182700,2.9891826171875,1.368694543838501,-17.89352798461914,17.97966957092285
1789033780359108000,2.999108154296875,-0.4833501875400543,-17.151752471923828,16.189838409423828
1789033780369033700,3.00903369140625,0.6508477330207825,-17.08953857421875,15.735201835632324
1789033780378959000,3.018958984375,0.914058268070221,-14.304293632507324,15.395421028137207
1789033780388884500,3.028884521484375,-0.04307080805301666,-10.820343971252441,13.490734100341797
1789033780398810000,3.03881005859375,-0.7561319470405579,-8.786444664001465,12.265608787536621
1789033780408735500,3.048735595703125,-1.1676974296569824,-7.781459331512451,11.56690502166748
1789033780418660900,3.058660888671875,-0.16271193325519562,-6.92482852935791,11.274980545043945
1789033780428586500,3.06858642578125,-0.9858429431915283,-6.068198204040527,10.26042366027832
1789033780438511900,3.078511962890625,-1.3351950645446777,-5.618347644805908,9.111868858337402
1789033780448437200,3.088437255859375,-1.4644074440002441,-4.46979284286499,8.528019905090332
1789033780458363000,3.09836279296875,-2.172683000564575,-5.532206058502197,5.053641319274902
1789033780468288300,3.108288330078125,-1.3304094076156616,-3.5270206928253174,7.1162543296813965
1789033780478214000,3.1182138671875,-1.7324036359786987,-2.8522446155548096,8.910871505737305
1789033780488139300,3.12813916015625,-1.4691931009292603,-3.129812002182007,8.537590980529785
1789033780498064600,3.138064697265625,-1.9334007501602173,-3.187239646911621,8.95394229888916
1789033780507990300,3.147990234375,-2.5220351219177246,-3.88594388961792,8.331808090209961
1789033780517915600,3.15791552734375,-2.7038896083831787,-4.335794448852539,8.135597229003906
1789033780527841000,3.167841064453125,-1.852044701576233,-3.656233072280884,10.576275825500488
1789033780537766700,3.1777666015625,-1.34476637840271,-3.2063822746276855,11.34676456451416
1789033780547692000,3.187692138671875,-1.2346965074539185,-3.7471601963043213,11.140982627868652
1789033780557617400,3.197617431640625,-1.698904037475586,-2.991028308868408,12.212966918945312
1789033780567543000,3.20754296875,-1.612762451171875,-2.0865414142608643,12.447463035583496
1789033780577468400,3.217468505859375,-2.163111686706543,-4.359723091125488,9.030512809753418
1789033780587394000,3.22739404296875,-2.7326035499572754,-3.3020951747894287,9.681360244750977
1789033780597319400,3.2373193359375,-2.9144580364227295,-4.048655986785889,8.523234367370605
1789033780607244800,3.247244873046875,-2.541177749633789,-3.4408788681030273,9.193224906921387
1789033780617170400,3.25717041015625,-2.4263222217559814,-4.096512317657471,8.551948547363281
1789033780627095800,3.267095703125,-4.584648132324219,-3.6705899238586426,9.41336441040039
1789033780637021200,3.277021240234375,-3.9433717727661133,-2.847458839416504,13.993227005004883
1789033780646946800,3.28694677734375,-4.6995038986206055,-1.9669002294540405,16.529619216918945
1789033780656872200,3.2968720703125,-2.431107759475708,-3.7710886001586914,11.389835357666016
1789033780666797600,3.306797607421875,1.368694543838501,-6.0538411140441895,7.652246952056885
1789033780676723200,3.31672314453125,-7.0683979988098145,-2.919243574142456,15.534204483032227
1789033780686648600,3.326648681640625,-16.266408920288086,-1.6654045581817627,12.768101692199707
1789033780696574200,3.33657421875,-5.594419479370117,-5.2354960441589355,9.78664493560791
1789033780706499600,3.34649951171875,-2.68953275680542,-6.570691108703613,6.010770320892334
1789033780716425000,3.356425048828125,-2.8761727809906006,-5.642275810241699,7.451249599456787
1789033780726350600,3.3663505859375,-3.0245277881622314,-4.766502857208252,8.575876235961914
1789033780736276000,3.37627587890625,-4.790431022644043,-4.536791801452637,8.484949111938477
1789033780746201300,3.386201416015625,-5.163711071014404,-4.536791801452637,8.12123966217041
1789033780756127000,3.396126953125,-4.555934429168701,-4.957928657531738,6.685546398162842
1789033780766052400,3.40605224609375,-3.4025938510894775,-5.560919761657715,3.8045880794525146
1789033780775977700,3.415977783203125,-0.2105683982372284,-5.412564754486084,1.6271194219589233
1789033780785903400,3.4259033203125,2.321038007736206,-4.584648132324219,1.4452649354934692
1789033780795828700,3.435828857421875,4.694717884063721,-3.689732551574707,1.459621787071228
1789033780805754000,3.445754150390625,6.867401123046875,-3.1345977783203125,0.19621145725250244
1789033780815679700,3.4556796875,8.4562349319458,-2.7278177738189697,-1.7611174583435059
1789033780825605000,3.465605224609375,10.17428207397461,-2.579462766647339,-2.847458839416504
1789033780835530800,3.47553076171875,10.939985275268555,-1.765903115272522,-0.9044869542121887
1789033780845456100,3.4854560546875,10.226923942565918,-2.1918256282806396,2.0817556381225586
1789033780855381500,3.495381591796875,11.313265800476074,-4.101297855377197,4.321437835693359
1789033780865307100,3.50530712890625,10.98305606842041,-5.694917678833008,6.675975322723389
1789033780875232500,3.515232421875,9.844072341918945,-7.09711217880249,9.164510726928711
1789033780885158000,3.525157958984375,6.192625045776367,-6.857829570770264,12.40439224243164
1789033780895083500,3.53508349609375,-22.37767791748047,-2.9766714572906494,23.487947463989258
1789033780905009000,3.5450087890625,-45.865623474121094,3.90987229347229,26.143980026245117
1789033780914934300,3.554934326171875,-22.24367904663086,-2.7517459392547607,18.486948013305664
1789033780924860000,3.56485986328125,-3.728017568588257,-7.010970115661621,15.524633407592773
1789033780934785300,3.574785400390625,-4.622933387756348,-6.613761901855469,14.802000999450684
1789033780944711000,3.5847109375,-1.0528420209884644,-7.527820110321045,13.146167755126953
1789033780954636300,3.59463623046875,-0.2392822653055191,-6.087340831756592,9.767501831054688
1789033780964561700,3.604561767578125,-0.37806597352027893,-4.460221290588379,8.140382766723633
1789033780974487300,3.6144873046875,-0.3684946894645691,-1.5074782371520996,8.063812255859375
1789033780984412700,3.62441259765625,-0.9379864931106567,0.4163511395454407,6.680760860443115
1789033780994338000,3.634338134765625,-1.1389836072921753,1.765903115272522,5.60399055480957
1789033781004263700,3.644263671875,-2.100898265838623,3.345165967941284,6.369693756103516
1789033781014189000,3.65418896484375,-4.110869407653809,3.9912281036376953,6.297909259796143
1789033781024114400,3.664114501953125,-4.9052863121032715,4.584648132324219,6.173482418060303
1789033781034040000,3.6740400390625,-4.297509670257568,4.005585193634033,6.345765590667725
1789033781043965400,3.68396533203125,-0.9044869542121887,6.474977970123291,6.4319071769714355
1789033781053891000,3.69389111328125,-7.494320392608643,0.3684946894645691,3.335594654083252
1789033781063816400,3.70381640625,-6.714260101318359,5.077569484710693,6.647261142730713
1789033781073741800,3.713741943359375,-5.422136306762695,0.7848458290100098,8.882157325744629
1789033781083667500,3.72366748046875,-4.685146808624268,-1.1772687435150146,7.704888820648193
1789033781093592800,3.7335927734375,-5.31685209274292,-1.7515461444854736,10.408778190612793
1789033781103518200,3.743518310546875,-0.7992027401924133,-5.407779216766357,11.327622413635254
1789033781113443800,3.75344384765625,2.5842485427856445,-9.934999465942383,14.763715744018555
1789033781123369200,3.763369140625,-2.0243279933929443,-9.370293617248535,12.658031463623047
1789033781133294600,3.773294677734375,-4.6995038986206055,-11.839686393737793,9.944570541381836
1789033781143220200,3.78322021484375,-13.189238548278809,-4.211368083953857,0.22013968229293823
1789033781153145600,3.7931455078125,-1.7276179790496826,-28.761728286743164,8.484949111938477
1789033781163071200,3.8030712890625,7.326822757720947,-3.2207393646240234,16.204195022583008
1789033781172996600,3.81299658203125,1.6941183805465698,-14.529218673706055,16.22812271118164
1789033781182922000,3.822921875,-0.8087740540504456,-13.217952728271484,15.77827262878418
1789033781192847600,3.83284765625,-2.3784656524658203,-15.787843704223633,12.806386947631836
1789033781202773000,3.84277294921875,-5.225924491882324,-12.787243843078613,11.289337158203125
1789033781212698400,3.852698486328125,-5.527420520782471,-13.045668601989746,12.30389404296875
1789033781222624000,3.8626240234375,-5.446064472198486,-10.98305606842041,14.093725204467773
1789033781232549400,3.87254931640625,-6.613761901855469,-10.715060234069824,12.902099609375
1789033781242474800,3.882474853515625,-7.905886173248291,-11.303693771362305,11.935399055480957
1789033781252400400,3.892400390625,-3.627519130706787,-13.390235900878906,10.638489723205566
1789033781262325800,3.90232568359375,-1.2059825658798218,-12.715459823608398,9.968499183654785
1789033781272251400,3.91225146484375,-2.321038007736206,-11.327622413635254,11.672188758850098
1789033781282176800,3.9221767578125,-1.3112667798995972,-7.657032489776611,13.098311424255371
1789033781292102100,3.93210205078125,-2.0482561588287354,-10.246066093444824,9.647860527038574
1789033781302027800,3.94202783203125,-0.6843472719192505,-8.207381248474121,7.470392227172852
1789033781311953200,3.951953125,1.459621787071228,-5.704489231109619,14.141581535339355
1789033781321878500,3.96187841796875,10.202995300292969,-5.733202934265137,14.199009895324707
1789033781331804200,3.97180419921875,-21.391834259033203,2.5076780319213867,16.543975830078125
1789033781341729500,3.9817294921875,-11.006983757019043,3.7663028240203857,11.499905586242676
1789033781351655000,3.991655029296875,-10.13599681854248,1.430907964706421,11.68175983428955
1789033781361580500,4.00158056640625,-0.17228323221206665,2.287538528442383,13.552947044372559
1789033781371506000,4.011505859375,24.531217575073242,-3.201596736907959,5.5034918785095215
1789033781381431600,4.021431640625,-20.396419525146484,7.733603000640869,1.8185452222824097
1789033781391357000,4.03135693359375,-0.062213387340307236,5.623133182525635,6.144768714904785
1789033781401282300,4.0412822265625,0.5742774605751038,3.436093330383301,6.398407936096191
1789033781411208000,4.0512080078125,-3.7423746585845947,8.987442016601562,4.704289436340332
1789033781421133300,4.06113330078125,-4.6995038986206055,7.814958572387695,2.50289249420166
1789033781431058700,4.07105859375,-6.345765590667725,5.8719868659973145,3.1441688537597656
1789033781440984300,4.080984375,-2.909672260284424,5.06799840927124,3.0723843574523926
1789033781450909700,4.09090966796875,-2.2779672145843506,4.3788652420043945,1.277767300605774
1789033781460835000,4.1008349609375,-3.211168050765991,4.139583110809326,-0.43549370765686035
1789033781470760700,4.1107607421875,-4.106083869934082,4.876572608947754,-0.6843472719192505
1789033781480686000,4.12068603515625,-2.981456995010376,4.536791801452637,-1.3495519161224365
1789033781490611500,4.130611572265625,-3.3786656856536865,5.7858452796936035,-1.6462619304656982
1789033781500537000,4.140537109375,-2.124826431274414,6.441478729248047,2.1918256282806396
1789033781510462500,4.15046240234375,-4.924428939819336,5.723631858825684,2.2301106452941895
1789033781520388000,4.16038818359375,-7.752745151519775,2.4981069564819336,7.082755088806152
1789033781530313500,4.1703134765625,-9.298508644104004,3.8907296657562256,9.322437286376953
1789033781540238800,4.18023876953125,-3.972085475921631,-1.8089739084243774,20.559131622314453
1789033781550164500,4.19016455078125,-1.5840486288070679,-2.201396942138672,24.033510208129883
1789033781560089900,4.20008984375,1.8424733877182007,-13.270594596862793,19.807785034179688
1789033781570015200,4.21001513671875,-0.38285163044929504,-16.54876136779785,11.49512004852295
1789033781579940900,4.21994091796875,-0.8327022790908813,-18.644874572753906,10.691131591796875
1789033781589866200,4.2298662109375,-2.1535403728485107,-19.707286834716797,12.265608787536621
1789033781599791600,4.23979150390625,-2.445464849472046,-19.36750602722168,15.62991714477539
1789033781609717200,4.24971728515625,-2.100898265838623,-15.63948917388916,17.639888763427734
1789033781619642600,4.259642578125,-3.8668015003204346,-13.830514907836914,14.280365943908691
1789033781629568300,4.269568359375,-3.7471601963043213,-11.748759269714355,12.217752456665039
1789033781639493600,4.27949365234375,-3.5748770236968994,-10.317851066589355,9.408578872680664
1789033781649419000,4.2894189453125,-2.9862427711486816,-10.169496536254883,7.125825881958008
1789033781659344600,4.2993447265625,-3.775874137878418,-8.35573673248291,7.0061845779418945
1789033781669270000,4.30927001953125,-4.9052863121032715,-7.36032247543335,7.03489875793457
1789033781679195400,4.3191953125,-5.398207664489746,-6.4319071769714355,7.302894592285156
1789033781689121000,4.32912109375,-4.53200626373291,-5.723631858825684,6.446264266967773
1789033781699046400,4.33904638671875,-4.53200626373291,-5.723631858825684,6.446264266967773
1789033781710167000,4.3501669921875,-4.278367042541504,-10.39202880859375,1.674975872039795
1789033781720092400,4.360092529296875,-2.909672260284424,-13.246665954589844,-4.01037073135376
1789033781730017800,4.370017822265625,4.144368648529053,-19.312471389770508,-14.062618255615234
1789033781739943400,4.379943359375,11.219944953918457,-21.741186141967773,-13.426127433776855
1789033781749868800,4.389868896484375,7.377072334289551,-19.006189346313477,4.548755645751953
1789033781759794400,4.39979443359375,0.2847459018230438,-10.825129508972168,17.02971839904785
1789033781769719800,4.4097197265625,2.3234307765960693,-8.523234367370605,14.593825340270996
1789033781779645200,4.419645263671875,-0.8398807644844055,-7.247859954833984,13.25145149230957
1789033781789570800,4.42957080078125,-19.32443618774414,17.304893493652344,56.3701171875
1789033781799496200,4.43949609375,-12.263216018676758,4.78803825378418,30.384061813354492
1789033781809421600,4.449421630859375,-4.625326156616211,0.1339980661869049,12.710674285888672
1789033781819346700,4.4593466796875,-0.6939185857772827,5.127819061279297,15.524633407592773
1789033781829272300,4.469272216796875,-3.902693748474121,7.767102241516113,13.615160942077637
1789033781839197700,4.47919775390625,-5.663811206817627,8.508877754211426,10.411170959472656
1789033781849123000,4.489123046875,-5.546562671661377,8.193024635314941,10.054640769958496
1789033781859048700,4.499048583984375,-3.4719855785369873,6.240481376647949,7.152146816253662
1789033781868974000,4.50897412109375,-2.155933141708374,5.37906551361084,7.334001541137695
1789033781878899500,4.5188994140625,-1.9884356260299683,1.2969099283218384,4.319045066833496
1789033781888825000,4.5288251953125,-9.674181938171387,3.84765887260437,12.476177215576172
1789033781898750500,4.53875048828125,-8.702695846557617,1.2969099283218384,12.947563171386719
1789033781908675800,4.54867578125,-0.9810572862625122,-7.501499176025391,10.423135757446289
1789033781918601500,4.5586015625,0.8973084688186646,-12.117254257202148,6.673582553863525
1789033781928526800,4.56852685546875,-4.206582069396973,-13.612768173217773,7.8795647621154785
1789033781938452500,4.578452392578125,-2.785245656967163,-16.71147346496582,3.8572301864624023
1789033781948377900,4.5883779296875,-1.34476637840271,-18.979869842529297,0.9332008361816406
1789033781958303200,4.59830322265625,-3.452843189239502,-18.84108543395996,1.8352949619293213
1789033781968228600,4.608228515625,-7.015756130218506,-15.500704765319824,2.9838497638702393
1789033781978154200,4.618154296875,-1.5672988891601562,7.405786037445068,16.936399459838867
1789033781988079600,4.62807958984375,0.6340979933738708,-35.253456115722656,4.249652862548828
1789033781998005000,4.6380048828125,-4.785645484924316,-20.628524780273438,-8.93240737915039
1789033782007930600,4.6479306640625,-4.467400074005127,-15.945770263671875,3.981656789779663
1789033782017856000,4.65785595703125,-3.620340585708618,-12.52164077758789,7.0995049476623535
1789033782027781600,4.66778173828125,-4.297509670257568,-12.131610870361328,7.654639720916748
1789033782037707000,4.67770703125,-3.7088751792907715,-11.265409469604492,9.446864128112793
1789033782047632400,4.68763232421875,-3.1968109607696533,-9.970891952514648,9.21715259552002
1789033782057558000,4.69755810546875,-3.649054527282715,-8.248059272766113,9.755537986755371
1789033782067483400,4.7074833984375,-4.244867324829102,-6.647261142730713,5.726024627685547
1789033782077408800,4.71740869140625,-4.584648132324219,-3.4193434715270996,4.536791801452637
1789033782087334400,4.72733447265625,-5.340780258178711,-2.981456995010376,5.3934221267700195
1789033782097259800,4.737259765625,-4.9986066818237305,-3.9290146827697754,6.001199245452881
1789033782107185200,4.74718505859375,-3.562912940979004,-1.5984054803848267,7.7216386795043945
1789033782117110800,4.75711083984375,-0.08135596662759781,-3.996013879776001,8.030312538146973
1789033782127036200,4.7670361328125,-5.474778175354004,-3.4241292476654053,6.9104719161987305
1789033782136961500,4.77696142578125,-3.7495529651641846,-3.6370904445648193,7.015756130218506
1789033782146887200,4.78688720703125,-3.029313564300537,-3.830909013748169,7.685746192932129
1789033782156812500,4.7968125,-3.146561861038208,-4.42193603515625,7.3292155265808105
1789033782166738000,4.806738037109375,-2.9048867225646973,-4.634897232055664,6.975078105926514
1789033782176663600,4.81666357421875,-3.0891339778900146,-5.0703911781311035,6.118447303771973
1789033782186589000,4.8265888671875,-2.943171739578247,-5.398207664489746,5.699703693389893
1789033782196514300,4.836514404296875,-2.0650060176849365,-2.2779672145843506,6.374479293823242
1789033782206440000,4.84643994140625,-1.9597218036651611,-4.292723655700684,4.914857864379883
1789033782216365300,4.856365234375,-2.242074728012085,-4.278367042541504,5.8719868659973145
1789033782226290700,4.866290771484375,-3.452843189239502,-3.6849467754364014,5.824130535125732
1789033782236216300,4.87621630859375,-3.672982692718506,-3.814159393310547,6.400800704956055
1789033782246141700,4.8861416015625,-2.2325034141540527,-1.5601203441619873,5.79063081741333
1789033782256067000,4.896067138671875,-3.1202406883239746,5.979663848876953,6.072983741760254
1789033782265992700,4.90599267578125,-5.0225348472595215,11.126625061035156,4.555934429168701
1789033782275918000,4.91591796875,-4.563112735748291,13.586446762084961,4.371686935424805
1789033782285843500,4.925843505859375,-7.523034572601318,13.72523021697998,5.795416355133057
1789033782295769000,4.93576904296875,-16.15633773803711,-0.20099709928035736,3.201596736907959
1789033782305694500,4.945694580078125,-4.761716842651367,12.212966918945312,5.178068161010742
1789033782315619800,4.955619873046875,2.950350284576416,12.473784446716309,4.871787071228027
1789033782325545500,4.96554541015625,14.632110595703125,-32.96113204956055,4.460221290588379
1789033782335470800,4.975470947265625,-4.4721856117248535,-18.003597259521484,2.2396819591522217
1789033782345396500,4.985396484375,-8.889336585998535,29.27857780456543,4.043870449066162
1789033782355321900,4.99532177734375,-11.145768165588379,10.683953285217285,0.8662018179893494
1789033782365247200,5.005247314453125,1.9357935190200806,-17.32403564453125,2.7589244842529297
1789033782375172600,5.015172607421875,1.1988041400909424,-48.6269416809082,12.167503356933594
1789033782385098200,5.02509814453125,-15.017354965209961,-53.01777267456055,24.0670108795166
1789033782395023600,5.035023681640625,-3.34995174407959,-14.44068431854248,17.941383361816406
1789033782404949200,5.04494921875,-0.12203395366668701,-17.02971839904785,13.581661224365234
1789033782414874600,5.05487451171875,-1.100698471069336,-16.965112686157227,9.221938133239746
1789033782424800000,5.064800048828125,-4.541577339172363,-18.381664276123047,7.652246952056885
1789033782434725600,5.0747255859375,-5.726024627685547,-14.758930206298828,5.898307800292969
1789033782444651000,5.084651123046875,-4.615755081176758,-12.693923950195312,6.3529438972473145
1789033782454589700,5.094589599609375,-2.6081767082214355,-11.078768730163574,7.300501823425293
1789033782464515300,5.104515380859375,-0.5910272002220154,-9.726823806762695,6.589833736419678
1789033782474427400,5.114427490234375,1.765903115272522,-7.202396392822266,6.874579429626465
1789033782484352800,5.124352783203125,-3.0867412090301514,-6.3601226806640625,6.939185619354248
1789033782494278100,5.134278076171875,-3.5581271648406982,-5.371886730194092,6.671189308166504
1789033782504203800,5.144203857421875,-7.054041385650635,-4.6540398597717285,7.4847493171691895
1789033782514129200,5.154129150390625,-6.278766632080078,-2.4717857837677,7.427321434020996
1789033782524054800,5.1640546875,-4.500899314880371,-2.579462766647339,7.922635555267334
1789033782533980200,5.173980224609375,-2.9359934329986572,-3.744767427444458,8.197810173034668
1789033782543905500,5.183905517578125,-2.3736801147460938,-4.48414945602417,8.018348693847656
1789033782553831200,5.1938310546875,-2.7972097396850586,-4.981856822967529,7.762316703796387
1789033782563756500,5.203756591796875,-3.1345977783203125,-5.706881999969482,7.668996810913086
1789033782573682000,5.213681884765625,-2.9359934329986572,-6.175875186920166,7.726424217224121
1789033782583607600,5.223607666015625,-2.9048867225646973,-6.245266914367676,7.788637638092041
1789033782593533000,5.233532958984375,-3.0245277881622314,-6.369693756103516,7.82692289352417
1789033782603458300,5.243458251953125,-2.909672260284424,-6.230910301208496,7.7838521003723145
1789033782613384000,5.253384033203125,-2.416750907897949,-5.931807518005371,7.365108013153076
1789033782623309300,5.263309326171875,-1.9094724655151367,-5.6925249099731445,6.436692714691162
1789033782633234700,5.273234619140625,-2.2707886695861816,-5.795416355133057,6.154339790344238
1789033782643160000,5.28316015625,-2.988635540008545,-6.032305717468262,6.790830612182617
1789033782653085700,5.293085693359375,-3.656233072280884,-6.460621356964111,7.987242221832275
1789033782663011000,5.303010986328125,-2.940778970718384,-6.544369697570801,8.489734649658203
1789033782672936400,5.3129365234375,-2.1655044555664062,-6.896114826202393,7.9585280418396
1789033782682862000,5.322862060546875,-2.1128623485565186,-6.967899322509766,6.805187702178955
1789033782692787500,5.332787353515625,-2.902493953704834,-6.592226505279541,6.113661766052246
1789033782702713000,5.342713134765625,-2.9718856811523438,-6.080162525177002,6.173482418060303
1789033782712638500,5.352638427734375,-2.7804598808288574,-5.86002254486084,6.376872539520264
1789033782722564000,5.362564208984375,-2.6177480220794678,-5.764309883117676,6.860222339630127
1789033782732489500,5.372489501953125,-2.445464849472046,-5.836094379425049,7.1162543296813965
1789033782742414800,5.382414794921875,-2.3545374870300293,-6.068198204040527,7.238288402557373
1789033782752340200,5.39234033203125,-2.770888566970825,-6.276373863220215,7.300501823425293
1789033782762265900,5.402265869140625,-3.0340991020202637,-6.589833736419678,7.338787078857422
1789033782772191200,5.412191162109375,-3.046063184738159,-6.625725746154785,7.592426300048828
1789033782782116600,5.42211669921875,-2.65842604637146,-6.953542709350586,7.211967468261719
1789033782792042200,5.432042236328125,-2.4670002460479736,-6.965506553649902,6.618547439575195
1789033782801967600,5.441967529296875,-2.9838497638702393,-6.7310099601745605,6.295516490936279
1789033782811893200,5.451893310546875,-3.0939197540283203,-6.38883638381958,6.364908218383789
1789033782821818600,5.461818603515625,-2.675175666809082,-6.245266914367676,6.546762943267822
1789033782831744000,5.471743896484375,-2.5531418323516846,-6.159125328063965,6.996613502502441
1789033782841669400,5.48166943359375,-2.3952155113220215,-6.175875186920166,7.424928665161133
1789033782851595000,5.491594970703125,-2.7661030292510986,-6.369693756103516,7.314858913421631
1789033782861520400,5.501520263671875,-3.1657042503356934,-6.314659118652344,7.408178806304932
1789033782871446000,5.511446044921875,-3.1752755641937256,-6.197410583496094,7.369893550872803
1789033782881371400,5.521371337890625,-3.160918712615967,-5.874379634857178,7.501499176025391
1789033782891296800,5.531296875,-3.2518460750579834,-5.551348686218262,7.688138961791992
1789033782901222400,5.541222412109375,-3.266202926635742,-5.553741455078125,7.573283672332764
1789033782911147800,5.551147705078125,-3.2207393646240234,-5.592026710510254,7.331608772277832
1789033782921073200,5.5610732421875,-3.5150563716888428,-5.6925249099731445,7.417750358581543
1789033782930998800,5.570998779296875,-3.4911282062530518,-5.970092296600342,7.680960655212402
1789033782940924200,5.580924072265625,-3.218346357345581,-6.403193473815918,7.843672752380371
1789033782950849500,5.590849609375,-3.1824541091918945,-6.7621169090271,7.704888820648193
1789033782960775200,5.600775146484375,-3.13220477104187,-6.812366008758545,7.460821151733398
1789033782970700500,5.610700439453125,-4.206582069396973,-6.5874409675598145,7.8556365966796875
1789033782980626000,5.6206259765625,-4.785645484924316,-6.632904529571533,8.839086532592773
1789033782990551600,5.630551513671875,-3.8763725757598877,-6.757331371307373,9.643074989318848
1789033783000477000,5.640476806640625,-3.730410575866699,-6.953542709350586,9.868000984191895
1789033783010402300,5.65040234375,-3.0340991020202637,-7.101897716522217,8.461020469665527
1789033783020328000,5.660327880859375,-3.3332018852233887,-6.69990348815918,7.207181930541992
1789033783030253300,5.67025341796875,-3.9074792861938477,-5.881557941436768,7.03489875793457
1789033783040178700,5.6801787109375,-3.8261234760284424,-5.7858452796936035,6.960721015930176
1789033783050104300,5.690104248046875,-3.239881753921509,-5.831308841705322,6.857829570770264
1789033783060029700,5.70002978515625,-2.526820659637451,-5.670989513397217,6.52044153213501
1789033783069955000,5.709955078125,-2.407179594039917,-5.216353416442871,6.233303070068359
1789033783079880700,5.719880615234375,-2.5124638080596924,-5.053641319274902,6.089733600616455
1789033783089806000,5.72980615234375,-2.6177480220794678,-5.1876397132873535,6.5491557121276855
1789033783099731500,5.7397314453125,-2.6871397495269775,-5.723631858825684,6.960721015930176
1789033783109657000,5.749656982421875,-2.3018953800201416,-6.168696880340576,7.250252723693848
1789033783119582500,5.75958251953125,-2.2540390491485596,-6.446264266967773,7.1234331130981445
1789033783129508000,5.769508056640625,-2.6225335597991943,-6.491727828979492,6.807580471038818
1789033783139433500,5.77943359375,-2.775674343109131,-6.369693756103516,6.8482584953308105
1789033783149358800,5.78935888671875,-2.8283164501190186,-6.151947021484375,7.094718933105469
1789033783159284500,5.799284423828125,-3.136990547180176,-6.199803352355957,6.991827964782715
1789033783169209900,5.8092099609375,-3.108276605606079,-6.369693756103516,7.003791809082031
1789033783179135200,5.81913525390625,-3.428914785385132,-7.546962738037109,7.223931789398193
1789033783189060900,5.829060791015625,-3.7232320308685303,-8.549555778503418,8.063812255859375
1789033783198986200,5.838986328125,-3.9385859966278076,-8.908478736877441,9.207581520080566
1789033783208911600,5.84891162109375,-3.3930225372314453,-8.300702095031738,9.753145217895508
1789033783218837200,5.858837158203125,-2.6153552532196045,-7.3914289474487305,9.030512809753418
1789033783228762600,5.8687626953125,-3.4648072719573975,-6.297909259796143,7.814958572387695
1789033783238688000,5.87868798828125,-4.7712883949279785,-5.216353416442871,7.609176158905029
1789033783248613600,5.888613525390625,-4.6995038986206055,-4.634897232055664,8.001599311828613
1789033783258539000,5.8985390625,-3.5365917682647705,-4.890929698944092,8.118846893310547
1789033783268464400,5.90846435546875,-2.823530673980713,-5.352744102478027,7.994420528411865
1789033783278390000,5.91839013671875,-2.7828526496887207,-5.78345251083374,7.17368221282959
1789033783288315400,5.9283154296875,-3.9314076900482178,-6.104090690612793,6.345765590667725
1789033783298241000,5.938240966796875,-4.572684288024902,-6.238088607788086,6.190232276916504
1789033783308166400,5.94816650390625,-4.486542224884033,-5.941378593444824,6.585047721862793
1789033783318091800,5.958091796875,-3.335594654083252,-5.544169902801514,6.616154670715332
1789033783328017400,5.968017333984375,-2.3976082801818848,-5.546562671661377,6.238088607788086
1789033783337942800,5.97794287109375,-3.5341989994049072,-5.874379634857178,6.776473522186279
1789033783347868200,5.9878681640625,-5.1804609298706055,-6.166304111480713,9.09990406036377
1789033783357793500,5.99779345703125,-6.7621169090271,-7.668996810913086,12.79442310333252
1789033783367719200,6.00771923828125,-5.079962253570557,-9.53061294555664,14.423934936523438
1789033783377644500,6.01764453125,-3.656233072280884,-10.305887222290039,11.72004508972168
1789033783387570200,6.027570068359375,-3.9361932277679443,-10.535597801208496,7.561319351196289
1789033783397495600,6.03749560546875,-4.718646049499512,-9.805787086486816,5.312066078186035
1789033783407421000,6.0474208984375,-5.938985824584961,-8.549555778503418,5.489135265350342
1789033783417346600,6.0573466796875,-5.051248550415039,-7.338787078857422,7.130611419677734
1789033783427272000,6.06727197265625,-3.4719855785369873,-6.865008354187012,8.47298526763916
1789033783437197300,6.077197265625,-2.4430718421936035,-6.539584159851074,8.745766639709473
1789033783447123000,6.087123046875,-2.2707886695861816,-6.307480335235596,7.989634990692139
1789033783457048300,6.09704833984375,-1.97407865524292,-5.867201328277588,6.865008354187012
1789033783466973700,6.1069736328125,-2.4646072387695312,-5.443671703338623,5.283352375030518
1789033783476899300,6.1168994140625,-2.5124638080596924,-4.910071849822998,3.7567315101623535
1789033783486824700,6.12682470703125,-2.282752752304077,-4.316651821136475,2.706282377243042
1789033783496750300,6.136750244140625,-1.832902193069458,-3.2590243816375732,2.6368906497955322
1789033783506675700,6.14667578125,-2.0267207622528076,-2.2947168350219727,2.857030153274536
1789033783516601000,6.15660107421875,-2.981456995010376,-2.287538528442383,3.4432718753814697
1789033783526526700,6.166526611328125,-3.4002010822296143,-2.8522446155548096,4.529613494873047
1789033783536452000,6.1764521484375,-2.723032236099243,-3.452843189239502,5.795416355133057
1789033783546377500,6.18637744140625,-2.00518536567688,-3.2590243816375732,7.133004188537598
1789033783556303000,6.19630322265625,-2.321038007736206,-3.5126636028289795,7.223931789398193
1789033783566228500,6.206228515625,-1.7587246894836426,-5.020142078399658,6.664011001586914
1789033783576153900,6.21615380859375,-2.940778970718384,-5.709274768829346,7.769495010375977
1789033783586079500,6.22607958984375,-5.651846885681152,-5.185246467590332,10.52363395690918
1789033783596004900,6.2360048828125,-6.6831536293029785,-6.463014125823975,12.44985580444336
1789033783605930500,6.245930419921875,-4.488935470581055,-8.346165657043457,11.69133186340332
1789033783615855900,6.25585595703125,-2.7661030292510986,-8.149953842163086,9.018548965454102
1789033783625781200,6.26578125,-4.41475772857666,-5.862415313720703,7.592426300048828
1789033783635707000,6.275706787109375,-7.324429988861084,-4.589433670043945,7.688138961791992
1789033783645632300,6.28563232421875,-7.082755088806152,-4.402793884277344,8.568697929382324
1789033783655557600,6.2955576171875,-3.1489546298980713,-5.876772403717041,8.338987350463867
1789033783665483300,6.305483154296875,-1.0600204467773438,-7.408178806304932,7.719245910644531
1789033783675408600,6.31540869140625,-2.053041934967041,-7.9489569664001465,7.070790767669678
1789033783685334000,6.325333984375,-4.328616142272949,-7.731209754943848,7.087540626525879
1789033783695259600,6.335259765625,-6.400800704956055,-7.51585578918457,6.946363925933838
1789033783705185000,6.34518505859375,-6.455835342407227,-8.173882484436035,6.8410797119140625
1789033783715110700,6.355110595703125,-3.737588882446289,-8.965906143188477,6.515655994415283
1789033783725036000,6.3650361328125,-1.0049854516983032,-8.3629150390625,5.058426856994629
1789033783734961400,6.37496142578125,-1.3519448041915894,-6.254838466644287,3.9601213932037354
1789033783744887000,6.384886962890625,-4.108476638793945,-4.845465660095215,4.350151538848877
1789033783754812400,6.3948125,-6.0610198974609375,-4.60139799118042,6.69990348815918
1789033783764737800,6.40473779296875,-4.405186653137207,-5.441278457641602,9.377471923828125
1789033783774663400,6.414663330078125,-0.20338992774486542,-7.525427341461182,9.56889820098877
1789033783784588800,6.4245888671875,0.019142581149935722,-8.664410591125488,7.027719974517822
1789033783794514200,6.43451416015625,-3.077169895172119,-8.260024070739746,4.175475597381592
1789033783804439800,6.444439697265625,-5.166104316711426,-6.786045074462891,3.1345977783203125
1789033783814365200,6.454365234375,-2.5196423530578613,-5.97727108001709,1.7850457429885864
1789033783824290800,6.464290771484375,-0.760917603969574,-5.240281581878662,0.6939185857772827
1789033783834216200,6.47421630859375,-2.416750907897949,-4.287938117980957,1.0001999139785767
1789033783844141600,6.4841416015625,-3.689732551574707,-3.924229145050049,2.706282377243042
1789033783854067200,6.494067138671875,-4.163511276245117,-4.374079704284668,6.175875186920166
1789033783863992600,6.50399267578125,-4.575077056884766,-5.623133182525635,9.69093132019043
1789033783873918000,6.51391796875,-4.218546390533447,-6.948757171630859,12.483355522155762
1789033783883843600,6.523843505859375,-3.3236305713653564,-7.5637125968933105,12.744173049926758
1789033783893769000,6.53376904296875,-4.426722049713135,-8.030312538146973,11.133803367614746
1789033783903694300,6.5436943359375,-5.656632900238037,-8.02791976928711,9.824930191040039
1789033783913620000,6.553619873046875,-6.4079790115356445,-7.456035137176514,10.585846900939941
1789033783923545300,6.56354541015625,-6.056233882904053,-6.876972198486328,10.14317512512207
1789033783933470700,6.573470703125,-6.120840549468994,-6.300302028656006,10.047462463378906
1789033783943396400,6.583396240234375,-5.759523868560791,-5.9437713623046875,9.279366493225098
1789033783953321700,6.59332177734375,-4.986642360687256,-5.953342914581299,7.642675399780273
1789033783963247400,6.603247314453125,-4.216153621673584,-6.338587284088135,6.551548480987549
1789033783973172700,6.6131728515625,-3.814159393310547,-6.829115867614746,6.424728870391846
1789033783983098000,6.62309814453125,-3.9146578311920166,-7.171289443969727,7.288537979125977
1789033783993023700,6.633023681640625,-4.515256404876709,-7.575676441192627,8.599804878234863
1789033784002949000,6.64294921875,-5.134997367858887,-7.83410120010376,9.779465675354004
1789033784012874500,6.65287451171875,-5.101497650146484,-7.970492362976074,9.695717811584473
1789033784022800100,6.662800048828125,-6.049055576324463,-8.719446182250977,9.274580955505371
1789033784032725500,6.6727255859375,-5.941378593444824,-8.774480819702148,8.367700576782227
1789033784042651000,6.68265087890625,-4.790431022644043,-8.331808090209961,7.551748275756836
1789033784052576500,6.692576416015625,-4.163511276245117,-7.441678524017334,7.905886173248291
1789033784062502000,6.702501953125,-3.792623996734619,-6.4941205978393555,8.82233715057373
1789033784072427500,6.712427490234375,-3.5748770236968994,-5.960521221160889,9.992427825927734
1789033784082353000,6.722352783203125,-3.9672999382019043,-5.898307800292969,11.028519630432129
1789033784092278300,6.7322783203125,-4.591826438903809,-6.089733600616455,10.861021995544434
1789033784102204000,6.742203857421875,-4.661218643188477,-6.187839508056641,9.994820594787598
1789033784112129300,6.75212939453125,-4.125226020812988,-6.317051887512207,9.221938133239746
1789033784122055000,6.762054931640625,-3.830909013748169,-6.123233318328857,8.858229637145996
1789033784131980300,6.771980224609375,-4.051048755645752,-5.838487148284912,8.894122123718262
1789033784141905700,6.78190576171875,-4.680361270904541,-5.493920803070068,8.973084449768066
1789033784151831300,6.791831298828125,-5.276174068450928,-5.395814895629883,9.315258979797363
1789033784161756700,6.801756591796875,-5.6685967445373535,-5.38624382019043,9.58325481414795
1789033784171682000,6.81168212890625,-5.584847927093506,-5.678168296813965,9.506684303283691
1789033784181607700,6.821607666015625,-4.845465660095215,-5.60399055480957,9.128618240356445
1789033784191533000,6.831532958984375,-4.192225456237793,-5.627918720245361,8.207381248474121
1789033784201458400,6.84145849609375,-3.046063184738159,-5.5345988273620605,7.109076023101807
1789033784211384000,6.851384033203125,-2.3306093215942383,-4.876572608947754,6.3529438972473145
1789033784221309400,6.861309326171875,-2.3545374870300293,-4.053441524505615,5.642275810241699
1789033784231235000,6.871235107421875,-2.7349963188171387,-2.8833513259887695,5.304887771606445
1789033784241160400,6.881160400390625,-3.2829527854919434,-2.9862427711486816,4.534399032592773
1789033784251085800,6.8910859375,-3.4911282062530518,-2.9551360607147217,4.388436794281006
1789033784261011500,6.901011474609375,-4.12761926651001,-2.847458839416504,4.299902439117432
1789033784270936800,6.910936767578125,-3.2757742404937744,-2.6081767082214355,4.084548473358154
1789033784280862200,6.9208623046875,-2.2468605041503906,-1.246660590171814,4.646861553192139
1789033784290787800,6.930787841796875,-2.6057839393615723,-2.912065267562866,3.077169895172119
1789033784300713200,6.940713134765625,-4.216153621673584,-2.4047868251800537,4.3310089111328125
1789033784310638600,6.950638671875,-5.264209747314453,-1.4141582250595093,5.714060306549072
1789033784320564200,6.960564208984375,-4.579862594604492,-1.4117653369903564,6.142375946044922
1789033784330489600,6.970489501953125,-3.3714871406555176,-1.9166508913040161,5.838487148284912
1789033784340415200,6.980415283203125,-3.077169895172119,-2.4191436767578125,4.914857864379883
1789033784350340600,6.990340576171875,-3.366701364517212,-2.5076780319213867,3.9696927070617676
1789033784360266000,7.000265869140625,-3.9936211109161377,-2.3497519493103027,3.493520975112915
1789033784370191600,7.010191650390625,-4.297509670257568,-1.643869161605835,3.314059257507324
1789033784380117000,7.020116943359375,-4.264009952545166,-1.031306505203247,3.3882367610931396
1789033784390042600,7.030042724609375,-3.7184464931488037,-0.9020941257476807,3.641875982284546
1789033784399968000,7.039968017578125,-2.3856441974639893,-1.4141582250595093,3.517449378967285
1789033784409893400,7.049893310546875,-2.2851455211639404,-1.8496519327163696,3.783052682876587
1789033784419818800,7.05981884765625,-3.5198421478271484,-1.7539390325546265,4.926821708679199
1789033784429744400,7.069744384765625,-4.4243292808532715,-1.490728497505188,6.1710896492004395
1789033784439669800,7.079669677734375,-4.261617183685303,-1.466800332069397,6.340980052947998
1789033784449595400,7.089595458984375,-3.8811583518981934,-1.7994025945663452,5.661418437957764
1789033784459520800,7.099520751953125,-3.3403804302215576,-2.337787628173828,4.941178798675537
1789033784469446100,7.109446044921875,-3.139383316040039,-2.8450660705566406,4.730610370635986
1789033784479371800,7.119371826171875,-3.713660717010498,-3.005385160446167,5.474778175354004
1789033784489297200,7.129297119140625,-4.144368648529053,-2.902493953704834,6.996613502502441
1789033784499222800,7.139222900390625,-4.060619831085205,-3.311666488647461,8.047062873840332
1789033784509148200,7.149148193359375,-4.398007869720459,-4.199403762817383,8.585447311401367
1789033784519073500,7.159073486328125,-4.680361270904541,-5.091926574707031,9.09990406036377
1789033784528999200,7.168999267578125,-4.534399032592773,-6.025127410888672,9.521040916442871
1789033784538924500,7.178924560546875,-4.529613494873047,-6.721438884735107,9.734002113342285
1789033784548850200,7.18885009765625,-4.374079704284668,-7.133004188537598,9.609575271606445
1789033784558775600,7.198775634765625,-4.2281174659729,-7.085147857666016,9.343972206115723
1789033784568701000,7.208700927734375,-3.452843189239502,-7.219145774841309,9.030512809753418
1789033784578626600,7.21862646484375,-3.2829527854919434,-7.386643409729004,8.666803359985352
1789033784588552000,7.228552001953125,-4.132404804229736,-7.3292155265808105,8.824729919433594
1789033784598477300,7.238477294921875,-5.1876397132873535,-6.781259536743164,10.023533821105957
1789033784608403000,7.24840283203125,-4.886143684387207,-6.661618232727051,10.77248764038086
1789033784618328300,7.258328369140625,-3.1824541091918945,-7.015756130218506,9.994820594787598
1789033784628253700,7.268253662109375,-2.368894338607788,-7.513463020324707,8.35573673248291
1789033784638179300,7.278179443359375,-3.2135608196258545,-7.22871732711792,6.948757171630859
1789033784648104700,7.288104736328125,-4.989035129547119,-6.0777692794799805,7.152146816253662
1789033784658030300,7.2980302734375,-5.812166213989258,-5.223531723022461,7.850851058959961
1789033784667955700,7.307955810546875,-4.8574299812316895,-5.146961688995361,9.097511291503906
1789033784677881000,7.317881103515625,-4.177868366241455,-6.111268997192383,10.420742988586426
1789033784687806700,7.327806640625,-4.876572608947754,-7.025327205657959,11.011770248413086
1789033784697732000,7.337732177734375,-4.649254322052002,-7.322037220001221,11.236695289611816
1789033784707657700,7.34765771484375,-4.060619831085205,-7.331608772277832,10.870593070983887
1789033784717583000,7.3575830078125,-3.7160534858703613,-7.314858913421631,9.418149948120117
1789033784727508500,7.367508544921875,-3.845266103744507,-6.922435760498047,8.470592498779297
1789033784737434000,7.37743408203125,-4.840680122375488,-6.376872539520264,8.279166221618652
1789033784747359500,7.387359375,-5.814558982849121,-5.962913990020752,8.831908226013184
1789033784757284900,7.397284912109375,-6.032305717468262,-6.3601226806640625,9.281759262084961
1789033784767210500,7.40721044921875,-5.757131099700928,-6.905686378479004,9.157332420349121
1789033784777135900,7.417135986328125,-5.917450428009033,-6.9822564125061035,8.719446182250977
1789033784787061500,7.4270615234375,-7.365108013153076,-6.4510498046875,9.243474006652832
1789033784796987000,7.43698681640625,-5.781059741973877,-6.223731517791748,9.667003631591797
1789033784806912300,7.446912353515625,-2.6249263286590576,-5.757131099700928,10.470992088317871
1789033784816838000,7.456837890625,0.45942193269729614,-5.680561065673828,9.774680137634277
1789033784826763300,7.46676318359375,1.7204394340515137,-6.654439926147461,7.250252723693848
1789033784836688600,7.476688720703125,0.5312066078186035,-7.8388872146606445,5.2043890953063965
1789033784846614300,7.4866142578125,-2.3976082801818848,-7.597211837768555,5.374279499053955
1789033784856539600,7.49653955078125,-4.902893543243408,-6.7932233810424805,6.331408500671387
1789033784866465300,7.50646533203125,-5.903093338012695,-5.982056617736816,7.085147857666016
1789033784876390700,7.516390625,-6.185446739196777,-5.4556355476379395,7.917850017547607
1789033784886316000,7.52631591796875,-5.66620397567749,-5.362315654754639,8.71226692199707
1789033784896241700,7.53624169921875,-4.515256404876709,-5.374279499053955,9.078369140625
1789033784906167000,7.5461669921875,-3.7782669067382812,-5.8097734451293945,9.597611427307129
1789033784916092700,7.5560927734375,-2.5076780319213867,-6.3529438972473145,10.6624174118042
1789033784926018000,7.56601806640625,-1.5170495510101318,-6.515655994415283,11.880364418029785
1789033784935943400,7.575943359375,-0.6125625967979431,-6.3361945152282715,11.753544807434082
1789033784945869000,7.585869140625,-0.727418065071106,-6.252445697784424,10.935199737548828
1789033784955794400,7.59579443359375,-3.761517286300659,-6.527620315551758,8.707481384277344
1789033784965719800,7.6057197265625,-5.32403039932251,-5.764309883117676,7.869993686676025
1789033784975645400,7.6156455078125,-6.235695838928223,-5.017749309539795,7.444071292877197
1789033784985570800,7.62557080078125,-6.922435760498047,-4.460221290588379,7.317251682281494
1789033784995496200,7.63549609375,-7.070790767669678,-4.247260093688965,7.618747234344482
1789033785005421800,7.645421875,-6.288337707519531,-4.278367042541504,8.441878318786621
1789033785015347200,7.65534716796875,-5.099104881286621,-4.388436794281006,9.580862045288086
1789033785025272800,7.66527294921875,-3.4576287269592285,-4.764110088348389,10.614561080932617
1789033785035198200,7.6751982421875,-2.2779672145843506,-5.065605640411377,11.382657051086426
1789033785045123600,7.68512353515625,-2.3401806354522705,-5.8337016105651855,10.64088249206543
1789033785055049200,7.69504931640625,-3.1896326541900635,-6.130411624908447,9.260223388671875
1789033785064974600,7.704974609375,-4.285545349121094,-5.883950710296631,8.073383331298828
1789033785074900200,7.714900146484375,-4.7401814460754395,-5.280959606170654,6.570691108703613
1789033785084825600,7.72482568359375,-3.3954153060913086,-4.505684852600098,5.589633464813232
1789033785094751000,7.7347509765625,-1.2610175609588623,-3.9601213932037354,5.0225348472595215
1789033785104676600,7.744676513671875,-0.5288137793540955,-3.603590965270996,5.077569484710693
1789033785114602000,7.75460205078125,-1.9716858863830566,-3.2925238609313965,5.132604598999023
1789033785124527400,7.76452734375,-3.7567315101623535,-3.077169895172119,4.718646049499512
1789033785134453000,7.774452880859375,-3.8021950721740723,-2.423929452896118,4.35254430770874
1789033785144378400,7.78437841796875,-2.8283164501190186,-3.0412776470184326,3.3403804302215576
1789033785154303700,7.7943037109375,-2.833101987838745,-2.510071039199829,4.383651256561279
1789033785164229400,7.8042294921875,-2.6009981632232666,-2.833101987838745,4.304687976837158
1789033785174154800,7.81415478515625,-2.4670002460479736,-2.7804598808288574,3.950550079345703
1789033785184080400,7.824080322265625,-3.043670415878296,-2.3473589420318604,3.4719855785369873
1789033785194005800,7.834005859375,-2.7517459392547607,-2.5076780319213867,3.0652058124542236
1789033785203931100,7.84393115234375,-3.5605201721191406,-1.155733346939087,3.8763725757598877
1789033785213856800,7.853856689453125,-3.081955671310425,-1.459621787071228,4.0797624588012695
1789033785223782100,7.8637822265625,-2.801995277404785,-1.5361921787261963,4.4482574462890625
1789033785233707800,7.873707763671875,-3.431307554244995,-1.6558332443237305,4.73300313949585
1789033785243633200,7.883633056640625,-4.0079779624938965,-1.7012969255447388,4.965106964111328
1789033785253558500,7.89355859375,-3.5198421478271484,-2.1296122074127197,5.142175674438477
1789033785263484200,7.903484130859375,-3.211168050765991,-2.4502503871917725,5.436492919921875
1789033785273409500,7.913409423828125,-3.3858439922332764,-2.7804598808288574,5.599205017089844
1789033785283335000,7.9233349609375,-4.232903480529785,-2.816352367401123,5.764309883117676
1789033785293260500,7.933260498046875,-4.661218643188477,-2.8737800121307373,5.79780912399292
1789033785303186000,7.94318603515625,-4.505684852600098,-2.9551360607147217,6.013163089752197
1789033785313111300,7.953111328125,-4.3549370765686035,-3.1250264644622803,6.3122663497924805
1789033785323037000,7.963036865234375,-4.01037073135376,-3.469592809677124,6.594619274139404
1789033785332962300,7.97296240234375,-3.3714871406555176,-4.182653903961182,6.5491557121276855
1789033785342888000,7.982887939453125,-3.3643085956573486,-4.680361270904541,6.788437843322754
1789033785352813300,7.992813232421875,-4.323830604553223,-4.9363932609558105,7.439285755157471
1789033785362738700,8.00273876953125,-5.4867424964904785,-5.087141036987305,8.214560508728027
1789033785372664300,8.012664306640625,-5.9437713623046875,-5.335994720458984,8.817551612854004
1789033785382589700,8.022589599609375,-5.271388053894043,-5.888736724853516,9.128618240356445
1789033785392515000,8.03251513671875,-4.529613494873047,-6.419943332672119,9.241081237792969
1789033785402440700,8.042440673828125,-3.25663161277771,-6.781259536743164,9.157332420349121
1789033785412366000,8.052365966796875,-2.801995277404785,-7.231110095977783,8.918049812316895
1789033785422291500,8.06229150390625,-2.9934210777282715,-7.45364236831665,8.669196128845215
1789033785432217000,8.072217041015625,-3.6370904445648193,-7.542177200317383,8.738588333129883
1789033785442142500,8.082142578125,-4.180261135101318,-7.133004188537598,9.008976936340332
1789033785452068000,8.092068115234374,-4.309473514556885,-6.685546398162842,9.248259544372559
1789033785461993500,8.101993408203125,-3.8835511207580566,-6.412764549255371,9.09272575378418
1789033785471918800,8.1119189453125,-3.7878382205963135,-6.259624004364014,9.030512809753418
1789033785481844500,8.121844482421874,-3.893122434616089,-6.309873104095459,8.915657043457031
1789033785491769900,8.131769775390625,-3.586841106414795,-6.740581512451172,8.542376518249512
1789033785501695500,8.141695556640625,-4.153940200805664,-6.604190349578857,8.516056060791016
1789033785511620900,8.151620849609374,-4.508078098297119,-6.290730953216553,9.09272575378418
1789033785521546200,8.161546142578125,-4.086941242218018,-6.498906135559082,9.56650447845459
1789033785531472000,8.171471923828125,-4.084548473358154,-7.135396957397461,9.549755096435547
1789033785541397200,8.181397216796874,-3.9601213932037354,-7.499105930328369,9.492327690124512
1789033785551322600,8.191322509765625,-3.809373617172241,-7.585247993469238,9.789037704467773
1789033785561248300,8.201248291015625,-3.8907296657562256,-7.456035137176514,10.109675407409668
1789033785571173600,8.211173583984374,-3.9529430866241455,-7.0923261642456055,10.119247436523438
1789033785581099000,8.22109912109375,-3.8979079723358154,-6.774080753326416,10.00439167022705
1789033785591024600,8.231024658203125,-3.9625144004821777,-6.5252275466918945,9.592825889587402
1789033785600950000,8.240949951171874,-4.319045066833496,-6.295516490936279,9.329615592956543
1789033785610875600,8.250875732421875,-4.089334011077881,-6.2189459800720215,9.042476654052734
1789033785620801000,8.260801025390625,-4.039084434509277,-6.2428741455078125,8.784051895141602
1789033785630726400,8.270726318359374,-4.455435752868652,-6.3122663497924805,8.6907320022583
1789033785640652000,8.280652099609375,-4.9531426429748535,-6.654439926147461,8.707481384277344
1789033785650577400,8.290577392578125,-4.852644443511963,-6.915257453918457,8.295916557312012
1789033785660502800,8.300502685546874,-4.333401679992676,-6.58265495300293,7.858029365539551
1789033785670428400,8.310428466796875,-3.579662561416626,-6.175875186920166,7.307680130004883
1789033785680353800,8.320353759765625,-2.4981069564819336,-5.9676995277404785,6.965506553649902
1789033785690279200,8.330279052734374,-1.770688772201538,-5.905486106872559,6.8482584953308105
1789033785708935700,8.348935791015625,-2.5220351219177246,-5.551348686218262,7.503891944885254
1789033785718861000,8.358861083984374,-2.9766714572906494,-5.556134223937988,7.848458290100098
1789033785728786400,8.368786376953125,-3.9146578311920166,-6.015556335449219,8.475378036499023
1789033785738712000,8.378712158203125,-3.895515203475952,-6.226124286651611,9.016156196594238
1789033785748637400,8.388637451171874,-3.445664644241333,-6.350551128387451,9.355937004089355
1789033785758562800,8.398562744140625,-3.0628130435943604,-6.551548480987549,9.781859397888184
1789033785768488400,8.408488525390625,-3.0484559535980225,-6.776473522186279,10.461421012878418
1789033785778413800,8.418413818359374,-3.081955671310425,-6.809973239898682,10.494919776916504
1789033785788339500,8.42833935546875,-2.770888566970825,-6.508477687835693,10.164710998535156
1789033785798264800,8.438264892578125,-2.7278177738189697,-6.211767673492432,9.485149383544922
1789033785808190200,8.448190185546874,-2.775674343109131,-5.733202934265137,9.42772102355957
1789033785818115800,8.45811572265625,-3.9625144004821777,-5.675775527954102,8.695517539978027
1789033785828041200,8.468041259765625,-5.312066078186035,-5.996413707733154,8.37966537475586
1789033785837966600,8.477966552734374,-5.97727108001709,-6.178267955780029,8.537590980529785
1789033785847892200,8.487892333984375,-5.3694939613342285,-6.297909259796143,8.63330364227295
1789033785857817600,8.497817626953125,-4.455435752868652,-6.340980052947998,8.666803359985352
1789033785867743000,8.507742919921874,-4.048655986785889,-6.197410583496094,8.609375953674316
1789033785877668600,8.517668701171875,-3.8811583518981934,-5.8959150314331055,8.556734085083008
1789033785887594000,8.527593994140625,-3.78544545173645,-5.752345561981201,8.236095428466797
1789033785897519600,8.53751953125,-3.5844483375549316,-5.608776092529297,7.269395351409912
1789033785907445000,8.547445068359375,-3.201596736907959,-5.029713153839111,7.240681171417236
1789033785917370400,8.557370361328125,-3.211168050765991,-4.59421968460083,7.690532207489014
1789033785927296000,8.5672958984375,-3.2829527854919434,-4.3788652420043945,7.776673793792725
1789033785937221400,8.577221435546875,-3.4552359580993652,-3.9433717727661133,7.542177200317383
1789033785947146800,8.587146728515625,-3.407379388809204,-3.407379388809204,6.685546398162842
1789033785957072400,8.597072265625,-3.10109806060791,-3.4743785858154297,5.876772403717041
1789033785966997800,8.606997802734375,-2.053041934967041,-3.627519130706787,4.785645484924316
1789033785976923100,8.616923095703125,-0.8997012972831726,-3.187239646911621,4.393222332000732
1789033785986848800,8.626848876953124,-1.2251251935958862,-2.517249345779419,4.479363918304443
1789033785996774100,8.636774169921875,-2.794816732406616,-2.196611166000366,4.6995038986206055
1789033786006699500,8.646699462890625,-3.8428730964660645,-2.5124638080596924,4.3788652420043945
1789033786016625200,8.656625244140624,-3.263810157775879,-2.56510591506958,4.948357105255127
1789033786026550500,8.666550537109375,-2.210968017578125,-2.9718856811523438,4.498506546020508
1789033786036476200,8.67647607421875,-2.0721843242645264,-2.416750907897949,4.498506546020508
1789033786046401500,8.686401611328124,-2.0673987865448,-2.1056840419769287,4.077369689941406
1789033786056327000,8.696326904296875,-2.799602508544922,-1.8472590446472168,3.4025938510894775
1789033786066252500,8.70625244140625,-3.3403804302215576,-1.679761528968811,3.3068809509277344
1789033786076178000,8.716177978515624,-3.862015724182129,-1.5026925802230835,4.374079704284668
1789033786086103300,8.726103271484375,-4.058227062225342,-1.430907964706421,5.2354960441589355
1789033786096029000,8.73602880859375,-3.6610186100006104,-1.679761528968811,5.584847927093506
1789033786105954300,8.745954345703124,-2.775674343109131,-2.053041934967041,5.010570526123047
1789033786115879700,8.755879638671875,-2.699103832244873,-2.3306093215942383,4.54636287689209
1789033786125805300,8.765805419921875,-3.1202406883239746,-2.6847469806671143,4.268795490264893
1789033786135730700,8.775730712890624,-3.8189449310302734,-2.761317253112793,4.60857629776001
1789033786145656300,8.78565625,-4.077369689941406,-2.9383862018585205,5.015356063842773
1789033786155581700,8.795581787109375,-3.8907296657562256,-2.909672260284424,5.680561065673828
1789033786165507000,8.805507080078126,-3.8524444103240967,-2.967100143432617,6.211767673492432
1789033786175432700,8.8154326171875,-4.106083869934082,-3.1106693744659424,6.92482852935791
1789033786185358000,8.825358154296875,-4.6372904777526855,-3.2303106784820557,7.901100158691406
1789033786195283500,8.835283447265626,-4.814359188079834,-3.8907296657562256,8.461020469665527
1789033786205209000,8.845208984375,-4.512863636016846,-4.804787635803223,8.858229637145996
1789033786215134500,8.855134521484375,-4.249652862548828,-5.742774486541748,8.973084449768066
1789033786225059800,8.865059814453126,-4.273581027984619,-6.221338748931885,9.21715259552002
1789033786234985500,8.8749853515625,-4.321437835693359,-6.608976364135742,8.786444664001465
1789033786244910800,8.884910888671875,-4.158725738525391,-6.891329288482666,8.446663856506348
1789033786254836500,8.89483642578125,-3.9050865173339844,-6.867401123046875,8.374878883361816
1789033786264761900,8.904761962890625,-3.8428730964660645,-6.671189308166504,8.394021987915039
1789033786274687200,8.914687255859375,-3.4121651649475098,-6.594619274139404,8.906085968017578
1789033786284612900,8.92461279296875,-2.919243574142456,-6.7621169090271,9.126225471496582
1789033786294538200,8.934538330078125,-2.493321180343628,-6.872186660766602,9.049654960632324
1789033786304463600,8.944463623046875,-2.1678972244262695,-6.671189308166504,8.475378036499023
1789033786314389200,8.95438916015625,-2.809173822402954,-6.278766632080078,8.303094863891602
1789033786324314600,8.964314697265625,-3.7950167655944824,-5.8337016105651855,8.537590980529785
1789033786334240000,8.974239990234375,-4.565505504608154,-5.335994720458984,8.724231719970703
1789033786344165400,8.984165283203126,-3.82373046875,-5.283352375030518,9.298508644104004
1789033786354090800,8.9940908203125,-3.3786656856536865,-6.029912948608398,9.140582084655762
1789033786364016400,9.004016357421875,-3.3403804302215576,-6.733402729034424,9.159725189208984
1789033786373941800,9.013941650390626,-2.68953275680542,-7.025327205657959,9.494720458984375
1789033786383867100,9.0238671875,-3.0245277881622314,-7.288537979125977,9.461220741271973
1789033786393792500,9.03379248046875,-3.88594388961792,-7.221538543701172,9.55214786529541
1789033786403718000,9.0437177734375,-4.613361835479736,-6.86261510848999,9.446864128112793
1789033786413643300,9.053643310546875,-4.603790760040283,-6.704689025878906,9.150154113769531
1789033786423569000,9.06356884765625,-4.364508628845215,-6.522834300994873,9.198010444641113
1789033786433494300,9.073494384765626,-4.67078971862793,-6.551548480987549,9.839286804199219
1789033786443419600,9.083419677734375,-4.402793884277344,-7.154539585113525,10.432706832885742
1789033786453345300,9.09334521484375,-3.8907296657562256,-7.781459331512451,10.265209197998047
1789033786463270700,9.103270751953126,-3.3882367610931396,-7.934599876403809,9.69093132019043
1789033786473196000,9.113196044921875,-3.3643085956573486,-7.676175117492676,8.762516975402832
1789033786483121700,9.12312158203125,-3.1680972576141357,-7.331608772277832,8.02074146270752
1789033786493047000,9.133047119140626,-3.5844483375549316,-7.178467750549316,7.618747234344482
1789033786502972700,9.14297265625,-4.4410786628723145,-7.527820110321045,7.714460372924805
1789033786512898000,9.15289794921875,-4.551148891448975,-7.4225358963012695,7.848458290100098
1789033786522823400,9.162823486328126,-4.297509670257568,-7.269395351409912,8.049455642700195
1789033786532749000,9.1727490234375,-4.393222332000732,-7.168896675109863,7.762316703796387
1789033786542674400,9.18267431640625,-3.656233072280884,-7.073183536529541,6.963113784790039
1789033786552599800,9.192599853515626,-2.526820659637451,-6.8865437507629395,7.312466144561768
1789033786562525400,9.202525390625,-1.9812572002410889,-6.283552169799805,8.059026718139648
1789033786572450800,9.212450927734375,-1.698904037475586,-6.120840549468994,7.9250288009643555
1789033786582376200,9.222376220703126,-1.7419748306274414,-6.269195556640625,7.1162543296813965
1789033786592301800,9.2323017578125,-1.8664016723632812,-6.374479293823242,6.489335060119629
1789033786602227200,9.242227294921875,-2.187039852142334,-6.331408500671387,6.072983741760254
1789033786612152800,9.25215283203125,-2.6464617252349854,-5.953342914581299,6.226124286651611
1789033786622078200,9.262078125,-3.201596736907959,-5.412564754486084,7.0683979988098145
1789033786632003600,9.272003662109375,-4.153940200805664,-5.536991596221924,7.628318786621094
1789033786641929200,9.28192919921875,-4.508078098297119,-5.881557941436768,8.188239097595215
1789033786651854600,9.2918544921875,-3.594019651412964,-5.862415313720703,8.207381248474121
1789033786661780000,9.301780029296875,-3.311666488647461,-5.355136871337891,8.657232284545898
1789033786671705600,9.31170556640625,-3.4025938510894775,-5.173282623291016,9.025727272033691
1789033786681631000,9.321630859375,-3.7184464931488037,-4.9435715675354,9.442078590393066
1789033786691556400,9.331556396484375,-4.54636287689209,-5.230710506439209,9.322437286376953
1789033786701482000,9.34148193359375,-4.938786029815674,-5.608776092529297,9.135796546936035
1789033786711407400,9.351407470703125,-4.742574691772461,-6.029912948608398,8.82951545715332
1789033786721333000,9.3613330078125,-4.7952165603637695,-6.044270038604736,9.312865257263184
1789033786731258400,9.37125830078125,-4.742574691772461,-6.116054534912109,10.021141052246094
1789033786741183700,9.381183837890624,-4.292723655700684,-6.20219612121582,10.925628662109375
1789033786751109400,9.391109375,-3.900300979614258,-6.355337142944336,11.212766647338867
1789033786761034800,9.40103466796875,-3.7806596755981445,-6.561119556427002,10.96869945526123
1789033786770960100,9.410960205078124,-3.579662561416626,-6.26440954208374,10.542776107788086
1789033786780885800,9.4208857421875,-3.2063822746276855,-5.9437713623046875,9.796216011047363
1789033786790811100,9.43081103515625,-2.8666014671325684,-5.723631858825684,9.073583602905273
1789033786800736500,9.440736572265624,-3.1106693744659424,-5.565705299377441,8.413164138793945
1789033786810662100,9.450662109375,-3.493520975112915,-5.106283664703369,7.4847493171691895
1789033786820587500,9.46058740234375,-3.6705899238586426,-4.412364959716797,6.183053493499756
1789033786830513200,9.47051318359375,-2.9144580364227295,-3.871587038040161,4.570291042327881
1789033786840438500,9.4804384765625,-2.249253273010254,-2.861815929412842,3.814159393310547
1789033786850364000,9.490364013671876,-1.5409778356552124,-3.3068809509277344,2.579462766647339
1789033786860289500,9.50028955078125,-1.8472590446472168,-2.282752752304077,3.617947816848755
1789033786870215000,9.51021484375,-2.550748825073242,-1.8185452222824097,4.431507587432861
1789033786880140300,9.520140380859376,-3.2063822746276855,-2.0865414142608643,4.555934429168701
1789033786890066000,9.53006591796875,-3.0340991020202637,-2.7038896083831787,4.125226020812988
1789033786899991300,9.5399912109375,-2.3018953800201416,-2.7661030292510986,3.8907296657562256
1789033786909916700,9.549916748046876,-2.675175666809082,-2.4119651317596436,3.7710886001586914
1789033786919842300,9.55984228515625,-3.4983067512512207,-1.789831280708313,4.07258415222168
1789033786929767700,9.569767578125,-3.177668571472168,-2.1822543144226074,3.6370904445648193
1789033786939693300,9.579693359375,-2.56510591506958,-2.493321180343628,3.2446675300598145
1789033786949618700,9.58961865234375,-2.7900311946868896,-2.4885356426239014,3.0963125228881836
1789033786959544000,9.5995439453125,-3.3164522647857666,-2.076970100402832,3.728017568588257
1789033786969469700,9.6094697265625,-3.8285162448883057,-1.545763373374939,4.823930263519287
1789033786979395000,9.61939501953125,-3.7710886001586914,-1.5984054803848267,5.575276851654053
1789033786989320400,9.629320556640625,-3.2303106784820557,-2.2205393314361572,5.637490272521973
1789033786999246000,9.63924609375,-2.943171739578247,-2.9718856811523438,5.513063430786133
1789033787009171500,9.64917138671875,-2.8187451362609863,-3.445664644241333,5.575276851654053
1789033787019096800,9.659096923828125,-3.297309637069702,-3.4791641235351562,5.953342914581299
1789033787029022500,9.6690224609375,-3.8572301864624023,-3.2207393646240234,6.254838466644287
1789033787038947800,9.67894775390625,-4.249652862548828,-3.005385160446167,6.5419769287109375
1789033787048873500,9.68887353515625,-4.627718925476074,-2.6560330390930176,7.149754047393799
1789033787058798800,9.698798828125,-4.618147850036621,-2.775674343109131,7.905886173248291
1789033787068724200,9.70872412109375,-3.8285162448883057,-3.4743785858154297,8.346165657043457
1789033787078649900,9.71864990234375,-2.6560330390930176,-4.3070807456970215,8.484949111938477
1789033787088575200,9.7285751953125,-2.335394859313965,-5.2737812995910645,8.346165657043457
1789033787098500600,9.73850048828125,-3.091526746749878,-5.9198431968688965,8.432307243347168
1789033787108426200,9.74842626953125,-3.996013879776001,-6.374479293823242,8.542376518249512
1789033787118351600,9.7583515625,-4.651647090911865,-6.709474563598633,8.34138011932373
1789033787128277000,9.768277099609374,-4.039084434509277,-6.695117950439453,7.8388872146606445
1789033787138202600,9.77820263671875,-3.019742250442505,-6.8865437507629395,7.456035137176514
1789033787148128000,9.7881279296875,-2.770888566970825,-6.920042991638184,7.489534854888916
1789033787158053400,9.798053466796874,-4.1347975730896,-7.149754047393799,9.030512809753418
1789033787167979000,9.80797900390625,-5.06799840927124,-7.6043901443481445,11.12183952331543
1789033787177904400,9.817904296875,-3.0005996227264404,-8.470592498779297,11.241480827331543
1789033787187830000,9.827830078125,-2.5986053943634033,-8.982656478881836,10.26042366027832
1789033787197755400,9.83775537109375,-3.617947816848755,-8.551948547363281,9.91107177734375
1789033787207680800,9.8476806640625,-4.541577339172363,-7.810173034667969,9.164510726928711
1789033787217606400,9.8576064453125,-5.000999450683594,-6.3840508460998535,9.820143699645996
1789033787227531800,9.86753173828125,-2.5938198566436768,-5.752345561981201,9.121439933776855
1789033787237457200,9.87745703125,-2.2396819591522217,-5.699703693389893,7.5326056480407715
1789033787247382800,9.8873828125,-2.6943182945251465,-5.905486106872559,6.608976364135742
1789033787257308200,9.89730810546875,-2.56510591506958,-5.8337016105651855,6.5419769287109375
1789033787267233500,9.907233642578126,-2.5220351219177246,-6.10169792175293,7.288537979125977
1789033787277159200,9.9171591796875,-2.9766714572906494,-6.345765590667725,7.216753005981445
1789033787287084500,9.92708447265625,-3.239881753921509,-6.5419769287109375,7.436892986297607
1789033787297010200,9.93701025390625,-3.5126636028289795,-6.618547439575195,8.169096946716309
1789033787306935600,9.946935546875,-3.728017568588257,-6.455835342407227,9.332008361816406
1789033787316861000,9.95686083984375,-3.680161237716675,-6.072983741760254,10.107282638549805
1789033787326786600,9.96678662109375,-3.4025938510894775,-5.905486106872559,10.71984577178955
1789033787336712000,9.9767119140625,-3.1345977783203125,-6.020341873168945,10.317851066589355
1789033787346637300,9.98663720703125,-3.28773832321167,-6.16391134262085,10.06421184539795
1789033787356563000,9.99656298828125,-3.5461630821228027,-6.26440954208374,9.997213363647461
1789033787366488300,10.00648828125,-3.737588882446289,-6.455835342407227,9.997213363647461
1789033787376413700,10.01641357421875,-4.029513359069824,-6.69990348815918,9.55214786529541
1789033787386339300,10.02633935546875,-4.019941806793213,-6.963113784790039,8.70508861541748
1789033787396264700,10.0362646484375,-3.680161237716675,-7.183253765106201,7.326822757720947
1789033787406190300,10.0461904296875,-3.28773832321167,-7.17368221282959,6.9344000816345215
1789033787416115700,10.05611572265625,-2.60339093208313,-7.0061845779418945,7.039684295654297
1789033787426041000,10.066041015625,-2.7804598808288574,-6.623332977294922,7.164111137390137
1789033787435966700,10.075966796875,-2.56510591506958,-6.403193473815918,7.1162543296813965
1789033787445892000,10.08589208984375,-2.115255117416382,-6.3361945152282715,7.451249599456787
1789033787455817500,10.0958173828125,-2.445464849472046,-6.833901405334473,7.944170951843262
1789033787465743000,10.1057431640625,-3.421736478805542,-7.073183536529541,8.700303077697754
1789033787475668500,10.11566845703125,-3.641875982284546,-7.240681171417236,9.499505996704102
1789033787485593900,10.12559375,-3.1250264644622803,-7.269395351409912,9.90149974822998
1789033787495519500,10.13551953125,-2.526820659637451,-7.288537979125977,10.078569412231445
1789033787505444900,10.14544482421875,-2.6368906497955322,-7.240681171417236,9.77707290649414
1789033787515370500,10.15537060546875,-2.943171739578247,-7.11146879196167,9.422935485839844
1789033787525295900,10.1652958984375,-3.201596736907959,-6.819544315338135,9.18843936920166
1789033787535221200,10.17522119140625,-4.211368083953857,-6.178267955780029,9.035298347473145
1789033787545147000,10.18514697265625,-5.13021183013916,-5.828916072845459,9.073583602905273
1789033787555072300,10.195072265625,-4.589433670043945,-5.642275810241699,9.399007797241211
1789033787564997600,10.20499755859375,-3.4983067512512207,-5.465207099914551,9.638289451599121
1789033787574923300,10.21492333984375,-2.7517459392547607,-5.623133182525635,9.17886734008789
1789033787584848600,10.2248486328125,-2.053041934967041,-6.010770320892334,8.427521705627441
1789033787594774000,10.23477392578125,-2.1535403728485107,-6.369693756103516,7.786244869232178
1789033787604699600,10.24469970703125,-3.8572301864624023,-6.690331935882568,7.795815944671631
1789033787614625000,10.254625,-5.958128452301025,-6.5180487632751465,8.652446746826172
1789033787624550700,10.264550537109375,-6.116054534912109,-6.010770320892334,9.250652313232422
1789033787634476000,10.27447607421875,-5.225924491882324,-5.513063430786133,9.781859397888184
1789033787644401400,10.2844013671875,-3.5270206928253174,-5.149354457855225,9.829715728759766
1789033787654327000,10.2943271484375,-2.234896421432495,-5.063212871551514,9.236295700073242
1789033787664252400,10.30425244140625,-1.521835207939148,-4.962714195251465,8.446663856506348
1789033787674177800,10.314177734375,-1.9764715433120728,-4.651647090911865,7.877171993255615
1789033787684103400,10.324103515625,-2.5220351219177246,-4.091726779937744,7.302894592285156
1789033787694028800,10.33402880859375,-3.1345977783203125,-3.589233875274658,6.647261142730713
1789033787703954200,10.3439541015625,-2.785245656967163,-3.4169507026672363,6.183053493499756
1789033787713879800,10.3538798828125,-1.923829436302185,-3.326023578643799,5.532206058502197
1789033787723805200,10.36380517578125,-1.459621787071228,-3.1441688537597656,4.938786029815674
1789033787733730800,10.373730712890625,-1.4165509939193726,-3.014956474304199,4.2592244148254395
1789033787743656200,10.38365625,-2.282752752304077,-3.029313564300537,3.651447296142578
1789033787753581600,10.39358154296875,-3.751945972442627,-2.5603201389312744,3.7232320308685303
1789033787763507200,10.403507080078125,-3.775874137878418,-1.7419748306274414,3.90987229347229
1789033787773432600,10.4134326171875,-2.335394859313965,-1.6175481081008911,4.709074974060059
1789033787783358000,10.42335791015625,-2.187039852142334,-1.698904037475586,5.230710506439209
1789033787793283600,10.43328369140625,-2.014756679534912,-2.5363919734954834,5.651846885681152
1789033787803209000,10.443208984375,-1.8711873292922974,-3.579662561416626,5.517848968505859
1789033787813134300,10.45313427734375,-2.517249345779419,-4.110869407653809,4.843072891235352
1789033787823060000,10.46306005859375,-4.153940200805664,-3.297309637069702,4.776073932647705
1789033787832985300,10.4729853515625,-5.091926574707031,-2.2779672145843506,4.847858905792236
1789033787842910700,10.48291064453125,-4.800002098083496,-1.947757601737976,4.7234320640563965
1789033787852836400,10.49283642578125,-3.6705899238586426,-1.8616160154342651,4.833501815795898
1789033787862761700,10.50276171875,-2.675175666809082,-1.947757601737976,5.3455657958984375
1789033787872687400,10.512687255859374,-1.923829436302185,-2.5124638080596924,5.867201328277588
1789033787882612700,10.52261279296875,-1.8855443000793457,-3.115455150604248,6.049055576324463
1789033787892538000,10.5325380859375,-2.282752752304077,-3.421736478805542,5.910272121429443
1789033787902463700,10.542463623046874,-3.2542388439178467,-3.5030922889709473,5.723631858825684
1789033787912389000,10.55238916015625,-4.106083869934082,-3.4265220165252686,5.800201892852783
1789033787922314500,10.562314453125,-4.168296813964844,-3.2925238609313965,6.125626087188721
1789033787932240100,10.572240234375,-3.972085475921631,-3.139383316040039,6.460621356964111
1789033787942165500,10.58216552734375,-3.4983067512512207,-3.3690943717956543,6.714260101318359
1789033787952091000,10.5920908203125,-2.5459632873535156,-3.933800458908081,6.939185619354248
1789033787962016300,10.602016357421874,-2.455035924911499,-4.53200626373291,7.216753005981445
1789033787971941600,10.611941650390625,-3.177668571472168,-4.977071285247803,7.886743545532227
1789033787981867000,10.621866943359375,-3.9529430866241455,-5.259424209594727,8.762516975402832
1789033787991792400,10.63179248046875,-4.42193603515625,-5.570491313934326,9.164510726928711
1789033788001718000,10.641718017578125,-3.8572301864624023,-5.972485542297363,9.403793334960938
1789033788011643400,10.651643310546875,-2.9623143672943115,-6.546762943267822,9.370293617248535
1789033788021568800,10.66156884765625,-3.263810157775879,-7.077969551086426,8.973084449768066
1789033788031494100,10.671494140625,-3.7423746585845947,-7.178467750549316,8.595019340515137
1789033788041419800,10.681419677734375,-3.809373617172241,-7.221538543701172,8.599804878234863
1789033788051345200,10.69134521484375,-3.407379388809204,-6.996613502502441,8.93958568572998
1789033788061270500,10.7012705078125,-3.4169507026672363,-7.0301127433776855,9.049654960632324
1789033788071196200,10.711196044921875,-2.5220351219177246,-7.336394309997559,9.087940216064453
1789033788081121500,10.72112158203125,-3.105883836746216,-6.8865437507629395,9.686145782470703
1789033788091047200,10.731047119140625,-3.704089403152466,-7.058826923370361,9.518648147583008
1789033788100972500,10.74097265625,-3.460021495819092,-7.264609336853027,9.475577354431152
1789033788110898000,10.75089794921875,-4.1347975730896,-7.178467750549316,10.236495018005371
1789033788120823600,10.760823486328125,-3.239881753921509,-6.9822564125061035,10.126425743103027
1789033788130749000,10.7707490234375,-2.4358935356140137,-6.69990348815918,9.66221809387207
1789033788140674300,10.78067431640625,-2.895315408706665,-6.661618232727051,9.67657470703125
1789033788150600000,10.790599853515625,-3.4265220165252686,-6.742974281311035,9.619147300720215
1789033788160525300,10.800525390625,-3.7423746585845947,-6.963113784790039,9.399007797241211
1789033788170450700,10.81045068359375,-3.9864425659179688,-7.17368221282959,9.585647583007812
1789033788180376300,10.820376220703125,-3.8189449310302734,-7.278966426849365,9.872786521911621
1789033788190301700,10.8303017578125,-3.1441688537597656,-6.963113784790039,9.623932838439941
1789033788200227000,10.84022705078125,-2.6225335597991943,-6.489335060119629,9.016156196594238
1789033788210152700,10.850152587890625,-2.775674343109131,-6.111268997192383,8.173882484436035
1789033788220078000,10.860078125,-3.421736478805542,-5.85284423828125,8.09252643585205
1789033788230003700,10.870003662109376,-3.814159393310547,-5.85284423828125,8.432307243347168
1789033788239929000,10.87992919921875,-3.565305709838867,-6.422336101531982,8.46580696105957
1789033788249854500,10.8898544921875,-2.957528829574585,-6.843472957611084,8.34138011932373
1789033788259780000,10.899780029296876,-3.5126636028289795,-7.312466144561768,8.283951759338379
1789033788269705500,10.90970556640625,-3.900300979614258,-7.470392227172852,8.432307243347168
1789033788279630800,10.919630859375,-3.507878065109253,-7.3986077308654785,8.46580696105957
1789033788289556500,10.929556396484376,-2.8187451362609863,-7.106683254241943,7.982456207275391
1789033788299481900,10.93948193359375,-2.4741785526275635,-6.929614543914795,7.178467750549316
1789033788309407200,10.9494072265625,-1.301695466041565,-6.604190349578857,6.843472957611084
1789033788319332900,10.959332763671876,-0.8470591902732849,-5.986842155456543,7.202396392822266
1789033788329258200,10.96925830078125,-1.4261223077774048,-5.599205017089844,7.676175117492676
1789033788339183900,10.979183837890625,-2.4023938179016113,-5.580062389373779,8.054241180419922
1789033788349109200,10.989109130859376,-3.177668571472168,-5.752345561981201,8.628518104553223
1789033788359034600,10.99903466796875,-3.2781670093536377,-5.953342914581299,8.96829891204834
1789033788368960300,11.008960205078125,-3.0484559535980225,-6.116054534912109,9.298508644104004
1789033788378885600,11.0188857421875,-2.172683000564575,-6.120840549468994,9.322437286376953
1789033788388811000,11.02881103515625,-1.923829436302185,-6.178267955780029,9.456435203552246
1789033788398736600,11.038736572265625,-2.282752752304077,-6.3601226806640625,9.298508644104004
1789033788408662000,11.048662109375,-2.3258235454559326,-6.427121639251709,9.193224906921387
1789033788418587400,11.05858740234375,-2.4885356426239014,-6.355337142944336,8.767302513122559
1789033788428513000,11.068512939453125,-2.9527430534362793,-6.063412666320801,8.513663291931152
1789033788438438400,11.0784384765625,-3.5461630821228027,-5.608776092529297,8.63330364227295
1789033788448364000,11.088364013671875,-4.8813581466674805,-5.489135265350342,9.513862609863281
1789033788458289400,11.098289306640625,-4.996213912963867,-5.828916072845459,10.169496536254883
1789033788468214800,11.10821484375,-3.713660717010498,-6.111268997192383,9.647860527038574
1789033788478140400,11.118140380859375,-3.10109806060791,-6.293123722076416,9.360722541809082
1789033788488065800,11.128065673828125,-3.153740167617798,-6.125626087188721,9.461220741271973
1789033788497991200,11.1379912109375,-3.713660717010498,-6.259624004364014,9.279366493225098
1789033788507916800,11.147916748046875,-3.5222349166870117,-6.403193473815918,8.82951545715332
1789033788517842200,11.15784228515625,-3.263810157775879,-6.226124286651611,8.906085968017578
1789033788527767600,11.167767578125,-3.005385160446167,-5.962913990020752,8.973084449768066
1789033788537693200,11.177693115234375,-3.2303106784820557,-5.848058700561523,8.647661209106445
1789033788547618600,11.18761865234375,-2.861815929412842,-5.623133182525635,8.154739379882812
1789033788557544200,11.197544189453126,-2.4837498664855957,-5.144568920135498,7.393822193145752
1789033788567469600,11.207469482421875,-2.115255117416382,-4.560719966888428,6.829115867614746
1789033788577395000,11.21739501953125,-1.3782658576965332,-3.7663028240203857,6.297909259796143
1789033788587320600,11.227320556640626,-1.4691931009292603,-2.9527430534362793,5.800201892852783
1789033788597246000,11.237245849609375,-2.148754835128784,-2.3880369663238525,5.292923450469971
1789033788607171300,11.24717138671875,-2.335394859313965,-2.359323024749756,4.967499732971191
1789033788617097000,11.257096923828126,-2.3976082801818848,-2.943171739578247,4.436293125152588
1789033788627022300,11.267022216796875,-1.8664016723632812,-3.2446675300598145,4.144368648529053
1789033788636947700,11.27694775390625,-2.6799614429473877,-2.809173822402954,4.287938117980957
1789033788646873300,11.286873291015626,-3.6227335929870605,-2.6560330390930176,4.828716278076172
1789033788656798700,11.296798828125,-3.5844483375549316,-2.957528829574585,4.957928657531738
1789033788666724400,11.306724365234375,-2.1296122074127197,-3.2590243816375732,4.7712883949279785
1789033788676649700,11.316649658203126,-1.5792629718780518,-3.4408788681030273,4.709074974060059
1789033788686575000,11.3265751953125,-2.249253273010254,-3.0101709365844727,5.000999450683594
1789033788696500700,11.336500732421875,-3.0340991020202637,-2.2205393314361572,5.13021183013916
1789033788706426000,11.346426025390626,-3.0005996227264404,-1.8759729862213135,5.024927616119385
1789033788716351500,11.3563515625,-3.105883836746216,-1.9046868085861206,4.996213912963867
1789033788726277000,11.366277099609375,-2.8761727809906006,-2.1104695796966553,5.048855781555176
1789033788736202500,11.376202392578126,-2.9527430534362793,-2.6703901290893555,5.111069202423096
1789033788746128000,11.3861279296875,-2.967100143432617,-2.9383862018585205,5.245067119598389
1789033788756053500,11.396053466796875,-3.043670415878296,-2.847458839416504,5.560919761657715
1789033788765979000,11.405978759765626,-3.2159535884857178,-2.895315408706665,5.905486106872559
1789033788775904500,11.415904541015625,-3.211168050765991,-2.885744094848633,6.206982135772705
1789033788785830000,11.425829833984375,-2.9958138465881348,-3.16331148147583,6.063412666320801
1789033788795755300,11.43575537109375,-3.105883836746216,-3.3308091163635254,6.116054534912109
1789033788805681000,11.445680908203125,-3.10109806060791,-3.493520975112915,6.522834300994873
1789033788815606300,11.455606201171875,-3.16331148147583,-3.651447296142578,7.054041385650635
1789033788825531600,11.46553173828125,-2.9623143672943115,-4.019941806793213,7.36032247543335
1789033788835457300,11.475457275390625,-2.9144580364227295,-4.603790760040283,7.503891944885254
1789033788845382700,11.485382568359375,-3.249453067779541,-5.015356063842773,7.791030406951904
1789033788855308000,11.49530810546875,-3.4791641235351562,-5.355136871337891,8.528019905090332
1789033788865233700,11.505233642578125,-3.4887354373931885,-5.407779216766357,9.322437286376953
1789033788875159000,11.515158935546875,-3.0245277881622314,-5.699703693389893,9.810572624206543
1789033788885084400,11.52508447265625,-3.105883836746216,-5.929414749145508,9.997213363647461
1789033788895010000,11.535010009765625,-3.139383316040039,-6.455835342407227,9.734002113342285
1789033788904935400,11.544935302734375,-3.129812002182007,-6.814758777618408,9.796216011047363
1789033788914861000,11.554861083984376,-3.1920254230499268,-6.829115867614746,9.781859397888184
1789033788924786400,11.564786376953125,-2.7326035499572754,-6.8004021644592285,9.585647583007812
1789033788934711800,11.5747119140625,-2.6608188152313232,-6.556334018707275,9.336793899536133
1789033788944637200,11.58463720703125,-2.0195422172546387,-6.527620315551758,9.09272575378418
1789033788954562600,11.5945625,-2.3401806354522705,-6.187839508056641,9.489934921264648
1789033788964488000,11.604488037109375,-3.2446675300598145,-5.594419479370117,10.327422142028809
1789033788974413600,11.61441357421875,-3.3930225372314453,-6.0538411140441895,9.91107177734375
1789033788984339000,11.6243388671875,-2.282752752304077,-6.781259536743164,9.116654396057129
1789033788994264300,11.634264404296875,-2.675175666809082,-7.269395351409912,8.877371788024902
1789033789004189700,11.644189697265626,-3.1728827953338623,-7.336394309997559,9.561718940734863
1789033789014115000,11.654114990234374,-2.172683000564575,-7.073183536529541,9.714859962463379
1789033789024040700,11.664040771484375,-2.2683959007263184,-6.9104719161987305,9.628718376159668
1789033789033966000,11.673966064453126,-2.8761727809906006,-6.891329288482666,9.633503913879395
1789033789043891500,11.683891357421874,-3.029313564300537,-6.728617191314697,9.580862045288086
1789033789053817000,11.693817138671875,-3.0484559535980225,-6.398407936096191,9.523433685302734
1789033789063742500,11.703742431640626,-2.6943182945251465,-6.273981094360352,9.418149948120117
1789033789073667800,11.713667724609374,-2.770888566970825,-5.905486106872559,9.442078590393066
1789033789083593500,11.723593505859375,-2.9144580364227295,-5.958128452301025,9.078369140625
1789033789093518800,11.733518798828126,-3.0005996227264404,-6.116054534912109,8.4562349319458
1789033789103444200,11.7434443359375,-2.9001009464263916,-6.4079790115356445,7.70967435836792
1789033789113369900,11.753369873046875,-2.8761727809906006,-6.302694797515869,7.3746795654296875
1789033789123295200,11.763295166015626,-3.311666488647461,-6.144768714904785,7.183253765106201
1789033789133220900,11.773220947265624,-3.517449378967285,-6.144768714904785,7.436892986297607
1789033789143146200,11.783146240234375,-3.8189449310302734,-6.269195556640625,8.25523853302002
1789033789153071600,11.793071533203126,-3.862015724182129,-6.757331371307373,9.523433685302734
1789033789162997200,11.802997314453124,-3.483949661254883,-7.221538543701172,10.346565246582031
1789033789172922600,11.812922607421875,-2.493321180343628,-7.36032247543335,10.217352867126465
1789033789182848000,11.822847900390625,-1.5553346872329712,-7.039684295654297,9.284152030944824
1789033789192773600,11.832773681640624,-1.3304094076156616,-6.8243303298950195,8.37966537475586
1789033789202699000,11.842698974609375,-0.6269195079803467,-6.675975322723389,7.6666035652160645
1789033789212624400,11.852624267578125,-0.46420758962631226,-6.3122663497924805,7.489534854888916
1789033789222550000,11.862550048828124,-1.2634103298187256,-6.068198204040527,7.3986077308654785
1789033789232475400,11.872475341796875,-2.3976082801818848,-6.159125328063965,7.609176158905029
1789033789242400800,11.88240087890625,-3.0388846397399902,-6.20219612121582,8.044670104980469
1789033789252326400,11.892326416015624,-3.1345977783203125,-6.049055576324463,8.331808090209961
1789033789262251800,11.902251708984375,-3.029313564300537,-5.757131099700928,8.958727836608887
1789033789272177400,11.912177490234376,-2.713460922241211,-5.694917678833008,9.30329418182373
1789033789282102800,11.922102783203124,-2.2683959007263184,-6.082555294036865,9.882357597351074
1789033789292028200,11.932028076171875,-2.311466693878174,-6.5180487632751465,10.097711563110352
1789033789301953800,11.941953857421876,-2.3880369663238525,-6.3601226806640625,10.29870891571045
1789033789311879200,11.951879150390624,-1.9860427379608154,-6.269195556640625,9.753145217895508
1789033789321804500,11.961804443359375,-1.679761528968811,-6.192625045776367,9.279366493225098
1789033789331730200,11.971730224609376,-3.10109806060791,-5.737988471984863,9.17886734008789
1789033789341655600,11.981655517578124,-4.216153621673584,-5.335994720458984,9.504291534423828
1789033789351581000,11.991580810546875,-4.445864677429199,-5.4556355476379395,8.776873588562012
1789033789361506600,12.001506591796876,-3.239881753921509,-5.891129493713379,7.6474609375
1789033789371432000,12.011431884765624,-2.6560330390930176,-5.848058700561523,7.197610378265381
1789033789381357600,12.021357666015625,-2.5076780319213867,-5.436492919921875,7.858029365539551
1789033789391283000,12.031282958984375,-2.68953275680542,-5.245067119598389,8.365307807922363
1789033789401208300,12.041208251953124,-2.943171739578247,-5.106283664703369,8.963513374328613
1789033789411134000,12.051134033203125,-2.8043880462646484,-5.2354960441589355,10.102497100830078
1789033789421059300,12.061059326171875,-2.6943182945251465,-5.637490272521973,9.930213928222656
1789033789430984700,12.070984619140624,-2.407179594039917,-5.637490272521973,9.049654960632324
1789033789440910300,12.080910400390625,-2.493321180343628,-5.422136306762695,8.169096946716309
1789033789450835700,12.090835693359375,-2.5363919734954834,-4.828716278076172,7.585247993469238
1789033789460761000,12.100760986328124,-2.0243279933929443,-4.187439441680908,7.23589563369751
1789033789470686700,12.110686767578125,-1.4787644147872925,-3.8763725757598877,6.9344000816345215
1789033789480612000,12.120612060546875,-1.8711873292922974,-3.8907296657562256,6.690331935882568
1789033789490537700,12.130537841796874,-2.6943182945251465,-4.000799655914307,6.235695838928223
1789033789500463000,12.140463134765625,-2.809173822402954,-3.8189449310302734,5.690132141113281
1789033789510388500,12.150388427734375,-2.7421748638153076,-3.263810157775879,5.584847927093506
1789033789520314000,12.160314208984374,-3.201596736907959,-3.0628130435943604,5.249852657318115
1789033789530239500,12.170239501953125,-2.8187451362609863,-2.8761727809906006,5.134997367858887
1789033789540164900,12.180164794921875,-1.6845471858978271,-2.799602508544922,4.713860511779785
1789033789550090500,12.190090576171874,-1.4213366508483887,-2.909672260284424,4.163511276245117
1789033789560016000,12.200015869140625,-1.5409778356552124,-2.770888566970825,3.814159393310547
1789033789569941200,12.209941162109375,-1.6414763927459717,-2.3976082801818848,3.933800458908081
1789033789579867000,12.219866943359374,-2.4837498664855957,-1.8855443000793457,4.4410786628723145
1789033789589792300,12.229792236328125,-2.6799614429473877,-1.8089739084243774,4.589433670043945
1789033789599718000,12.2397177734375,-2.6703901290893555,-1.8807586431503296,4.9292144775390625
1789033789609643300,12.249643310546874,-2.770888566970825,-2.0578274726867676,4.814359188079834
1789033789619568600,12.259568603515625,-2.823530673980713,-2.0099709033966064,5.221138954162598
1789033789629494300,12.269494384765625,-2.56510591506958,-2.3258235454559326,5.111069202423096
1789033789639419600,12.279419677734374,-2.675175666809082,-2.5938198566436768,5.1876397132873535
1789033789649345000,12.289344970703125,-2.833101987838745,-2.809173822402954,5.484349727630615
1789033789659270700,12.299270751953125,-3.311666488647461,-2.8187451362609863,5.9676995277404785
1789033789669196000,12.309196044921874,-3.5844483375549316,-2.823530673980713,6.604190349578857
1789033789679121400,12.319121337890625,-3.273381471633911,-3.029313564300537,6.97268533706665
1789033789689047000,12.329047119140625,-3.1920254230499268,-3.4025938510894775,7.470392227172852
1789033789698972400,12.338972412109374,-3.129812002182007,-3.775874137878418,7.752745151519775
1789033789708898000,12.34889794921875,-2.9048867225646973,-4.388436794281006,7.810173034667969
1789033789718823400,12.358823486328125,-2.7900311946868896,-4.991427898406982,7.618747234344482
1789033789728748800,12.368748779296874,-2.761317253112793,-5.350351333618164,7.652246952056885
1789033789738674400,12.37867431640625,-3.0580272674560547,-5.546562671661377,8.09252643585205
1789033789748599800,12.388599853515625,-3.029313564300537,-5.513063430786133,8.504091262817383
1789033789758525200,12.398525146484374,-2.991028308868408,-5.795416355133057,8.63330364227295
1789033789768450800,12.408450927734375,-2.5124638080596924,-5.9437713623046875,8.901300430297852
1789033789778376200,12.418376220703125,-2.5076780319213867,-6.211767673492432,8.791230201721191
1789033789788301600,12.428301513671874,-2.857030153274536,-6.345765590667725,8.523234367370605
1789033789798227200,12.438227294921875,-3.297309637069702,-6.412764549255371,8.819944381713867
1789033789808152600,12.448152587890625,-2.761317253112793,-6.537191390991211,9.193224906921387
1789033789818078200,12.458078125,-2.5746772289276123,-6.628118515014648,9.743574142456055
1789033789828003600,12.468003662109375,-2.4263222217559814,-6.771687984466553,9.796216011047363
1789033789837929000,12.477928955078125,-2.201396942138672,-6.977470874786377,9.78664493560791
1789033789847854600,12.4878544921875,-2.2205393314361572,-7.020541667938232,10.001998901367188
1789033789857780000,12.497780029296875,-2.311466693878174,-7.020541667938232,9.4660062789917
1789033789867705300,12.507705322265625,-3.4025938510894775,-7.0301127433776855,9.609575271606445
1789033789877631000,12.517630859375,-2.9144580364227295,-7.29810905456543,9.619147300720215
1789033789887556400,12.527556396484375,-2.579462766647339,-7.283751964569092,10.542776107788086
1789033789897481700,12.537481689453125,-1.588834285736084,-7.140182971954346,11.002198219299316
1789033789907407400,12.547407470703124,-1.28255295753479,-7.0301127433776855,10.571490287780762
1789033789917332700,12.557332763671875,-1.5026925802230835,-7.039684295654297,9.7005033493042
1789033789927258000,12.567258056640625,-2.062613010406494,-6.9822564125061035,9.10229778289795
1789033789937183700,12.577183837890624,-3.0723843574523926,-6.532405853271484,8.982656478881836
1789033789947109000,12.587109130859375,-3.1824541091918945,-6.144768714904785,9.030512809753418
1789033789957034800,12.59703466796875,-2.555534601211548,-6.154339790344238,8.767302513122559
1789033789966960000,12.606960205078124,-2.3641088008880615,-6.417550563812256,8.642875671386719
1789033789976885500,12.616885498046875,-2.3880369663238525,-6.532405853271484,8.61894702911377
1789033789986811100,12.62681103515625,-2.699103832244873,-6.441478729248047,8.676374435424805
1789033789996736500,12.636736572265624,-3.139383316040039,-6.20219612121582,8.714659690856934
1789033790006662000,12.646661865234375,-3.3068809509277344,-5.962913990020752,8.508877754211426
1789033790016587500,12.65658740234375,-3.067598581314087,-6.068198204040527,8.140382766723633
1789033790026513000,12.666512939453124,-2.9527430534362793,-6.393621921539307,8.236095428466797
1789033790036438300,12.676438232421875,-3.16331148147583,-6.709474563598633,9.159725189208984
1789033790046364000,12.686364013671875,-3.589233875274658,-6.939185619354248,10.456634521484375
1789033790056289300,12.696289306640624,-3.2207393646240234,-6.881757736206055,10.978270530700684
1789033790066215000,12.70621484375,-1.770688772201538,-6.546762943267822,10.470992088317871
1789033790076140300,12.716140380859375,-1.0145567655563354,-6.417550563812256,9.030512809753418
1789033790086065700,12.726065673828124,-0.12442677468061447,-6.8243303298950195,7.365108013153076
1789033790095991300,12.7359912109375,-0.3397808074951172,-6.8004021644592285,6.752545356750488
1789033790105916700,12.745916748046875,-0.3924229145050049,-6.63769006729126,6.7621169090271
1789033790115842000,12.755842041015624,-1.526620864868164,-6.269195556640625,7.609176158905029
1789033790125767700,12.765767578125,-2.455035924911499,-6.283552169799805,8.614161491394043
1789033790135693000,12.775693115234375,-3.129812002182007,-6.125626087188721,9.489934921264648
1789033790145618400,12.785618408203124,-2.809173822402954,-5.709274768829346,9.824930191040039
1789033790155543800,12.795543701171875,-2.249253273010254,-5.934200286865234,10.322636604309082
1789033790165469200,12.80546923828125,-2.0099709033966064,-6.144768714904785,10.370492935180664
1789033790175394600,12.81539453125,-2.210968017578125,-6.16391134262085,10.652846336364746
1789033790185320000,12.82531982421875,-2.3880369663238525,-6.3601226806640625,10.801201820373535
1789033790195245600,12.83524560546875,-2.0003998279571533,-6.226124286651611,10.801201820373535
1789033790205171000,12.8451708984375,-1.7324036359786987,-6.10169792175293,9.978070259094238
1789033790215096300,12.855096435546875,-1.8185452222824097,-5.9916276931762695,9.241081237792969
1789033790225021700,12.865021728515625,-1.8999011516571045,-5.54177713394165,8.767302513122559
1789033790234947300,12.874947265625,-3.680161237716675,-4.847858905792236,8.394021987915039
1789033790244872700,12.884872802734375,-5.125426292419434,-4.675575256347656,8.437092781066895
1789033790254798000,12.894798095703125,-5.048855781555176,-4.934000492095947,8.662017822265625
1789033790264723700,12.9047236328125,-3.651447296142578,-5.422136306762695,8.958727836608887
1789033790274649000,12.914649169921875,-1.8472590446472168,-5.905486106872559,9.32722282409668
1789033790284574700,12.92457470703125,-1.1437692642211914,-6.173482418060303,9.542576789855957
1789033790294500000,12.9345,-1.5696916580200195,-6.340980052947998,11.131410598754883
1789033790304425500,12.944425537109375,-2.5603201389312744,-6.374479293823242,10.939985275268555
1789033790314351000,12.95435107421875,-3.3930225372314453,-6.005984783172607,9.585647583007812
1789033790324276500,12.9642763671875,-3.397808074951172,-5.9676995277404785,8.2695951461792
1789033790334201900,12.974201904296875,-2.9862427711486816,-5.580062389373779,7.345965385437012
1789033790344127500,12.98412744140625,-2.335394859313965,-4.642076015472412,7.010970115661621
1789033790354052900,12.994052978515626,-1.8999011516571045,-4.120440483093262,6.604190349578857
1789033790363978200,13.003978271484375,-1.454836130142212,-3.895515203475952,6.369693756103516
1789033790373904000,13.01390380859375,-1.1150553226470947,-4.048655986785889,6.226124286651611
1789033790383829200,13.023829345703126,-0.8039883971214294,-3.8668015003204346,5.594419479370117
1789033790393754600,13.033754638671875,-1.1341979503631592,-3.321237802505493,5.522634506225586
1789033790403680300,13.04368017578125,-2.60339093208313,-2.9623143672943115,5.953342914581299
1789033790413605600,13.053605712890626,-2.909672260284424,-3.067598581314087,5.714060306549072
1789033790423531300,13.06353125,-2.0578274726867676,-3.2925238609313965,4.579862594604492
1789033790433456600,13.07345654296875,-1.0097711086273193,-3.335594654083252,3.483949661254883
1789033790443382000,13.083382080078126,-1.8089739084243774,-3.335594654083252,3.82373046875
1789033790453307600,13.0933076171875,-2.6560330390930176,-2.541177749633789,6.269195556640625
1789033790463233000,13.10323291015625,-2.6368906497955322,-2.1774685382843018,7.255038261413574
1789033790473158400,13.113158447265626,-2.172683000564575,-2.8761727809906006,6.551548480987549
1789033790483084000,13.123083984375,-1.789831280708313,-3.493520975112915,5.489135265350342
1789033790493009400,13.133009521484375,-2.5986053943634033,-3.3882367610931396,4.862215518951416
1789033790502934800,13.142934814453126,-3.4791641235351562,-2.5746772289276123,4.991427898406982
1789033790512860400,13.1528603515625,-3.249453067779541,-1.703689694404602,5.087141036987305
1789033790522785800,13.162785888671875,-2.6943182945251465,-1.4117653369903564,5.096712112426758
1789033790532711400,13.17271142578125,-2.287538528442383,-1.3926228284835815,5.364708423614502
1789033790542636800,13.18263671875,-2.1296122074127197,-1.7611174583435059,5.72841739654541
1789033790552562200,13.192562255859375,-1.9381862878799438,-2.5698914527893066,5.752345561981201
1789033790562487800,13.20248779296875,-2.1535403728485107,-3.4025938510894775,5.800201892852783
1789033790572413200,13.2124130859375,-2.6081767082214355,-3.6370904445648193,6.26440954208374
1789033790582338600,13.222338623046875,-3.1345977783203125,-3.5365917682647705,6.9104719161987305
1789033790592264200,13.23226416015625,-3.0867412090301514,-3.4025938510894775,7.465606689453125
1789033790602189600,13.242189453125,-2.847458839416504,-3.555734395980835,7.657032489776611
1789033790612115000,13.252114990234375,-2.421536445617676,-3.933800458908081,7.747959613800049
1789033790622239200,13.2622392578125,-2.8139593601226807,-4.6372904777526855,9.734002113342285
1789033790632363000,13.272363037109375,-3.5126636028289795,-5.259424209594727,11.475976943969727
1789033790642487000,13.282487060546876,-3.5222349166870117,-6.953542709350586,11.782258987426758
1789033790652611000,13.292611083984376,-2.9001009464263916,-8.236095428466797,11.408978462219238
1789033790662734800,13.30273486328125,-2.148754835128784,-8.714659690856934,10.73420238494873
1789033790672859000,13.31285888671875,-2.2444677352905273,-8.427521705627441,10.068997383117676
1789033790682983000,13.32298291015625,-2.4741785526275635,-7.676175117492676,9.604789733886719
1789033790693107000,13.33310693359375,-2.9527430534362793,-6.671189308166504,9.097511291503906
1789033790703230700,13.343230712890625,-2.7326035499572754,-6.010770320892334,8.719446182250977
1789033790713354800,13.353354736328125,-2.014756679534912,-5.986842155456543,8.140382766723633
1789033790723478500,13.363478515625,-1.2394821643829346,-6.379265308380127,7.637889862060547
1789033790733602600,13.3736025390625,-0.5168496966362,-6.4701924324035645,7.590033531188965
1789033790743726600,13.3837265625,-1.3591232299804688,-6.551548480987549,8.360522270202637
1789033790753850400,13.393850341796876,-1.8711873292922974,-6.283552169799805,9.317651748657227
1789033790763974400,13.403974365234374,-3.0580272674560547,-6.216553211212158,9.824930191040039
1789033790774098200,13.41409814453125,-3.187239646911621,-6.226124286651611,10.040284156799316
1789033790784222200,13.42422216796875,-1.5026925802230835,-6.034698486328125,9.504291534423828
1789033790794346000,13.434345947265625,-0.5790630578994751,-5.9676995277404785,8.819944381713867
1789033790804470000,13.444469970703125,-1.3399807214736938,-5.962913990020752,8.671588897705078
1789033790814593800,13.45459375,-1.7419748306274414,-5.8959150314331055,8.599804878234863
1789033790824717800,13.4647177734375,-1.9908283948898315,-5.886343479156494,8.331808090209961
1789033790834841600,13.474841552734375,-2.3976082801818848,-5.632704734802246,8.781659126281738
1789033790844965600,13.484965576171875,-2.699103832244873,-5.7858452796936035,8.973084449768066
1789033790855089400,13.49508935546875,-2.1535403728485107,-6.135197162628174,9.265008926391602
1789033790865213400,13.50521337890625,-1.9956140518188477,-6.455835342407227,9.585647583007812
1789033790875337200,13.515337158203126,-2.210968017578125,-6.680760860443115,9.877572059631348
1789033790885461200,13.525461181640624,-2.6321048736572266,-6.728617191314697,10.03549861907959
1789033790895585000,13.5355849609375,-3.263810157775879,-6.723831653594971,9.824930191040039
1789033790905709000,13.545708984375,-3.895515203475952,-6.891329288482666,9.872786521911621
1789033790915832800,13.555832763671875,-3.9625144004821777,-7.436892986297607,9.844072341918945
1789033790925956900,13.565956787109375,-3.78544545173645,-7.776673793792725,10.131211280822754
1789033790936080600,13.57608056640625,-2.4502503871917725,-7.733603000640869,10.078569412231445
1789033790946204700,13.58620458984375,-1.2586246728897095,-7.70967435836792,9.360722541809082
1789033790956328400,13.596328369140625,-1.3304094076156616,-7.63310432434082,8.796015739440918
1789033790966452500,13.606452392578126,-1.7467604875564575,-7.345965385437012,8.188239097595215
1789033790976576300,13.616576171875,-1.3399807214736938,-7.197610378265381,7.724031448364258
1789033790986700300,13.6267001953125,-0.9092726111412048,-7.121040344238281,7.590033531188965
1789033790996824000,13.636823974609374,-0.49292147159576416,-6.939185619354248,7.3746795654296875
1789033791006948000,13.646947998046874,-0.7322037220001221,-7.063612461090088,7.087540626525879
1789033791017071900,13.65707177734375,-1.459621787071228,-7.154539585113525,7.379465103149414
1789033791026997500,13.66699755859375,-2.794816732406616,-7.025327205657959,8.236095428466797
1789033791036923000,13.6769228515625,-3.4025938510894775,-6.403193473815918,9.236295700073242
1789033791046848300,13.68684814453125,-3.263810157775879,-5.704489231109619,9.714859962463379
1789033791056774000,13.69677392578125,-2.775674343109131,-5.216353416442871,10.04985523223877
1789033791066699300,13.70669921875,-2.0961127281188965,-5.412564754486084,9.379864692687988
1789033791076624600,13.716624755859375,-1.3639088869094849,-5.85284423828125,8.958727836608887
1789033791086550300,13.72655029296875,-0.7513462901115417,-5.862415313720703,9.078369140625
1789033791096475600,13.7364755859375,-0.5790630578994751,-5.4556355476379395,9.360722541809082
1789033791106401300,13.7464013671875,-1.3208380937576294,-4.972285270690918,9.719645500183105
1789033791116326700,13.75632666015625,-1.8616160154342651,-4.6372904777526855,9.686145782470703
1789033791126450700,13.76645068359375,-2.383251428604126,-4.575077056884766,8.772088050842285
1789033791136574500,13.776574462890625,-2.861815929412842,-4.67078971862793,7.542177200317383
1789033791146698500,13.786698486328126,-3.7088751792907715,-4.398007869720459,6.86261510848999
1789033791156822500,13.796822509765626,-4.656432628631592,-3.9433717727661133,7.1162543296813965
1789033791166946300,13.8069462890625,-4.622933387756348,-3.94815731048584,7.326822757720947
1789033791177070300,13.8170703125,-2.847458839416504,-4.235296249389648,7.36032247543335
1789033791187194400,13.8271943359375,-0.9667003750801086,-4.718646049499512,7.513463020324707
1789033791197318400,13.837318359375,-0.12921242415905,-4.7952165603637695,8.446663856506348
1789033791207442200,13.847442138671875,-0.4785645306110382,-4.890929698944092,9.805787086486816
1789033791217566200,13.857566162109375,-1.6462619304656982,-5.2115678787231445,11.461620330810547
1789033791227491800,13.867491943359376,-2.5363919734954834,-5.996413707733154,11.983255386352539
1789033791237417500,13.87741748046875,-3.105883836746216,-6.594619274139404,10.939985275268555
1789033791247342800,13.8873427734375,-3.431307554244995,-6.900900363922119,9.422935485839844
1789033791257268500,13.8972685546875,-2.9288148880004883,-6.297909259796143,8.197810173034668
1789033791267194000,13.907194091796875,-1.8089739084243774,-5.225924491882324,7.814958572387695
1789033791277119700,13.91711962890625,-1.0767701864242554,-3.445664644241333,8.116454124450684
1789033791287045000,13.927045166015626,-1.0959128141403198,-3.2207393646240234,7.168896675109863
1789033791296970800,13.936970703125,-1.9094724655151367,-3.814159393310547,6.111268997192383
1789033791306896400,13.946896484375,-1.9669002294540405,-3.972085475921631,5.340780258178711
1789033791316822000,13.956822021484374,-1.4787644147872925,-4.039084434509277,4.264009952545166
1789033791326747400,13.966747314453125,-2.3497519493103027,-3.775874137878418,3.8811583518981934
1789033791336672800,13.9766728515625,-2.7517459392547607,-2.1343977451324463,4.685146808624268
1789033791346598100,13.98659814453125,-1.7515461444854736,-1.4739787578582764,4.144368648529053
1789033791356523500,13.9965234375,-1.2729816436767578,-1.3304094076156616,3.483949661254883
1789033791366449000,14.006448974609375,-1.1724830865859985,-1.3926228284835815,3.6370904445648193
1789033791376374500,14.01637451171875,-1.3351950645446777,-2.0099709033966064,3.6705899238586426
1789033791386300000,14.0262998046875,-1.7994025945663452,-2.4885356426239014,3.981656789779663
1789033791396225300,14.036225341796875,-2.0578274726867676,-2.5363919734954834,4.890929698944092
1789033791406150700,14.046150634765626,-1.7276179790496826,-2.6799614429473877,5.498706340789795
1789033791416076000,14.056075927734375,-1.7850457429885864,-2.871387243270874,5.766702651977539
1789033791426001700,14.066001708984375,-2.746960401535034,-2.861815929412842,6.273981094360352
1789033791435927000,14.075927001953126,-3.10109806060791,-2.6464617252349854,6.3840508460998535
1789033791445852400,14.085852294921875,-2.9288148880004883,-2.4598217010498047,6.585047721862793
1789033791455778000,14.095778076171875,-2.196611166000366,-2.713460922241211,6.786045074462891
1789033791465703400,14.105703369140626,-1.2634103298187256,-3.483949661254883,6.628118515014648
1789033791475628800,14.11562890625,-1.2586246728897095,-3.651447296142578,7.154539585113525
1789033791485554400,14.125554443359375,-1.7467604875564575,-3.603590965270996,7.63310432434082
1789033791495479800,14.135479736328126,-2.8761727809906006,-3.517449378967285,8.015955924987793
1789033791505405400,14.145405517578125,-3.728017568588257,-3.5030922889709473,8.504091262817383
1789033791515330800,14.155330810546875,-3.7184464931488037,-3.838087558746338,8.848658561706543
1789033791525256200,14.165256103515626,-2.967100143432617,-4.316651821136475,9.169296264648438
1789033791535181800,14.175181884765625,-2.2157537937164307,-4.876572608947754,9.30329418182373
1789033791545107200,14.185107177734375,-1.6319050788879395,-5.3312087059021,9.207581520080566
1789033791555032600,14.195032470703126,-1.6893328428268433,-5.694917678833008,8.709874153137207
1789033791564958200,14.204958251953125,-2.3162522315979004,-5.886343479156494,8.307880401611328
1789033791574883600,14.214883544921875,-2.6703901290893555,-5.752345561981201,7.977670669555664
1789033791584809000,14.22480908203125,-2.407179594039917,-5.536991596221924,7.776673793792725
1789033791594734600,14.234734619140625,-2.3162522315979004,-5.350351333618164,8.188239097595215
1789033791604660000,14.244659912109375,-1.9812572002410889,-5.469992637634277,8.915657043457031
1789033791614585600,14.254585693359376,-2.6703901290893555,-6.168696880340576,9.791430473327637
1789033791624511000,14.264510986328125,-2.00518536567688,-7.168896675109863,10.753344535827637
1789033791634436400,14.274436279296875,-1.1102696657180786,-7.9585280418396,11.054841041564941
1789033791644361700,14.28436181640625,-1.612762451171875,-8.49452018737793,10.887343406677246
1789033791654287000,14.294287109375,-2.091326951980591,-8.599804878234863,10.863414764404297
1789033791664212500,14.30421240234375,-2.857030153274536,-8.336593627929688,10.576275825500488
1789033791674137900,14.314137939453126,-2.8809585571289062,-7.436892986297607,10.490134239196777
1789033791684063500,14.3240634765625,-1.526620864868164,-6.719046115875244,10.39920711517334
1789033791693988900,14.33398876953125,-1.3878371715545654,-6.786045074462891,10.303494453430176
1789033791703914200,14.343914306640626,-0.14356936514377594,-7.456035137176514,9.671789169311523
1789033791713839600,14.353839599609374,-1.7132610082626343,-7.456035137176514,10.322636604309082
1789033791723765000,14.363764892578125,-3.4791641235351562,-7.058826923370361,10.839486122131348
1789033791733690400,14.3736904296875,-2.2540390491485596,-6.3601226806640625,10.092926025390625
1789033791743616000,14.383615966796874,-1.3639088869094849,-6.556334018707275,8.489734649658203
1789033791753541400,14.393541259765625,-0.6317051649093628,-6.632904529571533,6.8004021644592285
1789033791763466800,14.403466796875,-0.9619147181510925,-5.986842155456543,6.173482418060303
1789033791773392100,14.41339208984375,-2.1774685382843018,-5.087141036987305,6.116054534912109
1789033791783317500,14.4233173828125,-2.8043880462646484,-4.632504463195801,6.106483459472656
1789033791793243000,14.433242919921875,-2.1535403728485107,-4.871787071228027,5.752345561981201
1789033791803168500,14.44316845703125,-1.2251251935958862,-5.412564754486084,5.249852657318115
1789033791813094000,14.453093994140625,-1.6558332443237305,-5.656632900238037,5.335994720458984
1789033791823019300,14.463019287109375,-2.7326035499572754,-5.742774486541748,6.297909259796143
1789033791832944600,14.472944580078124,-3.94815731048584,-5.718846321105957,8.087740898132324
1789033791842870000,14.4828701171875,-4.230510234832764,-6.259624004364014,9.351150512695312
1789033791852795400,14.49279541015625,-4.187439441680908,-6.585047721862793,10.48534870147705
1789033791862721000,14.502720947265624,-2.9527430534362793,-6.675975322723389,10.954341888427734
1789033791872646400,14.512646484375,-0.6556333899497986,-6.857829570770264,10.963912963867188
1789033791882571800,14.52257177734375,-0.40677985548973083,-6.661618232727051,11.557332992553711
1789033791892497200,14.5324970703125,-0.6508477330207825,-6.278766632080078,12.122039794921875
1789033791902422500,14.542422607421875,-0.9858429431915283,-6.03948450088501,11.490334510803223
1789033791912348000,14.552347900390625,-0.4450650215148926,-6.20219612121582,9.748359680175781
1789033791922273500,14.5622734375,0.22013968229293823,-6.666403770446777,7.9489569664001465
1789033791932199000,14.572198974609375,0.5359922647476196,-6.900900363922119,7.164111137390137
1789033791942124300,14.582124267578125,-0.4019941985607147,-6.9822564125061035,7.159325122833252
1789033791952050000,14.5920498046875,-1.6510475873947144,-6.948757171630859,7.432106971740723
1789033791961975300,14.601975341796875,-2.2636101245880127,-6.8004021644592285,7.728816986083984
1789033791971900700,14.611900634765625,-2.4406790733337402,-6.728617191314697,7.805387496948242
1789033791981826300,14.621826416015624,-3.3308091163635254,-6.7621169090271,8.260024070739746
1789033791991751700,14.631751708984375,-3.5222349166870117,-7.025327205657959,8.877371788024902
1789033792001677300,14.64167724609375,-3.3882367610931396,-6.465406894683838,10.04985523223877
1789033792011602700,14.651602783203124,-2.861815929412842,-5.9676995277404785,11.22233772277832
1789033792021528000,14.661528076171875,-2.282752752304077,-5.350351333618164,12.308679580688477
1789033792031453700,14.67145361328125,-1.6654045581817627,-5.350351333618164,12.490533828735352
1789033792041379000,14.681379150390624,-0.7417750358581543,-5.498706340789795,12.323036193847656
1789033792051304400,14.691304443359375,-0.2967100143432617,-5.714060306549072,11.686545372009277
1789033792061230000,14.70122998046875,-0.5742774605751038,-5.848058700561523,10.269994735717773
1789033792071155500,14.711155517578124,-1.852044701576233,-5.742774486541748,8.360522270202637
1789033792081080800,14.721080810546875,-3.311666488647461,-5.302495002746582,6.32662296295166
1789033792091006500,14.73100634765625,-4.53200626373291,-4.675575256347656,5.766702651977539
1789033792100931800,14.740931884765626,-5.144568920135498,-4.541577339172363,6.154339790344238
1789033792110857500,14.750857421875,-4.067798614501953,-4.680361270904541,6.742974281311035
1789033792120782800,14.760782958984375,-1.8807586431503296,-4.957928657531738,7.417750358581543
1789033792130708200,14.770708251953126,0.02392822690308094,-5.2977094650268555,7.791030406951904
1789033792140633600,14.780633544921875,0.2105683982372284,-5.3694939613342285,8.0350980758667
1789033792150559000,14.79055908203125,-0.23449662327766418,-5.4173502922058105,9.355937004089355
1789033792160484400,14.800484375,-1.5409778356552124,-5.446064472198486,8.556734085083008
1789033792170409700,14.81040966796875,-3.3164522647857666,-4.9292144775390625,7.63310432434082
1789033792180335000,14.820335205078125,-3.4887354373931885,-4.450650215148926,7.341179847717285
1789033792190260500,14.830260498046876,-2.124826431274414,-4.474578380584717,7.590033531188965
1789033792200185900,14.840185791015625,-0.5120640397071838,-4.488935470581055,7.77188777923584
1789033792210111000,14.850111083984375,-0.02871387079358101,-4.235296249389648,7.216753005981445
1789033792220036400,14.860036376953126,-1.124626636505127,-3.7328033447265625,6.738188743591309
1789033792229962000,14.8699619140625,-2.062613010406494,-3.4648072719573975,5.79063081741333
1789033792239887400,14.879887451171875,-2.5363919734954834,-3.1441688537597656,4.9531426429748535
1789033792249812700,14.889812744140626,-2.50289249420166,-2.4263222217559814,4.809573650360107
1789033792259738000,14.899738037109374,-1.5744773149490356,-1.8376877307891846,4.9435715675354
1789033792269663500,14.90966357421875,-0.8997012972831726,-1.9956140518188477,4.6995038986206055
1789033792279588900,14.9195888671875,-1.4404792785644531,-2.1918256282806396,4.737788677215576
1789033792289514500,14.929514404296874,-2.0482561588287354,-2.344966173171997,5.178068161010742
1789033792299439900,14.93943994140625,-2.062613010406494,-2.6703901290893555,4.67078971862793
1789033792309365200,14.949365234375,-2.076970100402832,-2.550748825073242,4.766502857208252
1789033792319290600,14.95929052734375,-2.493321180343628,-2.4598217010498047,5.106283664703369
1789033792329216000,14.969216064453125,-2.493321180343628,-2.4598217010498047,5.589633464813232
1789033792339141400,14.979141357421875,-2.392822742462158,-2.6703901290893555,6.020341873168945
1789033792349067000,14.98906689453125,-1.856830358505249,-3.10109806060791,6.355337142944336
1789033792358992400,14.998992431640625,-1.6031911373138428,-3.3786656856536865,6.814758777618408
1789033792368917800,15.008917724609375,-1.7084753513336182,-3.541377544403076,7.4847493171691895
1789033792378843100,15.018843017578124,-2.416750907897949,-3.335594654083252,8.437092781066895
1789033792388768500,15.0287685546875,-3.029313564300537,-3.249453067779541,8.575876235961914
1789033792398694000,15.03869384765625,-3.067598581314087,-3.2685956954956055,8.432307243347168
1789033792408619300,15.048619384765624,-2.7086751461029053,-3.407379388809204,7.992027759552002
1789033792418545000,15.058544921875,-2.0099709033966064,-3.6227335929870605,7.293323516845703
1789033792428470300,15.06847021484375,-1.5361921787261963,-3.5988051891326904,7.192824840545654
1789033792438395600,15.078395751953124,-1.459621787071228,-3.531806230545044,7.317251682281494
1789033792448321000,15.088321044921875,-1.3112667798995972,-3.617947816848755,7.1162543296813965
1789033792458246400,15.098246337890625,-1.5074782371520996,-3.675375461578369,7.240681171417236
1789033792468171800,15.108171875,-1.8664016723632812,-3.9290146827697754,7.551748275756836
1789033792478097400,15.118097412109375,-1.2969099283218384,-4.144368648529053,8.0350980758667
1789033792488022800,15.128022705078125,-1.277767300605774,-4.666004180908203,8.61894702911377
1789033792497948200,15.1379482421875,-1.7994025945663452,-5.163711071014404,9.322437286376953
1789033792507873500,15.14787353515625,-2.4646072387695312,-5.627918720245361,10.116853713989258
1789033792517799000,15.157798828125,-2.6608188152313232,-6.484549522399902,10.518848419189453
1789033792527724500,15.167724609375,-2.612962245941162,-7.154539585113525,10.868200302124023
1789033792537650000,15.17764990234375,-1.6414763927459717,-7.513463020324707,10.686346054077148
1789033792547575300,15.1875751953125,-1.8185452222824097,-7.657032489776611,9.997213363647461
1789033792557501000,15.1975009765625,-1.3830515146255493,-7.8628153800964355,8.858229637145996
1789033792567426300,15.20742626953125,-1.1868400573730469,-7.527820110321045,8.303094863891602
1789033792577351700,15.2173515625,-1.6175481081008911,-7.025327205657959,8.93958568572998
1789033792587277300,15.22727734375,-1.7132610082626343,-6.948757171630859,9.41336441040039
1789033792597202700,15.23720263671875,-1.7611174583435059,-7.188039302825928,9.34157943725586
1789033792607128000,15.247128173828125,-1.3399807214736938,-7.240681171417236,9.135796546936035
1789033792617053700,15.2570537109375,-1.210768222808838,-6.805187702178955,9.016156196594238
1789033792626979000,15.26697900390625,-1.2729816436767578,-6.4079790115356445,8.839086532592773
1789033792636904400,15.276904541015625,-1.5122638940811157,-6.068198204040527,9.049654960632324
1789033792646829800,15.286829833984376,-1.8233308792114258,-6.092126369476318,9.207581520080566
1789033792656755200,15.296755126953125,-1.8855443000793457,-6.269195556640625,9.90149974822998
1789033792666680600,15.3066806640625,-1.7563318014144897,-6.273981094360352,10.164710998535156
1789033792676606000,15.31660595703125,-1.6510475873947144,-6.1399827003479,9.853643417358398
1789033792686531300,15.32653125,-1.062413215637207,-6.087340831756592,8.752944946289062
1789033792696456400,15.33645654296875,-0.8805587291717529,-5.795416355133057,7.992027759552002
1789033792706381800,15.3463818359375,-1.057627558708191,-5.4795637130737305,7.489534854888916
1789033792716307200,15.35630712890625,-1.8759729862213135,-5.326423168182373,7.4225358963012695
1789033792726232800,15.36623291015625,-2.50289249420166,-5.584847927093506,7.465606689453125
1789033792736158200,15.376158203125,-2.589034080505371,-6.187839508056641,7.719245910644531
1789033792746083600,15.38608349609375,-2.723032236099243,-6.8482584953308105,8.12123966217041
1789033792756009000,15.396009033203125,-2.8187451362609863,-7.331608772277832,8.551948547363281
1789033792765934300,15.405934326171876,-3.493520975112915,-7.417750358581543,9.30329418182373
1789033792775859700,15.415859619140624,-3.5222349166870117,-7.642675399780273,10.265209197998047
1789033792785785300,15.425785400390625,-2.8187451362609863,-7.513463020324707,11.021341323852539
1789033792795710700,15.435710693359376,-1.6462619304656982,-7.0683979988098145,11.600403785705566
1789033792805636000,15.445635986328124,0.09092725813388824,-6.733402729034424,11.298908233642578
1789033792815561500,15.4555615234375,0.9427721500396729,-6.695117950439453,10.17428207397461
1789033792825486800,15.46548681640625,0.30628129839897156,-6.795616149902344,8.499305725097656
1789033792835412200,15.475412109375,-0.17706887423992157,-6.599404811859131,7.393822193145752
1789033792845337600,15.485337646484375,-0.22013968229293823,-6.269195556640625,6.996613502502441
1789033792855263200,15.49526318359375,-0.7178468108177185,-6.0538411140441895,6.766902446746826
1789033792865188600,15.505188720703124,-1.8855443000793457,-6.16391134262085,7.1162543296813965
1789033792875114000,15.515114013671875,-2.7326035499572754,-6.235695838928223,7.8628153800964355
1789033792885039400,15.525039306640625,-3.1824541091918945,-6.240481376647949,8.61894702911377
1789033792894964700,15.53496484375,-2.5986053943634033,-5.929414749145508,9.322437286376953
1789033792904890000,15.54489013671875,-1.7276179790496826,-5.690132141113281,9.734002113342285
1789033792914815700,15.554815673828125,-1.1581261157989502,-5.546562671661377,10.059426307678223
1789033792924741000,15.5647412109375,-1.3495519161224365,-5.575276851654053,10.49970531463623
1789033792934666500,15.57466650390625,-1.4787644147872925,-6.082555294036865,11.021341323852539
1789033792944592000,15.584591796875,-1.7132610082626343,-6.417550563812256,11.22233772277832
1789033792954517200,15.594517333984374,-1.7084753513336182,-6.159125328063965,11.078768730163574
1789033792964442600,15.604442626953125,-1.3830515146255493,-5.431707382202148,11.308480262756348
1789033792974368300,15.6143681640625,-1.3495519161224365,-4.972285270690918,10.796415328979492
1789033792984293600,15.624293701171876,-1.2873386144638062,-4.867001056671143,9.140582084655762
1789033792994219000,15.634218994140625,-1.3543375730514526,-4.737788677215576,7.503891944885254
1789033793004144400,15.644144287109375,-2.249253273010254,-4.278367042541504,6.278766632080078
1789033793014069800,15.65406982421875,-3.589233875274658,-3.809373617172241,5.450850009918213
1789033793023995400,15.663995361328125,-4.426722049713135,-3.957728624343872,5.5034918785095215
1789033793033920800,15.673920654296875,-4.359723091125488,-4.527220249176025,6.187839508056641
1789033793043846100,15.68384619140625,-3.4025938510894775,-4.967499732971191,7.293323516845703
1789033793053771800,15.693771728515625,-1.7994025945663452,-5.19242525100708,9.006584167480469
1789033793063697200,15.703697265625,-0.4211367964744568,-5.383851051330566,10.17428207397461
1789033793073622500,15.71362255859375,0.7704889178276062,-6.015556335449219,11.35633659362793
1789033793083548200,15.723548095703125,0.641276478767395,-6.355337142944336,10.2747802734375
1789033793093473500,15.7334736328125,-1.2729816436767578,-6.015556335449219,8.528019905090332
1789033793103399000,15.74339892578125,-3.1489546298980713,-4.828716278076172,7.537391185760498
1789033793113324500,15.753324462890625,-3.6610186100006104,-4.3070807456970215,7.307680130004883
1789033793123250000,15.76325,-2.1296122074127197,-4.436293125152588,7.810173034667969
1789033793133175300,15.77317529296875,-1.0336993932724,-4.632504463195801,8.212167739868164
1789033793143100700,15.7831005859375,-0.9475577473640442,-4.575077056884766,7.8628153800964355
1789033793153026000,15.793026123046875,-2.0578274726867676,-4.60857629776001,7.020541667938232
1789033793162951400,15.802951416015626,-2.282752752304077,-4.436293125152588,6.4079790115356445
1789033793172876800,15.812876708984374,-1.9573289155960083,-3.957728624343872,5.709274768829346
1789033793182802000,15.822802001953125,-1.856830358505249,-3.3020951747894287,4.713860511779785
1789033793192727300,15.832727294921876,-1.34476637840271,-2.6368906497955322,4.316651821136475
1789033793202652700,15.842652587890624,-1.2586246728897095,-1.9142581224441528,4.402793884277344
1789033793212578000,15.852578125,-1.1341979503631592,-1.9956140518188477,4.201796531677246
1789033793222503400,15.86250341796875,-1.0289137363433838,-2.1343977451324463,4.54636287689209
1789033793232428800,15.8724287109375,-1.3351950645446777,-2.234896421432495,4.460221290588379
1789033793242354200,15.882354248046875,-1.7994025945663452,-2.196611166000366,4.570291042327881
1789033793252279600,15.892279541015625,-2.115255117416382,-2.2444677352905273,4.814359188079834
1789033793262205000,15.902204833984374,-1.9860427379608154,-2.589034080505371,5.163711071014404
1789033793272130300,15.91213037109375,-1.9334007501602173,-2.8187451362609863,5.8337016105651855
1789033793282055700,15.9220556640625,-1.8472590446472168,-3.263810157775879,5.594419479370117
1789033793291981000,15.93198095703125,-1.9860427379608154,-3.5461630821228027,5.690132141113281
1789033793301906400,15.941906494140625,-1.9573289155960083,-3.3690943717956543,6.556334018707275
1789033793311831800,15.951831787109375,-2.2540390491485596,-3.263810157775879,7.336394309997559
1789033793321757200,15.961757080078126,-2.306680917739868,-3.2829527854919434,8.226524353027344
1789033793331682600,15.9716826171875,-2.1822543144226074,-3.7806596755981445,8.365307807922363
1789033793341608200,15.981608154296875,-2.2923240661621094,-4.326223373413086,8.298309326171875
1789033793351533600,15.991533447265626,-2.392822742462158,-4.59421968460083,8.212167739868164
1789033793361459000,16.001458984375,-2.7038896083831787,-4.479363918304443,7.982456207275391
1789033793371384300,16.01138427734375,-3.1920254230499268,-4.335794448852539,8.484949111938477
1789033793381309700,16.021309814453126,-2.823530673980713,-4.249652862548828,8.303094863891602
1789033793391235000,16.031235107421875,-2.1918256282806396,-4.393222332000732,8.030312538146973
1789033793401160700,16.04116064453125,-1.454836130142212,-4.622933387756348,7.858029365539551
1789033793411086000,16.051086181640624,-0.9906286001205444,-4.838287353515625,8.135597229003906
1789033793421011500,16.061011474609376,-1.062413215637207,-5.163711071014404,8.992227554321289
1789033793430936800,16.070936767578125,-1.7180466651916504,-5.589633464813232,9.528220176696777
1789033793440862200,16.0808623046875,-2.3784656524658203,-6.10169792175293,10.193424224853516
1789033793450787600,16.09078759765625,-2.550748825073242,-6.503692150115967,10.451848983764648
1789033793460713000,16.100712890625,-2.210968017578125,-6.623332977294922,10.643275260925293
1789033793470638600,16.110638671875,-1.0815558433532715,-6.675975322723389,10.059426307678223
1789033793480564000,16.12056396484375,-0.4450650215148926,-6.623332977294922,9.293723106384277
1789033793490489300,16.1304892578125,-0.8087740540504456,-6.57547664642334,8.70508861541748
1789033793500414700,16.140414794921874,-1.1437692642211914,-6.675975322723389,8.60459041595459
1789033793510340000,16.150340087890626,-1.373480200767517,-6.565905570983887,9.121439933776855
1789033793520265500,16.160265380859375,-1.2969099283218384,-6.63769006729126,9.628718376159668
1789033793530191000,16.170191162109376,-1.306481122970581,-7.202396392822266,9.485149383544922
1789033793540116500,16.180116455078124,-0.9619147181510925,-7.566105365753174,9.078369140625
1789033793550042000,16.1900419921875,-0.5742774605751038,-7.657032489776611,8.85344409942627
1789033793559967500,16.199967529296874,-1.430907964706421,-7.221538543701172,9.097511291503906
1789033793569892900,16.209892822265626,-1.5170495510101318,-6.728617191314697,9.695717811584473
1789033793579818500,16.219818603515623,-0.6364908218383789,-6.489335060119629,9.590433120727539
1789033793589743900,16.229743896484376,-0.8757730722427368,-6.403193473815918,9.628718376159668
1789033793599669200,16.239669189453124,-1.1198409795761108,-6.317051887512207,9.231510162353516
1789033793609595000,16.249594970703125,-2.100898265838623,-5.680561065673828,9.131011009216309
1789033793619520300,16.259520263671874,-1.6510475873947144,-5.474778175354004,8.451449394226074
1789033793629445600,16.269445556640626,-1.8185452222824097,-5.37906551361084,8.317451477050781
1789033793639371000,16.27937109375,-1.8807586431503296,-5.465207099914551,8.221738815307617
1789033793649296100,16.289296142578124,-1.5936198234558105,-5.737988471984863,8.00638484954834
1789033793659221500,16.299221435546876,-1.947757601737976,-6.049055576324463,7.915457248687744
1789033793669147000,16.30914697265625,-2.053041934967041,-6.508477687835693,7.690532207489014
1789033793679072300,16.319072265625,-1.9812572002410889,-6.8482584953308105,7.499105930328369
1789033793688997400,16.328997314453126,-2.4406790733337402,-6.915257453918457,7.762316703796387
1789033793698922800,16.3389228515625,-2.9240293502807617,-6.943971157073975,8.384450912475586
1789033793708848000,16.34884814453125,-2.991028308868408,-7.135396957397461,8.949156761169434
1789033793718773500,16.3587734375,-2.699103832244873,-7.4225358963012695,9.470791816711426
1789033793728699000,16.368698974609377,-2.258824586868286,-7.350750923156738,10.518848419189453
1789033793738624300,16.378624267578125,-1.7228323221206665,-7.135396957397461,11.241480827331543
1789033793748549600,16.388549560546874,-0.9044869542121887,-6.867401123046875,11.437692642211914
1789033793758475000,16.39847509765625,-0.16749759018421173,-6.522834300994873,10.442277908325195
1789033793768400400,16.408400390625,-0.4546363055706024,-6.072983741760254,9.418149948120117
1789033793778326000,16.418325927734376,-0.1339980661869049,-6.125626087188721,8.46580696105957
1789033793788251400,16.42825146484375,0.1052841991186142,-6.3601226806640625,8.221738815307617
1789033793798176800,16.4381767578125,-0.7561319470405579,-6.288337707519531,8.250452041625977
1789033793808102100,16.44810205078125,-1.8903298377990723,-6.465406894683838,8.427521705627441
1789033793818027500,16.458027587890626,-2.5220351219177246,-6.723831653594971,8.585447311401367
1789033793827953000,16.467952880859375,-2.2636101245880127,-6.546762943267822,8.901300430297852
1789033793837878300,16.477878173828124,-1.5984054803848267,-6.092126369476318,8.915657043457031
1789033793847803600,16.4878037109375,-1.1581261157989502,-5.383851051330566,9.016156196594238
1789033793857729000,16.49772900390625,-1.1581261157989502,-5.154139995574951,8.834300994873047
1789033793867654400,16.507654296875,-1.612762451171875,-5.096712112426758,8.963513374328613
1789033793877579800,16.517579833984374,-1.5984054803848267,-5.4795637130737305,8.97787094116211
1789033793887505200,16.527505126953123,-1.3830515146255493,-5.623133182525635,9.121439933776855
1789033793897430500,16.537430419921876,-1.4213366508483887,-5.584847927093506,9.18843936920166
1789033793907356000,16.54735595703125,-1.545763373374939,-5.484349727630615,9.135796546936035
1789033793917281300,16.55728125,-1.789831280708313,-5.178068161010742,9.389435768127441
1789033793927206700,16.56720654296875,-2.359323024749756,-4.756931304931641,9.150154113769531
1789033793937132000,16.577132080078126,-2.675175666809082,-4.575077056884766,8.666803359985352
1789033793947057400,16.587057373046875,-2.5986053943634033,-4.599005222320557,8.484949111938477
1789033793956982800,16.596982666015624,-2.713460922241211,-4.761716842651367,7.9489569664001465
1789033793966908400,16.606908447265624,-2.8666014671325684,-4.9292144775390625,8.02074146270752
1789033793976833800,16.616833740234377,-2.8761727809906006,-5.20678186416626,8.413164138793945
1789033793986759200,16.62675927734375,-2.297109842300415,-5.4173502922058105,8.882157325744629
1789033793996684500,16.6366845703125,-1.6845471858978271,-5.402993679046631,8.992227554321289
1789033794006610000,16.64660986328125,-0.5647061467170715,-5.350351333618164,9.4660062789917
1789033794016535300,16.656535400390624,0.2727817893028259,-5.623133182525635,10.054640769958496
1789033794026461000,16.6664609375,0.40677985548973083,-5.694917678833008,10.514062881469727
1789033794036386300,16.67638623046875,-0.3924229145050049,-5.594419479370117,10.1216402053833
1789033794046311700,16.686311767578125,-2.1535403728485107,-5.1876397132873535,8.671588897705078
1789033794056237300,16.6962373046875,-2.9288148880004883,-4.512863636016846,7.149754047393799
1789033794066162700,16.70616259765625,-2.651247501373291,-3.8572301864624023,6.187839508056641
1789033794076088000,16.716088134765624,-2.043470621109009,-3.2685956954956055,6.16391134262085
1789033794086013400,16.726013427734376,-1.6462619304656982,-3.0005996227264404,6.5180487632751465
1789033794095938800,16.735938720703125,-1.3399807214736938,-3.1441688537597656,6.723831653594971
1789033794105864200,16.7458642578125,-1.2346965074539185,-3.3643085956573486,6.546762943267822
1789033794115789300,16.755789306640626,-1.698904037475586,-3.1824541091918945,5.60399055480957
1789033794125714700,16.765714599609375,-2.383251428604126,-2.957528829574585,4.503292083740234
1789033794135640000,16.77564013671875,-2.091326951980591,-2.8666014671325684,4.335794448852539
1789033794145565400,16.7855654296875,-1.368694543838501,-3.0101709365844727,4.7234320640563965
1789033794155490800,16.79549072265625,-1.0671988725662231,-2.9240293502807617,5.072783946990967
1789033794165416000,16.805416015625,-1.4117653369903564,-2.6225335597991943,5.699703693389893
1789033794175341300,16.81534130859375,-1.9334007501602173,-2.746960401535034,6.025127410888672
1789033794185266700,16.8252666015625,-2.029113531112671,-2.9240293502807617,5.857629776000977
1789033794195192000,16.835192138671875,-2.163111686706543,-2.699103832244873,5.72841739654541
1789033794205117400,16.845117431640624,-2.210968017578125,-2.6847469806671143,6.063412666320801
1789033794215043000,16.85504296875,-1.9621145725250244,-2.909672260284424,6.092126369476318
1789033794224968400,16.864968505859373,-1.8185452222824097,-3.2829527854919434,5.91505765914917
1789033794234893800,16.874893798828126,-1.9956140518188477,-3.579662561416626,6.092126369476318
1789033794244819200,16.884819091796874,-1.9334007501602173,-3.617947816848755,6.26440954208374
1789033794254744600,16.89474462890625,-2.038684844970703,-3.579662561416626,6.546762943267822
1789033794264670000,16.904669921875,-2.455035924911499,-3.3690943717956543,7.211967468261719
1789033794274595600,16.914595703125,-2.445464849472046,-3.4552359580993652,7.642675399780273
1789033794284521000,16.92452099609375,-2.0003998279571533,-3.88594388961792,7.738388538360596
1789033794294446300,16.9344462890625,-1.2442678213119507,-4.244867324829102,7.575676441192627
1789033794304371700,16.944371826171874,-1.6845471858978271,-4.560719966888428,7.848458290100098
1789033794314297000,16.954297119140627,-2.0961127281188965,-4.517649173736572,8.446663856506348
1789033794324222500,16.964222412109375,-2.7086751461029053,-4.560719966888428,8.61894702911377
1789033794334147800,16.97414794921875,-2.7326035499572754,-4.60857629776001,8.882157325744629
1789033794344073200,16.9840732421875,-1.7611174583435059,-4.8813581466674805,8.877371788024902
1789033794353998600,16.99399853515625,-0.9762716293334961,-5.4795637130737305,8.796015739440918
1789033794363924000,17.003924072265626,-1.0336993932724,-5.781059741973877,9.365508079528809
1789033794373849300,17.013849365234375,-1.397408366203308,-5.953342914581299,9.623932838439941
1789033794383774700,17.023774658203124,-2.1918256282806396,-5.948556900024414,9.556933403015137
1789033794393699800,17.033699951171876,-2.857030153274536,-5.795416355133057,9.853643417358398
1789033794403625200,17.043625244140625,-2.6177480220794678,-5.781059741973877,9.848857879638672
1789033794413550600,17.053550537109373,-1.3878371715545654,-5.843272686004639,10.179067611694336
1789033794423476000,17.06347607421875,-0.48813581466674805,-6.025127410888672,10.15035343170166
1789033794433401300,17.0734013671875,-0.9188438653945923,-6.111268997192383,9.734002113342285
1789033794443326700,17.08332666015625,-0.914058268070221,-6.154339790344238,9.140582084655762
1789033794453252000,17.093252197265624,-0.8087740540504456,-6.082555294036865,8.547162055969238
1789033794463177500,17.103177490234376,-1.1485549211502075,-6.149554252624512,8.240880966186523
1789033794473102800,17.113102783203125,-1.550549030303955,-6.345765590667725,8.298309326171875
1789033794483028200,17.1230283203125,-1.435693621635437,-6.69990348815918,8.183453559875488
1789033794492953600,17.13295361328125,-0.6364908218383789,-6.867401123046875,8.140382766723633
1789033794502879000,17.14287890625,-0.6269195079803467,-7.23589563369751,8.647661209106445
1789033794512804400,17.152804443359376,-1.2969099283218384,-7.073183536529541,9.614361763000488
1789033794522729700,17.162729736328124,-1.153340458869934,-6.819544315338135,10.040284156799316
1789033794532655000,17.172655029296877,-1.7754744291305542,-6.594619274139404,10.246066093444824
1789033794542580500,17.18258056640625,-1.2394821643829346,-6.3840508460998535,10.040284156799316
1789033794552505900,17.192505859375,-1.0911271572113037,-6.10169792175293,9.42772102355957
1789033794562431200,17.20243115234375,-1.5696916580200195,-5.814558982849121,9.164510726928711
1789033794572356600,17.212356689453124,-1.9573289155960083,-5.560919761657715,9.17886734008789
1789033794582282000,17.222281982421876,-2.172683000564575,-5.484349727630615,9.379864692687988
1789033794592207400,17.232207275390625,-1.4691931009292603,-5.742774486541748,9.05444049835205
1789033794602132700,17.2421328125,-1.6079767942428589,-6.015556335449219,8.910871505737305
1789033794612058000,17.25205810546875,-2.6321048736572266,-6.302694797515869,8.49452018737793
1789033794621983500,17.2619833984375,-2.3401806354522705,-6.269195556640625,8.030312538146973
1789033794631908900,17.271908935546875,-1.6510475873947144,-6.197410583496094,7.436892986297607
1789033794641834500,17.28183447265625,-1.5314065217971802,-6.235695838928223,7.365108013153076
1789033794651759900,17.291759765625,-2.0865414142608643,-6.398407936096191,8.102097511291504
1789033794661685200,17.301685302734374,-2.6081767082214355,-6.561119556427002,9.365508079528809
1789033794671610600,17.311610595703126,-2.201396942138672,-6.690331935882568,10.360921859741211
1789033794681536000,17.321535888671875,-1.3112667798995972,-6.709474563598633,10.77248764038086
1789033794691461400,17.33146142578125,0.4019941985607147,-6.8243303298950195,10.360921859741211
1789033794701386800,17.34138671875,0.5455635786056519,-6.704689025878906,9.499505996704102
1789033794711312100,17.35131201171875,-0.30149564146995544,-6.283552169799805,8.489734649658203
1789033794721237500,17.361237548828125,-0.5407779216766357,-6.058627128601074,8.317451477050781
1789033794731163000,17.371162841796874,-0.5120640397071838,-5.637490272521973,8.590232849121094
1789033794741088300,17.381088134765626,-0.5551348328590393,-5.513063430786133,8.547162055969238
1789033794751013600,17.391013671875,-0.9523434042930603,-5.862415313720703,8.140382766723633
1789033794760939000,17.40093896484375,-1.4644074440002441,-6.197410583496094,7.982456207275391
1789033794770864400,17.410864501953125,-1.947757601737976,-6.446264266967773,8.10688304901123
1789033794780789800,17.420789794921873,-2.0099709033966064,-6.197410583496094,8.872586250305176
1789033794790715100,17.430715087890626,-1.6654045581817627,-5.66620397567749,9.547362327575684
1789033794800640500,17.440640625,-1.2346965074539185,-5.201996326446533,10.078569412231445
1789033794810566000,17.45056591796875,-0.7561319470405579,-5.249852657318115,10.040284156799316
1789033794820491300,17.4604912109375,-0.5934200286865234,-5.651846885681152,9.997213363647461
1789033794830416600,17.470416748046876,-0.9475577473640442,-6.283552169799805,9.57607650756836
1789033794840341800,17.480341796875,-1.828116536140442,-6.230910301208496,9.274580955505371
1789033794850267100,17.49026708984375,-1.9381862878799438,-5.680561065673828,9.121439933776855
1789033794860192500,17.500192626953126,-1.8472590446472168,-5.254638671875,8.863015174865723
1789033794870118000,17.510117919921875,-2.187039852142334,-4.914857864379883,8.781659126281738
1789033794880043300,17.520043212890624,-2.9766714572906494,-4.957928657531738,8.575876235961914
1789033794889968600,17.52996875,-3.019742250442505,-5.000999450683594,8.135597229003906
1789033794899894000,17.53989404296875,-2.3784656524658203,-5.048855781555176,7.829315662384033
1789033794909819400,17.5498193359375,-1.8089739084243774,-5.115854740142822,7.5708909034729
1789033794919744800,17.559744873046874,-1.8855443000793457,-5.144568920135498,7.810173034667969
1789033794929670100,17.569670166015626,-2.2683959007263184,-4.972285270690918,8.384450912475586
1789033794939595500,17.579595458984375,-2.3545374870300293,-4.862215518951416,8.791230201721191
1789033794949521000,17.58952099609375,-2.062613010406494,-4.814359188079834,8.714659690856934
1789033794959446300,17.5994462890625,-1.5936198234558105,-4.728217601776123,8.566305160522461
1789033794969371600,17.60937158203125,-0.9906286001205444,-5.034498691558838,9.131011009216309
1789033794979297000,17.619297119140626,-0.7322037220001221,-5.4556355476379395,9.753145217895508
1789033794989222400,17.629222412109375,-1.6175481081008911,-5.623133182525635,9.767501831054688
1789033794999147800,17.639147705078123,-2.5986053943634033,-5.594419479370117,9.154939651489258
1789033795009073200,17.6490732421875,-2.746960401535034,-5.412564754486084,8.566305160522461
1789033795018998500,17.65899853515625,-1.9573289155960083,-5.661418437957764,7.953742504119873
1789033795028924000,17.668923828125,-0.8757730722427368,-5.623133182525635,7.795815944671631
1789033795038849300,17.678849365234374,-0.19142581522464752,-4.8191447257995605,7.240681171417236
1789033795048774700,17.688774658203126,-0.3158525824546814,-3.4121651649475098,7.039684295654297
1789033795058700000,17.698699951171875,-1.306481122970581,-2.737389087677002,6.618547439575195
1789033795068625200,17.708625244140624,-1.9956140518188477,-2.8522446155548096,5.637490272521973
1789033795078550500,17.718550537109376,-2.0482561588287354,-2.794816732406616,5.00578498840332
1789033795088476000,17.728475830078125,-1.2921242713928223,-2.8905298709869385,5.154139995574951
1789033795098401300,17.7384013671875,-0.7657032608985901,-3.153740167617798,5.264209747314453
1789033795108326700,17.74832666015625,-1.3878371715545654,-3.0005996227264404,4.814359188079834
1789033795118252000,17.758251953125,-1.8137595653533936,-2.311466693878174,4.718646049499512
1789033795128177400,17.768177490234375,-1.9764715433120728,-2.1918256282806396,4.814359188079834
1789033795138102800,17.778102783203124,-1.765903115272522,-2.5124638080596924,4.7234320640563965
1789033795148028200,17.788028076171877,-1.521835207939148,-2.589034080505371,4.924428939819336
1789033795157953500,17.79795361328125,-1.6893328428268433,-2.699103832244873,5.230710506439209
1789033795167879000,17.80787890625,-1.7754744291305542,-2.823530673980713,5.694917678833008
1789033795177804300,17.81780419921875,-1.856830358505249,-2.967100143432617,6.020341873168945
1789033795187729700,17.827729736328124,-1.8999011516571045,-3.177668571472168,6.4701924324035645
1789033795197655000,17.837655029296876,-1.852044701576233,-3.570091485977173,6.9583282470703125
1789033795207580400,17.847580322265625,-1.5840486288070679,-3.8763725757598877,7.494320392608643
1789033795217505800,17.857505859375,-1.703689694404602,-4.187439441680908,7.671389579772949
1789033795227431200,17.86743115234375,-2.053041934967041,-4.335794448852539,7.795815944671631
1789033795237356500,17.8773564453125,-2.0195422172546387,-4.474578380584717,7.724031448364258
1789033795247282000,17.887281982421875,-2.1439690589904785,-4.575077056884766,7.805387496948242
1789033795257207300,17.897207275390624,-2.196611166000366,-4.560719966888428,7.747959613800049
1789033795267132700,17.907132568359376,-2.431107759475708,-4.661218643188477,8.307880401611328
1789033795277058000,17.91705810546875,-1.9381862878799438,-4.661218643188477,8.484949111938477
1789033795286983200,17.926983154296874,-1.2059825658798218,-4.823930263519287,8.638090133666992
1789033795296908500,17.936908447265626,-0.550349235534668,-5.00578498840332,8.8438720703125
1789033795306834000,17.946833984375,-0.6747759580612183,-5.216353416442871,9.241081237792969
1789033795316759300,17.95675927734375,-0.9379864931106567,-5.096712112426758,9.523433685302734
1789033795326684700,17.9666845703125,-1.7754744291305542,-4.9052863121032715,9.8871431350708
1789033795336610000,17.976610107421877,-2.014756679534912,-4.785645484924316,9.686145782470703
1789033795346535400,17.986535400390625,-1.8185452222824097,-5.00578498840332,9.418149948120117
1789033795356460800,17.996460693359374,-1.129412293434143,-4.957928657531738,9.556933403015137
1789033795366386200,18.00638623046875,-0.9188438653945923,-4.977071285247803,9.56650447845459
1789033795376311600,18.0163115234375,-1.2251251935958862,-5.216353416442871,9.882357597351074
1789033795386237000,18.02623681640625,-1.4069796800613403,-5.551348686218262,10.116853713989258
1789033795396162300,18.036162353515625,-1.4644074440002441,-6.0538411140441895,9.891928672790527
1789033795406087700,18.046087646484374,-1.3782658576965332,-6.628118515014648,9.757930755615234
1789033795416013000,18.056012939453126,-1.0767701864242554,-7.0061845779418945,9.355937004089355
1789033795425938400,18.0659384765625,-1.0815558433532715,-7.322037220001221,8.676374435424805
1789033795435863800,18.07586376953125,-0.9379864931106567,-7.412964344024658,8.327022552490234
1789033795445789200,18.0857890625,-1.4261223077774048,-7.278966426849365,8.12123966217041
1789033795455714600,18.095714599609376,-1.4739787578582764,-7.307680130004883,8.073383331298828
1789033795465640000,18.105639892578125,-1.2681959867477417,-7.106683254241943,8.772088050842285
1789033795475565300,18.1155654296875,-1.5409778356552124,-7.178467750549316,9.059226989746094
1789033795485490700,18.12549072265625,-1.0289137363433838,-7.302894592285156,9.408578872680664
1789033795495416000,18.135416015625,-1.0959128141403198,-7.465606689453125,9.379864692687988
1789033795505341400,18.145341552734376,-1.4500504732131958,-7.355536937713623,9.298508644104004
1789033795515266600,18.1552666015625,-1.6462619304656982,-6.939185619354248,9.456435203552246
1789033795525192000,18.16519189453125,-1.7132610082626343,-6.345765590667725,9.509077072143555
1789033795535117300,18.175117431640626,-1.430907964706421,-5.8097734451293945,9.025727272033691
1789033795545042700,18.185042724609374,-1.0480563640594482,-5.498706340789795,8.2695951461792
1789033795554968000,18.194968017578127,-1.3112667798995972,-5.278566837310791,7.676175117492676
1789033795564893400,18.2048935546875,-1.521835207939148,-5.26899528503418,7.441678524017334
1789033795574818800,18.21481884765625,-2.1200408935546875,-5.3216376304626465,7.700103282928467
1789033795584744200,18.224744140625,-2.1822543144226074,-5.613562107086182,8.015955924987793
1789033795594669600,18.234669677734374,-2.3641088008880615,-6.154339790344238,8.149953842163086
1789033795604595000,18.244594970703126,-2.172683000564575,-6.522834300994873,8.21695327758789
1789033795614520300,18.254520263671875,-1.9956140518188477,-6.733402729034424,8.389236450195312
1789033795624445700,18.26444580078125,-1.7180466651916504,-6.809973239898682,8.776873588562012
1789033795634371000,18.27437109375,-2.062613010406494,-6.709474563598633,9.489934921264648
1789033795644296400,18.28429638671875,-1.3830515146255493,-6.742974281311035,10.030712127685547
1789033795654221800,18.294221923828125,-0.6364908218383789,-6.656832695007324,10.29870891571045
1789033795664147200,18.304147216796874,0.17706887423992157,-6.460621356964111,10.365707397460938
1789033795674072600,18.314072509765627,-0.04307080805301666,-6.216553211212158,10.2747802734375
1789033795683998000,18.323998046875,-0.14356936514377594,-6.063412666320801,9.107083320617676
1789033795693923300,18.33392333984375,-0.6747759580612183,-6.092126369476318,8.413164138793945
1789033795703848700,18.3438486328125,-0.5934200286865234,-6.259624004364014,8.197810173034668
1789033795713774000,18.353774169921873,-0.4546363055706024,-6.259624004364014,8.518448829650879
1789033795723699500,18.363699462890626,-0.9810572862625122,-6.278766632080078,8.906085968017578
1789033795733624600,18.37362451171875,-1.832902193069458,-6.3601226806640625,9.207581520080566
1789033795743550000,18.383550048828123,-2.0338993072509766,-6.226124286651611,9.293723106384277
1789033795753475300,18.393475341796876,-1.9812572002410889,-5.824130535125732,9.509077072143555
1789033795763400700,18.403400634765624,-1.832902193069458,-5.388636589050293,9.724431037902832
1789033795773326000,18.413326171875,-1.5553346872329712,-4.804787635803223,10.246066093444824
1789033795783251500,18.42325146484375,-1.2011969089508057,-4.7234320640563965,10.2747802734375
1789033795793176800,18.4331767578125,-0.7130611538887024,-5.197210788726807,10.62413215637207
1789033795803102200,18.443102294921875,-0.760917603969574,-5.905486106872559,10.466206550598145
1789033795813027600,18.453027587890624,-0.7082754969596863,-6.173482418060303,10.585846900939941
1789033795822953000,18.462952880859376,-1.1724830865859985,-5.867201328277588,10.365707397460938
1789033795832878300,18.47287841796875,-1.5170495510101318,-5.632704734802246,9.714859962463379
1789033795842803700,18.4828037109375,-1.5744773149490356,-5.551348686218262,8.819944381713867
1789033795852729000,18.49272900390625,-1.7467604875564575,-5.249852657318115,7.302894592285156
1789033795862654500,18.502654541015627,-2.455035924911499,-4.728217601776123,6.652047157287598
1789033795872579800,18.512579833984375,-2.675175666809082,-4.206582069396973,6.709474563598633
1789033795882505200,18.522505126953124,-2.5986053943634033,-4.144368648529053,6.594619274139404
1789033795892430600,18.5324306640625,-2.957528829574585,-4.182653903961182,6.503692150115967
1789033795902356000,18.54235595703125,-2.8809585571289062,-4.287938117980957,6.766902446746826
1789033795912281300,18.55228125,-2.407179594039917,-4.3788652420043945,7.652246952056885
1789033795922206700,18.562206787109375,-0.9044869542121887,-4.565505504608154,8.915657043457031
1789033795932132000,18.572132080078124,0.009571290574967861,-4.809573650360107,9.858428955078125
1789033795942057500,18.582057373046876,-0.14356936514377594,-5.034498691558838,10.456634521484375
1789033795951982600,18.591982666015625,-0.760917603969574,-5.31685209274292,10.418350219726562
1789033795961908000,18.601907958984373,-1.3256237506866455,-5.307280540466309,9.245866775512695
1789033795971833300,18.611833251953126,-2.2636101245880127,-4.934000492095947,7.891529083251953
1789033795981758700,18.6217587890625,-3.2063822746276855,-4.579862594604492,7.054041385650635
1789033795991684000,18.63168408203125,-2.861815929412842,-4.426722049713135,6.977470874786377
1789033796001609500,18.641609375,-1.5553346872329712,-4.417150497436523,7.637889862060547
1789033796011534600,18.65153466796875,-0.14835500717163086,-4.713860511779785,7.671389579772949
1789033796021460000,18.6614599609375,0.28235307335853577,-4.718646049499512,7.293323516845703
1789033796031385300,18.67138525390625,-0.5455635786056519,-4.575077056884766,6.738188743591309
1789033796041310700,18.681310791015626,-1.8185452222824097,-4.225724697113037,6.211767673492432
1789033796051235800,18.69123583984375,-2.2923240661621094,-4.000799655914307,5.690132141113281
1789033796061161200,18.7011611328125,-2.0817556381225586,-3.4169507026672363,5.867201328277588
1789033796071086600,18.711086669921876,-1.2873386144638062,-2.861815929412842,6.345765590667725
1789033796081012000,18.721011962890625,-0.6317051649093628,-2.837887763977051,6.16391134262085
1789033796090937300,18.730937255859374,-1.1629117727279663,-2.8761727809906006,6.082555294036865
1789033796100862700,18.74086279296875,-2.124826431274414,-2.809173822402954,5.675775527954102
1789033796110788000,18.7507880859375,-2.273181438446045,-2.7517459392547607,5.024927616119385
1789033796120713500,18.76071337890625,-1.9094724655151367,-2.895315408706665,4.541577339172363
1789033796130638800,18.770638916015624,-1.6223337650299072,-2.967100143432617,4.728217601776123
1789033796140564200,18.780564208984377,-1.5984054803848267,-2.9048867225646973,5.570491313934326
1789033796150489600,18.790489501953125,-1.8807586431503296,-2.847458839416504,6.484549522399902
1789033796160415000,18.8004150390625,-1.919043779373169,-3.1106693744659424,7.025327205657959
1789033796170340000,18.810340087890626,-1.8807586431503296,-3.4121651649475098,7.36032247543335
1789033796180265500,18.820265380859375,-1.9669002294540405,-3.517449378967285,7.561319351196289
1789033796190190800,18.83019091796875,-2.0003998279571533,-3.728017568588257,7.714460372924805
1789033796200116200,18.8401162109375,-1.9573289155960083,-3.9864425659179688,7.685746192932129
1789033796210041600,18.85004150390625,-1.6893328428268433,-4.244867324829102,7.513463020324707
1789033796219967000,18.859967041015626,-2.00518536567688,-4.603790760040283,7.513463020324707
1789033796229892400,18.869892333984374,-2.1439690589904785,-4.603790760040283,7.590033531188965
1789033796239817700,18.879817626953123,-2.7038896083831787,-4.316651821136475,7.618747234344482
1789033796249743000,18.8897431640625,-2.9288148880004883,-3.9672999382019043,7.70967435836792
1789033796259668500,18.89966845703125,-2.3306093215942383,-3.814159393310547,7.901100158691406
1789033796269593900,18.90959375,-1.3591232299804688,-3.8189449310302734,7.800601959228516
1789033796279519200,18.919519287109374,-0.7082754969596863,-4.024727821350098,8.207381248474121
1789033796289444600,18.929444580078126,-0.6125625967979431,-4.1730828285217285,8.513663291931152
1789033796299370000,18.939369873046875,-1.3208380937576294,-4.579862594604492,9.18843936920166
1789033796309295000,18.949295166015624,-1.5696916580200195,-4.9292144775390625,9.623932838439941
1789033796319220500,18.959220458984376,-2.517249345779419,-5.350351333618164,9.834501266479492
1789033796329145900,18.969145751953125,-2.541177749633789,-5.733202934265137,9.877572059631348
1789033796339071200,18.9790712890625,-1.6175481081008911,-5.905486106872559,9.710074424743652
1789033796348996400,18.988996337890626,-0.9667003750801086,-6.001199245452881,9.561718940734863
1789033796358921700,18.998921630859375,-1.1581261157989502,-5.924628734588623,9.781859397888184
1789033796368847000,19.00884716796875,-1.0001999139785767,-5.843272686004639,9.710074424743652
1789033796378772500,19.0187724609375,-1.454836130142212,-5.97727108001709,9.485149383544922
1789033796388697900,19.02869775390625,-1.2921242713928223,-6.135197162628174,9.41336441040039
1789033796398623200,19.038623291015625,-0.8135597109794617,-6.049055576324463,9.312865257263184
1789033796408548600,19.048548583984374,-0.9571290612220764,-6.206982135772705,9.432506561279297
1789033796418474000,19.058473876953126,-0.8566305041313171,-6.455835342407227,9.245866775512695
1789033796428399000,19.068399169921875,-1.0959128141403198,-6.943971157073975,8.733802795410156
1789033796438324500,19.078324462890624,-1.2873386144638062,-7.1162543296813965,8.484949111938477
1789033796448249900,19.088249755859376,-0.5216353535652161,-7.250252723693848,7.853243827819824
1789033796458175200,19.09817529296875,-0.7896314859390259,-7.527820110321045,7.240681171417236
1789033796468100600,19.1081005859375,-1.0001999139785767,-7.307680130004883,7.5326056480407715
1789033796478026000,19.11802587890625,-1.2681959867477417,-6.953542709350586,8.154739379882812
1789033796487951400,19.127951416015627,-1.8089739084243774,-6.608976364135742,9.308079719543457
1789033796497876700,19.137876708984376,-1.7515461444854736,-6.273981094360352,9.762716293334961
1789033796507802000,19.147802001953124,-1.4883357286453247,-6.369693756103516,9.595218658447266
1789033796517727500,19.1577275390625,-0.7800601720809937,-6.427121639251709,9.241081237792969
1789033796527652900,19.16765283203125,-1.1054840087890625,-6.317051887512207,8.752944946289062
1789033796537578200,19.177578125,-1.4883357286453247,-6.063412666320801,8.2695951461792
1789033796547503600,19.187503662109375,-1.852044701576233,-5.656632900238037,8.078168869018555
1789033796557429000,19.197428955078124,-1.765903115272522,-5.565705299377441,7.9585280418396
1789033796567354400,19.207354248046876,-2.014756679534912,-5.9198431968688965,8.078168869018555
1789033796577279700,19.21727978515625,-2.3401806354522705,-6.412764549255371,8.384450912475586
1789033796587205000,19.227205078125,-2.833101987838745,-6.766902446746826,9.083154678344727
1789033796597130200,19.237130126953126,-2.359323024749756,-7.058826923370361,9.499505996704102
1789033796607055600,19.2470556640625,-2.062613010406494,-7.255038261413574,9.858428955078125
1789033796616981000,19.25698095703125,-1.459621787071228,-7.326822757720947,10.040284156799316
1789033796626906400,19.26690625,-0.46420758962631226,-6.948757171630859,10.356136322021484
1789033796636831500,19.27683154296875,-0.16271193325519562,-6.489335060119629,10.226923942565918
1789033796646756900,19.2867568359375,0.6125625967979431,-5.9676995277404785,9.872786521911621
1789033796656682200,19.29668212890625,0.17228323221206665,-5.656632900238037,9.399007797241211
1789033796666607600,19.306607666015626,-0.2967100143432617,-5.757131099700928,8.81515884399414
1789033796676532700,19.31653271484375,-0.8231309652328491,-6.034698486328125,8.571090698242188
1789033796686458000,19.3264580078125,-0.851844847202301,-6.340980052947998,8.4562349319458
1789033796696383500,19.336383544921876,-0.9188438653945923,-6.474977970123291,8.374878883361816
1789033796706308900,19.346308837890625,-1.3112667798995972,-6.465406894683838,8.298309326171875
1789033796716234200,19.356234130859374,-1.703689694404602,-6.025127410888672,8.413164138793945
1789033796726159600,19.36615966796875,-2.1343977451324463,-5.651846885681152,8.61894702911377
1789033796736085000,19.3760849609375,-2.0961127281188965,-5.608776092529297,8.863015174865723
1789033796746010400,19.38601025390625,-1.6462619304656982,-5.771488189697266,8.810373306274414
1789033796755935700,19.395935791015624,-0.9571290612220764,-5.675775527954102,8.886942863464355
1789033796765861000,19.405861083984377,-0.5168496966362,-5.670989513397217,8.748159408569336
1789033796775786500,19.415786376953125,-0.9475577473640442,-5.819344520568848,8.681160926818848
1789033796785711900,19.4257119140625,-1.3782658576965332,-5.9437713623046875,8.934800148010254
1789033796795637000,19.435636962890626,-1.306481122970581,-5.85284423828125,9.317651748657227
1789033796805562400,19.445562255859375,-1.2346965074539185,-5.4556355476379395,9.647860527038574
1789033796815487700,19.45548779296875,-1.7994025945663452,-5.058426856994629,10.145567893981934
1789033796825413000,19.4654130859375,-1.674975872039795,-5.015356063842773,9.580862045288086
1789033796835338200,19.475338134765625,-1.6845471858978271,-5.139782905578613,9.135796546936035
1789033796845263600,19.485263671875,-1.8855443000793457,-5.225924491882324,8.499305725097656
1789033796855189000,19.49518896484375,-1.832902193069458,-5.082355499267578,7.987242221832275
1789033796865114400,19.5051142578125,-1.832902193069458,-4.780859470367432,7.676175117492676
1789033796875039500,19.51503955078125,-1.9334007501602173,-4.417150497436523,7.456035137176514
1789033796884964900,19.52496484375,-2.359323024749756,-4.273581027984619,7.245467185974121
1789033796894890200,19.53489013671875,-3.1345977783203125,-4.311866283416748,7.216753005981445
1789033796904815600,19.544815673828126,-3.3308091163635254,-4.575077056884766,8.394021987915039
1789033796914741000,19.554740966796874,-2.5220351219177246,-5.010570526123047,9.743574142456055
1789033796924666400,19.564666259765627,-0.8183453679084778,-5.4173502922058105,9.915857315063477
1789033796934591700,19.574591796875,0.4163511395454407,-5.546562671661377,9.628718376159668
1789033796944517000,19.58451708984375,0.727418065071106,-5.431707382202148,9.997213363647461
1789033796954442500,19.5944423828125,0.062213387340307236,-5.302495002746582,9.652647018432617
1789033796964368000,19.604367919921874,-1.789831280708313,-5.00578498840332,8.441878318786621
1789033796974293200,19.614293212890626,-3.981656789779663,-4.852644443511963,7.800601959228516
1789033796984218600,19.624218505859375,-4.043870449066162,-4.900500774383545,7.599604606628418
1789033796994143700,19.634143798828124,-2.3258235454559326,-4.9052863121032715,7.652246952056885
1789033797004069000,19.644069091796876,-0.727418065071106,-4.40757942199707,7.752745151519775
1789033797013994500,19.653994384765625,0.08614161610603333,-4.063013076782227,7.121040344238281
1789033797023919900,19.663919921875,-0.19142581522464752,-4.015156269073486,6.474977970123291
1789033797033845000,19.673844970703126,-1.1724830865859985,-4.110869407653809,5.441278457641602
1789033797043770400,19.683770263671875,-2.0865414142608643,-3.5270206928253174,4.646861553192139
1789033797053695700,19.69369580078125,-2.2205393314361572,-2.9288148880004883,4.6372904777526855
1789033797063621000,19.70362109375,-1.3160524368286133,-2.455035924911499,5.2977094650268555
1789033797073546200,19.713546142578124,-0.397208571434021,-2.445464849472046,5.484349727630615
1789033797083471600,19.7234716796875,-0.8135597109794617,-2.4981069564819336,5.484349727630615
1789033797093397000,19.73339697265625,-1.526620864868164,-2.746960401535034,5.699703693389893
1789033797103322400,19.743322265625,-1.6462619304656982,-3.2590243816375732,5.302495002746582
1789033797113247500,19.75324755859375,-1.8185452222824097,-3.0867412090301514,5.13021183013916
1789033797123172900,19.7631728515625,-1.9334007501602173,-2.871387243270874,5.426921844482422
1789033797133098200,19.77309814453125,-1.8185452222824097,-2.8666014671325684,6.206982135772705
1789033797143023600,19.783023681640625,-1.7180466651916504,-3.28773832321167,6.876972198486328
1789033797152949000,19.792948974609374,-2.0195422172546387,-3.761517286300659,7.432106971740723
1789033797162874000,19.8028740234375,-1.9716858863830566,-4.063013076782227,7.652246952056885
1789033797172799500,19.812799560546875,-2.1583259105682373,-3.8668015003204346,7.63310432434082
1789033797182724900,19.822724853515624,-2.0721843242645264,-3.7423746585845947,7.3986077308654785
1789033797192650200,19.832650146484376,-2.139183521270752,-3.7663028240203857,7.657032489776611
1789033797202575600,19.84257568359375,-2.344966173171997,-4.034298896789551,7.81974458694458
1789033797212501000,19.8525009765625,-2.249253273010254,-4.445864677429199,8.078168869018555
1789033797222426400,19.86242626953125,-2.210968017578125,-4.709074974060059,8.159524917602539
1789033797232351700,19.872351806640626,-1.9956140518188477,-4.790431022644043,8.044670104980469
1789033797242277000,19.882277099609375,-1.789831280708313,-4.776073932647705,7.853243827819824
1789033797252202500,19.892202392578124,-1.94297194480896,-4.522434711456299,7.853243827819824
1789033797262127900,19.9021279296875,-2.1343977451324463,-4.689932346343994,7.89631462097168
1789033797272053200,19.91205322265625,-1.9046868085861206,-4.656432628631592,7.9968132972717285
1789033797281978400,19.921978271484374,-1.3878371715545654,-4.737788677215576,8.350951194763184
1789033797291903700,19.93190380859375,-1.038485050201416,-5.00578498840332,8.312665939331055
1789033797301829000,19.9418291015625,-1.057627558708191,-5.2354960441589355,8.714659690856934
1789033797311754500,19.95175439453125,-0.9236295223236084,-5.388636589050293,8.685946464538574
1789033797321679600,19.9616796875,-1.057627558708191,-5.4556355476379395,8.638090133666992
1789033797331605000,19.97160498046875,-1.4452649354934692,-5.4556355476379395,8.681160926818848
1789033797341530400,19.9815302734375,-1.4691931009292603,-5.54177713394165,9.006584167480469
1789033797351455700,19.991455810546874,-1.3495519161224365,-5.546562671661377,9.198010444641113
1789033797361380900,20.001380859375,-1.2490534782409668,-5.670989513397217,9.499505996704102
1789033797371306200,20.01130615234375,-1.6845471858978271,-5.881557941436768,9.743574142456055
1789033797381231600,20.021231689453124,-1.6845471858978271,-6.245266914367676,9.55214786529541
1789033797391157000,20.031156982421876,-1.6606189012527466,-6.632904529571533,9.475577354431152
1789033797401082000,20.04108203125,-0.9427721500396729,-6.436692714691162,9.403793334960938
1789033797411007500,20.051007568359374,-0.4019941985607147,-6.618547439575195,9.628718376159668
1789033797420932900,20.060932861328126,-0.7800601720809937,-6.580262184143066,10.01156997680664
1789033797430858200,20.070858154296875,-1.1198409795761108,-6.867401123046875,9.619147300720215
1789033797440783400,20.080783447265624,-1.2969099283218384,-7.149754047393799,8.982656478881836
1789033797450708700,20.090708740234376,-0.8662018179893494,-7.3986077308654785,8.37966537475586
1789033797460634000,20.100634033203125,-0.8614161610603333,-7.345965385437012,8.389236450195312
1789033797470559500,20.1105595703125,-1.1102696657180786,-7.207181930541992,8.657232284545898
1789033797480484600,20.120484619140626,-1.430907964706421,-7.073183536529541,9.073583602905273
1789033797490410000,20.130409912109375,-1.1629117727279663,-6.97268533706665,9.767501831054688
1789033797500335400,20.14033544921875,-0.8087740540504456,-6.608976364135742,10.073782920837402
1789033797510260700,20.1502607421875,-1.1581261157989502,-6.364908218383789,9.949356079101562
1789033797520185900,20.160185791015625,-1.28255295753479,-6.240481376647949,9.41336441040039
1789033797530111200,20.170111328125,-1.4261223077774048,-5.867201328277588,8.666803359985352
1789033797540036600,20.18003662109375,-1.0241280794143677,-5.570491313934326,7.9250288009643555
1789033797549962000,20.1899619140625,-1.210768222808838,-5.560919761657715,7.302894592285156
1789033797559887000,20.19988720703125,-1.2729816436767578,-5.733202934265137,7.010970115661621
1789033797569812500,20.2098125,-1.6031911373138428,-6.111268997192383,7.058826923370361
1789033797579737900,20.21973779296875,-1.6701902151107788,-6.632904529571533,7.202396392822266
1789033797589663200,20.229663330078125,-2.0003998279571533,-6.876972198486328,7.542177200317383
1789033797599588600,20.239588623046874,-1.9669002294540405,-7.168896675109863,7.929814338684082
1789033797609514000,20.249513916015626,-2.0482561588287354,-7.17368221282959,8.489734649658203
1789033797619439000,20.259439208984375,-2.234896421432495,-7.010970115661621,9.221938133239746
1789033797629364500,20.269364501953124,-2.1104695796966553,-6.714260101318359,9.958928108215332
1789033797639289900,20.279289794921876,-1.1437692642211914,-6.556334018707275,10.451848983764648
1789033797649215200,20.28921533203125,-0.04785645380616188,-6.317051887512207,10.38485050201416
1789033797659140400,20.299140380859374,0.8949156403541565,-6.16391134262085,10.04985523223877
1789033797669065700,20.309065673828126,0.3684946894645691,-5.97727108001709,9.509077072143555
1789033797678991000,20.3189912109375,0.1866401731967926,-5.996413707733154,8.628518104553223
1789033797688916500,20.32891650390625,-0.6173482537269592,-6.015556335449219,8.504091262817383
1789033797698841600,20.338841552734376,-0.9810572862625122,-6.106483459472656,8.159524917602539
1789033797708767000,20.34876708984375,-1.0289137363433838,-6.130411624908447,8.02074146270752
1789033797718692400,20.3586923828125,-1.6654045581817627,-6.297909259796143,7.929814338684082
1789033797728617700,20.36861767578125,-1.94297194480896,-6.752545356750488,8.054241180419922
1789033797738542800,20.37854296875,-2.115255117416382,-6.565905570983887,8.595019340515137
1789033797748468200,20.38846826171875,-1.919043779373169,-6.221338748931885,9.126225471496582
1789033797758393600,20.3983935546875,-1.3304094076156616,-6.096911907196045,9.28893756866455
1789033797768319000,20.408319091796876,-1.3351950645446777,-5.929414749145508,9.351150512695312
1789033797778244000,20.418244140625,-1.210768222808838,-6.302694797515869,9.351150512695312
1789033797788169500,20.42816943359375,-1.0671988725662231,-6.546762943267822,9.34157943725586
1789033797798094800,20.4380947265625,-1.2299108505249023,-6.508477687835693,10.140782356262207
1789033797808020200,20.448020263671875,-2.0099709033966064,-6.211767673492432,10.533205032348633
1789033797817945600,20.457945556640624,-2.053041934967041,-5.910272121429443,10.561919212341309
1789033797827871000,20.46787109375,-1.8664016723632812,-5.876772403717041,10.332208633422852
1789033797837796400,20.47779638671875,-1.545763373374939,-6.025127410888672,9.226723670959473
1789033797847721700,20.4877216796875,-1.4165509939193726,-5.819344520568848,8.02074146270752
1789033797857647000,20.497647216796874,-1.832902193069458,-5.556134223937988,7.728816986083984
1789033797867572500,20.507572509765627,-2.531606435775757,-5.388636589050293,7.63310432434082
1789033797877497900,20.517497802734376,-3.0484559535980225,-5.149354457855225,7.546962738037109
1789033797887423200,20.52742333984375,-2.9623143672943115,-4.962714195251465,7.255038261413574
1789033797897348400,20.537348388671877,-2.383251428604126,-4.924428939819336,7.226324558258057
1789033797907273700,20.547273681640625,-2.0961127281188965,-4.9292144775390625,7.872386455535889
1789033797917199000,20.55719921875,-1.6319050788879395,-4.9531426429748535,8.532805442810059
1789033797927124500,20.56712451171875,-1.6414763927459717,-4.957928657531738,9.183652877807617
1789033797937049600,20.577049560546875,-1.5649060010910034,-4.862215518951416,9.159725189208984
1789033797946975000,20.58697509765625,-1.4452649354934692,-4.991427898406982,8.671588897705078
1789033797956900400,20.596900390625,-1.4261223077774048,-5.120640277862549,8.049455642700195
1789033797966825700,20.60682568359375,-1.215553879737854,-4.981856822967529,7.676175117492676
1789033797976750800,20.616750732421874,-1.1820544004440308,-4.910071849822998,7.149754047393799
1789033797986676200,20.62667626953125,-1.674975872039795,-4.828716278076172,6.867401123046875
1789033797996601600,20.6366015625,-2.871387243270874,-4.517649173736572,7.379465103149414
1789033798006527000,20.64652685546875,-3.0340991020202637,-4.273581027984619,8.011170387268066
1789033798016452000,20.6564521484375,-2.833101987838745,-4.115654945373535,8.389236450195312
1789033798026377500,20.66637744140625,-2.0721843242645264,-4.273581027984619,8.221738815307617
1789033798036302800,20.676302734375,-1.062413215637207,-4.4410786628723145,7.752745151519775
1789033798046228200,20.686228271484374,-0.727418065071106,-4.364508628845215,7.4464640617370605
1789033798056153300,20.6961533203125,-1.0049854516983032,-4.1347975730896,7.188039302825928
1789033798066078700,20.70607861328125,-1.8664016723632812,-4.106083869934082,6.900900363922119
1789033798076004000,20.716004150390624,-2.249253273010254,-3.957728624343872,6.527620315551758
1789033798085929500,20.725929443359377,-2.124826431274414,-3.814159393310547,6.087340831756592
1789033798095854600,20.7358544921875,-1.9812572002410889,-3.3643085956573486,5.819344520568848
1789033798105780000,20.745780029296874,-2.210968017578125,-2.287538528442383,6.20219612121582
1789033798115705300,20.755705322265626,-1.6079767942428589,-2.1918256282806396,6.092126369476318
1789033798125630700,20.765630615234375,-1.4979069232940674,-2.541177749633789,6.527620315551758
1789033798135555800,20.775555908203124,-1.5553346872329712,-3.029313564300537,6.771687984466553
1789033798145481200,20.785481201171876,-1.6319050788879395,-3.2685956954956055,7.259823799133301
1789033798155406600,20.795406494140625,-1.3304094076156616,-3.689732551574707,7.403393268585205
1789033798165332000,20.80533203125,-1.6079767942428589,-3.809373617172241,7.824530124664307
1789033798175257000,20.815257080078126,-1.7228323221206665,-4.187439441680908,7.566105365753174
1789033798185182500,20.825182373046875,-2.8809585571289062,-3.675375461578369,8.346165657043457
1789033798195107800,20.83510791015625,-3.297309637069702,-3.2159535884857178,8.805587768554688
1789033798205033200,20.845033203125,-3.2542388439178467,-2.9144580364227295,9.269794464111328
1789033798214958300,20.854958251953125,-3.2159535884857178,-3.4648072719573975,9.212367057800293
1789033798224883700,20.8648837890625,-2.445464849472046,-3.957728624343872,8.475378036499023
1789033798234809000,20.87480908203125,-1.8951154947280884,-3.895515203475952,7.5565338134765625
1789033798244734500,20.884734375,-2.1439690589904785,-3.9529430866241455,7.058826923370361
1789033798254659600,20.89465966796875,-2.2923240661621094,-3.565305709838867,6.943971157073975
1789033798264585000,20.9045849609375,-2.1104695796966553,-3.0245277881622314,6.929614543914795
1789033798274510300,20.91451025390625,-2.1056840419769287,-2.7804598808288574,7.192824840545654
1789033798284435700,20.924435791015625,-2.053041934967041,-2.785245656967163,7.389036178588867
1789033798294360800,20.93436083984375,-2.053041934967041,-3.0580272674560547,7.551748275756836
1789033798304286200,20.9442861328125,-1.94297194480896,-3.445664644241333,7.901100158691406
1789033798314211600,20.954211669921875,-1.856830358505249,-3.7423746585845947,8.293522834777832
1789033798324137000,20.964136962890624,-1.8759729862213135,-4.086941242218018,8.60459041595459
1789033798334062000,20.97406201171875,-1.8903298377990723,-4.240081787109375,9.016156196594238
1789033798343987500,20.983987548828125,-1.9525432586669922,-4.326223373413086,9.34157943725586
1789033798353912800,20.993912841796874,-1.8999011516571045,-4.426722049713135,9.394221305847168
1789033798363838200,21.003838134765626,-1.9860427379608154,-4.445864677429199,9.42772102355957
1789033798373763300,21.013763427734375,-2.163111686706543,-4.426722049713135,9.32722282409668
1789033798383688700,21.023688720703124,-2.4837498664855957,-4.335794448852539,9.279366493225098
1789033798393614000,21.033614013671876,-2.641676187515259,-4.158725738525391,9.322437286376953
1789033798403539200,21.043539306640625,-2.4358935356140137,-4.005585193634033,9.667003631591797
1789033798413464600,21.053464599609374,-2.053041934967041,-3.8668015003204346,10.470992088317871
1789033798423389700,21.0633896484375,-1.4835500717163086,-4.618147850036621,11.035697937011719
1789033798433315000,21.073315185546875,-0.9332008361816406,-5.134997367858887,11.274980545043945
1789033798443240200,21.083240234375,-1.1054840087890625,-5.402993679046631,11.13619613647461
1789033798453165600,21.09316552734375,-1.459621787071228,-5.517848968505859,10.796415328979492
1789033798463090700,21.103090576171876,-1.7611174583435059,-5.283352375030518,10.705488204956055
1789033798473016000,21.11301611328125,-1.8089739084243774,-5.020142078399658,10.829915046691895
1789033798482941400,21.12294140625,-1.8664016723632812,-4.60857629776001,11.24626636505127
1789033798492866600,21.132866455078126,-1.828116536140442,-4.474578380584717,11.743973731994629
1789033798502792000,21.1427919921875,-2.148754835128784,-4.599005222320557,12.098111152648926
1789033798512717300,21.15271728515625,-2.0721843242645264,-5.06799840927124,11.782258987426758
1789033798522642700,21.162642578125,-2.0482561588287354,-5.072783946990967,11.466405868530273
1789033798532567800,21.17256787109375,-2.416750907897949,-4.900500774383545,11.102697372436523
1789033798542493200,21.1824931640625,-2.5938198566436768,-4.766502857208252,10.73420238494873
1789033798552418600,21.19241845703125,-2.761317253112793,-4.42193603515625,10.561919212341309
1789033798562344000,21.202343994140627,-2.4646072387695312,-4.254438877105713,10.60977554321289
1789033798572269000,21.21226904296875,-2.1200408935546875,-4.460221290588379,10.87298583984375
1789033798582194400,21.2221943359375,-2.1200408935546875,-4.642076015472412,11.054841041564941
1789033798592119800,21.232119873046877,-2.5938198566436768,-4.847858905792236,10.657631874084473
1789033798602045200,21.242045166015625,-2.469393014907837,-4.9531426429748535,10.073782920837402
1789033798611970300,21.25197021484375,-2.014756679534912,-4.790431022644043,9.250652313232422
1789033798621895700,21.261895751953126,-1.6462619304656982,-4.460221290588379,8.427521705627441
1789033798631821000,21.271821044921875,-1.2299108505249023,-4.2831525802612305,7.465606689453125
1789033798641746400,21.281746337890624,-1.4069796800613403,-3.9290146827697754,6.7621169090271
1789033798651671600,21.291671630859376,-1.5601203441619873,-3.5988051891326904,6.16391134262085
1789033798661597000,21.301596923828125,-1.789831280708313,-3.0484559535980225,5.876772403717041
1789033798671522300,21.311522216796874,-1.9956140518188477,-2.6368906497955322,5.3694939613342285
1789033798681447700,21.32144775390625,-1.7994025945663452,-2.321038007736206,4.426722049713135
1789033798691372800,21.331372802734375,-1.0001999139785767,-1.8233308792114258,3.3020951747894287
1789033798701298200,21.341298095703124,-0.05742774158716202,-1.6079767942428589,2.359323024749756
1789033798711223600,21.3512236328125,0.16271193325519562,-2.0003998279571533,2.187039852142334
1789033798721149000,21.36114892578125,-0.02392822690308094,-2.368894338607788,3.139383316040039
1789033798731074300,21.37107421875,-0.2727817893028259,-2.4358935356140137,4.168296813964844
1789033798740999400,21.38099951171875,-0.41156548261642456,-2.7421748638153076,4.9292144775390625
1789033798750924800,21.3909248046875,-0.7226324677467346,-3.1106693744659424,5.647061347961426
1789033798760850200,21.40085009765625,-1.3543375730514526,-3.445664644241333,6.455835342407227
1789033798770775600,21.410775634765624,-2.1296122074127197,-3.651447296142578,6.900900363922119
1789033798780700700,21.42070068359375,-2.2540390491485596,-3.6131622791290283,7.312466144561768
1789033798790626000,21.4306259765625,-2.311466693878174,-3.2925238609313965,8.054241180419922
1789033798800551400,21.440551513671874,-2.4741785526275635,-3.273381471633911,8.432307243347168
1789033798810476800,21.450476806640626,-2.273181438446045,-3.5030922889709473,8.6907320022583
1789033798820402000,21.46040185546875,-1.94297194480896,-3.6083765029907227,8.470592498779297
1789033798830327300,21.470327392578124,-2.201396942138672,-3.728017568588257,8.236095428466797
1789033798840252700,21.480252685546876,-1.8424733877182007,-3.589233875274658,7.9585280418396
1789033798850178000,21.490177978515625,-1.3160524368286133,-3.565305709838867,7.5708909034729
1789033798860103200,21.500103271484374,-0.8997012972831726,-3.7663028240203857,7.087540626525879
1789033798870028500,21.510028564453126,-0.7369893789291382,-4.216153621673584,6.833901405334473
1789033798879954000,21.519953857421875,-0.9619147181510925,-4.6372904777526855,6.9822564125061035
1789033798889879300,21.52987939453125,-1.3639088869094849,-5.134997367858887,7.561319351196289
1789033798899804400,21.539804443359376,-1.612762451171875,-5.8337016105651855,8.264809608459473
1789033798909729800,21.549729736328125,-1.7371892929077148,-6.527620315551758,8.944371223449707
1789033798919655000,21.559655029296874,-2.062613010406494,-7.255038261413574,9.839286804199219
1789033798929580300,21.569580322265626,-2.368894338607788,-7.470392227172852,10.925628662109375
1789033798939505400,21.57950537109375,-2.2779672145843506,-7.5326056480407715,11.653046607971191
1789033798949430800,21.5894306640625,-2.4502503871917725,-7.743174076080322,11.782258987426758
1789033798959356000,21.59935595703125,-1.3208380937576294,-7.599604606628418,11.140982627868652
1789033798969281300,21.60928125,-0.44027936458587646,-7.183253765106201,10.236495018005371
1789033798979206400,21.619206298828125,-1.3926228284835815,-6.489335060119629,9.561718940734863
1789033798989131800,21.6291318359375,-2.431107759475708,-6.269195556640625,9.145368576049805
1789033798999057200,21.63905712890625,-1.7515461444854736,-6.293123722076416,8.561519622802734
1789033799008982500,21.648982421875,-0.9810572862625122,-6.551548480987549,8.427521705627441
1789033799018907600,21.65890771484375,-1.0959128141403198,-6.776473522186279,8.896514892578125
1789033799028833000,21.6688330078125,-1.6510475873947144,-6.709474563598633,9.714859962463379
1789033799038758400,21.67875830078125,-1.2681959867477417,-6.695117950439453,9.963713645935059
1789033799048683800,21.688683837890625,-1.4644074440002441,-6.656832695007324,10.217352867126465
1789033799058609000,21.69860888671875,-1.0193424224853516,-6.398407936096191,10.006784439086914
1789033799068534300,21.7085341796875,-0.8662018179893494,-6.393621921539307,8.848658561706543
1789033799078459600,21.718459716796875,-1.3782658576965332,-6.288337707519531,8.475378036499023
1789033799088385000,21.728385009765624,-1.588834285736084,-5.972485542297363,8.154739379882812
1789033799098310100,21.73831005859375,-1.3639088869094849,-5.656632900238037,8.059026718139648
1789033799108235500,21.748235595703125,-1.6701902151107788,-5.5034918785095215,8.293522834777832
1789033799118161000,21.758160888671874,-2.287538528442383,-5.737988471984863,8.776873588562012
1789033799128086300,21.768086181640626,-2.794816732406616,-6.297909259796143,9.394221305847168
1789033799138011600,21.77801171875,-2.885744094848633,-6.594619274139404,9.872786521911621
1789033799147936800,21.787936767578124,-2.139183521270752,-6.747759819030762,9.791430473327637
1789033799157862100,21.797862060546876,-1.4787644147872925,-6.881757736206055,9.4660062789917
1789033799167787500,21.80778759765625,-1.196411371231079,-6.776473522186279,9.370293617248535
1789033799177713000,21.817712890625,-0.37806597352027893,-6.532405853271484,9.126225471496582
1789033799187638000,21.827637939453126,-0.07178468257188797,-6.240481376647949,8.958727836608887
1789033799197563400,21.8375634765625,0.6269195079803467,-6.235695838928223,8.173882484436035
1789033799207488800,21.84748876953125,-0.07178468257188797,-6.16391134262085,8.09252643585205
1789033799217414000,21.857413818359376,-0.3924229145050049,-6.355337142944336,7.872386455535889
1789033799227339300,21.86733935546875,-1.0193424224853516,-6.240481376647949,8.236095428466797
1789033799237264600,21.8772646484375,-1.0241280794143677,-6.111268997192383,8.781659126281738
1789033799247189800,21.887189697265626,-0.9906286001205444,-6.082555294036865,9.068798065185547
1789033799257115100,21.897115234375,-1.5792629718780518,-6.005984783172607,9.284152030944824
1789033799267040300,21.907040283203123,-2.0482561588287354,-5.690132141113281,9.69093132019043
1789033799276965600,21.916965576171876,-2.273181438446045,-5.3312087059021,9.767501831054688
1789033799286891000,21.92689111328125,-2.1343977451324463,-5.053641319274902,9.623932838439941
1789033799296816400,21.93681640625,-1.459621787071228,-5.163711071014404,9.317651748657227
1789033799306741500,21.946741455078126,-0.6939185857772827,-5.355136871337891,9.059226989746094
1789033799316667000,21.9566669921875,-0.6125625967979431,-5.441278457641602,9.28893756866455
1789033799326592000,21.966592041015623,-0.2919243574142456,-5.623133182525635,9.226723670959473
1789033799336517000,21.97651708984375,-0.4785645306110382,-6.010770320892334,9.628718376159668
1789033799346442500,21.9864423828125,-1.1868400573730469,-6.125626087188721,9.949356079101562
1789033799356368000,21.996367919921877,-2.2061824798583984,-6.005984783172607,10.327422142028809
1789033799366293200,22.006293212890625,-2.4263222217559814,-5.694917678833008,10.097711563110352
1789033799376218600,22.016218505859374,-2.4358935356140137,-5.532206058502197,9.513862609863281
1789033799386143700,22.026143798828127,-2.321038007736206,-5.326423168182373,8.513663291931152
1789033799396069000,22.036069091796875,-2.7900311946868896,-5.106283664703369,7.671389579772949
1789033799405994500,22.045994384765624,-3.201596736907959,-5.034498691558838,7.891529083251953
1789033799415919900,22.055919921875,-2.589034080505371,-5.101497650146484,7.814958572387695
1789033799425845000,22.065844970703125,-1.5792629718780518,-5.106283664703369,7.8819580078125
1789033799435770400,22.075770263671874,-0.9858429431915283,-5.053641319274902,8.365307807922363
1789033799445695700,22.08569580078125,-0.6364908218383789,-4.9531426429748535,8.97787094116211
1789033799455620900,22.095620849609375,-0.4737788736820221,-4.6995038986206055,9.633503913879395
1789033799465546200,22.105546142578124,-0.8662018179893494,-4.938786029815674,9.504291534423828
1789033799475471600,22.1154716796875,-1.6845471858978271,-5.335994720458984,9.32722282409668
1789033799485396700,22.125396728515625,-1.8999011516571045,-5.3934221267700195,9.226723670959473
1789033799495322000,22.135322021484374,-2.1104695796966553,-5.460421085357666,8.772088050842285
1789033799505247200,22.145247314453126,-1.7802600860595703,-5.4556355476379395,8.14516830444336
1789033799515172600,22.155172607421875,-1.698904037475586,-5.111069202423096,7.4464640617370605
1789033799525098000,22.165097900390624,-0.8757730722427368,-4.460221290588379,6.479763507843018
1789033799535023000,22.175023193359376,-0.2727817893028259,-3.8045880794525146,6.116054534912109
1789033799544948500,22.184948486328125,-1.0432707071304321,-3.5748770236968994,5.962913990020752
1789033799554873900,22.194873779296874,-1.8472590446472168,-3.4887354373931885,5.144568920135498
1789033799564799000,22.204799072265626,-2.493321180343628,-3.335594654083252,4.512863636016846
1789033799574724400,22.214724365234375,-2.4358935356140137,-2.885744094848633,4.579862594604492
1789033799584649700,22.224649658203123,-1.7132610082626343,-2.7517459392547607,4.618147850036621
1789033799594574800,22.234574951171876,-0.5886343717575073,-2.909672260284424,4.493721008300781
1789033799604500200,22.244500244140625,-0.14835500717163086,-3.1106693744659424,4.512863636016846
1789033799614425600,22.254425537109373,-1.3399807214736938,-2.809173822402954,4.60857629776001
1789033799624350700,22.264350830078126,-1.9334007501602173,-2.4502503871917725,4.07258415222168
1789033799634276000,22.274276123046874,-2.0961127281188965,-2.3497519493103027,3.728017568588257
1789033799644201500,22.284201416015627,-2.014756679534912,-2.3258235454559326,4.07258415222168
1789033799654126600,22.294126708984376,-2.0673987865448,-2.455035924911499,4.737788677215576
1789033799664052000,22.304052001953124,-1.7084753513336182,-3.043670415878296,5.283352375030518
1789033799673977300,22.313977294921877,-1.8089739084243774,-3.5748770236968994,6.015556335449219
1789033799683902500,22.32390234375,-2.053041934967041,-3.8763725757598877,6.996613502502441
1789033799693827800,22.333827880859374,-2.225325107574463,-4.005585193634033,8.087740898132324
1789033799703753000,22.3437529296875,-1.94297194480896,-4.187439441680908,8.389236450195312
1789033799713678300,22.35367822265625,-2.2444677352905273,-4.565505504608154,8.504091262817383
1789033799723603700,22.363603759765624,-2.210968017578125,-4.910071849822998,8.236095428466797
1789033799733528800,22.37352880859375,-2.335394859313965,-5.201996326446533,8.063812255859375
1789033799743454200,22.3834541015625,-2.368894338607788,-5.163711071014404,8.298309326171875
1789033799753379300,22.39337939453125,-2.4598217010498047,-5.00578498840332,8.676374435424805
1789033799763304700,22.4033046875,-2.2301106452941895,-5.048855781555176,8.872586250305176
1789033799773230000,22.41322998046875,-1.4739787578582764,-5.3455657958984375,9.111868858337402
1789033799783155200,22.4231552734375,-1.2346965074539185,-5.599205017089844,9.480362892150879
1789033799793080600,22.43308056640625,-1.8759729862213135,-5.723631858825684,9.982855796813965
1789033799803006000,22.443005859375,-2.282752752304077,-5.608776092529297,10.155138969421387
1789033799812931300,22.452931396484374,-1.9716858863830566,-5.680561065673828,9.987641334533691
1789033799822856400,22.4628564453125,-1.6654045581817627,-5.656632900238037,9.896714210510254
1789033799832781800,22.47278173828125,-1.1389836072921753,-5.527420520782471,10.088140487670898
1789033799842707000,22.48270703125,-0.9379864931106567,-5.249852657318115,10.13599681854248
1789033799852632300,22.49263232421875,-0.8709874153137207,-5.326423168182373,10.040284156799316
1789033799862557400,22.502557373046876,-1.0863415002822876,-6.015556335449219,9.542576789855957
1789033799872482800,22.51248291015625,-0.6747759580612183,-6.498906135559082,9.116654396057129
1789033799882408200,22.522408203125,-0.9858429431915283,-6.8243303298950195,9.025727272033691
1789033799892333300,22.532333251953126,-1.3782658576965332,-6.795616149902344,8.930013656616211
1789033799902258700,22.5422587890625,-1.9142581224441528,-6.843472957611084,8.48016357421875
1789033799912184000,22.55218408203125,-1.4452649354934692,-6.963113784790039,8.317451477050781
1789033799922109200,22.562109130859376,-0.31106695532798767,-6.747759819030762,8.671588897705078
1789033799932034600,22.57203466796875,-0.1818545162677765,-6.546762943267822,9.336793899536133
1789033799941959700,22.581959716796874,-0.8614161610603333,-6.307480335235596,10.202995300292969
1789033799951885000,22.591885009765626,-1.3878371715545654,-6.130411624908447,10.389636039733887
1789033799961810400,22.601810546875,-1.191625714302063,-6.16391134262085,10.155138969421387
1789033799971735800,22.61173583984375,-1.0336993932724,-6.168696880340576,9.422935485839844
1789033799981661000,22.621660888671876,-0.9092726111412048,-6.187839508056641,9.312865257263184
1789033799991586300,22.63158642578125,-1.2203395366668701,-6.0777692794799805,9.10229778289795
1789033800001511400,22.641511474609374,-1.4404792785644531,-6.116054534912109,8.671588897705078
1789033800011436800,22.651436767578126,-1.7754744291305542,-6.340980052947998,8.37966537475586
1789033800021362000,22.66136181640625,-1.8903298377990723,-6.465406894683838,8.417949676513672
1789033800031287300,22.671287353515623,-2.2396819591522217,-6.628118515014648,9.09272575378418
1789033800041212700,22.681212646484376,-2.775674343109131,-6.752545356750488,9.743574142456055
1789033800051137800,22.6911376953125,-2.9958138465881348,-6.98704195022583,10.03549861907959
1789033800061063200,22.701063232421873,-2.699103832244873,-7.159325122833252,10.068997383117676
1789033800070988300,22.71098828125,-2.431107759475708,-7.293323516845703,10.006784439086914
1789033800080913700,22.72091357421875,-1.9094724655151367,-7.11146879196167,10.198209762573242
1789033800090839000,22.730839111328127,-1.0241280794143677,-6.809973239898682,10.236495018005371
1789033800100764200,22.74076416015625,0.48813581466674805,-6.412764549255371,9.91107177734375
1789033800110689500,22.750689453125,0.33020952343940735,-6.230910301208496,9.609575271606445
1789033800120615000,22.760614990234377,0.2679961323738098,-6.374479293823242,8.772088050842285
1789033800130540000,22.7705400390625,0.5455635786056519,-6.484549522399902,8.37966537475586
1789033800140465400,22.78046533203125,0.11485548317432404,-6.484549522399902,8.09252643585205
1789033800150390800,22.790390869140627,-0.4450650215148926,-6.369693756103516,7.671389579772949
1789033800160316000,22.80031591796875,-1.4021940231323242,-5.752345561981201,7.69531774520874
1789033800170241300,22.8102412109375,-1.8185452222824097,-5.288137912750244,7.83410120010376
1789033800180166400,22.82016650390625,-1.9525432586669922,-4.9435715675354,8.489734649658203
1789033800190091800,22.830091796875,-2.3976082801818848,-4.9292144775390625,9.207581520080566
1789033800200017000,22.840016845703126,-1.7467604875564575,-5.077569484710693,9.7005033493042
1789033800209942300,22.8499423828125,-0.3732803463935852,-5.072783946990967,9.891928672790527
1789033800219867600,22.85986767578125,0.22013968229293823,-5.20678186416626,9.781859397888184
1789033800229792800,22.869792724609376,0.15314064919948578,-5.398207664489746,9.556933403015137
1789033800239718100,22.87971826171875,0.1818545162677765,-5.771488189697266,9.365508079528809
1789033800249643500,22.8896435546875,-0.397208571434021,-6.03948450088501,9.772287368774414
1789033800259568600,22.899568603515625,-1.4069796800613403,-5.723631858825684,10.753344535827637
1789033800269494000,22.909493896484374,-2.68953275680542,-5.359922885894775,10.839486122131348
1789033800279419100,22.919419189453127,-2.857030153274536,-5.31685209274292,10.207781791687012
1789033800289344500,22.929344482421875,-2.469393014907837,-5.288137912750244,8.72901725769043
1789033800299270000,22.939269775390624,-1.9956140518188477,-5.19242525100708,8.015955924987793
1789033800309195000,22.949195068359376,-2.407179594039917,-5.024927616119385,7.5708909034729
1789033800319120400,22.959120361328125,-3.5509488582611084,-4.934000492095947,8.054241180419922
1789033800329045500,22.96904541015625,-3.2781670093536377,-5.044070243835449,8.920442581176758
1789033800338971000,22.978970947265626,-1.9764715433120728,-5.197210788726807,9.547362327575684
1789033800348896000,22.98889599609375,-0.7417750358581543,-5.441278457641602,9.973284721374512
1789033800358821400,22.9988212890625,0.5838487148284912,-5.60399055480957,10.054640769958496
1789033800368746800,23.008746826171876,0.9044869542121887,-5.642275810241699,9.805787086486816
1789033800378671900,23.018671875,-0.22013968229293823,-5.422136306762695,9.174081802368164
1789033800388597200,23.02859716796875,-2.0961127281188965,-4.972285270690918,8.078168869018555
1789033800398522600,23.038522705078126,-3.321237802505493,-4.508078098297119,7.058826923370361
1789033800408447700,23.04844775390625,-3.115455150604248,-4.618147850036621,6.278766632080078
1789033800418373000,23.058373046875,-1.1437692642211914,-4.316651821136475,5.843272686004639
1789033800428298200,23.06829833984375,0.06699903309345245,-3.7328033447265625,5.905486106872559
1789033800438223600,23.0782236328125,-0.4211367964744568,-3.2590243816375732,6.412764549255371
1789033800448148700,23.088148681640625,-1.038485050201416,-3.077169895172119,6.3840508460998535
1789033800458074000,23.09807421875,-1.3495519161224365,-2.871387243270874,5.402993679046631
1789033800467999500,23.10799951171875,-1.9286150932312012,-2.455035924911499,5.26899528503418
1789033800477924600,23.117924560546875,-2.0243279933929443,-2.3401806354522705,5.642275810241699
1789033800487850000,23.12785009765625,-1.588834285736084,-2.6847469806671143,5.594419479370117
1789033800497775000,23.137775146484376,-1.129412293434143,-3.359523057937622,4.646861553192139
1789033800507700500,23.147700439453125,-1.2442678213119507,-3.517449378967285,4.551148891448975
1789033800517625900,23.1576259765625,-1.521835207939148,-3.16331148147583,5.000999450683594
1789033800527551000,23.167551025390626,-1.794616937637329,-3.129812002182007,5.19242525100708
1789033800537476400,23.177476318359375,-2.493321180343628,-3.1250264644622803,5.4173502922058105
1789033800547401500,23.1874013671875,-2.469393014907837,-3.3882367610931396,5.374279499053955
1789033800557326800,23.197326904296876,-1.8137595653533936,-3.7328033447265625,5.087141036987305
1789033800567252200,23.207252197265625,-1.526620864868164,-3.90987229347229,5.063212871551514
1789033800577177300,23.21717724609375,-1.9334007501602173,-3.5126636028289795,5.709274768829346
1789033800587102700,23.227102783203126,-2.4646072387695312,-3.014956474304199,6.331408500671387
1789033800597027800,23.23702783203125,-2.871387243270874,-2.799602508544922,7.03489875793457
1789033800606953200,23.246953125,-2.6273193359375,-2.943171739578247,7.125825881958008
1789033800616878300,23.25687841796875,-1.7802600860595703,-3.139383316040039,7.168896675109863
1789033800626803700,23.2668037109375,-1.8185452222824097,-3.2685956954956055,7.637889862060547
1789033800636729000,23.27672900390625,-1.8185452222824097,-3.6131622791290283,7.786244869232178
1789033800646654200,23.286654296875,-1.3639088869094849,-3.6466617584228516,8.303094863891602
1789033800656579600,23.29657958984375,-1.4021940231323242,-3.7663028240203857,8.709874153137207
1789033800666504700,23.306504638671875,-1.5170495510101318,-3.9864425659179688,8.791230201721191
1789033800676430000,23.31643017578125,-1.28255295753479,-4.316651821136475,8.891729354858398
1789033800686355200,23.326355224609376,-1.2251251935958862,-4.833501815795898,9.116654396057129
1789033800696280600,23.336280517578125,-1.1389836072921753,-5.2977094650268555,9.336793899536133
1789033800706206000,23.3462060546875,-1.3351950645446777,-5.513063430786133,9.518648147583008
1789033800716131000,23.356131103515626,-1.8233308792114258,-5.446064472198486,9.868000984191895
1789033800726056400,23.366056396484375,-1.3926228284835815,-5.560919761657715,10.346565246582031
1789033800735981600,23.375981689453123,-1.191625714302063,-5.570491313934326,10.724631309509277
1789033800745907000,23.385906982421876,-1.4931213855743408,-5.60399055480957,10.96869945526123
1789033800755832300,23.395832275390624,-0.7800601720809937,-6.044270038604736,10.547562599182129
1789033800765757400,23.40575732421875,-0.641276478767395,-6.2500529289245605,9.982855796813965
1789033800775682800,23.415682861328126,-0.8566305041313171,-6.412764549255371,9.384650230407715
1789033800785608000,23.42560791015625,-0.8662018179893494,-6.63769006729126,8.566305160522461
1789033800795533300,23.435533203125,-0.23449662327766418,-6.805187702178955,7.939385414123535
1789033800805458400,23.44545849609375,-1.0528420209884644,-7.231110095977783,8.068597793579102
1789033800815383800,23.4553837890625,-1.2634103298187256,-7.5086774826049805,8.561519622802734
1789033800825309000,23.465308837890625,-1.2203395366668701,-7.8819580078125,9.135796546936035
1789033800835234300,23.475234375,-1.3208380937576294,-7.690532207489014,9.667003631591797
1789033800845159400,23.485159423828126,-1.0336993932724,-7.29810905456543,9.681360244750977
1789033800855084800,23.495084716796875,-1.2729816436767578,-6.786045074462891,9.485149383544922
1789033800865010200,23.50501025390625,-1.1341979503631592,-6.460621356964111,9.049654960632324
1789033800874935300,23.514935302734376,-1.2873386144638062,-5.986842155456543,8.982656478881836
1789033800884860700,23.524860595703124,-1.5074782371520996,-5.723631858825684,9.016156196594238
1789033800894785800,23.534785888671873,-1.4979069232940674,-5.742774486541748,9.05444049835205
1789033800904711200,23.544711181640626,-1.3591232299804688,-5.900700569152832,8.666803359985352
1789033800914636500,23.554636474609374,-1.3591232299804688,-6.082555294036865,8.446663856506348
1789033800924561700,23.564561767578127,-1.9764715433120728,-6.350551128387451,8.70508861541748
1789033800934487000,23.574487060546875,-2.6081767082214355,-6.690331935882568,9.231510162353516
1789033800944412200,23.584412109375,-3.053241729736328,-6.829115867614746,9.729216575622559
1789033800954337500,23.594337646484377,-2.713460922241211,-7.1162543296813965,9.92542839050293
1789033800964262700,23.6042626953125,-2.3976082801818848,-7.317251682281494,10.198209762573242
1789033800974188000,23.61418798828125,-2.038684844970703,-7.369893550872803,10.542776107788086
1789033800984113400,23.624113525390626,-0.698704183101654,-7.0301127433776855,10.600204467773438
1789033800994038500,23.63403857421875,0.2632105052471161,-6.527620315551758,10.427921295166016
1789033801003964000,23.6439638671875,0.8135597109794617,-6.10169792175293,9.753145217895508
1789033801013889000,23.653888916015624,-0.46899324655532837,-5.958128452301025,8.638090133666992
1789033801023814400,23.663814453125,-0.17228323221206665,-6.168696880340576,7.460821151733398
1789033801033739500,23.673739501953126,0.22013968229293823,-6.187839508056641,7.4847493171691895
1789033801043665000,23.683664794921874,-0.4019941985607147,-6.441478729248047,7.489534854888916
1789033801053590000,23.693590087890627,-1.2873386144638062,-6.484549522399902,7.389036178588867
1789033801063515400,23.703515380859375,-2.4598217010498047,-6.111268997192383,8.078168869018555
1789033801073440500,23.7134404296875,-2.50289249420166,-5.66620397567749,9.001798629760742
1789033801083366000,23.723365966796877,-2.5603201389312744,-5.374279499053955,9.580862045288086
1789033801093291300,23.733291259765625,-1.9812572002410889,-5.288137912750244,9.67657470703125
1789033801103216400,23.74321630859375,-1.1868400573730469,-5.182853698730469,9.934999465942383
1789033801113141800,23.753141845703126,-0.5264210104942322,-5.450850009918213,9.997213363647461
1789033801123067000,23.76306689453125,-0.11485548317432404,-5.795416355133057,10.04985523223877
1789033801132992300,23.7729921875,-0.698704183101654,-6.168696880340576,10.887343406677246
1789033801142917400,23.78291748046875,-0.7657032608985901,-5.848058700561523,11.743973731994629
1789033801152842800,23.7928427734375,-0.8757730722427368,-5.307280540466309,11.380264282226562
1789033801162768000,23.802767822265626,-0.8614161610603333,-5.029713153839111,10.581061363220215
1789033801172693200,23.812693359375,-1.0432707071304321,-4.981856822967529,9.963713645935059
1789033801182618600,23.82261865234375,-1.9716858863830566,-4.890929698944092,8.772088050842285
1789033801192543700,23.832543701171875,-2.4885356426239014,-4.536791801452637,7.867600917816162
1789033801202469000,23.84246923828125,-2.3401806354522705,-4.350151538848877,7.283751964569092
1789033801212394200,23.852394287109377,-2.5076780319213867,-4.383651256561279,6.920042991638184
1789033801222319600,23.862319580078125,-3.211168050765991,-4.551148891448975,7.336394309997559
1789033801232244700,23.87224462890625,-2.837887763977051,-4.9292144775390625,8.082955360412598
1789033801242170000,23.882170166015626,-1.459621787071228,-5.2115678787231445,8.95394229888916
1789033801252095200,23.89209521484375,-0.33020952343940735,-5.201996326446533,9.734002113342285
1789033801262020600,23.9020205078125,0.5790630578994751,-5.278566837310791,9.91107177734375
1789033801271945700,23.91194580078125,0.760917603969574,-5.431707382202148,9.877572059631348
1789033801281871000,23.92187109375,-0.16271193325519562,-5.536991596221924,8.85344409942627
1789033801291796500,23.93179638671875,-1.674975872039795,-4.977071285247803,7.858029365539551
1789033801301721600,23.9417216796875,-2.8043880462646484,-4.632504463195801,7.412964344024658
1789033801311647000,23.95164697265625,-2.297109842300415,-4.455435752868652,7.010970115661621
1789033801321572000,23.961572021484375,-1.1054840087890625,-4.3310089111328125,6.585047721862793
1789033801331497500,23.97149755859375,-0.9284151792526245,-3.7423746585845947,6.570691108703613
1789033801341422600,23.981422607421877,-1.277767300605774,-3.5461630821228027,6.049055576324463
1789033801351348000,23.991347900390625,-1.3399807214736938,-3.3930225372314453,5.31685209274292
1789033801361273000,24.001273193359374,-1.7371892929077148,-3.493520975112915,4.8191447257995605
1789033801371198500,24.011198486328126,-2.124826431274414,-3.775874137878418,4.570291042327881
1789033801381123600,24.02112353515625,-2.2540390491485596,-3.565305709838867,4.522434711456299
1789033801391049000,24.031049072265624,-1.8137595653533936,-2.6081767082214355,4.48414945602417
1789033801400974000,24.04097412109375,-1.8185452222824097,-2.273181438446045,4.326223373413086
1789033801410899500,24.0508994140625,-1.7515461444854736,-2.6368906497955322,4.249652862548828
1789033801420824600,24.060824462890626,-1.0432707071304321,-3.053241729736328,4.46979284286499
1789033801430750000,24.07075,-1.0815558433532715,-3.1250264644622803,4.938786029815674
1789033801440675000,24.080675048828127,-1.7563318014144897,-2.8043880462646484,5.173282623291016
1789033801450600400,24.090600341796875,-2.297109842300415,-2.713460922241211,5.3934221267700195
1789033801460525600,24.100525634765624,-2.0961127281188965,-2.847458839416504,5.441278457641602
1789033801470451000,24.110450927734377,-2.1343977451324463,-2.943171739578247,5.814558982849121
1789033801480376300,24.120376220703125,-2.0673987865448,-2.967100143432617,6.522834300994873
1789033801490301400,24.130301513671874,-1.8472590446472168,-2.9718856811523438,7.188039302825928
1789033801500226800,24.140226806640626,-2.0578274726867676,-3.345165967941284,7.762316703796387
1789033801510152000,24.15015185546875,-1.6701902151107788,-3.751945972442627,7.637889862060547
1789033801520077300,24.160077392578124,-1.6319050788879395,-4.01037073135376,7.733603000640869
1789033801530002400,24.17000244140625,-2.139183521270752,-4.321437835693359,8.10688304901123
1789033801539927800,24.179927734375,-2.3641088008880615,-4.34536600112915,8.58066177368164
1789033801549853000,24.18985302734375,-1.7371892929077148,-4.60857629776001,8.360522270202637
1789033801559778300,24.1997783203125,-0.9236295223236084,-4.890929698944092,8.078168869018555
1789033801569703400,24.209703369140627,-0.5694918036460876,-5.2115678787231445,8.21695327758789
1789033801579628800,24.21962890625,-0.8183453679084778,-5.5034918785095215,8.571090698242188
1789033801589554000,24.229553955078124,-1.196411371231079,-5.489135265350342,9.332008361816406
1789033801599479300,24.239479248046877,-1.521835207939148,-5.465207099914551,9.647860527038574
1789033801609404400,24.249404296875,-1.6654045581817627,-5.431707382202148,10.03549861907959
1789033801619329800,24.259329833984374,-0.9906286001205444,-5.556134223937988,10.576275825500488
1789033801629255000,24.2692548828125,-0.9619147181510925,-5.522634506225586,10.992627143859863
1789033801639180300,24.27918017578125,-1.1485549211502075,-5.857629776000977,11.035697937011719
1789033801649105400,24.28910546875,-1.057627558708191,-6.187839508056641,11.002198219299316
1789033801659030800,24.29903076171875,-0.3684946894645691,-6.4941205978393555,10.600204467773438
1789033801668956200,24.3089560546875,-0.9379864931106567,-6.967899322509766,9.604789733886719
1789033801678881300,24.31888134765625,-1.1820544004440308,-6.8865437507629395,8.901300430297852
1789033801688806700,24.328806640625,-1.6654045581817627,-6.881757736206055,8.738588333129883
1789033801698731800,24.338731689453127,-1.5409778356552124,-7.058826923370361,8.561519622802734
1789033801708657200,24.3486572265625,-0.7034898400306702,-7.29810905456543,8.81515884399414
1789033801718582300,24.358582275390624,-0.5264210104942322,-7.226324558258057,9.442078590393066
1789033801728507400,24.36850732421875,-0.851844847202301,-7.154539585113525,9.858428955078125
1789033801738432800,24.378432861328125,-1.3639088869094849,-6.97268533706665,10.040284156799316
1789033801748358100,24.388358154296874,-1.5840486288070679,-6.896114826202393,9.370293617248535
1789033801758283300,24.398283203125,-1.612762451171875,-6.412764549255371,9.346364974975586
1789033801768208600,24.408208740234375,-1.430907964706421,-5.7858452796936035,9.30329418182373
1789033801778133800,24.4181337890625,-1.521835207939148,-5.484349727630615,8.877371788024902
1789033801788059100,24.42805908203125,-1.2969099283218384,-5.704489231109619,8.513663291931152
1789033801797984300,24.437984375,-1.4835500717163086,-5.948556900024414,8.35573673248291
1789033801807909600,24.44790966796875,-1.8903298377990723,-6.230910301208496,8.293522834777832
1789033801817834800,24.457834716796874,-2.493321180343628,-6.403193473815918,8.609375953674316
1789033801827760000,24.467760009765627,-2.7565317153930664,-6.427121639251709,9.308079719543457
1789033801837685200,24.477685302734375,-2.857030153274536,-6.628118515014648,9.954142570495605
1789033801847610600,24.487610595703124,-2.2683959007263184,-6.853044033050537,10.470992088317871
1789033801857535700,24.49753564453125,-1.5649060010910034,-7.020541667938232,10.825129508972168
1789033801867461000,24.507461181640625,-0.5024927258491516,-6.709474563598633,10.820343971252441
1789033801877386200,24.51738623046875,0.2679961323738098,-6.144768714904785,10.614561080932617
1789033801887311600,24.5273115234375,0.8662018179893494,-5.546562671661377,9.891928672790527
1789033801897236700,24.53723681640625,0.5551348328590393,-5.355136871337891,8.709874153137207
1789033801907162000,24.547162109375,0.3684946894645691,-5.737988471984863,7.776673793792725
1789033801917087200,24.557087158203124,0.06699903309345245,-5.958128452301025,7.513463020324707
1789033801927012600,24.5670126953125,-0.5647061467170715,-6.025127410888672,7.791030406951904
1789033801936937700,24.576937744140626,-1.3256237506866455,-5.9916276931762695,8.365307807922363
1789033801946863000,24.586863037109374,-1.8999011516571045,-5.757131099700928,8.930013656616211
1789033801956788200,24.596788330078127,-1.9716858863830566,-5.245067119598389,9.499505996704102
1789033801966713600,24.606713623046875,-1.8233308792114258,-5.000999450683594,9.781859397888184
1789033801976638700,24.616638671875,-1.430907964706421,-5.230710506439209,9.399007797241211
1789033801986564000,24.626564208984377,-1.0193424224853516,-5.465207099914551,9.30329418182373
1789033801996489200,24.6364892578125,-0.5216353535652161,-5.843272686004639,9.135796546936035
1789033802006414600,24.64641455078125,0,-6.307480335235596,9.34157943725586
1789033802016339700,24.656339599609375,0.22013968229293823,-6.97268533706665,9.954142570495605
1789033802026265000,24.66626513671875,0.20099709928035736,-6.7621169090271,10.820343971252441
1789033802036190200,24.676190185546876,-0.607776939868927,-6.183053493499756,11.040483474731445
1789033802046115600,24.686115478515624,-1.2634103298187256,-5.508277893066406,10.73420238494873
1789033802056040700,24.696040771484373,-1.8807586431503296,-4.914857864379883,10.265209197998047
1789033802065966000,24.705966064453126,-2.5363919734954834,-4.46979284286499,9.183652877807617
1789033802075891200,24.71589111328125,-2.641676187515259,-4.201796531677246,8.226524353027344
1789033802085816600,24.725816650390627,-2.4837498664855957,-4.115654945373535,7.460821151733398
1789033802095741700,24.73574169921875,-2.775674343109131,-4.417150497436523,7.183253765106201
1789033802105667000,24.7456669921875,-3.321237802505493,-4.642076015472412,7.944170951843262
1789033802115592200,24.75559228515625,-3.407379388809204,-5.216353416442871,8.427521705627441
1789033802125517600,24.765517578125,-1.8472590446472168,-5.60399055480957,9.121439933776855
1789033802135442700,24.775442626953126,-0.4019941985607147,-5.733202934265137,9.810572624206543
1789033802145368000,24.7853681640625,0.6604190468788147,-5.637490272521973,10.782058715820312
1789033802155293200,24.795293212890623,1.454836130142212,-5.8337016105651855,11.212766647338867
1789033802165218600,24.805218505859376,1.2299108505249023,-6.072983741760254,10.49970531463623
1789033802175143700,24.815143798828124,-0.2105683982372284,-5.326423168182373,8.609375953674316
1789033802185069000,24.825069091796873,-2.249253273010254,-4.168296813964844,6.719046115875244
1789033802194994200,24.834994140625,-2.8809585571289062,-3.3164522647857666,5.690132141113281
1789033802204919600,24.84491943359375,-2.5842485427856445,-3.3020951747894287,5.690132141113281
1789033802214844700,24.8548447265625,-2.311466693878174,-3.603590965270996,6.4079790115356445
1789033802224770000,24.86477001953125,-1.7850457429885864,-3.82373046875,6.599404811859131
1789033802234695200,24.874695068359376,-1.6366907358169556,-3.94815731048584,5.97727108001709
1789033802244620500,24.88462060546875,-1.6223337650299072,-3.9768712520599365,5.230710506439209
1789033802254545700,24.894545654296873,-1.6558332443237305,-3.9529430866241455,4.890929698944092
1789033802264471000,24.904470947265626,-1.4404792785644531,-3.7328033447265625,4.613361835479736
1789033802274396200,24.914396240234375,-1.4835500717163086,-3.3690943717956543,4.359723091125488
1789033802284321500,24.924321533203123,-2.0961127281188965,-2.746960401535034,4.3070807456970215
1789033802294246700,24.93424658203125,-2.383251428604126,-2.785245656967163,4.130012035369873
1789033802304171800,24.944171875,-2.2540390491485596,-3.373879909515381,3.933800458908081
1789033802314097200,24.95409716796875,-2.139183521270752,-3.335594654083252,3.9625144004821777
1789033802324022500,24.9640224609375,-2.2157537937164307,-3.0245277881622314,3.9529430866241455
1789033802333947600,24.97394775390625,-2.2683959007263184,-2.699103832244873,4.292723655700684
1789033802343872800,24.983872802734375,-1.7180466651916504,-2.555534601211548,4.527220249176025
1789033802353798100,24.993798095703124,-1.2394821643829346,-2.68953275680542,4.780859470367432
1789033802363723300,25.00372314453125,-0.9619147181510925,-2.9479575157165527,5.431707382202148
1789033802373648600,25.013648681640625,-1.0097711086273193,-3.1824541091918945,6.465406894683838
1789033802383573800,25.02357373046875,-0.9188438653945923,-3.5365917682647705,7.369893550872803
1789033802393499100,25.0334990234375,-1.0336993932724,-3.871587038040161,7.680960655212402
1789033802403424300,25.04342431640625,-1.5840486288070679,-4.2209391593933105,7.963313579559326
1789033802413349600,25.053349609375,-1.4931213855743408,-4.527220249176025,8.025527000427246
1789033802423274800,25.063274658203124,-1.3112667798995972,-4.613361835479736,8.499305725097656
1789033802433200000,25.0732001953125,-1.3878371715545654,-4.656432628631592,8.800801277160645
1789033802443125200,25.083125244140625,-1.34476637840271,-4.8574299812316895,9.10229778289795
1789033802453050400,25.09305029296875,-0.8901300430297852,-5.221138954162598,9.571290969848633
1789033802462975700,25.102975830078126,-0.1052841991186142,-5.709274768829346,9.767501831054688
1789033802472901000,25.112901123046875,-0.23449662327766418,-6.001199245452881,9.982855796813965
1789033802482826200,25.122826171875,-1.0671988725662231,-6.049055576324463,10.198209762573242
1789033802492751600,25.132751708984376,-1.5026925802230835,-5.718846321105957,10.490134239196777
1789033802502676700,25.1426767578125,-1.6893328428268433,-5.733202934265137,10.269994735717773
1789033802512601900,25.152601806640625,-1.4787644147872925,-5.551348686218262,10.360921859741211
1789033802522527200,25.16252734375,-1.2634103298187256,-5.632704734802246,10.408778190612793
1789033802532452400,25.172452392578126,-0.7657032608985901,-5.8719868659973145,10.265209197998047
1789033802542377700,25.182377685546875,-0.5024927258491516,-6.206982135772705,10.198209762573242
1789033802552303000,25.19230322265625,-0.7752745151519775,-6.781259536743164,9.868000984191895
1789033802562228500,25.202228515625,-0.8757730722427368,-7.293323516845703,9.269794464111328
1789033802572153900,25.21215380859375,-0.6747759580612183,-7.494320392608643,9.255437850952148
1789033802582079200,25.222079345703126,-0.9619147181510925,-7.5565338134765625,9.231510162353516
1789033802592004600,25.232004638671874,-0.20099709928035736,-7.456035137176514,9.279366493225098
1789033802601930000,25.241929931640627,-0.22013968229293823,-7.188039302825928,9.140582084655762
1789033802611855400,25.25185546875,-0.7369893789291382,-6.766902446746826,9.097511291503906
1789033802621780700,25.26178076171875,-1.2394821643829346,-6.230910301208496,8.920442581176758
1789033802631706000,25.2717060546875,-1.5170495510101318,-5.924628734588623,8.575876235961914
1789033802641631200,25.28163134765625,-1.1341979503631592,-5.570491313934326,8.72901725769043
1789033802651556400,25.291556396484374,-1.2586246728897095,-5.594419479370117,8.891729354858398
1789033802661481500,25.3014814453125,-0.9858429431915283,-5.9916276931762695,8.925228118896484
1789033802671406600,25.311406494140623,-0.9810572862625122,-6.159125328063965,9.169296264648438
1789033802681331700,25.321331787109376,-1.153340458869934,-6.254838466644287,9.083154678344727
1789033802691256800,25.3312568359375,-1.545763373374939,-6.4701924324035645,8.901300430297852
1789033802701182000,25.341181884765625,-2.1439690589904785,-6.4701924324035645,9.10229778289795
1789033802711106800,25.35110693359375,-2.6847469806671143,-6.709474563598633,9.547362327575684
1789033802721032000,25.361031982421874,-2.5459632873535156,-6.97268533706665,9.982855796813965
1789033802730957000,25.37095703125,-2.0865414142608643,-7.11146879196167,10.140782356262207
1789033802740882400,25.38088232421875,-1.8041882514953613,-7.202396392822266,9.992427825927734
1789033802750807600,25.3908076171875,-0.9762716293334961,-6.97268533706665,9.805787086486816
1789033802760732700,25.400732666015625,-0.7082754969596863,-6.398407936096191,9.882357597351074
1789033802770658000,25.410657958984373,-0.04307080805301666,-5.714060306549072,9.53779125213623
1789033802780583200,25.420583251953126,0.1052841991186142,-5.034498691558838,9.317651748657227
1789033802790508300,25.43050830078125,0.4498506486415863,-4.886143684387207,8.695517539978027
1789033802800433700,25.44043359375,-0.3397808074951172,-5.06799840927124,8.159524917602539
1789033802810358800,25.45035888671875,0.16271193325519562,-5.580062389373779,7.724031448364258
1789033802820284000,25.460283935546876,0.2584248483181,-6.015556335449219,7.680960655212402
1789033802830209300,25.470209228515625,-0.3397808074951172,-6.211767673492432,8.0350980758667
1789033802840134400,25.480134521484374,-1.368694543838501,-6.293123722076416,8.413164138793945
1789033802850059800,25.490059814453126,-2.0961127281188965,-6.082555294036865,8.805587768554688
1789033802859985000,25.49998486328125,-1.7324036359786987,-5.862415313720703,8.839086532592773
1789033802869910300,25.50991015625,-1.2873386144638062,-5.9198431968688965,8.810373306274414
1789033802879835600,25.519835693359376,-1.210768222808838,-5.838487148284912,9.317651748657227
1789033802889760800,25.5297607421875,-1.2538390159606934,-6.125626087188721,9.930213928222656
1789033802899686100,25.53968603515625,-1.0480563640594482,-6.479763507843018,10.533205032348633
1789033802909611300,25.549611328125,-0.9762716293334961,-6.565905570983887,11.212766647338867
1789033802919536600,25.55953662109375,-0.5934200286865234,-6.254838466644287,12.088540077209473
1789033802929461800,25.569461669921875,-0.7417750358581543,-5.867201328277588,12.31825065612793
1789033802939387100,25.57938720703125,-0.8566305041313171,-5.426921844482422,11.91625690460205
1789033802949312300,25.589312255859376,-1.3112667798995972,-4.957928657531738,10.15035343170166
1789033802959237400,25.5992373046875,-2.531606435775757,-4.60857629776001,8.054241180419922
1789033802969162800,25.609162841796874,-4.000799655914307,-4.48414945602417,7.479963779449463
1789033802979088000,25.619087890625,-4.48414945602417,-4.666004180908203,7.5086774826049805
1789033802989013000,25.629012939453126,-3.5605201721191406,-4.8813581466674805,7.661818027496338
1789033802998938400,25.6389384765625,-1.6223337650299072,-4.895715236663818,8.628518104553223
1789033803008863500,25.648863525390624,-0.4450650215148926,-5.044070243835449,9.738788604736328
1789033803018788600,25.65878857421875,-0.02871387079358101,-5.431707382202148,10.786844253540039
1789033803028714000,25.6687138671875,-0.1866401731967926,-5.85284423828125,10.62413215637207
1789033803038639000,25.67863916015625,-0.5694918036460876,-5.800201892852783,9.547362327575684
1789033803048564500,25.688564453125,-1.8999011516571045,-5.498706340789795,8.417949676513672
1789033803058489900,25.69848974609375,-2.359323024749756,-5.125426292419434,7.317251682281494
1789033803068415200,25.708415283203124,-1.4739787578582764,-4.656432628631592,6.149554252624512
1789033803078340400,25.71834033203125,-0.727418065071106,-3.8763725757598877,5.489135265350342
1789033803088265700,25.728265625,-0.7178468108177185,-3.1968109607696533,5.685346603393555
1789033803098191000,25.738191162109374,-1.3878371715545654,-3.053241729736328,5.857629776000977
1789033803108116500,25.748116455078126,-1.588834285736084,-3.249453067779541,5.26899528503418
1789033803118041900,25.758041748046875,-1.4021940231323242,-3.460021495819092,4.756931304931641
1789033803127967000,25.767967041015623,-1.2394821643829346,-3.407379388809204,4.6995038986206055
1789033803137892000,25.77789208984375,-1.5026925802230835,-2.885744094848633,4.800002098083496
1789033803147817500,25.7878173828125,-1.4644074440002441,-2.3306093215942383,4.541577339172363
1789033803157742600,25.79774267578125,-1.1868400573730469,-2.5363919734954834,4.115654945373535
1789033803167667700,25.807667724609374,-1.3256237506866455,-2.589034080505371,3.94815731048584
1789033803177592800,25.8175927734375,-1.5984054803848267,-2.579462766647339,3.981656789779663
1789033803187518000,25.82751806640625,-1.828116536140442,-2.5603201389312744,4.570291042327881
1789033803197443000,25.837443115234375,-2.0482561588287354,-2.56510591506958,5.048855781555176
1789033803207368200,25.8473681640625,-2.3162522315979004,-2.7086751461029053,5.13021183013916
1789033803217293600,25.85729345703125,-1.9621145725250244,-2.8187451362609863,5.058426856994629
1789033803227218700,25.86721875,-1.521835207939148,-2.9958138465881348,5.111069202423096
1789033803237143800,25.877143798828126,-1.3878371715545654,-2.9479575157165527,6.001199245452881
1789033803247069200,25.887069091796874,-1.4979069232940674,-3.053241729736328,7.044469833374023
1789033803256994300,25.896994384765627,-1.7802600860595703,-3.4169507026672363,7.628318786621094
1789033803266919700,25.906919677734376,-1.7467604875564575,-4.053441524505615,7.685746192932129
1789033803276844800,25.9168447265625,-1.3782658576965332,-4.42193603515625,8.097311973571777
1789033803286770200,25.926770263671877,-1.7371892929077148,-4.785645484924316,8.513663291931152
1789033803296695600,25.936695556640625,-2.287538528442383,-4.938786029815674,9.030512809753418
1789033803306620700,25.94662060546875,-2.029113531112671,-5.087141036987305,9.28893756866455
1789033803316546000,25.956546142578127,-1.5074782371520996,-5.412564754486084,9.068798065185547
1789033803326471200,25.96647119140625,-0.7369893789291382,-5.824130535125732,8.882157325744629
1789033803336396500,25.976396484375,-0.4163511395454407,-6.072983741760254,9.09272575378418
1789033803346321700,25.98632177734375,-0.8757730722427368,-6.240481376647949,9.55214786529541
1789033803356246800,25.996246826171873,-1.306481122970581,-6.3122663497924805,9.877572059631348
1789033803366172200,26.006172119140626,-1.679761528968811,-6.4701924324035645,10.078569412231445
1789033803376097300,26.01609716796875,-1.2634103298187256,-6.465406894683838,10.49970531463623
1789033803386022400,26.0260224609375,-1.191625714302063,-6.221338748931885,10.815558433532715
1789033803395947800,26.03594775390625,-1.2490534782409668,-6.297909259796143,10.576275825500488
1789033803405873000,26.045872802734376,-1.0145567655563354,-6.297909259796143,10.107282638549805
1789033803415798000,26.055798095703125,-0.698704183101654,-6.245266914367676,9.67657470703125
1789033803425723400,26.065723388671874,-0.7992027401924133,-6.020341873168945,9.370293617248535
1789033803435648500,26.0756484375,-0.6604190468788147,-5.9916276931762695,8.96829891204834
1789033803445574000,26.085573974609375,-0.7417750358581543,-6.197410583496094,8.46580696105957
1789033803455499000,26.0954990234375,-0.28235307335853577,-6.608976364135742,7.77188777923584
1789033803465424100,26.105424072265624,-0.641276478767395,-6.680760860443115,8.10688304901123
1789033803475349500,26.115349609375,-0.7752745151519775,-6.733402729034424,8.642875671386719
1789033803485274600,26.125274658203125,-0.6556333899497986,-6.695117950439453,9.360722541809082
1789033803495199700,26.13519970703125,-0.851844847202301,-6.642475605010986,10.145567893981934
1789033803505125000,26.145125,-1.2969099283218384,-6.5180487632751465,10.60977554321289
1789033803515050200,26.15505029296875,-0.7082754969596863,-6.144768714904785,10.360921859741211
1789033803524975400,26.164975341796875,-0.11485548317432404,-5.79063081741333,10.145567893981934
1789033803534900700,26.174900634765624,-0.4977070987224579,-5.436492919921875,9.77707290649414
1789033803544826000,26.184826171875,-1.0671988725662231,-5.374279499053955,9.284152030944824
1789033803554751200,26.194751220703125,-1.3639088869094849,-5.398207664489746,8.992227554321289
1789033803564676400,26.20467626953125,-1.6558332443237305,-5.694917678833008,8.997013092041016
1789033803574601700,26.214601806640626,-1.9669002294540405,-6.096911907196045,9.365508079528809
1789033803584526800,26.22452685546875,-2.392822742462158,-6.522834300994873,9.829715728759766
1789033803594452000,26.234451904296876,-2.0578274726867676,-6.991827964782715,9.958928108215332
1789033803604377300,26.24437744140625,-2.1296122074127197,-7.412964344024658,10.2747802734375
1789033803614302500,26.254302490234377,-2.392822742462158,-7.628318786621094,10.63370418548584
1789033803624227600,26.2642275390625,-1.947757601737976,-7.36032247543335,10.939985275268555
1789033803634153000,26.274153076171874,-0.45942193269729614,-6.814758777618408,10.777273178100586
1789033803644078000,26.284078125,1.3256237506866455,-6.3601226806640625,10.155138969421387
1789033803654003500,26.29400341796875,1.0001999139785767,-5.876772403717041,9.346364974975586
1789033803663928600,26.303928466796876,0.25363919138908386,-5.714060306549072,8.240880966186523
1789033803673854000,26.31385400390625,0.4450650215148926,-5.60399055480957,7.594819068908691
1789033803683779000,26.323779052734373,0.33020952343940735,-5.651846885681152,7.6474609375
1789033803693704400,26.333704345703126,-0.5216353535652161,-5.714060306549072,7.810173034667969
1789033803703629600,26.343629638671874,-1.2394821643829346,-6.015556335449219,7.805387496948242
1789033803713555000,26.353554931640623,-2.172683000564575,-5.795416355133057,8.236095428466797
1789033803723480000,26.36347998046875,-2.5076780319213867,-5.216353416442871,8.915657043457031
1789033803733405400,26.373405517578124,-1.9716858863830566,-5.254638671875,9.164510726928711
1789033803743330800,26.383330810546877,-1.1868400573730469,-5.087141036987305,9.571290969848633
1789033803753256000,26.393255859375,-0.5216353535652161,-5.149354457855225,9.954142570495605
1789033803763181000,26.40318115234375,-0.1579262912273407,-5.661418437957764,10.494919776916504
1789033803773106400,26.4131064453125,-0.019142581149935722,-6.125626087188721,10.777273178100586
1789033803783031600,26.423031494140623,-0.8422735929489136,-6.154339790344238,10.892128944396973
1789033803792956700,26.432956787109376,-0.5934200286865234,-5.7619171142578125,11.23190975189209
1789033803802882000,26.442882080078125,-1.0241280794143677,-5.426921844482422,11.13619613647461
1789033803812807200,26.45280712890625,-1.215553879737854,-5.111069202423096,9.891928672790527
1789033803822732300,26.462732177734374,-1.277767300605774,-4.752145767211914,8.628518104553223
1789033803832657700,26.47265771484375,-1.6893328428268433,-4.436293125152588,7.657032489776611
1789033803842582800,26.482582763671875,-2.651247501373291,-4.311866283416748,7.0301127433776855
1789033803852508000,26.4925078125,-3.5030922889709473,-4.07258415222168,7.03489875793457
1789033803862433300,26.502433349609376,-3.541377544403076,-4.3788652420043945,7.283751964569092
1789033803872358400,26.5123583984375,-2.5220351219177246,-4.742574691772461,8.169096946716309
1789033803882283500,26.522283447265625,-0.7752745151519775,-5.278566837310791,9.131011009216309
1789033803892209000,26.532208984375,0.5264210104942322,-5.752345561981201,9.90149974822998
1789033803902134000,26.542134033203126,1.124626636505127,-5.986842155456543,10.332208633422852
1789033803912059100,26.55205908203125,0.24885354936122894,-6.0538411140441895,9.839286804199219
1789033803921984500,26.561984619140624,-1.6845471858978271,-5.848058700561523,9.035298347473145
1789033803931909600,26.57190966796875,-2.4741785526275635,-5.2977094650268555,7.843672752380371
1789033803941834800,26.581834716796877,-1.4787644147872925,-4.7234320640563965,6.317051887512207
1789033803951760100,26.591760009765625,-0.7465606927871704,-4.039084434509277,5.7858452796936035
1789033803961685200,26.601685302734374,-1.5744773149490356,-3.115455150604248,5.776273727416992
1789033803971610600,26.611610595703127,-2.579462766647339,-2.746960401535034,5.551348686218262
1789033803981536000,26.621535888671875,-2.1200408935546875,-2.761317253112793,4.981856822967529
1789033803991461000,26.631461181640624,-1.2442678213119507,-2.837887763977051,4.718646049499512
1789033804001386500,26.641386474609376,-0.7513462901115417,-2.809173822402954,4.938786029815674
1789033804011311600,26.6513115234375,-1.588834285736084,-2.823530673980713,4.823930263519287
1789033804021237000,26.661237060546874,-1.832902193069458,-3.239881753921509,4.603790760040283
1789033804031162000,26.671162109375,-1.5074782371520996,-3.4121651649475098,4.661218643188477
1789033804041087500,26.68108740234375,-1.7228323221206665,-3.0867412090301514,4.570291042327881
1789033804051012600,26.6910126953125,-1.9669002294540405,-3.1824541091918945,4.560719966888428
1789033804060938000,26.70093798828125,-1.8472590446472168,-2.9862427711486816,4.828716278076172
1789033804070863000,26.710863037109377,-1.7515461444854736,-3.0005996227264404,4.713860511779785
1789033804080788200,26.720788330078125,-1.8951154947280884,-2.8187451362609863,5.13021183013916
1789033804090713600,26.730713623046874,-1.430907964706421,-3.0628130435943604,4.838287353515625
1789033804100638700,26.740638671875,-1.124626636505127,-3.16331148147583,5.26899528503418
1789033804110563800,26.750563720703123,-1.124626636505127,-3.1680972576141357,5.97727108001709
1789033804120489200,26.7604892578125,-1.4500504732131958,-3.1489546298980713,6.9104719161987305
1789033804130414300,26.770414306640625,-1.4691931009292603,-3.5126636028289795,7.231110095977783
1789033804140339500,26.78033935546875,-1.6031911373138428,-3.924229145050049,7.575676441192627
1789033804150264800,26.790264892578126,-1.9573289155960083,-4.302295207977295,7.992027759552002
1789033804160190000,26.80018994140625,-2.043470621109009,-4.551148891448975,8.542376518249512
1789033804170115000,26.810114990234375,-1.6510475873947144,-4.73300313949585,9.183652877807617
1789033804180040400,26.82004052734375,-1.5649060010910034,-4.890929698944092,9.154939651489258
1789033804189965600,26.829965576171876,-1.1629117727279663,-4.991427898406982,9.049654960632324
1789033804199890700,26.839890625,-0.32542386651039124,-5.158925533294678,9.087940216064453
1789033804209816000,26.849816162109374,-0.27756741642951965,-5.2737812995910645,8.997013092041016
1789033804219741200,26.8597412109375,-0.7848458290100098,-5.422136306762695,9.255437850952148
1789033804229666300,26.869666259765626,-0.7417750358581543,-5.637490272521973,9.265008926391602
1789033804239591700,26.879591796875,-1.1676974296569824,-5.752345561981201,9.480362892150879
1789033804249516800,26.889516845703124,-1.100698471069336,-6.010770320892334,9.920642852783203
1789033804259442200,26.899442138671876,-0.7752745151519775,-6.355337142944336,10.332208633422852
1789033804269367300,26.9093671875,-0.46899324655532837,-6.63769006729126,10.700702667236328
1789033804279292700,26.919292724609374,0.08614161610603333,-6.8865437507629395,10.547562599182129
1789033804289218000,26.929218017578126,-0.1579262912273407,-7.1162543296813965,10.26042366027832
1789033804299143200,26.93914306640625,-1.0671988725662231,-6.92482852935791,9.90149974822998
1789033804309068500,26.949068603515624,-1.1389836072921753,-6.814758777618408,9.150154113769531
1789033804318993700,26.95899365234375,-1.2011969089508057,-6.733402729034424,8.60459041595459
1789033804328919000,26.9689189453125,-0.5407779216766357,-6.666403770446777,8.609375953674316
1789033804338844200,26.97884423828125,-0.5742774605751038,-6.321837425231934,9.57607650756836
1789033804348769500,26.98876953125,-1.196411371231079,-6.20219612121582,10.427921295166016
1789033804358694700,26.998694580078126,-0.8709874153137207,-6.230910301208496,10.628918647766113
1789033804368619800,27.008619873046875,-1.191625714302063,-6.3361945152282715,10.41356372833252
1789033804378545200,27.018545166015624,-1.0001999139785767,-6.345765590667725,10.040284156799316
1789033804388470300,27.02847021484375,-1.124626636505127,-6.498906135559082,9.236295700073242
1789033804398395400,27.0383955078125,-0.9954141974449158,-6.3601226806640625,9.154939651489258
1789033804408320800,27.04832080078125,-0.97148597240448,-6.278766632080078,8.700303077697754
1789033804418246000,27.058245849609374,-1.2011969089508057,-6.293123722076416,8.58066177368164
1789033804428171000,27.0681708984375,-1.794616937637329,-6.168696880340576,8.82951545715332
1789033804438096400,27.078096435546875,-2.3258235454559326,-6.226124286651611,8.910871505737305
1789033804448021500,27.088021484375,-2.68953275680542,-6.350551128387451,9.274580955505371
1789033804457946600,27.097946533203125,-2.4406790733337402,-6.556334018707275,9.293723106384277
1789033804467872000,27.1078720703125,-1.94297194480896,-6.742974281311035,9.164510726928711
1789033804477797000,27.117797119140626,-1.698904037475586,-6.891329288482666,9.164510726928711
1789033804487722200,27.12772216796875,-1.1054840087890625,-6.915257453918457,9.399007797241211
1789033804497647600,27.137647705078123,-0.8327022790908813,-6.594619274139404,9.839286804199219
1789033804507572700,27.14757275390625,-0.4259224236011505,-6.092126369476318,9.848857879638672
1789033804517497900,27.157497802734376,-0.1579262912273407,-5.599205017089844,9.480362892150879
1789033804527423200,27.16742333984375,-0.02871387079358101,-5.575276851654053,9.035298347473145
1789033804537348400,27.177348388671874,-0.4211367964744568,-5.613562107086182,8.896514892578125
1789033804547273700,27.187273681640626,-0.17706887423992157,-5.857629776000977,8.963513374328613
1789033804557198800,27.19719873046875,0.3158525824546814,-5.891129493713379,8.896514892578125
1789033804567124000,27.2071240234375,0.22492532432079315,-5.91505765914917,8.700303077697754
1789033804577049300,27.21704931640625,-0.5312066078186035,-5.819344520568848,8.724231719970703
1789033804586974500,27.226974365234376,-1.430907964706421,-5.66620397567749,8.93958568572998
1789033804596899600,27.236899658203125,-2.014756679534912,-5.326423168182373,9.236295700073242
1789033804606825000,27.246824951171874,-1.7371892929077148,-5.106283664703369,9.389435768127441
1789033804616750000,27.25675,-1.2059825658798218,-5.115854740142822,9.461220741271973
1789033804626675200,27.26667529296875,-1.0289137363433838,-4.991427898406982,10.38485050201416
1789033804636600600,27.2766005859375,-0.33020952343940735,-5.2115678787231445,10.762916564941406
1789033804646525700,27.286525634765624,-0.0526420995593071,-5.905486106872559,10.85862922668457
1789033804656450800,27.296450927734377,-0.9379864931106567,-6.130411624908447,10.992627143859863
1789033804666376200,27.306376220703125,-0.9523434042930603,-5.953342914581299,11.10748291015625
1789033804676301300,27.31630126953125,-0.6173482537269592,-5.8337016105651855,10.576275825500488
1789033804686226400,27.326226318359375,-0.8709874153137207,-5.580062389373779,9.116654396057129
1789033804696151800,27.33615185546875,-2.139183521270752,-5.292923450469971,8.135597229003906
1789033804706077000,27.346076904296876,-2.9862427711486816,-5.082355499267578,7.566105365753174
1789033804716002000,27.356001953125,-2.7182464599609375,-5.039284706115723,7.010970115661621
1789033804725927400,27.365927490234377,-1.9142581224441528,-5.197210788726807,7.523034572601318
1789033804735852500,27.3758525390625,-1.3160524368286133,-5.402993679046631,8.350951194763184
1789033804745777700,27.385777587890626,-1.3256237506866455,-5.335994720458984,9.322437286376953
1789033804755703000,27.395703125,-1.7515461444854736,-5.489135265350342,9.408578872680664
1789033804765628200,27.405628173828124,-1.9812572002410889,-5.508277893066406,9.020941734313965
1789033804775553300,27.41555322265625,-1.526620864868164,-5.2737812995910645,7.886743545532227
1789033804785478700,27.425478759765625,-1.3591232299804688,-4.7712883949279785,6.996613502502441
1789033804795403800,27.43540380859375,-1.828116536140442,-4.340580463409424,6.905686378479004
1789033804805329000,27.445328857421874,-1.6319050788879395,-4.07258415222168,7.159325122833252
1789033804815254300,27.455254150390626,-1.0049854516983032,-3.7950167655944824,7.125825881958008
1789033804825179400,27.465179443359375,-0.44027936458587646,-3.579662561416626,6.618547439575195
1789033804835104800,27.475104736328124,-0.7704889178276062,-3.507878065109253,6.307480335235596
1789033804845030000,27.48502978515625,-1.5170495510101318,-3.689732551574707,5.848058700561523
1789033804854955000,27.494955078125,-2.1200408935546875,-3.5844483375549316,5.4173502922058105
1789033804864880400,27.50488037109375,-2.0961127281188965,-3.6083765029907227,5.288137912750244
1789033804874805500,27.514805419921874,-1.5601203441619873,-3.7328033447265625,5.182853698730469
1789033804884730600,27.524730712890626,-1.0911271572113037,-3.421736478805542,5.216353416442871
1789033804894656000,27.534656005859375,-1.0959128141403198,-3.5270206928253174,4.977071285247803
1789033804904581000,27.5445810546875,-1.1485549211502075,-3.4983067512512207,4.326223373413086
1789033804914506200,27.55450634765625,-1.9142581224441528,-3.043670415878296,3.799802303314209
1789033804924431600,27.564431640625,-2.0961127281188965,-2.6799614429473877,3.7423746585845947
1789033804934356700,27.574356689453126,-1.8089739084243774,-2.287538528442383,4.067798614501953
1789033804944281900,27.58428173828125,-1.947757601737976,-2.210968017578125,4.508078098297119
1789033804954207200,27.594207275390627,-1.8807586431503296,-2.3162522315979004,5.2737812995910645
1789033804964132400,27.60413232421875,-1.3112667798995972,-2.6943182945251465,5.637490272521973
1789033804974057500,27.614057373046876,-1.4500504732131958,-3.129812002182007,6.230910301208496
1789033804983982800,27.62398291015625,-1.4404792785644531,-3.4743785858154297,6.829115867614746
1789033804993908000,27.633907958984373,-1.2921242713928223,-3.728017568588257,7.451249599456787
1789033805003833000,27.6438330078125,-1.6654045581817627,-4.058227062225342,7.848458290100098
1789033805013758500,27.653758544921875,-2.0243279933929443,-4.225724697113037,8.37966537475586
1789033805023683600,27.66368359375,-1.8759729862213135,-4.479363918304443,8.551948547363281
1789033805033608700,27.673608642578124,-1.7802600860595703,-4.622933387756348,8.800801277160645
1789033805043534000,27.6835341796875,-1.2681959867477417,-4.6372904777526855,8.752944946289062
1789033805053459200,27.693459228515625,-0.5982056856155396,-4.776073932647705,8.556734085083008
1789033805063384300,27.70338427734375,-0.2584248483181,-5.178068161010742,8.772088050842285
1789033805073309700,27.713309814453126,-0.32542386651039124,-5.355136871337891,9.375079154968262
1789033805083234800,27.72323486328125,-0.9571290612220764,-5.527420520782471,9.810572624206543
1789033805093160000,27.733159912109375,-1.4117653369903564,-5.699703693389893,9.8871431350708
1789033805103085300,27.743085205078124,-1.588834285736084,-5.929414749145508,9.647860527038574
1789033805113010400,27.753010498046876,-1.397408366203308,-6.010770320892334,9.561718940734863
1789033805122935800,27.762935791015625,-0.9906286001205444,-6.03948450088501,9.657432556152344
1789033805132861000,27.77286083984375,-0.550349235534668,-6.10169792175293,9.734002113342285
1789033805142786000,27.7827861328125,-0.24885354936122894,-6.317051887512207,9.456435203552246
1789033805152711400,27.79271142578125,0.3732803463935852,-6.580262184143066,9.236295700073242
1789033805162636500,27.802636474609375,-0.2392822653055191,-6.8482584953308105,8.95394229888916
1789033805172561700,27.812561767578124,-0.8997012972831726,-6.786045074462891,9.097511291503906
1789033805182487000,27.822487060546877,-1.550549030303955,-6.92482852935791,9.370293617248535
1789033805192412200,27.832412109375,-1.8137595653533936,-6.977470874786377,9.695717811584473
1789033805202337300,27.842337158203126,-0.9906286001205444,-7.240681171417236,9.681360244750977
1789033805212262700,27.8522626953125,-0.8327022790908813,-7.245467185974121,9.982855796813965
1789033805222187800,27.862187744140623,-0.3684946894645691,-7.063612461090088,10.04985523223877
1789033805232113000,27.87211279296875,-0.6029912829399109,-6.508477687835693,10.327422142028809
1789033805242038300,27.882038330078124,-1.3543375730514526,-6.446264266967773,10.021141052246094
1789033805251963400,27.89196337890625,-1.6079767942428589,-6.522834300994873,9.489934921264648
1789033805261888500,27.901888427734374,-1.2586246728897095,-6.340980052947998,9.53779125213623
1789033805271814000,27.91181396484375,-1.100698471069336,-6.3122663497924805,9.528220176696777
1789033805281739000,27.921739013671875,-1.2203395366668701,-6.422336101531982,9.312865257263184
1789033805291664100,27.9316640625,-1.7324036359786987,-6.7621169090271,9.231510162353516
1789033805301589500,27.941589599609376,-1.6175481081008911,-7.09711217880249,9.480362892150879
1789033805311514600,27.9515146484375,-1.919043779373169,-7.231110095977783,10.040284156799316
1789033805321439700,27.961439697265625,-2.3976082801818848,-6.991827964782715,10.542776107788086
1789033805331365000,27.971365234375,-2.5842485427856445,-6.355337142944336,10.74855899810791
1789033805341290200,27.981290283203126,-2.4263222217559814,-5.670989513397217,10.671989440917969
1789033805351215400,27.99121533203125,-1.7467604875564575,-5.37906551361084,10.514062881469727
1789033805361140700,28.001140625,-0.19142581522464752,-5.446064472198486,9.695717811584473
1789033805371065900,28.01106591796875,0.7704889178276062,-5.431707382202148,8.513663291931152
1789033805380991000,28.020990966796877,1.210768222808838,-5.19242525100708,7.427321434020996
1789033805390916400,28.030916259765625,1.2969099283218384,-5.221138954162598,6.4079790115356445
1789033805400841500,28.040841552734374,0.11964113265275955,-5.781059741973877,5.436492919921875
1789033805410766800,28.050766845703127,-1.9669002294540405,-6.288337707519531,5.910272121429443
1789033805420692000,28.06069189453125,-1.794616937637329,-6.460621356964111,7.436892986297607
1789033805430617000,28.0706171875,-0.8374879360198975,-6.86261510848999,8.733802795410156
1789033805440542500,28.08054248046875,-0.698704183101654,-7.073183536529541,9.781859397888184
1789033805450467600,28.090467529296873,-0.7992027401924133,-6.489335060119629,10.293923377990723
1789033805460392700,28.100392822265626,-1.301695466041565,-5.8719868659973145,10.729416847229004
1789033805470318000,28.110318115234374,-2.0721843242645264,-5.446064472198486,10.978270530700684
1789033805480243200,28.1202431640625,-2.2444677352905273,-5.388636589050293,10.829915046691895
1789033805490168300,28.130168212890624,-1.794616937637329,-5.493920803070068,11.054841041564941
1789033805500093700,28.14009375,-1.196411371231079,-5.948556900024414,10.949556350708008
1789033805510018800,28.150018798828125,-0.9571290612220764,-6.738188743591309,10.906485557556152
1789033805519944000,28.15994384765625,-1.038485050201416,-7.020541667938232,11.236695289611816
1789033805529869300,28.169869384765626,-1.0528420209884644,-6.805187702178955,11.547761917114258
1789033805539794400,28.17979443359375,-1.5314065217971802,-6.422336101531982,11.389835357666016
1789033805549719800,28.1897197265625,-2.6608188152313232,-6.967899322509766,9.93978500366211
1789033805559645000,28.19964501953125,-2.9288148880004883,-7.503891944885254,8.226524353027344
1789033805569570000,28.209570068359376,-2.2205393314361572,-7.853243827819824,7.441678524017334
1789033805579495400,28.219495361328125,-1.3591232299804688,-7.676175117492676,7.0061845779418945
1789033805589420500,28.229420654296874,-0.7848458290100098,-6.996613502502441,6.565905570983887
1789033805599345700,28.239345703125,-1.277767300605774,-5.19242525100708,6.642475605010986
1789033805609271000,28.24927099609375,-2.837887763977051,-3.436093330383301,7.015756130218506
1789033805619196200,28.259196044921875,-3.9050865173339844,-2.469393014907837,7.613961696624756
1789033805629121500,28.26912158203125,-3.460021495819092,-2.6560330390930176,8.628518104553223
1789033805639046700,28.279046630859376,-2.0195422172546387,-3.6610186100006104,9.18843936920166
1789033805648971800,28.2889716796875,-0.02871387079358101,-4.709074974060059,8.63330364227295
1789033805658897000,28.29889697265625,0.6891329288482666,-4.9292144775390625,7.637889862060547
1789033805668822300,28.308822265625,0.5790630578994751,-4.498506546020508,6.302694797515869
1789033805678747400,28.318747314453127,0.14835500717163086,-3.7088751792907715,4.914857864379883
1789033805688672500,28.328672607421876,-0.7369893789291382,-2.8043880462646484,4.07258415222168
1789033805698597600,28.33859765625,-1.6845471858978271,-2.163111686706543,3.7423746585845947
1789033805708522800,28.348522705078125,-2.3497519493103027,-2.1056840419769287,3.9385859966278076
1789033805718447900,28.35844775390625,-2.1678972244262695,-2.60339093208313,4.240081787109375
1789033805728373000,28.368373046875,-0.885344386100769,-3.043670415878296,4.058227062225342
1789033805738298400,28.37829833984375,0.17706887423992157,-2.9001009464263916,3.7423746585845947
1789033805748223500,28.388223388671875,-0.7896314859390259,-2.0338993072509766,4.264009952545166
1789033805758148600,28.398148681640624,-1.2490534782409668,-1.7324036359786987,5.20678186416626
1789033805768073700,28.40807373046875,-1.306481122970581,-2.3784656524658203,5.91505765914917
1789033805777999000,28.4179990234375,-1.210768222808838,-3.6370904445648193,5.642275810241699
1789033805787924200,28.42792431640625,-1.1437692642211914,-4.53200626373291,5.029713153839111
1789033805797849300,28.437849365234374,-1.832902193069458,-4.240081787109375,5.441278457641602
1789033805807774700,28.447774658203127,-3.067598581314087,-3.483949661254883,7.106683254241943
1789033805817699800,28.457699951171875,-3.139383316040039,-3.541377544403076,9.001798629760742
1789033805827625000,28.467625,-1.9860427379608154,-4.158725738525391,9.647860527038574
1789033805837550300,28.47755029296875,-1.1341979503631592,-5.398207664489746,9.322437286376953
1789033805847475500,28.487475341796873,-0.5120640397071838,-6.508477687835693,7.858029365539551
1789033805857400600,28.497400634765626,-1.2299108505249023,-6.833901405334473,6.709474563598633
1789033805867326000,28.507325927734374,-3.0628130435943604,-6.537191390991211,6.546762943267822
1789033805877251000,28.5172509765625,-4.398007869720459,-5.7619171142578125,7.23589563369751
1789033805887176200,28.52717626953125,-4.278367042541504,-5.302495002746582,7.403393268585205
1789033805897101600,28.5371015625,-3.0388846397399902,-4.9531426429748535,7.140182971954346
1789033805907026700,28.547026611328125,-1.550549030303955,-4.910071849822998,7.154539585113525
1789033805916952000,28.5569521484375,0.35413774847984314,-4.924428939819336,7.09711217880249
1789033805926877200,28.566877197265626,0.6317051649093628,-4.977071285247803,7.4225358963012695
1789033805936802300,28.57680224609375,0.8183453679084778,-5.407779216766357,7.494320392608643
1789033805946727700,28.586727783203123,-0.6173482537269592,-6.068198204040527,7.5804619789123535
1789033805956652800,28.59665283203125,-1.789831280708313,-6.26440954208374,8.0350980758667
1789033805966578000,28.606577880859376,-1.770688772201538,-6.398407936096191,8.102097511291504
1789033805976503300,28.61650341796875,-1.1341979503631592,-6.51326322555542,7.9968132972717285
1789033805986428400,28.626428466796874,-0.9044869542121887,-6.340980052947998,8.48016357421875
1789033805996353500,28.636353515625,-0.3732803463935852,-6.092126369476318,9.083154678344727
1789033806006279000,28.64627880859375,-0.5599204897880554,-5.8959150314331055,9.657432556152344
1789033806016204000,28.6562041015625,-0.698704183101654,-5.91505765914917,9.772287368774414
1789033806026129200,28.666129150390624,-0.35892340540885925,-6.116054534912109,9.351150512695312
1789033806036054500,28.676054443359376,-0.4977070987224579,-5.642275810241699,9.77707290649414
1789033806045979600,28.685979736328125,-0.7130611538887024,-4.9292144775390625,10.528419494628906
1789033806055904800,28.69590478515625,-0.49292147159576416,-4.3549370765686035,11.274980545043945
1789033806065830000,28.705829833984374,-0.5168496966362,-4.311866283416748,11.375478744506836
1789033806075755000,28.715755126953123,-0.2967100143432617,-4.3070807456970215,10.810772895812988
1789033806085680400,28.725680419921876,-0.02871387079358101,-4.364508628845215,9.944570541381836
1789033806095605500,28.73560546875,-0.1052841991186142,-4.48414945602417,9.226723670959473
1789033806105530600,28.745530517578125,-0.30149564146995544,-4.766502857208252,8.800801277160645
1789033806115455700,28.755455810546874,0.2967100143432617,-4.962714195251465,8.685946464538574
1789033806125380900,28.765380859375,-0.062213387340307236,-4.871787071228027,9.040083885192871
1789033806135306000,28.775305908203126,-0.727418065071106,-5.249852657318115,9.384650230407715
1789033806145231000,28.785231201171875,-0.2632105052471161,-5.651846885681152,9.686145782470703
1789033806155156500,28.795156494140624,0.06699903309345245,-5.694917678833008,9.365508079528809
1789033806165081600,28.80508154296875,-0.1052841991186142,-5.709274768829346,8.513663291931152
1789033806175006700,28.8150068359375,-0.5455635786056519,-5.752345561981201,7.77188777923584
1789033806184932000,28.82493212890625,-0.9475577473640442,-5.848058700561523,7.551748275756836
1789033806194857200,28.834857177734374,-1.5696916580200195,-6.106483459472656,7.9968132972717285
1789033806204782300,28.8447822265625,-1.5649060010910034,-6.628118515014648,8.738588333129883
1789033806214707700,28.854707763671875,-1.3830515146255493,-7.412964344024658,9.298508644104004
1789033806224632800,28.8646328125,-0.6029912829399109,-8.149953842163086,9.499505996704102
1789033806234558200,28.87455810546875,-0.30628129839897156,-8.681160926818848,9.590433120727539
1789033806244483300,28.8844833984375,-0.851844847202301,-8.95394229888916,9.839286804199219
1789033806254408400,28.894408447265626,-1.4835500717163086,-8.896514892578125,10.179067611694336
1789033806264333800,28.904333740234375,-2.3736801147460938,-8.791230201721191,10.939985275268555
1789033806274259000,28.914259033203123,-1.4979069232940674,-8.628518104553223,11.212766647338867
1789033806284184000,28.92418408203125,-0.698704183101654,-7.8819580078125,11.179266929626465
1789033806294109400,28.934109375,-0.5120640397071838,-7.293323516845703,10.74855899810791
1789033806304034600,28.94403466796875,-0.05742774158716202,-6.752545356750488,9.934999465942383
1789033806313959700,28.953959716796874,0.22971096634864807,-6.63769006729126,9.17886734008789
1789033806323885000,28.963885009765626,-1.3304094076156616,-7.125825881958008,9.461220741271973
1789033806333810200,28.97381005859375,-1.7754744291305542,-7.17368221282959,9.561718940734863
1789033806343735300,28.9837353515625,-2.100898265838623,-7.101897716522217,9.56650447845459
1789033806353660400,28.993660400390624,-2.344966173171997,-7.125825881958008,8.949156761169434
1789033806363585800,29.003585693359376,-2.2396819591522217,-7.154539585113525,8.61894702911377
1789033806373511000,29.013510986328125,-1.8041882514953613,-6.704689025878906,8.614161491394043
1789033806383436000,29.02343603515625,-1.4787644147872925,-6.321837425231934,8.810373306274414
1789033806393361200,29.033361083984374,-1.6606189012527466,-5.814558982849121,9.207581520080566
1789033806403286300,29.043286376953127,-1.8664016723632812,-5.436492919921875,9.671789169311523
1789033806413211400,29.05321142578125,-2.2205393314361572,-5.2977094650268555,9.4660062789917
1789033806423136500,29.063136474609376,-1.765903115272522,-5.091926574707031,9.322437286376953
1789033806433062000,29.073061767578125,-1.1389836072921753,-5.115854740142822,8.58066177368164
1789033806442987000,29.082987060546873,-1.2490534782409668,-4.809573650360107,7.676175117492676
1789033806452912000,29.092912109375,-1.2921242713928223,-4.59421968460083,6.9104719161987305
1789033806462837200,29.102837158203126,-1.3208380937576294,-4.584648132324219,6.522834300994873
1789033806472762600,29.1127626953125,-1.3639088869094849,-4.599005222320557,6.747759819030762
1789033806482687700,29.122687744140624,-1.5170495510101318,-4.718646049499512,7.460821151733398
1789033806492612900,29.13261279296875,-1.8664016723632812,-4.900500774383545,8.12123966217041
1789033806502538200,29.142538330078125,-2.163111686706543,-5.101497650146484,8.518448829650879
1789033806512463400,29.15246337890625,-1.947757601737976,-5.115854740142822,8.307880401611328
1789033806522388500,29.162388427734374,-1.9286150932312012,-5.072783946990967,7.905886173248291
1789033806532313900,29.17231396484375,-1.526620864868164,-4.680361270904541,7.637889862060547
1789033806542239000,29.182239013671875,-0.8997012972831726,-4.46979284286499,7.738388538360596
1789033806552164400,29.192164306640624,-0.5168496966362,-4.402793884277344,7.680960655212402
1789033806562089500,29.20208935546875,-0.25363919138908386,-4.517649173736572,7.408178806304932
1789033806572014600,29.2120146484375,-0.4019941985607147,-4.335794448852539,6.929614543914795
1789033806581939700,29.221939697265626,-0.30628129839897156,-4.273581027984619,5.843272686004639
1789033806591864800,29.23186474609375,-0.851844847202301,-3.594019651412964,4.890929698944092
1789033806601790000,29.2417900390625,-2.1535403728485107,-2.6321048736572266,4.522434711456299
1789033806611715300,29.25171533203125,-1.6462619304656982,-2.368894338607788,3.838087558746338
1789033806621640400,29.261640380859376,-0.6556333899497986,-2.6081767082214355,3.445664644241333
1789033806631565600,29.271565673828125,-0.46420758962631226,-2.9048867225646973,3.570091485977173
1789033806641490700,29.28149072265625,-1.368694543838501,-3.4983067512512207,3.9433717727661133
1789033806651415800,29.291415771484374,-2.1774685382843018,-3.249453067779541,5.292923450469971
1789033806661341000,29.3013408203125,-2.124826431274414,-2.249253273010254,6.283552169799805
1789033806671266300,29.311266357421875,-1.6462619304656982,-2.56510591506958,5.752345561981201
1789033806681191400,29.32119140625,-1.5409778356552124,-2.9718856811523438,5.72841739654541
1789033806691116800,29.33111669921875,-1.6654045581817627,-3.2685956954956055,5.9437713623046875
1789033806701042000,29.3410419921875,-1.8759729862213135,-3.4265220165252686,6.254838466644287
1789033806710967000,29.350967041015625,-1.8616160154342651,-3.4887354373931885,6.503692150115967
1789033806720892400,29.360892333984374,-1.4452649354934692,-3.5509488582611084,6.766902446746826
1789033806730817500,29.370817626953126,-1.2681959867477417,-3.704089403152466,7.044469833374023
1789033806740742700,29.38074267578125,-1.2059825658798218,-3.8045880794525146,6.829115867614746
1789033806750668000,29.39066796875,-1.5792629718780518,-4.144368648529053,7.211967468261719
1789033806760593200,29.40059326171875,-1.9669002294540405,-4.273581027984619,7.618747234344482
1789033806770518300,29.410518310546873,-2.100898265838623,-4.4410786628723145,8.082955360412598
1789033806780443400,29.420443359375,-1.435693621635437,-4.622933387756348,8.288737297058105
1789033806790368500,29.430368408203126,-1.0432707071304321,-4.981856822967529,8.126026153564453
1789033806800293600,29.440293701171875,-0.8709874153137207,-5.249852657318115,8.011170387268066
1789033806810218800,29.45021875,-0.6747759580612183,-5.4173502922058105,8.226524353027344
1789033806820144000,29.46014404296875,-0.9619147181510925,-5.426921844482422,8.279166221618652
1789033806830069200,29.4700693359375,-1.0336993932724,-5.474778175354004,7.814958572387695
1789033806839994400,29.479994384765625,-1.0336993932724,-5.656632900238037,7.393822193145752
1789033806849919500,29.48991943359375,-1.3304094076156616,-5.795416355133057,7.077969551086426
1789033806859844600,29.4998447265625,-0.46420758962631226,-5.982056617736816,7.365108013153076
1789033806869770000,29.50977001953125,-0.3924229145050049,-6.216553211212158,8.599804878234863
1789033806879695000,29.519695068359376,-1.062413215637207,-6.226124286651611,11.140982627868652
1789033806889620200,29.5296201171875,-1.9764715433120728,-6.757331371307373,13.036097526550293
1789033806899545600,29.539545654296877,-1.2538390159606934,-7.36032247543335,14.041083335876465
1789033806909470700,29.549470703125,-1.2538390159606934,-7.637889862060547,13.495519638061523
1789033806919395800,29.559395751953126,-0.5599204897880554,-7.618747234344482,11.294122695922852
1789033806929321200,29.5693212890625,-0.38285163044929504,-7.470392227172852,9.154939651489258
1789033806939246300,29.579246337890623,-0.35892340540885925,-7.04925537109375,8.408378601074219
1789033806949171500,29.58917138671875,-0.9619147181510925,-6.3601226806640625,8.997013092041016
1789033806959096800,29.599096923828125,-0.6604190468788147,-5.9437713623046875,9.681360244750977
1789033806969022000,29.60902197265625,-1.5074782371520996,-6.005984783172607,10.581061363220215
1789033806978947000,29.618947021484374,-1.4883357286453247,-6.393621921539307,10.973484992980957
1789033806988872200,29.6288720703125,-0.9475577473640442,-6.680760860443115,10.935199737548828
1789033806998797300,29.63879736328125,-1.0193424224853516,-6.733402729034424,10.547562599182129
1789033807008722400,29.648722412109375,-1.1581261157989502,-6.795616149902344,9.67657470703125
1789033807018647600,29.6586474609375,-1.368694543838501,-6.723831653594971,8.810373306274414
1789033807028573000,29.668572998046876,-1.430907964706421,-6.623332977294922,8.197810173034668
1789033807038498000,29.678498046875,-1.430907964706421,-6.63769006729126,8.427521705627441
1789033807048423200,29.688423095703126,-2.2683959007263184,-6.738188743591309,9.355937004089355
1789033807058348300,29.698348388671874,-2.9718856811523438,-6.809973239898682,10.193424224853516
1789033807068273700,29.708273681640627,-3.517449378967285,-7.015756130218506,10.681560516357422
1789033807078198800,29.71819873046875,-2.723032236099243,-6.8865437507629395,11.078768730163574
1789033807088124000,29.7281240234375,-1.5649060010910034,-6.680760860443115,11.126625061035156
1789033807098049300,29.73804931640625,0.46420758962631226,-6.269195556640625,10.75813102722168
1789033807107974400,29.747974365234374,1.7180466651916504,-5.838487148284912,10.169496536254883
1789033807117899500,29.7578994140625,2.0817556381225586,-5.527420520782471,9.269794464111328
1789033807127825000,29.767824951171875,1.2873386144638062,-5.632704734802246,8.240880966186523
1789033807137750000,29.77775,0.8949156403541565,-6.044270038604736,7.245467185974121
1789033807147675100,29.787675048828124,-0.4833501875400543,-6.374479293823242,6.546762943267822
1789033807157600300,29.797600341796876,-1.397408366203308,-6.3601226806640625,6.5180487632751465
1789033807167525600,29.807525634765625,-2.4502503871917725,-5.843272686004639,7.36032247543335
1789033807177450800,29.81745068359375,-2.66560435295105,-5.513063430786133,8.13081169128418
1789033807187375900,29.8273759765625,-2.6560330390930176,-5.087141036987305,8.982656478881836
1789033807197301000,29.837301025390627,-2.6273193359375,-4.575077056884766,9.781859397888184
1789033807207226000,29.84722607421875,-2.00518536567688,-4.474578380584717,9.877572059631348
1789033807217151200,29.857151123046876,-0.7848458290100098,-4.718646049499512,10.083354949951172
1789033807227076400,29.867076416015625,0.4163511395454407,-5.3934221267700195,10.236495018005371
1789033807237001700,29.877001708984373,1.28255295753479,-6.288337707519531,10.743773460388184
1789033807246926800,29.8869267578125,0.9044869542121887,-6.9822564125061035,10.356136322021484
1789033807256852000,29.89685205078125,-0.7657032608985901,-6.747759819030762,10.767702102661133
1789033807266777000,29.906777099609375,-1.947757601737976,-5.982056617736816,10.293923377990723
1789033807276702200,29.9167021484375,-2.392822742462158,-5.302495002746582,9.408578872680664
1789033807286627300,29.92662744140625,-2.091326951980591,-4.7473602294921875,8.551948547363281
1789033807296552400,29.936552490234376,-2.5603201389312744,-4.264009952545166,8.126026153564453
1789033807306477800,29.946477783203125,-3.469592809677124,-4.158725738525391,8.336593627929688
1789033807316403000,29.95640283203125,-3.565305709838867,-4.393222332000732,8.848658561706543
1789033807326328000,29.966328125,-2.287538528442383,-4.709074974060059,9.489934921264648
1789033807336253200,29.976253173828123,-0.727418065071106,-5.221138954162598,9.456435203552246
1789033807346178300,29.98617822265625,0.062213387340307236,-5.350351333618164,9.332008361816406
1789033807356103700,29.996103759765624,-0.12442677468061447,-5.044070243835449,9.561718940734863
1789033807366028800,30.00602880859375,-1.4883357286453247,-5.091926574707031,9.643074989318848
1789033807375954000,30.015953857421874,-2.1104695796966553,-5.029713153839111,9.126225471496582
1789033807385879300,30.02587939453125,-2.124826431274414,-5.034498691558838,8.6907320022583
1789033807395804400,30.035804443359375,-2.076970100402832,-5.087141036987305,7.977670669555664
1789033807405729500,30.0457294921875,-1.545763373374939,-4.709074974060059,7.551748275756836
1789033807415655000,30.055655029296876,-0.9667003750801086,-4.493721008300781,6.943971157073975
1789033807425580000,30.065580078125,-0.550349235534668,-3.996013879776001,6.111268997192383
1789033807435505200,30.075505126953125,-0.5694918036460876,-3.7806596755981445,5.288137912750244
1789033807445430500,30.085430419921874,-1.301695466041565,-3.6610186100006104,4.948357105255127
1789033807455355600,30.095355712890626,-1.8759729862213135,-3.4169507026672363,4.244867324829102
1789033807465280800,30.10528076171875,-2.517249345779419,-2.7804598808288574,3.84765887260437
1789033807475206000,30.115205810546875,-2.3401806354522705,-2.100898265838623,3.972085475921631
1789033807485131000,30.125131103515624,-1.3112667798995972,-1.8424733877182007,3.9912281036376953
1789033807495056100,30.13505615234375,-0.607776939868927,-2.2779672145843506,3.9385859966278076
1789033807504981200,30.144981201171873,-0.33020952343940735,-2.8905298709869385,3.6945180892944336
1789033807514906600,30.15490673828125,-0.698704183101654,-3.373879909515381,3.627519130706787
1789033807524831700,30.164831787109375,-1.6175481081008911,-3.1585259437561035,4.158725738525391
1789033807534756900,30.1747568359375,-2.0338993072509766,-2.943171739578247,4.560719966888428
1789033807544682000,30.184681884765624,-2.306680917739868,-2.7278177738189697,5.288137912750244
1789033807554607400,30.194607421875,-1.9142581224441528,-2.713460922241211,5.584847927093506
1789033807564532500,30.204532470703125,-1.5984054803848267,-3.1728827953338623,5.570491313934326
1789033807574457900,30.214457763671874,-1.397408366203308,-3.4025938510894775,5.924628734588623
1789033807584383000,30.224383056640626,-1.6319050788879395,-3.6083765029907227,6.460621356964111
1789033807594308400,30.234308349609375,-1.3543375730514526,-3.6323046684265137,6.752545356750488
1789033807604233200,30.244233154296875,-1.430907964706421,-3.728017568588257,7.403393268585205
1789033807614158300,30.254158447265624,-1.8903298377990723,-3.972085475921631,8.260024070739746
1789033807624083500,30.26408349609375,-2.3162522315979004,-4.364508628845215,9.09272575378418
1789033807634008800,30.2740087890625,-2.0195422172546387,-4.9052863121032715,9.647860527038574
1789033807643934000,30.283933837890626,-1.4165509939193726,-5.608776092529297,9.403793334960938
1789033807653859000,30.293859130859374,-1.1772687435150146,-6.178267955780029,8.657232284545898
1789033807663784200,30.3037841796875,-1.3926228284835815,-6.479763507843018,8.441878318786621
1789033807673709300,30.313709228515624,-1.7563318014144897,-6.436692714691162,8.331808090209961
1789033807683634700,30.323634765625,-1.3543375730514526,-6.273981094360352,8.159524917602539
1789033807693559800,30.333559814453125,-1.3878371715545654,-6.293123722076416,8.432307243347168
1789033807703485000,30.34348486328125,-0.8709874153137207,-6.350551128387451,8.901300430297852
1789033807713410000,30.35341015625,-0.5599204897880554,-6.661618232727051,9.20279598236084
1789033807723335200,30.363335205078126,-0.6221339106559753,-6.604190349578857,9.781859397888184
1789033807733260500,30.373260498046875,-0.5886343717575073,-6.604190349578857,9.91107177734375
1789033807743185700,30.383185546875,-1.1150553226470947,-6.69990348815918,9.944570541381836
1789033807753110800,30.39311083984375,-1.3878371715545654,-6.565905570983887,9.978070259094238
1789033807763036000,30.403035888671877,-1.2394821643829346,-6.350551128387451,9.868000984191895
1789033807772961000,30.4129609375,-0.7369893789291382,-6.570691108703613,9.556933403015137
1789033807782886100,30.42288623046875,-0.5407779216766357,-6.948757171630859,9.265008926391602
1789033807792811500,30.4328115234375,-0.363709032535553,-7.403393268585205,9.293723106384277
1789033807802736600,30.442736572265623,-0.8039883971214294,-7.4847493171691895,9.839286804199219
1789033807812661800,30.452661865234376,-1.1054840087890625,-7.3986077308654785,10.786844253540039
1789033807822587000,30.4625869140625,-1.215553879737854,-7.0301127433776855,11.528619766235352
1789033807832512300,30.47251220703125,-1.0289137363433838,-6.881757736206055,10.762916564941406
1789033807842437400,30.482437255859374,-0.6317051649093628,-6.9104719161987305,9.829715728759766
1789033807852362500,30.492362548828126,-0.9906286001205444,-6.632904529571533,9.389435768127441
1789033807862287600,30.50228759765625,-1.301695466041565,-6.4079790115356445,9.169296264648438
1789033807872212700,30.512212646484375,-1.5026925802230835,-6.192625045776367,9.025727272033691
1789033807882137900,30.522137939453124,-1.765903115272522,-6.283552169799805,8.987442016601562
1789033807892063000,30.53206298828125,-2.076970100402832,-6.317051887512207,9.198010444641113
1789033807901988400,30.54198828125,-2.517249345779419,-6.484549522399902,9.781859397888184
1789033807911913500,30.55191357421875,-2.6368906497955322,-6.608976364135742,10.423135757446289
1789033807921838600,30.561838623046874,-2.0482561588287354,-6.632904529571533,10.71984577178955
1789033807931763700,30.571763671875,-0.9667003750801086,-6.680760860443115,10.403992652893066
1789033807941689000,30.581689208984375,-0.038285162299871445,-6.642475605010986,9.973284721374512
1789033807951614200,30.5916142578125,0.8422735929489136,-6.551548480987549,9.068798065185547
1789033807961539300,30.601539306640625,0.5982056856155396,-6.216553211212158,8.202595710754395
1789033807971464400,30.61146435546875,-0.09571290761232376,-6.082555294036865,7.489534854888916
1789033807981389600,30.6213896484375,-0.6317051649093628,-5.938985824584961,7.690532207489014
1789033807991314700,30.631314697265626,-0.35413774847984314,-5.862415313720703,8.111668586730957
1789033808001239800,30.64123974609375,-0.9236295223236084,-5.800201892852783,8.652446746826172
1789033808011165200,30.651165283203124,-1.2251251935958862,-6.034698486328125,8.915657043457031
1789033808021090300,30.66109033203125,-1.7228323221206665,-6.029912948608398,9.619147300720215
1789033808031015400,30.671015380859377,-1.8759729862213135,-5.948556900024414,9.978070259094238
1789033808040940500,30.6809404296875,-2.201396942138672,-5.20678186416626,10.408778190612793
1789033808050865700,30.69086572265625,-1.7563318014144897,-4.776073932647705,10.269994735717773
1789033808060791000,30.700791015625,-1.2681959867477417,-4.809573650360107,9.810572624206543
1789033808070716200,30.710716064453123,-1.1150553226470947,-4.828716278076172,9.542576789855957
1789033808080641300,30.720641357421876,-0.6317051649093628,-5.517848968505859,9.10229778289795
1789033808090566400,30.73056640625,-0.6460621356964111,-6.005984783172607,8.752944946289062
1789033808100491500,30.740491455078125,-1.4404792785644531,-6.26440954208374,8.652446746826172
1789033808110416600,30.750416748046874,-1.8137595653533936,-5.709274768829346,9.020941734313965
1789033808120341800,30.760341796875,-1.674975872039795,-5.216353416442871,9.53779125213623
1789033808130267100,30.77026708984375,-2.038684844970703,-5.101497650146484,9.145368576049805
1789033808140192300,30.780192138671875,-2.7038896083831787,-5.087141036987305,8.72901725769043
1789033808150117400,30.790117431640624,-2.6703901290893555,-5.3216376304626465,8.346165657043457
1789033808160042500,30.80004248046875,-1.7084753513336182,-5.651846885681152,8.365307807922363
1789033808169967600,30.809967529296873,-0.6891329288482666,-5.560919761657715,7.814958572387695
1789033808179893000,30.81989306640625,-0.5359922647476196,-5.077569484710693,7.599604606628418
1789033808189818000,30.829818115234374,-0.6604190468788147,-4.512863636016846,7.341179847717285
1789033808199743200,30.8397431640625,-1.2873386144638062,-4.091726779937744,7.680960655212402
1789033808209668400,30.84966845703125,-1.765903115272522,-3.9625144004821777,8.264809608459473
1789033808219593500,30.859593505859376,-1.9621145725250244,-4.321437835693359,8.915657043457031
1789033808229518600,30.8695185546875,-1.5936198234558105,-4.847858905792236,8.886942863464355
1789033808239444000,30.87944384765625,-1.3160524368286133,-5.20678186416626,8.863015174865723
1789033808249369000,30.889369140625,-1.1820544004440308,-5.3934221267700195,8.599804878234863
1789033808259294200,30.899294189453126,-1.2059825658798218,-5.307280540466309,8.427521705627441
1789033808269219300,30.90921923828125,-1.674975872039795,-5.173282623291016,8.590232849121094
1789033808279144400,30.91914453125,-1.9286150932312012,-4.895715236663818,8.930013656616211
1789033808289069600,30.929069580078124,-1.6893328428268433,-4.575077056884766,9.241081237792969
1789033808298994700,30.93899462890625,-1.5649060010910034,-4.082155227661133,8.96829891204834
1789033808308920000,30.948920166015625,-1.526620864868164,-3.7710886001586914,8.178668022155762
1789033808318845200,30.95884521484375,-1.6654045581817627,-3.2446675300598145,7.341179847717285
1789033808328770300,30.968770263671875,-1.2251251935958862,-3.0245277881622314,6.427121639251709
1789033808338695400,30.9786953125,-1.2538390159606934,-3.0005996227264404,6.015556335449219
1789033808348620500,30.98862060546875,-1.8807586431503296,-3.2685956954956055,5.26899528503418
1789033808358545700,30.998545654296876,-1.526620864868164,-3.6227335929870605,4.40757942199707
1789033808368470800,31.008470703125,-1.196411371231079,-3.6323046684265137,4.082155227661133
1789033808378396200,31.018396240234374,-1.459621787071228,-3.0005996227264404,4.3549370765686035
1789033808388321300,31.0283212890625,-1.7371892929077148,-2.306680917739868,4.919643402099609
1789033808398246400,31.038246337890627,-1.5792629718780518,-2.3497519493103027,5.20678186416626
1789033808408171500,31.048171630859375,-1.306481122970581,-2.6464617252349854,5.364708423614502
1789033808418097000,31.058096923828124,-1.4691931009292603,-2.823530673980713,5.709274768829346
1789033808428022000,31.06802197265625,-1.674975872039795,-2.895315408706665,5.876772403717041
1789033808437947100,31.077947021484373,-2.0482561588287354,-2.8666014671325684,6.154339790344238
1789033808447872300,31.087872314453126,-2.225325107574463,-2.8522446155548096,6.3122663497924805
1789033808457797400,31.09779736328125,-2.3880369663238525,-2.871387243270874,6.594619274139404
1789033808467722500,31.107722412109375,-2.3401806354522705,-3.005385160446167,7.231110095977783
1789033808477647600,31.117647705078124,-1.94297194480896,-3.273381471633911,7.676175117492676
1789033808487573000,31.127572998046876,-1.6558332443237305,-3.7471601963043213,8.039883613586426
1789033808497498000,31.137498046875,-1.3878371715545654,-4.2209391593933105,7.905886173248291
1789033808507423200,31.14742333984375,-1.2299108505249023,-4.718646049499512,7.470392227172852
1789033808517348400,31.157348388671874,-1.6271194219589233,-4.776073932647705,7.5565338134765625
1789033808527273500,31.1672734375,-2.311466693878174,-4.632504463195801,7.628318786621094
1789033808537198600,31.177198486328123,-2.416750907897949,-4.364508628845215,8.00638484954834
1789033808547123700,31.187123779296876,-2.1678972244262695,-4.211368083953857,8.327022552490234
1789033808557049000,31.197049072265624,-1.5984054803848267,-4.40757942199707,8.475378036499023
1789033808566974200,31.20697412109375,-0.8374879360198975,-4.742574691772461,8.322237014770508
1789033808576899300,31.2168994140625,-0.7800601720809937,-5.168497085571289,8.260024070739746
1789033808586824400,31.226824462890626,-1.0863415002822876,-5.460421085357666,8.178668022155762
1789033808596749600,31.23674951171875,-1.459621787071228,-5.474778175354004,8.528019905090332
1789033808606674700,31.2466748046875,-1.1772687435150146,-5.532206058502197,8.834300994873047
1789033808616599800,31.256599853515624,-1.062413215637207,-5.9198431968688965,8.891729354858398
1789033808626525200,31.266525146484376,-0.914058268070221,-6.340980052947998,8.930013656616211
1789033808636450300,31.2764501953125,-0.885344386100769,-6.63769006729126,9.375079154968262
1789033808646375400,31.28637548828125,-1.1724830865859985,-6.833901405334473,9.657432556152344
1789033808656300500,31.296300537109374,-1.521835207939148,-6.872186660766602,10.212567329406738
1789033808666225700,31.3062255859375,-0.914058268070221,-6.900900363922119,10.246066093444824
1789033808676150800,31.31615087890625,-0.7561319470405579,-6.685546398162842,10.236495018005371
1789033808686076000,31.326075927734376,-0.5599204897880554,-6.26440954208374,10.02592658996582
1789033808696001300,31.336001220703125,-0.9475577473640442,-5.814558982849121,9.686145782470703
1789033808705926400,31.345926513671873,-1.3878371715545654,-5.383851051330566,9.437292098999023
1789033808715851500,31.3558515625,-1.0193424224853516,-5.465207099914551,8.958727836608887
1789033808725776600,31.365776611328126,-1.0815558433532715,-5.79063081741333,8.772088050842285
1789033808735701800,31.37570166015625,-0.7465606927871704,-6.422336101531982,8.441878318786621
1789033808745627000,31.385626953125,-0.8231309652328491,-6.819544315338135,8.6907320022583
1789033808755552000,31.395552001953124,-0.8901300430297852,-7.058826923370361,9.164510726928711
1789033808765477400,31.405477294921877,-0.8901300430297852,-7.336394309997559,9.236295700073242
1789033808775402500,31.415402587890625,-0.760917603969574,-7.073183536529541,9.370293617248535
1789033808785327600,31.42532763671875,-0.851844847202301,-6.929614543914795,8.819944381713867
1789033808795252700,31.435252685546875,-0.6747759580612183,-6.929614543914795,8.23130989074707
1789033808805177900,31.445177734375,-0.9906286001205444,-6.489335060119629,8.001599311828613
1789033808815103000,31.45510302734375,-1.34476637840271,-5.924628734588623,8.21695327758789
1789033808825028000,31.465028076171876,-1.435693621635437,-5.795416355133057,8.298309326171875
1789033808834953200,31.474953125,-1.5361921787261963,-5.934200286865234,8.317451477050781
1789033808844878600,31.484878662109374,-1.545763373374939,-6.245266914367676,8.331808090209961
1789033808854803700,31.4948037109375,-1.5696916580200195,-6.570691108703613,8.394021987915039
1789033808864728800,31.504728759765626,-1.6893328428268433,-6.690331935882568,8.49452018737793
1789033808874654000,31.514654052734375,-1.9764715433120728,-6.63769006729126,8.590232849121094
1789033808884579000,31.5245791015625,-2.4598217010498047,-6.585047721862793,8.839086532592773
1789033808894504200,31.534504150390624,-2.4406790733337402,-6.57547664642334,9.020941734313965
1789033808904429300,31.54442919921875,-2.0099709033966064,-6.690331935882568,9.116654396057129
1789033808914354700,31.554354736328126,-1.215553879737854,-6.723831653594971,9.370293617248535
1789033808924279800,31.56427978515625,-0.8709874153137207,-6.92482852935791,9.738788604736328
1789033808934205000,31.574204833984375,-0.2871387302875519,-6.948757171630859,9.848857879638672
1789033808944130000,31.584130126953124,-0.2632105052471161,-6.719046115875244,9.729216575622559
1789033808954055200,31.59405517578125,-0.019142581149935722,-6.4079790115356445,9.32722282409668
1789033808963980300,31.603980224609376,-0.5455635786056519,-6.144768714904785,8.8438720703125
1789033808973905400,31.613905517578125,-0.8422735929489136,-6.135197162628174,8.12123966217041
1789033808983830500,31.62383056640625,-0.7752745151519775,-6.1399827003479,7.915457248687744
1789033808993755600,31.633755615234374,-0.5886343717575073,-6.154339790344238,7.685746192932129
1789033809003680800,31.6436806640625,-0.7513462901115417,-6.273981094360352,7.791030406951904
1789033809013606100,31.653606201171876,-1.2873386144638062,-6.106483459472656,8.087740898132324
1789033809023531300,31.66353125,-1.7276179790496826,-5.862415313720703,8.595019340515137
1789033809033456400,31.673456298828125,-1.8472590446472168,-5.8719868659973145,8.93958568572998
1789033809043381500,31.683381591796874,-1.7802600860595703,-5.766702651977539,9.346364974975586
1789033809053306600,31.693306640625,-1.301695466041565,-5.709274768829346,9.32722282409668
1789033809063231700,31.703231689453126,-1.0145567655563354,-5.747560024261475,9.279366493225098
1789033809073156900,31.713156982421875,-0.4785645306110382,-5.618347644805908,9.4660062789917
1789033809083082200,31.723082275390624,0.1579262912273407,-5.948556900024414,9.040083885192871
1789033809093007400,31.73300732421875,-0.35892340540885925,-6.082555294036865,8.906085968017578
1789033809102932500,31.742932373046877,-0.6604190468788147,-6.20219612121582,8.877371788024902
1789033809112857600,31.752857666015625,-1.0815558433532715,-6.230910301208496,8.685946464538574
1789033809122782700,31.76278271484375,-1.5074782371520996,-5.948556900024414,8.346165657043457
1789033809132707800,31.772707763671875,-2.0338993072509766,-5.560919761657715,8.504091262817383
1789033809142633000,31.782633056640623,-2.0003998279571533,-5.077569484710693,8.934800148010254
1789033809152558000,31.79255810546875,-1.9764715433120728,-4.694717884063721,9.475577354431152
1789033809162483200,31.802483154296876,-1.919043779373169,-4.450650215148926,9.944570541381836
1789033809172408300,31.812408203125,-1.832902193069458,-4.618147850036621,9.853643417358398
1789033809182333700,31.822333740234374,-1.674975872039795,-4.73300313949585,9.403793334960938
1789033809192258800,31.8322587890625,-1.8951154947280884,-4.981856822967529,9.21715259552002
1789033809202184000,31.842183837890627,-1.8759729862213135,-5.2737812995910645,9.169296264648438
1789033809212109000,31.852109130859375,-1.7467604875564575,-5.3694939613342285,8.96829891204834
1789033809222034200,31.8620341796875,-1.1485549211502075,-5.168497085571289,8.61894702911377
1789033809231959300,31.871959228515625,-0.6795616149902344,-4.9292144775390625,8.49452018737793
1789033809241884400,31.881884521484373,-0.8997012972831726,-4.809573650360107,8.72901725769043
1789033809251809800,31.891809814453126,-1.210768222808838,-5.00578498840332,8.757730484008789
1789033809261735000,31.90173486328125,-1.612762451171875,-5.087141036987305,8.82951545715332
1789033809271660000,31.911659912109375,-2.1104695796966553,-5.053641319274902,8.408378601074219
1789033809281585200,31.921585205078124,-2.148754835128784,-4.599005222320557,7.685746192932129
1789033809291510300,31.93151025390625,-1.7084753513336182,-4.2831525802612305,7.025327205657959
1789033809301435400,31.941435302734376,-0.7369893789291382,-3.9864425659179688,6.675975322723389
1789033809311360500,31.951360595703125,-0.24406790733337402,-3.713660717010498,6.742974281311035
1789033809321285600,31.96128564453125,-0.5790630578994751,-3.651447296142578,7.039684295654297
1789033809331210800,31.971210693359374,-1.4644074440002441,-3.8668015003204346,7.417750358581543
1789033809341136000,31.981135986328123,-1.7180466651916504,-3.9529430866241455,7.101897716522217
1789033809351061200,31.991061279296876,-1.4931213855743408,-4.043870449066162,6.2500529289245605
1789033809360986400,32.000986328125,-1.6558332443237305,-4.005585193634033,5.804987907409668
1789033809370911500,32.010911376953125,-1.454836130142212,-3.6993038654327393,5.795416355133057
1789033809380836600,32.02083666992188,-1.1102696657180786,-3.1585259437561035,5.747560024261475
1789033809390761700,32.03076171875,-0.9954141974449158,-2.847458839416504,5.714060306549072
1789033809400686800,32.04068676757812,-1.0767701864242554,-3.067598581314087,5.627918720245361
1789033809410612000,32.050612060546875,-1.129412293434143,-3.297309637069702,5.91505765914917
1789033809420537000,32.060537109375,-1.588834285736084,-3.005385160446167,6.350551128387451
1789033809430462200,32.07046215820313,-1.856830358505249,-2.919243574142456,6.216553211212158
1789033809440387600,32.0803876953125,-1.8233308792114258,-2.7661030292510986,6.068198204040527
1789033809450312700,32.090312744140626,-1.9142581224441528,-2.8283164501190186,6.010770320892334
1789033809460237800,32.10023779296875,-2.1104695796966553,-3.005385160446167,6.20219612121582
1789033809470163000,32.11016284179688,-1.923829436302185,-3.3164522647857666,6.331408500671387
1789033809480088000,32.12008813476562,-1.7132610082626343,-3.5461630821228027,7.03489875793457
1789033809490013200,32.13001318359375,-1.3926228284835815,-3.7710886001586914,7.226324558258057
1789033809499938300,32.139938232421876,-1.6606189012527466,-3.6610186100006104,7.255038261413574
1789033809509863400,32.14986352539062,-1.7515461444854736,-3.3547372817993164,7.192824840545654
1789033809519788500,32.15978857421875,-1.765903115272522,-3.34995174407959,7.250252723693848
1789033809529713700,32.169713623046874,-1.7419748306274414,-3.383451223373413,7.4847493171691895
1789033809539639000,32.17963916015625,-1.6031911373138428,-3.570091485977173,7.853243827819824
1789033809549564200,32.18956420898437,-1.2346965074539185,-3.9625144004821777,8.260024070739746
1789033809559489300,32.1994892578125,-1.0049854516983032,-4.254438877105713,8.82951545715332
1789033809569414400,32.209414306640625,-1.2729816436767578,-4.579862594604492,9.379864692687988
1789033809579339500,32.21933959960938,-1.521835207939148,-4.9435715675354,9.494720458984375
1789033809589264600,32.2292646484375,-1.6606189012527466,-5.450850009918213,9.585647583007812
1789033809599189800,32.23918969726562,-1.9142581224441528,-5.699703693389893,9.403793334960938
1789033809609115000,32.249114990234375,-1.679761528968811,-5.599205017089844,9.355937004089355
1789033809619040000,32.2590400390625,-1.2729816436767578,-5.484349727630615,9.207581520080566
1789033809628965000,32.26896508789063,-0.8374879360198975,-5.489135265350342,8.97787094116211
1789033809638890500,32.27889038085937,-0.8709874153137207,-5.527420520782471,9.040083885192871
1789033809648815600,32.288815673828125,-0.9954141974449158,-5.670989513397217,9.360722541809082
1789033809658740700,32.29874072265625,-1.1724830865859985,-5.819344520568848,9.710074424743652
1789033809668665900,32.30866577148438,-1.1868400573730469,-6.087340831756592,9.796216011047363
1789033809678591000,32.31859106445312,-0.7178468108177185,-6.51326322555542,9.590433120727539
1789033809688516000,32.32851611328125,-0.7561319470405579,-6.3840508460998535,9.489934921264648
1789033809698441200,32.338441162109376,-0.6699903607368469,-6.226124286651611,9.18843936920166
1789033809708366300,32.34836645507813,-0.6364908218383789,-6.187839508056641,8.82951545715332
1789033809718291500,32.35829150390625,-0.7369893789291382,-6.044270038604736,8.70508861541748
1789033809728216600,32.368216552734374,-1.0911271572113037,-5.876772403717041,8.805587768554688
1789033809738142000,32.37814184570313,-0.8422735929489136,-6.03948450088501,8.432307243347168
1789033809748067000,32.38806713867187,-0.3445664644241333,-6.321837425231934,8.039883613586426
1789033809757992200,32.3979921875,-0.2584248483181,-6.604190349578857,7.561319351196289
1789033809767917300,32.407917236328124,-0.6125625967979431,-6.8004021644592285,7.628318786621094
1789033809777842400,32.41784252929688,-0.20578274130821228,-6.872186660766602,8.102097511291504
1789033809787767600,32.427767578125,-0.37806597352027893,-6.675975322723389,8.791230201721191
1789033809797692700,32.43769262695312,-1.210768222808838,-6.522834300994873,9.45164966583252
1789033809807617800,32.44761767578125,-1.196411371231079,-6.3601226806640625,9.743574142456055
1789033809817543000,32.45754296875,-1.2729816436767578,-6.106483459472656,10.107282638549805
1789033809827468000,32.46746801757813,-0.8470591902732849,-6.029912948608398,10.03549861907959
1789033809837393400,32.47739331054687,-0.4833501875400543,-6.120840549468994,9.207581520080566
1789033809847318300,32.487318359375,-1.0959128141403198,-6.092126369476318,8.427521705627441
1789033809857243400,32.497243408203126,-1.129412293434143,-6.197410583496094,7.527820110321045
1789033809867168800,32.50716870117188,-1.5840486288070679,-6.455835342407227,7.11146879196167
1789033809877094000,32.51709399414062,-1.9573289155960083,-6.675975322723389,7.355536937713623
1789033809887019000,32.52701904296875,-2.3401806354522705,-7.135396957397461,8.126026153564453
1789033809896944000,32.536944091796876,-2.4598217010498047,-7.3986077308654785,8.8438720703125
1789033809906869200,32.546869140625,-2.2157537937164307,-7.503891944885254,9.011369705200195
1789033809916794400,32.55679443359375,-1.4021940231323242,-7.470392227172852,9.073583602905273
1789033809926719500,32.566719482421874,-1.1724830865859985,-7.188039302825928,9.308079719543457
1789033809936644600,32.57664453125,-1.1437692642211914,-6.953542709350586,9.504291534423828
1789033809946569700,32.58656982421875,-0.7226324677467346,-6.723831653594971,9.437292098999023
1789033809956494800,32.59649487304687,-0.2727817893028259,-6.546762943267822,9.006584167480469
1789033809966420000,32.606419921875,0.43549370765686035,-6.537191390991211,8.432307243347168
1789033809976345000,32.616344970703125,-0.7417750358581543,-6.623332977294922,8.394021987915039
1789033809986270200,32.62627026367188,-0.7896314859390259,-6.733402729034424,8.298309326171875
1789033809996195600,32.63619555664062,-0.6269195079803467,-6.728617191314697,8.437092781066895
1789033810006120700,32.64612060546875,-0.3206382393836975,-6.608976364135742,8.508877754211426
1789033810016045800,32.6560458984375,-0.914058268070221,-6.417550563812256,8.652446746826172
1789033810025971000,32.66597094726563,-1.2346965074539185,-6.393621921539307,8.360522270202637
1789033810035896000,32.67589599609375,-1.7563318014144897,-6.206982135772705,8.676374435424805
1789033810045821200,32.6858212890625,-1.5314065217971802,-5.9437713623046875,8.920442581176758
1789033810055746300,32.695746337890625,-1.703689694404602,-5.704489231109619,9.34157943725586
1789033810065671400,32.70567138671875,-1.1868400573730469,-5.752345561981201,9.384650230407715
1789033810075596500,32.71559643554688,-0.97148597240448,-5.8719868659973145,9.432506561279297
1789033810085521700,32.72552172851562,-0.7465606927871704,-6.173482418060303,9.183652877807617
1789033810095446800,32.73544677734375,-0.7322037220001221,-6.16391134262085,8.839086532592773
1789033810105372000,32.745371826171876,-0.8805587291717529,-6.106483459472656,8.499305725097656
1789033810115297000,32.75529711914062,-0.9475577473640442,-6.297909259796143,8.197810173034668
1789033810125222400,32.765222412109374,-1.0959128141403198,-6.3361945152282715,7.69531774520874
1789033810135147500,32.7751474609375,-1.5409778356552124,-6.278766632080078,7.814958572387695
1789033810145072600,32.78507275390625,-2.2779672145843506,-5.8097734451293945,8.571090698242188
1789033810154997800,32.79499780273437,-2.163111686706543,-5.168497085571289,8.896514892578125
1789033810164923000,32.8049228515625,-1.6606189012527466,-4.7952165603637695,9.365508079528809
1789033810174848000,32.814847900390625,-1.7754744291305542,-4.713860511779785,9.34157943725586
1789033810184773000,32.82477319335938,-2.2157537937164307,-4.622933387756348,9.255437850952148
1789033810194698200,32.8346982421875,-2.5603201389312744,-4.508078098297119,9.245866775512695
1789033810204623400,32.84462329101562,-2.2061824798583984,-4.474578380584717,9.351150512695312
1789033810214548500,32.854548583984375,-1.3639088869094849,-4.551148891448975,9.829715728759766
1789033810224473600,32.8644736328125,-0.5359922647476196,-4.73300313949585,9.81535816192627
1789033810234398700,32.87439868164063,-0.46420758962631226,-4.9435715675354,9.92542839050293
1789033810244323800,32.88432373046875,-0.7034898400306702,-5.149354457855225,9.437292098999023
1789033810254249000,32.8942490234375,-1.196411371231079,-5.115854740142822,8.74337387084961
1789033810264174000,32.904174072265626,-1.6558332443237305,-4.981856822967529,7.89631462097168
1789033810274099500,32.91409936523438,-2.1296122074127197,-4.551148891448975,7.393822193145752
1789033810284024600,32.92402465820312,-2.076970100402832,-4.115654945373535,7.288537979125977
1789033810293949700,32.93394970703125,-1.2969099283218384,-3.8668015003204346,7.403393268585205
1789033810303874800,32.943874755859376,-0.8327022790908813,-4.029513359069824,7.432106971740723
1789033810313800000,32.95380004882813,-0.8662018179893494,-4.192225456237793,7.637889862060547
1789033810323725000,32.96372509765625,-1.3399807214736938,-4.091726779937744,7.5326056480407715
1789033810333650200,32.973650146484374,-1.2299108505249023,-4.120440483093262,7.125825881958008
1789033810343575300,32.9835751953125,-1.3495519161224365,-3.88594388961792,6.92482852935791
1789033810353500400,32.99350048828125,-1.947757601737976,-3.617947816848755,6.742974281311035
1789033810363425500,33.00342553710937,-1.6701902151107788,-3.4791641235351562,6.585047721862793
1789033810373350700,33.0133505859375,-0.851844847202301,-3.4025938510894775,6.3601226806640625
1789033810383275800,33.02327587890625,-0.9858429431915283,-3.014956474304199,6.16391134262085
1789033810393201000,33.03320092773438,-1.8185452222824097,-2.478964328765869,6.044270038604736
1789033810403126000,33.0431259765625,-1.5026925802230835,-2.6081767082214355,5.498706340789795
1789033810413051100,33.05305102539062,-1.0241280794143677,-2.7326035499572754,5.221138954162598
1789033810422976300,33.062976318359375,-1.28255295753479,-2.9766714572906494,4.9052863121032715
1789033810432901600,33.07290161132813,-1.4404792785644531,-3.0867412090301514,5.2737812995910645
1789033810442826800,33.08282666015625,-1.8903298377990723,-2.8187451362609863,5.709274768829346
1789033810452752000,33.092751953125,-2.3880369663238525,-2.651247501373291,5.594419479370117
1789033810462677000,33.102677001953126,-2.3401806354522705,-2.5938198566436768,5.771488189697266
1789033810472602000,33.11260205078125,-1.7132610082626343,-2.9479575157165527,5.766702651977539
1789033810482527200,33.12252734375,-1.301695466041565,-3.34995174407959,5.996413707733154
1789033810492452400,33.132452392578124,-0.8279166221618652,-3.3403804302215576,7.11146879196167
1789033810502377500,33.14237744140625,-1.5649060010910034,-3.4983067512512207,8.001599311828613
1789033810512302600,33.152302490234376,-2.187039852142334,-3.4552359580993652,8.236095428466797
1789033810522227700,33.16222778320312,-2.431107759475708,-3.627519130706787,8.049455642700195
1789033810532152800,33.17215283203125,-2.6081767082214355,-3.8811583518981934,8.279166221618652
1789033810542078000,33.182077880859374,-1.9908283948898315,-4.005585193634033,8.489734649658203
1789033810552003000,33.19200317382813,-0.607776939868927,-4.364508628845215,8.303094863891602
1789033810561928200,33.20192822265625,-0.3732803463935852,-4.694717884063721,8.437092781066895
1789033810571853300,33.21185327148437,-0.5982056856155396,-4.843072891235352,8.628518104553223
1789033810581778400,33.2217783203125,-1.1724830865859985,-5.06799840927124,8.733802795410156
1789033810591703800,33.23170385742188,-1.526620864868164,-5.26899528503418,8.839086532592773
1789033810601629000,33.24162890625,-1.679761528968811,-5.388636589050293,8.886942863464355
1789033810611553800,33.2515537109375,-1.7132610082626343,-5.307280540466309,9.044869422912598
1789033810621479200,33.261479248046875,-1.6558332443237305,-4.991427898406982,8.934800148010254
1789033810631404300,33.271404296875,-1.4021940231323242,-4.934000492095947,8.910871505737305
1789033810641329400,33.28132934570313,-0.9332008361816406,-5.19242525100708,8.556734085083008
1789033810651254500,33.29125463867187,-0.46420758962631226,-5.565705299377441,8.599804878234863
1789033810661179600,33.3011796875,-0.2632105052471161,-5.680561065673828,9.17886734008789
1789033810671104800,33.311104736328126,0.0526420995593071,-6.020341873168945,9.389435768127441
1789033810681030000,33.32102978515625,-0.5024927258491516,-6.130411624908447,10.021141052246094
1789033810690955000,33.330955078125,-1.454836130142212,-6.216553211212158,10.451848983764648
1789033810700880100,33.340880126953124,-1.4739787578582764,-6.183053493499756,10.839486122131348
1789033810710805200,33.35080517578125,-1.5314065217971802,-5.948556900024414,10.949556350708008
1789033810720730400,33.36073046875,-0.8614161610603333,-6.029912948608398,10.006784439086914
1789033810730655500,33.37065551757812,-0.04785645380616188,-6.072983741760254,8.61894702911377
1789033810740580600,33.38058056640625,0.31106695532798767,-6.527620315551758,6.656832695007324
1789033810750505700,33.390505615234375,0.062213387340307236,-6.613761901855469,5.804987907409668
1789033810760430800,33.40043090820313,-0.30628129839897156,-6.628118515014648,5.881557941436768
1789033810770356200,33.41035620117187,-1.2346965074539185,-6.364908218383789,8.169096946716309
1789033810780281000,33.42028100585937,-1.210768222808838,-6.63769006729126,10.107282638549805
1789033810790206200,33.430206298828125,-0.9619147181510925,-7.436892986297607,11.20798110961914
1789033810800131600,33.44013159179688,-1.210768222808838,-7.920242786407471,12.088540077209473
1789033810810056700,33.450056640625,-1.0528420209884644,-7.752745151519775,12.308679580688477
1789033810819981800,33.45998193359375,-0.6604190468788147,-7.087540626525879,11.45683479309082
1789033810829907000,33.469906982421875,0.3206382393836975,-6.891329288482666,9.274580955505371
1789033810839832000,33.47983203125,-0.20099709928035736,-6.795616149902344,7.594819068908691
1789033810849757000,33.4897568359375,-1.8472590446472168,-6.211767673492432,7.274180889129639
1789033810859682300,33.49968237304687,-2.201396942138672,-6.010770320892334,7.795815944671631
1789033810869607400,33.509607421875,-2.7278177738189697,-6.4319071769714355,8.925228118896484
1789033810879532500,33.519532470703126,-1.9669002294540405,-7.293323516845703,9.159725189208984
1789033810889457700,33.52945776367188,-0.8422735929489136,-7.805387496948242,8.398807525634766
1789033810899382800,33.5393828125,-0.2632105052471161,-7.661818027496338,7.518248558044434
1789033810909308000,33.549307861328124,-0.24406790733337402,-7.164111137390137,6.766902446746826
1789033810919233000,33.55923291015625,-1.0432707071304321,-6.173482418060303,6.943971157073975
1789033810929158100,33.569158203125,-1.6845471858978271,-5.565705299377441,7.312466144561768
1789033810939083300,33.57908325195312,-2.00518536567688,-5.556134223937988,7.9250288009643555
1789033810949008400,33.58900830078125,-1.9142581224441528,-5.72841739654541,8.599804878234863
1789033810958933800,33.59893383789063,-0.641276478767395,-5.824130535125732,8.566305160522461
1789033810968859100,33.60885913085937,0.2967100143432617,-5.627918720245361,8.264809608459473
1789033810978784300,33.6187841796875,0.4450650215148926,-5.632704734802246,7.714460372924805
1789033810988709600,33.62870971679688,-0.10049854964017868,-5.460421085357666,8.13081169128418
1789033810998634800,33.638634765625,-0.019142581149935722,-5.350351333618164,8.786444664001465
1789033811008560000,33.64856005859375,-0.019142581149935722,-5.589633464813232,8.810373306274414
1789033811018485200,33.6584853515625,-0.3158525824546814,-6.297909259796143,8.34138011932373
1789033811028410600,33.66841064453125,-1.4261223077774048,-6.671189308166504,8.791230201721191
1789033811038335700,33.67833569335937,-2.0817556381225586,-6.307480335235596,9.944570541381836
1789033811048261000,33.68826123046875,-1.9860427379608154,-6.020341873168945,11.088339805603027
1789033811058186000,33.69818603515625,-1.1868400573730469,-5.9676995277404785,11.504691123962402
1789033811068111000,33.70811108398438,-0.2727817893028259,-6.503692150115967,11.0835542678833
1789033811078036000,33.71803588867188,-0.20099709928035736,-7.0061845779418945,10.470992088317871
1789033811087960800,33.7279609375,-0.6747759580612183,-7.11146879196167,10.059426307678223
1789033811097886000,33.73788598632812,-1.277767300605774,-6.652047157287598,10.1216402053833
1789033811107810800,33.747810791015624,-1.0863415002822876,-6.025127410888672,9.418149948120117
1789033811117735700,33.757735595703124,-0.6364908218383789,-5.632704734802246,8.561519622802734
1789033811127660800,33.76766088867188,-0.3445664644241333,-5.402993679046631,7.499105930328369
1789033811137585700,33.77758569335938,-0.5742774605751038,-5.3312087059021,7.03489875793457
1789033811147510500,33.78751049804688,-1.1772687435150146,-5.06799840927124,6.183053493499756
1789033811157435600,33.797435546875,-2.139183521270752,-4.7234320640563965,6.240481376647949
1789033811167361000,33.807361083984375,-3.115455150604248,-4.675575256347656,6.537191390991211
1789033811177286100,33.8172861328125,-3.704089403152466,-4.8574299812316895,7.551748275756836
1789033811187211300,33.82721118164063,-3.421736478805542,-5.158925533294678,8.781659126281738
1789033811197136400,33.83713647460937,-1.9573289155960083,-5.292923450469971,10.2747802734375
1789033811207061500,33.8470615234375,-0.19621145725250244,-5.422136306762695,11.667403221130371
1789033811216986600,33.856986572265626,0.794417142868042,-5.556134223937988,11.557332992553711
1789033811226911700,33.86691186523438,0.4307080805301666,-5.37906551361084,10.85862922668457
1789033811236836900,33.8768369140625,-0.7417750358581543,-5.441278457641602,9.968499183654785
1789033811246762200,33.88676220703125,-1.7611174583435059,-5.690132141113281,9.241081237792969
1789033811256687400,33.896687255859376,-2.6177480220794678,-5.718846321105957,8.72901725769043
1789033811266612500,33.90661254882812,-2.857030153274536,-5.225924491882324,8.451449394226074
1789033811276537600,33.91653759765625,-2.8426733016967773,-4.843072891235352,8.164310455322266
1789033811286462700,33.926462646484374,-1.9094724655151367,-4.488935470581055,7.8628153800964355
1789033811296387800,33.93638793945313,-0.7369893789291382,-4.766502857208252,7.475177764892578
1789033811306313000,33.94631298828125,-0.009571290574967861,-4.938786029815674,6.876972198486328
1789033811316238300,33.95623828125,-0.24885354936122894,-4.685146808624268,6.063412666320801
1789033811326163500,33.96616357421875,-1.0001999139785767,-3.713660717010498,5.010570526123047
1789033811336088600,33.97608862304688,-1.521835207939148,-2.1439690589904785,3.8811583518981934
1789033811346013700,33.986013671875,-1.7754744291305542,-0.8327022790908813,3.1680972576141357
1789033811355938800,33.99593872070312,-1.191625714302063,-0.30149564146995544,3.6131622791290283
1789033811365864000,34.005864013671875,-0.19142581522464752,-0.7657032608985901,4.273581027984619
1789033811375789000,34.0157890625,-0.13878370821475983,-1.698904037475586,5.2354960441589355
1789033811385714200,34.02571411132813,-0.5312066078186035,-2.6081767082214355,5.891129493713379
1789033811395639300,34.03563940429687,-0.9762716293334961,-3.5365917682647705,6.628118515014648
1789033811405564400,34.045564453125,-1.4691931009292603,-4.1970109939575195,7.403393268585205
1789033811415489500,34.055489501953126,-1.8807586431503296,-3.84765887260437,7.293323516845703
1789033811425414700,34.06541455078125,-2.0195422172546387,-3.249453067779541,6.719046115875244
1789033811435339500,34.07533959960937,-2.014756679534912,-2.967100143432617,6.4510498046875
1789033811445264600,34.0852646484375,-2.0195422172546387,-2.6799614429473877,6.991827964782715
1789033811455190000,34.09518994140625,-2.00518536567688,-2.7900311946868896,7.810173034667969
1789033811465115100,34.105115234375,-1.6654045581817627,-3.4265220165252686,8.264809608459473
1789033811475040300,34.11504028320312,-1.1437692642211914,-4.153940200805664,8.408378601074219
1789033811484965400,34.12496533203125,-1.0432707071304321,-4.498506546020508,8.197810173034668
1789033811494890500,34.134890380859375,-1.550549030303955,-4.3549370765686035,7.9489569664001465
1789033811504815600,34.14481567382813,-2.68953275680542,-4.235296249389648,8.25523853302002
1789033811514740700,34.15474072265625,-2.7565317153930664,-4.2592244148254395,8.02074146270752
1789033811524666000,34.164666015625,-2.2444677352905273,-4.48414945602417,7.910671710968018
1789033811534591200,34.17459130859375,-1.698904037475586,-4.60857629776001,7.8819580078125
1789033811544516400,34.18451635742188,-1.588834285736084,-4.919643402099609,8.111668586730957
1789033811554441500,34.19444140625,-1.2490534782409668,-4.981856822967529,8.365307807922363
1789033811564366600,34.20436669921875,-1.0001999139785767,-5.115854740142822,8.34138011932373
1789033811574291700,34.214291748046875,-0.8327022790908813,-5.307280540466309,8.207381248474121
1789033811584216800,34.224216796875,-0.9188438653945923,-5.398207664489746,8.537590980529785
1789033811594142000,34.23414184570313,-1.454836130142212,-5.383851051330566,8.757730484008789
1789033811604066800,34.24406689453125,-1.7994025945663452,-5.106283664703369,9.073583602905273
1789033811613992000,34.253991943359374,-1.8999011516571045,-5.072783946990967,9.355937004089355
1789033811623917000,34.2639169921875,-1.1676974296569824,-5.245067119598389,9.126225471496582
1789033811633842200,34.27384228515625,-0.6221339106559753,-5.407779216766357,9.016156196594238
1789033811643767300,34.28376733398437,-0.22971096634864807,-5.72841739654541,8.810373306274414
1789033811653692400,34.2936923828125,-0.28235307335853577,-5.881557941436768,8.647661209106445
1789033811663617800,34.30361767578125,-0.10049854964017868,-5.953342914581299,8.470592498779297
1789033811673543000,34.31354296875,-0.2967100143432617,-5.972485542297363,8.24566650390625
1789033811683468000,34.32346801757812,-0.9571290612220764,-5.972485542297363,8.154739379882812
1789033811693393200,34.33339306640625,-0.8279166221618652,-6.072983741760254,8.21695327758789
1789033811703318300,34.343318359375,-0.914058268070221,-6.230910301208496,8.489734649658203
1789033811713243400,34.35324340820313,-1.1150553226470947,-6.154339790344238,9.131011009216309
1789033811723168500,34.36316845703125,-1.2299108505249023,-6.38883638381958,9.011369705200195
1789033811733094000,34.373093994140625,-1.1389836072921753,-6.752545356750488,8.724231719970703
1789033811743019000,34.38301904296875,-0.7561319470405579,-7.015756130218506,8.60459041595459
1789033811752944000,34.39294409179688,-0.16749759018421173,-7.168896675109863,8.470592498779297
1789033811762869200,34.402869140625,-0.7561319470405579,-6.8243303298950195,9.600004196166992
1789033811772794000,34.41279418945312,-0.914058268070221,-6.589833736419678,10.370492935180664
1789033811782719200,34.42271923828125,-0.8374879360198975,-6.522834300994873,10.17428207397461
1789033811792644400,34.432644287109376,-1.1341979503631592,-6.355337142944336,9.604789733886719
1789033811802569500,34.44256958007813,-1.4691931009292603,-5.958128452301025,8.963513374328613
1789033811812494600,34.45249462890625,-1.3208380937576294,-5.517848968505859,8.652446746826172
1789033811822419700,34.462419677734374,-0.8805587291717529,-5.469992637634277,8.542376518249512
1789033811832344800,34.4723447265625,-1.373480200767517,-5.699703693389893,8.834300994873047
1789033811842270000,34.48227001953125,-1.2921242713928223,-6.168696880340576,8.963513374328613
1789033811852195000,34.49219506835937,-0.9475577473640442,-6.838686943054199,8.738588333129883
1789033811862120200,34.5021201171875,-1.1389836072921753,-7.322037220001221,8.48016357421875
1789033811872045300,34.51204541015625,-1.5314065217971802,-7.479963779449463,8.614161491394043
1789033811881970400,34.52197045898438,-1.828116536140442,-7.441678524017334,8.949156761169434
1789033811891895600,34.5318955078125,-2.029113531112671,-7.154539585113525,9.207581520080566
1789033811901820700,34.54182055664062,-1.856830358505249,-6.795616149902344,9.174081802368164
1789033811911745800,34.551745849609375,-1.7371892929077148,-6.537191390991211,9.279366493225098
1789033811921671000,34.5616708984375,-1.1341979503631592,-6.321837425231934,9.174081802368164
1789033811931596000,34.57159594726563,-1.1437692642211914,-6.058627128601074,9.193224906921387
1789033811941521200,34.58152124023437,-0.7992027401924133,-5.848058700561523,8.752944946289062
1789033811951446300,34.5914462890625,-0.08614161610603333,-5.580062389373779,7.9968132972717285
1789033811961371400,34.601371337890626,0.6125625967979431,-5.819344520568848,6.86261510848999
1789033811971296500,34.61129663085938,0.27756741642951965,-6.144768714904785,6.307480335235596
1789033811981221600,34.6212216796875,-0.02392822690308094,-6.4079790115356445,6.618547439575195
1789033811991146800,34.631146728515624,-0.4211367964744568,-6.230910301208496,7.805387496948242
1789033812001071900,34.64107177734375,-0.33020952343940735,-6.254838466644287,8.283951759338379
1789033812010997200,34.65099731445312,-2.0003998279571533,-6.154339790344238,9.384650230407715
1789033812020922400,34.66092236328125,-2.9718856811523438,-5.934200286865234,10.456634521484375
1789033812030847500,34.670847412109374,-2.5938198566436768,-5.575276851654053,11.394621849060059
1789033812040772600,34.68077270507813,-1.4835500717163086,-5.115854740142822,11.69133186340332
1789033812050697700,34.69069775390625,-0.004785645287483931,-4.986642360687256,11.045269012451172
1789033812060622800,34.70062280273437,0.8805587291717529,-5.627918720245361,9.93978500366211
1789033812070548000,34.7105478515625,-0.15314064919948578,-6.441478729248047,9.035298347473145
1789033812080473000,34.72047314453125,-1.435693621635437,-6.656832695007324,8.752944946289062
1789033812090398200,34.73039819335938,-1.5361921787261963,-6.695117950439453,8.915657043457031
1789033812100323300,34.7403232421875,-1.215553879737854,-6.967899322509766,9.585647583007812
1789033812110248400,34.75024853515625,-1.0863415002822876,-7.551748275756836,9.236295700073242
1789033812120173600,34.760173583984376,-1.373480200767517,-6.943971157073975,8.997013092041016
1789033812130098700,34.7700986328125,-1.3830515146255493,-6.159125328063965,8.662017822265625
1789033812140023800,34.78002392578125,-1.34476637840271,-5.3312087059021,7.934599876403809
1789033812149949000,34.78994897460937,-2.00518536567688,-4.508078098297119,7.063612461090088
1789033812159874000,34.7998740234375,-2.957528829574585,-4.254438877105713,6.819544315338135
1789033812169799200,34.809799072265626,-3.3786656856536865,-4.40757942199707,6.585047721862793
1789033812179724300,34.81972436523437,-2.431107759475708,-4.8574299812316895,6.57547664642334
1789033812189649400,34.8296494140625,-1.8041882514953613,-4.934000492095947,8.279166221618652
1789033812199574500,34.839574462890624,-1.9908283948898315,-5.029713153839111,11.341979026794434
1789033812209499600,34.84949975585938,-1.794616937637329,-5.498706340789795,12.930813789367676
1789033812219425000,34.85942504882812,-1.5361921787261963,-6.551548480987549,12.222537994384766
1789033812229350100,34.86935009765625,-1.5409778356552124,-6.996613502502441,9.695717811584473
1789033812239275300,34.879275146484375,-1.4404792785644531,-6.111268997192383,7.336394309997559
1789033812249200400,34.88920043945313,-1.0911271572113037,-5.225924491882324,4.876572608947754
1789033812259125500,34.89912548828125,-0.9858429431915283,-4.450650215148926,4.249652862548828
1789033812269050600,34.90905053710937,-2.5746772289276123,-1.8424733877182007,6.829115867614746
1789033812278975700,34.918975830078125,-3.043670415878296,-1.5122638940811157,7.69531774520874
1789033812288900900,34.92890087890625,-1.9621145725250244,-3.019742250442505,8.724231719970703
1789033812298826000,34.93882592773438,-0.5742774605751038,-5.044070243835449,9.087940216064453
1789033812308751000,34.94875122070312,0.2967100143432617,-6.063412666320801,8.398807525634766
1789033812318676200,34.95867626953125,0.24885354936122894,-5.608776092529297,6.565905570983887
1789033812328601000,34.96860107421875,-1.1772687435150146,-4.522434711456299,5.134997367858887
1789033812338526200,34.978526123046876,-2.7278177738189697,-3.4121651649475098,5.182853698730469
1789033812348451300,34.98845141601562,-2.861815929412842,-3.091526746749878,5.8719868659973145
1789033812358376400,34.99837646484375,-1.789831280708313,-2.9862427711486816,6.4079790115356445
1789033812368301600,35.008301513671874,-0.7561319470405579,-2.7038896083831787,6.254838466644287
1789033812378226700,35.01822680664063,-1.2251251935958862,-1.9046868085861206,6.32662296295166
1789033812388151800,35.02815185546875,-1.765903115272522,-1.703689694404602,6.967899322509766
1789033812398077000,35.03807690429687,-1.124626636505127,-2.7326035499572754,6.628118515014648
1789033812408002000,35.048001953125,-0.5647061467170715,-4.005585193634033,5.934200286865234
1789033812417927200,35.05792724609375,-1.6414763927459717,-3.90987229347229,5.694917678833008
1789033812427852300,35.06785229492188,-2.4837498664855957,-3.579662561416626,4.996213912963867
1789033812437777400,35.07777734375,-2.579462766647339,-2.287538528442383,4.642076015472412
1789033812447702500,35.08770263671875,-2.0243279933929443,-1.7563318014144897,3.8524444103240967
1789033812457627600,35.097627685546875,-2.531606435775757,-1.0719845294952393,4.426722049713135
1789033812467552800,35.107552734375,-2.115255117416382,-0.7130611538887024,6.005984783172607
1789033812477478000,35.11747778320313,-0.8183453679084778,-1.5984054803848267,7.09711217880249
1789033812487403000,35.12740307617187,0.44027936458587646,-3.7710886001586914,7.609176158905029
1789033812497328000,35.137328125,0.7465606927871704,-4.517649173736572,8.547162055969238
1789033812507253500,35.14725341796875,-0.5647061467170715,-4.575077056884766,8.671588897705078
1789033812517178600,35.1571787109375,-2.321038007736206,-4.8574299812316895,8.528019905090332
1789033812527103700,35.167103759765624,-2.943171739578247,-5.077569484710693,8.484949111938477
1789033812537028900,35.17702880859375,-2.833101987838745,-5.111069202423096,8.93958568572998
1789033812546954000,35.1869541015625,-2.306680917739868,-5.106283664703369,9.10229778289795
1789033812556879000,35.19687915039062,-1.301695466041565,-5.1876397132873535,8.733802795410156
1789033812566804200,35.20680419921875,-0.5216353535652161,-5.254638671875,8.327022552490234
1789033812576729300,35.216729248046875,-0.5120640397071838,-5.388636589050293,8.403593063354492
1789033812586654500,35.22665454101563,-0.6029912829399109,-5.536991596221924,8.590232849121094
1789033812596579600,35.23657958984375,-1.057627558708191,-5.804987907409668,8.973084449768066
1789033812606504700,35.24650463867187,-0.9379864931106567,-6.0777692794799805,9.236295700073242
1789033812616429800,35.256429931640625,-1.368694543838501,-6.3361945152282715,9.422935485839844
1789033812626355000,35.26635498046875,-1.7371892929077148,-6.498906135559082,9.494720458984375
1789033812636280000,35.27628002929688,-1.4165509939193726,-6.561119556427002,9.475577354431152
1789033812646205200,35.286205078125,-1.2394821643829346,-6.675975322723389,9.298508644104004
1789033812656130000,35.29613012695312,-0.9906286001205444,-6.379265308380127,9.762716293334961
1789033812666055200,35.30605517578125,-0.9284151792526245,-6.245266914367676,10.021141052246094
1789033812675980300,35.315980224609376,-0.48813581466674805,-6.269195556640625,9.355937004089355
1789033812685905400,35.32590551757813,-0.8662018179893494,-6.230910301208496,8.82951545715332
1789033812695830500,35.33583056640625,-1.4452649354934692,-6.3122663497924805,8.513663291931152
1789033812705755600,35.345755615234374,-1.2490534782409668,-6.498906135559082,8.394021987915039
1789033812715680800,35.3556806640625,-0.8614161610603333,-6.790830612182617,8.6907320022583
1789033812725606000,35.36560595703125,-1.129412293434143,-6.9104719161987305,9.365508079528809
1789033812735531000,35.37553100585937,-1.0193424224853516,-6.695117950439453,9.657432556152344
1789033812745456000,35.3854560546875,-0.607776939868927,-6.489335060119629,9.485149383544922
1789033812755381200,35.39538134765625,-0.7034898400306702,-6.479763507843018,8.901300430297852
1789033812765306400,35.40530639648438,-1.0815558433532715,-6.446264266967773,8.571090698242188
1789033812775231500,35.4152314453125,-0.9667003750801086,-6.527620315551758,8.542376518249512
1789033812785156600,35.42515649414062,-1.306481122970581,-6.278766632080078,8.925228118896484
1789033812795082000,35.43508203125,-1.34476637840271,-6.283552169799805,9.236295700073242
1789033812805007000,35.44500708007813,-1.5314065217971802,-6.5180487632751465,9.351150512695312
1789033812814932200,35.45493212890625,-1.4117653369903564,-6.661618232727051,9.245866775512695
1789033812824857300,35.464857421875,-0.9475577473640442,-7.015756130218506,8.528019905090332
1789033812834782500,35.474782470703126,-1.2059825658798218,-7.106683254241943,8.049455642700195
1789033812844707600,35.48470751953125,-1.3926228284835815,-7.010970115661621,7.824530124664307
1789033812854632700,35.4946328125,-1.6366907358169556,-6.9822564125061035,7.786244869232178
1789033812864557800,35.504557861328124,-2.0817556381225586,-6.790830612182617,8.10688304901123
1789033812874483000,35.51448291015625,-1.923829436302185,-6.766902446746826,8.336593627929688
1789033812884408000,35.524407958984376,-2.00518536567688,-6.632904529571533,8.858229637145996
1789033812894333200,35.53433325195312,-1.7994025945663452,-6.632904529571533,9.351150512695312
1789033812904258300,35.54425830078125,-1.3878371715545654,-6.642475605010986,9.66221809387207
1789033812914183400,35.554183349609374,-0.8279166221618652,-6.570691108703613,9.308079719543457
1789033812924108500,35.56410864257813,0.31106695532798767,-6.5419769287109375,8.389236450195312
1789033812934033700,35.57403369140625,0.004785645287483931,-6.455835342407227,7.728816986083984
1789033812943958800,35.58395874023437,-0.6269195079803467,-6.427121639251709,7.479963779449463
1789033812953884000,35.5938837890625,-1.0241280794143677,-6.235695838928223,7.690532207489014
1789033812963809000,35.60380908203125,-1.057627558708191,-6.0538411140441895,7.9489569664001465
1789033812973734100,35.61373413085938,-1.28255295753479,-6.029912948608398,8.35573673248291
1789033812983659000,35.62365893554688,-1.6271194219589233,-6.183053493499756,8.896514892578125
1789033812993584000,35.63358422851562,-2.0243279933929443,-6.111268997192383,9.332008361816406
1789033813003509200,35.64350927734375,-1.9956140518188477,-5.857629776000977,9.729216575622559
1789033813013434400,35.653434326171876,-1.7563318014144897,-5.522634506225586,10.169496536254883
1789033813023359500,35.663359375,-1.34476637840271,-5.37906551361084,10.581061363220215
1789033813033284600,35.67328466796875,-0.9523434042930603,-5.517848968505859,10.628918647766113
1789033813043209700,35.683209716796874,-0.6125625967979431,-5.85284423828125,10.217352867126465
1789033813053134800,35.693134765625,-0.6699903607368469,-5.843272686004639,9.772287368774414
1789033813063060000,35.70306005859375,-0.40677985548973083,-6.025127410888672,8.772088050842285
1789033813072985300,35.7129853515625,-0.5982056856155396,-6.331408500671387,8.293522834777832
1789033813082910500,35.722910400390624,-0.9858429431915283,-6.943971157073975,7.489534854888916
1789033813092835600,35.73283569335938,-1.7563318014144897,-6.474977970123291,7.992027759552002
1789033813102760700,35.7427607421875,-2.7326035499572754,-5.589633464813232,7.83410120010376
1789033813112685800,35.75268579101562,-3.3786656856536865,-5.039284706115723,8.25523853302002
1789033813122611000,35.76261083984375,-3.139383316040039,-4.8191447257995605,8.475378036499023
1789033813132536000,35.7725361328125,-2.2157537937164307,-4.766502857208252,8.413164138793945
1789033813142461400,35.78246142578125,-1.1198409795761108,-4.8191447257995605,8.49452018737793
1789033813152386600,35.79238647460937,-0.0526420995593071,-5.00578498840332,8.839086532592773
1789033813162311700,35.802311767578125,0.27756741642951965,-5.288137912750244,9.528220176696777
1789033813172236800,35.81223681640625,-0.4546363055706024,-5.431707382202148,9.839286804199219
1789033813182162000,35.82216186523438,-2.062613010406494,-5.412564754486084,9.647860527038574
1789033813192087000,35.83208715820312,-3.1345977783203125,-5.201996326446533,9.121439933776855
1789033813202012200,35.84201220703125,-3.460021495819092,-5.077569484710693,8.82951545715332
1789033813211937000,35.85193701171875,-2.8522446155548096,-4.957928657531738,9.073583602905273
1789033813221862100,35.861862060546876,-2.0099709033966064,-4.718646049499512,9.183652877807617
1789033813231787300,35.87178735351562,-1.5696916580200195,-4.814359188079834,9.011369705200195
1789033813241712400,35.88171240234375,-1.3543375730514526,-5.010570526123047,8.657232284545898
1789033813251637500,35.891637451171874,-1.1629117727279663,-5.024927616119385,7.987242221832275
1789033813261562600,35.90156274414063,-1.526620864868164,-4.756931304931641,7.159325122833252
1789033813271487700,35.91148779296875,-2.0578274726867676,-4.115654945373535,6.585047721862793
1789033813281412900,35.92141284179687,-2.1535403728485107,-3.641875982284546,6.240481376647949
1789033813291338000,35.931337890625,-1.8903298377990723,-3.469592809677124,6.135197162628174
1789033813301263000,35.94126318359375,-1.4883357286453247,-3.445664644241333,6.159125328063965
1789033813311188200,35.95118823242188,-1.4404792785644531,-3.483949661254883,6.072983741760254
1789033813321113300,35.96111328125,-1.454836130142212,-3.3164522647857666,5.9676995277404785
1789033813331038500,35.97103857421875,-1.4739787578582764,-3.1585259437561035,5.804987907409668
1789033813340963600,35.980963623046875,-1.4069796800613403,-3.1441688537597656,5.737988471984863
1789033813350888700,35.990888671875,-1.397408366203308,-2.723032236099243,5.9916276931762695
1789033813360813800,36.00081372070313,-1.0528420209884644,-2.5459632873535156,6.398407936096191
1789033813370738700,36.01073876953125,-1.368694543838501,-2.5842485427856445,6.843472957611084
1789033813380663800,36.020663818359374,-1.545763373374939,-2.445464849472046,7.412964344024658
1789033813390589000,36.0305888671875,-1.828116536140442,-2.0003998279571533,7.920242786407471
1789033813400514000,36.04051416015625,-1.7467604875564575,-2.053041934967041,8.140382766723633
1789033813410439200,36.05043920898437,-1.545763373374939,-2.3258235454559326,8.250452041625977
1789033813420364300,36.0603642578125,-1.4021940231323242,-2.871387243270874,8.303094863891602
1789033813430289400,36.070289306640625,-1.5696916580200195,-3.2159535884857178,8.609375953674316
1789033813440214500,36.08021459960938,-1.9573289155960083,-3.201596736907959,9.145368576049805
1789033813450139600,36.0901396484375,-2.0243279933929443,-3.335594654083252,9.600004196166992
1789033813460064800,36.10006469726562,-2.115255117416382,-3.531806230545044,9.915857315063477
1789033813469990000,36.109989990234375,-2.1296122074127197,-3.737588882446289,10.02592658996582
1789033813479915000,36.1199150390625,-2.306680917739868,-3.407379388809204,10.159924507141113
1789033813489840400,36.12984033203125,-2.2301106452941895,-3.115455150604248,10.15035343170166
1789033813499765500,36.139765625,-2.115255117416382,-2.833101987838745,10.293923377990723
1789033813509690600,36.149690673828125,-1.8185452222824097,-2.981456995010376,10.279565811157227
1789033813519615700,36.15961572265625,-1.770688772201538,-3.0580272674560547,10.217352867126465
1789033813529540900,36.16954077148438,-2.043470621109009,-3.1920254230499268,10.06421184539795
1789033813539466000,36.17946606445312,-2.2444677352905273,-3.335594654083252,10.164710998535156
1789033813549391000,36.18939111328125,-2.3401806354522705,-3.201596736907959,10.365707397460938
1789033813559316200,36.199316162109376,-2.6464617252349854,-2.9718856811523438,10.38485050201416
1789033813569241300,36.20924145507813,-2.7086751461029053,-2.981456995010376,10.03549861907959
1789033813579166500,36.21916650390625,-2.2157537937164307,-2.909672260284424,9.55214786529541
1789033813589091600,36.229091552734374,-2.210968017578125,-2.770888566970825,9.590433120727539
1789033813599016700,36.2390166015625,-2.1343977451324463,-3.0388846397399902,9.647860527038574
1789033813608941800,36.24894189453125,-1.828116536140442,-3.5844483375549316,9.657432556152344
1789033813618867000,36.25886694335937,-1.8089739084243774,-3.8763725757598877,9.4660062789917
1789033813628792000,36.2687919921875,-1.8759729862213135,-3.6705899238586426,8.910871505737305
1789033813638717200,36.27871728515625,-1.7419748306274414,-3.297309637069702,8.437092781066895
1789033813648642300,36.28864233398438,-1.4261223077774048,-3.28773832321167,8.164310455322266
1789033813658567400,36.2985673828125,-1.612762451171875,-3.2446675300598145,8.25523853302002
1789033813668492500,36.30849243164062,-2.076970100402832,-2.957528829574585,8.800801277160645
1789033813678417700,36.318417724609375,-2.1583259105682373,-2.746960401535034,9.183652877807617
1789033813688342800,36.3283427734375,-2.0482561588287354,-2.861815929412842,9.509077072143555
1789033813698267600,36.338267578125,-1.8664016723632812,-3.115455150604248,9.432506561279297
1789033813708192800,36.34819287109375,-1.8089739084243774,-3.2207393646240234,9.111868858337402
1789033813718118000,36.358117919921874,-1.7515461444854736,-3.014956474304199,8.695517539978027
1789033813728043000,36.36804296875,-1.7419748306274414,-2.871387243270874,8.317451477050781
1789033813737968000,36.37796801757813,-1.947757601737976,-2.6703901290893555,8.446663856506348
1789033813747893200,36.38789331054687,-1.9621145725250244,-2.6560330390930176,8.839086532592773
1789033813757818400,36.397818359375,-1.9286150932312012,-2.8522446155548096,9.32722282409668
1789033813767743500,36.407743408203125,-1.8376877307891846,-3.22552490234375,9.437292098999023
1789033813777668600,36.41766870117188,-1.856830358505249,-3.3786656856536865,9.308079719543457
1789033813787593700,36.42759375,-1.7802600860595703,-3.2063822746276855,8.882157325744629
1789033813797518800,36.43751879882812,-2.0578274726867676,-2.6560330390930176,8.8438720703125
1789033813807444000,36.44744384765625,-2.038684844970703,-2.2205393314361572,9.001798629760742
1789033813817369000,36.457369140625,-1.6366907358169556,-2.3880369663238525,9.384650230407715
1789033813827294200,36.46729418945313,-1.277767300605774,-2.9240293502807617,9.523433685302734
1789033813837219300,36.47721923828125,-1.4979069232940674,-3.5461630821228027,9.647860527038574
1789033813847144400,36.48714453125,-1.8616160154342651,-3.7710886001586914,9.604789733886719
1789033813857069600,36.497069580078126,-2.1056840419769287,-3.4265220165252686,9.53779125213623
1789033813866994700,36.50699462890625,-2.335394859313965,-2.885744094848633,9.499505996704102
1789033813876919800,36.516919921875,-2.2157537937164307,-2.311466693878174,9.437292098999023
1789033813886845000,36.526844970703124,-1.794616937637329,-2.2540390491485596,9.28893756866455
1789033813896770000,36.53677001953125,-1.3878371715545654,-2.761317253112793,9.269794464111328
1789033813906695200,36.54669506835938,-1.4691931009292603,-3.2350962162017822,9.207581520080566
1789033813916620500,36.55662060546875,-2.00518536567688,-3.0388846397399902,9.30329418182373
1789033813926545700,36.566545654296874,-1.9716858863830566,-2.7804598808288574,8.973084449768066
1789033813936470800,36.576470703125,-1.7324036359786987,-2.6225335597991943,8.623732566833496
1789033813946396000,36.58639599609375,-1.856830358505249,-2.478964328765869,8.551948547363281
1789033813956321000,36.59632104492187,-1.923829436302185,-2.3736801147460938,8.719446182250977
1789033813966246100,36.60624609375,-1.9956140518188477,-2.526820659637451,8.96829891204834
1789033813976171300,36.616171142578125,-1.9573289155960083,-2.933600664138794,9.035298347473145
1789033813986096400,36.62609643554688,-2.187039852142334,-2.833101987838745,9.375079154968262
1789033813996021500,36.636021484375,-2.0865414142608643,-2.8139593601226807,9.494720458984375
1789033814005946600,36.64594653320312,-2.234896421432495,-2.7326035499572754,9.982855796813965
1789033814015871700,36.655871826171875,-1.8664016723632812,-3.3020951747894287,9.944570541381836
1789033814025796600,36.665796630859376,-1.6558332443237305,-3.627519130706787,9.523433685302734
1789033814035721700,36.6757216796875,-1.8807586431503296,-3.4791641235351562,9.073583602905273
1789033814045646800,36.68564672851563,-2.124826431274414,-3.091526746749878,8.762516975402832
1789033814055572000,36.695572021484374,-1.7754744291305542,-2.6703901290893555,8.595019340515137
1789033814065497000,36.7054970703125,-1.7850457429885864,-2.579462766647339,8.973084449768066
1789033814075422200,36.71542211914063,-2.043470621109009,-2.9527430534362793,9.66221809387207
1789033814085347300,36.72534741210937,-2.1200408935546875,-3.3786656856536865,10.303494453430176
1789033814095272400,36.7352724609375,-2.062613010406494,-3.7232320308685303,10.447063446044922
1789033814105197600,36.745197509765624,-2.124826431274414,-3.6083765029907227,9.982855796813965
1789033814115122700,36.75512280273438,-2.038684844970703,-3.345165967941284,9.05444049835205
1789033814125047800,36.7650478515625,-1.7132610082626343,-2.9623143672943115,8.34138011932373
1789033814134973000,36.77497290039062,-1.794616937637329,-2.478964328765869,8.384450912475586
1789033814144898000,36.78489794921875,-1.9094724655151367,-2.531606435775757,8.762516975402832
1789033814154823200,36.7948232421875,-1.8855443000793457,-3.1824541091918945,9.28893756866455
1789033814164748300,36.80474829101563,-1.9764715433120728,-3.8668015003204346,9.547362327575684
1789033814174673400,36.81467333984375,-2.1535403728485107,-3.814159393310547,9.657432556152344
1789033814184598300,36.82459838867187,-2.8666014671325684,-2.407179594039917,9.772287368774414
1789033814194523400,36.8345234375,-2.431107759475708,-1.6701902151107788,9.159725189208984
1789033814204448500,36.844448486328126,-1.588834285736084,-1.7276179790496826,8.288737297058105
1789033814214373600,36.85437353515625,-0.5120640397071838,-2.1822543144226074,6.872186660766602
1789033814224298800,36.864298828125,0.3206382393836975,-3.4169507026672363,5.632704734802246
1789033814234223900,36.874223876953124,-0.6891329288482666,-3.6083765029907227,6.10169792175293
1789033814244149000,36.88414892578125,-2.3736801147460938,-3.3547372817993164,8.011170387268066
1789033814254074000,36.89407421875,-3.9912281036376953,-2.56510591506958,10.29870891571045
1789033814263999200,36.90399926757812,-3.0388846397399902,-3.7567315101623535,10.370492935180664
1789033814273924600,36.913924560546874,-1.9381862878799438,-4.503292083740234,10.53799057006836
1789033814283849700,36.923849609375,-2.0243279933929443,-4.402793884277344,10.973484992980957
1789033814293774800,36.93377490234375,-2.66560435295105,-3.2590243816375732,11.437692642211914
1789033814303700000,36.94369995117187,-2.0817556381225586,-3.321237802505493,10.930414199829102
1789033814313625000,36.953625,-0.8662018179893494,-3.9864425659179688,9.705288887023926
1789033814323550200,36.96355029296875,-1.0863415002822876,-3.981656789779663,9.394221305847168
1789033814333475300,36.97347534179688,-2.5363919734954834,-3.129812002182007,9.652647018432617
1789033814343400700,36.98340063476562,-2.4119651317596436,-2.4741785526275635,9.748359680175781
1789033814353325600,36.99332568359375,-1.679761528968811,-2.493321180343628,9.734002113342285
1789033814363250700,37.003250732421876,-1.373480200767517,-3.081955671310425,9.126225471496582
1789033814373175800,37.01317578125,-1.4261223077774048,-3.359523057937622,8.46580696105957
1789033814383101000,37.02310083007813,-2.383251428604126,-2.9479575157165527,8.628518104553223
1789033814393026000,37.033026123046874,-3.460021495819092,-2.234896421432495,9.571290969848633
1789033814402951200,37.042951171875,-1.7754744291305542,-3.1824541091918945,8.398807525634766
1789033814412876300,37.052876220703126,0.2967100143432617,-4.618147850036621,6.221338748931885
1789033814422801400,37.06280151367187,0.1866401731967926,-4.689932346343994,4.589433670043945
1789033814432726500,37.0727265625,-2.2205393314361572,-2.4119651317596436,5.3216376304626465
1789033814442651600,37.082651611328124,-4.704289436340332,0.7513462901115417,6.173482418060303
1789033814452576800,37.09257666015625,-3.6849467754364014,1.9716858863830566,7.04925537109375
1789033814462502000,37.102501953125,-1.7802600860595703,1.4069796800613403,9.992427825927734
1789033814472427000,37.11242700195312,0.22492532432079315,-1.215553879737854,12.160325050354004
1789033814482352000,37.12235205078125,1.430907964706421,-5.20678186416626,11.418549537658691
1789033814492277200,37.13227734375,-0.46899324655532837,-6.967899322509766,11.47119140625
1789033814502202400,37.14220239257813,-2.6273193359375,-7.082755088806152,12.337393760681152
1789033814512127200,37.15212719726563,-5.522634506225586,-6.197410583496094,14.103296279907227
1789033814522052400,37.16205224609375,-5.843272686004639,-2.967100143432617,14.66800308227539
1789033814531977500,37.1719775390625,-2.2923240661621094,-3.5270206928253174,11.944971084594727
1789033814541902600,37.181902587890626,-0.08614161610603333,-4.780859470367432,9.265008926391602
1789033814551828000,37.19182788085938,-1.0145567655563354,-5.010570526123047,8.695517539978027
1789033814561753000,37.20175317382812,-2.148754835128784,-3.809373617172241,8.982656478881836
1789033814571678200,37.21167822265625,-2.991028308868408,-2.201396942138672,9.408578872680664
1789033814581603000,37.22160302734375,-2.3880369663238525,-1.7563318014144897,8.819944381713867
1789033814591528200,37.23152807617188,-1.94297194480896,-1.789831280708313,8.149953842163086
1789033814601453300,37.24145336914062,-1.0241280794143677,-2.589034080505371,7.015756130218506
1789033814611378400,37.25137841796875,-0.7561319470405579,-3.445664644241333,6.757331371307373
1789033814621303600,37.261303466796875,-2.0865414142608643,-1.9716858863830566,7.331608772277832
1789033814631228700,37.27122875976563,-2.7326035499572754,-1.3543375730514526,7.054041385650635
1789033814641153800,37.28115380859375,-3.3547372817993164,-0.30149564146995544,8.561519622802734
1789033814651079000,37.29107885742187,-2.7804598808288574,-0.2584248483181,10.169496536254883
1789033814661004000,37.301004150390625,0.19621145725250244,-2.723032236099243,9.896714210510254
1789033814670929200,37.31092919921875,-1.2346965074539185,-4.359723091125488,10.954341888427734
1789033814680854300,37.32085424804688,-1.856830358505249,-5.168497085571289,9.930213928222656
1789033814690779400,37.330779296875,-1.5696916580200195,-4.206582069396973,8.039883613586426
1789033814700704500,37.34070458984375,-2.0482561588287354,-1.5984054803848267,7.432106971740723
1789033814710629600,37.350629638671876,-2.4646072387695312,-0.8662018179893494,9.245866775512695
1789033814720554800,37.3605546875,-1.6319050788879395,-0.5359922647476196,13.605589866638184
1789033814730479900,37.37047998046875,-2.785245656967163,-4.517649173736572,15.77827262878418
1789033814740404700,37.38040478515625,-2.2396819591522217,-9.638289451599121,15.582060813903809
1789033814750329900,37.390329833984374,-0.28235307335853577,-10.447063446044922,11.547761917114258
1789033814760255000,37.4002548828125,-1.373480200767517,-8.571090698242188,6.216553211212158
1789033814770180000,37.41018017578125,-4.340580463409424,-2.746960401535034,6.245266914367676
1789033814780105200,37.42010522460937,-4.455435752868652,-1.100698471069336,4.895715236663818
1789033814790030300,37.4300302734375,-2.3880369663238525,-0.31106695532798767,5.517848968505859
1789033814799955500,37.43995556640625,-1.1772687435150146,0.16749759018421173,7.872386455535889
1789033814809880600,37.44988061523438,-0.5742774605751038,-1.0289137363433838,8.528019905090332
1789033814819805700,37.4598056640625,-0.8087740540504456,-2.3258235454559326,8.944371223449707
1789033814829730800,37.46973071289062,-0.8709874153137207,-3.34995174407959,8.518448829650879
1789033814839656000,37.479656005859376,-0.9858429431915283,-3.177668571472168,8.073383331298828
1789033814849581000,37.4895810546875,-0.7704889178276062,-3.2063822746276855,6.790830612182617
1789033814859506200,37.49950610351563,-1.4835500717163086,-3.0867412090301514,6.010770320892334
1789033814869431300,37.50943139648437,-2.4741785526275635,-2.2540390491485596,6.16391134262085
1789033814879356400,37.5193564453125,-2.770888566970825,-1.459621787071228,6.833901405334473
1789033814889281500,37.529281494140626,-2.091326951980591,-1.6079767942428589,7.412964344024658
1789033814899206700,37.53920654296875,-1.5744773149490356,-2.359323024749756,7.83410120010376
1789033814909132000,37.549132080078124,-1.1581261157989502,-2.9766714572906494,8.0350980758667
1789033814919057200,37.55905712890625,-0.9379864931106567,-3.34995174407959,8.169096946716309
1789033814928982300,37.56898217773438,-1.0719845294952393,-3.5222349166870117,8.394021987915039
1789033814938907400,37.57890747070312,-1.7371892929077148,-3.4408788681030273,8.63330364227295
1789033814948832500,37.58883251953125,-2.196611166000366,-3.2781670093536377,8.6907320022583
1789033814958757600,37.598757568359375,-2.0578274726867676,-3.2542388439178467,8.652446746826172
1789033814968682800,37.60868286132813,-1.6414763927459717,-3.3403804302215576,8.413164138793945
1789033814978607900,37.61860791015625,-1.306481122970581,-3.6323046684265137,7.992027759552002
1789033814988533000,37.62853295898437,-1.4261223077774048,-3.84765887260437,8.00638484954834
1789033814998458000,37.6384580078125,-1.6701902151107788,-4.07258415222168,8.10688304901123
1789033815008383200,37.64838330078125,-1.8233308792114258,-4.182653903961182,8.523234367370605
1789033815018308400,37.65830834960938,-1.8137595653533936,-4.273581027984619,8.542376518249512
1789033815028233500,37.6682333984375,-1.5984054803848267,-4.326223373413086,8.317451477050781
1789033815038158600,37.67815869140625,-1.3304094076156616,-4.287938117980957,8.015955924987793
1789033815048083700,37.688083740234376,-1.2873386144638062,-4.019941806793213,8.078168869018555
1789033815058008800,37.6980087890625,-1.1868400573730469,-3.799802303314209,7.9250288009643555
1789033815067933700,37.70793359375,-1.3351950645446777,-3.924229145050049,8.10688304901123
1789033815077858800,37.71785888671875,-1.34476637840271,-4.211368083953857,7.83410120010376
1789033815087784000,37.727783935546874,-1.3208380937576294,-4.48414945602417,7.513463020324707
1789033815097709000,37.737708984375,-1.3208380937576294,-4.737788677215576,7.274180889129639
1789033815107634200,37.74763427734375,-1.210768222808838,-5.020142078399658,7.010970115661621
1789033815117559300,37.75755932617187,-1.2634103298187256,-5.292923450469971,7.168896675109863
1789033815127484400,37.767484375,-1.1389836072921753,-5.694917678833008,7.317251682281494
1789033815137409500,37.777409423828125,-1.191625714302063,-6.001199245452881,7.676175117492676
1789033815147334700,37.78733471679688,-1.2490534782409668,-6.340980052947998,7.9489569664001465
1789033815157259800,37.797259765625,-0.9044869542121887,-6.690331935882568,8.011170387268066
1789033815167185000,37.80718481445312,-0.7657032608985901,-6.853044033050537,8.030312538146973
1789033815177110000,37.817110107421875,-1.0671988725662231,-6.915257453918457,8.212167739868164
1789033815187035100,37.82703515625,-0.9954141974449158,-6.728617191314697,8.528019905090332
1789033815196960300,37.83696020507813,-1.3112667798995972,-6.417550563812256,8.920442581176758
1789033815206885400,37.84688549804687,-1.1102696657180786,-6.32662296295166,8.86780071258545
1789033815216810500,37.856810546875,-1.5840486288070679,-6.321837425231934,9.169296264648438
1789033815226735400,37.8667353515625,-1.4835500717163086,-6.417550563812256,9.226723670959473
1789033815236660500,37.87666040039063,-1.794616937637329,-6.805187702178955,9.757930755615234
1789033815246585600,37.88658569335937,-1.9094724655151367,-7.551748275756836,10.38485050201416
1789033815256510700,37.8965107421875,-1.7371892929077148,-8.61894702911377,10.916056632995605
1789033815266435800,37.906435791015625,-1.6223337650299072,-9.298508644104004,10.99741268157959
1789033815276361000,37.91636083984375,-2.0817556381225586,-8.719446182250977,11.140982627868652
1789033815286286000,37.9262861328125,-1.8855443000793457,-7.6043901443481445,10.681560516357422
1789033815296211200,37.93621118164062,-1.6175481081008911,-6.580262184143066,10.054640769958496
1789033815306136300,37.94613623046875,-1.6414763927459717,-5.508277893066406,9.56650447845459
1789033815316061400,37.9560615234375,-1.9669002294540405,-4.967499732971191,9.05444049835205
1789033815325986600,37.96598657226563,-2.1774685382843018,-4.780859470367432,8.8438720703125
1789033815335911700,37.97591162109375,-1.832902193069458,-5.034498691558838,8.389236450195312
1789033815345836800,37.9858369140625,-1.9094724655151367,-5.3934221267700195,8.475378036499023
1789033815355762000,37.995761962890626,-1.7324036359786987,-6.001199245452881,8.12123966217041
1789033815365687000,38.00568701171875,-1.545763373374939,-6.4701924324035645,7.63310432434082
1789033815375612200,38.01561206054687,-1.1820544004440308,-6.594619274139404,7.29810905456543
1789033815385537000,38.025537109375,-1.2586246728897095,-6.623332977294922,7.226324558258057
1789033815395462100,38.035462158203124,-1.6558332443237305,-6.585047721862793,7.456035137176514
1789033815405387300,38.04538720703125,-1.8137595653533936,-6.5180487632751465,8.015955924987793
1789033815415312400,38.0553125,-1.435693621635437,-6.618547439575195,8.37009334564209
1789033815425237500,38.06523754882812,-1.2203395366668701,-6.652047157287598,8.752944946289062
1789033815435162600,38.07516259765625,-0.7130611538887024,-6.522834300994873,8.791230201721191
1789033815445087700,38.085087646484375,-1.1820544004440308,-6.307480335235596,8.901300430297852
1789033815455012900,38.09501293945313,-1.301695466041565,-6.044270038604736,8.973084449768066
1789033815464938000,38.10493798828125,-1.8185452222824097,-5.819344520568848,9.260223388671875
1789033815474863000,38.11486303710937,-1.8903298377990723,-5.647061347961426,9.523433685302734
1789033815484788200,38.124788330078125,-1.6654045581817627,-5.618347644805908,9.796216011047363
1789033815494713300,38.13471337890625,-1.100698471069336,-5.599205017089844,9.585647583007812
1789033815504638500,38.14463842773438,-0.4833501875400543,-5.694917678833008,9.035298347473145
1789033815514563600,38.1545634765625,-0.4307080805301666,-6.010770320892334,8.609375953674316
1789033815524488700,38.16448876953125,-0.8231309652328491,-6.125626087188721,8.547162055969238
1789033815534413800,38.174413818359376,-1.4787644147872925,-6.317051887512207,8.35573673248291
1789033815544338700,38.18433862304688,-2.115255117416382,-6.183053493499756,8.37966537475586
1789033815554264000,38.19426416015625,-1.6845471858978271,-6.10169792175293,8.4562349319458
1789033815564189200,38.204189208984374,-1.196411371231079,-6.068198204040527,8.638090133666992
1789033815574114300,38.2141142578125,-1.124626636505127,-5.804987907409668,9.073583602905273
1789033815584039400,38.22403930664063,-0.9954141974449158,-5.4795637130737305,9.212367057800293
1789033815593964500,38.23396459960937,-0.8757730722427368,-5.412564754486084,8.96829891204834
1789033815603889700,38.2438896484375,-0.9475577473640442,-5.489135265350342,8.882157325744629
1789033815613814800,38.253814697265625,-1.2586246728897095,-5.737988471984863,8.685946464538574
1789033815623740200,38.263740234375,-1.0336993932724,-5.948556900024414,8.413164138793945
1789033815633665300,38.27366528320312,-1.4644074440002441,-6.058627128601074,8.288737297058105
1789033815643590400,38.28359033203125,-1.6654045581817627,-5.441278457641602,8.427521705627441
1789033815653515500,38.293515625,-1.852044701576233,-4.886143684387207,8.762516975402832
1789033815663440600,38.30344067382813,-2.062613010406494,-4.522434711456299,9.32722282409668
1789033815673365800,38.31336572265625,-2.100898265838623,-4.3549370765686035,9.647860527038574
1789033815683290600,38.32329052734375,-1.9381862878799438,-4.42193603515625,9.705288887023926
1789033815693215700,38.3332158203125,-1.7802600860595703,-4.565505504608154,9.580862045288086
1789033815703140900,38.343140869140626,-2.1535403728485107,-4.871787071228027,9.312865257263184
1789033815713066000,38.35306591796875,-2.187039852142334,-5.058426856994629,9.332008361816406
1789033815722990800,38.36299096679687,-1.4213366508483887,-5.3216376304626465,9.087940216064453
1789033815732916000,38.372916015625,-0.6364908218383789,-5.335994720458984,8.413164138793945
1789033815742841000,38.382841064453125,-0.24885354936122894,-5.058426856994629,8.202595710754395
1789033815752766200,38.39276611328125,-0.2727817893028259,-4.7712883949279785,8.327022552490234
1789033815762691300,38.40269140625,-0.7034898400306702,-4.828716278076172,8.25523853302002
1789033815772616400,38.41261645507812,-1.6606189012527466,-4.804787635803223,8.283951759338379
1789033815782541600,38.42254150390625,-2.5698914527893066,-4.651647090911865,8.336593627929688
1789033815792466700,38.432466796875,-2.5986053943634033,-4.656432628631592,8.346165657043457
1789033815802391800,38.44239184570313,-1.4883357286453247,-4.7473602294921875,8.279166221618652
1789033815812317000,38.45231689453125,-0.7130611538887024,-4.661218643188477,8.025527000427246
1789033815822242300,38.4622421875,-0.6795616149902344,-4.106083869934082,7.81974458694458
1789033815832167400,38.47216748046875,-0.6508477330207825,-3.7710886001586914,7.278966426849365
1789033815842092500,38.48209252929688,-0.7130611538887024,-3.6083765029907227,6.809973239898682
1789033815852017700,38.492017578125,-1.588834285736084,-3.3690943717956543,6.561119556427002
1789033815861942800,38.50194287109375,-2.321038007736206,-3.3164522647857666,6.489335060119629
1789033815871868000,38.511867919921876,-2.0482561588287354,-3.2207393646240234,6.235695838928223
1789033815881793000,38.52179296875,-1.306481122970581,-2.957528829574585,5.627918720245361
1789033815891718100,38.53171826171875,-0.9236295223236084,-2.5938198566436768,5.407779216766357
1789033815901643300,38.541643310546874,-0.7704889178276062,-2.517249345779419,5.608776092529297
1789033815911568400,38.551568359375,-1.0241280794143677,-2.799602508544922,5.819344520568848
1789033815921493500,38.56149340820313,-1.526620864868164,-3.263810157775879,5.9676995277404785
1789033815931418600,38.57141870117187,-1.6271194219589233,-3.2446675300598145,6.355337142944336
1789033815941343500,38.58134350585937,-1.5314065217971802,-3.0388846397399902,6.331408500671387
1789033815951268600,38.5912685546875,-1.9286150932312012,-2.7326035499572754,6.259624004364014
1789033815961193700,38.60119384765625,-2.029113531112671,-2.56510591506958,6.38883638381958
1789033815971118800,38.61111889648438,-2.0721843242645264,-2.541177749633789,6.546762943267822
1789033815981044000,38.6210439453125,-1.6319050788879395,-2.991028308868408,6.183053493499756
1789033815990969000,38.63096899414062,-1.3304094076156616,-3.139383316040039,6.374479293823242
1789033816000894200,38.640894287109376,-1.3878371715545654,-3.115455150604248,6.642475605010986
1789033816010819300,38.6508193359375,-1.3256237506866455,-3.139383316040039,7.159325122833252
1789033816020744400,38.66074438476563,-1.6223337650299072,-3.2303106784820557,7.5708909034729
1789033816030669600,38.670669677734374,-1.5792629718780518,-3.579662561416626,7.427321434020996
1789033816040594700,38.6805947265625,-1.5170495510101318,-3.9768712520599365,7.245467185974121
1789033816050519800,38.69051977539063,-1.5074782371520996,-4.249652862548828,7.312466144561768
1789033816060445000,38.70044482421875,-1.6319050788879395,-4.297509670257568,7.690532207489014
1789033816070370000,38.7103701171875,-1.8711873292922974,-4.393222332000732,8.394021987915039
1789033816080295200,38.720295166015624,-1.1820544004440308,-4.512863636016846,8.839086532592773
1789033816090220300,38.73022021484375,-0.9044869542121887,-4.8191447257995605,9.355937004089355
1789033816100145200,38.74014526367188,-1.062413215637207,-5.120640277862549,9.762716293334961
1789033816110070300,38.7500703125,-1.210768222808838,-5.508277893066406,9.805787086486816
1789033816119995400,38.75999536132812,-1.2634103298187256,-5.795416355133057,9.657432556152344
1789033816129920500,38.76992041015625,-1.3495519161224365,-5.757131099700928,9.595218658447266
1789033816139845600,38.779845703125,-1.852044701576233,-5.709274768829346,9.489934921264648
1789033816149770800,38.78977075195313,-1.8903298377990723,-5.699703693389893,9.399007797241211
1789033816159696000,38.79969580078125,-1.2299108505249023,-5.723631858825684,9.489934921264648
1789033816169621000,38.80962109375,-0.7657032608985901,-6.044270038604736,9.30329418182373
1789033816179546000,38.819546142578126,-0.11485548317432404,-6.321837425231934,9.379864692687988
1789033816189471200,38.82947119140625,0,-6.283552169799805,9.470791816711426
1789033816199396400,38.83939624023437,-0.9044869542121887,-6.465406894683838,9.255437850952148
1789033816209321500,38.849321533203124,-1.2011969089508057,-6.728617191314697,8.944371223449707
1789033816219246600,38.85924658203125,-1.0432707071304321,-6.757331371307373,8.260024070739746
1789033816229171700,38.86917163085938,-0.9236295223236084,-6.297909259796143,8.317451477050781
1789033816239096800,38.87909692382812,-0.7800601720809937,-6.183053493499756,8.441878318786621
1789033816249022000,38.88902197265625,-0.6556333899497986,-6.221338748931885,8.60459041595459
1789033816258946800,38.89894677734375,-0.7369893789291382,-6.522834300994873,8.8438720703125
1789033816268872000,38.908871826171875,-0.6891329288482666,-6.771687984466553,8.910871505737305
1789033816278797000,38.91879711914063,-0.7848458290100098,-6.8004021644592285,8.738588333129883
1789033816288722200,38.92872216796875,-0.5838487148284912,-6.843472957611084,8.685946464538574
1789033816298647300,38.93864721679687,-0.9188438653945923,-6.795616149902344,8.81515884399414
1789033816308572400,38.948572509765626,-1.0959128141403198,-6.719046115875244,9.083154678344727
1789033816318497500,38.95849755859375,-1.1820544004440308,-6.503692150115967,9.561718940734863
1789033816328422700,38.96842260742188,-0.9284151792526245,-6.197410583496094,10.006784439086914
1789033816338347800,38.97834765625,-0.7704889178276062,-5.910272121429443,9.896714210510254
1789033816348273000,38.98827294921875,-0.8470591902732849,-5.958128452301025,9.035298347473145
1789033816358198000,38.99819799804688,-1.1341979503631592,-5.962913990020752,8.226524353027344
1789033816368123100,39.008123046875,-1.4787644147872925,-5.97727108001709,7.762316703796387
1789033816378048300,39.01804833984375,-1.828116536140442,-6.082555294036865,7.590033531188965
1789033816387973400,39.027973388671874,-2.00518536567688,-6.283552169799805,7.795815944671631
1789033816397898500,39.0378984375,-1.6223337650299072,-6.809973239898682,7.824530124664307
1789033816407823600,39.04782373046875,-1.9764715433120728,-7.130611419677734,8.097311973571777
1789033816417748500,39.05774853515625,-2.4598217010498047,-7.192824840545654,8.427521705627441
1789033816427673600,39.06767358398437,-2.3497519493103027,-7.317251682281494,9.011369705200195
1789033816437598700,39.0775986328125,-2.311466693878174,-7.288537979125977,9.753145217895508
1789033816447523800,39.08752392578125,-1.435693621635437,-6.9583282470703125,10.155138969421387
1789033816457449000,39.09744897460938,-0.397208571434021,-6.680760860443115,9.853643417358398
1789033816467374000,39.1073740234375,0.2584248483181,-6.623332977294922,8.748159408569336
1789033816477299200,39.11729931640625,1.0671988725662231,-6.838686943054199,7.599604606628418
1789033816487224300,39.127224365234376,1.2586246728897095,-6.905686378479004,7.460821151733398
1789033816497149400,39.1371494140625,0.8614161610603333,-6.63769006729126,8.025527000427246
1789033816507074600,39.14707446289062,-0.760917603969574,-6.26440954208374,8.590232849121094
1789033816516999700,39.156999755859374,-1.7802600860595703,-6.297909259796143,8.542376518249512
1789033816526924800,39.1669248046875,-2.1583259105682373,-6.283552169799805,8.614161491394043
1789033816536850000,39.17684985351563,-2.1296122074127197,-5.929414749145508,9.097511291503906
1789033816546775000,39.18677514648437,-2.0961127281188965,-5.608776092529297,9.738788604736328
1789033816556700200,39.1967001953125,-1.6606189012527466,-5.221138954162598,10.289137840270996
1789033816566625300,39.206625244140625,-1.1389836072921753,-5.015356063842773,10.198209762573242
1789033816576550100,39.216550048828125,-1.0097711086273193,-5.163711071014404,9.724431037902832
1789033816586475300,39.22647534179688,-0.7992027401924133,-5.575276851654053,9.332008361816406
1789033816596400400,39.236400390625,-0.5934200286865234,-5.848058700561523,9.059226989746094
1789033816606325500,39.24632543945312,-0.5647061467170715,-5.670989513397217,8.609375953674316
1789033816616250600,39.256250732421876,-0.8757730722427368,-5.575276851654053,8.039883613586426
1789033816626175700,39.26617578125,-1.191625714302063,-5.647061347961426,7.594819068908691
1789033816636100900,39.27610083007813,-1.7371892929077148,-6.010770320892334,7.379465103149414
1789033816646026000,39.28602587890625,-1.6414763927459717,-6.178267955780029,7.5565338134765625
1789033816655951000,39.295951171875,-1.6558332443237305,-5.85284423828125,8.408378601074219
1789033816665876200,39.30587622070313,-1.2969099283218384,-5.225924491882324,9.346364974975586
1789033816675801300,39.31580126953125,-1.2969099283218384,-5.134997367858887,9.461220741271973
1789033816685726500,39.3257265625,-0.9667003750801086,-5.048855781555176,9.418149948120117
1789033816695651600,39.335651611328124,-0.8087740540504456,-4.761716842651367,8.901300430297852
1789033816705576700,39.34557666015625,-1.4069796800613403,-4.718646049499512,8.489734649658203
1789033816715501800,39.35550170898438,-2.8187451362609863,-4.766502857208252,8.762516975402832
1789033816725427000,39.36542700195312,-3.0101709365844727,-4.852644443511963,9.040083885192871
1789033816735352000,39.37535205078125,-2.172683000564575,-4.957928657531738,9.485149383544922
1789033816745277000,39.38527685546875,-1.1437692642211914,-5.31685209274292,9.868000984191895
1789033816755202000,39.3952021484375,-0.3732803463935852,-5.402993679046631,10.03549861907959
1789033816765127200,39.40512719726563,-0.2919243574142456,-5.575276851654053,9.891928672790527
1789033816775052300,39.41505224609375,-0.550349235534668,-5.599205017089844,9.154939651489258
1789033816784977400,39.424977294921874,-1.7467604875564575,-5.221138954162598,8.298309326171875
1789033816794902500,39.434902587890626,-2.66560435295105,-4.474578380584717,7.9250288009643555
1789033816804827600,39.44482763671875,-2.550748825073242,-4.039084434509277,7.800601959228516
1789033816814752800,39.45475268554687,-1.5792629718780518,-4.106083869934082,7.590033531188965
1789033816824678000,39.464677978515624,-1.1437692642211914,-4.024727821350098,7.518248558044434
1789033816834603000,39.47460302734375,-1.191625714302063,-3.641875982284546,7.154539585113525
1789033816844528000,39.48452807617188,-1.1102696657180786,-3.1489546298980713,7.058826923370361
1789033816854453200,39.49445336914062,-0.8470591902732849,-3.1585259437561035,6.757331371307373
1789033816864378400,39.50437841796875,-1.397408366203308,-3.7328033447265625,6.297909259796143
1789033816874303500,39.514303466796875,-1.5314065217971802,-4.096512317657471,5.828916072845459
1789033816884228600,39.524228515625,-1.0432707071304321,-3.8285162448883057,5.546562671661377
1789033816894153700,39.53415380859375,-0.9284151792526245,-3.7232320308685303,5.599205017089844
1789033816904078800,39.54407885742187,-1.7994025945663452,-3.3164522647857666,6.5180487632751465
1789033816914004000,39.55400390625,-2.1056840419769287,-2.833101987838745,7.207181930541992
1789033816923929000,39.56392919921875,-1.306481122970581,-3.019742250442505,7.245467185974121
1789033816933854000,39.57385400390625,-1.0001999139785767,-3.6849467754364014,6.489335060119629
1789033816943779000,39.58377905273438,-1.3256237506866455,-4.144368648529053,5.948556900024414
1789033816953704200,39.5937041015625,-2.0673987865448,-3.507878065109253,5.929414749145508
1789033816963629300,39.60362939453125,-2.7661030292510986,-2.7038896083831787,6.0538411140441895
1789033816973554400,39.61355444335938,-2.737389087677002,-2.1056840419769287,6.4510498046875
1789033816983479600,39.6234794921875,-1.8951154947280884,-2.0961127281188965,6.3361945152282715
1789033816993404700,39.63340478515625,-0.9858429431915283,-2.6368906497955322,6.10169792175293
1789033817003329800,39.643329833984374,-0.5982056856155396,-3.28773832321167,6.03948450088501
1789033817013255000,39.6532548828125,-0.7513462901115417,-3.4791641235351562,6.422336101531982
1789033817023180000,39.66317993164063,-1.3878371715545654,-3.2446675300598145,6.939185619354248
1789033817033105200,39.67310522460937,-1.9573289155960083,-3.187239646911621,7.255038261413574
1789033817043030300,39.6830302734375,-2.2061824798583984,-3.345165967941284,7.379465103149414
1789033817052955400,39.692955322265625,-2.1056840419769287,-3.589233875274658,7.6474609375
1789033817062880500,39.70288061523438,-1.588834285736084,-3.88594388961792,7.8388872146606445
1789033817072805600,39.7128056640625,-1.1341979503631592,-4.359723091125488,8.23130989074707
1789033817082730800,39.72273071289062,-0.7322037220001221,-4.876572608947754,8.350951194763184
1789033817092655600,39.732655517578124,-1.0145567655563354,-5.20678186416626,8.427521705627441
1789033817102580700,39.742580810546876,-1.2681959867477417,-5.283352375030518,8.642875671386719
1789033817112505900,39.752505859375,-1.7994025945663452,-5.216353416442871,9.198010444641113
1789033817122431000,39.76243090820312,-1.94297194480896,-5.077569484710693,9.528220176696777
1789033817132356000,39.772356201171874,-1.703689694404602,-5.149354457855225,9.542576789855957
1789033817142281200,39.78228125,-1.1341979503631592,-5.580062389373779,9.20279598236084
1789033817152206300,39.79220629882813,-0.9475577473640442,-6.010770320892334,8.95394229888916
1789033817162131500,39.80213134765625,-1.0145567655563354,-6.2500529289245605,8.776873588562012
1789033817172056600,39.812056640625,-1.368694543838501,-6.235695838928223,8.82951545715332
1789033817181981700,39.821981689453125,-1.1198409795761108,-6.259624004364014,8.949156761169434
1789033817191906800,39.83190673828125,-0.6508477330207825,-6.168696880340576,9.073583602905273
1789033817201832000,39.84183203125,-0.33020952343940735,-6.216553211212158,9.231510162353516
1789033817211757000,39.85175708007812,-0.45942193269729614,-6.3122663497924805,9.379864692687988
1789033817221682200,39.86168212890625,-1.2873386144638062,-6.580262184143066,9.198010444641113
1789033817231607300,39.871607177734376,-1.674975872039795,-6.4941205978393555,9.279366493225098
1789033817241532400,39.88153247070313,-1.0863415002822876,-6.537191390991211,9.274580955505371
1789033817251457300,39.89145727539063,-0.6221339106559753,-6.652047157287598,8.930013656616211
1789033817261382700,39.901382568359374,-0.30628129839897156,-6.8482584953308105,8.508877754211426
1789033817271307800,39.911307861328126,-0.6699903607368469,-6.719046115875244,8.346165657043457
1789033817281233000,39.92123291015625,-1.3591232299804688,-6.269195556640625,8.949156761169434
1789033817291158000,39.93115795898437,-1.0528420209884644,-6.235695838928223,9.030512809753418
1789033817301083100,39.941083251953124,-0.8470591902732849,-6.173482418060303,9.437292098999023
1789033817311008300,39.95100830078125,-0.8566305041313171,-6.293123722076416,9.93978500366211
1789033817320933400,39.96093334960938,-1.3591232299804688,-6.38883638381958,10.293923377990723
1789033817330858800,39.97085864257812,-1.3208380937576294,-6.364908218383789,10.083354949951172
1789033817340783900,39.980783935546874,-0.8231309652328491,-6.340980052947998,9.284152030944824
1789033817350709000,39.990708984375,-0.6125625967979431,-6.455835342407227,8.374878883361816
1789033817360634000,40.00063403320313,-0.914058268070221,-6.3122663497924805,7.680960655212402
1789033817370559000,40.01055908203125,-1.2059825658798218,-6.197410583496094,7.365108013153076
1789033817380484000,40.02048413085937,-1.5792629718780518,-6.072983741760254,7.499105930328369
1789033817390409200,40.0304091796875,-2.1343977451324463,-6.187839508056641,7.891529083251953
1789033817400334300,40.040334228515626,-2.3162522315979004,-6.7621169090271,8.398807525634766
1789033817410259200,40.05025927734375,-2.2540390491485596,-7.216753005981445,9.121439933776855
1789033817420184300,40.06018432617188,-1.9812572002410889,-7.288537979125977,9.920642852783203
1789033817430109400,40.070109375,-1.3112667798995972,-7.044469833374023,10.504491806030273
1789033817440034600,40.08003466796875,-0.5551348328590393,-6.876972198486328,10.547562599182129
1789033817449959400,40.08995947265625,0.20578274130821228,-6.867401123046875,10.092926025390625
1789033817459884500,40.09988452148438,0.06699903309345245,-6.872186660766602,9.408578872680664
1789033817469810000,40.10980981445312,0.885344386100769,-6.896114826202393,8.475378036499023
1789033817479735000,40.119735107421874,1.0719845294952393,-6.690331935882568,7.9250288009643555
1789033817489660200,40.12966015625,0.4211367964744568,-6.503692150115967,7.5708909034729
1789033817499585300,40.13958520507813,-0.8614161610603333,-6.106483459472656,7.149754047393799
1789033817509510400,40.14951049804687,-1.923829436302185,-5.7858452796936035,7.073183536529541
1789033817519435500,40.159435546875,-2.895315408706665,-5.283352375030518,7.8819580078125
1789033817529360600,40.169360595703125,-2.8283164501190186,-5.024927616119385,8.662017822265625
1789033817539286000,40.1792861328125,-2.7086751461029053,-4.962714195251465,9.57607650756836
1789033817549211100,40.18921118164062,-1.9046868085861206,-5.302495002746582,10.030712127685547
1789033817559136300,40.19913623046875,-1.153340458869934,-5.675775527954102,10.021141052246094
1789033817569061400,40.209061279296876,-0.22013968229293823,-6.197410583496094,9.590433120727539
1789033817578986200,40.218986328125,0.2153540402650833,-6.5419769287109375,8.95394229888916
1789033817588911400,40.22891137695313,-0.1052841991186142,-6.5180487632751465,8.513663291931152
1789033817598836500,40.23883642578125,-0.5934200286865234,-6.3122663497924805,7.8819580078125
1789033817608761600,40.24876171875,-1.1868400573730469,-6.240481376647949,7.211967468261719
1789033817618686700,40.258686767578126,-1.7467604875564575,-6.10169792175293,7.135396957397461
1789033817628611800,40.26861181640625,-1.4644074440002441,-5.766702651977539,8.193024635314941
1789033817638537000,40.27853686523437,-1.9764715433120728,-5.465207099914551,9.250652313232422
1789033817648462000,40.288462158203124,-1.856830358505249,-4.843072891235352,10.403992652893066
1789033817658387200,40.29838720703125,-1.550549030303955,-4.599005222320557,10.590633392333984
1789033817668312300,40.30831225585938,-1.4213366508483887,-4.4410786628723145,10.327422142028809
1789033817678237400,40.31823754882812,-1.521835207939148,-4.42193603515625,9.394221305847168
1789033817688162600,40.32816259765625,-1.2059825658798218,-4.402793884277344,8.61894702911377
1789033817698087700,40.338087646484375,-1.5936198234558105,-4.632504463195801,8.336593627929688
1789033817708012800,40.3480126953125,-2.1200408935546875,-4.7712883949279785,8.504091262817383
1789033817717938000,40.35793798828125,-2.2061824798583984,-4.8191447257995605,8.944371223449707
1789033817727863000,40.36786303710937,-1.4500504732131958,-4.996213912963867,9.4660062789917
1789033817737788000,40.377787841796874,-0.97148597240448,-5.3216376304626465,10.442277908325195
1789033817747713000,40.387713134765626,-0.8087740540504456,-5.608776092529297,10.48534870147705
1789033817757638100,40.39763818359375,-0.6891329288482666,-5.934200286865234,10.279565811157227
1789033817767563300,40.40756323242187,-1.153340458869934,-6.096911907196045,9.169296264648438
1789033817777488400,40.41748828125,-1.9525432586669922,-5.694917678833008,8.111668586730957
1789033817787413500,40.42741357421875,-2.5746772289276123,-4.8813581466674805,7.475177764892578
1789033817797338600,40.43733862304688,-2.297109842300415,-4.120440483093262,7.527820110321045
1789033817807263700,40.447263671875,-1.062413215637207,-3.9194436073303223,7.63310432434082
1789033817817188900,40.45718896484375,-0.40677985548973083,-3.8811583518981934,7.75753116607666
1789033817827114000,40.467114013671875,-0.6508477330207825,-4.000799655914307,7.302894592285156
1789033817837039000,40.4770390625,-0.6508477330207825,-3.7471601963043213,6.532405853271484
1789033817846964200,40.48696411132813,-1.0767701864242554,-3.3068809509277344,5.848058700561523
1789033817856889300,40.49688940429687,-1.4979069232940674,-3.0484559535980225,5.489135265350342
1789033817866814500,40.506814453125,-0.6699903607368469,-3.0628130435943604,5.101497650146484
1789033817876739600,40.516739501953126,-0.2584248483181,-3.2781670093536377,4.9052863121032715
1789033817886664700,40.52666479492188,-0.7034898400306702,-3.3643085956573486,4.919643402099609
1789033817896589800,40.53658984375,-1.1198409795761108,-3.3308091163635254,4.9292144775390625
1789033817906514700,40.5465146484375,-1.1437692642211914,-3.3164522647857666,5.26899528503418
1789033817916439800,40.556439697265624,-1.588834285736084,-2.7086751461029053,6.503692150115967
1789033817926365000,40.566364990234376,-1.6366907358169556,-2.9048867225646973,6.628118515014648
1789033817936290000,40.5762900390625,-1.5026925802230835,-3.201596736907959,6.685546398162842
1789033817946215200,40.58621508789062,-1.3351950645446777,-3.589233875274658,6.32662296295166
1789033817956140300,40.596140380859374,-1.8903298377990723,-3.704089403152466,6.51326322555542
1789033817966065400,40.6060654296875,-2.3018953800201416,-3.6610186100006104,6.57547664642334
1789033817975990500,40.61599047851563,-2.1104695796966553,-3.3547372817993164,6.733402729034424
1789033817985915600,40.62591552734375,-1.8041882514953613,-3.1489546298980713,6.790830612182617
1789033817995840800,40.6358408203125,-1.5122638940811157,-3.1824541091918945,6.9822564125061035
1789033818005766000,40.645765869140625,-1.3351950645446777,-3.081955671310425,7.4225358963012695
1789033818015691000,40.65569091796875,-1.5361921787261963,-3.345165967941284,7.637889862060547
1789033818025616100,40.6656162109375,-1.6941183805465698,-3.6323046684265137,7.5708909034729
1789033818035541200,40.67554125976562,-2.0243279933929443,-3.862015724182129,7.891529083251953
1789033818045466400,40.68546630859375,-2.148754835128784,-4.120440483093262,7.977670669555664
1789033818055391500,40.6953916015625,-1.94297194480896,-4.335794448852539,8.025527000427246
1789033818065316400,40.70531640625,-1.6510475873947144,-4.436293125152588,7.872386455535889
1789033818075241500,40.71524145507812,-1.3208380937576294,-4.6372904777526855,7.690532207489014
1789033818085166600,40.72516650390625,-1.191625714302063,-4.7712883949279785,7.714460372924805
1789033818095091700,40.735091796875,-1.1437692642211914,-4.852644443511963,7.934599876403809
1789033818105016800,40.74501684570313,-0.7561319470405579,-4.9292144775390625,8.37009334564209
1789033818114942000,40.75494189453125,-1.0241280794143677,-5.010570526123047,8.987442016601562
1789033818124867000,40.7648671875,-1.5314065217971802,-5.326423168182373,9.81535816192627
1789033818134792200,40.774792236328125,-1.3495519161224365,-5.8337016105651855,10.327422142028809
1789033818144717300,40.78471728515625,-1.196411371231079,-6.565905570983887,10.456634521484375
1789033818154642400,40.79464233398438,-1.062413215637207,-6.977470874786377,10.193424224853516
1789033818164567600,40.80456762695312,-0.8183453679084778,-6.9822564125061035,9.968499183654785
1789033818174492700,40.81449267578125,-0.43549370765686035,-6.498906135559082,9.781859397888184
1789033818184417500,40.82441748046875,-0.15314064919948578,-5.986842155456543,9.475577354431152
1789033818194342700,40.8343427734375,-0.2679961323738098,-5.546562671661377,9.183652877807617
1789033818204267800,40.84426782226563,-0.30628129839897156,-5.594419479370117,9.016156196594238
1789033818214193000,40.85419287109375,-0.914058268070221,-5.838487148284912,8.915657043457031
1789033818224117800,40.86411767578125,-0.7992027401924133,-6.254838466644287,8.800801277160645
1789033818234043000,40.87404296875,-0.8566305041313171,-6.675975322723389,8.805587768554688
1789033818243968000,40.88396801757813,-0.22013968229293823,-7.144968509674072,8.389236450195312
1789033818253892900,40.89389282226563,-0.6173482537269592,-7.3986077308654785,8.451449394226074
1789033818263818000,40.90381787109375,-1.0815558433532715,-6.953542709350586,9.011369705200195
1789033818273743000,40.9137431640625,-0.5838487148284912,-6.604190349578857,9.221938133239746
1789033818283668200,40.923668212890625,-0.9858429431915283,-6.197410583496094,9.614361763000488
1789033818293593300,40.93359326171875,-1.057627558708191,-6.120840549468994,9.853643417358398
1789033818303518500,40.9435185546875,-0.6652047038078308,-6.058627128601074,9.69093132019043
1789033818313443600,40.95344360351562,-0.7848458290100098,-5.953342914581299,9.724431037902832
1789033818323368700,40.96336865234375,-0.8997012972831726,-5.962913990020752,9.34157943725586
1789033818333293800,40.9732939453125,-0.9284151792526245,-6.0538411140441895,8.93958568572998
1789033818343219000,40.98321899414063,-1.34476637840271,-6.235695838928223,8.819944381713867
1789033818353144000,40.99314404296875,-1.1485549211502075,-6.551548480987549,8.489734649658203
1789033818363069200,41.003069091796874,-1.3112667798995972,-6.948757171630859,8.188239097595215
1789033818372994300,41.012994384765626,-1.459621787071228,-7.020541667938232,7.992027759552002
1789033818382919400,41.02291943359375,-1.674975872039795,-6.829115867614746,7.905886173248291
1789033818392844500,41.03284448242187,-1.9621145725250244,-6.709474563598633,8.140382766723633
1789033818402769700,41.042769775390624,-2.2157537937164307,-6.709474563598633,8.508877754211426
1789033818412694500,41.052694580078125,-1.7467604875564575,-6.474977970123291,8.97787094116211
1789033818422619600,41.06261962890625,-1.3926228284835815,-6.642475605010986,9.255437850952148
1789033818432544800,41.07254467773438,-0.9044869542121887,-6.661618232727051,9.140582084655762
1789033818442470000,41.08246997070312,-0.32542386651039124,-6.379265308380127,8.781659126281738
1789033818452395000,41.09239501953125,0.43549370765686035,-6.063412666320801,8.212167739868164
1789033818462320000,41.102320068359376,0.17228323221206665,-5.843272686004639,8.039883613586426
1789033818472245200,41.11224536132813,0.0526420995593071,-5.8719868659973145,7.800601959228516
1789033818482170400,41.12217041015625,-0.4450650215148926,-5.776273727416992,8.13081169128418
1789033818492095500,41.132095458984374,-0.2727817893028259,-5.747560024261475,7.953742504119873
1789033818502020600,41.1420205078125,-0.794417142868042,-5.848058700561523,7.987242221832275
1789033818511945700,41.15194580078125,-1.8664016723632812,-6.072983741760254,8.551948547363281
1789033818521870800,41.16187084960937,-2.3736801147460938,-6.302694797515869,9.67657470703125
1789033818531796000,41.1717958984375,-2.187039852142334,-6.345765590667725,10.643275260925293
1789033818541721000,41.18172119140625,-1.545763373374939,-6.025127410888672,11.117053985595703
1789033818551646200,41.19164624023438,-0.6747759580612183,-5.575276851654053,11.0835542678833
1789033818561571300,41.2015712890625,-0.30149564146995544,-5.580062389373779,10.490134239196777
1789033818571496200,41.21149609375,-0.24406790733337402,-5.924628734588623,9.623932838439941
1789033818581421300,41.22142138671875,-0.37806597352027893,-6.1399827003479,8.628518104553223
1789033818591346400,41.231346435546875,-0.885344386100769,-6.0777692794799805,7.944170951843262
1789033818601271600,41.241271484375,-1.0480563640594482,-6.465406894683838,7.503891944885254
1789033818611196700,41.25119677734375,-1.1389836072921753,-6.853044033050537,7.412964344024658
1789033818621121800,41.26112182617187,-1.4069796800613403,-6.484549522399902,8.00638484954834
1789033818631047000,41.271046875,-0.851844847202301,-5.771488189697266,8.82951545715332
1789033818640972000,41.280971923828126,-0.7800601720809937,-5.2354960441589355,9.446864128112793
1789033818650897200,41.29089721679688,-0.9332008361816406,-4.828716278076172,9.643074989318848
1789033818660822300,41.300822265625,-0.8183453679084778,-4.584648132324219,9.78664493560791
1789033818670747400,41.310747314453124,-0.7465606927871704,-4.498506546020508,9.982855796813965
1789033818680672500,41.320672607421876,-1.1150553226470947,-4.60857629776001,10.021141052246094
1789033818690597600,41.33059765625,-1.7419748306274414,-4.522434711456299,9.81535816192627
1789033818700522800,41.34052270507812,-1.5984054803848267,-4.488935470581055,9.265008926391602
1789033818710447900,41.35044775390625,-0.9092726111412048,-4.517649173736572,8.86780071258545
1789033818720373000,41.360373046875,-0.33499518036842346,-4.445864677429199,8.628518104553223
1789033818730297900,41.3702978515625,-0.5694918036460876,-4.498506546020508,8.657232284545898
1789033818740223000,41.38022290039063,-1.038485050201416,-4.6995038986206055,8.652446746826172
1789033818750148000,41.39014819335937,-2.0338993072509766,-5.034498691558838,8.858229637145996
1789033818760073200,41.4000732421875,-2.421536445617676,-5.154139995574951,8.475378036499023
1789033818769998300,41.409998291015626,-2.3306093215942383,-5.326423168182373,7.762316703796387
1789033818779923500,41.41992333984375,-1.8855443000793457,-5.034498691558838,7.0301127433776855
1789033818789848600,41.4298486328125,-1.210768222808838,-4.498506546020508,6.522834300994873
1789033818799773700,41.439773681640624,-1.0289137363433838,-3.7328033447265625,6.379265308380127
1789033818809698800,41.44969873046875,-1.0528420209884644,-3.469592809677124,6.278766632080078
1789033818819624000,41.4596240234375,-1.4117653369903564,-3.483949661254883,6.460621356964111
1789033818829549000,41.46954907226562,-1.1676974296569824,-3.675375461578369,6.226124286651611
1789033818839474200,41.47947412109375,-1.2538390159606934,-3.981656789779663,5.7858452796936035
1789033818849399300,41.4893994140625,-2.3306093215942383,-3.862015724182129,5.580062389373779
1789033818859324400,41.49932446289063,-2.258824586868286,-3.957728624343872,5.31685209274292
1789033818869249500,41.50924951171875,-0.7082754969596863,-3.7950167655944824,5.240281581878662
1789033818879174700,41.51917456054687,-0.4019941985607147,-3.1106693744659424,5.60399055480957
1789033818889099500,41.529099609375,-1.306481122970581,-2.5603201389312744,5.934200286865234
1789033818899024600,41.539024658203125,-1.674975872039795,-2.6321048736572266,5.819344520568848
1789033818908949800,41.54894970703125,-1.3591232299804688,-2.794816732406616,6.106483459472656
1789033818918875000,41.558875,-1.3543375730514526,-3.067598581314087,6.374479293823242
1789033818928800000,41.56880004882812,-1.2538390159606934,-3.0963125228881836,6.896114826202393
1789033818938725000,41.57872509765625,-1.2634103298187256,-3.3164522647857666,6.8243303298950195
1789033818948650200,41.588650146484376,-1.2346965074539185,-3.493520975112915,6.489335060119629
1789033818958575400,41.59857543945313,-1.3830515146255493,-3.680161237716675,6.278766632080078
1789033818968500500,41.60850048828125,-1.7802600860595703,-3.651447296142578,6.403193473815918
1789033818978425900,41.61842578125,-1.9621145725250244,-3.3690943717956543,7.159325122833252
1789033818988351000,41.62835107421875,-1.6031911373138428,-3.321237802505493,7.494320392608643
1789033818998276000,41.63827612304687,-1.1820544004440308,-3.689732551574707,7.427321434020996
1789033819008201200,41.648201171875,-0.9810572862625122,-4.101297855377197,7.369893550872803
1789033819018126300,41.658126220703124,-0.9954141974449158,-4.249652862548828,7.6474609375
1789033819028051500,41.66805151367188,-1.2442678213119507,-4.144368648529053,8.0350980758667
1789033819037976600,41.6779765625,-1.7419748306274414,-4.340580463409424,8.886942863464355
1789033819047902000,41.68790185546875,-1.4787644147872925,-4.60857629776001,9.049654960632324
1789033819057826800,41.697826904296875,-1.191625714302063,-4.996213912963867,9.068798065185547
1789033819067752000,41.707751953125,-1.129412293434143,-5.350351333618164,8.963513374328613
1789033819077677000,41.71767700195313,-1.1485549211502075,-5.642275810241699,9.05444049835205
1789033819087602200,41.72760229492187,-1.1389836072921753,-5.795416355133057,8.963513374328613
1789033819097527300,41.73752734375,-1.2059825658798218,-5.996413707733154,8.85344409942627
1789033819107452400,41.747452392578126,-0.9954141974449158,-6.240481376647949,8.628518104553223
1789033819117377500,41.75737744140625,-1.1820544004440308,-6.489335060119629,8.657232284545898
1789033819127302700,41.767302734375,-0.9667003750801086,-6.608976364135742,9.107083320617676
1789033819137227800,41.777227783203124,-0.8422735929489136,-6.819544315338135,9.456435203552246
1789033819147153000,41.78715283203125,-0.6699903607368469,-6.733402729034424,10.102497100830078
1789033819157078000,41.797078125,-0.5647061467170715,-6.465406894683838,10.26042366027832
1789033819167003100,41.80700317382812,-0.4163511395454407,-6.589833736419678,9.523433685302734
1789033819176928300,41.81692822265625,-0.9475577473640442,-6.417550563812256,9.135796546936035
1789033819186853400,41.826853271484374,-1.2442678213119507,-6.187839508056641,8.786444664001465
1789033819196778500,41.83677856445313,-0.794417142868042,-6.015556335449219,8.461020469665527
1789033819206703600,41.84670361328125,-0.4498506486415863,-6.063412666320801,8.221738815307617
1789033819216628500,41.85662841796875,-0.02871387079358101,-6.297909259796143,7.9250288009643555
1789033819226553600,41.8665537109375,-0.49292147159576416,-6.460621356964111,8.293522834777832
1789033819236478700,41.876478759765625,-1.0049854516983032,-6.599404811859131,8.95394229888916
1789033819246403800,41.88640380859375,-1.100698471069336,-6.647261142730713,9.494720458984375
1789033819256329000,41.89632885742188,-1.0671988725662231,-6.599404811859131,9.877572059631348
1789033819266254000,41.90625415039062,-0.5742774605751038,-6.4510498046875,9.8871431350708
1789033819276179200,41.91617919921875,-0.5120640397071838,-6.32662296295166,9.561718940734863
1789033819286104300,41.926104248046876,-0.760917603969574,-6.135197162628174,9.609575271606445
1789033819296029400,41.93602954101563,-1.210768222808838,-5.962913990020752,9.580862045288086
1789033819305954600,41.94595458984375,-1.5936198234558105,-5.843272686004639,9.619147300720215
1789033819315879700,41.955879638671874,-1.3112667798995972,-6.20219612121582,9.241081237792969
1789033819325804800,41.9658046875,-1.1772687435150146,-6.838686943054199,8.762516975402832
1789033819335730000,41.97572998046875,-1.0193424224853516,-7.140182971954346,8.384450912475586
1789033819345655000,41.98565502929687,-1.1437692642211914,-6.943971157073975,8.087740898132324
1789033819355580200,41.995580078125,-1.459621787071228,-6.589833736419678,8.025527000427246
1789033819365505300,42.00550537109375,-1.6462619304656982,-6.374479293823242,8.303094863891602
1789033819375430100,42.01543017578125,-1.435693621635437,-6.508477687835693,8.72901725769043
1789033819385355300,42.02535522460938,-1.2251251935958862,-6.8865437507629395,9.10229778289795
1789033819395280400,42.0352802734375,-0.5264210104942322,-6.809973239898682,9.260223388671875
1789033819405205500,42.04520556640625,-0.27756741642951965,-6.92482852935791,8.93958568572998
1789033819415130600,42.055130615234376,-0.2392822653055191,-6.829115867614746,8.336593627929688
1789033819425055700,42.0650556640625,-0.5024927258491516,-6.628118515014648,7.9968132972717285
1789033819434980900,42.07498095703125,-0.4450650215148926,-6.4510498046875,8.202595710754395
1789033819444906000,42.084906005859374,-0.1866401731967926,-6.4510498046875,8.599804878234863
1789033819454831000,42.0948310546875,-0.5407779216766357,-6.317051887512207,8.95394229888916
1789033819464756200,42.104756103515626,-0.4259224236011505,-6.4941205978393555,8.791230201721191
1789033819474681300,42.11468139648437,-1.153340458869934,-6.5419769287109375,8.925228118896484
1789033819484606200,42.12460620117187,-1.5696916580200195,-6.317051887512207,9.360722541809082
1789033819494531300,42.13453125,-1.7371892929077148,-5.838487148284912,9.90149974822998
1789033819504456400,42.14445654296875,-1.5840486288070679,-5.469992637634277,10.255638122558594
1789033819514381600,42.15438159179688,-1.277767300605774,-5.355136871337891,10.375279426574707
1789033819524306400,42.16430639648438,-1.2586246728897095,-5.460421085357666,10.289137840270996
1789033819534231600,42.1742314453125,-0.9236295223236084,-5.85284423828125,9.829715728759766
1789033819544156700,42.18415673828125,-0.20578274130821228,-5.843272686004639,9.379864692687988
1789033819554081800,42.194081787109376,0.1866401731967926,-5.800201892852783,8.532805442810059
1789033819564007000,42.2040068359375,-0.19142581522464752,-5.886343479156494,8.063812255859375
1789033819573932000,42.21393212890625,-0.7226324677467346,-6.623332977294922,7.599604606628418
1789033819583857200,42.223857177734374,-1.9621145725250244,-6.829115867614746,7.503891944885254
1789033819593782300,42.2337822265625,-2.933600664138794,-6.173482418060303,7.594819068908691
1789033819603707400,42.243707275390626,-2.933600664138794,-5.412564754486084,8.087740898132324
1789033819613632500,42.25363256835937,-2.469393014907837,-4.9292144775390625,9.006584167480469
1789033819623558000,42.263557861328124,-1.5409778356552124,-4.809573650360107,9.523433685302734
1789033819633483000,42.27348291015625,-0.4259224236011505,-4.996213912963867,9.958928108215332
1789033819643408100,42.283408203125,-0.1339980661869049,-5.359922885894775,10.676774978637695
1789033819653333200,42.29333325195312,-0.7082754969596863,-5.407779216766357,10.284351348876953
1789033819663258400,42.30325830078125,-1.4452649354934692,-5.599205017089844,9.34157943725586
1789033819673183500,42.31318359375,-1.6606189012527466,-5.288137912750244,9.049654960632324
1789033819683108600,42.32310864257813,-2.0482561588287354,-4.934000492095947,8.662017822265625
1789033819693033700,42.33303369140625,-2.0243279933929443,-4.780859470367432,8.25523853302002
1789033819702958800,42.34295874023437,-1.794616937637329,-4.776073932647705,8.331808090209961
1789033819712884000,42.352884033203125,-1.1820544004440308,-4.675575256347656,8.173882484436035
1789033819722809000,42.36280908203125,-1.1389836072921753,-4.67078971862793,7.953742504119873
1789033819732734000,42.37273388671875,-0.8087740540504456,-4.53200626373291,7.326822757720947
1789033819742659000,42.3826591796875,-0.914058268070221,-4.651647090911865,6.833901405334473
1789033819752584200,42.392584228515624,-1.5122638940811157,-4.374079704284668,6.585047721862793
1789033819762509300,42.40250927734375,-1.5984054803848267,-3.9529430866241455,6.427121639251709
1789033819772434400,42.412434326171876,-1.3495519161224365,-3.34995174407959,6.355337142944336
1789033819782359600,42.42235961914062,-0.8374879360198975,-3.297309637069702,6.1399827003479
1789033819792284700,42.43228466796875,-0.8566305041313171,-3.3930225372314453,6.120840549468994
1789033819802209800,42.442209716796874,-1.5361921787261963,-3.177668571472168,5.757131099700928
1789033819812135000,42.45213500976563,-1.789831280708313,-3.043670415878296,5.178068161010742
1789033819822060000,42.46206005859375,-1.2921242713928223,-2.8187451362609863,4.800002098083496
1789033819831985200,42.47198510742187,-0.7082754969596863,-2.833101987838745,5.096712112426758
1789033819841910300,42.48191015625,-0.9858429431915283,-2.550748825073242,5.766702651977539
1789033819851835400,42.49183544921875,-1.588834285736084,-2.746960401535034,5.8097734451293945
1789033819861760500,42.50176049804688,-1.8089739084243774,-2.775674343109131,5.9676995277404785
1789033819871685600,42.511685546875,-1.5122638940811157,-3.105883836746216,5.623133182525635
1789033819881610800,42.52161083984375,-1.4739787578582764,-3.1202406883239746,5.517848968505859
1789033819891535600,42.53153564453125,-1.373480200767517,-3.053241729736328,5.881557941436768
1789033819901460700,42.541460693359376,-1.397408366203308,-3.043670415878296,6.183053493499756
1789033819911385900,42.5513857421875,-1.6031911373138428,-3.10109806060791,6.604190349578857
1789033819921311000,42.56131103515625,-1.588834285736084,-3.2685956954956055,6.9583282470703125
1789033819931236000,42.571236083984374,-1.3208380937576294,-3.4983067512512207,7.087540626525879
1789033819941161200,42.5811611328125,-1.4787644147872925,-3.814159393310547,7.389036178588867
1789033819951086300,42.59108642578125,-1.5649060010910034,-4.230510234832764,7.3986077308654785
1789033819961011500,42.60101147460937,-1.6175481081008911,-4.551148891448975,7.513463020324707
1789033819970936600,42.6109365234375,-1.6845471858978271,-4.488935470581055,7.814958572387695
1789033819980861700,42.62086181640625,-1.6079767942428589,-4.417150497436523,8.14516830444336
1789033819990786800,42.63078686523438,-1.1485549211502075,-4.551148891448975,8.389236450195312
1789033820000712000,42.6407119140625,-1.0719845294952393,-4.900500774383545,8.508877754211426
1789033820010637000,42.65063696289062,-1.373480200767517,-5.111069202423096,8.499305725097656
1789033820020562200,42.660562255859375,-1.3495519161224365,-5.168497085571289,8.523234367370605
1789033820030487300,42.6704873046875,-1.4069796800613403,-5.259424209594727,8.322237014770508
1789033820040412400,42.68041235351563,-1.397408366203308,-5.4556355476379395,8.394021987915039
1789033820050337300,42.69033715820313,-1.2921242713928223,-5.60399055480957,8.513663291931152
1789033820060262400,42.700262451171874,-0.9810572862625122,-5.867201328277588,8.733802795410156
1789033820070187500,42.7101875,-0.727418065071106,-6.374479293823242,8.767302513122559
1789033820080112600,42.720112548828126,-1.306481122970581,-6.939185619354248,9.150154113769531
1789033820090037800,42.73003784179687,-1.2634103298187256,-7.207181930541992,9.590433120727539
1789033820099963000,42.739962890625,-1.2490534782409668,-7.159325122833252,10.2747802734375
1789033820109888000,42.749887939453124,-1.1820544004440308,-7.125825881958008,10.604990005493164
1789033820119813000,42.75981323242188,-1.1820544004440308,-6.991827964782715,10.514062881469727
1789033820129738200,42.76973828125,-0.698704183101654,-6.690331935882568,9.714859962463379
1789033820139663400,42.77966333007812,-0.5312066078186035,-6.082555294036865,8.891729354858398
1789033820149588500,42.78958837890625,-0.05742774158716202,-5.972485542297363,8.039883613586426
1789033820159513600,42.799513671875,-0.23449662327766418,-5.938985824584961,7.982456207275391
1789033820169438700,42.80943872070313,-0.24406790733337402,-6.3361945152282715,8.389236450195312
1789033820179363800,42.81936376953125,-0.8709874153137207,-6.532405853271484,9.528220176696777
1789033820189289000,42.8292890625,-1.1437692642211914,-6.742974281311035,10.269994735717773
1789033820199214000,42.839214111328126,-0.698704183101654,-6.838686943054199,10.092926025390625
1789033820209139200,42.84913916015625,-0.6891329288482666,-6.628118515014648,9.91107177734375
1789033820219064000,42.85906396484375,-0.5886343717575073,-6.302694797515869,9.461220741271973
1789033820228989200,42.8689892578125,-0.5455635786056519,-6.005984783172607,8.824729919433594
1789033820238914300,42.878914306640624,-0.794417142868042,-5.661418437957764,8.547162055969238
1789033820248839400,42.88883935546875,-1.1102696657180786,-5.465207099914551,8.408378601074219
1789033820258764500,42.8987646484375,-1.210768222808838,-5.527420520782471,8.102097511291504
1789033820268689700,42.90868969726562,-1.0097711086273193,-5.795416355133057,8.001599311828613
1789033820278614800,42.91861474609375,-1.4165509939193726,-6.173482418060303,8.322237014770508
1789033820288540000,42.928539794921875,-1.7180466651916504,-6.5419769287109375,8.81515884399414
1789033820298465000,42.93846508789063,-1.7084753513336182,-6.9822564125061035,9.145368576049805
1789033820308390100,42.94839013671875,-1.5170495510101318,-7.259823799133301,9.41336441040039
1789033820318315300,42.95831518554687,-1.0767701864242554,-7.231110095977783,9.513862609863281
1789033820328240400,42.968240478515625,-0.7130611538887024,-6.857829570770264,9.595218658447266
1789033820338165500,42.97816552734375,-0.8279166221618652,-6.632904529571533,9.734002113342285
1789033820348090600,42.98809057617188,-0.44027936458587646,-6.790830612182617,9.504291534423828
1789033820358015700,42.998015625,-0.7082754969596863,-6.7621169090271,9.360722541809082
1789033820367940900,43.00794091796875,-0.30628129839897156,-7.039684295654297,8.776873588562012
1789033820377865700,43.01786572265625,0.06699903309345245,-6.953542709350586,8.719446182250977
1789033820387790800,43.027790771484376,-0.4307080805301666,-6.900900363922119,8.35573673248291
1789033820397716000,43.03771606445312,-1.0289137363433838,-6.714260101318359,8.346165657043457
1789033820407641000,43.04764111328125,-0.9475577473640442,-6.245266914367676,8.642875671386719
1789033820417566200,43.057566162109374,-0.6364908218383789,-6.025127410888672,8.508877754211426
1789033820427491300,43.0674912109375,-1.1820544004440308,-5.848058700561523,8.427521705627441
1789033820437416400,43.07741650390625,-1.4979069232940674,-5.9437713623046875,8.154739379882812
1789033820447341600,43.08734155273437,-1.9334007501602173,-5.900700569152832,8.279166221618652
1789033820457266700,43.0972666015625,-1.832902193069458,-5.72841739654541,8.72901725769043
1789033820467191800,43.10719189453125,-1.6079767942428589,-5.469992637634277,9.647860527038574
1789033820477117000,43.11711694335938,-1.4213366508483887,-5.402993679046631,10.308279991149902
1789033820487042000,43.1270419921875,-1.129412293434143,-5.493920803070068,10.456634521484375
1789033820496967200,43.13696728515625,-0.33020952343940735,-5.824130535125732,9.748359680175781
1789033820506892300,43.146892333984376,0.038285162299871445,-5.647061347961426,9.10229778289795
1789033820516817400,43.1568173828125,-0.2392822653055191,-6.398407936096191,8.011170387268066
1789033820526742500,43.16674243164063,-0.7417750358581543,-7.087540626525879,7.379465103149414
1789033820536667400,43.17666748046875,-2.0338993072509766,-7.355536937713623,7.470392227172852
1789033820546592500,43.186592529296874,-3.1680972576141357,-6.867401123046875,7.585247993469238
1789033820556517600,43.196517578125,-2.794816732406616,-6.125626087188721,8.293522834777832
1789033820566442800,43.20644287109375,-2.407179594039917,-5.4173502922058105,8.982656478881836
1789033820576367900,43.21636791992187,-1.7324036359786987,-5.020142078399658,9.92542839050293
1789033820586293000,43.22629296875,-1.0097711086273193,-5.201996326446533,10.738987922668457
1789033820596218000,43.236218017578125,-0.4211367964744568,-5.647061347961426,11.045269012451172
1789033820606143200,43.24614331054688,-0.5168496966362,-5.747560024261475,10.461421012878418
1789033820616068400,43.256068359375,-0.8039883971214294,-5.714060306549072,9.518648147583008
1789033820625993500,43.26599340820312,-0.9284151792526245,-5.312066078186035,8.413164138793945
1789033820635918600,43.275918701171875,-1.1341979503631592,-5.19242525100708,7.738388538360596
1789033820645843700,43.28584375,-1.7276179790496826,-4.766502857208252,7.680960655212402
1789033820655768800,43.29576879882813,-2.196611166000366,-4.431507587432861,7.503891944885254
1789033820665694000,43.30569384765625,-2.311466693878174,-4.019941806793213,7.412964344024658
1789033820675619000,43.315619140625,-1.9956140518188477,-3.8333017826080322,7.345965385437012
1789033820685544200,43.325544189453126,-1.3926228284835815,-3.565305709838867,7.341179847717285
1789033820695469000,43.335468994140626,-0.7561319470405579,-3.7184464931488037,7.336394309997559
1789033820705394200,43.34539428710937,-0.35892340540885925,-4.091726779937744,7.451249599456787
1789033820715319300,43.3553193359375,-0.5551348328590393,-4.316651821136475,7.178467750549316
1789033820725244400,43.365244384765624,-1.397408366203308,-4.67078971862793,6.642475605010986
1789033820735169500,43.37516943359375,-1.9573289155960083,-4.919643402099609,6.058627128601074
1789033820745094700,43.3850947265625,-1.8903298377990723,-4.292723655700684,5.876772403717041
1789033820755019800,43.39501977539062,-1.6510475873947144,-3.3930225372314453,5.718846321105957
1789033820764945000,43.40494482421875,-1.2921242713928223,-3.1728827953338623,5.26899528503418
1789033820774870000,43.4148701171875,-1.4691931009292603,-3.2542388439178467,4.838287353515625
1789033820784795100,43.42479516601563,-1.1581261157989502,-2.909672260284424,4.948357105255127
1789033820794720300,43.43472021484375,-0.8183453679084778,-2.1583259105682373,5.656632900238037
1789033820804645400,43.44464526367187,-1.1198409795761108,-2.234896421432495,5.962913990020752
1789033820814570500,43.454570556640626,-1.0671988725662231,-2.8761727809906006,6.2500529289245605
1789033820824495600,43.46449560546875,-1.2011969089508057,-3.067598581314087,6.51326322555542
1789033820834420700,43.47442065429688,-1.550549030303955,-3.263810157775879,6.479763507843018
1789033820844345900,43.48434594726562,-1.9716858863830566,-3.077169895172119,6.790830612182617
1789033820854271000,43.49427099609375,-2.091326951980591,-3.1824541091918945,6.805187702178955
1789033820864196000,43.504196044921876,-1.8137595653533936,-3.2781670093536377,7.001399040222168
1789033820874121200,43.51412133789062,-1.4644074440002441,-3.6131622791290283,6.829115867614746
1789033820884046300,43.52404638671875,-1.5361921787261963,-3.895515203475952,6.632904529571533
1789033820893971200,43.53397119140625,-1.698904037475586,-4.110869407653809,6.671189308166504
1789033820903896300,43.543896240234375,-1.6462619304656982,-4.383651256561279,6.939185619354248
1789033820913821400,43.55382153320313,-1.397408366203308,-4.498506546020508,7.317251682281494
1789033820923746600,43.56374658203125,-1.1054840087890625,-4.498506546020508,7.259823799133301
1789033820933671700,43.57367163085937,-1.4835500717163086,-4.59421968460083,7.551748275756836
1789033820943596800,43.5835966796875,-1.674975872039795,-4.541577339172363,7.848458290100098
1789033820953522000,43.59352197265625,-1.454836130142212,-4.666004180908203,8.178668022155762
1789033820963447000,43.60344702148438,-0.45942193269729614,-4.73300313949585,8.240880966186523
1789033820973372200,43.6133720703125,-0.33020952343940735,-4.838287353515625,8.240880966186523
1789033820983297300,43.62329736328125,-0.9236295223236084,-4.9292144775390625,8.37966537475586
1789033820993222400,43.633222412109376,-1.2873386144638062,-4.996213912963867,8.671588897705078
1789033821003147500,43.6431474609375,-1.3830515146255493,-5.158925533294678,9.21715259552002
1789033821013072600,43.65307275390625,-1.2921242713928223,-5.551348686218262,9.834501266479492
1789033821022997800,43.662997802734374,-0.9044869542121887,-6.197410583496094,10.112068176269531
1789033821032923000,43.6729228515625,-1.34476637840271,-6.920042991638184,10.03549861907959
1789033821042848000,43.68284790039063,-1.2394821643829346,-7.566105365753174,9.78664493560791
1789033821052772900,43.69277294921875,-0.8374879360198975,-7.714460372924805,9.590433120727539
1789033821062698000,43.70269799804687,-0.914058268070221,-7.336394309997559,9.542576789855957
1789033821072623000,43.712623046875,-0.7896314859390259,-6.963113784790039,9.30329418182373
1789033821082548200,43.72254833984375,-0.6317051649093628,-6.522834300994873,9.164510726928711
1789033821092473300,43.73247338867188,-0.4019941985607147,-6.317051887512207,8.901300430297852
1789033821102398500,43.7423984375,-0.33020952343940735,-6.412764549255371,8.963513374328613
1789033821112323600,43.75232348632812,-0.851844847202301,-6.570691108703613,9.298508644104004
1789033821122248700,43.762248779296876,-0.6652047038078308,-7.010970115661621,9.260223388671875
1789033821132173800,43.772173828125,-0.698704183101654,-7.226324558258057,9.422935485839844
1789033821142099000,43.78209887695313,-0.9332008361816406,-7.044469833374023,9.547362327575684
1789033821152024000,43.79202416992187,-0.9667003750801086,-6.498906135559082,9.734002113342285
1789033821161949200,43.80194921875,-1.0671988725662231,-5.934200286865234,9.743574142456055
1789033821171874300,43.811874267578126,-0.6652047038078308,-5.570491313934326,9.236295700073242
1789033821181799400,43.82179931640625,-0.8039883971214294,-5.436492919921875,8.781659126281738
1789033821191724500,43.831724609375,-0.9284151792526245,-5.517848968505859,8.446663856506348
1789033821201650000,43.84164990234375,-1.3304094076156616,-5.527420520782471,8.72901725769043
1789033821211575000,43.85157495117188,-0.9858429431915283,-5.891129493713379,8.331808090209961
1789033821221500200,43.86150024414062,-1.215553879737854,-6.120840549468994,8.48016357421875
1789033821231425300,43.87142529296875,-1.2873386144638062,-6.422336101531982,8.709874153137207
1789033821241350400,43.881350341796875,-1.4931213855743408,-6.537191390991211,9.09272575378418
1789033821251275500,43.89127563476563,-1.7324036359786987,-6.498906135559082,9.4660062789917
1789033821261200600,43.90120068359375,-1.2681959867477417,-6.570691108703613,9.590433120727539
1789033821271125800,43.91112573242187,-0.8279166221618652,-6.5180487632751465,9.609575271606445
1789033821281051000,43.92105078125,-0.2632105052471161,-6.594619274139404,9.571290969848633
1789033821290976000,43.93097607421875,0.2727817893028259,-6.86261510848999,9.245866775512695
1789033821300901000,43.94090112304688,0.28235307335853577,-6.996613502502441,8.891729354858398
1789033821310826200,43.950826171875,-0.40677985548973083,-7.197610378265381,8.532805442810059
1789033821320751400,43.96075146484375,-1.2346965074539185,-7.211967468261719,8.695517539978027
1789033821330676500,43.970676513671876,-1.5170495510101318,-7.09711217880249,9.10229778289795
1789033821340601600,43.9806015625,-0.4498506486415863,-6.814758777618408,8.958727836608887
1789033821350526700,43.99052661132812,0.28235307335853577,-6.38883638381958,8.37966537475586
1789033821360451800,44.000451904296874,0.550349235534668,-6.235695838928223,7.527820110321045
1789033821370377000,44.010376953125,-0.6364908218383789,-5.953342914581299,7.389036178588867
1789033821380301800,44.0203017578125,-1.6606189012527466,-5.704489231109619,7.829315662384033
1789033821390227000,44.03022705078125,-2.4263222217559814,-5.632704734802246,8.824729919433594
1789033821400152000,44.04015209960937,-2.091326951980591,-5.584847927093506,9.647860527038574
1789033821410077200,44.0500771484375,-1.3926228284835815,-5.3934221267700195,10.29870891571045
1789033821420002300,44.060002197265625,-0.641276478767395,-5.498706340789795,10.41356372833252
1789033821429927400,44.06992749023438,-0.08135596662759781,-5.766702651977539,9.734002113342285
1789033821439852500,44.0798525390625,-0.038285162299871445,-5.623133182525635,9.284152030944824
1789033821449777700,44.08977758789062,-0.4259224236011505,-5.441278457641602,8.360522270202637
1789033821459702800,44.099702880859375,-1.129412293434143,-5.493920803070068,7.824530124664307
1789033821469628000,44.1096279296875,-1.8041882514953613,-5.623133182525635,7.738388538360596
1789033821479553000,44.11955297851563,-1.5840486288070679,-5.60399055480957,8.441878318786621
1789033821489478100,44.12947802734375,-1.9334007501602173,-5.508277893066406,8.417949676513672
1789033821499403300,44.1394033203125,-2.287538528442383,-5.3312087059021,8.499305725097656
1789033821509328400,44.149328369140626,-2.5746772289276123,-5.326423168182373,9.279366493225098
1789033821519253500,44.15925341796875,-2.4502503871917725,-5.278566837310791,9.77707290649414
1789033821529178600,44.1691787109375,-1.8041882514953613,-5.450850009918213,9.968499183654785
1789033821539103500,44.179103515625,-0.8470591902732849,-5.905486106872559,10.226923942565918
1789033821549028600,44.189028564453125,-0.31106695532798767,-6.197410583496094,10.427921295166016
1789033821558953700,44.19895361328125,-0.5551348328590393,-6.307480335235596,10.016355514526367
1789033821568878800,44.20887890625,-1.3160524368286133,-5.72841739654541,9.729216575622559
1789033821578804000,44.21880395507812,-2.076970100402832,-5.3455657958984375,9.241081237792969
1789033821588729000,44.22872900390625,-2.589034080505371,-4.886143684387207,8.95394229888916
1789033821598654200,44.238654296875,-2.60339093208313,-4.847858905792236,8.566305160522461
1789033821608579300,44.24857934570313,-1.5696916580200195,-4.934000492095947,8.087740898132324
1789033821618504400,44.25850439453125,-1.124626636505127,-5.063212871551514,7.939385414123535
1789033821628429600,44.2684296875,-1.2059825658798218,-4.7234320640563965,7.910671710968018
1789033821638354700,44.278354736328126,-1.1485549211502075,-4.3310089111328125,7.9489569664001465
1789033821648279800,44.28827978515625,-0.9523434042930603,-4.287938117980957,7.460821151733398
1789033821658205000,44.29820483398437,-0.37806597352027893,-4.388436794281006,6.766902446746826
1789033821668130000,44.308130126953124,-0.09092725813388824,-4.4650068283081055,5.776273727416992
1789033821678055200,44.31805517578125,-0.4833501875400543,-4.498506546020508,4.804787635803223
1789033821687980300,44.32798022460938,-1.3351950645446777,-4.101297855377197,3.9146578311920166
1789033821697905200,44.3379052734375,-2.5124638080596924,-3.0867412090301514,3.9672999382019043
1789033821707830300,44.34783032226562,-2.407179594039917,-2.478964328765869,4.436293125152588
1789033821717755400,44.35775537109375,-0.6556333899497986,-2.4502503871917725,5.010570526123047
1789033821727680500,44.367680419921875,0.550349235534668,-2.7086751461029053,5.824130535125732
1789033821737605600,44.37760571289063,-0.4163511395454407,-3.139383316040039,6.211767673492432
1789033821747530800,44.38753076171875,-1.5840486288070679,-3.345165967941284,5.9916276931762695
1789033821757456000,44.39745581054687,-1.7515461444854736,-3.1968109607696533,5.929414749145508
1789033821767381000,44.407381103515625,-1.8233308792114258,-3.0723843574523926,6.144768714904785
1789033821777306000,44.41730615234375,-1.5314065217971802,-3.0723843574523926,6.412764549255371
1789033821787231200,44.42723120117188,-1.4691931009292603,-3.1441688537597656,6.585047721862793
1789033821797156400,44.43715625,-1.4404792785644531,-3.436093330383301,6.087340831756592
1789033821807081500,44.44708154296875,-1.679761528968811,-3.34995174407959,5.556134223937988
1789033821817006600,44.457006591796876,-2.0961127281188965,-3.043670415878296,5.580062389373779
1789033821826931700,44.466931640625,-2.139183521270752,-2.699103832244873,6.32662296295166
1789033821836856800,44.47685693359375,-1.7324036359786987,-2.7038896083831787,7.178467750549316
1789033821846782000,44.486781982421874,-1.215553879737854,-3.3020951747894287,7.130611419677734
1789033821856707000,44.49670703125,-0.9427721500396729,-3.8428730964660645,7.17368221282959
1789033821866632200,44.50663208007813,-1.0815558433532715,-4.211368083953857,7.345965385437012
1789033821876557300,44.51655737304687,-1.4261223077774048,-4.4650068283081055,7.814958572387695
1789033821886482400,44.526482421875,-1.4261223077774048,-4.632504463195801,8.240880966186523
1789033821896407600,44.536407470703125,-1.3639088869094849,-4.962714195251465,8.542376518249512
1789033821906332700,44.54633276367188,-1.1724830865859985,-5.144568920135498,8.671588897705078
1789033821916258000,44.55625805664062,-1.2490534782409668,-5.484349727630615,8.891729354858398
1789033821926183200,44.56618310546875,-1.3208380937576294,-5.570491313934326,9.528220176696777
1789033821936108300,44.5761083984375,-1.057627558708191,-5.891129493713379,9.987641334533691
1789033821946033400,44.58603344726563,-0.7752745151519775,-6.259624004364014,10.207781791687012
1789033821955958500,44.59595849609375,-1.0193424224853516,-6.57547664642334,10.39920711517334
1789033821965883600,44.60588354492187,-1.057627558708191,-6.7621169090271,10.322636604309082
1789033821975808800,44.615808837890626,-1.4261223077774048,-6.872186660766602,10.145567893981934
1789033821985734100,44.62573413085938,-1.0528420209884644,-6.905686378479004,9.781859397888184
1789033821995659300,44.6356591796875,-0.5455635786056519,-6.4941205978393555,9.69093132019043
1789033822005584400,44.64558447265625,0.08135596662759781,-6.183053493499756,9.284152030944824
1789033822015509500,44.655509521484376,-0.009571290574967861,-6.025127410888672,8.614161491394043
1789033822025434600,44.6654345703125,-0.5455635786056519,-5.891129493713379,8.398807525634766
1789033822035359700,44.67535986328125,-0.7226324677467346,-5.637490272521973,8.537590980529785
1789033822045284900,44.685284912109374,-0.760917603969574,-5.843272686004639,8.523234367370605
1789033822055210200,44.695210205078126,-0.45942193269729614,-6.4319071769714355,8.528019905090332
1789033822065135400,44.70513525390625,-0.2967100143432617,-6.843472957611084,8.489734649658203
1789033822075060500,44.715060546875,-0.6652047038078308,-6.8243303298950195,8.886942863464355
1789033822084985600,44.724985595703124,-0.31106695532798767,-6.900900363922119,9.145368576049805
1789033822094910700,44.73491064453125,-0.3397808074951172,-6.781259536743164,9.590433120727539
1789033822104835800,44.7448359375,-1.100698471069336,-6.781259536743164,10.198209762573242
1789033822114761000,44.75476098632812,-1.301695466041565,-6.675975322723389,10.710273742675781
1789033822124686300,44.764686279296875,-0.9427721500396729,-6.484549522399902,10.561919212341309
1789033822134611500,44.77461157226563,-1.0911271572113037,-6.106483459472656,10.432706832885742
1789033822144536600,44.78453662109375,-0.9475577473640442,-5.8337016105651855,10.092926025390625
1789033822154461700,44.79446166992187,-1.0145567655563354,-5.651846885681152,9.681360244750977
1789033822164386800,44.80438671875,-0.9667003750801086,-5.680561065673828,8.910871505737305
1789033822174312000,44.81431201171875,-0.8662018179893494,-6.063412666320801,7.982456207275391
1789033822184237000,44.82423706054688,-0.9188438653945923,-6.427121639251709,7.365108013153076
1789033822194162200,44.834162109375,-1.0097711086273193,-6.498906135559082,7.168896675109863
1789033822204087600,44.844087646484375,-1.2011969089508057,-6.374479293823242,7.312466144561768
1789033822214012700,44.8540126953125,-1.8951154947280884,-6.297909259796143,8.025527000427246
1789033822223937800,44.86393774414063,-1.8951154947280884,-6.240481376647949,8.81515884399414
1789033822233863000,44.87386279296875,-1.703689694404602,-6.527620315551758,9.408578872680664
1789033822243788000,44.8837880859375,-0.794417142868042,-6.719046115875244,9.547362327575684
1789033822253713200,44.893713134765626,0.04785645380616188,-6.920042991638184,9.269794464111328
1789033822263638300,44.90363818359375,0.7130611538887024,-7.020541667938232,8.681160926818848
1789033822273563600,44.913563720703124,0.02392822690308094,-6.948757171630859,8.37966537475586
1789033822283488800,44.92348876953125,-0.23449662327766418,-6.704689025878906,8.197810173034668
1789033822293414000,44.93341381835938,-0.6939185857772827,-6.221338748931885,8.508877754211426
1789033822303339000,44.94333911132812,-0.3732803463935852,-6.178267955780029,8.279166221618652
1789033822313264000,44.95326416015625,-0.9571290612220764,-6.3840508460998535,8.221738815307617
1789033822323189200,44.963189208984375,-2.062613010406494,-6.551548480987549,8.906085968017578
1789033822333114400,44.9731142578125,-2.1296122074127197,-6.269195556640625,9.657432556152344
1789033822343039700,44.98303979492187,-1.8472590446472168,-5.675775527954102,10.427921295166016
1789033822352964900,44.99296484375,-0.8422735929489136,-5.460421085357666,10.403992652893066
1789033822362890000,45.002889892578125,-0.4977070987224579,-5.489135265350342,10.164710998535156
1789033822372815000,45.01281518554688,-0.019142581149935722,-5.800201892852783,9.41336441040039
1789033822382740200,45.022740234375,-0.2919243574142456,-5.876772403717041,8.987442016601562
1789033822392665300,45.03266528320312,-0.851844847202301,-5.623133182525635,8.786444664001465
1789033822402590500,45.042590576171875,-1.0671988725662231,-5.862415313720703,8.508877754211426
1789033822412515800,45.05251586914063,-1.0432707071304321,-6.307480335235596,8.666803359985352
1789033822422441000,45.06244091796875,-1.6462619304656982,-6.795616149902344,8.446663856506348
1789033822432366000,45.07236596679687,-2.5986053943634033,-6.427121639251709,8.46580696105957
1789033822442291200,45.082291259765626,-2.383251428604126,-5.9198431968688965,8.403593063354492
1789033822452216300,45.09221630859375,-1.4500504732131958,-5.513063430786133,8.46580696105957
1789033822462141700,45.1021416015625,-0.7896314859390259,-5.19242525100708,8.001599311828613
1789033822472066800,45.11206689453125,-0.885344386100769,-5.00578498840332,8.212167739868164
1789033822481992000,45.121991943359376,-1.3351950645446777,-5.048855781555176,9.10229778289795
1789033822491917300,45.13191723632813,-1.5601203441619873,-5.249852657318115,10.179067611694336
1789033822501842400,45.14184252929687,-1.9812572002410889,-5.484349727630615,11.026126861572266
1789033822511767600,45.151767578125,-2.2396819591522217,-5.551348686218262,11.0835542678833
1789033822521693000,45.16169287109375,-1.9764715433120728,-5.599205017089844,10.427921295166016
1789033822531618000,45.1716181640625,-1.6271194219589233,-5.714060306549072,9.710074424743652
1789033822541543200,45.181543212890624,-1.1389836072921753,-5.374279499053955,8.906085968017578
1789033822551468500,45.191468505859376,-0.914058268070221,-4.838287353515625,8.470592498779297
1789033822561393700,45.2013935546875,-1.038485050201416,-4.517649173736572,7.9250288009643555
1789033822571318800,45.21131884765625,-1.0193424224853516,-4.364508628845215,7.8628153800964355
1789033822581244000,45.221243896484374,-1.0911271572113037,-4.110869407653809,7.6474609375
1789033822591169000,45.2311689453125,-1.2442678213119507,-3.838087558746338,6.867401123046875
1789033822601094100,45.24109423828125,-1.124626636505127,-3.5748770236968994,6.221338748931885
1789033822611019300,45.25101928710937,-0.6795616149902344,-3.4504501819610596,5.426921844482422
1789033822620944600,45.260944580078124,-0.35413774847984314,-3.2063822746276855,4.948357105255127
1789033822630869800,45.27086987304688,-0.5838487148284912,-2.9766714572906494,4.7712883949279785
1789033822640795000,45.280794921875,-1.3878371715545654,-2.837887763977051,4.752145767211914
1789033822650720000,45.29071997070312,-1.7802600860595703,-3.1106693744659424,4.761716842651367
1789033822660645000,45.30064501953125,-0.9236295223236084,-3.335594654083252,4.642076015472412
1789033822670570500,45.31057055664063,-0.14356936514377594,-2.8905298709869385,4.991427898406982
1789033822680495600,45.32049560546875,-0.8087740540504456,-2.4119651317596436,5.412564754486084
1789033822690420700,45.33042065429687,-1.4931213855743408,-2.4837498664855957,5.8959150314331055
1789033822700346000,45.34034619140625,-1.2490534782409668,-2.857030153274536,6.178267955780029
1789033822710271200,45.35027124023438,-1.0863415002822876,-3.1202406883239746,6.144768714904785
1789033822720196400,45.3601962890625,-1.4500504732131958,-2.9718856811523438,6.26440954208374
1789033822730121700,45.370121826171875,-1.8089739084243774,-2.809173822402954,6.422336101531982
1789033822740046800,45.380046875,-1.794616937637329,-2.794816732406616,6.269195556640625
1789033822749972000,45.38997192382813,-1.4021940231323242,-2.957528829574585,6.144768714904785
1789033822759897300,45.3998974609375,-1.34476637840271,-3.211168050765991,6.403193473815918
1789033822769822500,45.409822509765625,-1.3878371715545654,-3.263810157775879,7.178467750549316
1789033822779747600,45.41974755859375,-1.6223337650299072,-3.4169507026672363,8.011170387268066
1789033822789672700,45.42967260742188,-1.5601203441619873,-3.9529430866241455,8.202595710754395
1789033822799597800,45.43959790039062,-1.215553879737854,-4.474578380584717,8.001599311828613
1789033822809523000,45.44952294921875,-1.4021940231323242,-4.761716842651367,7.6666035652160645
1789033822819448000,45.459447998046876,-1.7084753513336182,-4.785645484924316,7.704888820648193
1789033822829373400,45.46937353515625,-1.703689694404602,-4.713860511779785,7.9968132972717285
1789033822839298600,45.479298583984374,-1.306481122970581,-4.8191447257995605,8.21695327758789
1789033822849223700,45.4892236328125,-0.7226324677467346,-4.934000492095947,8.346165657043457
1789033822859148800,45.49914868164063,-0.6843472719192505,-5.335994720458984,8.350951194763184
1789033822869074200,45.50907421875,-0.97148597240448,-5.632704734802246,8.748159408569336
1789033822878999300,45.518999267578124,-1.196411371231079,-6.005984783172607,8.882157325744629
1789033822888924400,45.52892431640625,-1.3878371715545654,-6.3840508460998535,9.312865257263184
1789033822898849800,45.53884985351562,-1.4069796800613403,-6.652047157287598,9.681360244750977
1789033822908775000,45.54877490234375,-1.2586246728897095,-6.948757171630859,9.757930755615234
1789033822918700000,45.558699951171874,-1.3399807214736938,-7.058826923370361,9.652647018432617
1789033822928625400,45.56862548828125,-1.038485050201416,-6.8482584953308105,9.643074989318848
1789033822938550500,45.57855053710937,-0.4259224236011505,-6.4079790115356445,9.681360244750977
1789033822948475600,45.5884755859375,0.3924229145050049,-6.072983741760254,9.485149383544922
1789033822958401000,45.59840112304688,0.07657032459974289,-5.9916276931762695,9.312865257263184
1789033822968326100,45.608326171875,-0.6173482537269592,-5.972485542297363,9.231510162353516
1789033822978251300,45.61825122070312,-0.6843472719192505,-6.168696880340576,9.059226989746094
1789033822988176400,45.62817626953125,-0.5982056856155396,-6.522834300994873,9.049654960632324
1789033822998101500,45.6381015625,-0.9619147181510925,-6.819544315338135,9.198010444641113
1789033823008026600,45.64802661132813,-0.6269195079803467,-6.996613502502441,9.135796546936035
1789033823017951700,45.65795166015625,-0.3732803463935852,-6.819544315338135,9.375079154968262
1789033823027876900,45.667876953125,0.07178468257188797,-6.695117950439453,9.212367057800293
1789033823037802200,45.67780224609375,-0.2871387302875519,-6.465406894683838,9.255437850952148
1789033823047727400,45.68772729492188,-0.7130611538887024,-6.340980052947998,9.150154113769531
1789033823057652500,45.69765258789062,-0.9571290612220764,-6.144768714904785,9.159725189208984
1789033823067577600,45.70757763671875,-1.2873386144638062,-5.905486106872559,9.480362892150879
1789033823077503000,45.7175029296875,-1.1341979503631592,-5.79063081741333,9.628718376159668
1789033823087428000,45.72742797851563,-1.1341979503631592,-5.891129493713379,9.57607650756836
1789033823097353200,45.73735327148437,-1.2394821643829346,-5.924628734588623,9.351150512695312
1789033823107278600,45.747278564453126,-0.8327022790908813,-6.034698486328125,8.74337387084961
1789033823117203700,45.75720361328125,-0.8566305041313171,-6.106483459472656,8.221738815307617
1789033823127129000,45.76712915039062,-1.1437692642211914,-6.173482418060303,8.116454124450684
1789033823137054200,45.77705419921875,-1.4261223077774048,-6.221338748931885,8.221738815307617
1789033823146979300,45.786979248046876,-1.4644074440002441,-6.355337142944336,8.571090698242188
1789033823156904400,45.79690454101563,-1.550549030303955,-6.608976364135742,9.030512809753418
1789033823166829800,45.806829833984374,-1.703689694404602,-6.795616149902344,9.915857315063477
1789033823176755000,45.8167548828125,-1.4931213855743408,-6.9344000816345215,10.84427261352539
1789033823186680000,45.82668017578125,-1.0528420209884644,-7.010970115661621,11.016555786132812
1789033823196605200,45.83660522460937,-0.5647061467170715,-6.585047721862793,10.48534870147705
1789033823206530300,45.8465302734375,-0.3158525824546814,-6.211767673492432,9.643074989318848
1789033823216455400,45.856455322265624,0.41156548261642456,-6.197410583496094,9.030512809753418
1789033823226380500,45.86638061523438,1.2059825658798218,-6.20219612121582,8.37009334564209
1789033823236306000,45.87630590820312,1.0145567655563354,-6.427121639251709,7.661818027496338
1789033823246231000,45.88623095703125,0.30628129839897156,-6.546762943267822,6.781259536743164
1789033823256156200,45.89615625,-1.1054840087890625,-6.752545356750488,7.03489875793457
1789033823266081300,45.90608129882813,-2.282752752304077,-6.709474563598633,8.001599311828613
1789033823276006400,45.91600634765625,-2.823530673980713,-6.4510498046875,8.872586250305176
1789033823285931500,45.925931640625,-2.029113531112671,-5.972485542297363,9.42772102355957
1789033823295856600,45.935856689453125,-1.1676974296569824,-5.551348686218262,9.78664493560791
1789033823305781800,45.94578173828125,-0.5551348328590393,-5.20678186416626,9.930213928222656
1789033823315707100,45.95570703125,-0.2584248483181,-5.072783946990967,9.734002113342285
1789033823325632300,45.96563232421875,0.0526420995593071,-5.2354960441589355,9.154939651489258
1789033823335557400,45.975557373046875,-0.12921242415905,-5.288137912750244,8.623732566833496
1789033823345482500,45.985482421875,-0.3206382393836975,-5.848058700561523,7.910671710968018
1789033823355407600,45.99540771484375,-0.6652047038078308,-6.498906135559082,8.102097511291504
1789033823365333000,46.0053330078125,-1.7515461444854736,-6.527620315551758,8.432307243347168
1789033823375258000,46.015258056640626,-2.297109842300415,-5.661418437957764,8.997013092041016
1789033823385183200,46.02518334960938,-1.9573289155960083,-4.895715236663818,9.528220176696777
1789033823395108600,46.03510864257812,-1.7419748306274414,-4.565505504608154,9.705288887023926
1789033823405033700,46.04503369140625,-2.4598217010498047,-4.713860511779785,9.877572059631348
1789033823414958800,46.054958740234376,-2.847458839416504,-5.125426292419434,9.930213928222656
1789033823424884200,46.06488427734375,-1.9908283948898315,-5.3934221267700195,9.772287368774414
1789033823434809300,46.074809326171874,-0.9906286001205444,-5.556134223937988,10.001998901367188
1789033823444734700,46.084734619140626,-0.5168496966362,-5.426921844482422,9.159725189208984
1789033823454659800,46.09465991210938,-0.30628129839897156,-5.000999450683594,8.724231719970703
1789033823464585000,46.1045849609375,-0.6604190468788147,-4.680361270904541,8.556734085083008
1789033823474510000,46.114510009765624,-1.4261223077774048,-4.694717884063721,8.662017822265625
1789033823484435200,46.124435302734376,-2.0673987865448,-4.785645484924316,8.834300994873047
1789033823494360300,46.1343603515625,-1.8616160154342651,-5.058426856994629,8.34138011932373
1789033823504285400,46.14428540039062,-1.6031911373138428,-5.058426856994629,7.747959613800049
1789033823514210800,46.1542109375,-1.0001999139785767,-4.7712883949279785,7.312466144561768
1789033823524136000,46.16413598632813,-0.5072783827781677,-4.374079704284668,7.192824840545654
1789033823534061000,46.17406103515625,-0.9427721500396729,-4.182653903961182,7.077969551086426
1789033823543986200,46.18398608398437,-1.5744773149490356,-3.589233875274658,6.580262184143066
1789033823553911300,46.193911376953125,-1.8999011516571045,-3.493520975112915,5.91505765914917
1789033823563836400,46.20383642578125,-2.1822543144226074,-3.2350962162017822,5.7619171142578125
1789033823573761800,46.21376171875,-2.1822543144226074,-3.249453067779541,5.618347644805908
1789033823583687000,46.22368701171875,-1.3830515146255493,-3.3403804302215576,5.484349727630615
1789033823593612000,46.233612060546875,-0.5551348328590393,-3.6370904445648193,5.072783946990967
1789033823603537400,46.24353735351563,-0.5742774605751038,-4.015156269073486,4.541577339172363
1789033823613462500,46.25346264648437,-0.9188438653945923,-4.3310089111328125,4.2831525802612305
1789033823623387600,46.2633876953125,-1.3256237506866455,-3.7663028240203857,4.986642360687256
1789033823633313000,46.27331298828125,-1.6366907358169556,-2.6608188152313232,5.656632900238037
1789033823643238100,46.28323803710938,-1.832902193069458,-2.3162522315979004,5.8337016105651855
1789033823653163500,46.29316357421875,-1.6701902151107788,-2.6273193359375,5.924628734588623
1789033823663088600,46.303088623046875,-1.3112667798995972,-2.9718856811523438,6.0538411140441895
1789033823673013800,46.313013671875,-1.5553346872329712,-3.2303106784820557,6.436692714691162
1789033823682939000,46.32293896484375,-1.9573289155960083,-3.4552359580993652,6.489335060119629
1789033823692864000,46.33286401367187,-1.9669002294540405,-3.4408788681030273,6.666403770446777
1789033823702789000,46.3427890625,-2.014756679534912,-3.656233072280884,6.752545356750488
1789033823712714200,46.35271435546875,-1.9046868085861206,-3.7471601963043213,7.015756130218506
1789033823722639600,46.3626396484375,-1.8137595653533936,-3.8811583518981934,7.140182971954346
1789033823732564700,46.372564697265624,-1.7419748306274414,-4.192225456237793,6.833901405334473
1789033823742489900,46.38248974609375,-1.550549030303955,-4.431507587432861,6.666403770446777
1789033823752415000,46.3924150390625,-1.3926228284835815,-4.488935470581055,6.675975322723389
1789033823762340000,46.40234008789062,-1.3830515146255493,-4.302295207977295,7.044469833374023
1789033823772265500,46.412265380859374,-1.2634103298187256,-4.158725738525391,7.829315662384033
1789033823782190600,46.422190673828126,-1.1437692642211914,-4.278367042541504,8.317451477050781
1789033823792115700,46.43211572265625,-0.8135597109794617,-4.780859470367432,8.662017822265625
1789033823802041000,46.442041015625,-0.7800601720809937,-5.560919761657715,8.877371788024902
1789033823811966200,46.45196630859375,-0.9523434042930603,-6.159125328063965,9.279366493225098
1789033823821891300,46.46189135742188,-1.526620864868164,-6.608976364135742,9.504291534423828
1789033823831816700,46.47181665039062,-1.9908283948898315,-6.867401123046875,9.92542839050293
1789033823841741800,46.481741943359374,-2.3641088008880615,-7.226324558258057,10.068997383117676
1789033823851667000,46.4916669921875,-2.029113531112671,-7.661818027496338,9.80100154876709
1789033823861592300,46.50159228515625,-1.057627558708191,-7.613961696624756,9.384650230407715
1789033823871517400,46.51151733398437,-0.45942193269729614,-7.054041385650635,9.461220741271973
1789033823881442600,46.521442626953124,-0.09571290761232376,-6.5419769287109375,9.647860527038574
1789033823891367700,46.53136767578125,-0.4737788736820221,-6.259624004364014,9.757930755615234
1789033823901292800,46.54129272460938,-0.9762716293334961,-5.843272686004639,9.7005033493042
1789033823911218000,46.55121801757812,-0.6843472719192505,-5.670989513397217,9.585647583007812
1789033823921143000,46.56114306640625,-0.9475577473640442,-5.752345561981201,9.332008361816406
1789033823931068400,46.571068359375,-0.46420758962631226,-6.331408500671387,8.738588333129883
1789033823940993500,46.58099365234375,-0.5216353535652161,-6.594619274139404,8.958727836608887
1789033823950918700,46.59091870117187,-0.6221339106559753,-6.733402729034424,9.006584167480469
1789033823960843800,46.60084375,-0.885344386100769,-6.618547439575195,9.42772102355957
1789033823970769000,46.610768798828126,-0.41156548261642456,-6.479763507843018,9.360722541809082
1789033823980694000,46.62069409179688,-0.4019941985607147,-6.350551128387451,8.805587768554688
1789033823990619100,46.630619140625,-0.6604190468788147,-6.0777692794799805,8.207381248474121
1789033824000544500,46.64054443359375,-0.4977070987224579,-5.804987907409668,7.63310432434082
1789033824010469600,46.6504697265625,-1.057627558708191,-5.484349727630615,8.0350980758667
1789033824020394800,46.66039477539063,-1.4883357286453247,-5.560919761657715,8.695517539978027
1789033824030319900,46.67031982421875,-1.5744773149490356,-6.116054534912109,9.437292098999023
1789033824040245000,46.680244873046874,-1.7324036359786987,-7.044469833374023,9.743574142456055
1789033824050170000,46.690170166015626,-1.6558332443237305,-7.456035137176514,9.77707290649414
1789033824060095500,46.70009545898437,-1.703689694404602,-7.36032247543335,9.657432556152344
1789033824070020600,46.7100205078125,-1.550549030303955,-7.0061845779418945,9.485149383544922
1789033824079945700,46.71994580078125,-2.297109842300415,-6.795616149902344,9.738788604736328
1789033824089871000,46.72987109375,-2.478964328765869,-6.546762943267822,10.083354949951172
1789033824099796200,46.73979614257812,-2.1296122074127197,-6.403193473815918,10.341779708862305
1789033824109721300,46.749721435546874,-0.6508477330207825,-6.355337142944336,10.040284156799316
1789033824119646700,46.75964672851563,0.607776939868927,-6.403193473815918,9.001798629760742
1789033824129571800,46.76957177734375,0.5694918036460876,-6.589833736419678,7.9585280418396
1789033824139497000,46.7794970703125,0.4977070987224579,-6.8004021644592285,7.6043901443481445
1789033824149422300,46.78942236328125,0.7369893789291382,-7.077969551086426,7.738388538360596
1789033824159347500,46.79934741210938,0.33499518036842346,-7.255038261413574,7.36032247543335
1789033824169272600,46.8092724609375,-0.9044869542121887,-7.307680130004883,7.1162543296813965
1789033824179197700,46.81919775390625,-1.7515461444854736,-6.953542709350586,7.015756130218506
1789033824189122800,46.829122802734375,-2.589034080505371,-6.044270038604736,7.6666035652160645
1789033824199048000,46.8390478515625,-2.6703901290893555,-5.259424209594727,8.700303077697754
1789033824208973300,46.84897338867187,-2.541177749633789,-4.551148891448975,9.982855796813965
1789033824218898400,46.8588984375,-1.8616160154342651,-4.508078098297119,10.581061363220215
1789033824228823600,46.868823486328125,-1.0001999139785767,-4.890929698944092,10.590633392333984
1789033824238748700,46.87874877929688,-0.12442677468061447,-5.766702651977539,10.360921859741211
1789033824248673800,46.888673828125,0.30628129839897156,-6.4510498046875,9.868000984191895
1789033824258599000,46.89859887695312,0.3445664644241333,-6.953542709350586,9.06401252746582
1789033824268524000,46.90852392578125,-0.3397808074951172,-7.178467750549316,8.437092781066895
1789033824278449400,46.91844946289063,-1.3591232299804688,-7.283751964569092,8.087740898132324
1789033824288374500,46.92837451171875,-2.273181438446045,-6.814758777618408,8.188239097595215
1789033824298299600,46.938299560546874,-3.0005996227264404,-6.068198204040527,8.264809608459473
1789033824308224800,46.948224853515626,-3.0245277881622314,-5.292923450469971,7.920242786407471
1789033824318150000,46.95814990234375,-2.641676187515259,-4.584648132324219,7.829315662384033
1789033824328075000,46.96807495117187,-3.053241729736328,-4.153940200805664,7.9489569664001465
1789033824338000100,46.978000244140624,-3.3690943717956543,-4.130012035369873,8.901300430297852
1789033824347925200,46.98792529296875,-2.770888566970825,-4.3549370765686035,9.839286804199219
1789033824357850600,46.9978505859375,-0.6508477330207825,-4.709074974060059,10.801201820373535
1789033824367775700,47.00777563476562,0.6604190468788147,-5.264209747314453,10.514062881469727
1789033824377700900,47.017700927734374,0.9044869542121887,-5.857629776000977,10.054640769958496
1789033824387626000,47.0276259765625,0.019142581149935722,-6.125626087188721,9.346364974975586
1789033824397551000,47.03755102539063,-1.454836130142212,-5.776273727416992,8.872586250305176
1789033824407476200,47.04747631835937,-2.6560330390930176,-5.469992637634277,8.6907320022583
1789033824417401300,47.0574013671875,-3.1441688537597656,-5.3694939613342285,8.561519622802734
1789033824427326700,47.06732666015625,-2.723032236099243,-5.37906551361084,8.394021987915039
1789033824437251800,47.077251953125,-1.8616160154342651,-5.302495002746582,8.781659126281738
1789033824447177000,47.08717700195312,-0.9523434042930603,-4.957928657531738,8.609375953674316
1789033824457102000,47.09710205078125,-0.32542386651039124,-4.46979284286499,8.097311973571777
1789033824467027500,47.10702734375,-0.4307080805301666,-4.393222332000732,7.714460372924805
1789033824476952600,47.11695263671875,-0.46420758962631226,-4.043870449066162,7.09711217880249
1789033824486877700,47.12687768554687,-0.8374879360198975,-4.048655986785889,6.230910301208496
1789033824496803000,47.136802978515625,-1.2921242713928223,-3.82373046875,5.422136306762695
1789033824506728200,47.14672827148438,-1.3208380937576294,-3.5030922889709473,4.867001056671143
1789033824516653300,47.1566533203125,-1.3160524368286133,-2.7661030292510986,4.7234320640563965
1789033824526578700,47.16657861328125,-1.3399807214736938,-2.3784656524658203,4.886143684387207
1789033824536503800,47.17650390625,-1.1341979503631592,-2.383251428604126,5.058426856994629
1789033824546429000,47.18642895507813,-0.46420758962631226,-2.9718856811523438,4.948357105255127
1789033824556354300,47.19635424804687,-0.5838487148284912,-3.2542388439178467,4.924428939819336
1789033824566279400,47.206279541015626,-1.5649060010910034,-2.8426733016967773,5.288137912750244
1789033824576204500,47.21620458984375,-2.2061824798583984,-2.6177480220794678,5.302495002746582
1789033824586129700,47.22612963867188,-1.852044701576233,-2.3976082801818848,5.556134223937988
1789033824596054800,47.2360546875,-1.2586246728897095,-2.493321180343628,5.771488189697266
1789033824605980000,47.24597998046875,-1.2442678213119507,-2.8139593601226807,5.9437713623046875
1789033824615905000,47.255905029296876,-1.3256237506866455,-3.2590243816375732,6.020341873168945
1789033824625830100,47.265830078125,-1.3351950645446777,-3.407379388809204,6.144768714904785
1789033824635755500,47.275755615234374,-1.7180466651916504,-3.3690943717956543,6.709474563598633
1789033824645680600,47.2856806640625,-1.8951154947280884,-3.28773832321167,7.073183536529541
1789033824655605800,47.29560571289063,-1.8089739084243774,-3.335594654083252,7.317251682281494
1789033824665531000,47.30553076171875,-1.4117653369903564,-3.6705899238586426,7.144968509674072
1789033824675456000,47.3154560546875,-1.2490534782409668,-4.067798614501953,7.063612461090088
1789033824685381000,47.325381103515625,-1.2203395366668701,-4.211368083953857,7.17368221282959
1789033824695306200,47.33530615234375,-1.6510475873947144,-4.187439441680908,8.154739379882812
1789033824705231600,47.34523168945312,-1.7515461444854736,-4.249652862548828,8.70508861541748
1789033824715156700,47.35515673828125,-1.6893328428268433,-4.6372904777526855,9.231510162353516
1789033824725081900,47.365081787109375,-1.0911271572113037,-5.020142078399658,9.53779125213623
1789033824735007000,47.37500708007813,-0.8327022790908813,-5.599205017089844,9.518648147583008
1789033824744932000,47.38493212890625,-0.8135597109794617,-5.891129493713379,9.494720458984375
1789033824754857200,47.39485717773437,-0.9954141974449158,-6.192625045776367,9.360722541809082
1789033824764782300,47.4047822265625,-1.2873386144638062,-6.321837425231934,9.279366493225098
1789033824774707700,47.41470776367188,-1.4261223077774048,-6.522834300994873,9.236295700073242
1789033824784632800,47.4246328125,-1.100698471069336,-6.876972198486328,9.274580955505371
1789033824794558000,47.43455786132812,-0.9332008361816406,-7.17368221282959,9.308079719543457
1789033824804483000,47.444483154296876,-0.6317051649093628,-7.087540626525879,9.461220741271973
1789033824814408200,47.454408203125,-0.07657032459974289,-6.98704195022583,9.403793334960938
1789033824824333300,47.46433325195313,-0.363709032535553,-6.97268533706665,9.360722541809082
1789033824834258400,47.474258544921874,-0.46420758962631226,-6.97268533706665,9.533005714416504
1789033824844183800,47.484183837890626,-0.8135597109794617,-6.4941205978393555,9.791430473327637
1789033824854109000,47.49410888671875,-0.9044869542121887,-6.106483459472656,9.963713645935059
1789033824864034000,47.50403393554687,-0.43549370765686035,-6.116054534912109,9.317651748657227
1789033824873959200,47.513959228515624,0.07178468257188797,-6.178267955780029,8.61894702911377
1789033824883884300,47.52388427734375,-0.16749759018421173,-6.226124286651611,7.9489569664001465
1789033824893809400,47.53380932617188,-0.7513462901115417,-6.16391134262085,8.389236450195312
1789033824903734500,47.54373461914062,-0.25363919138908386,-6.206982135772705,8.776873588562012
1789033824913660000,47.553659912109374,-0.8279166221618652,-6.398407936096191,9.595218658447266
1789033824923585000,47.5635849609375,-1.1102696657180786,-6.632904529571533,10.518848419189453
1789033824933510100,47.57351025390625,-0.5264210104942322,-6.690331935882568,10.533205032348633
1789033824943435300,47.58343530273437,-0.397208571434021,-6.532405853271484,10.145567893981934
1789033824953360400,47.5933603515625,-0.4833501875400543,-6.283552169799805,9.394221305847168
1789033824963285800,47.60328564453125,-0.698704183101654,-6.001199245452881,8.599804878234863
1789033824973211000,47.6132109375,-0.8805587291717529,-5.862415313720703,7.891529083251953
1789033824983136000,47.62313598632812,-1.0911271572113037,-5.929414749145508,7.63310432434082
1789033824993061400,47.633061279296875,-1.306481122970581,-6.116054534912109,7.843672752380371
1789033825002986500,47.64298657226563,-1.6319050788879395,-6.441478729248047,8.279166221618652
1789033825012911600,47.65291162109375,-1.9094724655151367,-6.656832695007324,8.910871505737305
1789033825022837000,47.6628369140625,-1.8424733877182007,-6.790830612182617,9.475577354431152
1789033825032762000,47.67276220703125,-1.3399807214736938,-6.853044033050537,9.743574142456055
1789033825042687200,47.68268725585938,-0.8183453679084778,-7.001399040222168,9.872786521911621
1789033825052612600,47.69261254882812,-0.5551348328590393,-6.977470874786377,10.006784439086914
1789033825062537700,47.702537841796875,-0.5694918036460876,-6.872186660766602,9.829715728759766
1789033825072462800,47.712462890625,-0.2919243574142456,-6.623332977294922,9.360722541809082
1789033825082388000,47.72238793945313,-0.9475577473640442,-6.465406894683838,9.035298347473145
1789033825092313000,47.73231298828125,-0.37806597352027893,-6.604190349578857,8.700303077697754
1789033825102238200,47.74223828125,0.038285162299871445,-6.632904529571533,8.60459041595459
1789033825112163300,47.752163330078126,0.1579262912273407,-6.608976364135742,8.652446746826172
1789033825122088700,47.76208862304688,0.07657032459974289,-6.527620315551758,7.910671710968018
1789033825132013800,47.772013916015624,-1.1581261157989502,-6.427121639251709,7.747959613800049
1789033825141939000,47.78193896484375,-1.852044701576233,-6.226124286651611,7.886743545532227
1789033825151864000,47.791864013671876,-1.8951154947280884,-5.800201892852783,8.556734085083008
1789033825161789200,47.8017890625,-1.4739787578582764,-5.402993679046631,9.145368576049805
1789033825171714300,47.81171435546875,-1.153340458869934,-5.312066078186035,9.57607650756836
1789033825181639400,47.821639404296874,-0.9571290612220764,-5.474778175354004,9.671789169311523
1789033825191564800,47.83156469726563,-0.7896314859390259,-5.623133182525635,9.355937004089355
1789033825201490000,47.84148999023437,-0.6364908218383789,-5.704489231109619,9.131011009216309
1789033825211415000,47.8514150390625,-0.760917603969574,-5.594419479370117,8.93958568572998
1789033825221340200,47.861340087890625,-1.1868400573730469,-6.106483459472656,8.566305160522461
1789033825231265300,47.87126538085938,-1.2011969089508057,-6.3361945152282715,8.934800148010254
1789033825241190400,47.8811904296875,-1.3591232299804688,-6.364908218383789,8.97787094116211
1789033825251115500,47.89111547851562,-1.6558332443237305,-5.886343479156494,8.614161491394043
1789033825261041000,47.901041015625,-2.4837498664855957,-5.532206058502197,8.925228118896484
1789033825270966000,47.91096606445313,-2.775674343109131,-5.312066078186035,8.719446182250977
1789033825280891100,47.92089111328125,-2.1296122074127197,-4.967499732971191,8.666803359985352
1789033825290816300,47.93081616210937,-0.8183453679084778,-4.761716842651367,8.819944381713867
1789033825300741400,47.940741455078125,-0.16749759018421173,-4.862215518951416,9.556933403015137
1789033825310666500,47.95066650390625,-0.46420758962631226,-4.847858905792236,9.896714210510254
1789033825320591600,47.96059155273438,-0.794417142868042,-4.838287353515625,10.250852584838867
1789033825330517000,47.97051708984375,-1.4021940231323242,-5.058426856994629,10.073782920837402
1789033825340442000,47.980442138671876,-1.5601203441619873,-5.618347644805908,9.164510726928711
1789033825350367200,47.9903671875,-1.5649060010910034,-5.8959150314331055,7.982456207275391
1789033825360292400,48.00029223632812,-1.5984054803848267,-5.412564754486084,7.441678524017334
1789033825370217500,48.010217529296874,-1.7850457429885864,-4.9292144775390625,7.523034572601318
1789033825380142600,48.020142578125,-1.8807586431503296,-4.512863636016846,8.039883613586426
1789033825390067700,48.03006762695313,-1.3878371715545654,-4.536791801452637,8.140382766723633
1789033825399993000,48.0399931640625,-1.2634103298187256,-4.934000492095947,7.83410120010376
1789033825409918200,48.049918212890624,-0.8422735929489136,-4.656432628631592,7.077969551086426
1789033825419843300,48.05984326171875,-1.0959128141403198,-4.618147850036621,6.049055576324463
1789033825429768400,48.0697685546875,-0.9475577473640442,-4.053441524505615,5.312066078186035
1789033825439693600,48.07969360351562,-0.7465606927871704,-3.6227335929870605,4.517649173736572
1789033825449618700,48.08961865234375,-1.1198409795761108,-3.0723843574523926,4.321437835693359
1789033825459543800,48.099543701171875,-1.9764715433120728,-2.651247501373291,4.599005222320557
1789033825469469200,48.10946923828125,-1.550549030303955,-2.4598217010498047,5.13021183013916
1789033825479394300,48.11939428710937,-0.6221339106559753,-2.6560330390930176,5.302495002746582
1789033825489319400,48.1293193359375,-0.6556333899497986,-2.761317253112793,5.340780258178711
1789033825499244500,48.13924462890625,-1.2538390159606934,-2.8905298709869385,5.355136871337891
1789033825509169700,48.14916967773438,-1.8424733877182007,-2.967100143432617,5.19242525100708
1789033825519094800,48.1590947265625,-1.7084753513336182,-2.7804598808288574,5.039284706115723
1789033825529020000,48.16902001953125,-1.5744773149490356,-2.589034080505371,4.9531426429748535
1789033825538945300,48.1789453125,-1.7276179790496826,-2.287538528442383,5.340780258178711
1789033825548870400,48.18887036132813,-1.5696916580200195,-2.287538528442383,5.804987907409668
1789033825558795500,48.19879541015625,-1.2634103298187256,-2.6943182945251465,6.599404811859131
1789033825568720600,48.208720703125,-1.1437692642211914,-3.2542388439178467,7.29810905456543
1789033825578645800,48.218645751953126,-1.368694543838501,-3.7806596755981445,7.451249599456787
1789033825588571000,48.22857080078125,-1.550549030303955,-4.039084434509277,7.5565338134765625
1789033825598496000,48.23849609375,-1.6031911373138428,-4.34536600112915,7.489534854888916
1789033825608421400,48.24842138671875,-1.919043779373169,-4.426722049713135,7.83410120010376
1789033825618346500,48.258346435546876,-2.1200408935546875,-4.584648132324219,8.087740898132324
1789033825628271600,48.26827172851562,-2.062613010406494,-4.67078971862793,8.236095428466797
1789033825638196700,48.27819677734375,-1.5744773149490356,-4.694717884063721,8.288737297058105
1789033825648121900,48.288121826171874,-0.6173482537269592,-4.8191447257995605,8.059026718139648
1789033825658047000,48.298046875,-0.06699903309345245,-4.938786029815674,8.116454124450684
1789033825667972000,48.30797216796875,-0.27756741642951965,-5.139782905578613,8.628518104553223
1789033825677897500,48.3178974609375,-0.641276478767395,-5.264209747314453,9.231510162353516
1789033825687822600,48.327822509765625,-1.1820544004440308,-5.723631858825684,9.590433120727539
1789033825697747700,48.33774780273438,-1.5122638940811157,-6.345765590667725,9.848857879638672
1789033825707672800,48.3476728515625,-1.8137595653533936,-6.833901405334473,10.016355514526367
1789033825717598000,48.35759790039062,-2.00518536567688,-7.106683254241943,10.045069694519043
1789033825727523000,48.367523193359375,-1.5792629718780518,-7.11146879196167,9.652647018432617
1789033825737448200,48.3774482421875,-1.1341979503631592,-6.8482584953308105,9.274580955505371
1789033825747373600,48.38737353515625,0.07178468257188797,-6.604190349578857,8.910871505737305
1789033825757298700,48.39729858398437,0.2392822653055191,-6.240481376647949,8.97787094116211
1789033825767223800,48.407223876953125,-0.08135596662759781,-6.3361945152282715,9.274580955505371
1789033825777149000,48.41714892578125,-0.5312066078186035,-6.3361945152282715,9.863214492797852
1789033825787074000,48.42707397460938,-0.8039883971214294,-6.69990348815918,9.762716293334961
1789033825796999200,48.43699926757812,-1.430907964706421,-6.891329288482666,10.212567329406738
1789033825806924300,48.44692431640625,-1.2299108505249023,-6.771687984466553,10.246066093444824
1789033825816849700,48.456849609375,-0.7752745151519775,-6.527620315551758,9.949356079101562
1789033825826774800,48.46677490234375,-0.30628129839897156,-6.350551128387451,9.710074424743652
1789033825836700000,48.476699951171874,-0.11964113265275955,-6.269195556640625,9.384650230407715
1789033825846625000,48.486625,-0.8279166221618652,-6.379265308380127,9.269794464111328
1789033825856550100,48.49655004882813,-1.2873386144638062,-6.26440954208374,9.614361763000488
1789033825866475300,48.50647534179687,-0.8709874153137207,-6.465406894683838,9.346364974975586
1789033825876400400,48.516400390625,-0.7704889178276062,-6.814758777618408,8.767302513122559
1789033825886325800,48.52632568359375,-1.0815558433532715,-6.733402729034424,8.532805442810059
1789033825896251000,48.5362509765625,-0.7561319470405579,-6.522834300994873,7.9250288009643555
1789033825906176000,48.54617602539062,-1.215553879737854,-6.331408500671387,7.63310432434082
1789033825916101000,48.55610107421875,-1.4261223077774048,-5.972485542297363,7.652246952056885
1789033825926026200,48.566026123046875,-1.5744773149490356,-5.857629776000977,7.77188777923584
1789033825935951400,48.57595141601563,-1.8185452222824097,-5.843272686004639,8.173882484436035
1789033825945876500,48.58587646484375,-1.9956140518188477,-5.938985824584961,8.647661209106445
1789033825955801900,48.5958017578125,-1.4979069232940674,-6.044270038604736,9.34157943725586
1789033825965727000,48.60572705078125,-1.1437692642211914,-6.230910301208496,9.92542839050293
1789033825975652000,48.61565209960938,-0.2632105052471161,-6.379265308380127,10.193424224853516
1789033825985577500,48.62557739257812,-0.2871387302875519,-6.652047157287598,10.303494453430176
1789033825995502600,48.635502685546875,-0.16271193325519562,-6.51326322555542,9.93978500366211
1789033826005427700,48.645427734375,0.06699903309345245,-6.3840508460998535,9.10229778289795
1789033826015353000,48.65535302734375,0.35892340540885925,-6.278766632080078,8.24566650390625
1789033826025278200,48.6652783203125,0.04307080805301666,-6.340980052947998,7.637889862060547
1789033826035203300,48.675203369140625,-0.4163511395454407,-6.0777692794799805,7.77188777923584
1789033826045128700,48.68512866210938,-0.794417142868042,-5.900700569152832,8.169096946716309
1789033826055053800,48.6950537109375,-1.0911271572113037,-6.044270038604736,8.317451477050781
1789033826064979000,48.70497900390625,-1.7802600860595703,-6.436692714691162,8.767302513122559
1789033826074904000,48.714904052734376,-1.7467604875564575,-6.618547439575195,9.499505996704102
1789033826084829200,48.7248291015625,-1.5792629718780518,-6.599404811859131,10.006784439086914
1789033826094754600,48.73475463867187,-1.1198409795761108,-6.3601226806640625,10.116853713989258
1789033826104679700,48.7446796875,-0.5599204897880554,-6.16391134262085,9.978070259094238
1789033826114604800,48.754604736328126,-0.7513462901115417,-5.982056617736816,9.90149974822998
1789033826124530000,48.76453002929688,-0.7130611538887024,-5.929414749145508,9.4660062789917
1789033826134455000,48.774455078125,-0.7704889178276062,-5.828916072845459,8.81515884399414
1789033826144380200,48.784380126953124,-0.7369893789291382,-5.647061347961426,8.193024635314941
1789033826154305300,48.79430517578125,-1.4404792785644531,-5.958128452301025,7.767102241516113
1789033826164230700,48.80423071289062,-2.1678972244262695,-6.317051887512207,8.09252643585205
1789033826174155800,48.81415576171875,-2.66560435295105,-6.235695838928223,8.949156761169434
1789033826184081000,48.824080810546874,-2.5459632873535156,-5.484349727630615,9.336793899536133
1789033826194006000,48.83400610351563,-1.306481122970581,-5.024927616119385,9.250652313232422
1789033826203931100,48.84393115234375,-0.7800601720809937,-4.972285270690918,8.671588897705078
1789033826213856300,48.85385620117187,-0.7657032608985901,-4.934000492095947,8.327022552490234
1789033826223781400,48.863781494140625,-1.129412293434143,-5.044070243835449,9.016156196594238
1789033826233706800,48.87370678710938,-1.7994025945663452,-5.154139995574951,9.810572624206543
1789033826243631900,48.8836318359375,-2.469393014907837,-5.288137912750244,10.078569412231445
1789033826253557000,48.89355688476562,-2.4119651317596436,-5.312066078186035,9.90149974822998
1789033826263482000,48.903482177734375,-2.100898265838623,-5.661418437957764,9.394221305847168
1789033826273407200,48.9134072265625,-1.7754744291305542,-5.8337016105651855,8.982656478881836
1789033826283332400,48.92333227539063,-1.4787644147872925,-5.781059741973877,8.767302513122559
1789033826293257500,48.93325756835937,-1.373480200767517,-5.259424209594727,8.403593063354492
1789033826303182600,48.9431826171875,-1.588834285736084,-4.622933387756348,7.8819580078125
1789033826313108000,48.95310791015625,-1.038485050201416,-4.192225456237793,7.403393268585205
1789033826323033000,48.963033203125,-0.794417142868042,-4.019941806793213,7.3986077308654785
1789033826332958200,48.97295825195312,-1.0241280794143677,-3.775874137878418,7.384250640869141
1789033826342883300,48.98288330078125,-1.1102696657180786,-3.603590965270996,7.159325122833252
1789033826352808400,48.992808349609376,-0.9379864931106567,-3.5222349166870117,6.479763507843018
1789033826362733600,49.00273364257812,-0.727418065071106,-3.6131622791290283,5.460421085357666
1789033826372658700,49.01265869140625,-1.0528420209884644,-3.211168050765991,5.06799840927124
1789033826382584000,49.022583984375,-1.215553879737854,-3.4265220165252686,4.603790760040283
1789033826392509200,49.03250927734375,-0.7130611538887024,-3.4743785858154297,4.364508628845215
1789033826402434300,49.04243432617187,-0.8614161610603333,-3.2303106784820557,4.503292083740234
1789033826412359400,49.052359375,-1.5122638940811157,-2.7326035499572754,4.934000492095947
1789033826422284500,49.062284423828125,-1.521835207939148,-2.4119651317596436,5.182853698730469
1789033826432209700,49.07220971679688,-1.0719845294952393,-2.5986053943634033,5.2737812995910645
1789033826442134800,49.082134765625,-1.3256237506866455,-3.1202406883239746,5.450850009918213
1789033826452060200,49.09206005859375,-1.5074782371520996,-3.1489546298980713,5.580062389373779
1789033826461985300,49.1019853515625,-1.7515461444854736,-3.397808074951172,5.699703693389893
1789033826471910400,49.11191040039063,-2.2923240661621094,-3.321237802505493,6.063412666320801
1789033826481835500,49.12183544921875,-2.234896421432495,-3.3164522647857666,5.723631858825684
1789033826491760600,49.1317607421875,-1.852044701576233,-3.249453067779541,5.570491313934326
1789033826501685800,49.141685791015625,-1.7324036359786987,-3.2063822746276855,6.135197162628174
1789033826511611000,49.15161083984375,-1.6893328428268433,-3.383451223373413,7.025327205657959
1789033826521536300,49.16153637695312,-1.7754744291305542,-3.7567315101623535,7.613961696624756
1789033826531461400,49.17146142578125,-1.4117653369903564,-4.206582069396973,8.039883613586426
1789033826541386500,49.181386474609376,-0.5790630578994751,-4.508078098297119,8.2695951461792
1789033826551311600,49.1913115234375,-1.2011969089508057,-4.871787071228027,8.226524353027344
1789033826561236700,49.20123681640625,-2.1104695796966553,-4.934000492095947,8.35573673248291
1789033826571161900,49.211161865234374,-2.335394859313965,-5.020142078399658,8.470592498779297
1789033826581087000,49.2210869140625,-1.7515461444854736,-5.015356063842773,8.724231719970703
1789033826591012400,49.23101245117188,-0.9044869542121887,-4.967499732971191,8.681160926818848
1789033826600937500,49.2409375,-0.7034898400306702,-4.833501815795898,8.963513374328613
1789033826610862600,49.250862548828124,-0.8566305041313171,-4.9292144775390625,9.499505996704102
1789033826620787700,49.26078759765625,-1.100698471069336,-5.364708423614502,9.997213363647461
1789033826630712800,49.270712890625,-1.6462619304656982,-6.0538411140441895,10.145567893981934
1789033826640638000,49.28063793945312,-1.4261223077774048,-6.671189308166504,9.906285285949707
1789033826650563000,49.29056298828125,-0.9236295223236084,-6.867401123046875,9.623932838439941
1789033826660488400,49.30048852539063,-0.6029912829399109,-6.522834300994873,9.590433120727539
1789033826670413600,49.31041357421875,-0.7752745151519775,-6.240481376647949,9.145368576049805
1789033826680338700,49.32033862304687,-0.20578274130821228,-6.020341873168945,9.049654960632324
1789033826690263800,49.330263916015625,-0.2105683982372284,-5.881557941436768,8.551948547363281
1789033826700189000,49.34018896484375,-0.08135596662759781,-6.183053493499756,7.987242221832275
1789033826710114000,49.35011401367188,-0.20578274130821228,-6.723831653594971,7.877171993255615
1789033826720039200,49.3600390625,-0.851844847202301,-7.331608772277832,8.48016357421875
1789033826729964500,49.369964599609375,-1.2251251935958862,-7.585247993469238,9.67657470703125
1789033826739889700,49.3798896484375,-0.9810572862625122,-7.934599876403809,10.097711563110352
1789033826749814800,49.38981469726563,-0.8901300430297852,-7.70967435836792,10.241280555725098
1789033826759740000,49.39973999023437,-0.4785645306110382,-7.23589563369751,10.001998901367188
1789033826769665000,49.4096650390625,-0.46899324655532837,-6.666403770446777,9.657432556152344
1789033826779590100,49.419590087890626,-0.9475577473640442,-6.116054534912109,9.762716293334961
1789033826789515300,49.42951538085938,-0.8327022790908813,-5.651846885681152,9.772287368774414
1789033826799440600,49.43944067382812,-0.7704889178276062,-5.737988471984863,9.595218658447266
1789033826809365800,49.44936572265625,-1.2921242713928223,-5.938985824584961,9.743574142456055
1789033826819291000,49.459290771484376,-1.1102696657180786,-6.364908218383789,9.623932838439941
1789033826829216000,49.46921606445313,-0.885344386100769,-6.881757736206055,9.32722282409668
1789033826839141000,49.47914111328125,-0.7848458290100098,-7.0923261642456055,8.700303077697754
1789033826849066200,49.489066162109374,-1.0959128141403198,-6.853044033050537,8.054241180419922
1789033826858991400,49.49899145507813,-1.153340458869934,-6.690331935882568,7.379465103149414
1789033826868916700,49.50891674804687,-1.4452649354934692,-6.403193473815918,7.326822757720947
1789033826878841900,49.518841796875,-1.789831280708313,-6.211767673492432,7.762316703796387
1789033826888767000,49.52876708984375,-1.9286150932312012,-6.3122663497924805,8.662017822265625
1789033826898692000,49.53869213867188,-1.5553346872329712,-6.647261142730713,9.53779125213623
1789033826908617200,49.5486171875,-1.306481122970581,-6.97268533706665,10.006784439086914
1789033826918542300,49.55854223632812,-1.1054840087890625,-7.063612461090088,10.116853713989258
1789033826928467500,49.568467529296875,-0.5599204897880554,-6.9583282470703125,9.422935485839844
1789033826938392800,49.57839282226563,-0.1339980661869049,-6.719046115875244,8.46580696105957
1789033826948318000,49.58831787109375,-0.08614161610603333,-6.599404811859131,7.63310432434082
1789033826958243000,49.5982431640625,0.1818545162677765,-6.446264266967773,7.221538543701172
1789033826968168200,49.608168212890625,-0.15314064919948578,-5.948556900024414,7.3746795654296875
1789033826978093300,49.61809326171875,-0.23449662327766418,-5.8097734451293945,7.188039302825928
1789033826988018400,49.62801831054688,-1.1485549211502075,-5.694917678833008,7.824530124664307
1789033826997943600,49.63794360351562,-1.7802600860595703,-6.063412666320801,9.073583602905273
1789033827007869000,49.647868896484376,-2.416750907897949,-6.293123722076416,10.447063446044922
1789033827017794000,49.6577939453125,-1.9716858863830566,-6.288337707519531,11.078768730163574
1789033827027719200,49.66771923828125,-1.6175481081008911,-6.0777692794799805,11.236695289611816
1789033827037644300,49.67764428710937,-1.1629117727279663,-6.082555294036865,10.600204467773438
1789033827047569400,49.6875693359375,-0.9284151792526245,-6.4079790115356445,9.547362327575684
1789033827057494500,49.69749462890625,-0.8470591902732849,-6.556334018707275,8.863015174865723
1789033827067419600,49.70741967773437,-0.8422735929489136,-5.900700569152832,8.398807525634766
1789033827077345000,49.717344970703124,-1.1054840087890625,-5.85284423828125,7.546962738037109
1789033827087270100,49.727270263671876,-1.5026925802230835,-6.092126369476318,7.4464640617370605
1789033827097195300,49.7371953125,-1.545763373374939,-6.580262184143066,7.776673793792725
1789033827107120400,49.74712036132812,-1.7228323221206665,-6.307480335235596,8.403593063354492
1789033827117045500,49.75704541015625,-1.9908283948898315,-5.221138954162598,9.083154678344727
1789033827126970600,49.766970703125,-2.1774685382843018,-4.53200626373291,9.92542839050293
1789033827136895700,49.77689575195313,-2.4885356426239014,-4.4650068283081055,10.600204467773438
1789033827146821000,49.78682104492187,-1.8664016723632812,-4.60857629776001,10.939985275268555
1789033827156746200,49.796746337890625,-0.6029912829399109,-4.847858905792236,10.514062881469727
1789033827166671400,49.80667138671875,-0.3684946894645691,-5.2115678787231445,9.09272575378418
1789033827176596500,49.81659643554688,-0.641276478767395,-5.096712112426758,8.437092781066895
1789033827186521600,49.826521484375,-1.0480563640594482,-4.709074974060059,8.422736167907715
1789033827196446700,49.83644677734375,-1.7563318014144897,-4.4650068283081055,8.523234367370605
1789033827206371800,49.846371826171875,-2.1583259105682373,-4.278367042541504,9.016156196594238
1789033827216297200,49.85629711914063,-1.7754744291305542,-4.522434711456299,8.915657043457031
1789033827226222300,49.86622241210937,-1.2251251935958862,-4.977071285247803,8.398807525634766
1789033827236147500,49.8761474609375,-0.97148597240448,-5.278566837310791,7.762316703796387
1789033827246072600,49.886072509765626,-0.794417142868042,-5.077569484710693,7.216753005981445
1789033827255997700,49.89599780273438,-1.1868400573730469,-4.9292144775390625,6.680760860443115
1789033827265923000,49.90592309570312,-1.0097711086273193,-4.086941242218018,6.283552169799805
1789033827275848200,49.91584814453125,-0.7848458290100098,-3.3930225372314453,6.106483459472656
1789033827285773300,49.925773193359376,-0.6939185857772827,-3.1968109607696533,6.072983741760254
1789033827295698700,49.93569873046875,-0.6747759580612183,-3.16331148147583,5.60399055480957
1789033827305623800,49.945623779296874,-1.0480563640594482,-3.091526746749878,4.886143684387207
1789033827315549000,49.955548828125,-1.5744773149490356,-3.1106693744659424,4.402793884277344
1789033827325474300,49.96547436523438,-1.0911271572113037,-3.3020951747894287,3.9529430866241455
1789033827335399400,49.9753994140625,-1.0001999139785767,-3.067598581314087,3.8811583518981934
1789033827345324500,49.985324462890624,-1.8089739084243774,-2.579462766647339,4.565505504608154
1789033827355250000,49.99525,-2.0865414142608643,-1.8759729862213135,5.450850009918213
1789033827365175000,50.00517504882812,-1.2538390159606934,-2.0961127281188965,5.828916072845459
1789033827375100200,50.01510009765625,-1.1629117727279663,-2.589034080505371,6.293123722076416
1789033827385025300,50.025025390625,-1.5074782371520996,-2.991028308868408,6.278766632080078
1789033827394950400,50.03495043945313,-1.7802600860595703,-3.3308091163635254,5.9916276931762695
1789033827404875500,50.04487548828125,-1.919043779373169,-3.297309637069702,5.924628734588623
1789033827414800600,50.05480053710937,-1.9381862878799438,-3.28773832321167,5.982056617736816
1789033827424726000,50.06472607421875,-2.3401806354522705,-3.3164522647857666,6.3361945152282715
1789033827434651100,50.07465112304688,-2.4837498664855957,-3.3690943717956543,7.0301127433776855
1789033827444576300,50.084576171875,-2.1918256282806396,-3.594019651412964,7.5326056480407715
1789033827454501400,50.09450146484375,-1.9142581224441528,-4.034298896789551,7.542177200317383
1789033827464426500,50.104426513671875,-1.550549030303955,-4.527220249176025,7.465606689453125
1789033827474351600,50.1143515625,-0.9667003750801086,-4.742574691772461,7.623532772064209
1789033827484276700,50.12427685546875,-0.9284151792526245,-4.766502857208252,8.24566650390625
1789033827494202000,50.1342021484375,-1.8951154947280884,-4.8574299812316895,8.671588897705078
1789033827504127200,50.144127197265625,-2.2444677352905273,-4.9292144775390625,8.819944381713867
1789033827514052400,50.15405224609375,-1.828116536140442,-5.077569484710693,8.910871505737305
1789033827523977500,50.1639775390625,-0.8662018179893494,-5.144568920135498,8.81515884399414
1789033827533902600,50.17390258789062,-0.40677985548973083,-5.197210788726807,8.714659690856934
1789033827543827700,50.18382763671875,-0.9427721500396729,-5.278566837310791,8.752944946289062
1789033827553752800,50.1937529296875,-1.129412293434143,-5.714060306549072,8.910871505737305
1789033827563678200,50.20367822265625,-1.2299108505249023,-6.03948450088501,9.17886734008789
1789033827573603300,50.213603271484374,-0.6843472719192505,-6.5180487632751465,9.542576789855957
1789033827583528400,50.223528564453126,-0.9906286001205444,-6.833901405334473,9.805787086486816
1789033827593453600,50.23345361328125,-0.5120640397071838,-6.814758777618408,9.896714210510254
1789033827603378700,50.24337866210937,-0.0526420995593071,-6.929614543914795,9.868000984191895
1789033827613303800,50.2533037109375,-0.45942193269729614,-7.164111137390137,9.714859962463379
1789033827623229000,50.26322900390625,-0.6556333899497986,-7.192824840545654,9.30329418182373
1789033827633154300,50.273154296875,-0.8374879360198975,-6.57547664642334,9.518648147583008
1789033827643079400,50.28307934570312,-0.7322037220001221,-6.403193473815918,9.06401252746582
1789033827653004500,50.293004638671874,-0.37806597352027893,-6.585047721862793,8.685946464538574
1789033827662929700,50.3029296875,-0.5072783827781677,-6.675975322723389,8.863015174865723
1789033827672854800,50.31285473632813,-0.7657032608985901,-6.556334018707275,9.418149948120117
1789033827682780000,50.32277978515625,-0.6652047038078308,-6.685546398162842,9.403793334960938
1789033827692705000,50.332705078125,-0.2679961323738098,-6.594619274139404,9.513862609863281
1789033827702630100,50.342630126953125,-0.5790630578994751,-6.340980052947998,9.45164966583252
1789033827712555500,50.35255541992188,-1.0671988725662231,-6.034698486328125,9.528220176696777
1789033827722480600,50.36248071289062,-0.8135597109794617,-5.8719868659973145,9.169296264648438
1789033827732405800,50.37240576171875,-0.6795616149902344,-5.934200286865234,8.786444664001465
1789033827742331000,50.382330810546875,-1.3591232299804688,-6.130411624908447,9.05444049835205
1789033827752256000,50.39225610351563,-1.5026925802230835,-6.3840508460998535,9.375079154968262
1789033827762181000,50.40218115234375,-1.4404792785644531,-6.872186660766602,9.600004196166992
1789033827772106200,50.41210620117187,-1.2011969089508057,-7.154539585113525,9.370293617248535
1789033827782031600,50.422031494140626,-1.0671988725662231,-7.135396957397461,8.85344409942627
1789033827791956700,50.43195678710938,-0.851844847202301,-7.001399040222168,8.317451477050781
1789033827801881900,50.4418818359375,-1.2203395366668701,-6.7621169090271,8.173882484436035
1789033827811807000,50.451806884765624,-1.4979069232940674,-6.51326322555542,8.264809608459473
1789033827821732000,50.461732177734376,-2.1200408935546875,-6.63769006729126,8.819944381713867
1789033827831657200,50.4716572265625,-2.1439690589904785,-6.776473522186279,9.556933403015137
1789033827841582300,50.48158227539062,-1.770688772201538,-7.054041385650635,10.059426307678223
1789033827851507700,50.4915078125,-0.8135597109794617,-7.054041385650635,9.762716293334961
1789033827861432800,50.50143286132813,-0.20578274130821228,-6.97268533706665,8.8438720703125
1789033827871358000,50.51135791015625,0.10049854964017868,-6.867401123046875,8.154739379882812
1789033827881283000,50.52128295898437,0.2919243574142456,-6.695117950439453,7.719245910644531
1789033827891208200,50.531208251953124,0.2392822653055191,-6.565905570983887,7.379465103149414
1789033827901133300,50.54113330078125,-0.3732803463935852,-6.556334018707275,7.283751964569092
1789033827911058400,50.55105834960938,-0.8997012972831726,-6.503692150115967,7.336394309997559
1789033827920983800,50.56098388671875,-2.029113531112671,-6.307480335235596,8.13081169128418
1789033827930909000,50.570908935546875,-2.3784656524658203,-5.996413707733154,9.226723670959473
1789033827940834000,50.580833984375,-2.4119651317596436,-5.714060306549072,10.53799057006836
1789033827950759200,50.59075927734375,-1.4979069232940674,-5.608776092529297,11.093125343322754
1789033827960684300,50.60068432617187,-1.1868400573730469,-5.647061347961426,11.270195007324219
1789033827970609400,50.610609375,-0.9284151792526245,-5.867201328277588,10.920842170715332
1789033827980534500,50.620534423828126,-0.7848458290100098,-6.283552169799805,10.016355514526367
1789033827990460000,50.6304599609375,-0.45942193269729614,-6.230910301208496,8.910871505737305
1789033828000385000,50.64038500976562,-0.40677985548973083,-6.374479293823242,7.345965385437012
1789033828010310100,50.65031005859375,-0.8949156403541565,-6.561119556427002,6.350551128387451
1789033828020235300,50.6602353515625,-1.765903115272522,-6.881757736206055,5.881557941436768
1789033828030160400,50.67016040039063,-3.1824541091918945,-7.025327205657959,6.757331371307373
1789033828040085500,50.68008544921875,-3.345165967941284,-6.293123722076416,8.178668022155762
1789033828050010600,50.6900107421875,-2.053041934967041,-5.594419479370117,9.21715259552002
1789033828059936000,50.69993603515625,-1.3112667798995972,-5.278566837310791,10.01156997680664
1789033828069861000,50.70986108398437,-0.8231309652328491,-5.469992637634277,10.389636039733887
1789033828079786200,50.7197861328125,-0.8949156403541565,-5.5034918785095215,10.916056632995605
1789033828089711600,50.729711669921876,-2.1678972244262695,-5.694917678833008,10.356136322021484
1789033828099636700,50.73963671875,-2.723032236099243,-5.3216376304626465,10.092926025390625
1789033828109562000,50.74956201171875,-2.4406790733337402,-5.125426292419434,9.896714210510254
1789033828119487200,50.7594873046875,-1.9812572002410889,-5.259424209594727,9.489934921264648
1789033828129412400,50.76941235351563,-1.5409778356552124,-5.374279499053955,9.403793334960938
1789033828139337700,50.77933764648437,-1.1150553226470947,-5.426921844482422,9.09272575378418
1789033828149262800,50.789262939453124,-0.8087740540504456,-5.101497650146484,8.48016357421875
1789033828159188000,50.79918798828125,-0.9810572862625122,-4.522434711456299,7.982456207275391
1789033828169113000,50.80911303710938,-1.1629117727279663,-4.182653903961182,7.226324558258057
1789033828179038200,50.8190380859375,-1.1437692642211914,-3.9768712520599365,6.546762943267822
1789033828188963300,50.82896337890625,-1.0863415002822876,-3.8572301864624023,5.556134223937988
1789033828198888700,50.838888671875,-1.057627558708191,-3.1920254230499268,4.694717884063721
1789033828208813800,50.84881372070313,-1.0145567655563354,-2.7086751461029053,4.522434711456299
1789033828218739000,50.85873901367187,-0.851844847202301,-2.2205393314361572,4.675575256347656
1789033828228664000,50.8686640625,-0.7848458290100098,-2.2779672145843506,4.934000492095947
1789033828238589200,50.878589111328125,-1.0528420209884644,-2.541177749633789,5.053641319274902
1789033828248514300,50.88851440429688,-1.526620864868164,-2.833101987838745,5.216353416442871
1789033828258439400,50.898439453125,-1.28255295753479,-3.2303106784820557,5.154139995574951
1789033828268364800,50.90836474609375,-0.8374879360198975,-3.3068809509277344,5.340780258178711
1789033828278290000,50.9182900390625,-1.2538390159606934,-2.9958138465881348,5.996413707733154
1789033828288215000,50.92821508789063,-1.5792629718780518,-2.8761727809906006,6.120840549468994
1789033828298140200,50.93814013671875,-1.5601203441619873,-2.68953275680542,5.953342914581299
1789033828308065300,50.948065185546874,-1.4261223077774048,-2.579462766647339,5.422136306762695
1789033828317990400,50.957990478515626,-1.4739787578582764,-2.392822742462158,5.302495002746582
1789033828327915500,50.96791552734375,-1.9764715433120728,-2.1918256282806396,5.814558982849121
1789033828337841000,50.9778408203125,-1.9716858863830566,-2.3258235454559326,6.16391134262085
1789033828347766000,50.98776611328125,-1.5744773149490356,-2.6368906497955322,6.546762943267822
1789033828357691100,50.997691162109376,-1.3495519161224365,-3.211168050765991,6.814758777618408
1789033828367616300,51.0076162109375,-1.3926228284835815,-3.799802303314209,7.130611419677734
1789033828377541400,51.01754125976562,-1.7180466651916504,-4.158725738525391,7.393822193145752
1789033828387466500,51.027466552734374,-1.919043779373169,-4.374079704284668,7.479963779449463
1789033828397391600,51.0373916015625,-1.94297194480896,-4.374079704284668,7.5565338134765625
1789033828407317000,51.04731689453125,-1.3495519161224365,-4.359723091125488,7.743174076080322
1789033828417242000,51.0572421875,-0.7417750358581543,-4.575077056884766,8.417949676513672
1789033828427167200,51.067167236328125,-1.0097711086273193,-4.814359188079834,9.049654960632324
1789033828437092400,51.07709228515625,-1.2921242713928223,-5.465207099914551,9.470791816711426
1789033828447017500,51.087017578125,-1.2634103298187256,-6.082555294036865,9.34157943725586
1789033828456942600,51.09694262695312,-1.4691931009292603,-6.623332977294922,9.083154678344727
1789033828466867700,51.10686767578125,-1.5984054803848267,-6.747759819030762,8.906085968017578
1789033828476793000,51.11679296875,-2.383251428604126,-6.766902446746826,8.95394229888916
1789033828486718200,51.12671826171875,-2.3018953800201416,-6.613761901855469,9.107083320617676
1789033828496643300,51.13664331054687,-1.3495519161224365,-6.690331935882568,9.164510726928711
1789033828506568400,51.146568359375,-0.550349235534668,-6.97268533706665,9.231510162353516
1789033828516493600,51.15649365234375,-0.5120640397071838,-6.742974281311035,9.710074424743652
1789033828526418700,51.16641870117188,-0.5407779216766357,-6.489335060119629,9.93978500366211
1789033828536343800,51.17634375,-0.794417142868042,-6.465406894683838,9.958928108215332
1789033828546269200,51.186269287109376,-0.8087740540504456,-6.484549522399902,9.604789733886719
1789033828556194300,51.1961943359375,-1.1102696657180786,-6.350551128387451,8.81515884399414
1789033828566119400,51.20611938476563,-1.057627558708191,-5.905486106872559,8.298309326171875
1789033828576044500,51.21604443359375,-0.6508477330207825,-5.723631858825684,7.905886173248291
1789033828585969700,51.2259697265625,-0.44027936458587646,-5.900700569152832,7.77188777923584
1789033828595894800,51.235894775390626,-0.8183453679084778,-5.929414749145508,8.25523853302002
1789033828605820000,51.24581982421875,-1.4213366508483887,-6.058627128601074,8.786444664001465
1789033828615745300,51.255745361328124,-1.0049854516983032,-6.010770320892334,9.408578872680664
1789033828625670400,51.26567041015625,-0.35413774847984314,-6.135197162628174,9.647860527038574
1789033828635595500,51.27559545898438,-0.4977070987224579,-6.307480335235596,10.001998901367188
1789033828645520600,51.28552075195312,-0.6939185857772827,-6.412764549255371,10.083354949951172
1789033828655445800,51.29544580078125,-0.8374879360198975,-6.479763507843018,9.820143699645996
1789033828665371100,51.30537109375,-0.8805587291717529,-6.427121639251709,9.475577354431152
1789033828675296300,51.31529614257813,-1.0767701864242554,-6.254838466644287,9.255437850952148
1789033828685221400,51.32522143554687,-1.2729816436767578,-6.302694797515869,9.193224906921387
1789033828695146800,51.335146728515625,-1.1868400573730469,-6.427121639251709,8.877371788024902
1789033828705071900,51.34507177734375,-1.6510475873947144,-6.32662296295166,8.805587768554688
1789033828714997000,51.3549970703125,-1.789831280708313,-6.254838466644287,8.963513374328613
1789033828724922400,51.36492236328125,-1.765903115272522,-6.427121639251709,9.250652313232422
1789033828734847500,51.374847412109375,-1.373480200767517,-6.709474563598633,9.45164966583252
1789033828744772600,51.38477270507813,-0.9379864931106567,-7.044469833374023,9.4660062789917
1789033828754698000,51.39469799804687,-0.22013968229293823,-6.948757171630859,9.533005714416504
1789033828764623000,51.404623046875,-0.1579262912273407,-7.0923261642456055,9.32722282409668
1789033828774548200,51.41454833984375,-0.4737788736820221,-7.106683254241943,9.059226989746094
1789033828784473300,51.42447338867188,-0.4546363055706024,-6.814758777618408,8.767302513122559
1789033828794398500,51.4343984375,-0.5120640397071838,-6.570691108703613,8.437092781066895
1789033828804323600,51.44432348632812,-0.40677985548973083,-6.379265308380127,8.12123966217041
1789033828814248700,51.454248779296876,0.038285162299871445,-6.226124286651611,8.011170387268066
1789033828824174000,51.46417407226563,-0.19621145725250244,-6.087340831756592,8.260024070739746
1789033828834099200,51.47409912109375,-0.33499518036842346,-6.149554252624512,8.303094863891602
1789033828844024300,51.4840244140625,-0.9475577473640442,-6.135197162628174,8.805587768554688
1789033828853949400,51.493949462890626,-1.2011969089508057,-6.063412666320801,8.891729354858398
1789033828863874600,51.50387451171875,-1.698904037475586,-5.8959150314331055,9.255437850952148
1789033828873799700,51.51379956054687,-1.770688772201538,-5.560919761657715,9.67657470703125
1789033828883724800,51.523724853515624,-1.7467604875564575,-5.1876397132873535,10.327422142028809
1789033828893650200,51.533650146484376,-1.2011969089508057,-5.178068161010742,10.62413215637207
1789033828903575300,51.5435751953125,-0.6939185857772827,-5.474778175354004,10.423135757446289
1789033828913500400,51.55350048828125,-0.5312066078186035,-5.690132141113281,9.719645500183105
1789033828923425500,51.563425537109374,-0.3206382393836975,-5.900700569152832,8.547162055969238
1789033828933350700,51.5733505859375,-0.49292147159576416,-5.881557941436768,7.81974458694458
1789033828943275800,51.58327587890625,-1.0001999139785767,-6.422336101531982,6.8482584953308105
1789033828953201000,51.59320092773437,-1.5026925802230835,-7.039684295654297,6.63769006729126
1789033828963126300,51.603126220703125,-2.416750907897949,-6.747759819030762,7.125825881958008
1789033828973051400,51.61305151367188,-2.8043880462646484,-5.876772403717041,7.9489569664001465
1789033828982976500,51.6229765625,-2.3306093215942383,-5.288137912750244,9.059226989746094
1789033828992901600,51.63290161132812,-1.4021940231323242,-4.900500774383545,9.66221809387207
1789033829002826800,51.64282666015625,-0.727418065071106,-4.867001056671143,10.212567329406738
1789033829012752000,51.652751953125,-0.1339980661869049,-4.938786029815674,10.389636039733887
1789033829022677000,51.66267700195313,-0.6795616149902344,-5.096712112426758,10.461421012878418
1789033829032602400,51.67260229492187,-1.703689694404602,-5.154139995574951,9.877572059631348
1789033829042527500,51.682527587890625,-2.416750907897949,-5.044070243835449,9.91107177734375
1789033829052452600,51.69245263671875,-2.723032236099243,-5.335994720458984,9.609575271606445
1789033829062377700,51.70237768554688,-2.4023938179016113,-5.469992637634277,9.571290969848633
1789033829072302800,51.712302734375,-1.8616160154342651,-5.465207099914551,9.18843936920166
1789033829082228000,51.72222802734375,-1.5553346872329712,-5.508277893066406,8.982656478881836
1789033829092153000,51.732153076171876,-0.9523434042930603,-5.374279499053955,8.547162055969238
1789033829102078500,51.74207836914063,-0.7178468108177185,-5.115854740142822,7.853243827819824
1789033829112003600,51.752003662109374,-0.5982056856155396,-4.642076015472412,6.9104719161987305
1789033829121928700,51.7619287109375,-0.607776939868927,-4.230510234832764,5.7858452796936035
1789033829131853800,51.77185375976563,-0.8566305041313171,-3.7663028240203857,4.890929698944092
1789033829141779000,51.78177905273437,-1.4739787578582764,-3.737588882446289,4.689932346343994
1789033829151704000,51.7917041015625,-1.4165509939193726,-3.6610186100006104,4.814359188079834
1789033829161629400,51.80162939453125,-1.1054840087890625,-3.2446675300598145,4.694717884063721
1789033829171554600,51.81155444335938,-1.3399807214736938,-3.1728827953338623,4.235296249389648
1789033829181479700,51.82147973632812,-1.3399807214736938,-2.9718856811523438,4.240081787109375
1789033829191405000,51.831405029296874,-1.1485549211502075,-2.9623143672943115,4.474578380584717
1789033829201330200,51.841330078125,-1.0432707071304321,-3.139383316040039,5.31685209274292
1789033829211255300,51.85125537109375,-1.1820544004440308,-3.16331148147583,5.9437713623046875
1789033829221180700,51.8611806640625,-1.435693621635437,-3.311666488647461,6.1399827003479
1789033829231105800,51.871105712890625,-1.698904037475586,-3.3643085956573486,6.03948450088501
1789033829241031000,51.88103100585938,-2.00518536567688,-3.2350962162017822,6.168696880340576
1789033829250956300,51.89095629882812,-2.2061824798583984,-3.1202406883239746,6.3601226806640625
1789033829260881400,51.90088134765625,-1.8903298377990723,-3.2303106784820557,6.374479293823242
1789033829270806500,51.910806640625,-1.5840486288070679,-3.249453067779541,6.628118515014648
1789033829280731600,51.92073168945313,-1.4931213855743408,-3.3643085956573486,6.695117950439453
1789033829290656800,51.93065673828125,-1.3304094076156616,-3.3547372817993164,6.422336101531982
1789033829300582000,51.94058178710937,-1.5984054803848267,-3.359523057937622,6.867401123046875
1789033829310507300,51.95050732421875,-1.7515461444854736,-3.6131622791290283,6.838686943054199
1789033829320432400,51.96043237304688,-1.6271194219589233,-3.6945180892944336,7.101897716522217
1789033829330357500,51.970357421875,-1.5984054803848267,-3.996013879776001,7.121040344238281
1789033829340282600,51.98028271484375,-1.2490534782409668,-4.206582069396973,7.5326056480407715
1789033829350207700,51.990207763671876,-1.0097711086273193,-4.4410786628723145,7.83410120010376
1789033829360132900,52.0001328125,-1.1581261157989502,-4.957928657531738,8.063812255859375
1789033829370058000,52.01005810546875,-0.8566305041313171,-5.230710506439209,8.303094863891602
1789033829379983400,52.0199833984375,-0.8757730722427368,-5.560919761657715,8.676374435424805
1789033829389908500,52.029908447265626,-0.9044869542121887,-5.699703693389893,8.920442581176758
1789033829399833600,52.03983349609375,-1.526620864868164,-5.8719868659973145,9.360722541809082
1789033829409758700,52.0497587890625,-1.7084753513336182,-6.001199245452881,9.949356079101562
1789033829419683800,52.059683837890624,-1.1772687435150146,-6.235695838928223,10.360921859741211
1789033829429609000,52.06960888671875,-0.6029912829399109,-6.647261142730713,10.461421012878418
1789033829439534000,52.0795341796875,-0.09092725813388824,-6.776473522186279,10.49970531463623
1789033829449459500,52.08945947265625,0.014356935396790504,-6.293123722076416,10.73420238494873
1789033829459384600,52.099384521484374,-0.607776939868927,-6.092126369476318,10.705488204956055
1789033829469309700,52.10930981445313,-1.196411371231079,-6.044270038604736,10.805987358093262
1789033829479234800,52.11923486328125,-1.2490534782409668,-5.886343479156494,10.939985275268555
1789033829489160000,52.12915991210937,-1.0432707071304321,-5.8719868659973145,10.547562599182129
1789033829499085000,52.1390849609375,-0.5072783827781677,-6.283552169799805,9.355937004089355
1789033829509010200,52.14901025390625,0.17228323221206665,-6.786045074462891,7.590033531188965
1789033829518935600,52.158935546875,0.31106695532798767,-7.274180889129639,6.4079790115356445
1789033829528860700,52.16886059570312,0.2632105052471161,-7.728816986083984,5.704489231109619
1789033829538785800,52.178785888671875,-0.6317051649093628,-7.479963779449463,6.881757736206055
1789033829548711000,52.1887109375,-1.0432707071304321,-6.896114826202393,9.025727272033691
1789033829558636000,52.19863598632813,-1.2873386144638062,-6.723831653594971,10.088140487670898
1789033829568561400,52.2085615234375,-1.1341979503631592,-6.403193473815918,10.753344535827637
1789033829578486500,52.218486572265626,-0.49292147159576416,-6.072983741760254,10.514062881469727
1789033829588411600,52.22841162109375,-0.04785645380616188,-5.9437713623046875,9.954142570495605
1789033829598337000,52.2383369140625,-0.49292147159576416,-5.9198431968688965,9.241081237792969
1789033829608262100,52.24826220703125,-1.4739787578582764,-5.8719868659973145,8.72901725769043
1789033829618187300,52.258187255859376,-1.9286150932312012,-5.881557941436768,9.05444049835205
1789033829628112600,52.26811254882813,-1.8664016723632812,-6.183053493499756,9.379864692687988
1789033829638037800,52.27803784179687,-1.7180466651916504,-6.613761901855469,9.360722541809082
1789033829647963000,52.287962890625,-1.7515461444854736,-6.829115867614746,9.456435203552246
1789033829657888300,52.29788818359375,-1.4021940231323242,-6.857829570770264,9.42772102355957
1789033829667813400,52.3078134765625,-1.0097711086273193,-6.632904529571533,9.365508079528809
1789033829677738500,52.317738525390624,-0.49292147159576416,-6.4701924324035645,9.226723670959473
1789033829687663600,52.32766357421875,-0.33499518036842346,-6.632904529571533,9.260223388671875
1789033829697588700,52.33758862304688,-0.5790630578994751,-6.618547439575195,9.164510726928711
1789033829707513900,52.34751391601562,-0.9762716293334961,-6.422336101531982,8.863015174865723
1789033829717439000,52.35743896484375,-1.0959128141403198,-6.111268997192383,8.652446746826172
1789033829727364400,52.3673642578125,-1.062413215637207,-5.97727108001709,8.609375953674316
1789033829737289500,52.37728955078125,-0.30628129839897156,-6.2500529289245605,8.599804878234863
1789033829747214600,52.38721459960937,0.16271193325519562,-6.259624004364014,8.662017822265625
1789033829757139700,52.3971396484375,0.5120640397071838,-6.068198204040527,8.183453559875488
1789033829767064800,52.40706494140625,-0.349352091550827,-5.814558982849121,7.661818027496338
1789033829776990000,52.41698999023438,-1.3782658576965332,-5.934200286865234,8.039883613586426
1789033829786915000,52.4269150390625,-2.1583259105682373,-5.824130535125732,9.17886734008789
1789033829796840400,52.43684033203125,-2.1296122074127197,-5.517848968505859,10.112068176269531
1789033829806765600,52.446765625,-1.3830515146255493,-5.302495002746582,10.514062881469727
1789033829816690700,52.45669067382813,-0.5120640397071838,-5.407779216766357,10.351350784301758
1789033829826615800,52.46661572265625,-0.4259224236011505,-5.747560024261475,9.997213363647461
1789033829836541000,52.476541015625,-0.5120640397071838,-6.025127410888672,9.30329418182373
1789033829846466000,52.486466064453126,-0.5551348328590393,-6.010770320892334,8.609375953674316
1789033829856391200,52.49639111328125,-0.6699903607368469,-5.8719868659973145,8.6907320022583
1789033829866316500,52.50631665039062,-1.153340458869934,-6.001199245452881,8.97787094116211
1789033829876241700,52.51624169921875,-1.1054840087890625,-6.350551128387451,8.910871505737305
1789033829886166800,52.526166748046876,-1.2059825658798218,-6.226124286651611,8.662017822265625
1789033829896092000,52.536091796875,-1.7467604875564575,-5.819344520568848,8.178668022155762
1789033829906017000,52.54601708984375,-2.809173822402954,-5.670989513397217,8.02074146270752
1789033829915942100,52.555942138671874,-3.4025938510894775,-5.560919761657715,8.159524917602539
1789033829925867300,52.5658671875,-2.775674343109131,-5.37906551361084,8.312665939331055
1789033829935792400,52.57579248046875,-1.0432707071304321,-5.350351333618164,8.532805442810059
1789033829945717800,52.5857177734375,-0.019142581149935722,-5.517848968505859,9.131011009216309
1789033829955643000,52.595642822265624,-0.1866401731967926,-5.733202934265137,9.934999465942383
1789033829965568000,52.60556811523438,-0.45942193269729614,-5.85284423828125,9.968499183654785
1789033829975493400,52.61549340820312,-0.4737788736820221,-5.986842155456543,9.762716293334961
1789033829985418500,52.62541845703125,-0.8949156403541565,-5.819344520568848,9.614361763000488
1789033829995343600,52.635343505859375,-1.5409778356552124,-5.163711071014404,9.135796546936035
1789033830005269000,52.64526904296875,-2.1918256282806396,-5.034498691558838,8.322237014770508
1789033830015194000,52.65519409179687,-2.172683000564575,-4.264009952545166,7.805387496948242
1789033830025119200,52.665119140625,-1.7276179790496826,-3.809373617172241,7.077969551086426
1789033830035044600,52.67504467773438,-1.2873386144638062,-3.641875982284546,6.632904529571533
1789033830044969700,52.6849697265625,-1.153340458869934,-3.6610186100006104,6.125626087188721
1789033830054894800,52.69489477539062,-1.0336993932724,-3.9768712520599365,5.426921844482422
1789033830064820000,52.704820068359375,-0.7561319470405579,-4.168296813964844,4.843072891235352
1789033830074745300,52.71474536132813,-0.9858429431915283,-3.8045880794525146,4.589433670043945
1789033830084670500,52.72467041015625,-1.6414763927459717,-3.4648072719573975,4.1347975730896
1789033830094595600,52.734595703125,-1.852044701576233,-3.0101709365844727,3.7232320308685303
1789033830104520700,52.744520751953125,-1.6079767942428589,-2.3497519493103027,4.058227062225342
1789033830114445800,52.75444580078125,-0.8901300430297852,-2.3497519493103027,4.977071285247803
1789033830124371000,52.76437084960938,-0.9810572862625122,-2.589034080505371,5.623133182525635
1789033830134296000,52.77429614257812,-1.129412293434143,-2.9527430534362793,5.570491313934326
1789033830144221400,52.784221435546876,-1.5122638940811157,-3.1585259437561035,5.675775527954102
1789033830154146600,52.794146484375,-2.1104695796966553,-3.1968109607696533,6.005984783172607
1789033830164071700,52.80407177734375,-2.6560330390930176,-3.2207393646240234,6.216553211212158
1789033830173996800,52.81399682617187,-2.713460922241211,-3.4552359580993652,6.269195556640625
1789033830183922000,52.823921875,-2.1200408935546875,-3.617947816848755,6.259624004364014
1789033830193847000,52.833846923828126,-1.6654045581817627,-3.761517286300659,6.3840508460998535
1789033830203772200,52.84377221679687,-1.6223337650299072,-3.8333017826080322,6.757331371307373
1789033830213697300,52.853697265625,-1.8999011516571045,-3.9290146827697754,7.503891944885254
1789033830223622700,52.86362255859375,-2.076970100402832,-4.168296813964844,7.920242786407471
1789033830233547800,52.8735478515625,-1.919043779373169,-4.474578380584717,8.116454124450684
1789033830243473000,52.88347290039062,-1.5122638940811157,-4.675575256347656,8.09252643585205
1789033830253398000,52.89339794921875,-1.6558332443237305,-5.106283664703369,8.193024635314941
1789033830263323100,52.9033232421875,-1.191625714302063,-5.249852657318115,8.451449394226074
1789033830273248300,52.91324829101563,-0.794417142868042,-5.249852657318115,8.556734085083008
1789033830283173400,52.92317333984375,-0.8183453679084778,-5.216353416442871,8.398807525634766
1789033830293098800,52.9330986328125,-0.7800601720809937,-5.125426292419434,8.37009334564209
1789033830303023900,52.94302392578125,-1.0911271572113037,-5.091926574707031,8.350951194763184
1789033830312949000,52.95294897460938,-1.3160524368286133,-5.039284706115723,8.590232849121094
1789033830322874000,52.9628740234375,-1.3304094076156616,-5.125426292419434,8.839086532592773
1789033830332799200,52.97279931640625,-0.8231309652328491,-5.3455657958984375,9.040083885192871
1789033830342724400,52.982724365234375,-0.2153540402650833,-5.680561065673828,9.32722282409668
1789033830352649500,52.9926494140625,-0.14356936514377594,-5.986842155456543,9.7005033493042
1789033830362574800,53.00257495117187,-0.2679961323738098,-5.824130535125732,10.265209197998047
1789033830372500000,53.0125,-0.7513462901115417,-6.020341873168945,10.188638687133789
1789033830382425300,53.02242529296875,-0.8470591902732849,-6.369693756103516,10.02592658996582
1789033830392350500,53.0323505859375,-1.2442678213119507,-6.57547664642334,10.241280555725098
1789033830402275600,53.04227563476562,-0.8231309652328491,-6.695117950439453,10.466206550598145
1789033830412201000,53.052200927734376,-0.9810572862625122,-6.786045074462891,10.394421577453613
1789033830422126000,53.0621259765625,-0.5168496966362,-6.920042991638184,9.863214492797852
1789033830432051200,53.07205126953125,-0.009571290574967861,-6.953542709350586,8.934800148010254
1789033830441976600,53.0819765625,0.11964113265275955,-6.776473522186279,8.135597229003906
1789033830451901700,53.091901611328126,-0.12921242415905,-6.766902446746826,7.77188777923584
1789033830461826800,53.10182690429688,-0.17228323221206665,-6.671189308166504,8.283951759338379
1789033830471752000,53.111751953125,-1.368694543838501,-6.51326322555542,9.485149383544922
1789033830481677000,53.121677001953124,-1.100698471069336,-6.618547439575195,9.930213928222656
1789033830491602200,53.131602294921876,-0.6364908218383789,-6.704689025878906,9.528220176696777
1789033830501527600,53.14152758789062,-0.760917603969574,-6.613761901855469,8.910871505737305
1789033830511452700,53.15145263671875,-1.2969099283218384,-6.235695838928223,8.906085968017578
1789033830521377800,53.161377685546874,-1.5840486288070679,-5.690132141113281,9.001798629760742
1789033830531303000,53.17130297851563,-1.4883357286453247,-5.627918720245361,8.925228118896484
1789033830541228000,53.18122802734375,-1.3782658576965332,-6.206982135772705,8.824729919433594
1789033830551153200,53.19115307617187,-1.789831280708313,-6.714260101318359,8.896514892578125
1789033830561078300,53.201078369140625,-2.0243279933929443,-6.967899322509766,9.10229778289795
1789033830571003600,53.21100366210938,-2.3497519493103027,-7.077969551086426,9.389435768127441
1789033830580928800,53.2209287109375,-2.50289249420166,-7.015756130218506,9.734002113342285
1789033830590854100,53.230854248046874,-2.344966173171997,-6.86261510848999,10.217352867126465
1789033830600779300,53.240779296875,-1.828116536140442,-6.781259536743164,10.451848983764648
1789033830610704400,53.25070434570313,-0.4498506486415863,-6.522834300994873,10.030712127685547
1789033830620629800,53.26062963867187,0.7082754969596863,-6.3601226806640625,9.269794464111328
1789033830630555000,53.270554931640625,1.301695466041565,-6.364908218383789,8.752944946289062
1789033830640480000,53.28047998046875,1.4213366508483887,-6.556334018707275,8.408378601074219
1789033830650405400,53.2904052734375,1.0193424224853516,-6.599404811859131,7.800601959228516
1789033830660330500,53.30033056640625,-0.8566305041313171,-6.647261142730713,7.743174076080322
1789033830670255600,53.310255615234375,-1.94297194480896,-6.733402729034424,7.503891944885254
1789033830680180700,53.3201806640625,-2.8809585571289062,-6.096911907196045,8.183453559875488
1789033830690105900,53.33010595703125,-2.60339093208313,-5.469992637634277,8.896514892578125
1789033830700031000,53.34003100585937,-1.856830358505249,-4.938786029815674,9.126225471496582
1789033830709956400,53.349956298828126,-1.4931213855743408,-4.914857864379883,9.207581520080566
1789033830719881500,53.35988159179688,-0.8614161610603333,-5.436492919921875,9.34157943725586
1789033830729806600,53.369806640625,-0.2871387302875519,-5.8097734451293945,9.432506561279297
1789033830739731700,53.37973168945312,0.4163511395454407,-6.144768714904785,9.365508079528809
1789033830749656800,53.38965673828125,0.6604190468788147,-6.20219612121582,9.633503913879395
1789033830759582000,53.39958203125,0.24885354936122894,-6.455835342407227,9.729216575622559
1789033830769507000,53.40950708007812,-0.9236295223236084,-6.4701924324035645,9.872786521911621
1789033830779432400,53.419432373046874,-1.765903115272522,-6.015556335449219,10.1216402053833
1789033830789357600,53.429357666015626,-1.9286150932312012,-5.618347644805908,10.389636039733887
1789033830799282700,53.43928271484375,-2.00518536567688,-5.288137912750244,9.590433120727539
1789033830809207800,53.44920776367187,-1.4835500717163086,-4.689932346343994,8.748159408569336
1789033830819133000,53.4591328125,-1.2969099283218384,-4.48414945602417,7.427321434020996
1789033830829058000,53.46905810546875,-1.8855443000793457,-4.292723655700684,7.144968509674072
1789033830838983200,53.47898315429688,-2.014756679534912,-4.297509670257568,7.848458290100098
1789033830848908500,53.48890844726562,-1.3543375730514526,-4.42193603515625,8.61894702911377
1789033830858833700,53.498833740234375,-0.4259224236011505,-4.579862594604492,9.293723106384277
1789033830868758800,53.5087587890625,0.03349951654672623,-4.7234320640563965,9.69093132019043
1789033830878684000,53.51868383789063,-0.04307080805301666,-4.9435715675354,9.66221809387207
1789033830888609300,53.528609375,-0.5072783827781677,-5.326423168182373,9.231510162353516
1789033830898534400,53.538534423828125,-0.8614161610603333,-5.527420520782471,8.111668586730957
1789033830908459500,53.54845947265625,-1.2969099283218384,-5.288137912750244,7.465606689453125
1789033830918385000,53.55838500976562,-1.8951154947280884,-4.6372904777526855,7.451249599456787
1789033830928310000,53.56831005859375,-1.6031911373138428,-4.067798614501953,7.81974458694458
1789033830938235400,53.5782353515625,-0.4785645306110382,-4.2831525802612305,8.102097511291504
1789033830948160500,53.58816040039063,-0.4450650215148926,-4.666004180908203,7.953742504119873
1789033830958085600,53.59808569335937,-1.430907964706421,-4.398007869720459,7.379465103149414
1789033830968010800,53.6080107421875,-2.1678972244262695,-3.8189449310302734,6.666403770446777
1789033830977936000,53.617935791015626,-1.7180466651916504,-3.445664644241333,6.211767673492432
1789033830987861200,53.627861328125,-1.215553879737854,-3.4504501819610596,5.8097734451293945
1789033830997786400,53.63778637695312,-1.0193424224853516,-3.6849467754364014,5.618347644805908
1789033831007711500,53.64771142578125,-0.6843472719192505,-3.88594388961792,5.216353416442871
1789033831017636600,53.65763671875,-0.6029912829399109,-3.90987229347229,4.675575256347656
1789033831027561700,53.66756176757813,-0.9810572862625122,-3.263810157775879,4.972285270690918
1789033831037486800,53.67748681640625,-1.3543375730514526,-2.5459632873535156,5.580062389373779
1789033831047412000,53.687411865234374,-1.2203395366668701,-2.7182464599609375,5.560919761657715
1789033831057337300,53.69733740234375,-1.100698471069336,-2.991028308868408,5.584847927093506
1789033831067262500,53.70726245117187,-1.947757601737976,-3.10109806060791,5.4556355476379395
1789033831077187600,53.7171875,-2.0578274726867676,-3.081955671310425,5.560919761657715
1789033831087112700,53.72711279296875,-1.9286150932312012,-2.967100143432617,5.8959150314331055
1789033831097037800,53.73703784179688,-1.828116536140442,-3.0963125228881836,6.082555294036865
1789033831106963000,53.746962890625,-1.6893328428268433,-3.3308091163635254,6.154339790344238
1789033831116888000,53.75688818359375,-1.4404792785644531,-3.5748770236968994,5.996413707733154
1789033831126813400,53.7668134765625,-1.6558332443237305,-3.680161237716675,6.32662296295166
1789033831136738600,53.77673852539063,-1.8376877307891846,-3.7806596755981445,6.728617191314697
1789033831146663700,53.78666357421875,-1.7371892929077148,-3.94815731048584,7.226324558258057
1789033831156588800,53.7965888671875,-1.4644074440002441,-4.130012035369873,7.599604606628418
1789033831166514000,53.806513916015625,-1.2394821643829346,-4.374079704284668,7.786244869232178
1789033831176439300,53.81643920898438,-1.0719845294952393,-4.60857629776001,7.901100158691406
1789033831186364400,53.82636450195312,-1.1629117727279663,-5.053641319274902,7.944170951843262
1789033831196289500,53.83628955078125,-1.1198409795761108,-5.398207664489746,8.059026718139648
1789033831206215000,53.84621484375,-1.1389836072921753,-5.594419479370117,8.12123966217041
1789033831216140000,53.85614013671875,-1.0528420209884644,-5.565705299377441,8.34138011932373
1789033831226065200,53.86606518554687,-0.7752745151519775,-5.4556355476379395,8.609375953674316
1789033831235990500,53.875990478515625,-1.1772687435150146,-5.575276851654053,9.09272575378418
1789033831245915600,53.88591552734375,-1.2011969089508057,-5.876772403717041,9.28893756866455
1789033831255840800,53.8958408203125,-0.9906286001205444,-6.685546398162842,9.523433685302734
1789033831265766100,53.90576611328125,-0.851844847202301,-7.322037220001221,9.748359680175781
1789033831275691300,53.915691162109376,-0.8997012972831726,-7.365108013153076,10.078569412231445
1789033831285616400,53.92561645507813,-0.8279166221618652,-7.149754047393799,10.336994171142578
1789033831295541500,53.93554150390625,-0.698704183101654,-6.695117950439453,10.365707397460938
1789033831305466600,53.94546655273437,-0.6556333899497986,-6.781259536743164,9.753145217895508
1789033831315391700,53.955391845703126,-0.6269195079803467,-6.69990348815918,9.10229778289795
1789033831325316900,53.96531689453125,-0.09092725813388824,-6.484549522399902,8.700303077697754
1789033831335242200,53.9752421875,-0.22492532432079315,-6.742974281311035,8.987442016601562
1789033831345167400,53.98516748046875,-0.9188438653945923,-7.025327205657959,10.088140487670898
1789033831355092500,53.995092529296876,-0.9571290612220764,-7.168896675109863,11.212766647338867
1789033831365017600,54.005017578125,-0.8279166221618652,-7.077969551086426,11.26062297821045
1789033831374943000,54.01494287109375,-0.4737788736820221,-6.642475605010986,10.442277908325195
1789033831384868000,54.0248681640625,0.09092725813388824,-6.135197162628174,9.738788604736328
1789033831394793200,54.03479321289063,-0.04785645380616188,-5.900700569152832,8.662017822265625
1789033831404718600,54.04471850585937,-0.6460621356964111,-5.5034918785095215,8.432307243347168
1789033831414643700,54.054643798828124,-1.0001999139785767,-5.302495002746582,8.60459041595459
1789033831424568800,54.06456884765625,-1.373480200767517,-5.144568920135498,9.17886734008789
1789033831434494200,54.074494140625,-1.0241280794143677,-5.469992637634277,9.116654396057129
1789033831444419300,54.08441943359375,-0.5264210104942322,-6.0538411140441895,8.714659690856934
1789033831454344400,54.094344482421874,-0.851844847202301,-6.32662296295166,8.671588897705078
1789033831464269800,54.10426977539063,-1.0097711086273193,-6.455835342407227,8.499305725097656
1789033831474195000,54.11419482421875,-1.1581261157989502,-6.628118515014648,8.403593063354492
1789033831484120000,54.1241201171875,-1.301695466041565,-6.661618232727051,8.274380683898926
1789033831494045200,54.134045166015625,-1.794616937637329,-6.738188743591309,8.685946464538574
1789033831503970300,54.14397021484375,-1.8759729862213135,-7.039684295654297,9.896714210510254
1789033831513895400,54.1538955078125,-1.9669002294540405,-7.345965385437012,11.251051902770996
1789033831523820500,54.16382055664062,-1.3543375730514526,-7.3746795654296875,11.763115882873535
1789033831533745700,54.17374560546875,-0.2967100143432617,-7.226324558258057,10.753344535827637
1789033831543671000,54.18367114257813,0.3445664644241333,-6.9104719161987305,9.633503913879395
1789033831553596200,54.19359619140625,0.7752745151519775,-6.896114826202393,8.63330364227295
1789033831563521300,54.20352124023437,0.6508477330207825,-6.819544315338135,8.001599311828613
1789033831573446400,54.2134462890625,-0.019142581149935722,-6.331408500671387,7.814958572387695
1789033831583371800,54.22337182617188,-0.4307080805301666,-5.938985824584961,7.5326056480407715
1789033831593297000,54.233296875,-1.2538390159606934,-5.819344520568848,7.628318786621094
1789033831603222300,54.24322216796875,-1.454836130142212,-5.9437713623046875,7.77188777923584
1789033831613147400,54.2531474609375,-1.196411371231079,-5.8959150314331055,8.001599311828613
1789033831623072500,54.26307250976563,-1.3256237506866455,-5.642275810241699,8.446663856506348
1789033831632998000,54.27299780273437,-1.5553346872329712,-5.3216376304626465,9.150154113769531
1789033831642923000,54.282923095703126,-1.6271194219589233,-4.895715236663818,9.590433120727539
1789033831652848000,54.29284814453125,-0.9954141974449158,-5.197210788726807,9.21715259552002
1789033831662773200,54.30277319335938,-0.7992027401924133,-5.388636589050293,8.719446182250977
1789033831672698600,54.31269873046875,-0.2105683982372284,-5.737988471984863,8.327022552490234
1789033831682623700,54.322623779296876,-0.45942193269729614,-6.556334018707275,8.073383331298828
1789033831692548900,54.332548828125,-0.4977070987224579,-6.8243303298950195,8.676374435424805
1789033831702474000,54.34247387695312,-1.4691931009292603,-6.16391134262085,9.399007797241211
1789033831712399000,54.352399169921874,-2.1583259105682373,-5.288137912750244,9.762716293334961
1789033831722324200,54.36232421875,-2.4406790733337402,-4.809573650360107,10.097711563110352
1789033831732249300,54.37224926757813,-2.9718856811523438,-4.761716842651367,10.29870891571045
1789033831742174700,54.3821748046875,-2.8522446155548096,-5.221138954162598,10.71984577178955
1789033831752099800,54.392099853515624,-1.3112667798995972,-5.66620397567749,10.84427261352539
1789033831762025000,54.40202490234375,0.17228323221206665,-6.03948450088501,10.64806079864502
1789033831771950000,54.4119501953125,0.3445664644241333,-6.125626087188721,9.91107177734375
1789033831781875200,54.42187524414062,-0.1579262912273407,-5.924628734588623,9.657432556152344
1789033831791800600,54.431800537109375,-1.4931213855743408,-5.8337016105651855,9.55214786529541
1789033831801725700,54.4417255859375,-2.5363919734954834,-5.828916072845459,9.17886734008789
1789033831811651000,54.45165112304687,-2.60339093208313,-5.905486106872559,8.322237014770508
1789033831821576200,54.461576171875,-1.6558332443237305,-5.60399055480957,7.379465103149414
1789033831831501300,54.471501220703125,-1.038485050201416,-4.957928657531738,6.996613502502441
1789033831841426700,54.4814267578125,-0.6221339106559753,-4.153940200805664,6.585047721862793
1789033831851351800,54.49135180664062,-0.7657032608985901,-3.594019651412964,6.3601226806640625
1789033831861277000,54.50127685546875,-1.28255295753479,-3.3786656856536865,6.364908218383789
1789033831871202000,54.5112021484375,-1.1198409795761108,-3.201596736907959,6.288337707519531
1789033831881127400,54.52112744140625,-0.5599204897880554,-3.201596736907959,6.058627128601074
1789033831891052500,54.53105249023437,-1.1341979503631592,-3.0963125228881836,5.982056617736816
1789033831900977700,54.540977783203125,-1.5696916580200195,-3.211168050765991,5.034498691558838
1789033831910902800,54.55090283203125,-1.2586246728897095,-3.3786656856536865,3.9672999382019043
1789033831920828000,54.56082788085938,-0.8183453679084778,-3.187239646911621,3.589233875274658
1789033831930753000,54.5707529296875,-1.0528420209884644,-2.8905298709869385,3.7902309894561768
1789033831940678100,54.58067822265625,-1.454836130142212,-2.014756679534912,4.73300313949585
1789033831950603500,54.590603515625,-1.210768222808838,-1.8903298377990723,4.934000492095947
1789033831960528600,54.60052856445313,-0.6173482537269592,-2.737389087677002,5.139782905578613
1789033831970453800,54.610453857421874,-1.0815558433532715,-3.2685956954956055,5.757131099700928
1789033831980379000,54.62037890625,-1.8472590446472168,-3.28773832321167,6.216553211212158
1789033831990304300,54.63030419921875,-2.311466693878174,-3.005385160446167,6.364908218383789
1789033832000229400,54.6402294921875,-2.0721843242645264,-2.9288148880004883,6.116054534912109
1789033832010154500,54.650154541015624,-1.5744773149490356,-2.895315408706665,6.010770320892334
1789033832020079900,54.660079833984376,-0.8757730722427368,-3.3547372817993164,5.9916276931762695
1789033832030005000,54.6700048828125,-0.794417142868042,-4.163511276245117,6.293123722076416
1789033832039930000,54.67993017578125,-1.1150553226470947,-4.455435752868652,7.039684295654297
1789033832049855500,54.68985546875,-1.3304094076156616,-4.642076015472412,7.77188777923584
1789033832059780600,54.69978051757813,-1.6414763927459717,-4.709074974060059,8.260024070739746
1789033832069705700,54.70970581054687,-1.8089739084243774,-4.9052863121032715,8.733802795410156
1789033832079630800,54.719630859375,-1.397408366203308,-5.197210788726807,9.269794464111328
1789033832089556200,54.72955615234375,-1.6558332443237305,-5.575276851654053,9.523433685302734
1789033832099481300,54.7394814453125,-1.4117653369903564,-5.934200286865234,9.312865257263184
1789033832109406500,54.74940649414062,-1.1150553226470947,-6.1399827003479,9.068798065185547
1789033832119331600,54.75933154296875,-1.1437692642211914,-6.025127410888672,8.877371788024902
1789033832129256700,54.769256591796875,-1.0193424224853516,-5.608776092529297,8.776873588562012
1789033832139181800,54.77918188476563,-1.038485050201416,-5.527420520782471,8.518448829650879
1789033832149107000,54.78910693359375,-1.1676974296569824,-5.474778175354004,8.671588897705078
1789033832159032300,54.7990322265625,-0.9954141974449158,-5.848058700561523,8.901300430297852
1789033832168957400,54.80895751953125,-0.2679961323738098,-6.441478729248047,9.083154678344727
1789033832178882600,54.81888256835938,0.349352091550827,-6.652047157287598,9.647860527038574
1789033832188808000,54.82880786132812,-0.02871387079358101,-6.867401123046875,9.982855796813965
1789033832198733000,54.838733154296875,-1.3160524368286133,-6.656832695007324,10.140782356262207
1789033832208658200,54.848658203125,-2.3162522315979004,-6.393621921539307,9.863214492797852
1789033832218583600,54.85858349609375,-1.8616160154342651,-5.412564754486084,9.647860527038574
1789033832228508700,54.8685087890625,-0.11964113265275955,-4.910071849822998,9.083154678344727
1789033832238433800,54.878433837890626,1.057627558708191,-5.819344520568848,8.087740898132324
1789033832248359200,54.88835913085938,1.1150553226470947,-7.259823799133301,7.929814338684082
1789033832258284300,54.8982841796875,-0.885344386100769,-8.14516830444336,9.135796546936035
1789033832268209400,54.90820947265625,-2.3545374870300293,-7.752745151519775,10.973484992980957
1789033832278134500,54.918134521484376,-1.038485050201416,-7.518248558044434,11.011770248413086
1789033832288059600,54.9280595703125,0.02392822690308094,-7.451249599456787,10.284351348876953
1789033832297985000,54.93798510742187,-0.05742774158716202,-7.087540626525879,9.250652313232422
1789033832307910100,54.94791015625,-1.057627558708191,-5.9437713623046875,8.35573673248291
1789033832317835300,54.957835205078126,-1.8424733877182007,-4.273581027984619,7.795815944671631
1789033832327760400,54.96776049804687,-1.0863415002822876,-3.594019651412964,7.245467185974121
1789033832337685500,54.977685546875,-0.4546363055706024,-4.54636287689209,6.613761901855469
1789033832347610600,54.987610595703124,-1.2969099283218384,-6.1399827003479,6.9822564125061035
1789033832357535700,54.99753564453125,-2.4406790733337402,-7.178467750549316,9.370293617248535
1789033832367461000,55.00746118164062,-2.895315408706665,-7.671389579772949,11.624332427978516
1789033832377386200,55.01738623046875,-1.9956140518188477,-8.293522834777832,12.19382381439209
1789033832387311400,55.027311279296875,-0.11485548317432404,-7.8819580078125,10.289137840270996
1789033832397236700,55.03723681640625,0.7226324677467346,-6.939185619354248,8.068597793579102
1789033832407161900,55.04716186523437,0.06699903309345245,-6.230910301208496,7.5565338134765625
1789033832417087000,55.0570869140625,-0.2392822653055191,-5.714060306549072,8.226524353027344
1789033832427012400,55.06701245117188,-1.191625714302063,-5.85284423828125,9.269794464111328
1789033832436937500,55.0769375,-1.6223337650299072,-6.206982135772705,10.155138969421387
1789033832446862600,55.08686254882812,-0.6843472719192505,-6.891329288482666,9.796216011047363
1789033832456788000,55.0967880859375,-0.5024927258491516,-7.336394309997559,9.66221809387207
1789033832466713000,55.10671313476563,0.40677985548973083,-7.125825881958008,9.322437286376953
1789033832476638200,55.11663818359375,0.5120640397071838,-6.288337707519531,9.796216011047363
1789033832486563300,55.12656323242187,0.8709874153137207,-5.814558982849121,9.174081802368164
1789033832496488400,55.136488525390625,1.0097711086273193,-5.742774486541748,7.652246952056885
1789033832506413800,55.14641381835938,0.02871387079358101,-5.876772403717041,6.192625045776367
1789033832516339000,55.1563388671875,-1.4069796800613403,-5.618347644805908,5.986842155456543
1789033832526264000,55.16626416015625,-2.455035924911499,-5.125426292419434,7.130611419677734
1789033832536189200,55.176189208984376,-2.699103832244873,-4.886143684387207,8.614161491394043
1789033832546114300,55.1861142578125,-2.172683000564575,-4.948357105255127,9.968499183654785
1789033832556039400,55.19603930664063,-1.2442678213119507,-5.278566837310791,10.418350219726562
1789033832565964800,55.20596484375,-0.10049854964017868,-5.245067119598389,10.729416847229004
1789033832575890000,55.215889892578126,0.7034898400306702,-5.412564754486084,10.102497100830078
1789033832585815000,55.22581494140625,0.5216353535652161,-5.929414749145508,9.049654960632324
1789033832595740400,55.23574047851562,-0.1339980661869049,-7.054041385650635,7.676175117492676
1789033832605665500,55.24566552734375,-0.5838487148284912,-7.494320392608643,7.479963779449463
1789033832615590700,55.255590576171876,-2.909672260284424,-6.747759819030762,7.470392227172852
1789033832625516000,55.26551611328125,-3.838087558746338,-5.814558982849121,7.939385414123535
1789033832635441200,55.275441162109374,-3.6610186100006104,-5.422136306762695,8.906085968017578
1789033832645366300,55.2853662109375,-1.794616937637329,-5.575276851654053,10.322636604309082
1789033832655291600,55.29529174804688,-0.20578274130821228,-5.843272686004639,11.619546890258789
1789033832665216800,55.305216796875,0.2727817893028259,-6.26440954208374,11.734402656555176
1789033832675142000,55.315141845703124,-0.6460621356964111,-6.369693756103516,10.360921859741211
1789033832685067300,55.3250673828125,-1.277767300605774,-5.824130535125732,8.839086532592773
1789033832694992400,55.33499243164062,-1.7276179790496826,-5.350351333618164,8.025527000427246
1789033832704917500,55.34491748046875,-2.029113531112671,-4.7952165603637695,7.671389579772949
1789033832714843000,55.3548427734375,-1.8855443000793457,-4.7473602294921875,7.503891944885254
1789033832724768000,55.36476806640625,-1.5601203441619873,-4.823930263519287,7.977670669555664
1789033832734693000,55.37469311523437,-1.550549030303955,-5.144568920135498,8.4562349319458
1789033832744618500,55.384618408203124,-1.852044701576233,-5.383851051330566,8.346165657043457
1789033832754543600,55.39454370117188,-1.459621787071228,-5.225924491882324,7.77188777923584
1789033832764468700,55.40446875,-0.4785645306110382,-4.895715236663818,6.527620315551758
1789033832774393900,55.41439379882812,0.30149564146995544,-4.402793884277344,5.623133182525635
1789033832784319200,55.4243193359375,-0.641276478767395,-4.01037073135376,5.288137912750244
1789033832794244400,55.43424438476563,-1.8616160154342651,-3.84765887260437,4.9531426429748535
1789033832804169500,55.44416943359375,-1.6319050788879395,-3.397808074951172,4.579862594604492
1789033832814094600,55.45409448242187,-0.9810572862625122,-3.091526746749878,4.417150497436523
1789033832824019700,55.464019775390625,-0.7178468108177185,-2.967100143432617,4.53200626373291
1789033832833944800,55.47394482421875,-0.5982056856155396,-3.0628130435943604,4.555934429168701
1789033832843870000,55.48386987304688,-0.6317051649093628,-3.1920254230499268,4.7473602294921875
1789033832853795300,55.49379541015625,-1.0049854516983032,-3.1920254230499268,5.015356063842773
1789033832863720400,55.503720458984375,-1.2538390159606934,-3.043670415878296,5.221138954162598
1789033832873645600,55.5136455078125,-1.3830515146255493,-2.861815929412842,5.383851051330566
1789033832883571000,55.52357104492187,-1.8089739084243774,-2.6368906497955322,5.374279499053955
1789033832893496000,55.53349609375,-2.234896421432495,-2.531606435775757,5.627918720245361
1789033832903421200,55.543421142578126,-2.2301106452941895,-2.455035924911499,5.986842155456543
1789033832913346600,55.5533466796875,-1.8711873292922974,-2.550748825073242,6.5180487632751465
1789033832923271700,55.56327172851562,-1.4644074440002441,-3.019742250442505,6.690331935882568
1789033832933196800,55.57319677734375,-1.129412293434143,-3.555734395980835,6.795616149902344
1789033832943122200,55.5831220703125,-0.9475577473640442,-4.106083869934082,6.814758777618408
1789033832953047300,55.59304736328125,-0.9810572862625122,-4.613361835479736,6.8004021644592285
1789033832962972400,55.602972412109374,-1.5601203441619873,-4.541577339172363,7.389036178588867
1789033832972897500,55.6128974609375,-2.335394859313965,-4.503292083740234,7.915457248687744
1789033832982822700,55.62282275390625,-2.6847469806671143,-4.517649173736572,8.566305160522461
1789033832992748000,55.632748046875,-2.0961127281188965,-4.8191447257995605,8.95394229888916
1789033833002673200,55.642673095703124,-0.4259224236011505,-5.402993679046631,9.059226989746094
1789033833012598300,55.652598388671876,0.1818545162677765,-5.857629776000977,9.006584167480469
1789033833022523400,55.6625234375,-0.44027936458587646,-6.278766632080078,9.241081237792969
1789033833032448500,55.67244848632812,-1.0432707071304321,-6.4941205978393555,9.518648147583008
1789033833042373600,55.68237353515625,-1.3830515146255493,-6.608976364135742,9.67657470703125
1789033833052298800,55.692298828125,-1.6606189012527466,-6.723831653594971,9.590433120727539
1789033833062224100,55.70222412109375,-1.6414763927459717,-6.561119556427002,9.652647018432617
1789033833072149200,55.71214916992187,-0.97148597240448,-6.675975322723389,9.604789733886719
1789033833082074400,55.722074462890625,-0.4977070987224579,-6.63769006729126,9.56650447845459
1789033833091999700,55.73199975585938,-0.062213387340307236,-6.551548480987549,9.767501831054688
1789033833101924900,55.7419248046875,-0.2967100143432617,-6.63769006729126,9.906285285949707
1789033833111850000,55.75185009765625,-0.3445664644241333,-6.853044033050537,9.877572059631348
1789033833121775400,55.761775390625,-1.0911271572113037,-6.599404811859131,10.03549861907959
1789033833131700500,55.77170043945313,-0.6795616149902344,-6.455835342407227,9.848857879638672
1789033833141625600,55.78162548828125,0.02871387079358101,-6.446264266967773,9.41336441040039
1789033833151551000,55.791551025390625,0,-6.350551128387451,8.848658561706543
1789033833161476000,55.80147607421875,-0.4019941985607147,-6.331408500671387,8.35573673248291
1789033833171401200,55.81140112304688,-0.7417750358581543,-6.254838466644287,8.532805442810059
1789033833181326600,55.82132666015625,-0.641276478767395,-6.116054534912109,9.001798629760742
1789033833191251700,55.831251708984375,-0.8470591902732849,-6.206982135772705,9.714859962463379
1789033833201176800,55.8411767578125,-0.7082754969596863,-6.484549522399902,10.265209197998047
1789033833211102200,55.85110229492187,-0.30149564146995544,-6.618547439575195,10.370492935180664
1789033833221027300,55.86102734375,-0.48813581466674805,-6.537191390991211,9.891928672790527
1789033833230952400,55.870952392578126,-0.6221339106559753,-6.192625045776367,9.17886734008789
1789033833240877800,55.8808779296875,-0.7130611538887024,-5.910272121429443,8.288737297058105
1789033833250803000,55.89080297851562,-1.1341979503631592,-5.694917678833008,7.891529083251953
1789033833260728000,55.90072802734375,-1.34476637840271,-5.647061347961426,8.02074146270752
1789033833270653400,55.9106533203125,-1.679761528968811,-5.938985824584961,8.169096946716309
1789033833280578600,55.92057861328125,-1.9669002294540405,-6.235695838928223,8.738588333129883
1789033833290503700,55.93050366210937,-1.8041882514953613,-6.675975322723389,9.298508644104004
1789033833300428800,55.9404287109375,-1.196411371231079,-6.929614543914795,9.590433120727539
1789033833310354000,55.95035400390625,-0.6652047038078308,-6.9583282470703125,9.628718376159668
1789033833320279000,55.96027905273438,-0.22492532432079315,-7.082755088806152,9.28893756866455
1789033833330204200,55.9702041015625,-0.24885354936122894,-6.9104719161987305,8.95394229888916
1789033833340129500,55.980129638671876,-0.25363919138908386,-6.757331371307373,8.374878883361816
1789033833350054700,55.9900546875,-1.0001999139785767,-6.51326322555542,8.441878318786621
1789033833359979800,55.99997973632812,-0.9954141974449158,-6.331408500671387,8.733802795410156
1789033833369905000,56.00990478515625,-0.2105683982372284,-6.427121639251709,8.72901725769043
1789033833379830300,56.019830322265626,-0.2392822653055191,-6.364908218383789,9.17886734008789
1789033833389755400,56.02975537109375,0.17706887423992157,-6.446264266967773,8.973084449768066
1789033833399680500,56.03968041992187,-0.5120640397071838,-6.364908218383789,8.930013656616211
1789033833409606000,56.04960595703125,-1.1150553226470947,-6.3122663497924805,8.85344409942627
1789033833419531000,56.05953100585938,-1.9094724655151367,-6.072983741760254,9.322437286376953
1789033833429456100,56.0694560546875,-1.770688772201538,-5.776273727416992,9.55214786529541
1789033833439381500,56.079381591796874,-1.7276179790496826,-5.661418437957764,9.863214492797852
1789033833449306600,56.089306640625,-1.6558332443237305,-5.862415313720703,10.112068176269531
1789033833459231700,56.09923168945313,-1.526620864868164,-5.824130535125732,9.982855796813965
1789033833469157000,56.1091572265625,-0.6317051649093628,-5.632704734802246,9.375079154968262
1789033833479082200,56.119082275390625,-0.49292147159576416,-5.824130535125732,8.4562349319458
1789033833489007400,56.12900732421875,-0.4211367964744568,-6.3122663497924805,8.398807525634766
1789033833498932700,56.1389326171875,-0.9523434042930603,-6.896114826202393,8.413164138793945
1789033833508857900,56.14885791015625,-2.2301106452941895,-6.455835342407227,8.757730484008789
1789033833518783000,56.158782958984375,-2.3545374870300293,-6.034698486328125,9.250652313232422
1789033833528708400,56.16870825195313,-2.0195422172546387,-5.752345561981201,9.159725189208984
1789033833538633500,56.17863354492187,-1.28255295753479,-5.714060306549072,8.81515884399414
1789033833548558600,56.18855859375,-0.9762716293334961,-5.465207099914551,8.882157325744629
1789033833558484000,56.19848388671875,-1.2299108505249023,-5.254638671875,9.09272575378418
1789033833568409000,56.2084091796875,-1.6366907358169556,-5.168497085571289,8.910871505737305
1789033833578334200,56.21833422851562,-1.6031911373138428,-5.182853698730469,8.60459041595459
1789033833588259300,56.22825927734375,-1.373480200767517,-5.407779216766357,8.657232284545898
1789033833598184400,56.238184326171876,-1.28255295753479,-5.7619171142578125,8.681160926818848
1789033833608109800,56.24810986328125,-0.9906286001205444,-5.953342914581299,8.963513374328613
1789033833618035000,56.25803491210937,-1.2969099283218384,-5.412564754486084,9.18843936920166
1789033833627960000,56.2679599609375,-1.3830515146255493,-4.876572608947754,8.752944946289062
1789033833637885200,56.27788525390625,-1.3304094076156616,-4.398007869720459,8.288737297058105
1789033833647810300,56.28781030273438,-0.8279166221618652,-4.2209391593933105,7.4225358963012695
1789033833657735400,56.2977353515625,-0.8949156403541565,-4.493721008300781,7.188039302825928
1789033833667660800,56.307660888671876,-1.397408366203308,-4.139583110809326,6.939185619354248
1789033833677586000,56.3175859375,-2.076970100402832,-3.5988051891326904,6.350551128387451
1789033833687511000,56.32751098632812,-1.9621145725250244,-3.2446675300598145,5.647061347961426
1789033833697436400,56.3374365234375,-1.0719845294952393,-3.005385160446167,5.632704734802246
1789033833707361500,56.347361572265626,-0.38285163044929504,-3.2590243816375732,5.675775527954102
1789033833717286700,56.35728662109375,-0.014356935396790504,-3.4791641235351562,5.675775527954102
1789033833727212000,56.3672119140625,-0.1579262912273407,-3.531806230545044,5.934200286865234
1789033833737137200,56.37713720703125,-0.698704183101654,-4.091726779937744,5.536991596221924
1789033833747062300,56.38706225585938,-1.2921242713928223,-4.240081787109375,5.125426292419434
1789033833756987600,56.39698754882812,-1.765903115272522,-3.895515203475952,4.972285270690918
1789033833766912800,56.406912841796874,-2.201396942138672,-2.7565317153930664,5.221138954162598
1789033833776838000,56.416837890625,-1.8999011516571045,-2.0578274726867676,4.7473602294921875
1789033833786763300,56.42676318359375,-1.8041882514953613,-1.6558332443237305,5.034498691558838
1789033833796688400,56.4366884765625,-1.6941183805465698,-1.698904037475586,5.5034918785095215
1789033833806613500,56.446613525390624,-0.8949156403541565,-2.3306093215942383,5.225924491882324
1789033833816539000,56.45653881835938,-0.6604190468788147,-2.809173822402954,5.197210788726807
1789033833826464000,56.46646411132812,-1.0719845294952393,-2.8522446155548096,5.340780258178711
1789033833836389000,56.47638916015625,-2.0003998279571533,-2.7804598808288574,5.996413707733154
1789033833846314500,56.486314453125,-2.306680917739868,-2.8283164501190186,6.805187702178955
1789033833856239600,56.49623950195313,-2.0961127281188965,-3.1250264644622803,7.417750358581543
1789033833866164700,56.50616479492187,-1.5984054803848267,-3.6945180892944336,7.5708909034729
1789033833876089900,56.51608984375,-1.196411371231079,-4.2831525802612305,7.5565338134765625
1789033833886015200,56.52601513671875,-0.7082754969596863,-4.742574691772461,7.733603000640869
1789033833895940400,56.5359404296875,-0.03349951654672623,-5.115854740142822,8.078168869018555
1789033833905865500,56.54586547851562,-0.8997012972831726,-5.1876397132873535,8.819944381713867
1789033833915790600,56.55579052734375,-1.6654045581817627,-5.3934221267700195,9.705288887023926
1789033833925715700,56.5657158203125,-1.947757601737976,-5.771488189697266,10.097711563110352
1789033833935640800,56.57564086914063,-1.8807586431503296,-6.226124286651611,10.461421012878418
1789033833945566000,56.58556591796875,-1.2251251935958862,-6.86261510848999,10.695917129516602
1789033833955491300,56.5954912109375,-1.0289137363433838,-7.436892986297607,10.853843688964844
1789033833965416400,56.60541650390625,-1.306481122970581,-7.901100158691406,10.911271095275879
1789033833975341600,56.61534155273438,-1.0863415002822876,-8.169096946716309,10.738987922668457
1789033833985267000,56.62526684570312,-0.9092726111412048,-7.810173034667969,10.179067611694336
1789033833995192000,56.635192138671876,-0.2871387302875519,-7.183253765106201,9.384650230407715
1789033834005117200,56.6451171875,0.11006984114646912,-6.427121639251709,8.901300430297852
1789033834015042600,56.65504248046875,0.12921242415905,-5.862415313720703,8.614161491394043
1789033834024967700,56.6649677734375,-0.4450650215148926,-5.436492919921875,8.60459041595459
1789033834034892800,56.674892822265626,-0.5264210104942322,-5.532206058502197,8.346165657043457
1789033834044818200,56.68481811523438,-0.6221339106559753,-6.001199245452881,7.5565338134765625
1789033834054743300,56.694743408203124,-0.7657032608985901,-6.187839508056641,7.3746795654296875
1789033834064668400,56.70466845703125,-0.6652047038078308,-6.273981094360352,7.345965385437012
1789033834074593500,56.714593505859376,-0.2584248483181,-6.479763507843018,7.523034572601318
1789033834084518700,56.7245185546875,-0.8135597109794617,-6.57547664642334,8.384450912475586
1789033834094444000,56.734444091796874,-1.2538390159606934,-6.656832695007324,9.743574142456055
1789033834104369200,56.744369140625,-0.7465606927871704,-6.647261142730713,10.514062881469727
1789033834114294300,56.75429418945313,-0.41156548261642456,-6.599404811859131,10.53799057006836
1789033834124219400,56.76421948242187,-0.46899324655532837,-6.130411624908447,9.978070259094238
1789033834134144500,56.77414453125,-0.5647061467170715,-5.670989513397217,9.131011009216309
1789033834144069600,56.784069580078125,-0.7896314859390259,-5.474778175354004,8.346165657043457
1789033834153994800,56.79399487304688,-1.3256237506866455,-5.493920803070068,7.939385414123535
1789033834163920100,56.80392016601562,-1.4835500717163086,-5.661418437957764,8.140382766723633
1789033834173845200,56.81384521484375,-1.6558332443237305,-6.025127410888672,8.327022552490234
1789033834183770400,56.823770263671875,-1.6462619304656982,-6.551548480987549,8.461020469665527
1789033834193695700,56.83369580078125,-1.8472590446472168,-6.819544315338135,8.86780071258545
1789033834203620900,56.84362084960937,-1.5984054803848267,-6.920042991638184,9.403793334960938
1789033834213546000,56.8535458984375,-1.3160524368286133,-7.0061845779418945,10.030712127685547
1789033834223471400,56.86347143554688,-0.3445664644241333,-7.058826923370361,10.016355514526367
1789033834233396500,56.873396484375,0.14835500717163086,-6.690331935882568,9.609575271606445
1789033834243321900,56.88332177734375,0.4498506486415863,-6.4941205978393555,8.877371788024902
1789033834253247000,56.8932470703125,-0.09092725813388824,-6.273981094360352,8.437092781066895
1789033834263172000,56.90317211914063,0.12442677468061447,-6.288337707519531,7.992027759552002
1789033834273097500,56.91309741210937,0.397208571434021,-6.3840508460998535,8.0350980758667
1789033834283022600,56.923022705078125,0.02392822690308094,-6.441478729248047,8.451449394226074
1789033834292947700,56.93294775390625,-0.6652047038078308,-6.537191390991211,8.982656478881836
1789033834302873000,56.942873046875,-0.9284151792526245,-6.675975322723389,9.250652313232422
1789033834312798200,56.95279809570312,-1.5074782371520996,-6.786045074462891,9.489934921264648
1789033834322723300,56.962723388671876,-1.7084753513336182,-6.273981094360352,10.126425743103027
1789033834332648700,56.97264868164063,-1.4835500717163086,-5.560919761657715,10.585846900939941
1789033834342573800,56.98257373046875,-1.215553879737854,-5.326423168182373,10.619346618652344
1789033834352499000,56.9924990234375,-0.8279166221618652,-5.575276851654053,10.255638122558594
1789033834362424000,57.002424072265626,-0.698704183101654,-5.795416355133057,10.068997383117676
1789033834372349400,57.01234936523438,-0.5934200286865234,-6.192625045776367,9.714859962463379
1789033834382274600,57.02227465820312,-0.8566305041313171,-6.829115867614746,9.255437850952148
1789033834392199700,57.03219970703125,-0.5838487148284912,-7.264609336853027,8.934800148010254
1789033834402125000,57.042125,-0.6699903607368469,-7.135396957397461,8.70508861541748
1789033834412050200,57.05205029296875,-0.9619147181510925,-6.527620315551758,7.786244869232178
1789033834421975600,57.0619755859375,-1.7084753513336182,-5.948556900024414,7.503891944885254
1789033834431900700,57.071900634765626,-2.5220351219177246,-5.517848968505859,7.144968509674072
1789033834441825800,57.08182568359375,-2.3306093215942383,-5.182853698730469,7.470392227172852
1789033834451751200,57.091751220703124,-1.5601203441619873,-5.053641319274902,7.752745151519775
1789033834461676300,57.10167626953125,-0.38285163044929504,-5.024927616119385,8.566305160522461
1789033834471601400,57.11160131835938,-0.11485548317432404,-5.1876397132873535,9.346364974975586
1789033834481526500,57.12152661132812,-0.5264210104942322,-5.278566837310791,10.380064964294434
1789033834491451600,57.13145166015625,-1.368694543838501,-5.60399055480957,10.820343971252441
1789033834501376800,57.141376708984374,-2.0578274726867676,-6.149554252624512,10.13599681854248
1789033834511302100,57.15130224609375,-1.8616160154342651,-6.020341873168945,8.882157325744629
1789033834521227300,57.16122729492187,-1.5170495510101318,-5.953342914581299,7.824530124664307
1789033834531152400,57.17115234375,-1.2586246728897095,-5.154139995574951,7.393822193145752
1789033834541077500,57.181077392578125,-0.7322037220001221,-4.350151538848877,6.838686943054199
1789033834551002600,57.19100268554688,-0.6891329288482666,-3.9864425659179688,6.719046115875244
1789033834560927700,57.200927734375,-1.124626636505127,-3.3882367610931396,6.881757736206055
1789033834570853000,57.21085302734375,-1.397408366203308,-3.565305709838867,6.613761901855469
1789033834580778200,57.2207783203125,-0.6125625967979431,-3.675375461578369,6.2500529289245605
1789033834590703400,57.23070336914063,-0.5599204897880554,-3.761517286300659,5.857629776000977
1789033834600628700,57.24062866210937,-0.8949156403541565,-3.8045880794525146,5.556134223937988
1789033834610553900,57.250553955078125,-0.7848458290100098,-3.6323046684265137,5.527420520782471
1789033834620479000,57.26047900390625,-0.8709874153137207,-3.761517286300659,5.254638671875
1789033834630404400,57.270404296875,-1.3926228284835815,-3.8524444103240967,4.46979284286499
1789033834640329500,57.28032958984375,-1.2921242713928223,-3.565305709838867,4.4410786628723145
1789033834650254600,57.290254638671875,-1.5744773149490356,-2.7565317153930664,5.680561065673828
1789033834660180000,57.30017993164063,-1.7132610082626343,-2.5746772289276123,5.848058700561523
1789033834670105000,57.31010498046875,-1.129412293434143,-2.8283164501190186,5.8337016105651855
1789033834680030200,57.3200302734375,-1.1341979503631592,-3.077169895172119,5.929414749145508
1789033834689955600,57.32995556640625,-1.430907964706421,-3.421736478805542,5.857629776000977
1789033834699880700,57.33988061523438,-1.191625714302063,-3.3690943717956543,5.876772403717041
1789033834709805800,57.34980590820312,-1.2251251935958862,-3.4983067512512207,5.412564754486084
1789033834719731200,57.359731201171876,-1.3399807214736938,-3.28773832321167,5.158925533294678
1789033834729656300,57.36965625,-2.0003998279571533,-3.0723843574523926,6.3122663497924805
1789033834739581700,57.37958178710937,-2.062613010406494,-3.0628130435943604,7.350750923156738
1789033834749506800,57.3895068359375,-1.674975872039795,-3.627519130706787,7.963313579559326
1789033834759432000,57.399431884765626,-0.8757730722427368,-4.493721008300781,8.159524917602539
1789033834769357000,57.40935717773438,-0.7034898400306702,-5.292923450469971,7.8388872146606445
1789033834779282200,57.4192822265625,-1.153340458869934,-5.536991596221924,7.704888820648193
1789033834789207600,57.42920751953125,-1.430907964706421,-5.584847927093506,7.905886173248291
1789033834799132700,57.439132568359376,-1.2538390159606934,-5.627918720245361,7.9250288009643555
1789033834809057800,57.44905786132812,-0.9284151792526245,-5.675775527954102,7.982456207275391
1789033834818983000,57.45898291015625,-0.48813581466674805,-5.685346603393555,8.178668022155762
1789033834828908000,57.468907958984374,-0.3397808074951172,-5.546562671661377,8.772088050842285
1789033834838833200,57.47883325195313,-0.20578274130821228,-5.465207099914551,9.681360244750977
1789033834848758300,57.48875830078125,-0.641276478767395,-5.536991596221924,10.155138969421387
1789033834858683600,57.49868359375,-0.8805587291717529,-6.03948450088501,10.442277908325195
1789033834868608800,57.50860888671875,-1.4213366508483887,-6.618547439575195,10.619346618652344
1789033834878534000,57.51853393554688,-0.7752745151519775,-6.7621169090271,10.571490287780762
1789033834888459300,57.52845922851562,-0.40677985548973083,-6.51326322555542,9.973284721374512
1789033834898384400,57.53838427734375,-0.10049854964017868,-6.230910301208496,9.533005714416504
1789033834908309500,57.5483095703125,0.10049854964017868,-6.1399827003479,9.17886734008789
1789033834918235000,57.55823486328125,-0.2727817893028259,-6.106483459472656,9.044869422912598
1789033834928160000,57.56815991210937,-1.210768222808838,-5.714060306549072,10.001998901367188
1789033834938085000,57.578085205078125,-1.6175481081008911,-5.742774486541748,10.676774978637695
1789033834948010500,57.58801049804688,-1.0432707071304321,-6.269195556640625,10.576275825500488
1789033834957935600,57.597935546875,0.2584248483181,-7.221538543701172,9.638289451599121
1789033834967860700,57.60786083984375,0.5599204897880554,-7.968099594116211,8.920442581176758
1789033834977786000,57.6177861328125,-0.004785645287483931,-8.126026153564453,9.016156196594238
1789033834987711200,57.62771118164063,-1.210768222808838,-7.140182971954346,10.155138969421387
1789033834997636400,57.63763623046875,-0.760917603969574,-6.474977970123291,10.17428207397461
1789033835007561700,57.647561767578125,0.09092725813388824,-6.4941205978393555,9.56650447845459
1789033835017486800,57.65748681640625,-0.009571290574967861,-6.4701924324035645,9.212367057800293
1789033835027412000,57.66741186523438,-0.2727817893028259,-6.3840508460998535,8.791230201721191
1789033835037337300,57.67733740234375,-0.7992027401924133,-6.230910301208496,8.307880401611328
1789033835047262500,57.687262451171875,-0.9427721500396729,-6.245266914367676,7.9250288009643555
1789033835057187800,57.69718774414063,-1.0432707071304321,-6.38883638381958,7.81974458694458
1789033835067113000,57.70711303710937,-1.0911271572113037,-6.5180487632751465,7.786244869232178
1789033835077038000,57.7170380859375,-1.3878371715545654,-6.522834300994873,7.929814338684082
1789033835086963200,57.726963134765626,-2.0721843242645264,-6.355337142944336,8.528019905090332
1789033835096888300,57.73688842773438,-1.301695466041565,-6.254838466644287,8.628518104553223
1789033835106813400,57.7468134765625,0.14356936514377594,-6.307480335235596,8.111668586730957
1789033835116738600,57.756738525390624,0.8709874153137207,-6.3601226806640625,7.848458290100098
1789033835126664000,57.766663818359376,0.4163511395454407,-6.350551128387451,8.599804878234863
1789033835136589000,57.77658911132813,-0.1818545162677765,-6.245266914367676,9.820143699645996
1789033835146514200,57.78651416015625,-0.8279166221618652,-6.029912948608398,11.035697937011719
1789033835156439300,57.796439208984374,-0.11964113265275955,-6.072983741760254,11.10748291015625
1789033835166364400,57.80636450195313,1.0193424224853516,-6.025127410888672,10.188638687133789
1789033835176289800,57.81628979492187,0.8614161610603333,-5.781059741973877,9.265008926391602
1789033835186215000,57.82621484375,0.4833501875400543,-5.651846885681152,8.896514892578125
1789033835196140000,57.83614013671875,-0.014356935396790504,-5.723631858825684,8.839086532592773
1789033835206065400,57.8460654296875,-0.8374879360198975,-6.106483459472656,8.8438720703125
1789033835215990500,57.85599047851562,-1.521835207939148,-6.393621921539307,8.738588333129883
1789033835225915600,57.86591552734375,-1.435693621635437,-6.106483459472656,8.748159408569336
1789033835235841000,57.87584106445313,-0.43549370765686035,-6.10169792175293,8.336593627929688
1789033835245766100,57.88576611328125,0,-5.828916072845459,7.977670669555664
1789033835255691300,57.89569116210937,0,-5.570491313934326,7.843672752380371
1789033835265616600,57.90561669921875,-0.12921242415905,-5.249852657318115,8.09252643585205
1789033835275541800,57.91554174804688,-0.5886343717575073,-5.197210788726807,9.121439933776855
1789033835285467000,57.925466796875,-1.2203395366668701,-5.402993679046631,9.45164966583252
1789033835295392300,57.935392333984375,-1.4644074440002441,-5.1876397132873535,10.284351348876953
1789033835305317400,57.9453173828125,-1.1868400573730469,-5.029713153839111,11.131410598754883
1789033835315242500,57.95524243164063,-1.5553346872329712,-5.31685209274292,11.385049819946289
1789033835325167900,57.96516796875,-1.9764715433120728,-5.781059741973877,11.030912399291992
1789033835335093000,57.975093017578125,-1.8951154947280884,-6.26440954208374,9.66221809387207
1789033835345018400,57.98501831054688,-1.3543375730514526,-6.51326322555542,8.317451477050781
1789033835354943500,57.99494360351562,-0.6652047038078308,-6.417550563812256,7.527820110321045
1789033835364868600,58.00486865234375,-0.04785645380616188,-6.269195556640625,6.948757171630859
1789033835374793700,58.014793701171875,-0.3732803463935852,-5.737988471984863,6.86261510848999
1789033835384718800,58.02471875,-1.34476637840271,-4.776073932647705,7.269395351409912
1789033835394644000,58.03464404296875,-2.076970100402832,-4.287938117980957,7.848458290100098
1789033835404569300,58.0445693359375,-2.0817556381225586,-4.9531426429748535,8.877371788024902
1789033835414494500,58.054494384765626,0.14356936514377594,-5.044070243835449,8.202595710754395
1789033835424419600,58.06441967773438,-1.3591232299804688,-5.517848968505859,8.652446746826172
1789033835434344700,58.0743447265625,-2.0865414142608643,-5.580062389373779,7.9728851318359375
1789033835444269800,58.084269775390624,-2.2540390491485596,-5.101497650146484,7.101897716522217
1789033835454195000,58.09419482421875,-1.5314065217971802,-4.790431022644043,6.355337142944336
1789033835464120300,58.10412036132813,-0.727418065071106,-4.225724697113037,5.938985824584961
1789033835474045400,58.11404541015625,-0.2871387302875519,-4.01037073135376,5.795416355133057
1789033835483970600,58.123970458984374,-0.37806597352027893,-4.120440483093262,5.986842155456543
1789033835493896000,58.13389599609375,-0.698704183101654,-4.498506546020508,5.675775527954102
1789033835503821000,58.14382104492187,-1.4452649354934692,-4.3788652420043945,5.307280540466309
1789033835513746200,58.15374609375,-1.5840486288070679,-3.8668015003204346,4.718646049499512
1789033835523671600,58.163671630859376,-0.9188438653945923,-3.297309637069702,3.9194436073303223
1789033835533596700,58.1735966796875,-0.46899324655532837,-2.895315408706665,3.4648072719573975
1789033835543521800,58.18352172851562,-1.6175481081008911,-2.7326035499572754,4.555934429168701
1789033835553447200,58.193447265625,-1.765903115272522,-2.2157537937164307,5.589633464813232
1789033835563372300,58.20337231445313,-1.454836130142212,-2.282752752304077,5.31685209274292
1789033835573297400,58.21329736328125,-0.8949156403541565,-2.723032236099243,4.785645484924316
1789033835583222800,58.223222900390624,-0.019142581149935722,-3.129812002182007,5.096712112426758
1789033835593148000,58.23314794921875,-3.5605201721191406,-4.359723091125488,5.240281581878662
1789033835603073000,58.24307299804688,-2.5124638080596924,-4.058227062225342,5.9437713623046875
1789033835612998400,58.25299829101562,-2.6943182945251465,-3.981656789779663,6.738188743591309
1789033835622923500,58.262923583984374,-1.4165509939193726,-3.7328033447265625,7.202396392822266
1789033835632848600,58.2728486328125,-0.6317051649093628,-3.4887354373931885,8.082955360412598
1789033835642774000,58.28277392578125,-1.100698471069336,-3.579662561416626,8.09252643585205
1789033835652699100,58.29269921875,-1.0336993932724,-4.115654945373535,8.063812255859375
1789033835662624300,58.302624267578125,-1.7132610082626343,-4.852644443511963,8.350951194763184
1789033835672549400,58.31254931640625,-2.287538528442383,-5.302495002746582,8.963513374328613
1789033835682474800,58.32247485351562,-2.5842485427856445,-5.91505765914917,9.456435203552246
1789033835692399900,58.33239990234375,-1.9142581224441528,-6.03948450088501,9.772287368774414
1789033835702325000,58.342324951171875,-0.7417750358581543,-6.522834300994873,9.595218658447266
1789033835712250000,58.35225,-0.7465606927871704,-7.637889862060547,9.863214492797852
1789033835722175200,58.36217529296875,-1.4500504732131958,-7.795815944671631,10.222138404846191
1789033835732100400,58.37210034179687,-1.0719845294952393,-6.8865437507629395,9.724431037902832
1789033835742025500,58.382025390625,-0.8183453679084778,-5.536991596221924,9.21715259552002
1789033835751950800,58.39195092773438,-0.7848458290100098,-4.431507587432861,8.709874153137207
1789033835761876000,58.4018759765625,-1.0193424224853516,-3.603590965270996,8.944371223449707
1789033835771801000,58.41180102539062,-1.7994025945663452,-3.5222349166870117,9.705288887023926
1789033835781726200,58.421726318359376,-1.0049854516983032,-3.88594388961792,10.346565246582031
1789033835791651600,58.43165161132813,-0.4450650215148926,-5.259424209594727,10.169496536254883
1789033835801576700,58.44157666015625,0.14835500717163086,-6.173482418060303,9.652647018432617
1789033835811501800,58.451501708984374,0.08614161610603333,-7.518248558044434,9.556933403015137
1789033835821427200,58.46142724609375,-0.5647061467170715,-7.240681171417236,8.724231719970703
1789033835831352300,58.47135229492188,-0.06699903309345245,-8.23130989074707,7.9728851318359375
1789033835841277400,58.48127734375,0.35892340540885925,-9.107083320617676,8.011170387268066
1789033835851202800,58.491202880859376,1.0241280794143677,-9.719645500183105,9.011369705200195
1789033835861128000,58.5011279296875,-3.1202406883239746,-8.102097511291504,10.676774978637695
1789033835871053300,58.51105322265625,-1.7180466651916504,-7.044469833374023,10.346565246582031
1789033835880978400,58.520978515625,-0.41156548261642456,-5.493920803070068,10.461421012878418
1789033835890903600,58.530903564453126,-0.9188438653945923,-5.230710506439209,9.868000984191895
1789033835900829000,58.54082885742187,-0.46420758962631226,-5.661418437957764,7.676175117492676
1789033835910754000,58.550754150390624,-0.550349235534668,-6.0538411140441895,6.642475605010986
1789033835920679200,58.56067919921875,-1.550549030303955,-6.412764549255371,6.977470874786377
1789033835930604500,58.5706044921875,-1.7994025945663452,-7.149754047393799,8.810373306274414
1789033835940529700,58.58052978515625,-1.3495519161224365,-7.9968132972717285,9.762716293334961
1789033835950454800,58.590454833984374,-0.9954141974449158,-8.149953842163086,9.403793334960938
1789033835960380200,58.60038012695313,-0.22492532432079315,-7.575676441192627,8.197810173034668
1789033835970305300,58.61030517578125,0.04307080805301666,-6.111268997192383,6.943971157073975
1789033835980230400,58.62023046875,-0.6891329288482666,-5.292923450469971,7.010970115661621
1789033835990155500,58.630155517578125,-1.3639088869094849,-5.178068161010742,7.901100158691406
1789033836000080600,58.64008056640625,-2.421536445617676,-5.771488189697266,9.403793334960938
1789033836010005800,58.650005859375,-2.7278177738189697,-6.690331935882568,10.877771377563477
1789033836019931000,58.65993090820312,-2.076970100402832,-7.341179847717285,11.696117401123047
1789033836029856300,58.669856201171875,-1.2011969089508057,-7.192824840545654,10.705488204956055
1789033836039781400,58.67978149414063,-0.16271193325519562,-7.231110095977783,9.590433120727539
1789033836049706500,58.68970654296875,0.04785645380616188,-7.743174076080322,8.173882484436035
1789033836059631600,58.69963159179687,0.019142581149935722,-6.403193473815918,7.101897716522217
1789033836069556700,58.709556640625,0.914058268070221,-5.072783946990967,5.962913990020752
1789033836079482000,58.71948217773438,0.35892340540885925,-4.785645484924316,5.312066078186035
1789033836089407200,58.7294072265625,-1.0001999139785767,-5.493920803070068,5.632704734802246
1789033836099332400,58.73933227539062,-4.417150497436523,-5.699703693389893,9.087940216064453
1789033836109257700,58.7492578125,-4.2831525802612305,-5.9198431968688965,12.232109069824219
1789033836119182800,58.75918286132813,-2.3880369663238525,-5.838487148284912,14.534005165100098
1789033836129108000,58.76910791015625,-0.31106695532798767,-5.929414749145508,14.79242992401123
1789033836139033300,58.779033447265626,1.1724830865859985,-6.829115867614746,13.83530044555664
1789033836148958500,58.78895849609375,1.765903115272522,-7.269395351409912,12.241681098937988
1789033836158883600,58.79888354492188,-0.019142581149935722,-7.494320392608643,10.427921295166016
1789033836168809000,58.80880908203125,-1.9716858863830566,-7.326822757720947,9.279366493225098
1789033836178734000,58.818734130859376,-3.517449378967285,-7.0683979988098145,9.250652313232422
1789033836188659500,58.82865942382813,-3.838087558746338,-5.948556900024414,9.4660062789917
1789033836198584600,58.83858447265625,-3.0005996227264404,-4.737788677215576,10.001998901367188
1789033836208509700,58.848509765625,-2.234896421432495,-4.2209391593933105,10.116853713989258
1789033836218435000,58.85843505859375,-0.6699903607368469,-4.517649173736572,10.01156997680664
1789033836228360200,58.86836010742188,0.97148597240448,-5.101497650146484,10.112068176269531
1789033836238285300,58.878285400390624,1.3543375730514526,-5.862415313720703,9.34157943725586
1789033836248210700,58.888210693359376,0.641276478767395,-6.379265308380127,8.360522270202637
1789033836258135800,58.8981357421875,-1.1581261157989502,-6.020341873168945,7.75753116607666
1789033836268061000,58.90806103515625,-2.871387243270874,-4.895715236663818,7.087540626525879
1789033836277986000,58.917986083984374,-3.2159535884857178,-3.7710886001586914,6.393621921539307
1789033836287911200,58.9279111328125,-2.7517459392547607,-3.1489546298980713,6.216553211212158
1789033836297836500,58.93783642578125,-1.0193424224853516,-3.0867412090301514,5.804987907409668
1789033836307761700,58.94776171875,0.6460621356964111,-3.4791641235351562,5.661418437957764
1789033836317686800,58.957686767578124,1.301695466041565,-3.94815731048584,6.120840549468994
1789033836327612000,58.96761181640625,0.760917603969574,-4.264009952545166,7.274180889129639
1789033836337537000,58.977537109375,-0.5982056856155396,-4.555934429168701,8.609375953674316
1789033836347462100,58.98746215820312,-1.196411371231079,-4.9435715675354,8.6907320022583
1789033836357387300,58.99738720703125,-0.6747759580612183,-5.3934221267700195,7.575676441192627
1789033836367312600,59.00731274414063,0.6364908218383789,-4.895715236663818,5.1876397132873535
1789033836377237800,59.01723779296875,1.435693621635437,-4.431507587432861,2.8761727809906006
1789033836387163000,59.02716284179687,0.02871387079358101,-4.622933387756348,1.9956140518188477
1789033836397088300,59.037088134765625,-3.7663028240203857,-3.345165967941284,5.101497650146484
1789033836407013400,59.04701342773438,-4.192225456237793,-0.08614161610603333,7.503891944885254
1789033836416938500,59.0569384765625,-1.277767300605774,-0.4833501875400543,6.364908218383789
1789033836426863900,59.06686376953125,0.2153540402650833,-2.335394859313965,5.819344520568848
1789033836436789000,59.0767890625,1.397408366203308,-4.230510234832764,4.388436794281006
1789033836446714000,59.08671411132813,1.3926228284835815,-5.000999450683594,2.933600664138794
1789033836456639500,59.09663940429687,-1.828116536140442,-3.78544545173645,3.34995174407959
1789033836466564600,59.106564697265625,-4.254438877105713,-1.2346965074539185,5.814558982849121
1789033836476489700,59.11648974609375,-3.8763725757598877,-0.9427721500396729,7.6043901443481445
1789033836486415000,59.1264150390625,-2.579462766647339,-2.258824586868286,8.791230201721191
1789033836496340200,59.13634033203125,-1.4931213855743408,-3.7471601963043213,9.489934921264648
1789033836506265600,59.146265625,-1.2346965074539185,-4.876572608947754,10.164710998535156
1789033836516190700,59.15619067382813,-1.7371892929077148,-5.489135265350342,10.317851066589355
1789033836526115800,59.16611572265625,-1.4261223077774048,-5.647061347961426,9.394221305847168
1789033836536041200,59.176041259765626,-0.9236295223236084,-5.584847927093506,7.216753005981445
1789033836545966300,59.18596630859375,-1.0145567655563354,-5.139782905578613,5.651846885681152
1789033836555891500,59.19589135742188,-1.674975872039795,-4.249652862548828,5.00578498840332
1789033836565816600,59.205816650390624,-2.2683959007263184,-3.16331148147583,4.967499732971191
1789033836575742000,59.215741943359376,-2.124826431274414,-2.407179594039917,5.814558982849121
1789033836585667000,59.2256669921875,-0.8997012972831726,-2.809173822402954,6.915257453918457
1789033836595592200,59.23559228515625,0.49292147159576416,-4.1491546630859375,7.499105930328369
1789033836605517300,59.245517333984374,0.6029912829399109,-5.570491313934326,8.00638484954834
1789033836615442400,59.2554423828125,-0.11006984114646912,-6.618547439575195,8.642875671386719
1789033836625367600,59.26536743164063,-0.7178468108177185,-7.101897716522217,8.767302513122559
1789033836635292700,59.27529272460937,-1.368694543838501,-7.207181930541992,8.207381248474121
1789033836645218000,59.285218017578124,-0.8709874153137207,-6.599404811859131,7.0061845779418945
1789033836655143200,59.29514306640625,-1.0863415002822876,-5.642275810241699,6.245266914367676
1789033836665068300,59.305068359375,-2.062613010406494,-3.9194436073303223,7.460821151733398
1789033836674993400,59.31499340820312,-1.7994025945663452,-2.210968017578125,10.98305606842041
1789033836684918800,59.324918701171875,-0.4019941985607147,-3.081955671310425,13.060026168823242
1789033836694844000,59.33484399414063,1.196411371231079,-5.517848968505859,13.371092796325684
1789033836704769000,59.34476904296875,0.7800601720809937,-7.245467185974121,13.85922908782959
1789033836714694400,59.3546943359375,-0.8183453679084778,-8.609375953674316,13.519448280334473
1789033836724619500,59.36461962890625,-1.8855443000793457,-9.748359680175781,11.834900856018066
1789033836734544600,59.37454467773438,-0.8422735929489136,-7.575676441192627,9.355937004089355
1789033836744470000,59.38446997070312,-0.11964113265275955,-4.125226020812988,7.441678524017334
1789033836754395100,59.39439501953125,0.10049854964017868,-3.0723843574523926,7.17368221282959
1789033836764320300,59.4043203125,0.06699903309345245,-2.833101987838745,7.513463020324707
1789033836774245400,59.41424536132813,-0.004785645287483931,-5.225924491882324,8.188239097595215
1789033836784170800,59.42417065429687,-0.6843472719192505,-8.666803359985352,9.647860527038574
1789033836794095900,59.434095947265625,-1.0336993932724,-11.251051902770996,9.614361763000488
1789033836804021000,59.44402099609375,-1.4787644147872925,-11.973684310913086,9.126225471496582
1789033836813946000,59.45394604492188,-0.8949156403541565,-10.480563163757324,7.8819580078125
1789033836823871200,59.46387133789062,0.04307080805301666,-9.059226989746094,7.1162543296813965
1789033836833796400,59.47379638671875,-0.32542386651039124,-7.652246952056885,7.269395351409912
1789033836843721500,59.483721435546876,-1.2681959867477417,-6.020341873168945,8.049455642700195
1789033836853646800,59.49364672851563,-2.1535403728485107,-5.120640277862549,9.470791816711426
1789033836863572000,59.50357202148437,-2.1918256282806396,-4.800002098083496,10.963912963867188
1789033836873497000,59.5134970703125,-1.8711873292922974,-5.446064472198486,11.992827415466309
1789033836883422500,59.52342236328125,-0.5120640397071838,-6.608976364135742,12.447463035583496
1789033836893347600,59.53334765625,-0.9475577473640442,-7.843672752380371,12.17946720123291
1789033836903272700,59.543272705078124,0.8470591902732849,-7.9968132972717285,10.77248764038086
1789033836913198000,59.553197998046876,1.9573289155960083,-8.183453559875488,8.944371223449707
1789033836923123200,59.56312329101563,0.2967100143432617,-7.302894592285156,8.149953842163086
1789033836933048300,59.57304833984375,0.7704889178276062,-6.695117950439453,6.872186660766602
1789033836942973700,59.5829736328125,0.5742774605751038,-5.91505765914917,5.828916072845459
1789033836952898800,59.59289892578125,0.20578274130821228,-5.053641319274902,5.044070243835449
1789033836962824000,59.60282397460937,-0.11964113265275955,-3.82373046875,4.9292144775390625
1789033836972749000,59.6127490234375,0.2871387302875519,-3.589233875274658,4.689932346343994
1789033836982674200,59.622674072265625,-0.7369893789291382,-5.096712112426758,6.3122663497924805
1789033836992599600,59.632599609375,-1.550549030303955,-4.6372904777526855,7.197610378265381
1789033837002524700,59.64252465820312,-2.8043880462646484,-4.153940200805664,8.915657043457031
1789033837012449800,59.65244970703125,-2.076970100402832,-4.666004180908203,10.164710998535156
1789033837022375000,59.662375,-1.196411371231079,-4.809573650360107,11.490334510803223
1789033837032300000,59.67230004882813,-0.2153540402650833,-4.445864677429199,12.107682228088379
1789033837042225200,59.68222509765625,-0.2632105052471161,-4.555934429168701,12.064611434936523
1789033837052150300,59.692150390625,0.009571290574967861,-5.374279499053955,11.452049255371094
1789033837062075600,59.70207568359375,-0.14835500717163086,-6.369693756103516,10.29870891571045
1789033837072000800,59.71200073242188,-1.0432707071304321,-7.226324558258057,9.097511291503906
1789033837081926000,59.72192578125,-2.4119651317596436,-6.446264266967773,8.23130989074707
1789033837091851300,59.731851318359375,-2.7421748638153076,-4.685146808624268,9.068798065185547
1789033837101776400,59.7417763671875,-2.3258235454559326,-4.426722049713135,9.4660062789917
1789033837111701500,59.75170141601563,-0.7704889178276062,-4.292723655700684,9.66221809387207
1789033837121627000,59.761626953125,0.07178468257188797,-4.986642360687256,10.212567329406738
1789033837131552000,59.771552001953125,0.30149564146995544,-6.374479293823242,11.131410598754883
1789033837141477000,59.78147705078125,-0.32542386651039124,-7.6043901443481445,11.96889877319336
1789033837151402500,59.79140258789062,-1.038485050201416,-7.8819580078125,12.42832088470459
1789033837161327600,59.80132763671875,-2.234896421432495,-7.561319351196289,11.964113235473633
1789033837171252700,59.811252685546876,-2.6081767082214355,-6.920042991638184,10.667202949523926
1789033837181177900,59.821177734375,-2.2061824798583984,-6.652047157287598,9.169296264648438
1789033837191103000,59.83110302734375,-1.4835500717163086,-6.1399827003479,8.054241180419922
1789033837201028400,59.8410283203125,-1.794616937637329,-5.259424209594727,7.561319351196289
1789033837210953500,59.850953369140626,-2.091326951980591,-4.153940200805664,7.432106971740723
1789033837220878600,59.86087866210938,-1.7563318014144897,-3.7950167655944824,7.465606689453125
1789033837230803700,59.8708037109375,-0.24406790733337402,-4.005585193634033,7.350750923156738
1789033837240728800,59.880728759765624,0.8327022790908813,-4.498506546020508,7.149754047393799
1789033837250654000,59.89065405273438,1.2011969089508057,-4.876572608947754,6.661618232727051
1789033837260579000,59.9005791015625,0.06699903309345245,-4.560719966888428,6.321837425231934
1789033837270504400,59.91050439453125,-1.9621145725250244,-3.531806230545044,5.819344520568848
1789033837280429600,59.9204296875,-1.923829436302185,-2.8809585571289062,4.508078098297119
1789033837290354700,59.93035473632813,-0.35892340540885925,-3.2829527854919434,3.78544545173645
1789033837300280000,59.94028002929687,-0.5599204897880554,-2.56510591506958,3.2685956954956055
1789033837310205200,59.950205078125,-1.3878371715545654,-2.392822742462158,3.0388846397399902
1789033837320130300,59.96013037109375,-1.3591232299804688,-2.0482561588287354,3.5605201721191406
1789033837330055700,59.9700556640625,-0.914058268070221,-1.9956140518188477,4.393222332000732
1789033837339980800,59.97998071289062,-0.641276478767395,-2.5220351219177246,5.19242525100708
1789033837349906200,59.98990625,-0.7800601720809937,-2.5986053943634033,5.982056617736816
1789033837359831300,59.99983129882813,-1.435693621635437,-1.5936198234558105,5.613562107086182
1789033837369756400,60.00975634765625,-1.7802600860595703,-2.029113531112671,4.632504463195801
1789033837379681500,60.019681640625,-2.014756679534912,-2.1535403728485107,5.029713153839111
1789033837389606700,60.029606689453125,-1.8376877307891846,-2.5076780319213867,5.656632900238037
1789033837399531800,60.03953173828125,-1.7563318014144897,-2.871387243270874,6.460621356964111
1789033837409457200,60.04945703125,-1.129412293434143,-3.4504501819610596,6.967899322509766
1789033837419382300,60.05938232421875,-0.8614161610603333,-3.9672999382019043,7.594819068908691
1789033837429307400,60.069307373046875,-1.2873386144638062,-4.42193603515625,7.977670669555664
1789033837439232500,60.079232421875,-1.435693621635437,-4.919643402099609,8.283951759338379
1789033837449157600,60.08915771484375,-1.521835207939148,-5.182853698730469,8.34138011932373
1789033837459082800,60.09908276367187,-1.7754744291305542,-5.26899528503418,8.422736167907715
1789033837469008100,60.109008056640626,-1.6175481081008911,-5.412564754486084,8.417949676513672
1789033837478933200,60.11893334960938,-1.0528420209884644,-5.402993679046631,8.748159408569336
1789033837488858400,60.1288583984375,-0.7082754969596863,-5.307280540466309,8.791230201721191
1789033837498783700,60.13878369140625,-0.24885354936122894,-5.163711071014404,8.858229637145996
1789033837508708900,60.148708984375,0.009571290574967861,-5.144568920135498,9.174081802368164
1789033837518634000,60.15863403320313,0.6364908218383789,-5.3216376304626465,9.379864692687988
1789033837528559400,60.168559326171874,1.062413215637207,-5.522634506225586,9.590433120727539
1789033837538484500,60.178484375,-0.5264210104942322,-5.536991596221924,9.987641334533691
1789033837548409600,60.18840966796875,-1.3160524368286133,-5.37906551361084,10.198209762573242
1789033837558335000,60.1983349609375,-2.100898265838623,-5.527420520782471,10.179067611694336
1789033837568260000,60.208260009765624,-2.4837498664855957,-5.838487148284912,10.126425743103027
1789033837578185200,60.218185302734376,-2.0673987865448,-5.733202934265137,9.997213363647461
1789033837588110300,60.2281103515625,-0.35892340540885925,-5.355136871337891,9.504291534423828
1789033837598035500,60.23803540039062,0.46899324655532837,-4.847858905792236,9.016156196594238
1789033837607960600,60.247960693359374,-0.1339980661869049,-4.847858905792236,8.700303077697754
1789033837617886000,60.25788598632813,-0.32542386651039124,-5.412564754486084,8.489734649658203
1789033837627811000,60.26781103515625,-0.15314064919948578,-6.460621356964111,8.609375953674316
1789033837637736200,60.27773608398437,-0.12442677468061447,-7.503891944885254,8.532805442810059
1789033837647661300,60.287661376953125,-0.16749759018421173,-8.059026718139648,8.417949676513672
1789033837657586400,60.29758642578125,-1.0480563640594482,-8.676374435424805,8.116454124450684
1789033837667511600,60.30751147460938,-0.9188438653945923,-8.542376518249512,8.63330364227295
1789033837677437000,60.31743701171875,-0.6317051649093628,-8.461020469665527,9.159725189208984
1789033837687362000,60.327362060546875,-0.5455635786056519,-8.102097511291504,9.743574142456055
1789033837697287400,60.33728735351563,-0.7369893789291382,-7.322037220001221,9.90149974822998
1789033837707212500,60.34721264648437,-0.6508477330207825,-6.058627128601074,9.159725189208984
1789033837717137700,60.3571376953125,-1.5792629718780518,-5.3455657958984375,8.963513374328613
1789033837727063000,60.36706298828125,-1.0336993932724,-5.374279499053955,8.250452041625977
1789033837736988200,60.37698828125,-0.8327022790908813,-6.273981094360352,7.518248558044434
1789033837746913300,60.38691333007812,-1.526620864868164,-5.891129493713379,7.499105930328369
1789033837756838700,60.396838623046875,-2.124826431274414,-5.757131099700928,7.915457248687744
1789033837766763800,60.406763671875,-2.6943182945251465,-6.3361945152282715,8.805587768554688
1789033837776689000,60.41668896484375,-2.7565317153930664,-6.8243303298950195,10.183853149414062
1789033837786614000,60.42661401367187,-1.2394821643829346,-7.063612461090088,10.423135757446289
1789033837796539100,60.4365390625,-0.24885354936122894,-8.470592498779297,9.365508079528809
1789033837806464300,60.44646435546875,1.9669002294540405,-9.877572059631348,9.107083320617676
1789033837816389400,60.45638940429688,0.5359922647476196,-8.537590980529785,8.236095428466797
1789033837826314800,60.466314697265624,-0.4163511395454407,-6.666403770446777,7.11146879196167
1789033837836240000,60.476239990234376,-1.1198409795761108,-5.3694939613342285,7.202396392822266
1789033837846165000,60.4861650390625,-1.3399807214736938,-4.977071285247803,7.786244869232178
1789033837856090000,60.49609008789062,-1.2921242713928223,-5.469992637634277,8.221738815307617
1789033837866015200,60.50601513671875,-0.8231309652328491,-4.73300313949585,7.77188777923584
1789033837875940400,60.5159404296875,0.33020952343940735,-4.359723091125488,7.685746192932129
1789033837885865500,60.52586547851563,-0.25363919138908386,-5.623133182525635,9.078369140625
1789033837895790800,60.53579077148437,-1.2634103298187256,-8.135597229003906,10.628918647766113
1789033837905716000,60.545716064453124,-1.2729816436767578,-9.044869422912598,11.145768165588379
1789033837915641000,60.55564111328125,-1.0049854516983032,-8.154739379882812,10.906485557556152
1789033837925566200,60.56556616210938,-0.6125625967979431,-7.628318786621094,10.628918647766113
1789033837935491300,60.5754912109375,-0.6508477330207825,-8.082955360412598,9.944570541381836
1789033837945416400,60.58541650390625,-0.8805587291717529,-7.566105365753174,10.38485050201416
1789033837955341600,60.595341552734375,-0.8039883971214294,-7.250252723693848,10.41356372833252
1789033837965267000,60.60526684570313,-0.8614161610603333,-6.853044033050537,9.978070259094238
1789033837975192000,60.61519213867187,-0.7752745151519775,-6.001199245452881,9.872786521911621
1789033837985117200,60.6251171875,-1.4835500717163086,-4.737788677215576,9.470791816711426
1789033837995042600,60.63504248046875,-1.94297194480896,-2.857030153274536,9.504291534423828
1789033838004967700,60.6449677734375,-1.397408366203308,-3.594019651412964,8.657232284545898
1789033838014892800,60.65489282226562,0.22492532432079315,-4.680361270904541,8.059026718139648
1789033838024818200,60.664818115234375,0.6508477330207825,-4.938786029815674,7.566105365753174
1789033838034743300,60.67474340820313,0.08614161610603333,-5.197210788726807,7.69531774520874
1789033838044668700,60.68466870117187,-1.0719845294952393,-4.709074974060059,7.982456207275391
1789033838054593800,60.69459375,-1.7563318014144897,-4.42193603515625,8.389236450195312
1789033838064519000,60.704518798828126,-1.789831280708313,-4.627718925476074,9.226723670959473
1789033838074444000,60.71444409179688,-1.6271194219589233,-4.182653903961182,10.1216402053833
1789033838084369200,60.724369140625,-0.38285163044929504,-5.039284706115723,10.317851066589355
1789033838094294300,60.734294189453124,0.6125625967979431,-6.226124286651611,9.556933403015137
1789033838104219600,60.7442197265625,0.05742774158716202,-6.484549522399902,8.925228118896484
1789033838114144800,60.75414477539063,-0.9332008361816406,-6.235695838928223,7.953742504119873
1789033838124070000,60.76406982421875,-1.4644074440002441,-5.173282623291016,7.432106971740723
1789033838133995000,60.7739951171875,-1.430907964706421,-4.244867324829102,7.221538543701172
1789033838143920000,60.783920166015626,-1.0097711086273193,-4.326223373413086,7.29810905456543
1789033838153845200,60.79384521484375,-0.5120640397071838,-4.053441524505615,7.0301127433776855
1789033838163770400,60.80377026367187,0.04307080805301666,-4.015156269073486,6.226124286651611
1789033838173695700,60.81369580078125,0.13878370821475983,-4.139583110809326,5.422136306762695
1789033838183620900,60.82362084960938,-0.1818545162677765,-4.043870449066162,4.948357105255127
1789033838193546000,60.8335458984375,-1.1102696657180786,-3.6993038654327393,5.053641319274902
1789033838203471000,60.84347119140625,-1.1341979503631592,-3.78544545173645,5.082355499267578
1789033838213396200,60.853396240234375,-0.5216353535652161,-3.2542388439178467,5.077569484710693
1789033838223321300,60.8633212890625,-0.22492532432079315,-2.909672260284424,4.603790760040283
1789033838233246500,60.87324658203125,-0.6029912829399109,-2.9766714572906494,4.273581027984619
1789033838243171800,60.883171875,-1.0719845294952393,-2.6177480220794678,4.541577339172363
1789033838253097000,60.893096923828125,-1.0959128141403198,-2.4837498664855957,4.847858905792236
1789033838263022000,60.90302197265625,-1.435693621635437,-2.4023938179016113,5.20678186416626
1789033838272947200,60.912947265625,-1.4069796800613403,-2.5459632873535156,5.431707382202148
1789033838282872600,60.92287255859375,-1.4835500717163086,-2.5603201389312744,5.982056617736816
1789033838292797700,60.932797607421875,-1.191625714302063,-3.0388846397399902,5.828916072845459
1789033838302722800,60.94272290039063,-1.3112667798995972,-3.1585259437561035,5.876772403717041
1789033838312648200,60.95264819335937,-1.612762451171875,-3.273381471633911,6.393621921539307
1789033838322573300,60.9625732421875,-1.7371892929077148,-3.139383316040039,7.164111137390137
1789033838332498400,60.97249853515625,-1.923829436302185,-3.043670415878296,8.365307807922363
1789033838342423800,60.982423828125,-1.6271194219589233,-2.909672260284424,8.61894702911377
1789033838352349000,60.99234887695312,-1.215553879737854,-2.9048867225646973,8.00638484954834
1789033838362274000,61.002274169921876,-0.6652047038078308,-3.081955671310425,7.058826923370361
1789033838372199200,61.01219921875,-0.7896314859390259,-2.8283164501190186,7.125825881958008
1789033838382124500,61.02212451171875,-0.914058268070221,-2.531606435775757,7.700103282928467
1789033838392049700,61.032049560546874,-1.2921242713928223,-3.0245277881622314,8.346165657043457
1789033838401974800,61.041974853515626,-0.08614161610603333,-4.216153621673584,8.752944946289062
1789033838411900000,61.05189990234375,1.3112667798995972,-6.3601226806640625,8.791230201721191
1789033838421825000,61.06182495117187,1.2394821643829346,-7.613961696624756,9.379864692687988
1789033838431750100,61.071750244140624,0.6795616149902344,-8.293522834777832,9.896714210510254
1789033838441675300,61.08167529296875,-0.5790630578994751,-7.987242221832275,10.2747802734375
1789033838451600600,61.0916005859375,-1.2394821643829346,-7.9489569664001465,10.466206550598145
1789033838461525800,61.10152587890625,-1.4883357286453247,-7.283751964569092,10.356136322021484
1789033838471451000,61.111450927734374,-0.5168496966362,-6.455835342407227,10.52363395690918
1789033838481376000,61.1213759765625,0.1818545162677765,-6.666403770446777,10.52363395690918
1789033838491301000,61.13130102539063,0.1579262912273407,-7.288537979125977,10.317851066589355
1789033838501226200,61.14122631835937,-0.2153540402650833,-7.795815944671631,10.863414764404297
1789033838511151400,61.1511513671875,-0.7848458290100098,-8.863015174865723,11.935399055480957
1789033838521076700,61.16107666015625,-0.6125625967979431,-9.834501266479492,12.236894607543945
1789033838531001900,61.171001953125,0.3206382393836975,-10.092926025390625,11.389835357666016
1789033838540927000,61.18092700195312,-0.8087740540504456,-10.490134239196777,11.45683479309082
1789033838550852000,61.19085205078125,-0.6173482537269592,-10.360921859741211,10.71984577178955
1789033838560777200,61.200777099609375,1.0145567655563354,-8.70508861541748,8.896514892578125
1789033838570702300,61.21070239257813,0.19142581522464752,-4.077369689941406,7.475177764892578
1789033838580627500,61.22062744140625,-0.6747759580612183,1.306481122970581,6.3601226806640625
1789033838590552800,61.230552734375,-2.847458839416504,0.5120640397071838,6.757331371307373
1789033838600478000,61.24047802734375,-0.5407779216766357,-4.8813581466674805,9.623932838439941
1789033838610403000,61.25040307617188,0.5647061467170715,-7.81974458694458,10.504491806030273
1789033838620328200,61.260328125,-0.17228323221206665,-7.872386455535889,10.126425743103027
1789033838630253300,61.27025341796875,-1.459621787071228,-6.623332977294922,9.18843936920166
1789033838640178400,61.280178466796876,-1.5409778356552124,-5.307280540466309,8.772088050842285
1789033838650103600,61.290103515625,-1.2299108505249023,-3.8285162448883057,8.432307243347168
1789033838660029000,61.30002880859375,-1.2251251935958862,-3.1250264644622803,8.183453559875488
1789033838669954000,61.3099541015625,-1.5122638940811157,-3.1680972576141357,7.944170951843262
1789033838679879200,61.319879150390626,-1.4452649354934692,-2.8905298709869385,7.269395351409912
1789033838689804500,61.32980444335937,-1.612762451171875,-2.5124638080596924,7.408178806304932
1789033838699729700,61.339729736328124,-1.4644074440002441,-2.139183521270752,8.303094863891602
1789033838709654800,61.34965478515625,-0.9284151792526245,-2.861815929412842,9.714859962463379
1789033838719580200,61.359580078125,0.31106695532798767,-5.197210788726807,10.944770812988281
1789033838729505300,61.36950537109375,0.2967100143432617,-5.795416355133057,10.212567329406738
1789033838739430400,61.379430419921874,0.4785645306110382,-5.9676995277404785,9.55214786529541
1789033838749355800,61.38935571289063,0.698704183101654,-6.900900363922119,9.762716293334961
1789033838759281000,61.39928100585937,-0.5599204897880554,-5.742774486541748,8.307880401611328
1789033838769206000,61.4092060546875,0.35413774847984314,-0.33499518036842346,6.465406894683838
1789033838779131100,61.419131103515625,0.19621145725250244,-0.5742774605751038,5.996413707733154
1789033838789056300,61.42905615234375,0.11006984114646912,-6.3601226806640625,7.89631462097168
1789033838798981600,61.43898168945312,0.8183453679084778,-11.212766647338867,10.604990005493164
1789033838808906800,61.44890673828125,-0.8901300430297852,-12.562318801879883,12.035898208618164
1789033838818832000,61.458831787109375,-1.6462619304656982,-9.643074989318848,11.351551055908203
1789033838828757000,61.46875708007813,-1.1820544004440308,-5.8337016105651855,9.882357597351074
1789033838838682000,61.47868212890625,-0.4498506486415863,-5.594419479370117,9.978070259094238
1789033838848607200,61.48860717773437,0.38763725757598877,-6.216553211212158,10.52363395690918
1789033838858532400,61.498532470703125,0.31106695532798767,-6.7621169090271,10.657631874084473
1789033838868457700,61.50845776367188,0.22013968229293823,-7.144968509674072,10.518848419189453
1789033838878382800,61.5183828125,0.3397808074951172,-7.278966426849365,11.22233772277832
1789033838888308000,61.52830786132812,-0.8662018179893494,-6.704689025878906,11.212766647338867
1789033838898233000,61.538233154296876,-1.3160524368286133,-5.053641319274902,10.466206550598145
1789033838908158200,61.548158203125,-0.9427721500396729,-4.1970109939575195,9.695717811584473
1789033838918083300,61.55808325195313,-1.2969099283218384,-3.82373046875,10.38485050201416
1789033838928008400,61.568008544921874,-11.499905586242676,-14.68235969543457,15.060425758361816
1789033838937933800,61.577933837890626,3.091526746749878,-12.859028816223145,18.735801696777344
1789033838947859000,61.58785888671875,7.551748275756836,-5.010570526123047,14.677574157714844
1789033838957784000,61.5977841796875,4.029513359069824,-1.6845471858978271,8.6907320022583
1789033838967709200,61.607709228515624,1.1102696657180786,-0.5551348328590393,6.364908218383789
1789033838977634300,61.61763427734375,-0.8566305041313171,-1.1150553226470947,5.795416355133057
1789033838987559400,61.62755932617188,-2.0817556381225586,-2.0961127281188965,5.560919761657715
1789033838997484500,61.63748461914062,-2.2157537937164307,-2.8139593601226807,6.666403770446777
1789033839007410000,61.647409912109374,-2.550748825073242,-3.201596736907959,8.350951194763184
1789033839017335000,61.6573349609375,-0.4211367964744568,-2.3545374870300293,9.05444049835205
1789033839027260200,61.66726025390625,3.359523057937622,-1.4644074440002441,8.059026718139648
1789033839037185300,61.67718530273437,4.058227062225342,0.41156548261642456,7.70967435836792
1789033839047110400,61.6871103515625,2.9958138465881348,3.4743785858154297,7.001399040222168
1789033839057035500,61.697035400390625,1.1485549211502075,4.091726779937744,6.69990348815918
1789033839066960600,61.70696069335938,-1.2299108505249023,-0.7417750358581543,6.943971157073975
1789033839076886000,61.71688598632812,-2.2157537937164307,-4.082155227661133,7.8819580078125
1789033839086811100,61.72681103515625,-1.5984054803848267,-8.35573673248291,8.336593627929688
1789033839096736300,61.736736328125,-0.4833501875400543,-9.198010444641113,7.231110095977783
1789033839106661400,61.74666137695313,0.4211367964744568,-9.53779125213623,6.594619274139404
1789033839116586500,61.75658642578125,0.6173482537269592,-10.021141052246094,5.867201328277588
1789033839126511600,61.76651171875,0.16271193325519562,-8.135597229003906,5.838487148284912
1789033839136436700,61.776436767578126,-1.1198409795761108,-4.661218643188477,7.121040344238281
1789033839146362000,61.78636206054688,-1.703689694404602,-3.081955671310425,7.149754047393799
1789033839156287200,61.79628735351562,-0.641276478767395,-2.163111686706543,6.082555294036865
1789033839166212400,61.80621240234375,-2.3736801147460938,-1.5361921787261963,5.66620397567749
1789033839176137500,61.816137451171876,-1.2299108505249023,2.493321180343628,5.350351333618164
1789033839186062600,61.8260625,0.8709874153137207,-6.0777692794799805,1.430907964706421
1789033839195987700,61.83598779296875,-12.126825332641602,-17.54417610168457,3.1824541091918945
1789033839205912800,61.845912841796874,-6.26440954208374,-8.60459041595459,7.264609336853027
1789033839215838200,61.85583813476563,1.0289137363433838,-5.134997367858887,10.6624174118042
1789033839225763300,61.86576342773437,1.1341979503631592,-3.326023578643799,9.504291534423828
1789033839235688400,61.8756884765625,0.885344386100769,-2.038684844970703,5.752345561981201
1789033839245613600,61.885613525390625,1.4404792785644531,-0.9092726111412048,3.9912281036376953
1789033839255538700,61.89553857421875,0.5407779216766357,-0.5264210104942322,3.4887354373931885
1789033839265463800,61.9054638671875,-0.30149564146995544,-1.0097711086273193,3.728017568588257
1789033839275389200,61.91538916015625,-0.7800601720809937,-1.9716858863830566,4.177868366241455
1789033839285314300,61.925314208984375,-1.1485549211502075,-2.770888566970825,4.9052863121032715
1789033839295239400,61.93523950195313,-1.277767300605774,-4.091726779937744,5.469992637634277
1789033839305164800,61.94516479492187,-1.2011969089508057,-5.647061347961426,5.747560024261475
1789033839315090000,61.95508984375,-0.9571290612220764,-6.680760860443115,6.666403770446777
1789033839325015000,61.96501513671875,-0.20099709928035736,-7.264609336853027,7.690532207489014
1789033839334940400,61.9749404296875,0.32542386651039124,-7.680960655212402,8.61894702911377
1789033839344865500,61.98486547851562,0.19621145725250244,-7.590033531188965,9.322437286376953
1789033839354791000,61.994791015625,-4.101297855377197,-8.236095428466797,8.805587768554688
1789033839364716000,62.00471606445313,-3.091526746749878,-5.2737812995910645,12.045469284057617
1789033839374641200,62.01464111328125,2.3306093215942383,0.727418065071106,15.046069145202637
1789033839384566300,62.02456616210937,3.1489546298980713,4.752145767211914,10.676774978637695
1789033839394491400,62.034491455078125,0.11964113265275955,-1.1198409795761108,12.485748291015625
1789033839404416500,62.04441650390625,3.5748770236968994,-2.2444677352905273,12.720245361328125
1789033839414341600,62.05434155273438,4.1970109939575195,-1.5122638940811157,11.83011531829834
1789033839424267000,62.06426708984375,-0.2153540402650833,-1.0480563640594482,11.33240795135498
1789033839434192100,62.074192138671876,-0.851844847202301,-2.478964328765869,11.193624496459961
1789033839444117200,62.0841171875,-2.8666014671325684,-7.188039302825928,13.184453010559082
1789033839454042400,62.09404248046875,-2.713460922241211,-6.130411624908447,10.882556915283203
1789033839463967500,62.103967529296874,-0.4833501875400543,-10.73420238494873,11.0835542678833
1789033839473892600,62.113892578125,-0.45942193269729614,-12.76331615447998,8.82951545715332
1789033839483817700,62.12381762695313,0.7657032608985901,-15.519847869873047,6.920042991638184
1789033839493743000,62.1337431640625,-0.1339980661869049,-17.903099060058594,8.408378601074219
1789033839503668200,62.143668212890624,0.914058268070221,-10.676774978637695,9.035298347473145
1789033839513593300,62.15359326171875,3.029313564300537,-9.097511291503906,13.418949127197266
1789033839523518500,62.1635185546875,-1.856830358505249,-3.4025938510894775,10.600204467773438
1789033839533443600,62.17344360351562,2.1296122074127197,-1.4404792785644531,8.762516975402832
1789033839543368700,62.18336865234375,-2.641676187515259,1.6223337650299072,9.198010444641113
1789033839553293800,62.1932939453125,-1.947757601737976,-4.091726779937744,8.173882484436035
1789033839563219200,62.20321923828125,-0.14356936514377594,-7.977670669555664,12.098111152648926
1789033839573144300,62.21314428710937,-2.1200408935546875,-11.485548973083496,8.102097511291504
1789033839583069400,62.2230693359375,-0.7369893789291382,-2.124826431274414,6.905686378479004
1789033839592994600,62.23299462890625,1.1150553226470947,-1.9908283948898315,9.470791816711426
1789033839602919700,62.24291967773438,-2.895315408706665,-7.393822193145752,7.379465103149414
1789033839612844800,62.2528447265625,-0.7896314859390259,-8.2695951461792,9.09272575378418
1789033839622770000,62.26277001953125,-1.1820544004440308,-8.724231719970703,10.269994735717773
1789033839632695000,62.272695068359376,-0.6508477330207825,-8.24566650390625,9.772287368774414
1789033839642620400,62.28262036132813,-0.9954141974449158,-9.083154678344727,9.523433685302734
1789033839652545500,62.29254565429687,-1.6606189012527466,-7.9585280418396,9.418149948120117
1789033839662470700,62.302470703125,-1.4261223077774048,-6.733402729034424,8.987442016601562
1789033839672395800,62.312395751953126,-0.9284151792526245,-6.503692150115967,8.556734085083008
1789033839682321000,62.32232080078125,-0.550349235534668,-7.168896675109863,8.178668022155762
1789033839692246000,62.33224609375,-1.0719845294952393,-7.427321434020996,8.810373306274414
1789033839702171100,62.342171142578124,-0.5264210104942322,-7.408178806304932,10.26042366027832
1789033839712096500,62.352096435546876,-2.210968017578125,-7.408178806304932,11.514262199401855
1789033839722021600,62.36202172851562,-1.5601203441619873,-7.130611419677734,10.322636604309082
1789033839731946800,62.37194677734375,-0.37806597352027893,-8.279166221618652,11.26062297821045
1789033839741871900,62.381871826171874,0.3397808074951172,-7.288537979125977,11.203195571899414
1789033839751797000,62.391796875,-0.9475577473640442,-8.819944381713867,11.389835357666016
1789033839761722000,62.40172216796875,-0.9954141974449158,-8.422736167907715,10.576275825500488
1789033839771647200,62.41164721679687,-0.33020952343940735,-5.8337016105651855,9.868000984191895
1789033839781572600,62.421572509765625,-1.7850457429885864,-5.058426856994629,6.857829570770264
1789033839791497700,62.43149780273438,-2.091326951980591,-4.158725738525391,5.446064472198486
1789033839801422800,62.4414228515625,-1.6414763927459717,-2.6847469806671143,6.293123722076416
1789033839811348000,62.45134790039062,-0.97148597240448,-0.11006984114646912,7.527820110321045
1789033839821273000,62.461273193359375,1.765903115272522,2.043470621109009,8.891729354858398
1789033839831198200,62.4711982421875,-0.8805587291717529,2.2636101245880127,8.030312538146973
1789033839841123300,62.48112329101563,-2.6081767082214355,1.3543375730514526,7.872386455535889
1789033839851048700,62.49104858398437,-1.6462619304656982,-0.9906286001205444,8.858229637145996
1789033839860973800,62.500973876953125,1.0863415002822876,-2.7326035499572754,10.231709480285645
1789033839870899000,62.51089892578125,3.8333017826080322,-3.871587038040161,11.270195007324219
1789033839880824000,62.52082397460938,3.5222349166870117,-3.0723843574523926,10.088140487670898
1789033839890749200,62.53074926757812,2.4358935356140137,-0.97148597240448,8.207381248474121
1789033839900674300,62.54067431640625,0.1052841991186142,0.25363919138908386,7.058826923370361
1789033839910599400,62.550599365234376,-1.0432707071304321,0.019142581149935722,8.532805442810059
1789033839920524800,62.56052490234375,1.124626636505127,-5.465207099914551,10.638489723205566
1789033839930450000,62.570449951171874,1.4213366508483887,-11.940184593200684,13.256237030029297
1789033839940375000,62.580375,-3.0388846397399902,-11.236695289611816,12.294322967529297
1789033839950300200,62.59030004882813,-3.9385859966278076,-7.5326056480407715,10.98305606842041
1789033839960225300,62.60022534179687,-1.6319050788879395,-5.398207664489746,10.820343971252441
1789033839970150400,62.610150390625,-0.5551348328590393,-4.752145767211914,10.313065528869629
1789033839980075500,62.620075439453124,1.062413215637207,-3.397808074951172,9.824930191040039
1789033839990001000,62.6300009765625,0.8614161610603333,-2.6368906497955322,9.06401252746582
1789033839999926000,62.63992602539062,0.7513462901115417,-2.1774685382843018,8.819944381713867
1789033840009851100,62.64985107421875,-0.16749759018421173,-3.1345977783203125,9.05444049835205
1789033840019776300,62.6597763671875,-1.1724830865859985,-3.431307554244995,9.375079154968262
1789033840029701400,62.66970141601563,-0.5886343717575073,-4.445864677429199,10.375279426574707
1789033840039626500,62.67962646484375,-0.550349235534668,-6.843472957611084,8.882157325744629
1789033840049551600,62.68955151367187,3.713660717010498,-8.250452041625977,9.322437286376953
1789033840059477000,62.69947705078125,6.345765590667725,-7.441678524017334,9.638289451599121
1789033840069402000,62.70940209960938,2.0195422172546387,-8.623732566833496,8.70508861541748
1789033840079327200,62.7193271484375,-5.575276851654053,-5.675775527954102,7.403393268585205
1789033840089252400,62.72925244140625,-8.709874153137207,-6.240481376647949,6.297909259796143
1789033840099177500,62.739177490234376,-4.153940200805664,-5.828916072845459,6.752545356750488
1789033840109102600,62.7491025390625,-3.6466617584228516,-4.756931304931641,8.398807525634766
1789033840119027700,62.75902783203125,-3.2542388439178467,-4.201796531677246,7.762316703796387
1789033840128953000,62.768953125,-1.5840486288070679,-4.321437835693359,7.03489875793457
1789033840138878200,62.778878173828126,-1.435693621635437,-3.2303106784820557,7.546962738037109
1789033840148803300,62.78880322265625,-1.7754744291305542,-2.589034080505371,8.288737297058105
1789033840158728400,62.798728515625,-1.1581261157989502,-2.5076780319213867,8.958727836608887
1789033840168653600,62.808653564453124,-0.6269195079803467,-2.5076780319213867,9.523433685302734
1789033840178578700,62.81857861328125,-0.5407779216766357,-1.6079767942428589,10.212567329406738
1789033840188503800,62.82850390625,-0.30149564146995544,-1.6175481081008911,8.709874153137207
1789033840198429200,62.83842919921875,0.6173482537269592,-2.1104695796966553,7.609176158905029
1789033840208354300,62.848354248046874,-0.20099709928035736,-2.68953275680542,9.485149383544922
1789033840218279400,62.85827954101563,0.3924229145050049,-3.0245277881622314,11.23190975189209
1789033840228204500,62.86820458984375,1.5122638940811157,-2.4981069564819336,12.246466636657715
1789033840238129700,62.87812963867187,1.0480563640594482,-2.699103832244873,11.576476097106934
1789033840248054800,62.8880546875,1.7994025945663452,-1.852044701576233,10.475777626037598
1789033840257980000,62.89797998046875,1.7084753513336182,-1.0480563640594482,9.824930191040039
1789033840267905300,62.9079052734375,0.9236295223236084,-3.507878065109253,9.236295700073242
1789033840277830400,62.91783032226562,0.9667003750801086,-4.106083869934082,9.049654960632324
1789033840287755500,62.927755615234375,-0.19142581522464752,-4.125226020812988,9.523433685302734
1789033840297680600,62.9376806640625,-1.6079767942428589,-3.6466617584228516,7.618747234344482
1789033840307605800,62.94760571289063,-1.2442678213119507,-4.9052863121032715,8.537590980529785
1789033840317531000,62.95753076171875,-1.8711873292922974,-1.828116536140442,10.231709480285645
1789033840327456000,62.9674560546875,-2.3736801147460938,-0.1818545162677765,9.087940216064453
1789033840337381400,62.97738134765625,-0.33020952343940735,-3.2781670093536377,7.585247993469238
1789033840347306500,62.98730639648438,-1.9286150932312012,-4.398007869720459,5.283352375030518
1789033840357231600,62.99723168945312,-2.445464849472046,-5.2737812995910645,7.283751964569092
1789033840367156700,63.00715673828125,-0.8087740540504456,-5.3934221267700195,9.772287368774414
1789033840377081900,63.017081787109376,-2.7565317153930664,-3.90987229347229,10.241280555725098
1789033840387007000,63.02700708007813,-3.0963125228881836,-5.139782905578613,9.954142570495605
1789033840396932000,63.03693212890625,-2.407179594039917,-5.359922885894775,9.107083320617676
1789033840406857200,63.046857177734374,-3.3068809509277344,-5.718846321105957,9.030512809753418
1789033840416782000,63.056781982421874,-3.5365917682647705,-5.2115678787231445,10.284351348876953
1789033840426707200,63.06670727539063,-1.5792629718780518,-7.661818027496338,8.566305160522461
1789033840436632300,63.07663232421875,-2.9862427711486816,-8.437092781066895,7.661818027496338
1789033840446557400,63.08655737304687,-4.000799655914307,-6.058627128601074,9.791430473327637
1789033840456482600,63.096482666015625,-3.239881753921509,-7.130611419677734,11.375478744506836
1789033840466407700,63.10640771484375,-3.201596736907959,-7.652246952056885,8.446663856506348
1789033840476332800,63.11633276367188,-3.656233072280884,-8.74337387084961,8.910871505737305
1789033840486258200,63.12625805664062,-4.2831525802612305,-9.154939651489258,9.954142570495605
1789033840496183300,63.136183349609375,-2.1583259105682373,-9.91107177734375,9.657432556152344
1789033840506108400,63.1461083984375,-3.273381471633911,-10.557133674621582,8.288737297058105
1789033840516033500,63.15603344726563,-6.144768714904785,-12.423535346984863,8.676374435424805
1789033840525958700,63.16595874023437,-4.508078098297119,-11.389835357666016,8.46580696105957
1789033840535883800,63.1758837890625,-2.1774685382843018,-11.863615036010742,7.733603000640869
1789033840545809000,63.185808837890626,-0.7848458290100098,-9.839286804199219,6.4701924324035645
1789033840555734300,63.195734375,-1.057627558708191,-14.184652328491211,1.2251251935958862
1789033840565659400,63.20565942382812,-4.1347975730896,-10.451848983764648,7.432106971740723
1789033840575584500,63.21558447265625,-5.254638671875,-8.63330364227295,7.259823799133301
1789033840585509600,63.225509521484376,-4.977071285247803,-9.265008926391602,4.776073932647705
1789033840595434800,63.23543481445312,-2.809173822402954,-9.06401252746582,4.704289436340332
1789033840605359900,63.24535986328125,-7.704888820648193,-7.427321434020996,5.623133182525635
1789033840615285000,63.255284912109374,-1.1341979503631592,-8.963513374328613,4.024727821350098
1789033840625210400,63.26521044921875,-6.943971157073975,-6.03948450088501,8.944371223449707
1789033840635135500,63.27513549804687,-10.131211280822754,-7.221538543701172,9.595218658447266
1789033840645060600,63.285060546875,-1.8472590446472168,-2.4885356426239014,8.700303077697754
1789033840654985700,63.29498583984375,-2.7278177738189697,-10.059426307678223,1.0432707071304321
1789033840664910800,63.30491088867188,31.75754165649414,-16.85982894897461,2.589034080505371
1789033840674836000,63.3148359375,-18.338592529296875,-11.026126861572266,10.351350784301758
1789033840684761000,63.32476098632812,-12.624532699584961,-3.7663028240203857,8.350951194763184
1789033840694686500,63.3346865234375,-2.297109842300415,-9.494720458984375,6.068198204040527
1789033840704611600,63.34461157226563,17.29532241821289,-14.883357048034668,8.504091262817383
1789033840714536700,63.35453662109375,-10.810772895812988,-9.442078590393066,8.307880401611328
1789033840724461800,63.3644619140625,-24.100509643554688,-3.1106693744659424,9.154939651489258
1789033840734387000,63.374386962890625,-6.393621921539307,-8.97787094116211,6.340980052947998
1789033840744312000,63.38431201171875,-2.359323024749756,-7.1162543296813965,11.988041877746582
1789033840754237200,63.3942373046875,11.44247817993164,-6.350551128387451,11.552547454833984
1789033840764162600,63.40416259765625,3.7423746585845947,-6.652047157287598,10.394421577453613
1789033840774087700,63.414087646484376,0.2727817893028259,-7.231110095977783,6.8482584953308105
1789033840784012800,63.4240126953125,-0.38763725757598877,-6.589833736419678,7.901100158691406
1789033840793938000,63.43393798828125,-1.5122638940811157,-7.8819580078125,11.198410034179688
1789033840803863000,63.443863037109374,-2.139183521270752,-8.073383331298828,12.088540077209473
1789033840813788200,63.4537880859375,-1.9046868085861206,-5.781059741973877,12.65324592590332
1789033840823713300,63.46371337890625,-1.3304094076156616,-2.9862427711486816,12.5144624710083
1789033840833638700,63.473638671875,-1.7371892929077148,-1.1054840087890625,12.16511058807373
1789033840843563800,63.483563720703124,-1.8664016723632812,-0.3397808074951172,11.045269012451172
1789033840853489000,63.493489013671876,-1.7324036359786987,-1.1772687435150146,10.155138969421387
1789033840863414000,63.5034140625,-0.397208571434021,-1.6701902151107788,8.513663291931152
1789033840873339100,63.51333911132812,2.0099709033966064,-1.856830358505249,6.809973239898682
1789033840883264300,63.52326416015625,4.565505504608154,-1.674975872039795,5.886343479156494
1789033840893189400,63.533189453125,5.54177713394165,-1.4452649354934692,5.436492919921875
1789033840903114800,63.54311474609375,11.49512004852295,-1.94297194480896,4.761716842651367
1789033840913040000,63.55303979492187,12.820743560791016,-3.28773832321167,3.809373617172241
1789033840922965000,63.562965087890625,12.169896125793457,-5.79063081741333,2.770888566970825
1789033840932890000,63.57289013671875,11.667403221130371,-8.685946464538574,1.7371892929077148
1789033840942815200,63.58281518554688,12.294322967529297,-11.011770248413086,0.8039883971214294
1789033840952740400,63.592740234375,13.12702465057373,-11.796615600585938,0.4450650215148926
1789033840962665500,63.60266552734375,13.11266803741455,-11.590832710266113,0.1866401731967926
1789033840972590800,63.6125908203125,11.839686393737793,-11.35633659362793,0.11964113265275955
1789033840982516000,63.62251586914063,10.959127426147461,-10.930414199829102,0.30628129839897156
1789033840992441000,63.63244116210937,8.791230201721191,-12.40439224243164,1.9334007501602173
1789033841002366200,63.6423662109375,9.140582084655762,-10.62413215637207,2.3880369663238525
1789033841012291300,63.652291259765626,8.81515884399414,-11.657832145690918,2.2540390491485596
1789033841022216400,63.66221655273438,7.365108013153076,-13.557733535766602,1.5074782371520996
1789033841032141600,63.6721416015625,6.479763507843018,-12.476177215576172,0.38285163044929504
1789033841042067000,63.68206689453125,5.814558982849121,-11.418549537658691,-0.6604190468788147
1789033841051992000,63.691991943359376,5.101497650146484,-10.17428207397461,-1.6271194219589233
1789033841061917200,63.70191723632813,5.465207099914551,-8.566305160522461,-2.5603201389312744
1789033841071842300,63.71184228515625,6.608976364135742,-6.929614543914795,-3.9912281036376953
1789033841081767400,63.721767333984374,10.470992088317871,-4.704289436340332,-5.675775527954102
1789033841091692500,63.73169262695313,11.763115882873535,-5.087141036987305,-5.651846885681152
1789033841101617700,63.74161767578125,12.399606704711914,-3.2542388439178467,-5.800201892852783
1789033841111542800,63.75154272460937,12.323036193847656,-4.048655986785889,-5.168497085571289
1789033841121467600,63.76146752929687,12.126825332641602,-4.326223373413086,-4.292723655700684
1789033841131392800,63.771392822265625,10.992627143859863,-3.0723843574523926,-3.641875982284546
1789033841141318000,63.78131787109375,8.752944946289062,-0.1579262912273407,-3.177668571472168
1789033841151243000,63.79124291992188,3.3547372817993164,2.6608188152313232,-3.603590965270996
1789033841161168100,63.80116821289062,2.407179594039917,3.3403804302215576,-4.249652862548828
1789033841171093200,63.81109326171875,2.770888566970825,2.7086751461029053,-4.1491546630859375
1789033841181018600,63.8210185546875,3.641875982284546,1.612762451171875,-3.4504501819610596
1789033841190943700,63.83094384765625,3.799802303314209,1.210768222808838,-2.076970100402832
1789033841200868900,63.84086889648437,5.4173502922058105,1.8711873292922974,-1.0528420209884644
1789033841210794000,63.8507939453125,9.609575271606445,-0.13878370821475983,-0.6269195079803467
1789033841220719000,63.860718994140626,14.586647033691406,-1.6558332443237305,0.4546363055706024
1789033841230644200,63.87064428710938,18.47737693786621,-1.0528420209884644,1.4165509939193726
1789033841240569300,63.8805693359375,21.04726791381836,-2.053041934967041,1.1437692642211914
1789033841250494700,63.89049462890625,19.372291564941406,-1.94297194480896,1.6701902151107788
1789033841260419800,63.900419921875,16.835899353027344,-0.5024927258491516,0.5790630578994751
1789033841270345000,63.91034497070312,13.648660659790039,-0.5264210104942322,-1.0289137363433838
1789033841280270000,63.92027001953125,10.456634521484375,-1.4979069232940674,-1.5122638940811157
1789033841290195200,63.9301953125,8.164310455322266,-1.0767701864242554,-1.0336993932724
1789033841300120300,63.94012036132813,7.188039302825928,-0.5216353535652161,-0.97148597240448
1789033841310045400,63.95004541015625,7.4464640617370605,-0.7704889178276062,-0.6221339106559753
1789033841319970800,63.959970703125,8.657232284545898,-0.062213387340307236,-0.9284151792526245
1789033841329896000,63.96989599609375,8.58066177368164,1.2681959867477417,-0.9379864931106567
1789033841339821000,63.97982104492188,7.853243827819824,2.2157537937164307,0.641276478767395
1789033841349746200,63.98974609375,7.8819580078125,1.856830358505249,1.6223337650299072
1789033841359671300,63.99967138671875,6.695117950439453,-1.2586246728897095,1.2059825658798218
1789033841369596400,64.00959643554687,6.675975322723389,6.197410583496094,0.08614161610603333
1789033841379521500,64.019521484375,10.73420238494873,8.504091262817383,-1.2921242713928223
1789033841389446700,64.02944677734375,12.619746208190918,9.159725189208984,-2.4119651317596436
1789033841399371800,64.03937182617187,11.35633659362793,6.723831653594971,-2.4837498664855957
1789033841409297000,64.049296875,9.174081802368164,3.996013879776001,-0.6939185857772827
1789033841419222000,64.05922192382812,8.642875671386719,3.3547372817993164,-0.6795616149902344
1789033841429147100,64.06914721679688,7.628318786621094,3.436093330383301,-0.885344386100769
1789033841439072300,64.079072265625,7.489534854888916,3.862015724182129,-1.2873386144638062
1789033841448997400,64.08899731445312,8.169096946716309,3.8333017826080322,-1.4691931009292603
1789033841458922200,64.09892211914062,9.308079719543457,3.4983067512512207,-2.2444677352905273
1789033841468847600,64.10884765625,10.48534870147705,2.6321048736572266,-2.9766714572906494
1789033841478772700,64.11877270507813,10.222138404846191,1.5074782371520996,-3.1585259437561035
1789033841488697900,64.12869775390625,9.274580955505371,1.0767701864242554,-3.16331148147583
1789033841498623000,64.138623046875,9.260223388671875,1.1724830865859985,-3.115455150604248
1789033841508548000,64.14854809570312,8.451449394226074,1.4021940231323242,-2.4981069564819336
1789033841518473200,64.15847314453126,7.786244869232178,3.115455150604248,-1.698904037475586
1789033841528398300,64.1683984375,8.652446746826172,3.775874137878418,-0.7226324677467346
1789033841538323700,64.17832373046875,8.221738815307617,2.4263222217559814,1.3782658576965332
1789033841548248800,64.18824877929687,7.700103282928467,2.8139593601226807,1.521835207939148
1789033841558174000,64.19817407226563,6.948757171630859,3.751945972442627,1.4979069232940674
1789033841568099000,64.20809912109375,6.498906135559082,3.431307554244995,0.8470591902732849
1789033841578024200,64.21802416992188,6.915257453918457,2.9383862018585205,0.14835500717163086
1789033841587949300,64.22794921875,7.714460372924805,2.9001009464263916,-0.2871387302875519
1789033841597874400,64.23787451171874,8.13081169128418,2.991028308868408,-0.1579262912273407
1789033841607799800,64.2477998046875,8.365307807922363,3.1250264644622803,0.03349951654672623
1789033841617725000,64.25772485351563,8.676374435424805,3.321237802505493,0.09571290761232376
1789033841627650000,64.26765014648437,8.97787094116211,3.383451223373413,-0.07178468257188797
1789033841637575200,64.2775751953125,9.241081237792969,3.5126636028289795,-0.062213387340307236
1789033841647500300,64.28750024414063,9.375079154968262,3.5844483375549316,0.062213387340307236
1789033841657425400,64.29742529296875,9.504291534423828,3.5365917682647705,0.20578274130821228
1789033841667350500,64.3073505859375,9.748359680175781,3.680161237716675,0.32542386651039124
1789033841677276000,64.31727587890624,10.02592658996582,3.7232320308685303,0.3206382393836975
1789033841687201000,64.32720092773438,10.370492935180664,3.689732551574707,0.35413774847984314
1789033841697126100,64.33712622070313,10.73420238494873,3.5270206928253174,0.4307080805301666
1789033841707051300,64.34705126953125,11.073983192443848,3.4121651649475098,0.37806597352027893
1789033841716976400,64.35697631835937,11.251051902770996,3.2063822746276855,0.2919243574142456
1789033841726901500,64.36690161132813,11.10748291015625,3.1250264644622803,0.2153540402650833
1789033841736826600,64.37682666015625,10.595418930053711,3.0388846397399902,0.12921242415905
1789033841746752000,64.386751953125,10.15035343170166,2.799602508544922,-0.15314064919948578
1789033841756677000,64.39667700195312,9.791430473327637,2.5459632873535156,-0.4259224236011505
1789033841766602200,64.40660229492188,9.317651748657227,2.4263222217559814,-0.5216353535652161
1789033841776527400,64.41652734375,8.973084449768066,2.4263222217559814,-0.45942193269729614
1789033841786452500,64.42645239257813,8.772088050842285,2.445464849472046,-0.2105683982372284
1789033841796377600,64.43637768554687,8.499305725097656,2.4406790733337402,0.009571290574967861
1789033841806302700,64.446302734375,8.2695951461792,2.478964328765869,0.1052841991186142
1789033841816228000,64.45622802734376,8.427521705627441,2.493321180343628,-0.02871387079358101
1789033841826153200,64.4661533203125,8.95394229888916,2.3880369663238525,-0.16749759018421173
1789033841836078300,64.47607836914062,9.681360244750977,2.2157537937164307,-0.25363919138908386
1789033841846003500,64.48600341796875,10.327422142028809,2.1678972244262695,-0.2679961323738098
1789033841855928600,64.49592846679687,10.451848983764648,2.392822742462158,-0.24406790733337402
1789033841865853700,64.50585375976563,9.667003631591797,3.7423746585845947,-0.11485548317432404
1789033841875778800,64.51577880859375,9.42772102355957,2.3497519493103027,-0.09092725813388824
1789033841885704200,64.5257041015625,9.882357597351074,1.2586246728897095,-0.5168496966362
1789033841895629300,64.53562939453126,10.547562599182129,1.4739787578582764,-0.794417142868042
1789033841905554400,64.54555444335938,10.547562599182129,1.4739787578582764,-0.794417142868042
1789033841916675600,64.55667553710937,10.50927734375,1.6917256116867065,-0.6029912829399109
1789033841926600700,64.5666005859375,10.576275825500488,1.8496519327163696,-0.27756741642951965
1789033841936525000,64.57652514648437,11.117053985595703,2.313859462738037,-0.31106695532798767
1789033841946449700,64.58644970703125,11.117053985595703,2.282752752304077,0.0933200865983963
1789033841956374800,64.59637475585937,10.863414764404297,2.210968017578125,0.46420758962631226
1789033841966300000,64.6062998046875,10.545169830322266,2.251646041870117,0.882951557636261
1789033841976225000,64.61622509765625,10.152746200561523,2.280359983444214,1.1102696657180786
1789033841986150100,64.62615014648438,9.504291534423828,2.280359983444214,1.2299108505249023
1789033841996075300,64.6360751953125,8.898907661437988,2.359323024749756,1.1509476900100708
1789033842006000400,64.64600048828125,8.432307243347168,2.56510591506958,0.5670989751815796
1789033842015925800,64.65592578125,7.968099594116211,2.555534601211548,0.1459621787071228
1789033842025851000,64.66585083007813,7.886743545532227,2.4263222217559814,-0.062213387340307236
1789033842035776000,64.67577587890625,8.240880966186523,2.3018953800201416,-0.12203395366668701
1789033842045701000,64.685701171875,8.681160926818848,2.179861545562744,0.02632104977965355
1789033842055626200,64.69562622070312,8.980263710021973,2.122433662414551,0.22492532432079315
1789033842065550600,64.70555053710937,9.080761909484863,2.091326951980591,0.32542386651039124
1789033842075475700,64.71547583007812,9.107083320617676,2.0673987865448,0.3732803463935852
1789033842085400800,64.72540087890626,9.097511291503906,2.076970100402832,0.4498506486415863
1789033842095326200,64.735326171875,9.107083320617676,2.1272194385528564,0.4977070987224579
1789033842105251300,64.74525122070312,9.176474571228027,2.0506489276885986,0.4618147611618042
1789033842115176400,64.75517651367187,9.221938133239746,1.9932212829589844,0.28953152894973755
1789033842125101600,64.7651015625,9.367900848388672,1.94297194480896,0.0023928226437419653
1789033842135026700,64.77502661132813,9.600004196166992,1.856830358505249,-0.2273181527853012
1789033842144951800,64.78495190429688,9.877572059631348,1.7802600860595703,-0.28953152894973755
1789033842154877000,64.794876953125,10.214960098266602,1.7084753513336182,-0.2727817893028259
1789033842164802000,64.80480200195312,10.561919212341309,1.730010747909546,-0.24646073579788208
1789033842174727200,64.81472705078124,10.77966594696045,1.6223337650299072,-0.1818545162677765
1789033842184652300,64.82465234375,10.810772895812988,1.521835207939148,-0.25363919138908386
1789033842194577700,64.83457763671875,10.573883056640625,1.7539390325546265,-0.882951557636261
1789033842204502500,64.84450244140625,9.750752449035645,1.428515076637268,-0.3278166949748993
1789033842214427600,64.854427734375,9.695717811584473,1.397408366203308,-0.10289137065410614
1789033842224353000,64.86435302734375,9.779465675354004,1.4117653369903564,0.038285162299871445
1789033842234278100,64.87427807617188,9.7005033493042,1.277767300605774,0.23210379481315613
1789033842244203300,64.88420336914062,9.860821723937988,1.2634103298187256,0.11006984114646912
1789033842254128400,64.89412841796874,10.258030891418457,1.337587833404541,-0.26081767678260803
1789033842264053500,64.90405346679688,10.521241188049316,1.2251251935958862,-0.37088751792907715
1789033842273978600,64.913978515625,10.817951202392578,1.00259268283844,-0.32542386651039124
1789033842283903700,64.92390380859375,10.861021995544434,0.8805587291717529,-0.2560320198535919
1789033842293828900,64.93382885742187,10.717453002929688,0.9451649188995361,-0.26560330390930176
1789033842303754000,64.94375390625,10.53081226348877,1.1389836072921753,-0.2153540402650833
1789033842313679000,64.95367919921875,10.29870891571045,1.2681959867477417,-0.13160525262355804
1789033842323604200,64.96360424804688,9.9469633102417,1.4165509939193726,0
1789033842333529300,64.973529296875,9.535398483276367,1.545763373374939,0.06939185410737991
1789033842343454500,64.98345434570312,9.245866775512695,1.612762451171875,0.064606212079525
1789033842353379600,64.99337963867187,9.116654396057129,1.612762451171875,0.05742774158716202
1789033842363304700,65.0033046875,9.06401252746582,1.5960127115249634,0.07657032459974289
1789033842373229800,65.01322973632813,9.176474571228027,1.6773686408996582,0.038285162299871445
1789033842383155000,65.02315502929687,9.497113227844238,1.7491533756256104,-0.062213387340307236
1789033842393080000,65.033080078125,9.693324089050293,1.7635103464126587,-0.04546362906694412
1789033842403005200,65.04300512695312,9.757930755615234,1.7012969255447388,-0.11485548317432404
1789033842412930600,65.0529306640625,9.858428955078125,1.6845471858978271,-0.18424734473228455
1789033842422855700,65.06285571289062,10.179067611694336,1.8759729862213135,-0.6580262184143066
1789033842432780500,65.07278051757812,10.04985523223877,1.7922241687774658,-0.23210379481315613
1789033842442706000,65.08270581054687,10.231709480285645,1.8640087842941284,0.0023928226437419653
1789033842452631000,65.09263110351563,9.994820594787598,1.9621145725250244,0.2727817893028259
1789033842462556200,65.10255615234375,9.34157943725586,2.0650060176849365,0.48574298620224
1789033842472481300,65.11248120117187,8.676374435424805,2.1918256282806396,0.5407779216766357
1789033842482406400,65.12240649414062,8.257631301879883,2.258824586868286,0.4546363055706024
1789033842492331500,65.13233154296876,8.032705307006836,2.3569302558898926,0.32542386651039124
1789033842502256600,65.14225659179688,7.944170951843262,2.4741785526275635,0.1579262912273407
1789033842512181800,65.152181640625,8.090133666992188,2.548356056213379,0.04785645380616188
1789033842522107000,65.16210693359375,8.389236450195312,2.4813570976257324,0.02392822690308094
1789033842532032000,65.17203198242187,8.520841598510742,2.306680917739868,0.08135596662759781
1789033842541957000,65.18195703125,8.726624488830566,2.1583259105682373,0.2273181527853012
1789033842551882200,65.19188232421875,9.052047729492188,2.139183521270752,0.3852444589138031
1789033842561807400,65.20180737304688,9.489934921264648,2.2157537937164307,0.40677985548973083
1789033842571732500,65.211732421875,9.865608215332031,2.2444677352905273,0.39481574296951294
1789033842581657600,65.22165771484374,10.133604049682617,2.148754835128784,0.37806597352027893
1789033842591583000,65.2315830078125,10.140782356262207,2.0338993072509766,0.2727817893028259
1789033842601507800,65.2415078125,9.91825008392334,1.9621145725250244,0.2871387302875519
1789033842611433000,65.25143286132813,9.712467193603516,1.9621145725250244,0.4163511395454407
1789033842621358300,65.2613583984375,9.719645500183105,1.9812572002410889,0.5934200286865234
1789033842631283500,65.27128344726563,10.016355514526367,2.012363910675049,0.7776673436164856
1789033842641208600,65.28120849609375,10.442277908325195,1.9357935190200806,0.9020941257476807
1789033842651133700,65.2911337890625,10.671989440917969,1.9286150932312012,1.0121639966964722
1789033842661058800,65.30105883789062,10.870593070983887,1.8376877307891846,1.007378339767456
1789033842670984000,65.31098388671874,10.837093353271484,1.6271194219589233,0.9068797826766968
1789033842680909000,65.32090893554688,10.454241752624512,1.5290136337280273,0.607776939868927
1789033842690834200,65.33083422851563,10.073782920837402,1.6055840253829956,0.2632105052471161
1789033842700759300,65.34075927734375,9.772287368774414,1.648654818534851,0.09092725813388824
1789033842710684400,65.35068432617187,9.664610862731934,1.6773686408996582,0.04785645380616188
1789033842720609500,65.36060961914062,9.963713645935059,1.7467604875564575,-0.009571290574967861
1789033842730534700,65.37053466796876,10.470992088317871,1.7180466651916504,0.16510476171970367
1789033842740459800,65.38045971679688,10.604990005493164,1.698904037475586,0.5838487148284912
1789033842750385000,65.39038500976562,10.447063446044922,1.7682958841323853,0.8973084688186646
1789033842760310300,65.40031030273437,10.214960098266602,1.954936146736145,1.0193424224853516
1789033842770235100,65.41023510742187,9.942177772521973,2.029113531112671,0.914058268070221
1789033842780160300,65.42016015625,9.913464546203613,2.007578134536743,0.8422735929489136
1789033842790085600,65.43008569335937,10.040284156799316,1.8711873292922974,0.8350951075553894
1789033842800010800,65.4400107421875,10.040284156799316,1.8089739084243774,0.7657032608985901
1789033842809936000,65.44993579101562,9.990034103393555,1.8185452222824097,0.5790630578994751
1789033842819861000,65.45986108398438,9.930213928222656,1.8137595653533936,0.4785645306110382
1789033842829786000,65.4697861328125,9.781859397888184,1.8089739084243774,0.42352959513664246
1789033842839711200,65.47971118164062,9.518648147583008,1.8305093050003052,0.4618147611618042
1789033842849636400,65.48963623046875,9.190832138061523,2.0099709033966064,0.5599204897880554
1789033842859561500,65.4995615234375,8.889336585998535,2.251646041870117,0.6484549641609192
1789033842869486600,65.50948657226563,8.870193481445312,2.462214469909668,0.7010970115661621
1789033842879411700,65.51941162109375,9.126225471496582,2.589034080505371,0.7704889178276062
1789033842889336800,65.5293369140625,9.44447135925293,2.5387847423553467,0.8638089895248413
1789033842899262000,65.53926196289062,9.561718940734863,2.3330020904541016,0.7824530005455017
1789033842909187300,65.54918725585938,9.430113792419434,2.060220241546631,0.4570291340351105
1789033842919112400,65.55911254882812,9.432506561279297,1.9645073413848877,0.04307080805301666
1789033842929037300,65.56903735351563,9.66939640045166,1.9070796966552734,-0.23210379481315613
1789033842938962700,65.57896264648437,9.868000984191895,1.7682958841323853,-0.23449662327766418
1789033842948887800,65.5888876953125,9.69093132019043,1.7539390325546265,-0.3206382393836975
1789033842958813000,65.59881298828125,9.087940216064453,1.9836499691009521,-0.41874396800994873
1789033842968738000,65.60873803710938,8.846264839172363,2.7086751461029053,-0.2632105052471161
1789033842978663200,65.6186630859375,7.2813591957092285,2.857030153274536,-0.9092726111412048
1789033842988588300,65.62858837890624,8.444271087646484,2.837887763977051,-0.9786644577980042
1789033842998513400,65.63851342773438,8.606983184814453,2.2636101245880127,-0.4713860750198364
1789033843008438500,65.6484384765625,8.69791030883789,2.3473589420318604,0.09092725813388824
1789033843018363600,65.65836376953125,8.810373306274414,2.6177480220794678,0.14117653667926788
1789033843028288800,65.66828881835937,8.48734188079834,2.6560330390930176,-0.33499518036842346
1789033843038214000,65.6782138671875,7.992027759552002,2.4981069564819336,-0.7800601720809937
1789033843048139000,65.68813891601563,7.401000499725342,2.311466693878174,-0.7704889178276062
1789033843058064400,65.698064453125,7.080362319946289,2.2133610248565674,-0.729810893535614
