time,seconds_elapsed,z,y,x
1789454203152372500,0.07137255859375,8.769865988606213,4.055158895884454,-1.6779507483661174
1789454203162312700,0.081312744140625,8.7374764616549,4.108541818764806,-1.7166167252384126
1789454203172252700,0.091252685546875,8.706096404007077,4.155407614836096,-1.7626279503069817
1789454203182192600,0.101192626953125,8.677572320312262,4.196420593225955,-1.8055961544178425
1789454203192132600,0.111132568359375,8.6525647203058,4.23229445516169,-1.841519116192311
1789454203202072600,0.121072509765625,8.628483002972603,4.265658087842167,-1.8771869341619312
1789454203212012500,0.131012451171875,8.60224966056347,4.298635351553559,-1.921825994094461
1789454203221952800,0.140952880859375,8.574404791304469,4.328798142366111,-1.977745303584635
1789454203231892500,0.150892578125,8.541181151616573,4.361398681719601,-2.0486109839245676
1789454203241833700,0.160833740234375,8.511123867005109,4.401277103121578,-2.088040346384793
1789454203251773700,0.170773681640625,8.500674953705072,4.445145763203501,-2.037054693904519
1789454203261713700,0.180713623046875,8.503397072145342,4.498791136412322,-1.9035490175172685
1789454203271653600,0.190653564453125,8.50830354888737,4.562359060959517,-1.7216354301832615
1789454203281593600,0.200593505859375,8.498150403663516,4.639614150075614,-1.557499783863127
1789454203291533800,0.210533935546875,8.469851360896229,4.727982461619377,-1.4415909928344188
1789454203301473500,0.2204736328125,8.44172767469585,4.810869126881658,-1.3278401104919613
1789454203311413500,0.23041357421875,8.419682431626319,4.8802457377076145,-1.2093519704945386
1789454203321353700,0.240353759765625,8.399159868079423,4.935244571352005,-1.1259904542621224
1789454203331293700,0.250293701171875,8.38385182431042,4.971776020413637,-1.0783576924063265
1789454203341233700,0.260233642578125,8.377818389365077,4.989478265842795,-1.0429059283401816
1789454203351173600,0.270173583984375,8.378363163766265,4.99551111626625,-1.009099081936851
1789454203361113600,0.280113525390625,8.381231412678957,4.995822666433453,-0.9834113176465034
1789454203371053600,0.290053466796875,8.384671323999761,4.995376676231622,-0.9559700607523322
1789454203380993500,0.29999365234375,8.384818623515963,5.001345229247212,-0.9228988351471722
1789454203390933800,0.309933837890625,8.37982622205615,5.016967161270975,-0.8825746427390724
1789454203400873700,0.319873779296875,8.369611117511987,5.040843126899004,-0.842554182517901
1789454203410813700,0.329813720703125,8.354805178046226,5.069634337097406,-0.816348897159472
1789454203420753700,0.339753662109375,8.338799215140938,5.097866744369268,-0.8040967338297516
1789454203430693600,0.349693603515625,8.325413663867115,5.12236931746304,-0.7868976156171411
1789454203440634600,0.359634521484375,8.31430774796307,5.146275093707442,-0.7473405351240188
1789454203450574600,0.36957470703125,8.302841182053088,5.17527965439558,-0.6705933224648237
1789454203460514600,0.3795146484375,8.287820138531924,5.212642878106236,-0.557478765264526
1789454203470454800,0.389454833984375,8.266409101712703,5.259611550030112,-0.41635048504434524
1789454203480394500,0.39939453125,8.23838244614601,5.313097056502103,-0.26540565287722273
1789454203490334700,0.409334716796875,8.207955159178375,5.365176203307509,-0.12138630912434309
1789454203500274700,0.419274658203125,8.179517584723234,5.409793343669175,0.0026742943890596506
1789454203510214700,0.429214599609375,8.158475381216407,5.440317661270499,0.11229744126428849
1789454203520154600,0.439154541015625,8.147197615876793,5.454010086536407,0.2175420596739277
1789454203530094600,0.449094482421875,8.144894599631428,5.452189885371923,0.32357367287594824
1789454203540034600,0.45903466796875,8.149120108371973,5.438271250134706,0.43293943546935915
1789454203549974800,0.468974853515625,8.159002035439014,5.4130900471270085,0.5472841555191204
1789454203559914500,0.47891455078125,8.170895886850357,5.38246402271688,0.660246554365009
1789454203569854700,0.488854736328125,8.179312417539954,5.357352377814054,0.7536666694056242
1789454203579794700,0.498794677734375,8.18538209284246,5.337987167608738,0.8220722432423383
1789454203589734700,0.508734619140625,8.191699020904302,5.3210722731649875,0.8675519917827099
1789454203599675600,0.518675537109375,8.20149619229734,5.301020249739289,0.8972340864062309
1789454203609615600,0.52861572265625,8.215624086371063,5.274903227186202,0.9215744546756148
1789454203619555600,0.5385556640625,8.235148286530375,5.2392713573127985,0.9501355824451893
1789454203629495600,0.54849560546875,8.25670019312501,5.197500838553905,0.9915990080162882
1789454203639435500,0.558435546875,8.279147587254643,5.150798708611727,1.0465982069868593
1789454203649375500,0.56837548828125,8.303750113591551,5.09855355758965,1.1058366509623825
1789454203659315700,0.578315673828125,8.331059560799599,5.04111025340259,1.1623415783207862
1789454203669255400,0.58825537109375,8.362459492191672,4.97744062204659,1.210264336099103
1789454203679195400,0.5981953125,8.399562019139529,4.906276251021027,1.2434621837586164
1789454203689135600,0.608135498046875,8.442947571879625,4.827373394697904,1.2583658845104277
1789454203699075600,0.61807568359375,8.492050333222746,4.740567802426218,1.2579657792769372
1789454203709015600,0.628015625,8.544297237810492,4.64713753131777,1.252791737639904
1789454203718955500,0.63795556640625,8.59693226493299,4.547429202853143,1.258583326653391
1789454203728895500,0.6478955078125,8.646249545809626,4.443458540768921,1.2916776408731936
1789454203738835500,0.65783544921875,8.691059578394889,4.3360278013587,1.3545200276248157
1789454203748775400,0.667775390625,8.736909475421905,4.215379852978885,1.4378345629103482
1789454203758716700,0.677716552734375,8.789669005706905,4.071997510221601,1.526743264941126
1789454203768656400,0.687656494140625,8.85057267948091,3.9034403941974043,1.6127299420453607
1789454203778596400,0.697596435546875,8.917764055222273,3.710899468256533,1.69502024884969
1789454203788536600,0.70753662109375,8.987168430837988,3.497766128402948,1.7795568732760845
1789454203798476500,0.7174765625,9.050903528645634,3.267244431374967,1.8912012848585842
1789454203808416500,0.72741650390625,9.105781366258858,3.0265736807763575,2.0236065987884997
1789454203818356500,0.7373564453125,9.15701120275855,2.7637627023011446,2.1635953535847365
1789454203828296400,0.74729638671875,9.195872556072473,2.4565043870732186,2.3604871682114896
1789454203838236700,0.757236572265625,9.203069774100184,2.1118492381259797,2.6483918175414205
1789454203848176400,0.76717626953125,9.173283707645535,1.7428905457884072,2.997261953835189
1789454203858116600,0.77711669921875,9.111628923243284,1.3519069225169718,3.3646623108148574
1789454203868056600,0.787056640625,9.003794571468234,0.9024406420733779,3.7799037386387586
1789454203877996500,0.79699658203125,8.851082382568716,0.40708723786491896,4.202737813548744
1789454203887937500,0.8069375,8.668954714092612,-0.09145110738943331,4.58380224648267
1789454203897877500,0.81687744140625,8.447948156645893,-0.5768162472127005,4.9466994468241925
1789454203907817700,0.826817626953125,8.187082467019557,-1.0383614167783408,5.297534161189199
1789454203917757400,0.83675732421875,7.898492904165387,-1.4651539469905197,5.6247243805944915
1789454203927697400,0.846697509765625,7.59976890078783,-1.8493081626333294,5.9155696134209625
1789454203937637600,0.8566376953125,7.299844873970747,-2.1982047485426066,6.168512693354487
1789454203947577600,0.86657763671875,7.0005252427875995,-2.535965461800992,6.382155444034933
1789454203957517600,0.876517578125,6.71422642121911,-2.8770053428605196,6.543117574885487
1789454203967457500,0.88645751953125,6.448460684591532,-3.216126238556206,6.65163698631525
1789454203977397500,0.8963974609375,6.187918235570192,-3.5575074803993103,6.724893361184001
1789454203987337500,0.90633740234375,5.950465570235252,-3.928729733754694,6.732564626464248
1789454203997277400,0.91627734375,5.73520953913927,-4.339593384885788,6.666759152123332
1789454204007217400,0.926217529296875,5.508251379811764,-4.7932013682439925,6.546355241632461
1789454204017158400,0.936158447265625,5.2191322401255364,-5.29169361846745,6.397579223138093
1789454204027098400,0.946098388671875,4.811540742532909,-5.846781323876977,6.231742764249444
1789454204037038600,0.95603857421875,4.306218354028463,-6.42884296092987,6.024686406221986
1789454204046978600,0.965978515625,3.7955060891792174,-6.967640041273832,5.763375895437598
1789454204056918500,0.97591845703125,3.4213577192440625,-7.400448105448484,5.449594608181715
1789454204066858500,0.9858583984375,3.20738149882555,-7.712590393325686,5.138001186358928
1789454204076798500,0.995798583984375,3.1588331564947962,-7.909889327448606,4.860638535439968
1789454204086738700,1.00573876953125,3.230636117684841,-8.027336141699552,4.614678738522529
1789454204096678400,1.015678466796875,3.3913799296095966,-8.090198548325896,4.3837920075744385
1789454204106618400,1.025618408203125,3.6245875047206875,-8.102493381753563,4.169213729609549
1789454204116558600,1.03555859375,3.908765388612449,-8.069110167589784,3.9725793968752026
1789454204126498600,1.04549853515625,4.149023759017885,-8.044830297335983,3.7731525108128783
1789454204136439600,1.055439453125,4.2923359591484065,-8.049946617436408,3.5978590722709893
1789454204146379500,1.065379638671875,4.359081052426993,-8.078715031281114,3.450097199255228
1789454204156319700,1.07531982421875,4.375568369108438,-8.113696912813186,3.3455496140658854
1789454204166259500,1.085259521484375,4.372345023147761,-8.137538391649722,3.291422302559018
1789454204176199400,1.095199462890625,4.363093210677802,-8.14418148292601,3.2872660596624015
1789454204186139600,1.1051396484375,4.355517514726519,-8.139132967364787,3.309740341798961
1789454204196079600,1.11507958984375,4.356848471069336,-8.12155990127325,3.3508979893565174
1789454204206019300,1.125019287109375,4.346151720488071,-8.10397105309069,3.4069065845653412
1789454204215959600,1.13495947265625,4.315819710588455,-8.099178558117151,3.4565003442957996
1789454204225899500,1.1448994140625,4.278322923626005,-8.104054639720916,3.4915108674004673
1789454204235839500,1.154839599609375,4.229673751269281,-8.111911198440193,3.5322979280799625
1789454204245780500,1.164780517578125,4.163488337700069,-8.125434112358093,3.57953343424648
1789454204255720700,1.174720703125,4.093942215526104,-8.142904302597046,3.619825697146356
1789454204265660400,1.184660400390625,4.030934262949228,-8.156631799176335,3.6594127343863248
1789454204275600400,1.194600341796875,3.994587230543792,-8.147533131441474,3.719055009922385
1789454204285540600,1.20454052734375,4.113239328931272,-8.020630506581067,3.862788358074426
1789454204295480600,1.21448046875,4.378208362223208,-7.7416522371590135,4.131402469870448
1789454204305420300,1.224420166015625,4.307897100895643,-7.647913046231865,4.3728520958870645
1789454204315360500,1.234360595703125,4.116004409730434,-7.7003920060098165,4.464623493872582
1789454204325300500,1.244300537109375,3.9860464889526366,-7.735772531470656,4.521023426486551
1789454204335240700,1.25424072265625,3.877399651750922,-7.7454726722300045,4.5982419829845425
1789454204345180400,1.264180419921875,3.8127053535223006,-7.740239447751641,4.660725327165425
1789454204355120400,1.274120361328125,3.774785372711718,-7.731131427666544,4.7064843310385935
1789454204365061600,1.2840615234375,3.74364526129961,-7.720866638761758,4.7480222100853915
1789454204375001300,1.29400146484375,3.7258556298479437,-7.697153170219063,4.800230536228418
1789454204384941600,1.303941650390625,3.713508481711149,-7.653270189350843,4.879313425293565
1789454204394881500,1.313881591796875,3.692385029661655,-7.598131070452928,4.980470199000835
1789454204404821500,1.323821533203125,3.6542601739287375,-7.535131885704398,5.102798940074443
1789454204414761500,1.333761474609375,3.5891146248012777,-7.4587570865541695,5.258858685836196
1789454204424701400,1.343701416015625,3.4886230370044706,-7.378553084504604,5.436619391274452
1789454204434641700,1.3536416015625,3.3527897944524883,-7.3066323421537875,5.616252904847264
1789454204444581600,1.36358154296875,3.187082514901459,-7.2670467662185425,5.76219633026421
1789454204454521300,1.373521240234375,2.986289893443882,-7.263104166072607,5.873651210623979
1789454204464462600,1.383462646484375,2.742362186875939,-7.269993341064453,5.983061433413624
1789454204474402300,1.39340234375,2.448133741351962,-7.270516488155722,6.10873305517435
1789454204484342500,1.403342529296875,2.1781939339101313,-7.225103813502192,6.262887259575725
1789454204494282500,1.413282470703125,2.0511575996674596,-7.0871145619601,6.460335246780514
1789454204504222700,1.42322265625,1.9800505117870866,-6.862509687760472,6.719802175524831
1789454204514162400,1.433162353515625,1.9206347384832798,-6.610749680131674,6.984234617722034
1789454204524102400,1.443102294921875,1.8742786454997955,-6.369258553060889,7.217340193763375
1789454204534042600,1.453042724609375,1.7964193068802357,-6.05457476400733,7.50235949691534
1789454204543982600,1.462982666015625,1.689576011969149,-5.741105611440539,7.768875759649276
1789454204553922300,1.47292236328125,1.5778540051057934,-5.527830525028706,7.945051826244592
1789454204563863600,1.482863525390625,1.519707521085441,-5.414958763608336,8.033623843666911
1789454204573803500,1.492803466796875,1.5479852288037537,-5.381500730642676,8.050688960236311
1789454204583743500,1.502743408203125,1.63818397064507,-5.414004823884367,8.01094731695652
1789454204593683500,1.512683349609375,1.72324228085801,-5.461964844933152,7.9603885115861885
1789454204603623700,1.522623779296875,1.768798747896403,-5.492608404999971,7.929249861478805
1789454204613563600,1.532563720703125,1.7912421965032814,-5.518563514989614,7.906155401617288
1789454204623503400,1.54250341796875,1.8084730250284076,-5.554467772063613,7.877036859160661
1789454204633443600,1.552443603515625,1.822144699767232,-5.604434456759691,7.838398793208599
1789454204643383000,1.562383056640625,1.8239993877232075,-5.671680777558684,7.7894450849473476
1789454204653323000,1.572322998046875,1.8016982701964674,-5.772330186265707,7.720393176031112
1789454204663263000,1.582262939453125,1.6650995962299406,-5.939747192344069,7.623467171761393
1789454204673204000,1.592203857421875,1.4881091445118189,-6.144189568480849,7.496991247880459
1789454204683144200,1.602144287109375,1.46404364766106,-6.316238910534977,7.357451259765028
1789454204693084000,1.612083984375,1.4975221388928592,-6.445191453662514,7.237908350017666
1789454204703023900,1.62202392578125,1.5133365247488022,-6.545116055226326,7.144345684701204
1789454204712964000,1.631964111328125,1.5252236541584132,-6.628676381966471,7.0643263915687795
1789454204722904000,1.641904052734375,1.5395321654960512,-6.705334089711308,6.988470063334703
1789454204732844000,1.651843994140625,1.5233344794109462,-6.807534819513559,6.892553528368473
1789454204742784000,1.661783935546875,1.4574926185823975,-6.9611980255275965,6.751875476133823
1789454204752724000,1.671723876953125,1.3811051060810684,-7.161159456858038,6.555968288630247
1789454204762665000,1.6816650390625,1.3214474868454038,-7.3813365777432915,6.319811508324742
1789454204772605000,1.69160498046875,1.2683064098969101,-7.578710330668091,6.093021691301464
1789454204782545200,1.701545166015625,1.222722470329702,-7.755095656099915,5.876549854674935
1789454204792485000,1.711485107421875,1.2234269653372465,-7.89962336950004,5.680632145777344
1789454204802424800,1.7214248046875,1.2291861133858561,-7.981568662258982,5.563637751469016
1789454204812365000,1.731364990234375,1.0236688745591789,-8.01728587232828,5.553882665652036
1789454204822305000,1.741304931640625,0.8764076445419341,-8.06933754660487,5.503461807447672
1789454204832245000,1.751244873046875,0.7312608493953943,-8.2115470461905,5.310947769513726
1789454204842185000,1.76118505859375,0.5510047469448298,-8.416942193007468,5.002186940768361
1789454204852125000,1.771125,0.3555255025297403,-8.60897750751376,4.682892735309898
1789454204862066000,1.78106591796875,0.1342822685166262,-8.753689345309137,4.418741448141634
1789454204872006000,1.791005859375,-0.06652460979516618,-8.860686661738157,4.2016915193662046
1789454204881946000,1.800946044921875,-0.2058540695656091,-8.944924449348449,4.014518257938325
1789454204891886000,1.810885986328125,-0.28795681790858507,-9.018611032328009,3.840849205727875
1789454204901825800,1.82082568359375,-0.3246744006594643,-9.080200934800505,3.689837683266401
1789454204911766000,1.83076611328125,-0.3365417659226805,-9.119175685361027,3.5913489597246047
1789454204921706000,1.8407060546875,-0.34937443255409595,-9.134025463968515,3.5521687497198577
1789454204931646200,1.850646240234375,-0.33864801748692985,-9.138318192726373,3.5421538439229128
1789454204941587000,1.8605869140625,-0.25193443261394277,-9.106278209865092,3.630788405187428
1789454204951527200,1.870527099609375,-0.11821863887365906,-9.01025236930549,3.869337341326475
1789454204961467100,1.880467041015625,-0.018869375812658108,-8.997684564155339,3.9002190940633414
1789454204971406800,1.89040673828125,0.032028621217049656,-9.095251788938045,3.6668417153432964
1789454204981347000,1.90034716796875,0.04207512316207867,-9.23438904147148,3.3007068482547997
1789454204991287000,1.910287109375,0.000976578816161782,-9.407698028197885,2.76868525339514
1789454205001227000,1.92022705078125,-0.1363457221187651,-9.539842645364999,2.267858715005219
1789454205011167000,1.9301669921875,-0.31231545248702164,-9.602063246956467,1.9680479393042623
1789454205021107000,1.94010693359375,-0.34691366846375166,-9.612923079144954,1.908337420837581
1789454205031048000,1.9500478515625,-0.3764179223023355,-9.601129180976749,1.9613868739798663
1789454205040988000,1.95998779296875,-0.400868363350071,-9.599504210123419,1.9644865935608744
1789454205050928000,1.96992822265625,-0.4119684705678373,-9.604880642464757,1.9357000595375895
1789454205060868000,1.9798681640625,-0.5455115563560277,-9.589261633050441,1.9796165042839944
1789454205070807800,1.989807861328125,-0.6819908417265862,-9.584736264580487,1.959109430567175
1789454205080748000,1.999748046875,-0.7949366182312368,-9.592516835454106,1.876727353826165
1789454205090688000,2.00968798828125,-0.8153682155590504,-9.609635728037357,1.7777768579915165
1789454205100628000,2.0196279296875,-0.7839348933540284,-9.628648471543192,1.6866932961396872
1789454205110568000,2.02956787109375,-0.7492292714800686,-9.64234148133099,1.6230563980095087
1789454205120509000,2.039509033203125,-0.6990690369732677,-9.65056745788455,1.5963168596439063
1789454205130449200,2.04944921875,-0.6367422715935855,-9.65524772465527,1.5940920232012867
1789454205140388900,2.059388916015625,-0.5781338326172902,-9.657326284494996,1.6038077999211846
1789454205150329000,2.0693291015625,-0.5271828130589797,-9.662657708650826,1.589183646763116
1789454205160269000,2.07926904296875,-0.4987299679694697,-9.670855628153681,1.5479636014938354
1789454205170209000,2.089208984375,-0.5165768095010891,-9.677278354677558,1.5012658554658294
1789454205180149000,2.09914892578125,-0.5423604353813454,-9.682540220728516,1.4576160988315938
1789454205190089000,2.1090888671875,-0.5571634522376582,-9.686609662124514,1.4246252449862657
1789454205200029000,2.11902880859375,-0.5680334039613604,-9.688877022534609,1.40477853487432
1789454205209970000,2.128969970703125,-0.5837638378608971,-9.690131406509876,1.3895846190042793
1789454205219910000,2.138909912109375,-0.5637848431387916,-9.692352005168795,1.3823288026571272
1789454205229850000,2.14885009765625,-0.4579017715619877,-9.697345575672388,1.3864403296291827
1789454205239790000,2.1587900390625,-0.4669606187431141,-9.70116367265582,1.3563747155807913
1789454205249730000,2.16872998046875,-0.48719172506276515,-9.705469260895251,1.3179213585458696
1789454205259670000,2.178669921875,-0.4584292660348117,-9.709958389008044,1.29497156785205
1789454205269610000,2.18860986328125,-0.4323917749913409,-9.71332465057075,1.2785729523673652
1789454205279550000,2.198550048828125,-0.4182681552339345,-9.714392572063208,1.2751466311804949
1789454205289491000,2.208490966796875,-0.40903395148590205,-9.714161101394891,1.279890172445774
1789454205299431200,2.21843115234375,-0.3984099738799035,-9.713791099038719,1.286036566246301
1789454205309371000,2.228370849609375,-0.3903425488889217,-9.713056355023383,1.294036186698079
1789454205319310800,2.238310791015625,-0.37952867473401125,-9.71149509705603,1.3088903492197395
1789454205329251000,2.2482509765625,-0.44755693969093263,-9.716824767646193,1.246349283502251
1789454205339191000,2.25819091796875,-0.5047719515474512,-9.740674429789184,1.0172662409752606
1789454205349131000,2.268131103515625,-0.4593824385738,-9.761976161015033,0.8143410644683986
1789454205359071000,2.278071044921875,-0.40469785851035267,-9.780265266421436,0.5941527280693873
1789454205369012200,2.28801220703125,-0.3413456590730697,-9.79508874154389,0.33178894537240267
1789454205378952000,2.297951904296875,-0.2787128051525913,-9.802685188022256,0.008345803540945053
1789454205388892000,2.307891845703125,-0.21044474009042605,-9.798955353844166,-0.32649193494282663
1789454205398832000,2.31783203125,-0.11589334686440415,-9.785528886038064,-0.6327656230475753
1789454205408772000,2.327772216796875,-0.0038573504253537976,-9.759621122321485,-0.9592609920565038
1789454205418711800,2.3377119140625,0.08767570790341124,-9.720601363575458,-1.293288290940225
1789454205428652000,2.347652099609375,0.14157529333531857,-9.676153734561801,-1.588199311900884
1789454205438592000,2.357592041015625,0.19876188281495122,-9.632779872259498,-1.8276887437604368
1789454205448533000,2.367532958984375,0.2860232194975018,-9.599661446511744,-1.9836954441606998
1789454205458473000,2.377472900390625,0.40468518169187007,-9.581464111042022,-2.049919436174631
1789454205468413200,2.3874130859375,0.5177914094552397,-9.56919441205561,-2.0815400245800615
1789454205478353000,2.397352783203125,0.6082836908830329,-9.564984685406088,-2.076402223300189
1789454205488292900,2.40729296875,0.6546305411141365,-9.564618774703144,-2.063954537398368
1789454205498233000,2.417233154296875,0.6380622681509703,-9.568309445914625,-2.052006909973174
1789454205508173000,2.427173095703125,0.5719406405329704,-9.577910217952727,-2.0265533197648824
1789454205518113000,2.437113037109375,0.4784631692819297,-9.595333646440505,-1.9674986348584294
1789454205528054000,2.447053955078125,0.33562103434856977,-9.624933834934234,-1.8488953440487383
1789454205537994000,2.456993896484375,0.11290926215285435,-9.667866967731714,-1.6401147925771773
1789454205547934000,2.466933837890625,-0.04458037484812084,-9.71231459674537,-1.3562269776731728
1789454205557874000,2.4768740234375,-0.06704990317774936,-9.749532859027385,-1.054748707151413
1789454205567814100,2.486814208984375,-0.006804823459929321,-9.774861946073173,-0.7889506026241928
1789454205577754000,2.496754150390625,0.058019848266267215,-9.78922890959978,-0.5813959762183949
1789454205587693800,2.50669384765625,0.049821038280846545,-9.797160287120938,-0.42845618910808114
1789454205597634000,2.516634033203125,-0.0039516296962407065,-9.80032722671926,-0.3520920574823394
1789454205607575000,2.526574951171875,-0.01438416696480126,-9.799570855394006,-0.37229791976287957
1789454205617515000,2.536514892578125,-0.00020413779470918598,-9.798858907732367,-0.390837200538069
1789454205627455000,2.546455078125,-0.005278906234016176,-9.799087455791234,-0.38500955383051183
1789454205637395500,2.5563955078125,-0.016163347707374487,-9.79896587523818,-0.3878223462289199
1789454205647335200,2.566335205078125,-0.020945841876708435,-9.798568400353192,-0.3975126231813803
1789454205657275400,2.576275390625,-0.019878756067890208,-9.797977448722719,-0.4118817786650732
1789454205667215400,2.58621533203125,-0.02514156055047642,-9.797601601147651,-0.42043695064038034
1789454205677155600,2.596155517578125,-0.0322137479760102,-9.797294142633676,-0.4270822338737547
1789454205687096300,2.606096435546875,-0.03672219727720367,-9.796901343923807,-0.43561632652841503
1789454205697036500,2.61603662109375,-0.039580123441992326,-9.796426127627491,-0.44594084626380354
1789454205706976500,2.6259765625,-0.04061994678454939,-9.795905318623781,-0.45714726340025663
1789454205716916200,2.635916259765625,-0.041326784446230155,-9.795372819182276,-0.46836643042042847
1789454205726856400,2.6458564453125,-0.039823946701805106,-9.795035550051926,-0.47549445566944776
1789454205736796400,2.65579638671875,-0.0360337195394095,-9.794783036595582,-0.48096806477494536
1789454205746736400,2.665736328125,-0.03232267682675738,-9.794396667626499,-0.48901459310837087
1789454205756677400,2.675677490234375,-0.02888837326283101,-9.793933726289868,-0.498429596783407
1789454205766617300,2.685617431640625,-0.02619273183753248,-9.793626267775892,-0.5045660902444273
1789454205776557600,2.6955576171875,-0.025105103280895855,-9.79357658341527,-0.5055698604594916
1789454205786497300,2.705497314453125,-0.025297531996900213,-9.793808638605475,-0.5010581551887094
1789454205796437500,2.7154375,-0.025644922945753205,-9.79421137418747,-0.4930936060503125
1789454205806377500,2.72537744140625,-0.0262492295314325,-9.794698865443468,-0.4832904798405245
1789454205816317400,2.7353173828125,-0.029479838633246252,-9.795267605242133,-0.47146125463061034
1789454205826258400,2.745258544921875,-0.0350242525192094,-9.795839852172136,-0.45900659099873153
1789454205836198400,2.755198486328125,-0.04252949759976472,-9.7963746897012,-0.4467701001621783
1789454205846138400,2.765138427734375,-0.0510523382080486,-9.796858089303969,-0.43515722111668437
1789454205856078300,2.775078369140625,-0.05952998340115882,-9.797218739309907,-0.4258420245543122
1789454205866018300,2.785018310546875,-0.06704176553706638,-9.797442611193656,-0.4195333893967792
1789454205875958500,2.79495849609375,-0.07231463703922927,-9.797521521648765,-0.41683921840935945
1789454205885898200,2.804898193359375,-0.0764905527506955,-9.797461315894127,-0.4175039659284055
1789454205895839500,2.814839599609375,-0.0796924631976988,-9.797273099845647,-0.4213095687564462
1789454205905779500,2.824779541015625,-0.0816354413584806,-9.796953950893878,-0.4282354955621063
1789454205915719200,2.83471923828125,-0.0818162138860207,-9.796588624712824,-0.43650662643164395
1789454205925659400,2.844659423828125,-0.08084714965815655,-9.796237327057122,-0.44451406486369666
1789454205935599400,2.854599365234375,-0.0788120271013584,-9.795826408168672,-0.4538558206394315
1789454205945539600,2.86453955078125,-0.07515952790922019,-9.795378079879283,-0.4639991385890171
1789454205955479300,2.874479248046875,-0.06946315659824759,-9.794982358559965,-0.4731513996746391
1789454205965420500,2.884420654296875,-0.06082979568704031,-9.794794142511487,-0.4782050298023969
1789454205975360500,2.894360595703125,-0.04871765274936333,-9.794828044781088,-0.47890364305842664
1789454205985300200,2.90430029296875,-0.03484395491570467,-9.795098678416013,-0.474575441128388
1789454205995240400,2.914240478515625,-0.020476884074532426,-9.795528302004932,-0.46648317395709454
1789454206005180400,2.924180419921875,-0.0076486201944208,-9.796062555012107,-0.45550373397693034
1789454206015120400,2.934120361328125,0.0051267153427441365,-9.796610252022743,-0.4435787202423438
1789454206025060400,2.944060302734375,0.01866287176388432,-9.797097158756852,-0.4323230936693027
1789454206035001300,2.95400146484375,0.03425551261943765,-9.797442611193656,-0.4234686830190941
1789454206044941300,2.96394140625,0.05169273673712741,-9.797589326187968,-0.4182586932858452
1789454206054881300,2.97388134765625,0.07135983879873528,-9.797595755928754,-0.41519397195298224
1789454206064821500,2.983821533203125,0.0924822222691495,-9.79743618145287,-0.41480742032080886
1789454206074761500,2.993761474609375,0.11650319499159231,-9.79719594295621,-0.414466790189594
1789454206084701200,3.003701171875,0.14259711979688144,-9.797008895951508,-0.4106881849663332
1789454206094641400,3.013641357421875,0.1682518494673073,-9.796879716613889,-0.40402686391361053
1789454206104582400,3.02358251953125,0.19221500018844379,-9.79665409116447,-0.39877993970345704
1789454206114522400,3.0335224609375,0.21845385902291162,-9.796175952258706,-0.39698761292658746
1789454206124462300,3.04346240234375,0.24503124736305323,-9.795411397626996,-0.4002888098964467
1789454206134402300,3.05340234375,0.27276878379005937,-9.794299636992811,-0.4094778227958828
1789454206144342500,3.063342529296875,0.3008466215547174,-9.792948806905747,-0.42196872678492214
1789454206154282200,3.0732822265625,0.3283785889396444,-9.791361829975246,-0.43792573598194867
1789454206164223500,3.083223388671875,0.3570736452871933,-9.78943641487062,-0.458054368307814
1789454206174163500,3.09316357421875,0.3869527603201568,-9.787239197087287,-0.48022886378020047
1789454206184103400,3.103103515625,0.4164400630239397,-9.785067113745212,-0.4994158313417807
1789454206194043400,3.11304345703125,0.44534898131787776,-9.782779295068979,-0.5189245051383972
1789454206203983400,3.1229833984375,0.47576921749021855,-9.78016589770019,-0.5407357202563434
1789454206213923300,3.13292333984375,0.5081135535929352,-9.777323952272534,-0.5622924126239494
1789454206223863300,3.14286328125,0.5406646277815104,-9.774356919160486,-0.5830875460345297
1789454206233804500,3.152804443359375,0.5737448769433423,-9.771278826889395,-0.6027542599370703
1789454206243744300,3.162744140625,0.6077211616294458,-9.768104873028397,-0.6206549140151589
1789454206253684200,3.172684326171875,0.6430416639987379,-9.764756731644272,-0.6375208547506481
1789454206263624400,3.18262451171875,0.6786538793236017,-9.76123732534647,-0.6542628768455236
1789454206273564400,3.192564453125,0.7146879733223468,-9.757457806807755,-0.672016121809557
1789454206283504400,3.20250439453125,0.7523976723831146,-9.753220607629418,-0.6920706294532865
1789454206293445400,3.2124453125,0.7926780987147242,-9.74836615333557,-0.7151378359816968
1789454206303385600,3.222385498046875,0.8346320112165063,-9.742962832987308,-0.7405679722491652
1789454206313325300,3.2323251953125,0.8762462434351443,-9.73713748783469,-0.7686050761446356
1789454206323265300,3.242265380859375,0.9182926565259695,-9.73076269210577,-0.7996149122405797
1789454206333205500,3.25220556640625,0.9613339989382773,-9.723747260385752,-0.8336399314392358
1789454206343145500,3.2621455078125,1.0064632535405456,-9.715940386027096,-0.8705836876288056
1789454206353085200,3.272085205078125,1.05449538997747,-9.707157360112667,-0.9107877607885747
1789454206363026400,3.2820263671875,1.1051158624071626,-9.697313426968455,-0.9545679388694465
1789454206372966400,3.29196630859375,1.1577470170721411,-9.686331429705023,-1.0024923040829599
1789454206382906400,3.30190625,1.2108104256745427,-9.674211952844262,-1.0554344243932514
1789454206392846300,3.311846435546875,1.2651308486007153,-9.660727032849191,-1.1136419909510762
1789454206402786600,3.32178662109375,1.320888537788391,-9.645956749218701,-1.1752272172484546
1789454206412726500,3.3317265625,1.376487237022072,-9.630259998393058,-1.2384456707708538
1789454206422667500,3.34166748046875,1.4294811605848372,-9.614152328678966,-1.3019419913865624
1789454206432607500,3.351607421875,1.4788175845533609,-9.59797159372866,-1.3646997685946523
1789454206442547200,3.361547119140625,1.5239898745797573,-9.582089549463987,-1.425273772022873
1789454206452487400,3.3714873046875,1.568104472246766,-9.566218611115216,-1.4828716822497545
1789454206462427400,3.381427490234375,1.6138693213388322,-9.550150688889621,-1.536368586898595
1789454206472367400,3.391367431640625,1.6624676402911542,-9.533664248991013,-1.5861363880217074
1789454206482308400,3.401308349609375,1.7158670759148895,-9.515983630871773,-1.6347041657052934
1789454206492248300,3.411248291015625,1.7767326096355913,-9.495711827215551,-1.6867323129758238
1789454206502188500,3.4211884765625,1.843878538800031,-9.47195393500924,-1.7471699766732751
1789454206512128300,3.431128173828125,1.9107612869836388,-9.445775537657736,-1.8156806183196603
1789454206522068500,3.441068359375,1.9727451572097836,-9.418405300173163,-1.8900566448681055
1789454206532008400,3.451008544921875,2.030834065824002,-9.3898385463804,-1.9690179533801973
1789454206541949200,3.46094921875,2.0880380082972345,-9.360079367932677,-2.049244313392043
1789454206551889400,3.470889404296875,2.1453725914128126,-9.329166343274713,-2.1294202583909034
1789454206561829400,3.480829345703125,2.2011137678571044,-9.297785116583109,-2.208319461452216
1789454206571769600,3.49076953125,2.2565713050544263,-9.266105199205874,-2.28420282382369
1789454206581709300,3.500709228515625,2.3152105410277843,-9.233422826787828,-2.356714225544035
1789454206591649300,3.510649169921875,2.3780638875648377,-9.200071176806091,-2.4236105638615784
1789454206601590300,3.52059033203125,2.4448402527645228,-9.1671023886621,-2.4814064808785914
1789454206611530200,3.5305302734375,2.5080554183512924,-9.133648447349668,-2.540971307264268
1789454206621470500,3.540470458984375,2.563017719377577,-9.100479168197513,-2.6043422479346394
1789454206631410400,3.550410400390625,2.608458451081812,-9.069493078303337,-2.6665792161390183
1789454206641350700,3.5603505859375,2.6466052263855935,-9.041307432782649,-2.724083895124495
1789454206651290600,3.57029052734375,2.6784303974524137,-9.01581234152019,-2.776960914309323
1789454206661231900,3.58023193359375,2.699366510236263,-8.99393602527678,-2.8271763130694625
1789454206671171600,3.590171630859375,2.7033865595325826,-8.977654752561449,-2.8746818683490156
1789454206681111800,3.60011181640625,2.6877392008066177,-8.968450286364554,-2.9177623006626963
1789454206691051800,3.6100517578125,2.652939397843182,-8.966526624825596,-2.9552818839788437
1789454206700991700,3.61999169921875,2.599876500697434,-8.970952040052413,-2.98882175000906
1789454206710931700,3.629931640625,2.525208213204145,-8.98233794194162,-3.018496757304668
1789454206720873000,3.639873046875,2.427730712531507,-9.004332331606745,-3.0329040528416633
1789454206730812700,3.649812744140625,2.3129762061044574,-9.038385407856106,-3.0212784969776867
1789454206740752600,3.659752685546875,2.185197675192356,-9.082919546109437,-2.9825930847525597
1789454206750692900,3.66969287109375,2.04795339679867,-9.135262896808982,-2.9194559528380633
1789454206760632800,3.6796328125,1.9032744383595883,-9.193086724746227,-2.834628090380132
1789454206770572500,3.689572509765625,1.755720216745138,-9.25380627412498,-2.730367505438626
1789454206780513800,3.699513671875,1.608953784507513,-9.314855493849516,-2.610575297105312
1789454206790453800,3.709453857421875,1.4727774276062846,-9.373582992628217,-2.4773440537452696
1789454206800393700,3.719393798828125,1.348299253413826,-9.430168803203106,-2.32903375306651
1789454206810333700,3.729333740234375,1.2264984817370772,-9.48502852063775,-2.1680283675961194
1789454206820274000,3.73927392578125,1.095859081501141,-9.538801611879467,-1.995179545727372
1789454206830214000,3.7492138671875,0.9393952849831432,-9.592576456686853,-1.8084265555381773
1789454206840154600,3.759154541015625,0.7673884668964892,-9.644426470911503,-1.6020391828134655
1789454206850094800,3.7690947265625,0.5940106161849573,-9.69004898892343,-1.3858216132089496
1789454206860034800,3.779034912109375,0.41088363447319715,-9.727705642622709,-1.1718831675175576
1789454206869974800,3.788974853515625,0.21783291411297395,-9.756243754842878,-0.9688341454353183
1789454206879914800,3.798914794921875,0.020353725769033187,-9.775908240255713,-0.7756223344955593
1789454206889854700,3.808854736328125,-0.1794832549145445,-9.787529704466461,-0.5851846644442528
1789454206899795700,3.818795654296875,-0.38061964830849315,-9.791511467579006,-0.38965325145050883
1789454206909735700,3.828735595703125,-0.5779629330297932,-9.787796830970048,-0.18812066181320697
1789454206919676000,3.838676025390625,-0.7742243773311376,-9.77602397558987,0.018279429970827186
1789454206929615600,3.84861572265625,-0.9796722772486507,-9.754917474675178,0.22851262222789226
1789454206939555600,3.8585556640625,-1.1987001550335437,-9.723222944250702,0.4387139272175729
1789454206949495800,3.868495849609375,-1.4315171964570879,-9.680180505859852,0.6444103950686753
1789454206959436500,3.8784365234375,-1.6827653090409933,-9.624442836546898,0.8418952071525156
1789454206969376800,3.888376708984375,-1.9532992829836904,-9.555054827544092,1.0275902127213776
1789454206979316700,3.898316650390625,-2.240448437771201,-9.471773902267216,1.198450418056175
1789454206989257000,3.908257080078125,-2.535758541052043,-9.376751101270317,1.3479141996189952
1789454206999196700,3.91819677734375,-2.8331986420989037,-9.271477539893985,1.4775219917848705
1789454207009138000,3.928137939453125,-3.1406945654749867,-9.151972624069451,1.5961898722633718
1789454207019078000,3.938077880859375,-3.468786117634177,-9.013282530781627,1.7025462604403494
1789454207029017600,3.948017578125,-3.8140857019647956,-8.854610556694865,1.7941520926006138
1789454207038957800,3.957957763671875,-4.169262829448282,-8.676403861054778,1.8728760852254926
1789454207048897800,3.967897705078125,-4.533295171299576,-8.479761345013976,1.9269827923357485
1789454207058837800,3.977837646484375,-4.884985625711083,-8.274481349009275,1.9596657492756842
1789454207068778800,3.98777880859375,-5.215367334634065,-8.06396929756999,1.985639417835325
1789454207078718700,3.99771875,-5.530388392817974,-7.845361617958545,2.008858380859345
1789454207088658700,4.00765869140625,-5.830007883730531,-7.616123823261261,2.043531342572719
1789454207098598700,4.0175986328125,-6.117259475979209,-7.3761167972683905,2.08384143339023
1789454207108539000,4.027538818359375,-6.406140715256333,-7.123211711257696,2.0956243717730043
1789454207118479600,4.037479736328125,-6.6754860639363525,-6.875392550209164,2.0826110148124397
1789454207128419800,4.047419921875,-6.916651027792692,-6.640133595526218,2.058863351739198
1789454207138359800,4.05735986328125,-7.129998010396957,-6.413527318376302,2.049435305919498
1789454207148299800,4.0672998046875,-7.319736153876781,-6.200456814625859,2.0362172201670705
1789454207158239700,4.07723974609375,-7.48396985374391,-6.013202889177203,2.00049869492352
1789454207168179700,4.0871796875,-7.623413980269431,-5.848436105346679,1.9620758791573345
1789454207178121000,4.097120849609375,-7.743050998041033,-5.703993147620558,1.9183448739804327
1789454207188060700,4.107060791015625,-7.845482029467821,-5.579179019472003,1.8685786802925168
1789454207198000600,4.117000732421875,-7.931787271001935,-5.4717059022247785,1.8214285143218933
1789454207207940900,4.12694091796875,-8.00244076989591,-5.3803375320822,1.7841895015127955
1789454207217880800,4.136880859375,-8.057749400141835,-5.306290299096704,1.7568077197209
1789454207227821800,4.14682177734375,-8.097325623726844,-5.2517713579237455,1.7385618689343332
1789454207237761800,4.15676171875,-8.121793710029126,-5.217188120320439,1.7285224132180212
1789454207247701800,4.16670166015625,-8.135366892829538,-5.199353188422322,1.71842085205093
1789454207257641700,4.176641845703125,-8.14130797331631,-5.192831677699089,1.7099549292616545
1789454207267581700,4.186581787109375,-8.143693991670013,-5.188963896355032,1.7103607335835693
1789454207277522000,4.19652197265625,-8.149931424754858,-5.173225059953332,1.7282245993152259
1789454207287462700,4.206462646484375,-8.163608652451634,-5.136407779687643,1.7728937621250747
1789454207297403000,4.21640283203125,-8.184496542179584,-5.079059752568602,1.8405378500699996
1789454207307342800,4.2263427734375,-8.208549033418297,-5.007380417758226,1.9277429630532859
1789454207317282600,4.236282470703125,-8.2327722050488,-4.92907961898148,2.023870802682638
1789454207327222800,4.246222900390625,-8.23737648397386,-4.864965458728372,2.155940454917401
1789454207337163800,4.256163818359375,-8.237081884941459,-4.820578619991243,2.2545177335254847
1789454207347103700,4.266103759765625,-8.24097363168299,-4.7874154783189296,2.310289451238513
1789454207357043700,4.276043701171875,-8.247062596207856,-4.760235794970393,2.344468053563684
1789454207366983700,4.285983642578125,-8.246773257872462,-4.747157702210545,2.371838437178731
1789454207376924000,4.295923828125,-8.235869586542249,-4.748946923714876,2.405909195215255
1789454207386864600,4.30586474609375,-8.214276763415336,-4.761370351958274,2.454657590162754
1789454207396804900,4.315804931640625,-8.181865609154105,-4.782802139304578,2.5203660338699816
1789454207406744800,4.325744873046875,-8.136220879310368,-4.813047055442631,2.608999426090717
1789454207416684800,4.335684814453125,-8.087848185807466,-4.843159285111725,2.7020205318763852
1789454207426624800,4.345624755859375,-8.031269389495254,-4.874987963309883,2.811330216901004
1789454207436564700,4.355564697265625,-7.988184281006455,-4.899180739802122,2.8909017662659284
1789454207446505700,4.365505615234375,-7.953380094128847,-4.924283616876602,2.9437361153528094
1789454207456445700,4.37544580078125,-7.907053811761736,-4.962592597004771,3.003586480681598
1789454207466386000,4.385385986328125,-7.865092738866806,-4.993959795171022,3.061215078307688
1789454207476325600,4.39532568359375,-7.8312161882281295,-5.018846983668208,3.107030488543212
1789454207486265600,4.405265625,-7.802678076007962,-5.035372586533427,3.151760733890533
1789454207496206800,4.415206787109375,-7.768910830962658,-5.052028537780046,3.208028272296488
1789454207506146600,4.425146484375,-7.724466709080338,-5.069779883047938,3.2863825548261403
1789454207516086800,4.435086669921875,-7.695878912499547,-5.074366041794419,3.3458445053592323
1789454207526026800,4.44502685546875,-7.666289245399832,-5.080567234522104,3.403852749952674
1789454207535967000,4.454967041015625,-7.635052980136871,-5.08689760658741,3.464073409898579
1789454207545907700,4.46490771484375,-7.605397262063622,-5.090639131203294,3.5233068123728035
1789454207555847700,4.47484765625,-7.583682273861766,-5.0884799073427915,3.5728874203607437
1789454207565788000,4.484787841796875,-7.562079513862729,-5.087184022313356,3.620205344113707
1789454207575727600,4.4947275390625,-7.535080447778105,-5.092161810725927,3.669173665422201
1789454207585667800,4.504667724609375,-7.498446122863888,-5.109043387421965,3.7203976567029953
1789454207595608800,4.51460888671875,-7.4548694314658634,-5.138305137741566,3.7673756809771057
1789454207605548800,4.524548828125,-7.404245744165777,-5.179238621154427,3.810908533233404
1789454207615488800,4.53448876953125,-7.345254041492939,-5.227316715624928,3.8591219445213674
1789454207625428700,4.5444287109375,-7.276370474880934,-5.284107693383097,3.9119063169866797
1789454207635368700,4.55436865234375,-7.202184125685691,-5.348364184716344,3.9615573598623275
1789454207645308400,4.564308349609375,-7.128796817913651,-5.4153796193689105,4.003034448632597
1789454207655249400,4.57424951171875,-7.056964922890066,-5.483954558423161,4.036812799593806
1789454207665189600,4.584189697265625,-6.989506420645117,-5.552057203790545,4.061016974262893
1789454207675129300,4.59412939453125,-6.92724840965271,-5.6177498654067515,4.077319582027196
1789454207685069300,4.6040693359375,-6.871123786848783,-5.68067773848474,4.085085247592628
1789454207695009500,4.614009521484375,-6.816877232876419,-5.742535936504602,4.0894837748125195
1789454207704950300,4.6239501953125,-6.756922238129377,-5.807758642521501,4.096865994018316
1789454207714890500,4.633890380859375,-6.694609866601228,-5.8734957278013225,4.105440053357183
1789454207724830500,4.64383056640625,-6.632366468656063,-5.93920475603044,4.111929999898374
1789454207734770200,4.653770263671875,-6.570307779628038,-6.0072945419162505,4.112650715388358
1789454207744710400,4.66371044921875,-6.509250376597047,-6.081612408536672,4.100496167214215
1789454207754651400,4.6736513671875,-6.4504948207676405,-6.161452837970852,4.074069348059594
1789454207764591400,4.68359130859375,-6.396909361052513,-6.243800866311788,4.03298242765069
1789454207774531300,4.69353125,-6.344274918451905,-6.3278422545671456,3.9848397435113787
1789454207784471300,4.70347119140625,-6.286584361505508,-6.414145158013701,3.938016033016145
1789454207794411500,4.71341162109375,-6.2259185881406065,-6.4997776148527855,3.893735285001993
1789454207804352300,4.723352294921875,-6.169156251955032,-6.577869739314913,3.852727567309141
1789454207814292500,4.73329248046875,-6.110554425382614,-6.650837360370159,3.820720609934628
1789454207824232400,4.743232421875,-6.051285659334063,-6.719518682408332,3.7947900498643516
1789454207834172400,4.75317236328125,-6.007186989888549,-6.778508046993613,3.759773681540787
1789454207844112400,4.7631123046875,-5.967015723019838,-6.838028157454729,3.7157013155803083
1789454207854053400,4.773053466796875,-5.915154602879285,-6.907558205276727,3.669731591565907
1789454207863993300,4.782993408203125,-5.853098836460709,-6.984056338545679,3.624168987047672
1789454207873933300,4.792933349609375,-5.789636125853657,-7.05928898192346,3.5800735324725506
1789454207883873500,4.80287353515625,-5.725805166456103,-7.131847437655925,3.53869055172652
1789454207893813200,4.812813232421875,-5.657686154475808,-7.205140637403726,3.4995594415605065
1789454207903754500,4.82275439453125,-5.583084794738888,-7.28163584806323,3.460829897932708
1789454207913694500,4.832694580078125,-5.507179951187968,-7.358126967069507,3.420433882397413
1789454207923634200,4.84263427734375,-5.439273705175519,-7.426033213081955,3.3821181802675127
1789454207933574400,4.852574462890625,-5.381594838666915,-7.482108151525258,3.3506539514675735
1789454207943514400,4.862514404296875,-5.3316252313613886,-7.529077992492914,3.325225787961483
1789454207953454600,4.87245458984375,-5.286800001206994,-7.569029479131102,3.3060388569325205
1789454207963395300,4.882395263671875,-5.243909538507461,-7.604284332385658,3.293426628118753
1789454207973335600,4.89233544921875,-5.198267146751284,-7.639181458243727,3.2850162349089977
1789454207983275500,4.902275634765625,-5.148806658011675,-7.676242484137416,3.276511441414058
1789454207993215200,4.91221533203125,-5.095397723907232,-7.7167656331837176,3.2647859323069452
1789454208003155500,4.922155517578125,-5.035092016026377,-7.761434211471676,3.2524405377358194
1789454208013096400,4.932096435546875,-4.964659466406703,-7.810289135533571,3.243755126976967
1789454208023036400,4.942036376953125,-4.885418171909452,-7.862212799516319,3.2386279932215807
1789454208032976400,4.951976318359375,-4.80604477546513,-7.9147858673185105,3.229320651172101
1789454208042916400,4.961916259765625,-4.731599190811813,-7.966549956825375,3.211918557733297
1789454208052856300,4.971856201171875,-4.65876747109592,-8.016881967702508,3.1931051361918446
1789454208062797300,4.98179736328125,-4.586305461475253,-8.065376241758464,3.1758345601782203
1789454208072737500,4.991737548828125,-4.5210883084163065,-8.109177389562129,3.1577523755207655
1789454208082677200,5.00167724609375,-4.4675186307922,-8.146040262535214,3.1390576119229197
1789454208092617200,5.0116171875,-4.4228848315566776,-8.17741856661737,3.1206241296097637
1789454208102557400,5.021557373046875,-4.381585145179927,-8.206449430790544,3.102629623235762
1789454208112498200,5.031498291015625,-4.339069361011684,-8.23577255590856,3.0846298561647534
1789454208122438400,5.0414384765625,-4.303729167561233,-8.263204168191551,3.060674687820673
1789454208132378400,5.05137841796875,-4.275347999468446,-8.287332062754034,3.035112376540899
1789454208142318600,5.061318603515625,-4.2469981032967565,-8.311040270599722,3.0099875798955558
1789454208152258300,5.07125830078125,-4.212690467764437,-8.337800851753354,2.9840771858304738
1789454208162199600,5.081199462890625,-4.16879316610992,-8.36869049553573,2.95915872541219
1789454208172139500,5.091139404296875,-4.121060524076223,-8.400932138448953,2.9345561990752813
1789454208182079200,5.101079345703125,-4.078953612969816,-8.42876239466071,2.9135075658276675
1789454208192019500,5.11101953125,-4.038578055700659,-8.451824121296406,2.902923043449223
1789454208201959400,5.12095947265625,-3.9937040179684757,-8.474615798819064,2.8985505274534225
1789454208211900400,5.130900390625,-3.948887263381481,-8.498474228790402,2.8900828510984775
1789454208221840400,5.14084033203125,-3.905408479399979,-8.521449446186423,2.881507038193941
1789454208231780400,5.1507802734375,-3.8621652577400205,-8.54133663443923,2.8809032270818946
1789454208241720300,5.16072021484375,-3.8263144844189285,-8.557329737862943,2.8812840430930255
1789454208251660300,5.170660400390625,-3.802090728266537,-8.570424781757593,2.87442146384716
1789454208261601500,5.1806015625,-3.78394746107161,-8.58286983731091,2.8612089310526847
1789454208271541200,5.190541259765625,-3.7629666323632,-8.596873228222131,2.846800758732855
1789454208281481500,5.2004814453125,-3.7315751765385268,-8.612426771184802,2.8411045929178593
1789454208291421400,5.21042138671875,-3.6899735846057533,-8.627475871756673,2.849762531147897
1789454208301361400,5.220361328125,-3.646970309181511,-8.640559809735416,2.865437946924567
1789454208311302400,5.230302490234375,-3.6104791921302675,-8.651160698726773,2.8796330610156056
1789454208321242400,5.240242431640625,-3.5800443063780665,-8.662501007908583,2.8835326988026497
1789454208331182600,5.2501826171875,-3.5531317495331165,-8.677809051677585,2.8707582651644943
1789454208341122300,5.260122314453125,-3.5289459873035547,-8.696548238939046,2.8437621216893194
1789454208351062300,5.270062255859375,-3.50575449680835,-8.714798765900731,2.816440399521589
1789454208361003500,5.28000341796875,-3.4773715751498937,-8.73026112344861,2.8037188651144502
1789454208370943200,5.289943115234375,-3.442965447679162,-8.74344501467049,2.8050875231191514
1789454208380883500,5.299883544921875,-3.4076951045945285,-8.755185721346736,2.811529538865387
1789454208390823400,5.309823486328125,-3.372499580311775,-8.768867625218629,2.8113348930761215
1789454208400763400,5.319763427734375,-3.341826209628582,-8.785355234161019,2.7964395217612386
1789454208410704400,5.329704345703125,-3.319432883773744,-8.802619088172912,2.768693144440651
1789454208420644400,5.339644287109375,-3.2965541124895212,-8.819685373786092,2.741577466239035
1789454208430584300,5.349584228515625,-3.265696909672022,-8.836537724387645,2.724188232281804
1789454208440524300,5.359524169921875,-3.231610807935893,-8.8516897008121,2.7156360925137997
1789454208450464500,5.369464599609375,-3.1908976892754435,-8.867779250347613,2.711277020521462
1789454208460405200,5.3794052734375,-3.1479192560315132,-8.885683155828714,2.70288737783879
1789454208470345500,5.389345458984375,-3.1126252398103476,-8.903509904420375,2.6850390019372106
1789454208480285400,5.399285400390625,-3.088045217566192,-8.919352785718441,2.6607278597623107
1789454208490225400,5.409225341796875,-3.0638585785537957,-8.93399389001131,2.639494517597556
1789454208500165400,5.419165283203125,-3.0321222548142073,-8.948754821291566,2.626109258584678
1789454208510106400,5.4291064453125,-3.000140139620006,-8.963823211085796,2.611405025927722
1789454208520046600,5.439046630859375,-2.973393879252672,-8.978143412861227,2.5927324741616844
1789454208529986300,5.448986328125,-2.9461504830181595,-8.991649960166216,2.576986331236362
1789454208539926300,5.45892626953125,-2.9156539302065965,-9.00523717149198,2.564180041155219
1789454208549866500,5.468866455078125,-2.8891274500697848,-9.018284869113565,2.5483093950673936
1789454208559807200,5.47880712890625,-2.871016331578791,-9.029674862655996,2.528364339147508
1789454208569747500,5.48874755859375,-2.8584783370450135,-9.040542878150939,2.5036148055553435
1789454208579687400,5.4986875,-2.8451211350828407,-9.052207012459634,2.4765309837967155
1789454208589627400,5.50862744140625,-2.829228861685097,-9.06391206330061,2.451805415602028
1789454208599567400,5.5185673828125,-2.8122543460085985,-9.07429843275845,2.4328465942405164
1789454208609507300,5.52850732421875,-2.798484179331362,-9.082423871546982,2.418357465638965
1789454208619448300,5.5384482421875,-2.7920827878564594,-9.087703857776521,2.405889905992895
1789454208629388300,5.54838818359375,-2.7920710974186655,-9.089278559747338,2.399946779679507
1789454208639328500,5.55832861328125,-2.790871366240084,-9.088672995069622,2.4036396428480744
1789454208649268700,5.568268798828125,-2.785285675062239,-9.088555506169795,2.4105500067584216
1789454208659209500,5.57820947265625,-2.779470559042692,-9.088668318894506,2.4168292331583796
1789454208669149700,5.588149658203125,-2.775602485437691,-9.088542062166333,2.4217405322059986
1789454208679089700,5.598089599609375,-2.772583137616515,-9.087842389464377,2.427811230421811
1789454208689029400,5.608029296875,-2.767624053904414,-9.087861094164849,2.433397506121546
1789454208698969600,5.617969482421875,-2.7629589847028253,-9.088811526757478,2.4351544327914714
1789454208708910600,5.62791064453125,-2.7618708972051738,-9.089006757068633,2.4356600442260503
1789454208718850600,5.6378505859375,-2.7600582948252557,-9.088451461273431,2.4397693792410196
1789454208728790500,5.64779052734375,-2.755702729964256,-9.08700009342134,2.450092912595719
1789454208738730800,5.657730712890625,-2.754709042751789,-9.083285456812382,2.464937284375727
1789454208748670500,5.66767041015625,-2.7602210841715333,-9.077280078917742,2.4808406636893747
1789454208758611500,5.677611572265625,-2.774026906684041,-9.070267569807172,2.4910616134524344
1789454208768551700,5.6875517578125,-2.7924744175225493,-9.06267872211337,2.498068861865997
1789454208778491400,5.697491455078125,-2.811267088536918,-9.053753657379746,2.5093176933720707
1789454208788431600,5.707431640625,-2.8302552821233866,-9.042614423727988,2.5280764621168372
1789454208798371600,5.71737158203125,-2.848766505847871,-9.029459174078703,2.554175656752288
1789454208808312600,5.7273125,-2.8649796817630526,-9.015797143951058,2.584125973857939
1789454208818252500,5.73725244140625,-2.8845462597593663,-9.001560528805852,2.611839910213649
1789454208828192500,5.747192626953125,-2.916802515719831,-8.98533770827949,2.631795779788494
1789454208838132700,5.7571328125,-2.961553219333291,-8.965490852037071,2.649449802161753
1789454208848072400,5.767072509765625,-3.0115704651728272,-8.941047900176049,2.675533506967127
1789454208858013700,5.777013671875,-3.0660464439868926,-8.911255988502502,2.7128008690878747
1789454208867953700,5.78695361328125,-3.1219927876144644,-8.877756454482673,2.758435077537596
1789454208877893400,5.796893310546875,-3.175577955068648,-8.844116050687433,2.8049422694295645
1789454208887833600,5.80683349609375,-3.2261180557385085,-8.813222899773717,2.844233246332407
1789454208897773600,5.816773681640625,-3.2771190519183873,-8.784200803428888,2.8755326399594545
1789454208907714600,5.826714599609375,-3.3296173009186982,-8.755850907257198,2.901576305015385
1789454208917654500,5.836654541015625,-3.380364322337508,-8.72856367188096,2.925015340530872
1789454208927594800,5.8465947265625,-3.4272231041461225,-8.702428529149293,2.9482693748682736
1789454208937534500,5.856534423828125,-3.4697491174474355,-8.677389949482679,2.9722274658218026
1789454208947474400,5.866474365234375,-3.5106954603418705,-8.652009424510597,2.9980162793338296
1789454208957415700,5.876415771484375,-3.551456509797275,-8.62667741485536,3.022909313049912
1789454208967355400,5.88635546875,-3.5900779168754813,-8.60211580505073,3.047183630345762
1789454208977295600,5.896295654296875,-3.6267768314585087,-8.577532567936181,3.072921590453386
1789454208987235600,5.906235595703125,-3.662327160528302,-8.551962073349952,3.101884065565467
1789454208997175600,5.916175537109375,-3.6979888410180806,-8.52380682296753,3.136874714925885
1789454209007116500,5.926116455078125,-3.737598966872692,-8.492942313626408,3.173434513299167
1789454209017056500,5.936056396484375,-3.7789915922299024,-8.461542382234335,3.2080966613575814
1789454209026996700,5.945996826171875,-3.817887724596262,-8.430661506280302,3.2431612527370453
1789454209036936400,5.9559365234375,-3.8509249018013474,-8.401773265448211,3.2788734943702815
1789454209046876700,5.965876708984375,-3.8756972317472096,-8.374973521327972,3.3180084039285775
1789454209056817400,5.9758173828125,-3.8942464493945237,-8.349452126580477,3.360338017874956
1789454209066757400,5.98575732421875,-3.9099543061360715,-8.324329375761748,3.404140919244289
1789454209076697600,5.995697509765625,-3.9258179379612206,-8.298215275818109,3.4493446273222563
1789454209086637600,6.005637451171875,-3.942655675515532,-8.27193692522347,3.4929862006500363
1789454209096577500,6.01557763671875,-3.958802800457179,-8.245053594473005,3.537990879024565
1789454209106518500,6.0255185546875,-3.975150124146044,-8.217946391838789,3.582450490736961
1789454209116458800,6.035458740234375,-3.9951071627646684,-8.190276879146694,3.6233749140605327
1789454209126398500,6.0453984375,-4.017510133230686,-8.163606898885964,3.6586204149648545
1789454209136338400,6.05533837890625,-4.039782755315303,-8.138669441506266,3.6895249640554186
1789454209146278700,6.065278564453125,-4.060821743951737,-8.115636940965056,3.717063543844223
1789454209156219400,6.075219482421875,-4.080827882409095,-8.09397689782083,3.742292677646875
1789454209166159600,6.08515966796875,-4.102780771020055,-8.073084331917762,3.763363814987242
1789454209176099600,6.095099609375,-4.129668485684693,-8.050621155697106,3.782024676315486
1789454209186039600,6.10503955078125,-4.159474133622646,-8.027231512281299,3.799040985307097
1789454209195979500,6.1149794921875,-4.189536386670172,-8.005622907063364,3.811585409581661
1789454209205920500,6.12492041015625,-4.219752076713741,-7.98448250387907,3.822575590151548
1789454209215860500,6.134860595703125,-4.250723261299729,-7.96094556094706,3.8373347678661345
1789454209225800400,6.144800537109375,-4.284353143700957,-7.933296506521105,3.857138369488716
1789454209235740700,6.15474072265625,-4.320722972460091,-7.9010583707392215,3.882656549365818
1789454209245680600,6.1646806640625,-4.359804106004536,-7.863783409833908,3.9145109465271233
1789454209255621600,6.17462158203125,-4.399491388748586,-7.825442865523695,3.946811041629314
1789454209265561600,6.1845615234375,-4.438597364473343,-7.788145692786574,3.9766874167159196
1789454209275501600,6.19450146484375,-4.47327237201333,-7.753046322354674,4.006300756952166
1789454209285441500,6.204441650390625,-4.5050680247247215,-7.721730562114715,4.031084192813933
1789454209295381500,6.214381591796875,-4.538330827379227,-7.691916438609361,4.050725005090237
1789454209305322800,6.22432275390625,-4.572824633133411,-7.662035095086694,4.068527496023476
1789454209315262500,6.234262451171875,-4.606357777161896,-7.632075425630807,4.086967700338364
1789454209325202400,6.244202392578125,-4.635540032504498,-7.602274746128916,4.109451919347047
1789454209335142700,6.254142578125,-4.657017997080088,-7.573537896466255,4.1381291477769615
1789454209345083400,6.26408349609375,-4.669967787285149,-7.544428706359863,4.1765293133199215
1789454209355023600,6.274023681640625,-4.678989005869627,-7.512372356885671,4.223941637358069
1789454209364963600,6.283963623046875,-4.692589661198854,-7.475311915513872,4.27430433563441
1789454209374903600,6.293903564453125,-4.715712470372021,-7.4316662505328654,4.3246714178249235
1789454209384843500,6.303843505859375,-4.741119006568193,-7.383927178758382,4.378329942776262
1789454209394784500,6.313784423828125,-4.764099484661221,-7.334830847156048,4.435539438207448
1789454209404724500,6.323724365234375,-4.784939735855162,-7.285725747725367,4.493654650306701
1789454209414664400,6.33366455078125,-4.803224457347393,-7.23859107158482,4.549968073680996
1789454209424604700,6.343604736328125,-4.81635866420865,-7.196332477048039,4.602809729291498
1789454209434544600,6.353544677734375,-4.8242196068421,-7.157810146430134,4.654357253438234
1789454209444485600,6.363485595703125,-4.829710313212871,-7.120795882287621,4.705160973480344
1789454209454425600,6.373425537109375,-4.832933074651658,-7.084966444015502,4.755673893882334
1789454209464365600,6.383365478515625,-4.832931321085989,-7.052519049397111,4.80365817258954
1789454209474305500,6.393305419921875,-4.832616848309338,-7.0250067730933425,4.84411965457648
1789454209484245500,6.40324560546875,-4.837211774884164,-7.001140744337439,4.873995152880251
1789454209494186800,6.413186767578125,-4.849904667718708,-6.978617946884036,4.893638595505059
1789454209504126500,6.42312646484375,-4.875612524949014,-6.953341466808319,4.904062082102895
1789454209514066400,6.43306640625,-4.912696054935455,-6.926017406553029,4.905716863572597
1789454209524006700,6.443006591796875,-4.947680859076977,-6.8994789437174795,4.907960843107104
1789454209533946600,6.452946533203125,-4.9694046151071785,-6.875476721361279,4.919672908210754
1789454209543887600,6.4628876953125,-4.976782450398803,-6.8545742185860865,4.941341134661436
1789454209553827600,6.47282763671875,-4.976620537835359,-6.835068138605356,4.968448921817541
1789454209563767600,6.482767578125,-4.973775085276365,-6.819457312497496,4.992693136236071
1789454209573707500,6.49270751953125,-4.975821496412157,-6.810365074503421,5.0030496950775385
1789454209583647500,6.5026474609375,-4.98562568206787,-6.807139682716131,4.997674431779981
1789454209593588500,6.51258837890625,-5.006078102988004,-6.805924461707472,4.9788569185853
1789454209603528400,6.522528564453125,-5.036261644327641,-6.802023362615704,4.9536751310557126
1789454209613468700,6.53246875,-5.071891176113486,-6.793809661021828,4.928534844580293
1789454209623408600,6.54240869140625,-5.111297888350486,-6.780777745491266,4.905721539747715
1789454209633349600,6.552349609375,-5.154403455105424,-6.7646157152414315,4.882879301081598
1789454209643289000,6.5622890625,-5.198523167338967,-6.748792707687616,4.857937459787726
1789454209653229000,6.57222900390625,-5.240545615032315,-6.73507748606801,4.831752632695436
1789454209663169000,6.5821689453125,-5.284136919477581,-6.719931354862451,4.805287819617987
1789454209673109000,6.59210888671875,-5.331310174062848,-6.7000529344379895,4.78087730872184
1789454209683050000,6.602050048828125,-5.380735591489076,-6.675276220577955,4.760118890592455
1789454209692990000,6.611989990234375,-5.433155514556169,-6.646853259170055,4.740315581230819
1789454209702930000,6.621929931640625,-5.490669545891881,-6.616013299748301,4.717126721084117
1789454209712870100,6.6318701171875,-5.554521548077464,-6.58082274390161,4.691526123620569
1789454209722810000,6.64181005859375,-5.624328074753284,-6.5407590290606015,4.6643078618273135
1789454209732751000,6.651751220703125,-5.699721461650729,-6.497334897875786,4.633383731253445
1789454209742691000,6.661691162109375,-5.779851229420304,-6.452246632871032,4.596981753790378
1789454209752631000,6.671631103515625,-5.867810667902231,-6.4045613371104,4.55201331577301
1789454209762571000,6.681571044921875,-5.961873683956265,-6.353424439591169,4.501156111977994
1789454209772511000,6.691510986328125,-6.05284048756063,-6.299013050445914,4.455999457912147
1789454209782452200,6.7014521484375,-6.133939392623305,-6.244063901162147,4.4223111233219505
1789454209792392000,6.711391845703125,-6.207035608494281,-6.191108556044101,4.394688372381031
1789454209802332000,6.721331787109375,-6.277008723908662,-6.139634973916411,4.3674291940554975
1789454209812272000,6.731272216796875,-6.347265332439542,-6.087429570382833,4.338868577742576
1789454209822212000,6.741212158203125,-6.422388085702061,-6.031665013062954,4.306083329471946
1789454209832153000,6.751153076171875,-6.505975884971022,-5.970547404277324,4.265585607127845
1789454209842093000,6.761093017578125,-6.5906988257497545,-5.906945577460527,4.223869448904693
1789454209852033000,6.771032958984375,-6.671937431544065,-5.843873911997676,4.183865355296433
1789454209861973000,6.780972900390625,-6.754522191250324,-5.781088077738881,4.138340452440083
1789454209871913000,6.790912841796875,-6.8381672736644745,-5.719464272996783,4.086272703811526
1789454209881854000,6.80085400390625,-6.917817148962617,-5.658537802869081,4.036723952266573
1789454209891794000,6.8107939453125,-6.99190763656795,-5.5967345499068495,3.995016854132712
1789454209901734100,6.820734130859375,-7.063602168947458,-5.532347125670314,3.9584123398348687
1789454209911674000,6.830674072265625,-7.133713231527805,-5.465690587458014,3.9251413538739084
1789454209921613800,6.84061376953125,-7.203525018900632,-5.397819997280836,3.891424085450172
1789454209931555000,6.85055517578125,-7.272682726278901,-5.327589107713103,3.8594457696482536
1789454209941495000,6.8604951171875,-7.340826872700452,-5.253954547181725,3.8312680151730776
1789454209951435000,6.87043505859375,-7.405247030162811,-5.180531583574414,3.807200618626177
1789454209961375000,6.880375,-7.467415024784207,-5.109959333223104,3.7810631378069517
1789454209971316200,6.890316162109375,-7.530767845275998,-5.039775789928436,3.7494820046290753
1789454209981256000,6.900255859375,-7.59128281199336,-4.968541860798001,3.722415718527138
1789454209991196000,6.91019580078125,-7.645847930395603,-4.896143856324255,3.706639472724497
1789454210001136000,6.92013623046875,-7.696461096301674,-4.824838323262334,3.6953757359102366
1789454210011076000,6.930076171875,-7.745489623364806,-4.758683889353275,3.6786806216970085
1789454210021017000,6.94001708984375,-7.785202040550113,-4.696344045296311,3.674970661263168
1789454210030957000,6.94995703125,-7.814828532528876,-4.634081650389731,3.691085929761827
1789454210040897000,6.95989697265625,-7.843937138113379,-4.566864555685222,3.713051385593414
1789454210050837000,6.9698369140625,-7.87666510323882,-4.497263488453626,3.7286943604052065
1789454210060777000,6.97977685546875,-7.906751613944769,-4.429932119719684,3.745582366842031
1789454210070718000,6.989718017578125,-7.933136347523331,-4.3626156562939284,3.7687244652375576
1789454210080658000,6.999657958984375,-7.960263423901796,-4.29194695983082,3.7926024766921995
1789454210090598100,7.00959814453125,-7.981663354805112,-4.224785686966777,3.822906137280166
1789454210100538000,7.0195380859375,-7.993756528180837,-4.166247281019389,3.8616874110952017
1789454210110477800,7.029477783203125,-8.00234958448112,-4.113054327753186,3.900710384711623
1789454210120419000,7.039419189453125,-8.008564805734157,-4.064960451191664,3.938189343756437
1789454210130359000,7.049359130859375,-8.010566208684445,-4.026611723574995,3.9733685014262794
1789454210140299000,7.059299072265625,-8.007865717554091,-3.9957869617223736,4.009761418800056
1789454210150239000,7.069239013671875,-8.002972684815525,-3.9668963828027244,4.0480356198757885
1789454210160179000,7.079178955078125,-7.992906048831343,-3.942158831909299,4.09185050394386
1789454210170120000,7.089119873046875,-7.979246356791258,-3.9246801661029456,4.135084957775473
1789454210180060000,7.099059814453125,-7.965818135419488,-3.9105940653443336,4.174130143223703
1789454210190000000,7.109000244140625,-7.953466018846631,-3.897795958569646,4.209511545467376
1789454210199939800,7.11893994140625,-7.93914289446175,-3.8901252778112885,4.2434994475260375
1789454210209881000,7.128881103515625,-7.921167677310109,-3.888374927012622,4.278551471684873
1789454210219821000,7.138821044921875,-7.8989190206229685,-3.8913656332612034,4.316797031188011
1789454210229761000,7.148760986328125,-7.871269966197014,-3.9033556385233994,4.356295221100748
1789454210239701000,7.158700927734375,-7.843429773113131,-3.9206244609713554,4.3908658914834255
1789454210249641000,7.168640869140625,-7.818949411851167,-3.9375434470683333,4.419294113588333
1789454210259582000,7.17858203125,-7.7897928754717105,-3.956785030893981,4.453469354912638
1789454210269522000,7.18852197265625,-7.760258153429627,-3.977224300071597,4.4867005933851
1789454210279462100,7.198462158203125,-7.72763423320055,-4.001565545123816,4.521235900193453
1789454210289402000,7.208402099609375,-7.6936530531436205,-4.028196654678881,4.5554108492568135
1789454210299341800,7.218341796875,-7.66133249977529,-4.056339922362565,4.584809085437655
1789454210309283000,7.228282958984375,-7.634938413846492,-4.08490316902399,4.603442181976139
1789454210319223000,7.23822314453125,-7.615875985980034,-4.114813154119253,4.608372916376591
1789454210329163000,7.2481630859375,-7.596812389069795,-4.148571339075267,4.609570601728558
1789454210339103000,7.25810302734375,-7.57222213769257,-4.19099535330683,4.611663190093636
1789454210349043200,7.268043212890625,-7.540192676225304,-4.245578007365763,4.614216673968732
1789454210358984000,7.27798388671875,-7.500304317951202,-4.310265875853598,4.619249991960824
1789454210368924000,7.287923828125,-7.453955823752284,-4.380937202665209,4.627781965723633
1789454210378864000,7.297864013671875,-7.408426829242706,-4.450383371596038,4.634619702789188
1789454210388803800,7.307803955078125,-7.364724465638399,-4.516534006112813,4.6402737830281255
1789454210398744000,7.317744140625,-7.31569126240015,-4.584397582027316,4.651274777252972
1789454210408685000,7.32768505859375,-7.262968556994199,-4.653219773840904,4.665533311969042
1789454210418625000,7.337625,-7.209906828892231,-4.72426607144475,4.676416817294061
1789454210428565000,7.34756494140625,-7.154019521975517,-4.799853227348625,4.685277292358875
1789454210438505000,7.3575048828125,-7.097755198439955,-4.878269469198584,4.689859359452128
1789454210448446000,7.367446044921875,-7.041093400019407,-4.958821261772513,4.690787580212951
1789454210458386000,7.377385986328125,-6.98174338542819,-5.042952666398882,4.689810259613394
1789454210468326100,7.387326171875,-6.921046047881245,-5.128794966596365,4.686677514545619
1789454210478266000,7.39726611328125,-6.862909500733018,-5.2133139092355965,4.67890892637074
1789454210488205800,7.407205810546875,-6.80980919418633,-5.294520950847864,4.665289858601987
1789454210498147000,7.41714697265625,-6.753190650385617,-5.376002717748284,4.65439378605634
1789454210508087000,7.427087158203125,-6.6931929855406285,-5.4596629977315665,4.643665179032087
1789454210518027000,7.437027099609375,-6.63078592146635,-5.545295454570651,4.631717551606894
1789454210527967000,7.446967041015625,-6.564494124913216,-5.635708131423592,4.616994029727578
1789454210537907200,7.4569072265625,-6.494214135506748,-5.729042833203077,4.601484910428524
1789454210547848000,7.466847900390625,-6.426088693785667,-5.821121981963515,4.581514135545492
1789454210557788000,7.476787841796875,-6.355777724719047,-5.915441603127122,4.5587300568073985
1789454210567728000,7.48672802734375,-6.281380363121628,-6.010385493668913,4.537608066062629
1789454210577667800,7.496667724609375,-6.213392868566513,-6.10082681209445,4.510436273759603
1789454210587608000,7.506608154296875,-6.151165837234259,-6.185751997447014,4.479953749473393
1789454210597549000,7.516549072265625,-6.0877557335972785,-6.267825300499797,4.452415169684588
1789454210607489000,7.526489013671875,-6.013072540795803,-6.354838398042321,4.430506996998191
1789454210617429000,7.536428955078125,-5.932624793118238,-6.44771658822596,4.404695094871521
1789454210627369000,7.546368896484375,-5.856466267067193,-6.541220216831564,4.368592100355029
1789454210637309200,7.55630908203125,-5.78039834190905,-6.6340908082306385,4.3296880769431585
1789454210647250700,7.566250732421875,-5.697786694195866,-6.728332103461026,4.293615477564931
1789454210657191000,7.57619091796875,-5.609529149550199,-6.825905757984518,4.255647858220339
1789454210667130600,7.586130615234375,-5.523601509156823,-6.9225114442586895,4.211773060658574
1789454210677070800,7.59607080078125,-5.4472039136528965,-7.0124547500342125,4.162194206236302
1789454210687010800,7.6060107421875,-5.377809474909305,-7.095652088680863,4.111112253774702
1789454210696951800,7.615951904296875,-5.306202036291361,-7.1781743045449256,4.060595533980429
1789454210706891800,7.625891845703125,-5.229387676680088,-7.264335753694176,4.006655561739206
1789454210716831700,7.635831787109375,-5.158616688886284,-7.34987760964036,3.9418724161833523
1789454210726771700,7.645771728515625,-5.095435133308172,-7.432754045769572,3.867955531579256
1789454210736712700,7.655712646484375,-5.0344192313313485,-7.51353146379292,3.7910192991539833
1789454210746653000,7.66565283203125,-4.969284203597903,-7.593271355462074,3.7173718791410324
1789454210756592600,7.675592529296875,-4.893086222319305,-7.675965420761704,3.6479675035253165
1789454210766532600,7.68553271484375,-4.821881519283354,-7.758617985007167,3.5670258348509667
1789454210776472800,7.695472900390625,-4.768276185823977,-7.833794514283538,3.473555523993075
1789454210786413600,7.70541357421875,-4.720964691811799,-7.899924982795119,3.3873367916986346
1789454210796353800,7.715353759765625,-4.6721910162925715,-7.961471046125888,3.309980580295622
1789454210806293800,7.725293701171875,-4.622841878972947,-8.022479349318147,3.2310300854384897
1789454210816234000,7.73523388671875,-4.5705043734923,-8.083873436957598,3.1514845472976565
1789454210826173700,7.745173583984375,-4.513970585365593,-8.143457844826578,3.078720632120967
1789454210836114700,7.75511474609375,-4.4593022988498205,-8.197623734778166,3.0139626210063692
1789454210846055000,7.765054931640625,-4.408013425639272,-8.245919855913519,2.9571240047141907
1789454210855994600,7.77499462890625,-4.356171886982024,-8.290748008677364,2.9082077058538793
1789454210865934800,7.784934814453125,-4.306719873809814,-8.333396479314565,2.8595477198421952
1789454210875874800,7.794874755859375,-4.264479399451613,-8.373757715797424,2.8044159074679014
1789454210885815800,7.80481591796875,-4.228599107775092,-8.41289087179005,2.7409198791131377
1789454210895755800,7.814755859375,-4.194842091862857,-8.451913553145527,2.671867677935958
1789454210905695700,7.82469580078125,-4.159901126863062,-8.49150146716833,2.6000036342084405
1789454210915635700,7.8346357421875,-4.1179771711081266,-8.533255034792422,2.5290686880245805
1789454210925576700,7.84457666015625,-4.068857166369259,-8.576327283799648,2.4619895404860377
1789454210935517000,7.854516845703125,-4.019718164668977,-8.617106453433632,2.3995224167875944
1789454210945456600,7.86445654296875,-3.977873411630094,-8.652459506365656,2.3413315091036258
1789454210955396600,7.874396728515625,-3.937991190835833,-8.683656608662009,2.2927479493290184
1789454210965336800,7.8843369140625,-3.8906218291565775,-8.713967575773596,2.2583637414291498
1789454210975277600,7.894277587890625,-3.836899006797373,-8.745641647931933,2.2276351334273814
1789454210985217800,7.9042177734375,-3.787601599664986,-8.777609150078892,2.18587133667022
1789454210995157800,7.91415771484375,-3.745867905785143,-8.809870666736364,2.1272179260410367
1789454211005098000,7.924097900390625,-3.708075643007457,-8.841742307293414,2.0601370249368247
1789454211015037700,7.93403759765625,-3.671493632802367,-8.87052650322914,2.0010694805487987
1789454211024979000,7.94397900390625,-3.6326258497476576,-8.895400832244754,1.961187405885011
1789454211034919000,7.9539189453125,-3.590083762094378,-8.917601558136939,1.9385643629275262
1789454211044858600,7.963858642578125,-3.547647765164077,-8.937129849949478,1.9267351011849938
1789454211054798800,7.973798828125,-3.5141359561845658,-8.954501840510964,1.9073782204166054
1789454211064738800,7.98373876953125,-3.4895290459334847,-8.970224894821643,1.878462214794755
1789454211074679800,7.9936796875,-3.4704172259673474,-8.983701046988367,1.8492469339653848
1789454211084619800,8.003619873046874,-3.451783252646029,-8.994705840605496,1.8305257207520305
1789454211094559700,8.013559814453124,-3.428579779452085,-9.00538680909574,1.821604455410689
1789454211104499700,8.023499755859374,-3.398694928798079,-9.01738002922833,1.8182637666806578
1789454211114439700,8.033439697265624,-3.366555577215552,-9.030568012103437,1.8126054486580192
1789454211124381000,8.043380859375,-3.3387063240423798,-9.042598057115077,1.8041262279957533
1789454211134320600,8.053320556640625,-3.316838775627315,-9.052150898358226,1.7965302199088036
1789454211144260600,8.063260498046875,-3.300728475564718,-9.058492960861324,1.794238455709815
1789454211154200800,8.073200927734375,-3.291310366617143,-9.06083163294196,1.7997144029028713
1789454211164140800,8.083140869140625,-3.2863746637806295,-9.060189243385196,1.8119405550085006
1789454211174081800,8.093081787109375,-3.2829163400202988,-9.058163290515541,1.828247546686977
1789454211184021800,8.103021728515625,-3.2831296905100342,-9.055763828158378,1.8397291640356181
1789454211193962000,8.1129619140625,-3.2896018091335892,-9.052343790581823,1.8449885458685458
1789454211203901700,8.122901611328125,-3.301540084208548,-9.04692235005498,1.8502561110079287
1789454211213841700,8.132841552734375,-3.318039675849676,-9.039287325131893,1.8580265988789497
1789454211223782700,8.14278271484375,-3.337468891201913,-9.029546852362156,1.8705581636719404
1789454211233722600,8.15272265625,-3.3629666128128766,-9.016341333830356,1.888496848205477
1789454211243662800,8.162662841796875,-3.3968799883306025,-8.999710517024994,1.907046065852791
1789454211253602800,8.172602783203125,-3.4333129454538223,-8.98131035245955,1.9284213007062672
1789454211263543800,8.182543701171875,-3.4665807165443896,-8.962872193971275,1.9545150885142384
1789454211273483800,8.19248388671875,-3.495366081523895,-8.94531549449265,1.9834597357086836
1789454211283423700,8.202423828125,-3.521416176320612,-8.92882847007215,2.0114779157079754
1789454211293363700,8.21236376953125,-3.545654253259301,-8.912475301164388,2.0411979311890898
1789454211303303700,8.2223037109375,-3.5730408573567867,-8.893554912117123,2.075689837247133
1789454211313245000,8.232244873046875,-3.609521745274961,-8.87077200242281,2.109782660984993
1789454211323184600,8.2421845703125,-3.653554071485996,-8.845304968211055,2.140676834812015
1789454211333124900,8.252124755859375,-3.699218967334926,-8.81825154159069,2.173609382598847
1789454211343064800,8.26206494140625,-3.746141169768572,-8.790171694532036,2.206729123520851
1789454211353004800,8.2720048828125,-3.7943259394839406,-8.759384342080354,2.246468428713083
1789454211362945800,8.28194580078125,-3.844032219678163,-8.72472394758761,2.296305641810596
1789454211372885800,8.2918857421875,-3.896407426820695,-8.687274214637279,2.3494078480534255
1789454211382825700,8.30182568359375,-3.948791694052517,-8.647665257826446,2.407346826802939
1789454211392765700,8.311765625,-3.998869437907636,-8.605987678048015,2.4731346193566917
1789454211402705700,8.32170556640625,-4.046250490024685,-8.564602943736315,2.5388641058519483
1789454211412646700,8.331646728515626,-4.089539888913929,-8.525871354281902,2.5991443870306012
1789454211422586600,8.341586669921876,-4.131305731497704,-8.489913905715943,2.6502926827266813
1789454211432526800,8.35152685546875,-4.174911941251159,-8.456479838147759,2.688570390933752
1789454211442466800,8.361466796875,-4.213777093957364,-8.427014089688658,2.720282749275863
1789454211452406500,8.371406494140626,-4.2429365529462695,-8.400554537308215,2.7565523325309154
1789454211462347800,8.38134765625,-4.2653813167273995,-8.374519347819685,2.800779889053106
1789454211472287700,8.391287841796874,-4.286079821363091,-8.346215628877282,2.8531729241132733
1789454211482227700,8.401227783203124,-4.306533995848894,-8.316376370930671,2.908958231960237
1789454211492167700,8.411167724609374,-4.328829706548154,-8.287330893710255,2.9583401025056837
1789454211502108000,8.42110791015625,-4.355749569916725,-8.260271037349105,2.994291705852747
1789454211512048600,8.431048583984374,-4.387945912383496,-8.234461473309993,3.0182746389865875
1789454211521988900,8.44098876953125,-4.421335264027118,-8.208503440710901,3.040177550975978
1789454211531928800,8.4509287109375,-4.455096663853526,-8.183674119880795,3.0577734134212133
1789454211541868800,8.460868896484374,-4.491016703018546,-8.159788217380642,3.069040365105867
1789454211551809800,8.470809814453125,-4.5349519985958935,-8.131269978904724,3.080105656738579
1789454211561749800,8.480749755859375,-4.593087961222231,-8.093832520914077,3.0925393141150472
1789454211571689700,8.490689697265625,-4.662055406725407,-8.052856367403269,3.096308895781636
1789454211581629700,8.500629638671874,-4.733383736141025,-8.009277337917686,3.101124187108874
1789454211591569700,8.510569580078124,-4.806350188152492,-7.962282947030663,3.1099004910215733
1789454211601510700,8.5205107421875,-4.881900519177317,-7.912633657720685,3.118920248301327
1789454211611450600,8.53045068359375,-4.952762692385912,-7.863398794430494,3.1316870831549166
1789454211621390800,8.540390869140625,-5.010215933445096,-7.818899142968654,3.1516508437752724
1789454211631330800,8.550330810546875,-5.055392461255193,-7.779999211210012,3.175694859446585
1789454211641270800,8.560270751953125,-5.098075418683886,-7.742710806301235,3.1985081642791626
1789454211651211500,8.57021142578125,-5.143171282473206,-7.704197828033566,3.219237064053118
1789454211661151500,8.5801513671875,-5.186934436354041,-7.66674166534245,3.2383973993360993
1789454211671091200,8.59009130859375,-5.2247670311421155,-7.631449402686953,3.260855314859748
1789454211681031400,8.600031494140625,-5.256879494717717,-7.597086529836059,3.2893601093322036
1789454211690971400,8.609971435546875,-5.286531705659628,-7.562512644582986,3.321357422095537
1789454211700912400,8.619912353515625,-5.3187815318793055,-7.5258233746111385,3.3530542906075715
1789454211710852400,8.629852294921875,-5.352600799372792,-7.48887574596405,3.381835563933849
1789454211720792600,8.63979248046875,-5.387281067609787,-7.453864053815603,3.404045057654381
1789454211730732500,8.649732666015625,-5.419444384589791,-7.421059516322613,3.4246009389489886
1789454211740672300,8.65967236328125,-5.449464844322204,-7.389366739463806,3.4454242390081284
1789454211750613500,8.669613525390625,-5.4854345678478476,-7.3535747105926275,3.464870113234222
1789454211760553500,8.679553466796875,-5.532731156551837,-7.31136521589458,3.478970827040076
1789454211770493400,8.689493408203125,-5.587491505265236,-7.264937226718664,3.4886923028483983
1789454211780433400,8.699433349609375,-5.644681126952171,-7.217986090451478,3.4940801333665847
1789454211790373400,8.709373291015625,-5.7013820883393285,-7.170802898994088,3.4991666428506374
1789454211800314400,8.719314453125,-5.755601169782877,-7.122585688313841,3.5088828579619524
1789454211810254300,8.72925439453125,-5.813240288802981,-7.070394897827506,3.519390807972848
1789454211820194600,8.739194580078125,-5.877601994076371,-7.011337728703022,3.5306244419097896
1789454211830134300,8.74913427734375,-5.940189090892672,-6.948497533908486,3.55005745665431
1789454211840075500,8.759075439453126,-5.995283201605081,-6.884514598819613,3.581962122698128
1789454211850015500,8.769015380859376,-6.04517448297739,-6.8201751053780315,3.6209821737051007
1789454211859955500,8.77895556640625,-6.089324590349197,-6.756452867051959,3.6661794520422815
1789454211869895400,8.7888955078125,-6.130354519873857,-6.691243605038523,3.717048346275091
1789454211879835400,8.79883544921875,-6.172906544399261,-6.62140609870255,3.771286132419109
1789454211889775600,8.808775634765626,-6.215889361557364,-6.548889144024253,3.8269013443961737
1789454211899716400,8.81871630859375,-6.262437177720666,-6.474290122374891,3.8776074492827055
1789454211909656600,8.828656494140626,-6.313558877670765,-6.3980041705518955,3.921084187437594
1789454211919596500,8.838596435546876,-6.362927011951804,-6.32123248103857,3.9655484753251073
1789454211929536300,8.848536376953126,-6.40614539143145,-6.248316297909617,4.011265978144109
1789454211939477500,8.8584775390625,-6.444383059889078,-6.181372759449482,4.053508790589869
1789454211949417500,8.86841748046875,-6.482901298853754,-6.119025901129842,4.086547429099679
1789454211959357400,8.878357421875,-6.525894052883983,-6.059821432489156,4.1063025154054165
1789454211969297400,8.88829736328125,-6.573700344675779,-6.002799568584561,4.11379257889986
1789454211979237400,8.8982373046875,-6.621527679255604,-5.948458906587958,4.116016684690117
1789454211989178400,8.908178466796874,-6.670798198381066,-5.8949541108936065,4.113428421762586
1789454211999118300,8.918118408203124,-6.725404817837476,-5.840897526535391,4.101611727240681
1789454212009058600,8.92805859375,-6.784765938344598,-5.784927802032232,4.083130314132571
1789454212018998300,8.937998291015624,-6.845289672890305,-5.727103389573097,4.06358624022901
1789454212028938500,8.9479384765625,-6.902589184692502,-5.671440539062023,4.044682217794657
1789454212038879500,8.95787939453125,-6.956137819528579,-5.619578249877691,4.025278136883676
1789454212048819500,8.9678193359375,-7.009694053149223,-5.569737237387895,4.001572267125547
1789454212058759400,8.977759521484375,-7.064834341090918,-5.519576491424441,3.97401001420021
1789454212068699400,8.987699462890625,-7.117573997631669,-5.468028090494871,3.951106400735676
1789454212078639600,8.9976396484375,-7.162680967336892,-5.418316841864586,3.938051396590471
1789454212088580400,9.007580322265625,-7.199990999555587,-5.370013706466556,3.936177419412136
1789454212098520600,9.0175205078125,-7.229633858147263,-5.321296729570627,3.9479870996713635
1789454212108460500,9.02746044921875,-7.252120415243506,-5.271679004442691,3.9732282161727546
1789454212118400300,9.037400146484375,-7.267820088678598,-5.22108512775898,4.011168362988531
1789454212128340500,9.047340576171875,-7.282690325552225,-5.168200509789585,4.052476232671737
1789454212138281500,9.057281494140625,-7.3023589026182885,-5.112544673541188,4.087525334221125
1789454212148221400,9.067221435546875,-7.327620185124874,-5.054430922746658,4.114500434908271
1789454212158161400,9.077161376953125,-7.35567665130794,-4.994993229871988,4.136962734346091
1789454212168101600,9.0871015625,-7.388949975356459,-4.933155490118265,4.15183910869956
1789454212178041300,9.097041259765625,-7.421005740308761,-4.871789167268574,4.167101559761166
1789454212187982300,9.106982421875,-7.450234172880649,-4.8125408594861625,4.183765402053297
1789454212197922600,9.116922607421875,-7.476368146568536,-4.752937454655767,4.2052170631438495
1789454212207862300,9.1268623046875,-7.499183789488673,-4.691831536307931,4.233121845896542
1789454212217802500,9.136802490234375,-7.519772988530993,-4.628943118457496,4.265710402551293
1789454212227743500,9.146743408203125,-7.541781406721472,-4.561575509366393,4.299298491637408
1789454212237683500,9.156683349609375,-7.56267280358076,-4.489457198616862,4.3383384163886305
1789454212247623400,9.16662353515625,-7.58050364382565,-4.415470755907893,4.382920485436916
1789454212257563400,9.1765634765625,-7.594171519172191,-4.344324797321856,4.430097539414465
1789454212267503600,9.186503662109375,-7.5975769437015055,-4.277176091678441,4.489208192291856
1789454212277444400,9.1964443359375,-7.592223307713866,-4.2161493760466575,4.555502619193494
1789454212287384600,9.206384521484376,-7.5820234007388345,-4.163901886937022,4.620084689219295
1789454212297324500,9.216324462890626,-7.57151486620605,-4.120518087762594,4.675879641677439
1789454212307264300,9.22626416015625,-7.562611428782343,-4.085677076005935,4.720645542860031
1789454212317204500,9.23620458984375,-7.555103245109319,-4.056873298586905,4.757367253796756
1789454212327145200,9.246145263671876,-7.548510422715545,-4.030836063271761,4.789856441730261
1789454212337085400,9.25608544921875,-7.543861135604977,-4.00676077567935,4.817301498016715
1789454212347025400,9.266025390625,-7.5395456104934215,-3.9847371599197383,4.842261459489166
1789454212356965600,9.275965576171876,-7.534450917702912,-3.9662250594124195,4.865334292040765
1789454212366905300,9.2859052734375,-7.524578927507996,-3.953363532012701,4.891009708306193
1789454212376846300,9.295846435546874,-7.511762700554728,-3.944481721898913,4.917811205992102
1789454212386786600,9.30578662109375,-7.497144977137446,-3.941578109411895,4.942384506234526
1789454212396726300,9.315726318359374,-7.478764686316251,-3.942451092854142,4.969463651818037
1789454212406666500,9.32566650390625,-7.459581262418627,-3.9467002747312185,4.994854698184132
1789454212416606500,9.3356064453125,-7.441323136672377,-3.9525568918049334,5.01740730625391
1789454212426547500,9.34554736328125,-7.422800222510099,-3.959493997591734,5.039323369985818
1789454212436487400,9.3554873046875,-7.403119370484352,-3.9717905845850705,5.058568753203749
1789454212446427400,9.365427490234374,-7.378151517966389,-3.9924300525099037,5.078755216664075
1789454212456367600,9.37536767578125,-7.348484693977237,-4.021765452587604,5.098582199162244
1789454212466307300,9.385307373046874,-7.313776953211426,-4.061398082534969,5.117041984960436
1789454212476248600,9.39524853515625,-7.274629184171557,-4.109328000706434,5.13454783103466
1789454212486188300,9.405188232421875,-7.23838590440154,-4.15891620747894,5.145833195158839
1789454212496128300,9.415128173828125,-7.204793431401252,-4.207254998712242,5.153672218221426
1789454212506068500,9.425068359375,-7.172400397318601,-4.258303925687074,5.156924498015642
1789454212516009200,9.43500927734375,-7.139836098322272,-4.314724901089072,5.155223539316654
1789454212525949400,9.444949462890625,-7.105738598409294,-4.376061121061444,5.150626859176159
1789454212535889400,9.454889404296875,-7.071888351255655,-4.44148461034745,5.141208457967639
1789454212545829600,9.46482958984375,-7.037110467863083,-4.510244842840731,5.129048064574599
1789454212555769300,9.474769287109375,-6.99923695654273,-4.583239059641957,5.116148835512996
1789454212565710600,9.484710693359375,-6.956086966124176,-4.661467962226271,5.104311098203063
1789454212575650600,9.494650634765625,-6.907801366382837,-4.743327622528374,5.0944624888837335
1789454212585590300,9.50459033203125,-6.853563580238819,-4.8295527845636,5.086700622710585
1789454212595530500,9.514530517578125,-6.79664108505547,-4.918691495957971,5.0776469631612295
1789454212605470500,9.524470458984375,-6.737162475648522,-5.00947943586409,5.068151989585161
1789454212615411500,9.534411376953125,-6.67060472163558,-5.104003639689088,5.061875978055596
1789454212625351400,9.544351318359375,-6.606412527710199,-5.201209045422077,5.047087574246525
1789454212635291400,9.55429150390625,-6.547879090198874,-5.2993999550610775,5.02115467608869
1789454212645231400,9.5642314453125,-6.48492316007018,-5.401733955854177,4.993739430418611
1789454212655171300,9.57417138671875,-6.413146210104227,-5.507967302173376,4.9703392656087875
1789454212665112600,9.584112548828125,-6.3397694237262,-5.611524707281589,4.94858862157166
1789454212675052300,9.59405224609375,-6.255828573235869,-5.719652489045262,4.931586633366346
1789454212684992500,9.603992431640625,-6.172467568460107,-5.827488594385981,4.910339847198128
1789454212694932500,9.613932373046875,-6.101315472394227,-5.930527528578042,4.875778529165685
1789454212704872700,9.623872802734375,-6.0292445079177615,-6.032688510891795,4.839965749767423
1789454212714813400,9.6338134765625,-5.94700110899508,-6.141377433669566,4.804900866127014
1789454212724753700,9.643753662109376,-5.864872860884666,-6.254761820787191,4.759370118051767
1789454212734693600,9.653693603515626,-5.785617537862062,-6.370259839057922,4.702846851319074
1789454212744633300,9.66363330078125,-5.706895883324742,-6.486108570462465,4.640275828854739
1789454212754573600,9.673573486328126,-5.632120336064696,-6.600615824130177,4.569629051962495
1789454212764514600,9.6835146484375,-5.560778270384669,-6.713186556777358,4.492352627797424
1789454212774454500,9.69345458984375,-5.486659141206741,-6.8250880118608475,4.4141924065351485
1789454212784394500,9.70339453125,-5.409509266030788,-6.936144832813739,4.335604022988677
1789454212794334500,9.71333447265625,-5.341103838324546,-7.039578903803229,4.252925739780068
1789454212804274400,9.7232744140625,-5.27880607984364,-7.133216387921571,4.173943096219003
1789454212814215400,9.73321533203125,-5.214025272375345,-7.220734512376785,4.1043057886302465
1789454212824155600,9.74315576171875,-5.15985645981431,-7.299148708400129,4.033446830292045
1789454212834095400,9.753095458984374,-5.114329803392291,-7.369090259632467,3.963648194661736
1789454212844035600,9.76303564453125,-5.065642637112736,-7.436638193726539,3.899496332746744
1789454212853975600,9.7729755859375,-5.01464719389081,-7.502547712963819,3.8386809217780824
1789454212863916300,9.782916259765624,-4.955982238954306,-7.566445892378687,3.7891263250142333
1789454212873856500,9.7928564453125,-4.896290279057622,-7.629227634984255,3.740535897107422
1789454212883796500,9.80279638671875,-4.847777008040249,-7.691585014697909,3.6754593215629456
1789454212893736700,9.81273681640625,-4.8023465054690835,-7.756937484574317,3.5969092242002487
1789454212903676400,9.822676513671874,-4.753932603172958,-7.826036155241727,3.510506367510557
1789454212913617700,9.83261767578125,-4.7048798184514045,-7.8947741759032,3.4215538263380525
1789454212923557600,9.8425576171875,-4.658035357429087,-7.96072285810709,3.331665173359215
1789454212933497300,9.852497314453124,-4.611875663800538,-8.024060481029748,3.242751502892375
1789454212943437600,9.8624375,-4.5585938632071015,-8.08612559979856,3.1629408840745685
1789454212953377500,9.87237744140625,-4.503655235317349,-8.14528506025374,3.088988928157091
1789454212963318500,9.882318603515625,-4.4634635101825,-8.197878001800179,3.0071105631545185
1789454212973258500,9.892258544921875,-4.427335381224752,-8.247323877492546,2.92416135405004
1789454212983198500,9.902198486328125,-4.37721467501074,-8.29981686579585,2.8501600060328838
1789454212993138400,9.912138427734375,-4.324674632695317,-8.353332767406105,2.772976520848274
1789454213003078400,9.922078369140625,-4.280333971187472,-8.403690497246384,2.6883216768696903
1789454213013019600,9.93201953125,-4.232615649940073,-8.452050331267714,2.6111636183872817
1789454213022959400,9.94195947265625,-4.169391132003069,-8.501365274056791,2.552132460486889
1789454213032899600,9.951899658203125,-4.104035447256267,-8.54890677743256,2.498694300287962
1789454213042839600,9.961839599609375,-4.0510467843905085,-8.591325530967115,2.4389585012495516
1789454213052779500,9.971779541015625,-4.00283366536349,-8.631440099212528,2.3761263436309994
1789454213062720500,9.981720458984375,-3.9452401390507816,-8.673581204849482,2.318290094603598
1789454213072660500,9.991660400390625,-3.880683203466236,-8.717408656138181,2.2621859300658107
1789454213082600700,10.0016005859375,-3.821428173682093,-8.759439287137985,2.199843747921288
1789454213092540400,10.01154052734375,-3.772591954320669,-8.796751072922348,2.134267260030657
1789454213102480400,10.02148046875,-3.7297578979834913,-8.829449811953305,2.0736774745114146
1789454213112421600,10.031421630859375,-3.682269878360629,-8.859715186357498,2.0289687103435394
1789454213122361300,10.041361328125,-3.6306621484592556,-8.88921659065187,1.9926187553286552
1789454213132301600,10.051301513671875,-3.5852623332872984,-8.916243713787198,1.9536809757776556
1789454213142241500,10.061241455078125,-3.5503514711648223,-8.93940247105658,1.911152916649729
1789454213152181500,10.071181396484375,-3.524970069409907,-8.95930134974718,1.8643787443846462
1789454213162122500,10.08112255859375,-3.504596266683936,-8.976315028390287,1.8204343887180088
1789454213172062500,10.0910625,-3.489853455582261,-8.989163988569379,1.7850033021137117
1789454213182002400,10.10100244140625,-3.480994441822171,-8.997617344138026,1.759539336641878
1789454213191942400,10.1109423828125,-3.47952320022583,-9.000503713229298,1.7476371557936072
1789454213201882600,10.120882568359375,-3.4804318395033476,-8.99984554158151,1.749217849113792
1789454213211823400,10.1308232421875,-3.4820135557368395,-8.996815380105376,1.761614973872155
1789454213221763600,10.140763671875,-3.4827202427014705,-8.991600860327482,1.786657645191997
1789454213231703600,10.15070361328125,-3.484399866351485,-8.984334668716787,1.8196371008604764
1789454213241643500,10.1606435546875,-3.492287404730916,-8.9738658816725,1.8558217823110519
1789454213251583500,10.17058349609375,-3.511278228665888,-8.958674742281437,1.8930035119749604
1789454213261524500,10.1805244140625,-3.536333467206359,-8.940038430872558,1.9340195591047404
1789454213271464700,10.190464599609374,-3.56431540684849,-8.91957665760219,1.9766672990895806
1789454213281404400,10.200404296875,-3.5972277886301276,-8.897208173927664,2.0174393083304167
1789454213291344400,10.210344482421876,-3.6366280711263417,-8.871913573673368,2.0577926537677644
1789454213301284600,10.22028466796875,-3.684544837555289,-8.841699052673578,2.1021100805304944
1789454213311225300,10.230225341796874,-3.743053725147247,-8.804929118680953,2.152485199896991
1789454213321165600,10.24016552734375,-3.809519416962564,-8.762349621626734,2.208889662555605
1789454213331105500,10.25010546875,-3.8788855063945054,-8.715605406108498,2.2721951367743314
1789454213341045500,10.26004541015625,-3.946153162242472,-8.665871945646405,2.345401388891041
1789454213350985500,10.2699853515625,-4.008088809412717,-8.613446761882305,2.4318963077783584
1789454213360926700,10.2799267578125,-4.062819932031632,-8.56072990169525,2.5254320850878953
1789454213370866400,10.289866455078124,-4.112614767292142,-8.508934248006343,2.6181799268901345
1789454213380806400,10.299806396484374,-4.15783367293924,-8.458698683241009,2.707995806893706
1789454213390746600,10.30974658203125,-4.198649375191331,-8.41132669121325,2.7912971904367208
1789454213400686600,10.3196865234375,-4.230296851603686,-8.366990705880522,2.875483247859776
1789454213410627600,10.329627685546875,-4.249323039112985,-8.32820417136848,2.9588305163711306
1789454213420567600,10.339567626953125,-4.258323214909434,-8.297637768191098,3.030888329105079
1789454213430507500,10.349507568359375,-4.2596094553276895,-8.274927923732996,3.09058554969877
1789454213440447500,10.359447509765625,-4.257095426680148,-8.257704401731491,3.1397181216582655
1789454213450387500,10.369387451171875,-4.258044397968054,-8.24370042629838,3.1750293812751766
1789454213460328700,10.37932861328125,-4.2638168438896535,-8.230255253791809,3.202059719280898
1789454213470268400,10.389268310546875,-4.276251670309901,-8.215392615702747,3.223575093257427
1789454213480208400,10.39920849609375,-4.299819008380174,-8.197452469864487,3.2378602237194776
1789454213490148600,10.409148681640625,-4.333933167167007,-8.175506595516204,3.2478432730734346
1789454213500088600,10.419088623046875,-4.376623431119323,-8.14992557953596,3.254881208886206
1789454213510029600,10.429029541015625,-4.421894943736493,-8.12109520637095,3.2657401642918584
1789454213519969500,10.438969482421875,-4.4634059347763655,-8.091323752963543,3.2831185845941304
1789454213529909500,10.448909423828125,-4.499987944981456,-8.06092686113417,3.307856427748501
1789454213539849500,10.458849365234375,-4.535803062467277,-8.02618404905498,3.343241629384458
1789454213549789400,10.46878955078125,-4.574340006132424,-7.986221456500887,3.386153134872019
1789454213559730400,10.47873046875,-4.622924296559393,-7.943485307580232,3.4205224374637004
1789454213569670400,10.48867041015625,-4.685289275057613,-7.896637631687521,3.4440684404850006
1789454213579610600,10.498610595703125,-4.756527295841276,-7.847896104872226,3.457798275151849
1789454213589550600,10.508550537109375,-4.832494683234393,-7.798507512325048,3.4641958672344684
1789454213599490300,10.518490234375,-4.915258598899841,-7.746127921268344,3.4652719720333813
1789454213609431600,10.528431640625,-5.005941324865818,-7.689642648458481,3.461261275087297
1789454213619371500,10.53837158203125,-5.098978505003452,-7.631537080970406,3.4540535356655715
1789454213629311500,10.5483115234375,-5.183702614825964,-7.57604491085112,3.450091061775386
1789454213639251500,10.55825146484375,-5.259628501164912,-7.52203508824408,3.4533518171370026
1789454213649191400,10.56819140625,-5.328183566474914,-7.470055894681811,3.461090886956453
1789454213659132200,10.578132080078126,-5.385121259227395,-7.424575415489077,3.470817038939893
1789454213669072400,10.588072265625,-5.429977469041943,-7.388040459296107,3.4788837332785127
1789454213679012400,10.598012451171876,-5.469674688658118,-7.354784670904278,3.487139812709391
1789454213688952300,10.607952392578126,-5.5115118429124355,-7.3188675543487065,3.496828263030946
1789454213698892300,10.617892333984376,-5.556307846972346,-7.280651513200998,3.50570744279623
1789454213708833300,10.627833251953126,-5.60695433062613,-7.239452656850219,3.510386540523171
1789454213718773200,10.637773193359376,-5.6617187709927554,-7.193857026845216,3.5162139315024015
1789454213728713200,10.647713134765626,-5.7187745371669525,-7.145158170127869,3.523175294947624
1789454213738653400,10.6576533203125,-5.775339889475703,-7.093890339705347,3.5344875470787285
1789454213748593400,10.667593505859376,-5.826720532622933,-7.0430410269558426,3.5517981628417967
1789454213758534100,10.6775341796875,-5.876600708079338,-6.993070250606537,3.568322888924181
1789454213768474400,10.687474365234374,-5.920791731983423,-6.945175696009397,3.588746960532665
1789454213778414300,10.697414306640624,-5.96305850982666,-6.9013330471515655,3.603316753154993
1789454213788354300,10.707354248046874,-6.0127574834972615,-6.856803585073352,3.605740473170578
1789454213798294300,10.717294189453124,-6.069668288242816,-6.8071098720997565,3.6045480485156176
1789454213808235500,10.727235595703124,-6.130017835265398,-6.752535401347279,3.6050738259553907
1789454213818175200,10.73717529296875,-6.184892165747285,-6.6949670094758265,3.6186905556365847
1789454213828115200,10.747115234375,-6.22859862100482,-6.640477294397353,3.644038931904733
1789454213838055400,10.757055419921874,-6.275281461724639,-6.585170417717099,3.6642546214595435
1789454213847995400,10.766995361328124,-6.328281230506301,-6.527900716531276,3.675559567067027
1789454213857935000,10.77693505859375,-6.393788598683476,-6.463332675030827,3.676296356908977
1789454213867876400,10.78687646484375,-6.462044388785958,-6.403038657587766,3.662444649428129
1789454213877816300,10.79681640625,-6.529447945973277,-6.348438467872143,3.637864334923029
1789454213887756300,10.80675634765625,-6.6001043674767015,-6.292950973927974,3.6066344994008537
1789454213897696300,10.8166962890625,-6.675012601205706,-6.233752350506186,3.5714071186751126
1789454213907636500,10.826636474609375,-6.751169373691082,-6.171400231489539,3.5363714611291885
1789454213917577200,10.8365771484375,-6.821217892429233,-6.107760410749912,3.512356379291415
1789454213927517400,10.846517333984375,-6.887053761908412,-6.044795712792873,3.492758529374003
1789454213937457400,10.85645751953125,-6.953238590955734,-5.980107259783148,3.472916933828592
1789454213947397000,10.866397216796875,-7.013050377839804,-5.914339779365062,3.4652728488162157
1789454213957337300,10.87633740234375,-7.065735673844814,-5.850006131142377,3.467447562506795
1789454213967278300,10.8862783203125,-7.112518467807769,-5.788327381342649,3.4752994450509544
1789454213977218300,10.89621826171875,-7.153793896526098,-5.729108299654722,3.488683827280998
1789454213987158300,10.906158203125,-7.193344401147961,-5.66756691249907,3.5078286727339028
1789454213997098200,10.91609814453125,-7.237958618900179,-5.599346778231859,3.525571834695339
1789454214007038500,10.92603857421875,-7.288338560572266,-5.525111913719773,3.5388834439501164
1789454214016979200,10.935979248046875,-7.347212189823389,-5.44661880724132,3.538813301323354
1789454214026919400,10.94591943359375,-7.414406488174199,-5.363557077673077,3.5255151360720394
1789454214036859400,10.955859375,-7.482415610039234,-5.277831097331643,3.511174476030469
1789454214046799400,10.96579931640625,-7.547972662577033,-5.191468572652339,3.499592467047274
1789454214056739300,10.9757392578125,-7.610457468062639,-5.104762349101901,3.4918127729564903
1789454214066680300,10.985680419921875,-7.667336124104261,-5.018179459670185,3.4928836170583963
1789454214076620300,10.995620361328125,-7.7220760145515195,-4.932441788890958,3.4944150644093748
1789454214086560300,11.005560302734375,-7.775624064865708,-4.845486266754567,3.497333874465525
1789454214096500500,11.01550048828125,-7.82599406966567,-4.756239418810606,3.507477667339146
1789454214106440200,11.025440185546875,-7.870169311478733,-4.6656996084466575,3.5301632541388273
1789454214116381400,11.03538134765625,-7.908605132856964,-4.574027871443331,3.564078675483167
1789454214126321400,11.0453212890625,-7.941254772049188,-4.478879105979204,3.611991934780776
1789454214136261000,11.05526123046875,-7.964813342291116,-4.383758105304837,3.6762522255063055
1789454214146201300,11.065201416015626,-7.976178785914183,-4.299361035479605,3.750530344638228
1789454214156141300,11.075141357421876,-7.976993609428405,-4.229145928002894,3.827827227069437
1789454214166082300,11.085082275390626,-7.971475138267874,-4.171706130947173,3.9016441584303974
1789454214176022300,11.095022216796876,-7.962309835037589,-4.123158080877364,3.971347516992688
1789454214185962200,11.104962158203126,-7.945228936377167,-4.082131366223097,4.047210567228496
1789454214195902500,11.11490234375,-7.928197722077369,-4.049422690320014,4.1129345007658005
1789454214205842200,11.12484228515625,-7.9214663679957384,-4.018713371540605,4.155804212938249
1789454214215782400,11.134782470703126,-7.9146356451928614,-3.986306308932602,4.199795914877951
1789454214225723400,11.144723388671874,-7.90609636490643,-3.9590132283374664,4.241487230920791
1789454214235663400,11.154663330078124,-7.901790192145109,-3.9368519576728342,4.270050769843161
1789454214245603300,11.164603271484374,-7.895491968783736,-3.9177348770096896,4.29918392534703
1789454214255543300,11.174543212890624,-7.886895405352115,-3.904168708471954,4.327208827348053
1789454214265484300,11.184484375,-7.875188016423582,-3.896146730057895,4.3556627684161064
1789454214275424300,11.19442431640625,-7.855168726223707,-3.895836933456361,4.391942288543284
1789454214285364500,11.204364501953124,-7.83147630046904,-3.9046652598172424,4.4262817805185914
1789454214295304200,11.21430419921875,-7.801009850534796,-3.921186771029234,4.465306215439736
1789454214305244200,11.224244140625,-7.767793809631466,-3.9431495965123173,4.503710764896869
1789454214315184400,11.234184326171874,-7.72504070957601,-3.9740225814208388,4.549871627569198
1789454214325125000,11.244125,-7.674224714574217,-4.011900476655364,4.602315808294713
1789454214335065300,11.2540654296875,-7.619011361396312,-4.057930114163458,4.653419680327176
1789454214345005300,11.26400537109375,-7.559657255151867,-4.111518788748979,4.702911440987885
1789454214354945500,11.273945556640625,-7.496804200875759,-4.169038373042643,4.7526218128353355
1789454214364885200,11.28388525390625,-7.435529940223693,-4.229465661476552,4.795305647046864
1789454214374826200,11.293826171875,-7.369889301055669,-4.295655166698992,4.8376069116815925
1789454214384766500,11.303766357421875,-7.298958738785982,-4.365796332156658,4.882155370721221
1789454214394706200,11.3137060546875,-7.231071781995892,-4.435957955880463,4.919781629282236
1789454214404646400,11.323646484375,-7.162697918471694,-4.510737887054682,4.9517035387218
1789454214414586400,11.33358642578125,-7.093577620494365,-4.591455099323392,4.9769507927030325
1789454214424527400,11.34352734375,-7.0246069601207966,-4.676339075882733,4.995715114405751
1789454214434467300,11.35346728515625,-6.959181425008177,-4.7592067441836,5.009007142177224
1789454214444407300,11.3634072265625,-6.90052289981246,-4.840912675228715,5.011860193520784
1789454214454347300,11.37334716796875,-6.846471576151251,-4.925332833668589,5.003727740469575
1789454214464287200,11.383287353515625,-6.790700589090585,-5.013971486586332,4.9916819133669135
1789454214474228500,11.393228515625,-6.727678023466467,-5.109584654691815,4.980048174196481
1789454214484168200,11.403168212890625,-6.656065908673405,-5.212810051366686,4.969288295251131
1789454214494108200,11.413108154296875,-6.58032005507648,-5.322729977244139,4.953615509822964
1789454214504048400,11.42304833984375,-6.500654397687316,-5.437464609926939,4.934157945159077
1789454214513988400,11.43298828125,-6.417700804668665,-5.554898564696312,4.911887661162019
1789454214523928300,11.44292822265625,-6.330329395207762,-5.674142783758044,4.888909813417494
1789454214533869300,11.452869384765625,-6.243344354715943,-5.791680783423781,4.8628673174053425
1789454214543809500,11.4628095703125,-6.161110892665386,-5.905626896077394,4.830597617441415
1789454214553749200,11.472749267578125,-6.0773927450150245,-6.017840485849976,4.798049685057998
1789454214563689200,11.482689208984375,-5.987282265979052,-6.13055384183824,4.768559094418585
1789454214573629400,11.49262939453125,-5.895442186671495,-6.243952257481217,4.735739067095518
1789454214583570200,11.502570068359375,-5.801556280750036,-6.359279595360159,4.69807101521939
1789454214593510400,11.512510498046876,-5.712518399381637,-6.473312217253446,4.651214863759279
1789454214603450400,11.522450439453126,-5.630931418541073,-6.58593321878314,4.592223453347384
1789454214613390000,11.53239013671875,-5.548049137192964,-6.699654290509224,4.528156931628287
1789454214623330300,11.542330322265625,-5.456540481796861,-6.817535989046096,4.4629327643066645
1789454214633271300,11.552271240234376,-5.365947187680006,-6.936134311419725,4.389419199806452
1789454214643211300,11.562211181640626,-5.280437480437755,-7.053916641235351,4.304603027786314
1789454214653151200,11.572151123046876,-5.196653866335749,-7.172620177549123,4.209362200124562
1789454214663091500,11.582091552734376,-5.108384046730399,-7.2918340014725915,4.111445723512769
1789454214673031400,11.592031494140626,-5.016576700648665,-7.410064659577608,4.01188878621757
1789454214682972400,11.601972412109374,-4.932990654945373,-7.521891295859217,3.9060432701721783
1789454214692912400,11.611912353515624,-4.868163377986848,-7.61955672031939,3.796540692923963
1789454214702852600,11.6218525390625,-4.809268413686752,-7.703869326731562,3.700231651508808
1789454214712792300,11.631792236328126,-4.7585137934833766,-7.776075315764546,3.6138068752482533
1789454214722732300,11.641732177734376,-4.730981643435359,-7.837793813052773,3.51527548160851
1789454214732673300,11.65167333984375,-4.7082206533119075,-7.893483551570773,3.4199385000959035
1789454214742613200,11.66161328125,-4.682990642726421,-7.941939247182011,3.3414927398905157
1789454214752553500,11.671553466796874,-4.66243154656142,-7.986707778713106,3.2626050811365244
1789454214762493400,11.681493408203124,-4.648224449771642,-8.030579653665423,3.1739854251801964
1789454214772433400,11.691433349609374,-4.614899980057776,-8.078995601788163,3.0988609183520075
1789454214782373400,11.701373291015624,-4.559448726470769,-8.131506125748157,3.043098699119687
1789454214792314400,11.711314453125,-4.494857888616621,-8.184674236834049,2.9962919397592542
1789454214802254300,11.72125439453125,-4.42874612480551,-8.23726308672726,2.9502722391232847
1789454214812194300,11.7311943359375,-4.357939773437381,-8.292442537635564,2.900712966184318
1789454214822134500,11.741134521484375,-4.276280311882496,-8.353771743345261,2.8457480348095294
1789454214832074500,11.751074462890625,-4.187893003377318,-8.418864100980759,2.7847160584807393
1789454214842015500,11.761015380859375,-4.1034857044190165,-8.484090314128995,2.711453838393092
1789454214851955500,11.77095556640625,-4.029534040762484,-8.545521811169385,2.62816648337543
1789454214861895400,11.7808955078125,-3.9599195295274257,-8.60135125041902,2.5507167484700677
1789454214871835400,11.79083544921875,-3.893417597354948,-8.650636967113613,2.4855913653478026
1789454214881775400,11.800775390625,-3.8359970895215865,-8.693995631846786,2.422795594216883
1789454214891716600,11.810716552734375,-3.782834823654592,-8.733032341727613,2.3653161958031355
1789454214901656300,11.82065625,-3.723974346145987,-8.769779479366541,2.3223664041317997
1789454214911596300,11.83059619140625,-3.663759531418979,-8.803543801802396,2.29017561462298
1789454214921536500,11.84053662109375,-3.614038638177514,-8.832503938826918,2.2574267528399825
1789454214931476500,11.8504765625,-3.5783673130765554,-8.855957879650592,2.2220994188711045
1789454214941416400,11.86041650390625,-3.5489214383617043,-8.875324843421577,2.1918308295965194
1789454214951357400,11.870357421875,-3.520691076916456,-8.891279368400573,2.1726180334739387
1789454214961297200,11.880297119140625,-3.495347376823425,-8.905659191408754,2.154573258217424
1789454214971237400,11.8902373046875,-3.476753735512495,-8.917338523286581,2.1362717317208646
1789454214981177300,11.90017724609375,-3.464999877093732,-8.924972963687777,2.1234538973324
1789454214991117600,11.91011767578125,-3.4589775480642913,-8.928673571771382,2.1177068781130015
1789454215001058300,11.920058349609375,-3.4591204636663195,-8.927825430509447,2.1210425984069703
1789454215010998500,11.92999853515625,-3.462506306712329,-8.92254310619235,2.1376805756054815
1789454215020938500,11.9399384765625,-3.46792219428122,-8.91500628094673,2.1602233929336068
1789454215030878200,11.949878173828125,-3.4793913905397056,-8.90463978523314,2.184407839988917
1789454215040818400,11.959818359375,-3.4976311038464307,-8.890057717651128,2.2144630787737665
1789454215050759400,11.969759521484375,-3.5248487811177966,-8.870575018545985,2.249165412712097
1789454215060699400,11.979699462890625,-3.5611864611729978,-8.846140834513307,2.287829343757778
1789454215070639400,11.989639404296875,-3.6012694652363657,-8.81834506509304,2.331959285124391
1789454215080579300,11.999579345703125,-3.64513520270884,-8.786819461494684,2.382268791908771
1789454215090519600,12.00951953125,-3.694496614988148,-8.750652169570326,2.4386916670069096
1789454215100459300,12.019459228515625,-3.749907536564767,-8.71013837287426,2.498412560737133
1789454215110400500,12.029400390625,-3.8118496134757995,-8.664923266619443,2.5611142238438127
1789454215120340200,12.03934033203125,-3.8783904163539407,-8.614520528593658,2.6303011573165653
1789454215130280400,12.049280517578126,-3.9491877076327797,-8.559978791067003,2.702047127622366
1789454215140220400,12.059220458984376,-4.018784975472093,-8.502423258677124,2.780030238752067
1789454215150160400,12.069160400390626,-4.079617629836499,-8.44355430560112,2.8694097731649872
1789454215160101400,12.079101318359376,-4.127947653241455,-8.386592062929273,2.9657252443209288
1789454215170041300,12.089041259765626,-4.166820404732227,-8.332337325650453,3.0627026865169404
1789454215179981600,12.098981689453124,-4.199429419653117,-8.279476673078536,3.159975312267244
1789454215189921300,12.10892138671875,-4.226996641014516,-8.22887227500081,3.2540017957031724
1789454215199861200,12.118861328125,-4.2562361795023085,-8.18163296944201,3.334023134662211
1789454215209802500,12.128802490234374,-4.288658147418499,-8.13504482126832,3.4057083146914837
1789454215219742200,12.1387421875,-4.319513888931274,-8.089338716626166,3.4748759589418765
1789454215229682400,12.148682373046874,-4.353583624054491,-8.046135534715653,3.5321903760522604
1789454215239622400,12.158622314453124,-4.399679604797065,-8.004087952581047,3.570408170765638
1789454215249562600,12.168562744140624,-4.453148160134256,-7.961402657064795,3.599429390327632
1789454215259502300,12.17850244140625,-4.507029387925565,-7.919898095765709,3.623844285137951
1789454215269443300,12.188443359375,-4.568814228448272,-7.87860630043447,3.6364696656942366
1789454215279383300,12.19838330078125,-4.63800876070559,-7.836311465540528,3.6402594133660195
1789454215289323300,12.2083232421875,-4.700054005730152,-7.798461335095762,3.6419571571946143
1789454215299263500,12.218263427734374,-4.754705341111123,-7.768443797972798,3.6351655973583457
1789454215309203500,12.228203369140624,-4.8054701904475685,-7.74370975421071,3.621156945750117
1789454215319144400,12.23814453125,-4.8518444036096335,-7.721677955144643,3.606337854541838
1789454215329084400,12.24808447265625,-4.8986213523536914,-7.698675849741697,3.5922543841317296
1789454215339024400,12.2580244140625,-4.952066526815295,-7.670560346847772,3.5790965041339393
1789454215348964400,12.26796435546875,-5.0128831068277355,-7.634739091882109,3.5710140277042983
1789454215358904300,12.277904296875,-5.082136675795913,-7.592073670110106,3.5640815980926153
1789454215368844300,12.28784423828125,-5.1613084121882915,-7.543136912983655,3.554209023375809
1789454215378785300,12.297785400390625,-5.245525741532445,-7.490522344127297,3.5421620272293683
1789454215388725200,12.307725341796875,-5.3301709408998486,-7.4375214063018555,3.5274472731783986
1789454215398665500,12.31766552734375,-5.414188363757729,-7.384887548223137,3.5100399190425873
1789454215408605400,12.32760546875,-5.4917813065260646,-7.334404730698465,3.49531025968343
1789454215418545400,12.33754541015625,-5.560349231317639,-7.286418990686536,3.4872596396967768
1789454215428486400,12.347486328125,-5.624102449303865,-7.238212885922193,3.485418103483319
1789454215438426400,12.35742626953125,-5.68770895229578,-7.18674456449151,3.488698148067295
1789454215448366300,12.367366455078125,-5.755197849678993,-7.131877248272299,3.490617133431136
1789454215458306300,12.377306396484375,-5.826884783273935,-7.0734899412333965,3.490492338007688
1789454215468246500,12.38724658203125,-5.897132039454579,-7.0128113083869215,3.4949563316792247
1789454215478187300,12.397187255859375,-5.9575756945014,-6.952674527332186,3.512550440558791
1789454215488127500,12.40712744140625,-6.005134149011969,-6.894320538040995,3.5464135471940037
1789454215498067500,12.4170673828125,-6.049906187674403,-6.836092805477977,3.5828579024940725
1789454215508007200,12.427007080078125,-6.098685708412527,-6.776278095984458,3.613650807903707
1789454215517947400,12.436947509765625,-6.150589498651027,-6.715518799117207,3.6390213960036633
1789454215527887400,12.446887451171875,-6.202023917812109,-6.65383771122992,3.664939681114256
1789454215537828400,12.456828369140625,-6.2541007265299555,-6.591349983134865,3.6892739119037983
1789454215547768300,12.466768310546875,-6.31284050026834,-6.526518906784057,3.7044565757274626
1789454215557708500,12.47670849609375,-6.377674499228596,-6.4576984685361385,3.713998895576596
1789454215567648500,12.4866484375,-6.444380137279629,-6.388882121941447,3.7178693072691558
1789454215577588200,12.496588134765625,-6.506380374118685,-6.323497503361105,3.72166636146456
1789454215587529500,12.506529541015626,-6.5598781555503605,-6.259894507500529,3.7352521114856003
1789454215597469400,12.516469482421876,-6.6048541923522945,-6.192991885572671,3.7673777268037196
1789454215607409400,12.526409423828126,-6.642932286334037,-6.122824124369025,3.814821322762966
1789454215617349400,12.536349365234376,-6.680408907291293,-6.050735039713978,3.8640769365802403
1789454215627289300,12.546289306640626,-6.720263947817683,-5.975937865144014,3.9110856482535596
1789454215637229600,12.5562294921875,-6.770318895319104,-5.894934821671247,3.947519774420559
1789454215647170300,12.56617041015625,-6.830857242912054,-5.806688967463374,3.9739331495717165
1789454215657110800,12.57611083984375,-6.89356533575952,-5.715567850080133,3.997679059079289
1789454215667050500,12.586050537109376,-6.957921195814013,-5.62593960160315,4.013295730406045
1789454215676990700,12.59599072265625,-7.021929849866032,-5.538415631929039,4.023532169999182
1789454215686930700,12.6059306640625,-7.086247715997695,-5.452383362117409,4.0282758573949335
1789454215696871700,12.61587158203125,-7.15242845339179,-5.36786149686873,4.024830977638065
1789454215706811600,12.625811767578124,-7.220162265446782,-5.283918308290839,4.014957526138424
1789454215716751600,12.635751708984374,-7.288369540232419,-5.197899482482671,4.0039845889642836
1789454215726691800,12.64569189453125,-7.354039405494928,-5.109281872352957,3.9979689819365736
1789454215736631600,12.655631591796874,-7.418528536540269,-5.018381119722128,3.993958284990489
1789454215746571500,12.665571533203124,-7.478422741010784,-4.924918407648802,3.9986002655774353
1789454215756512800,12.6755126953125,-7.529680050039291,-4.831391105906665,4.016460624177753
1789454215766452500,12.685452392578124,-7.576191625845432,-4.741278581044077,4.036328230947256
1789454215776392700,12.695392822265624,-7.621277552762627,-4.654193587309122,4.052779599532485
1789454215786332700,12.705332763671874,-7.664733832651376,-4.568429905305803,4.0683778584197166
1789454215796272600,12.715272705078124,-7.700731613227725,-4.483911547188461,4.094345827890932
1789454215806213600,12.725213623046875,-7.7242305622369045,-4.404854669347405,4.135684092712402
1789454215816153600,12.735153564453125,-7.744615763139724,-4.3296071206614375,4.176818067133427
1789454215826093600,12.745093505859375,-7.760380903026461,-4.2561452863484615,4.222804157760739
1789454215836033500,12.755033447265625,-7.765964256116748,-4.185011602722108,4.283203096882999
1789454215845973800,12.764973876953125,-7.76965317376256,-4.1150338111326095,4.3438866981655355
1789454215855913700,12.774913818359375,-7.771978401839733,-4.051625461061299,4.398988699923455
1789454215865854700,12.784854736328125,-7.769169189637899,-4.000706882467866,4.450248639300465
1789454215875794700,12.794794677734375,-7.762081277203559,-3.9595127022922036,4.499192118428647
1789454215885734700,12.804734619140625,-7.760781300520897,-3.9226606429740785,4.5335862632006405
1789454215895674600,12.814674560546875,-7.758142184188961,-3.887612418207526,4.568158979409933
1789454215905614600,12.824614501953125,-7.754221795874834,-3.857437060174346,4.60027845724821
1789454215915555800,12.834555908203125,-7.75672764121592,-3.8317148821577427,4.617523606559634
1789454215925495600,12.84449560546875,-7.758549595946073,-3.80763345708549,4.634353453068435
1789454215935435500,12.854435546875,-7.7552143140435215,-3.7882656165316697,4.65575455301553
1789454215945375700,12.864375732421875,-7.751148964300751,-3.777918117779493,4.670917050833999
1789454215955315700,12.874315673828125,-7.743860560858249,-3.773981070591509,4.686155828759074
1789454215965255700,12.884255615234375,-7.73086079403162,-3.775848910290003,4.706072827628255
1789454215975196700,12.89419677734375,-7.717081859526037,-3.7836435096889733,4.722402031138539
1789454215985136600,12.90413671875,-7.703758852094412,-3.7936312352180477,4.736122221194208
1789454215995076600,12.91407666015625,-7.690248213136195,-3.8040345558106896,4.749714108695089
1789454216005016600,12.9240166015625,-7.6785414087295525,-3.812900291572511,4.761528465129435
1789454216014956800,12.933956787109375,-7.6649857615858314,-3.8253275192081926,4.773388414271175
1789454216024897500,12.9438974609375,-7.646992424255609,-3.8444627200499175,4.786858428958058
1789454216034837800,12.953837646484375,-7.619386624449491,-3.870542040941119,4.809802374432981
1789454216044777700,12.96377783203125,-7.590054731503129,-3.902605112417042,4.830227615085244
1789454216054717400,12.973717529296875,-7.557202847737074,-3.9469489887952802,4.845684127414226
1789454216064657700,12.98365771484375,-7.5226090887397525,-3.9998344835475086,4.856136547845602
1789454216074598700,12.9935986328125,-7.480742123869061,-4.058134112302959,4.8724122676029795
1789454216084538600,13.00353857421875,-7.4218684946179385,-4.127906152187288,4.903743517673015
1789454216094478600,13.013478515625,-7.3544444791644805,-4.2114059809118505,4.93422633422017
1789454216104418800,13.023418701171876,-7.286632341176271,-4.301668727900087,4.956911628758907
1789454216114358800,13.03335888671875,-7.222568157544732,-4.387408152244985,4.975492995110153
1789454216124298500,13.043298583984376,-7.15569300814569,-4.471598885843157,4.997126734769344
1789454216134239700,13.05323974609375,-7.094144606727362,-4.555911199994385,5.00871546575427
1789454216144179500,13.063179443359376,-7.038110584816336,-4.6388951881513,5.01158897536397
1789454216154119700,13.07311962890625,-6.981578550255298,-4.722235442399978,5.012824654638767
1789454216164059600,13.0830595703125,-6.920955446988343,-4.810055472411215,5.013392809915542
1789454216173999600,13.09299951171875,-6.849735546383261,-4.905182026043534,5.019034615194797
1789454216183939600,13.102939697265626,-6.771682584887743,-5.002875507554411,5.028517313811182
1789454216193880600,13.112880615234374,-6.6886711242020125,-5.100538593927025,5.04148493193388
1789454216203820800,13.12282080078125,-6.593647738683224,-5.202628849092125,5.062295080250501
1789454216213760500,13.132760498046874,-6.497577474460005,-5.309884524196386,5.075136441645026
1789454216223700500,13.142700439453124,-6.40499096069932,-5.425742023429274,5.070282571873069
1789454216233640700,13.152640625,-6.318074309268593,-5.545246939253807,5.050004338476062
1789454216243581400,13.16258154296875,-6.235839093652367,-5.662556390860677,5.021969499602913
1789454216253521700,13.172521728515624,-6.148995507457852,-5.777891327524185,4.997623578375578
1789454216263461600,13.182461669921874,-6.052396835446357,-5.899462528228759,4.97344833754003
1789454216273401900,13.19240185546875,-5.957354745227098,-6.025363867092132,4.9371384222745895
1789454216283341600,13.202341552734374,-5.86810935858786,-6.1487540999174115,4.891675770999491
1789454216293281500,13.212281494140624,-5.78140605764687,-6.268773395004868,4.842340369944274
1789454216303222800,13.222222900390625,-5.692815920045971,-6.387588574999571,4.791760521785915
1789454216313162500,13.23216259765625,-5.597054867902398,-6.507631835484505,4.742790739172697
1789454216323102700,13.242102783203125,-5.498153179645538,-6.631082858586311,4.687154776668549
1789454216333042700,13.252042724609375,-5.408916560834646,-6.753789785322547,4.615229650403559
1789454216342982700,13.261982666015625,-5.336031357365846,-6.86999215247035,4.527731399692595
1789454216352923600,13.271923583984375,-5.268306897661089,-6.980253439131379,4.43749407940656
1789454216362863600,13.281863525390625,-5.204591673597693,-7.087667519667744,4.3413799760416145
1789454216372803600,13.291803466796875,-5.151513578882813,-7.190991700541972,4.233428719888627
1789454216382743600,13.30174365234375,-5.105980492720008,-7.289286070555448,4.118938125094771
1789454216392683800,13.311683837890625,-5.06694202927351,-7.382808403861522,3.998826767809689
1789454216402623700,13.321623779296875,-5.027992997676134,-7.473272518640756,3.8781279660254713
1789454216412564700,13.331564697265625,-4.9794531309127805,-7.564427538293599,3.762297647060454
1789454216422504700,13.341504638671875,-4.927172324055433,-7.6517229599088425,3.653011342911422
1789454216432444700,13.351444580078125,-4.8713349937602874,-7.7324734899252645,3.5565894887715577
1789454216442384600,13.361384521484375,-4.8045992528319355,-7.811677375021576,3.473316162279248
1789454216452324600,13.37132470703125,-4.733300149510801,-7.893012426927685,3.38623526019752
1789454216462264600,13.3812646484375,-4.668438678021729,-7.971374600502848,3.2913857699409124
1789454216472205600,13.39120556640625,-4.602345618911087,-8.042940538066626,3.2093536756813523
1789454216482145500,13.4011455078125,-4.5227220470979805,-8.112237946176528,3.1475337638452645
1789454216492085800,13.411085693359375,-4.435725023907422,-8.181200423243641,3.092364542070031
1789454216502025700,13.421025634765625,-4.355105426794291,-8.248409334641694,3.027730741856992
1789454216511965700,13.430965576171875,-4.283796386601031,-8.315533490365743,2.944724834129214
1789454216521906700,13.44090673828125,-4.208762480665743,-8.384145838820935,2.8570646708548066
1789454216531846400,13.450846435546875,-4.130132011543214,-8.447440207123757,2.78445360815227
1789454216541786600,13.46078662109375,-4.047574432104826,-8.50239286353886,2.73803380228281
1789454216551726600,13.4707265625,-3.9612712363973257,-8.553379538932441,2.7052593676671384
1789454216561666800,13.480666748046875,-3.8783112136378883,-8.602969207009673,2.6679595645815133
1789454216571606500,13.4906064453125,-3.8047397814705968,-8.650410757142305,2.6200597492873667
1789454216581547800,13.5005478515625,-3.737479432146251,-8.696212723374366,2.564659349104762
1789454216591487700,13.51048779296875,-3.6774309138968584,-8.73621038724184,2.5150626667648552
1789454216601427500,13.520427490234376,-3.632132513272762,-8.765393811628222,2.4790821295842527
1789454216611367700,13.53036767578125,-3.5939386839568614,-8.786246630042791,2.4608693042844534
1789454216621307600,13.5403076171875,-3.55688350328207,-8.803154510223864,2.4542685908451674
1789454216631247600,13.55024755859375,-3.5253736817747354,-8.817890307062864,2.446824850710481
1789454216641188600,13.560188720703126,-3.5010797829955815,-8.829117218998075,2.44121826287508
1789454216651128600,13.570128662109376,-3.491925293420255,-8.834391944530605,2.4352421110749245
1789454216661068800,13.58006884765625,-3.5025261824116107,-8.830034333842992,2.4358127505697307
1789454216671008500,13.590008544921876,-3.527084577345848,-8.817214599758387,2.4467905100494622
1789454216680948700,13.59994873046875,-3.551385490387678,-8.801102838391065,2.4695336722552774
1789454216690889500,13.609889404296876,-3.576156651289761,-8.784097343054412,2.49422153878808
1789454216700829700,13.61982958984375,-3.6060400406390425,-8.763672394663095,2.5228768476471304
1789454216710769700,13.629769775390624,-3.646514966629445,-8.73576264347434,2.5612004408225415
1789454216720709600,13.639709716796874,-3.7003354041442273,-8.69922534919381,2.6079510860815645
1789454216730649600,13.649649658203124,-3.761966807670891,-8.655748026517033,2.6638398543030024
1789454216740589600,13.659589599609374,-3.820822609004378,-8.607427939984202,2.735669411239028
1789454216750530800,13.66953076171875,-3.8751042342901227,-8.5543738106668,2.824296081458032
1789454216760470500,13.679470458984374,-3.926188232578337,-8.496397422516345,2.9268852260559797
1789454216770410500,13.689410400390624,-3.9709345522776243,-8.43615192039013,3.038646688146889
1789454216780350700,13.699350830078124,-4.012258204051852,-8.378928396433592,3.14097835085243
1789454216790290700,13.709290771484374,-4.05773108446002,-8.326856263890862,3.220039612607658
1789454216800230700,13.719230712890624,-4.107480327013135,-8.280844454300404,3.275153012542426
1789454216810171600,13.729171630859375,-4.158210981819034,-8.240074052494764,3.313737010219693
1789454216820112000,13.73911181640625,-4.206357465350628,-8.202830071249604,3.345222281807661
1789454216830051600,13.749051513671875,-4.249021133556962,-8.169369700196384,3.373066858805716
1789454216839991600,13.758991455078124,-4.282766166770458,-8.14052529850602,3.400024423836171
1789454216849931800,13.768931884765625,-4.31281731390208,-8.113640798711776,3.426197560490668
1789454216859872500,13.77887255859375,-4.345829648926854,-8.08564044663012,3.4505925815567373
1789454216869812700,13.788812744140625,-4.382935975266993,-8.054224148625135,3.4770325524538754
1789454216879752700,13.798752685546875,-4.4207767533615225,-8.02237939607501,3.5026477629646657
1789454216889692700,13.808692626953125,-4.46267966632843,-7.99315447063446,3.516300440742075
1789454216899632600,13.818632568359375,-4.510886063353717,-7.965991153898835,3.5164322504281995
1789454216909572600,13.828572509765625,-4.556731868727505,-7.939795220890641,3.5165663982018827
1789454216919513600,13.838513671875,-4.597789563041925,-7.914123604017496,3.52099122890681
1789454216929453600,13.84845361328125,-4.640872041182219,-7.882816027083993,3.5346778089538216
1789454216939393500,13.8583935546875,-4.6870939863920205,-7.842285279253125,3.563715395128727
1789454216949333800,13.868333740234375,-4.733248419323563,-7.796926380613446,3.6020392805650827
1789454216959273500,13.8782734375,-4.777063303391635,-7.751179359439015,3.6426989154726264
1789454216969213700,13.888213623046875,-4.819174306151271,-7.705949640136957,3.682974519498646
1789454216979154700,13.89815478515625,-4.866885028614104,-7.659200748443603,3.717591074849665
1789454216989094700,13.9080947265625,-4.92363421305716,-7.608275447848439,3.747315474244952
1789454216999034600,13.91803466796875,-4.98456360579431,-7.55444974963665,3.775553434474766
1789454217008974600,13.927974609375,-5.045626269522309,-7.502897257053852,3.7971851283073423
1789454217018914800,13.937914794921875,-5.110351547411084,-7.453438521879911,3.808008427877724
1789454217028854500,13.9478544921875,-5.185911523047089,-7.40528560860753,3.799795018544793
1789454217038795800,13.957795654296875,-5.276109095844626,-7.357229141446948,3.7688480916172264
1789454217048735700,13.96773583984375,-5.374622077044845,-7.3075085404664275,3.726140584269166
1789454217058675500,13.977675537109375,-5.474506346598267,-7.253243866315484,3.686542148852348
1789454217068615700,13.98761572265625,-5.573586314031481,-7.191469254925846,3.6590009387150406
1789454217078555600,13.9975556640625,-5.663664059841633,-7.121381573221087,3.6577591219604013
1789454217088496600,14.00749658203125,-5.736354032999277,-7.049342172926664,3.6839363502681253
1789454217098436600,14.0174365234375,-5.801802948987484,-6.977593280011415,3.717881582228839
1789454217108376800,14.027376953125,-5.872787871792912,-6.905583690333366,3.740814421787858
1789454217118316500,14.037316650390625,-5.948863395735621,-6.833926567354798,3.752181326715648
1789454217128256500,14.047256591796875,-6.021327158921957,-6.762871501922607,3.7653134877502916
1789454217138196700,14.05719677734375,-6.0883759113222355,-6.690373836466669,3.7869440125390885
1789454217148137500,14.067137451171876,-6.150425248000025,-6.613118162828683,3.8222126020580527
1789454217158077700,14.07707763671875,-6.202099321135878,-6.530960104101896,3.8795471851736303
1789454217168017700,14.087017578125,-6.245638018611073,-6.445666085436939,3.951674848273396
1789454217177957600,14.09695751953125,-6.291991773506998,-6.356438818976283,4.0220565444886685
1789454217187897600,14.106897705078126,-6.348539005637169,-6.263693899783492,4.0783106388911605
1789454217197837600,14.116837646484376,-6.4105538555234665,-6.169008367916941,4.125349453441799
1789454217207778800,14.12677880859375,-6.471071744850278,-6.076680212831497,4.167677606083452
1789454217217718500,14.136718505859376,-6.523537845146656,-5.989851824206114,4.21135045133233
1789454217227658800,14.14665869140625,-6.567892535179853,-5.907724745139479,4.2581680243477225
1789454217237598700,14.1565986328125,-6.615311288958788,-5.826822239431738,4.296064624282717
1789454217247538700,14.16653857421875,-6.666935677734017,-5.744140449091792,4.3274882288113234
1789454217257478700,14.176478759765626,-6.714429834836721,-5.660632144799828,4.363953626899421
1789454217267419600,14.186419677734374,-6.75867112762332,-5.576372145357728,4.403956259202957
1789454217277359600,14.196359619140624,-6.805459766805171,-5.489383013212681,4.441038620145618
1789454217287299600,14.206299560546874,-6.8585396150857205,-5.397376345166563,4.472042245696485
1789454217297239600,14.216239501953124,-6.91807141598463,-5.3005473715305325,4.496095321457088
1789454217307179800,14.2261796875,-6.980075744476914,-5.202846875756979,4.514343510331213
1789454217317119500,14.236119384765624,-7.045202004382014,-5.10757974461019,4.521959538292885
1789454217327060700,14.246060791015625,-7.108556578439473,-5.013744692093134,4.5278228773683304
1789454217337000700,14.256000732421874,-7.169232873198389,-4.918814830076694,4.536269803196191
1789454217346940700,14.265940673828124,-7.2279995349437,-4.8256157373756166,4.543108709305525
1789454217356880600,14.275880615234374,-7.284393622338771,-4.735251868100464,4.548120399987697
1789454217366820600,14.285820556640624,-7.338116444697976,-4.645313530761003,4.55450250224024
1789454217376761600,14.29576171875,-7.384239313447475,-4.557315806095302,4.568836148019135
1789454217386701600,14.30570166015625,-7.429000246194005,-4.471944922801852,4.580620109315216
1789454217396641800,14.315641845703125,-7.473630830559134,-4.387404937374591,4.5897646620184185
1789454217406581800,14.325581787109375,-7.520231838214397,-4.304335901282728,4.592293888235092
1789454217416521500,14.335521484375,-7.566781992465257,-4.224375644861161,4.5900843954920765
1789454217426461700,14.345461669921875,-7.611001657941937,-4.145734946605563,4.588671898345649
1789454217436402400,14.35540234375,-7.652666378238797,-4.068873825243116,4.588172132129967
1789454217446342700,14.3653427734375,-7.683353192925453,-4.0013372893258925,4.59627828169614
1789454217456282600,14.37528271484375,-7.710085717028379,-3.940733767542243,4.603864206780493
1789454217466222600,14.38522265625,-7.736165330180525,-3.8834409777417775,4.608797863790393
1789454217476162600,14.39516259765625,-7.757710807034373,-3.825964648067951,4.620634139795601
1789454217486102500,14.4051025390625,-7.764834959825873,-3.765534729285538,4.658163075461983
1789454217496043800,14.415043701171875,-7.752440173155069,-3.7088483809456227,4.723818327677249
1789454217505983500,14.4249833984375,-7.7336437027484175,-3.659286769919097,4.792780804744362
1789454217515923700,14.434923828125,-7.713999675601721,-3.6259453490704296,4.849448448383808
1789454217525863700,14.44486376953125,-7.691003999939561,-3.6078505971923467,4.8992114272013305
1789454217535803600,14.4548037109375,-7.667036264374851,-3.5995422030523416,4.942697809967398
1789454217545743600,14.46474365234375,-7.6485916761457915,-3.5969203301161525,4.973090025621652
1789454217555684600,14.4746845703125,-7.628913746729492,-3.599084522412717,5.001669054374099
1789454217565624800,14.484624755859375,-7.608416902145743,-3.606230887036025,5.027676771333813
1789454217575564500,14.494564453125,-7.585061160999536,-3.61596697589159,5.0558904739052055
1789454217585504500,14.50450439453125,-7.558891531476378,-3.6249925783902404,5.088512056046724
1789454217595444700,14.51444482421875,-7.535904039120673,-3.632233343298733,5.117369901740551
1789454217605384700,14.524384765625,-7.505513577032088,-3.6432875290155406,5.1540346217930315
1789454217615325700,14.53432568359375,-7.481590265130996,-3.6533766690924763,5.181605350285769
1789454217625265700,14.544265625,-7.455356922721863,-3.6666897396519778,5.209939464366435
1789454217635205600,14.55420556640625,-7.420594236898422,-3.688968499216437,5.243733012896776
1789454217645145600,14.5641455078125,-7.3901716261059045,-3.711696171592176,5.2705900401622054
1789454217655085600,14.57408544921875,-7.3575821926683185,-3.7394513167411088,5.2964989729225636
1789454217665025500,14.584025634765625,-7.33068541791439,-3.770792211422324,5.311546904450655
1789454217674966500,14.593966552734376,-7.306479781940579,-3.807331551529467,5.3188312162399285
1789454217684906500,14.603906494140626,-7.287744686332345,-3.8512656780630348,5.3129070868879555
1789454217694846700,14.6138466796875,-7.271230189383029,-3.903265622152388,5.297557542064785
1789454217704786400,14.623786376953126,-7.2490902537673705,-3.965387147283554,5.2817362880766385
1789454217714726400,14.633726318359376,-7.219494741448759,-4.037860555081069,5.267345943674445
1789454217724666600,14.64366650390625,-7.173915478056669,-4.122845946188271,5.263785620844364
1789454217734607400,14.653607421875,-7.11600514087975,-4.2211195656746625,5.264506336334348
1789454217744547600,14.663547607421876,-7.050104389470815,-4.330935154394806,5.263977344024181
1789454217754487600,14.673487548828126,-6.975804643028974,-4.449877467900515,5.263761070924997
1789454217764427500,14.683427490234376,-6.896738120576739,-4.574117303292453,5.2614492868512865
1789454217774367500,14.693367431640626,-6.810981745097041,-4.701081302951276,5.261251133930683
1789454217784307500,14.703307373046876,-6.7200050046205515,-4.829475627674162,5.261949637588859
1789454217794248700,14.713248779296874,-6.627519613146782,-4.957107443591952,5.260556721925735
1789454217804188400,14.7231884765625,-6.541480329072475,-5.0824184153467415,5.248659363383054
1789454217814128400,14.73312841796875,-6.460857224828004,-5.207490902170538,5.225871777513623
1789454217824068600,14.743068603515624,-6.386968981796502,-5.331287962231039,5.191757910987734
1789454217834008600,14.753008544921874,-6.3196057566195725,-5.451025517767667,5.149689870586991
1789454217843949600,14.762949462890624,-6.250539819177985,-5.5707057901591055,5.105717457869648
1789454217853889500,14.7728896484375,-6.1805158503592015,-5.693181830748915,5.0556192557483906
1789454217863829500,14.78282958984375,-6.116275725638866,-5.814558385664224,4.995242236196995
1789454217873769500,14.79276953125,-6.05449994520545,-5.934955281892418,4.928460025778413
1789454217883709400,14.80270947265625,-6.000841420254111,-6.054487670245766,4.848041211934388
1789454217893649700,14.812649658203124,-5.948858135038614,-6.174084356006979,4.760478371554613
1789454217903590400,14.82259033203125,-5.894474802944064,-6.296183379977941,4.667289507986605
1789454217913530600,14.832530517578125,-5.8335623613417145,-6.425213079994917,4.566898165693879
1789454217923470600,14.842470703125,-5.768795582398772,-6.560443388217688,4.455555221275985
1789454217933410300,14.852410400390625,-5.708674583435058,-6.693572924768924,4.333303637091816
1789454217943350500,14.8623505859375,-5.645035347217321,-6.820335848897695,4.21746016638428
1789454217953290500,14.87229052734375,-5.573947548559308,-6.9420356444180005,4.112135459342599
1789454217963231500,14.8822314453125,-5.50573968925178,-7.059110702747106,4.003264750257134
1789454217973171500,14.89217138671875,-5.444226359146833,-7.170639232864976,3.887506327484548
1789454217983111700,14.902111572265625,-5.388960983520746,-7.2757748470753425,3.7673131371349093
1789454217993051600,14.9120517578125,-5.33718052740097,-7.372710203695297,3.6507629794627428
1789454218002991400,14.921991455078125,-5.279504583501815,-7.4648530653417104,3.5458728644460438
1789454218012931600,14.931931640625,-5.216856111887097,-7.554439228242635,3.4474957845851777
1789454218022872300,14.941872314453125,-5.155013695958257,-7.641523052933811,3.347142436215281
1789454218032812500,14.9518125,-5.092729966002702,-7.727022823303938,3.2446304485067725
1789454218042752500,14.96175244140625,-5.025996270900964,-7.811355303460359,3.145228409512341
1789454218052692500,14.9716923828125,-4.951993461579084,-7.894444505557417,3.053831982319057
1789454218062632400,14.981632568359375,-4.876322426784038,-7.975096251374483,2.9647391558930276
1789454218072572400,14.991572509765625,-4.804058277823031,-8.052620805081725,2.871704898364842
1789454218082512600,15.0015126953125,-4.7300496232822535,-8.129269744998217,2.7770506384193894
1789454218092453400,15.011453369140625,-4.64828465552628,-8.207739470601082,2.68268980846256
1789454218102393600,15.0213935546875,-4.562266121979057,-8.287137416964768,2.584465288814902
1789454218112333600,15.03133349609375,-4.48393142093271,-8.361027998083829,2.4815178322985765
1789454218122273500,15.0412734375,-4.4115635193362825,-8.42639566552937,2.38837310013324
1789454218132213500,15.051213623046875,-4.3356610138729215,-8.48527280191183,2.3178818060636517
1789454218142153500,15.061153564453125,-4.256965662820637,-8.53839005959332,2.2681636893011627
1789454218152094700,15.0710947265625,-4.179930353935062,-8.586204534691571,2.230627739372104
1789454218162034400,15.081034423828125,-4.106481671364605,-8.631905963158607,2.190293244765699
1789454218171974400,15.090974365234375,-4.0401957200303675,-8.676573372402787,2.1364282374568284
1789454218181914600,15.10091455078125,-3.9817362245380874,-8.719467926755547,2.0705146265663203
1789454218191854600,15.1108544921875,-3.926846111965179,-8.759313614931703,2.0061593510337175
1789454218201794600,15.120794677734375,-3.873005508445203,-8.795516562691331,1.9516852719157933
1789454218211735600,15.130735595703126,-3.8315269583702087,-8.82408916170299,1.9040116665929554
1789454218221675500,15.140675537109376,-3.810416658063233,-8.84216140948832,1.8620735361821947
1789454218231615500,15.150615478515626,-3.797073776887357,-8.852966881141066,1.8378161700211464
1789454218241555500,15.160555419921875,-3.78665262837708,-8.857685141834617,1.836580490746349
1789454218251495700,15.17049560546875,-3.782499308089912,-8.85700885000825,1.8483816954381762
1789454218261435400,15.180435302734375,-3.7874610221505165,-8.851293394970893,1.8655200233742593
1789454218271376600,15.190376708984376,-3.8023745136439797,-8.841202793589234,1.8829450592972337
1789454218281316600,15.200316650390626,-3.823691150178015,-8.828519253104925,1.899219756141305
1789454218291256300,15.21025634765625,-3.848247207024693,-8.814183269238471,1.916128366974741
1789454218301196500,15.220196533203126,-3.8765363129198547,-8.79665462681055,1.9395166952162979
1789454218311136500,15.230136474609376,-3.911929990123212,-8.773539124161005,1.9728690758503973
1789454218321076700,15.24007666015625,-3.956865694914758,-8.744265683403611,2.012808287528902
1789454218331017500,15.250017578125,-4.010165323425829,-8.709498321405052,2.0575698047973217
1789454218340957400,15.25995751953125,-4.069064671640098,-8.669923266863822,2.108437968377769
1789454218350897700,15.269897705078124,-4.132435904571413,-8.625185714992881,2.1678370828077194
1789454218360837400,15.27983740234375,-4.198754296870529,-8.575576757693291,2.2361435801841316
1789454218370777600,15.289777587890624,-4.2646433578416705,-8.523539111942052,2.3092202145718037
1789454218380717600,15.299717529296874,-4.32431515173316,-8.473429219383,2.3815356553286313
1789454218390658600,15.309658447265624,-4.377101277764141,-8.427652972114085,2.4466325430087745
1789454218400598500,15.3195986328125,-4.429325678259134,-8.382919511896372,2.5056229305073616
1789454218410538500,15.32953857421875,-4.481183875790238,-8.337912495434283,2.562921565526724
1789454218420478500,15.339478515625,-4.532630569911003,-8.294730356311797,2.6121058676734563
1789454218430418400,15.34941845703125,-4.582363738112151,-8.254073936274647,2.6537796480596065
1789454218440358400,15.3593583984375,-4.629190078955888,-8.215393784746528,2.692263107971847
1789454218450299400,15.36929931640625,-4.674795645833015,-8.175773722019791,2.7337428270906208
1789454218460239400,15.3792392578125,-4.723880579258501,-8.130796516174078,2.783075597797334
1789454218470179600,15.3891796875,-4.773988133729994,-8.079905702370406,2.84508489472568
1789454218480119600,15.39911962890625,-4.823564065542817,-8.026499106353521,2.9118600908815857
1789454218490059500,15.4090595703125,-4.87787754727155,-7.968615072661637,2.9795807511940597
1789454218499999500,15.41899951171875,-4.933312141984701,-7.905261083126067,3.0560891135960815
1789454218509940700,15.428940673828125,-4.981906369283795,-7.8426552816092965,3.1374779415160416
1789454218519880400,15.43888037109375,-5.029785726311802,-7.782273585882782,3.210589062695205
1789454218529820400,15.4488203125,-5.091286781457066,-7.715783636409044,3.2735116750761866
1789454218539760600,15.4587607421875,-5.1731946648150675,-7.63486710217595,3.33425723567903
1789454218549700600,15.46870068359375,-5.265598223224282,-7.5410431555747985,3.4024303159341214
1789454218559640300,15.478640380859375,-5.3539393545001746,-7.439492998635768,3.4870717159092424
1789454218569581600,15.48858154296875,-5.430825025781989,-7.334412914004922,3.5892809212788936
1789454218579521500,15.498521484375,-5.500263303667307,-7.222974984779953,3.7075790916621685
1789454218589461500,15.50846142578125,-5.574395876848698,-7.098799154534936,3.834523217576742
1789454218599401500,15.5184013671875,-5.661957255923748,-6.960431132808328,3.957906436139345
1789454218609341700,15.528341796875,-5.761784242331982,-6.819279033321142,4.058289010603725
1789454218619281400,15.538281494140625,-5.8744888304919005,-6.687338998815417,4.11585447986573
1789454218629221400,15.548221435546875,-5.9971121705979105,-6.588777502298354,4.09793070064038
1789454218639162600,15.55816259765625,-6.109699269858003,-6.519896273773909,4.041394574426114
1789454218649102300,15.568102294921875,-6.2038411963671445,-6.455622246783971,4.000957642358541
1789454218659042300,15.578042236328125,-6.294137553364038,-6.381913451972603,3.9781113120391964
1789454218668982500,15.587982421875,-6.386978334146738,-6.29430063497126,3.9697199157908556
1789454218678922500,15.597922607421875,-6.479867045724392,-6.20176088296175,3.964829221139848
1789454218688862200,15.6078623046875,-6.573744183817506,-6.105965928548574,3.958976695719361
1789454218698803500,15.617803466796875,-6.66955959649682,-6.00703384515345,3.9500560148999093
1789454218708743400,15.627743408203125,-6.757645876228809,-5.914118830090761,3.9405309384465217
1789454218718683400,15.637683349609375,-6.836634657269716,-5.829129347330332,3.930912630751729
1789454218728623400,15.647623291015625,-6.910375016263127,-5.7502942955464125,3.9180645473554727
1789454218738563300,15.657563232421875,-6.977522552862763,-5.679478299567103,3.9023219115614887
1789454218748503600,15.667503662109375,-7.02876057266891,-5.621504834026098,3.8943081164538857
1789454218758444300,15.6774443359375,-7.0649477383375165,-5.571217831334471,3.9010865245476363
1789454218768384500,15.687384521484375,-7.08625765286982,-5.5209390119493005,3.9337744499236345
1789454218778324500,15.697324462890625,-7.089774136558175,-5.4740948431879275,3.9924660006061194
1789454218788264200,15.70726416015625,-7.084516362160444,-5.432255350846052,4.0583962703704834
1789454218798204400,15.717204345703125,-7.086330133584141,-5.392043167445063,4.1085500020712615
1789454218808144400,15.727144287109375,-7.103254380378127,-5.350035332798957,4.134164335799217
1789454218818085400,15.73708544921875,-7.134264435669779,-5.30830923770368,4.13455012024641
1789454218828025300,15.747025390625,-7.1699074114590875,-5.27188650971353,4.119477054277062
1789454218837965600,15.756965576171876,-7.200914544141292,-5.245270889988541,4.099308126473427
1789454218847905300,15.7669052734375,-7.227815995070338,-5.226915733608603,4.075348281954229
1789454218857845200,15.77684521484375,-7.2524927556872365,-5.2128860392123455,4.049392295181751
1789454218867785500,15.786785400390626,-7.279623339197039,-5.200179117852449,4.016917428034544
1789454218877726200,15.796726318359376,-7.314491823482513,-5.185400066393614,3.9724376503169534
1789454218887666400,15.80666650390625,-7.358550745439529,-5.166416548982262,3.915391236492991
1789454218897606400,15.8166064453125,-7.408451963683962,-5.143430225670337,3.85102280921787
1789454218907546400,15.82654638671875,-7.457793209958076,-5.11897499884963,3.787845929814875
1789454218917486300,15.836486328125,-7.506777897879481,-5.094602189615369,3.723396253997087
1789454218927426300,15.84642626953125,-7.556504928600788,-5.068651171278953,3.657645432452857
1789454218937366500,15.856366455078126,-7.608532637479901,-5.037613643458485,3.592077566260099
1789454218947307300,15.866307373046874,-7.66232151081264,-5.00032348498404,3.52929991530776
1789454218957247500,15.87624755859375,-7.714566661834716,-4.9559775627791876,3.4776612057462333
1789454218967187500,15.8861875,-7.760488455054164,-4.900933136427402,3.4534172835886476
1789454218977127400,15.89612744140625,-7.8025640942394725,-4.828103754799067,3.461182072371244
1789454218987067400,15.9060673828125,-7.8457941641569136,-4.7360570470035075,3.4905084123596546
1789454218997007400,15.91600732421875,-7.892384650418162,-4.631524951644241,3.525566281737387
1789454219006948400,15.9259482421875,-7.9354089686304325,-4.526138869804144,3.5656311656221744
1789454219016888300,15.935888427734374,-7.968392954343557,-4.425264712430536,3.6183003872752186
1789454219026828300,15.945828369140624,-7.991292768415808,-4.327579998748004,3.685334234367311
1789454219036768500,15.9557685546875,-8.00861624366045,-4.232375119182467,3.7575849393248557
1789454219046708200,15.965708251953124,-8.02730048586428,-4.142060057485104,3.817872234766185
1789454219056648400,15.9756484375,-8.042439018285274,-4.059244996154308,3.874546308146417
1789454219066589400,15.98558935546875,-8.041693752875924,-3.983723598963022,3.95366339174211
1789454219076529400,15.995529296875,-8.019701116776465,-3.9175393544375896,4.0629634321555494
1789454219086469400,16.005469482421876,-7.980909906089305,-3.8823148963212963,4.171702331554889
1789454219096409300,16.015409423828125,-7.938048669484258,-3.8782264579638834,4.256418258070945
1789454219106349600,16.025349609375,-7.886435386624932,-3.898203954848647,4.333423464079201
1789454219116289300,16.035289306640625,-7.831154228907823,-3.9295913190200924,4.404736303664744
1789454219126230500,16.04523046875,-7.779744944187998,-3.968902754189074,4.460239871960878
1789454219136170500,16.05517041015625,-7.731123244360089,-4.021893755142391,4.497162073905765
1789454219146110200,16.065110107421877,-7.693133413183689,-4.077346470034122,4.512355551384389
1789454219156050400,16.075050537109377,-7.66496939497292,-4.126805789729953,4.515324630323052
1789454219165990400,16.084990478515625,-7.633098338937759,-4.183974368628859,4.516701763895154
1789454219175930600,16.0949306640625,-7.6018199880987405,-4.249552171693742,4.508220643536746
1789454219185870300,16.104870361328125,-7.5726038304865355,-4.31596788688749,4.494269567334651
1789454219195811300,16.114811279296877,-7.550083955642581,-4.3782372960567475,4.471869227217137
1789454219205751300,16.124751220703125,-7.5353879062920806,-4.432748053923249,4.442866127833724
1789454219215691300,16.134691162109377,-7.526102776074409,-4.478052007505298,4.413073631638288
1789454219225631500,16.144631591796873,-7.519344533985853,-4.513657573893666,4.388250448288023
1789454219235571500,16.154571533203125,-7.51043466682136,-4.542142202360928,4.374095958468318
1789454219245511200,16.16451123046875,-7.498829569223522,-4.567429496091604,4.367669432552159
1789454219255452400,16.174452392578125,-7.4846496527016155,-4.592081122267246,4.366147337551415
1789454219265392400,16.184392333984373,-7.467124517405033,-4.616314523030817,4.3705949646100395
1789454219275332400,16.194332275390625,-7.449279648634791,-4.639140102823078,4.376874191009998
1789454219285272300,16.204272216796873,-7.430137141269445,-4.662982750703394,4.384061764426529
1789454219295212500,16.214212646484373,-7.410126618897914,-4.690447388473153,4.3886379863008855
1789454219305152500,16.224152587890625,-7.387034497123956,-4.724854684987664,4.390661308822035
1789454219315092200,16.23409228515625,-7.358634916591644,-4.767924011385441,4.391787682503462
1789454219325033500,16.244033447265625,-7.321590257310867,-4.817101299269497,4.400030902452767
1789454219334973400,16.253973388671874,-7.273574706682562,-4.874245328249037,4.416692698918283
1789454219344913400,16.263913330078125,-7.212286417505145,-4.940726802155376,4.443254834890365
1789454219354853400,16.273853271484374,-7.13019733236134,-5.018136789572239,4.488763371133804
1789454219364793300,16.28379345703125,-7.026434760069847,-5.108391645514965,4.5501577510342
1789454219374733600,16.293733642578125,-6.913423297917842,-5.2070817368477575,4.610995081573725
1789454219384674300,16.30367431640625,-6.804145761597156,-5.307541760462522,4.658755196136236
1789454219394614500,16.313614501953126,-6.69567077383101,-5.409297669106722,4.698710482166708
1789454219404554200,16.32355419921875,-6.588475889003276,-5.509643126431107,4.733517007131875
1789454219414494200,16.333494140625,-6.488607401540875,-5.601181592443585,4.76394370957762
1789454219424434400,16.343434326171874,-6.395020770826935,-5.684936564972997,4.7911970426842565
1789454219434374400,16.35337451171875,-6.3027884773314,-5.771026117929816,4.810457331210374
1789454219444315400,16.3633154296875,-6.216186298677325,-5.861847960105538,4.813329087254405
1789454219454255400,16.37325537109375,-6.140102006906271,-5.955050559937954,4.796550678671896
1789454219464195600,16.383195556640626,-6.071626436573267,-6.047496203923225,4.767968435049057
1789454219474135300,16.39313525390625,-6.01846709331572,-6.129774674159288,4.7301446080893275
1789454219484075300,16.4030751953125,-5.985056991145014,-6.195544492664933,4.686654718191922
1789454219494015500,16.413015380859374,-5.954810321441292,-6.25390491169691,4.647504026542603
1789454219503955500,16.42295556640625,-5.918938213071227,-6.312424320682883,4.614093632110953
1789454219513896400,16.432896484375,-5.884478309586644,-6.3726680692434305,4.575191654525697
1789454219523836400,16.44283642578125,-5.855566103357076,-6.440806954967975,4.516495135407149
1789454219533776400,16.4527763671875,-5.819518638420105,-6.529544976606965,4.434932119964063
1789454219543716400,16.46271630859375,-5.7795461089938875,-6.631021483787894,4.335524820272624
1789454219553656300,16.47265625,-5.735474912077188,-6.738723149093985,4.226619624395668
1789454219563596500,16.482596435546874,-5.6835845658421515,-6.850553292506933,4.115484769770503
1789454219573537300,16.492537353515626,-5.623208715334535,-6.968662370058894,3.998454719626903
1789454219583477500,16.5024775390625,-5.553145583549141,-7.0950897786229845,3.8720378324568268
1789454219593417500,16.51241748046875,-5.4730900500595565,-7.228277182841301,3.737335639761388
1789454219603357400,16.522357421875,-5.383632481974363,-7.362032742336392,3.6037983991920948
1789454219613297400,16.53229736328125,-5.289177836254239,-7.48980922742188,3.478183768315613
1789454219623237400,16.5422373046875,-5.190196653020382,-7.611213839387894,3.3618037065133453
1789454219633177300,16.55217724609375,-5.088355404180288,-7.727491609859466,3.250372791551053
1789454219643118300,16.562118408203126,-4.988245509177446,-7.837973845794797,3.139108757588267
1789454219653058300,16.572058349609375,-4.884895901601016,-7.9443077298790215,3.032520021960139
1789454219662998500,16.58199853515625,-4.77758498917818,-8.046780846881866,2.9316248217985033
1789454219672938200,16.591938232421874,-4.67720972123742,-8.141402081340551,2.8304887986183167
1789454219682878500,16.60187841796875,-4.588849593000114,-8.224540383276343,2.7330869935303923
1789454219692818400,16.611818359375,-4.510944515542686,-8.295988831940292,2.6454315064311027
1789454219702759400,16.621759521484375,-4.438777104954421,-8.358187221699952,2.5706696954354644
1789454219712699400,16.631699462890627,-4.3663530892565845,-8.414561435350775,2.510078156350553
1789454219722639400,16.641639404296875,-4.295619803124666,-8.465845632386207,2.459170391412079
1789454219732579600,16.65157958984375,-4.228652883788943,-8.511875562155247,2.4159612181521952
1789454219742519300,16.661519287109375,-4.166426436978578,-8.552984986656904,2.3785953640930355
1789454219752459300,16.671459228515626,-4.107768204043805,-8.589467335879803,2.3489798318997024
1789454219762399500,16.6813994140625,-4.055963198004663,-8.61932880565822,2.3295285508461294
1789454219772340200,16.69134033203125,-4.016232660640776,-8.640400819781423,2.3202824374645945
1789454219782280400,16.701280517578127,-3.988829982191324,-8.654964182662964,2.313277673269063
1789454219792220400,16.711220458984375,-3.970013638040423,-8.667482887974382,2.2987213246501983
1789454219802160400,16.721160400390627,-3.9548596157893536,-8.681365867376327,2.272304150106758
1789454219812100400,16.731100341796875,-3.9394554181694983,-8.697071970552205,2.2387479174636304
1789454219822040300,16.741040283203127,-3.9225095440655946,-8.71352918435633,2.2042475358381868
1789454219831981300,16.750981201171875,-3.9079084795221686,-8.728128203073144,2.172197031582892
1789454219841921300,16.76092138671875,-3.8988726478904483,-8.738618617427349,2.1460979830779134
1789454219851861500,16.770861572265623,-3.896543912681937,-8.744483125546575,2.1263478652082384
1789454219861801500,16.780801513671875,-3.8975074970170853,-8.746633581578731,2.1157082516416907
1789454219871741200,16.7907412109375,-3.901540113534033,-8.744281465494632,2.11800790688619
1789454219881681400,16.800681396484375,-3.911329393881559,-8.735698346066474,2.1352967492088673
1789454219891621400,16.810621337890623,-3.9320568323507903,-8.718887496519088,2.165709276998788
1789454219901562400,16.820562255859375,-3.9668253633931276,-8.693382468384504,2.204496834424138
1789454219911502300,16.83050244140625,-4.013159536805749,-8.659863645142316,2.2520487130634486
1789454219921442300,16.8404423828125,-4.066738274519145,-8.619882932409643,2.3086146498940883
1789454219931382500,16.850382568359375,-4.124314849697053,-8.573943019011617,2.376534778301418
1789454219941322200,16.860322265625,-4.185165039718151,-8.521537124469877,2.457274494662881
1789454219951262500,16.870262451171875,-4.249069064351916,-8.463309976428746,2.547195296345651
1789454219961202400,16.880202392578123,-4.3137803137153385,-8.400867841041087,2.643313783624768
1789454219971143400,16.890143310546875,-4.3795413643926375,-8.336647590065002,2.736838455018401
1789454219981083400,16.90008349609375,-4.443868290613591,-8.272266595569253,2.8270217070296404
1789454219991023400,16.9100234375,-4.505214447458088,-8.207344918325543,2.9176854360342026
1789454220000963300,16.91996337890625,-4.563840823949874,-8.142520856237411,3.0068475283041596
1789454220010903300,16.9299033203125,-4.6141363022089,-8.079585968896746,3.0984543833777307
1789454220020843500,16.939843505859375,-4.650898345156014,-8.02153710003197,3.19288038752526
1789454220030784300,16.9497841796875,-4.679629349599779,-7.969937845697999,3.2789594190880655
1789454220040724200,16.95972412109375,-4.711833875373006,-7.923603964546323,3.3444787699639793
1789454220050664400,16.96966455078125,-4.754459257395565,-7.8778323934525245,3.3919416551455854
1789454220060604400,16.9796044921875,-4.79892968276292,-7.8311893002212045,3.4370199832782147
1789454220070544400,16.98954443359375,-4.835098435992002,-7.7870842010349035,3.4861937640309333
1789454220080484400,16.999484375,-4.87402525575757,-7.7431842690318815,3.5295001140549775
1789454220090424300,17.00942431640625,-4.916470897299051,-7.699983425208925,3.56495925770998
1789454220100365300,17.019365234375,-4.957202720659971,-7.660675497171282,3.5931250294864174
1789454220110305300,17.02930517578125,-5.000241067397594,-7.6240972863584755,3.611250468763709
1789454220120245500,17.03924560546875,-5.048446587640047,-7.586991252279281,3.622315175874531
1789454220130185500,17.049185546875,-5.093672799810767,-7.549854238539933,3.6365605588480827
1789454220140125200,17.059125244140624,-5.132452320060134,-7.513135157951712,3.658018649679422
1789454220150065400,17.0690654296875,-5.172599037009477,-7.474025967356562,3.6815085385993123
1789454220160005400,17.07900537109375,-5.216237103205919,-7.434484815084934,3.6999566339597103
1789454220169946400,17.0889462890625,-5.264515104162693,-7.398209386610985,3.704287941162288
1789454220179886300,17.09888623046875,-5.320775920566916,-7.366050745806097,3.687959322173893
1789454220189826600,17.10882666015625,-5.374706248196959,-7.338155023142695,3.665292732335627
1789454220199766300,17.118766357421876,-5.421643940460681,-7.311613053175806,3.649169865052402
1789454220209706200,17.128706298828124,-5.471483199384808,-7.278011227825283,3.6419530655413865
1789454220219646500,17.138646484375,-5.5286611306339495,-7.23489864680767,3.6414959694236515
1789454220229587200,17.148587158203124,-5.586467422914505,-7.184874678966403,3.652311670209467
1789454220239527400,17.15852734375,-5.641441122117638,-7.130639230909943,3.674026073889434
1789454220249467400,17.16846728515625,-5.699900909870863,-7.070161089071631,3.700591132470965
1789454220259407400,17.178407470703124,-5.762313819164038,-7.001656292644142,3.7340263690829274
1789454220269347300,17.188347412109376,-5.823540733543038,-6.929345674192905,3.773707514347136
1789454220279287300,17.198287353515624,-5.881532903784513,-6.856344735389947,3.8168642267674207
1789454220289227500,17.2082275390625,-5.938192364117503,-6.783011788153648,3.8599224472492932
1789454220299168300,17.218168212890625,-5.998544833749532,-6.707033294844627,3.8991701695322987
1789454220309108500,17.2281083984375,-6.068737729394435,-6.62757748081386,3.926320334525406
1789454220319048400,17.23804833984375,-6.145425832277536,-6.546033754593133,3.9438036765068767
1789454220328988400,17.247988525390625,-6.220877671363949,-6.465144108366966,3.9589126905724403
1789454220338928400,17.257928466796876,-6.289226984968781,-6.385134167584776,3.9807147725358605
1789454220348868400,17.267868408203125,-6.350181512147188,-6.3025266115248195,4.015435957305133
1789454220358809300,17.277809326171877,-6.411086354964971,-6.214811503192782,4.055185783891379
1789454220368749300,17.287749267578125,-6.4748986096620555,-6.122677993896604,4.093767151220143
1789454220378689300,17.297689208984377,-6.540068124186992,-6.029663025590777,4.128076248057186
1789454220388629500,17.30762939453125,-6.610284400707483,-5.935091475492715,4.153222964273393
1789454220398569500,17.317569580078125,-6.680988168483972,-5.838081884592771,4.177515401747822
1789454220408509400,17.327509521484377,-6.745075148469209,-5.740615197575092,4.209473259283602
1789454220418449400,17.337449462890625,-6.800195562666654,-5.6443631470441815,4.250747518958151
1789454220428390400,17.347390380859373,-6.852097599339484,-5.549265527245402,4.292412823776901
1789454220438330400,17.357330322265625,-6.914906229951978,-5.450398325780034,4.318286685223877
1789454220448270300,17.367270263671877,-6.991563937696814,-5.344437366661429,4.327292121717334
1789454220458210600,17.37721044921875,-7.075939087951183,-5.231968340823054,4.327583213618397
1789454220468150300,17.387150390625,-7.159598198890686,-5.116052973923087,4.3285731014385815
1789454220478090200,17.39709033203125,-7.230921559870243,-5.001632814016938,4.343709003511071
1789454220488030500,17.407030517578125,-7.289447398597002,-4.891647713948786,4.371052937510609
1789454220497971200,17.41697119140625,-7.335931501874327,-4.788116904586554,4.407768510967493
1789454220507911400,17.426911376953125,-7.379237559637427,-4.690201889279485,4.4406402684777975
1789454220517851400,17.436851318359373,-7.428642518797516,-4.592338604159653,4.460504075855017
1789454220527791600,17.44679150390625,-7.486404971936345,-4.4887776919201015,4.469340001000464
1789454220537731300,17.4567314453125,-7.540873059704899,-4.3800437609568235,4.485623319542408
1789454220547671300,17.46667138671875,-7.5885343900680535,-4.268931410424411,4.512290961715578
1789454220557611500,17.476611572265625,-7.632828874346614,-4.157880434690416,4.541182125157118
1789454220567552300,17.48655224609375,-7.6766452197194095,-4.0537069435104724,4.561467372816801
1789454220577492500,17.496492431640625,-7.71508162561953,-3.965422218596935,4.574205566097795
1789454220587432400,17.506432373046874,-7.740953733500838,-3.8938384531155226,4.5919569113656875
1789454220597372400,17.516372314453125,-7.761400893723964,-3.826644739286601,4.6138788203164935
1789454220607312400,17.5263125,-7.770498976936936,-3.755210026887059,4.65705014578402
1789454220617252400,17.53625244140625,-7.7673437277764075,-3.679451606069505,4.722331011728942
1789454220627192600,17.546192626953125,-7.765937368109822,-3.602891221219301,4.783284662124514
1789454220637133300,17.55613330078125,-7.756137858629226,-3.5454479170322415,4.841750002835691
1789454220647073500,17.566073486328126,-7.740171058690548,-3.5185923510715362,4.886680154669285
1789454220657013200,17.57601318359375,-7.717512067636847,-3.5092131128296256,4.929078449937701
1789454220666953000,17.585952880859374,-7.684081507200002,-3.5084418361961838,4.981573776328563
1789454220676893200,17.59589306640625,-7.644681224703788,-3.5155262414991855,5.03689643509984
1789454220686833200,17.605833251953126,-7.6133584502011535,-3.5262086712941527,5.076708805528283
1789454220696773000,17.615773193359374,-7.5835425731301305,-3.537030801820755,5.1136774769634
1789454220706714000,17.625714111328126,-7.5540271403104065,-3.548139932595193,5.14954315559268
1789454220716654000,17.635654052734374,-7.523707989892363,-3.55954161657542,5.185933150357008
1789454220726594300,17.64559423828125,-7.486727628019452,-3.5783968314319847,5.226313676062226
1789454220736534000,17.655533935546874,-7.449863001480698,-3.6008778355702757,5.263428477969765
1789454220746474000,17.665473876953126,-7.405271580082178,-3.6301392936289307,5.306071103388071
1789454220756414200,17.675414306640626,-7.362846396806836,-3.6609821756601333,5.343790300929546
1789454220766354200,17.685354248046874,-7.32255354938507,-3.690276074683666,5.378891424927115
1789454220776295200,17.695295166015626,-7.287023386320471,-3.7223324241578575,5.404994418954849
1789454220786235100,17.705235107421874,-7.252265376672148,-3.762584939569235,5.423830636849999
1789454220796175400,17.71517529296875,-7.2135489847868675,-3.8169010516464708,5.437498512196541
1789454220806115000,17.725114990234374,-7.17253308378756,-3.8850139261469243,5.443516165050864
1789454220816055000,17.735054931640626,-7.1281848234951495,-3.9658816528022287,5.44344777598977
1789454220825995300,17.744995361328126,-7.082014608472585,-4.056757563252747,5.436740387305617
1789454220835935200,17.754935302734374,-7.027482223296165,-4.158959169837832,5.43028200494647
1789454220845876200,17.764876220703126,-6.961808850902319,-4.274225132918358,5.425367344897985
1789454220855816200,17.774816162109374,-6.889136413401365,-4.39713401196748,5.419906741404533
1789454220865756200,17.784756103515626,-6.806816442111134,-4.526441359882057,5.41746986964643
1789454220875696000,17.794696044921874,-6.723239164236188,-4.659544592948258,5.40898378085196
1789454220885636000,17.804635986328126,-6.642103434294461,-4.791708207076788,5.393733604750037
1789454220895576300,17.814576416015626,-6.556065903785824,-4.924587568259239,5.379297667640447
1789454220905517000,17.82451708984375,-6.466421873217821,-5.059986218786239,5.36211506217122
1789454220915457300,17.834457275390626,-6.371614760798216,-5.198523167338967,5.343061986654996
1789454220925397200,17.844397216796875,-6.269213539987802,-5.343028668907285,5.321596589300036
1789454220935337000,17.8543369140625,-6.166065300202369,-5.491190939417481,5.291207296255231
1789454220945277200,17.864277099609374,-6.072292791527509,-5.6361050217866895,5.247091675674915
1789454220955217200,17.874217041015626,-5.983800269082188,-5.77698590311706,5.195277317285537
1789454220965157000,17.8841572265625,-5.902667461749911,-5.913197623592615,5.134488794323802
1789454220975098000,17.89409814453125,-5.831776062446832,-6.041673196858167,5.0654690341115
1789454220985038000,17.9040380859375,-5.764502853640914,-6.166597799643874,4.991388483378291
1789454220994978300,17.913978271484375,-5.699678791552782,-6.291021467170119,4.909899702215195
1789454221004918000,17.92391796875,-5.637544114679097,-6.415663745883107,4.8195174205005165
1789454221014858200,17.933858154296875,-5.574315212827921,-6.542317948940396,4.721807572376727
1789454221024798200,17.943798095703126,-5.508823042219877,-6.671487934210896,4.616759344188869
1789454221034738200,17.95373828125,-5.436636342409253,-6.804046977397799,4.507584391459822
1789454221044679200,17.96367919921875,-5.35894461544156,-6.937680371817946,4.395533006511628
1789454221054619100,17.973619140625,-5.282837527316809,-7.066484446385503,4.280985713094473
1789454221064559000,17.98355908203125,-5.20817829991281,-7.188336217597127,4.168101968975365
1789454221074499000,17.9934990234375,-5.134852951461077,-7.3025459496229885,4.059126922732592
1789454221084439000,18.00343896484375,-5.0601528075248,-7.413152104198932,3.9510011867955326
1789454221094379300,18.013379150390627,-4.987103353404999,-7.523193026107549,3.8341567223519086
1789454221104319000,18.023319091796875,-4.921338795596361,-7.630939115077257,3.7039959724783897
1789454221114260200,18.03326025390625,-4.866826576425135,-7.73209062808752,3.5635949836194514
1789454221124200200,18.0432001953125,-4.817407588739693,-7.8244211212605235,3.4265725312829014
1789454221134140200,18.05314013671875,-4.763457095104456,-7.909460288381576,3.3045877813413735
1789454221144080100,18.063080078125,-4.706953409855068,-7.990120802026986,3.1895074039608238
1789454221154020000,18.07302001953125,-4.655280213502049,-8.068414002019166,3.0658617350697517
1789454221163960300,18.082960205078123,-4.607457262836396,-8.144102572470903,2.9351942047178743
1789454221173900000,18.092900146484375,-4.557471873439848,-8.215265189930797,2.8123443623796103
1789454221183840000,18.102840087890623,-4.5037736010000105,-8.279929677543043,2.7072417736560106
1789454221193781200,18.11278125,-4.446517343817651,-8.338232228907943,2.621590904377401
1789454221203721000,18.122720947265623,-4.384135121923685,-8.392802023485302,2.551587101563811
1789454221213661200,18.1326611328125,-4.316073393088579,-8.448677639964222,2.4822888166710735
1789454221223601200,18.14260107421875,-4.247116761240363,-8.50670020534396,2.401760697233677
1789454221233541400,18.152541259765623,-4.182489683029055,-8.560618842536211,2.3222861785024405
1789454221243481000,18.162481201171875,-4.128298074114323,-8.603823778012394,2.258714162302017
1789454221253421000,18.172421142578123,-4.083356816364825,-8.635336522129178,2.219803855279833
1789454221263362000,18.182362060546875,-4.039810520105064,-8.661099908939004,2.199013288446516
1789454221273302000,18.192302001953124,-3.997088399709761,-8.685251768898963,2.1817560103058815
1789454221283242200,18.2022421875,-3.961920347955823,-8.70603327564299,2.1630010409533975
1789454221293182200,18.21218212890625,-3.9355534422948955,-8.720309053754805,2.153609381621331
1789454221303122000,18.222121826171875,-3.9150682881489396,-8.727952261984347,2.159977309218049
1789454221313062100,18.232062255859375,-3.9051238172397014,-8.729540992480516,2.171532137933373
1789454221323002000,18.242002197265624,-3.9105361976772546,-8.725959626862407,2.1761631587348877
1789454221332943000,18.251943115234376,-3.926247853811085,-8.718172041726111,2.179096289577335
1789454221342883000,18.261883056640624,-3.9490784020394085,-8.705872532123326,2.186992595785111
1789454221352823300,18.2718232421875,-3.974998732976615,-8.688280761331319,2.209867421546578
1789454221362763300,18.28176318359375,-4.00003672812134,-8.666649944281577,2.2492941536583007
1789454221372703000,18.291702880859376,-4.02682741215229,-8.641820623451471,2.296523376214504
1789454221382643200,18.301643310546876,-4.064654161721467,-8.612581669485568,2.3393201692812142
1789454221392583200,18.311583251953124,-4.11253381101042,-8.578982766744494,2.3787635602667927
1789454221402524200,18.321524169921876,-4.1647628876805305,-8.540639299824834,2.4254075302809475
1789454221412464000,18.331464111328124,-4.220158319427073,-8.49790139733851,2.479176822130382
1789454221422404000,18.341404052734376,-4.273060765314102,-8.451636489769816,2.545820793122053
1789454221432344300,18.35134423828125,-4.318573393210769,-8.405402561861276,2.620980663524568
1789454221442284000,18.361283935546876,-4.362866123923659,-8.362697977122664,2.68348212788403
1789454221452224300,18.371224365234376,-4.413305394567549,-8.320440551629662,2.7319284711450336
1789454221462164200,18.381164306640624,-4.466489872266352,-8.274600591474771,2.7842142464384434
1789454221472105000,18.39110498046875,-4.516546281072497,-8.226184643352031,2.8462448784157632
1789454221482045200,18.401045166015624,-4.560811831517517,-8.177533132907747,2.9150255691751834
1789454221491985200,18.410985107421876,-4.598875312452018,-8.130473860090971,2.985993248584866
1789454221501925000,18.420925048828124,-4.639000402091443,-8.086191066250205,3.043616877774894
1789454221511865000,18.430864990234376,-4.687421903172135,-8.043320477294921,3.0827681539461014
1789454221521805000,18.44080517578125,-4.734518585389853,-8.002153769648075,3.1177371759966013
1789454221531745300,18.450745361328124,-4.767107142044604,-7.965632257458567,3.1612937013894316
1789454221541686000,18.46068603515625,-4.788128010502457,-7.933214088934659,3.210659789843857
1789454221551626200,18.470626220703124,-4.810228490890562,-7.899142307984828,3.2612299933910367
1789454221561566200,18.480566162109376,-4.8369931636974215,-7.860379154348373,3.314863091640174
1789454221571506000,18.490505859375,-4.870110128140449,-7.819892245659232,3.3617993225991722
1789454221581446100,18.500446044921876,-4.910158645412325,-7.779857756912707,3.3962583493009206
1789454221591386000,18.51038623046875,-4.953700265496969,-7.739890488183498,3.4242265526786446
1789454221601326300,18.520326416015624,-4.997371064919233,-7.699103135243058,3.4526004142478106
1789454221611266000,18.53026611328125,-5.040854232814907,-7.655970680481195,3.485157698981464
1789454221621207300,18.540207275390625,-5.084797419437765,-7.606735232669115,3.5288533405840394
1789454221631147300,18.550147216796876,-5.132304436022043,-7.549710446155071,3.5821348489165303
1789454221641087000,18.5600869140625,-5.188360085242986,-7.48277684456706,3.6413358104258773
1789454221651027200,18.570027099609376,-5.2464802657783025,-7.4098092235118145,3.706691495172679
1789454221660967700,18.5799677734375,-5.295786440739035,-7.339490071138739,3.775829621067643
1789454221670907400,18.589907470703125,-5.340665446907281,-7.27221744685471,3.8422058810338378
1789454221680847400,18.599847412109376,-5.392291004726291,-7.202309213370084,3.901325886261463
1789454221690788600,18.60978857421875,-5.45239972873032,-7.128064996507764,3.9537893562093376
1789454221700728300,18.619728271484377,-5.517796037748456,-7.051589075070619,3.9999218695700165
1789454221710668500,18.62966845703125,-5.5854304810822,-6.973591643154621,4.042572093772888
1789454221720608500,18.6396083984375,-5.651781314346194,-6.895331760910153,4.084376807062328
1789454221730548700,18.649548828125,-5.720642669126391,-6.81760496262908,4.118847816462814
1789454221740488400,18.659488525390625,-5.800424061849713,-6.737261844369769,4.13941684949994
1789454221750428400,18.669428466796877,-5.886650392928719,-6.652939301085472,4.154047432398796
1789454221760369700,18.67936962890625,-5.966672024148703,-6.567419656971096,4.175910889160633
1789454221770309400,18.689309326171873,-6.036974809908867,-6.483418016204237,4.206021365264058
1789454221780249600,18.69924951171875,-6.100176823753118,-6.401864937633276,4.239622898353636
1789454221790189600,18.709189453125,-6.163990832015871,-6.319942441228032,4.270125004123151
1789454221800129500,18.719129638671873,-6.234630886906385,-6.235000889262556,4.292379798290133
1789454221810069500,18.729069580078125,-6.313422684070468,-6.143892631360888,4.308555564804375
1789454221820009500,18.739009521484373,-6.393914270889758,-6.046168754711747,4.328062813828885
1789454221829949700,18.74894970703125,-6.467462906703353,-5.945289044380187,4.358424634344876
1789454221839890400,18.758890380859373,-6.537574553805589,-5.841203816005587,4.394411601266265
1789454221849830700,18.76883056640625,-6.606405513447522,-5.733358358314633,4.433327899637818
1789454221859770600,18.7787705078125,-6.6777323815584175,-5.622776753658056,4.467956145426631
1789454221869710300,18.78871044921875,-6.7515650950104,-5.512655752250552,4.494146525476872
1789454221879650600,18.798650634765625,-6.824257990777492,-5.403679829224944,4.516646234315633
1789454221889590500,18.808590576171873,-6.890588950297236,-5.297342438009381,4.541839127761126
1789454221899530500,18.818530517578125,-6.953312825235724,-5.192412575504184,4.5673555540725586
1789454221909471500,18.828471435546874,-7.018696274772286,-5.084353767323494,4.588863913786411
1789454221919411500,18.838411376953125,-7.089062188896537,-4.971805246508121,4.603996016466617
1789454221929351700,18.8483515625,-7.156110356774926,-4.8594455262631175,4.620206269772351
1789454221939291400,18.85829150390625,-7.223308162257075,-4.750035887995362,4.629402844923734
1789454221949231600,18.868231689453125,-7.293605687320232,-4.642892441093921,4.627876073747873
1789454221959171600,18.878171630859374,-7.3701266169428825,-4.535580067366362,4.613034478446841
1789454221969111600,18.888111572265625,-7.451315538376569,-4.424631675224006,4.590309436419606
1789454221979052500,18.898052490234374,-7.531282809060811,-4.308400081981718,4.570322002662718
1789454221988992500,18.907992431640626,-7.605361021706462,-4.189545739020407,4.558132090914249
1789454221998932500,18.917932373046874,-7.672800234729051,-4.069299941700697,4.554046867427229
1789454222008872400,18.92787255859375,-7.7407684400618075,-3.9529353697285052,4.541498351499438
1789454222018812400,18.9378125,-7.808284809973835,-3.8468329563125967,4.5169630451798435
1789454222028752600,18.947752685546874,-7.872962741589546,-3.749840608808398,4.486152019591629
1789454222038692400,18.9576923828125,-7.9295678413867945,-3.6596287152245637,4.460877585342526
1789454222048632600,18.967632568359374,-7.972872145584225,-3.5751916056498882,4.452161487184465
1789454222058573600,18.977573486328126,-8.008648392364382,-3.497015310035646,4.450039672724903
1789454222068513500,18.987513427734374,-8.035729291513562,-3.426561133106053,4.456022254265845
1789454222078453500,18.99745361328125,-8.056139042335749,-3.3613758364900943,4.4687975646868345
1789454222088393500,19.0073935546875,-8.06111566170454,-3.2963004299893974,4.508124197424948
1789454222098333700,19.017333740234374,-8.052607361078262,-3.225609229433536,4.573988416215777
1789454222108273400,19.0272734375,-8.037254893645644,-3.1604853076159953,4.645881101515889
1789454222118213400,19.03721337890625,-8.024780027475952,-3.119089759649336,4.695158927164972
1789454222128154600,19.047154541015626,-8.018433873319625,-3.1008006542429327,4.7180680935874575
1789454222138094300,19.05709423828125,-8.01316557752788,-3.0901383904531596,4.7339890085577965
1789454222148034600,19.06703466796875,-8.008695738637448,-3.0745088596448302,4.751692130769789
1789454222157974500,19.076974609375,-7.99886232688725,-3.063945672315359,4.775024198779463
1789454222167914800,19.086914794921874,-7.978210584002733,-3.067336776058376,4.807279285696149
1789454222177854500,19.0968544921875,-7.963129919248819,-3.0685680714190005,4.831448973573744
1789454222187794400,19.10679443359375,-7.951433636236191,-3.0687396285936233,4.850558163191378
1789454222197734700,19.116734619140626,-7.942114603748917,-3.070136635909974,4.864922204108536
1789454222207675400,19.12667529296875,-7.929378456294536,-3.0774516350984573,4.881050039827823
1789454222217615600,19.13661572265625,-7.9054720955282445,-3.0991651619955896,4.9060249066084625
1789454222227555600,19.1465556640625,-7.881634708344936,-3.129918319916725,4.924819038927555
1789454222237495300,19.156495361328126,-7.855393767151236,-3.16974530339241,4.9412411814183
1789454222247435500,19.166435546875,-7.829607583987713,-3.2209719250217077,4.949038118904829
1789454222257375500,19.17637548828125,-7.807882074391841,-3.277480870968103,4.946263393494487
1789454222267315700,19.186315673828126,-7.787412702336907,-3.3394995202466844,4.937036130943894
1789454222277256400,19.19625634765625,-7.765091564935445,-3.410318438835442,4.923760469785332
1789454222287196400,19.206196533203126,-7.735940289252996,-3.492350533095002,4.912137836530804
1789454222297136600,19.21613671875,-7.697461797776818,-3.585723813319206,4.905308867293596
1789454222307076400,19.226076416015626,-7.642809585613012,-3.6922079195290802,4.911766665130854
1789454222317016600,19.2360166015625,-7.574556133598088,-3.8144285240530964,4.924080203258991
1789454222326956500,19.24595654296875,-7.497206351935863,-3.949771352739632,4.9357466756552455
1789454222336896500,19.255896484375,-7.411909995183348,-4.090827298375964,4.949656543064117
1789454222346836500,19.26583642578125,-7.31628689020574,-4.234982963593304,4.970643801513314
1789454222356777500,19.275777587890627,-7.214245150357485,-4.3821042006179685,4.992215581852197
1789454222366717700,19.2857177734375,-7.109490059897303,-4.532689606621862,5.008021053749323
1789454222376657400,19.295657470703127,-7.0062225776463745,-4.684550731649995,5.0138025597602125
1789454222386597400,19.305597412109375,-6.911106253147125,-4.833767187388241,5.0041678854525085
1789454222396537600,19.31553759765625,-6.822008166024088,-4.976738611257076,4.986248782402277
1789454222406477600,19.3254775390625,-6.730892309337854,-5.114043387666344,4.97111784876585
1789454222416417500,19.33541748046875,-6.639971098440885,-5.250136450198292,4.951487265622616
1789454222426357500,19.345357421875,-6.559382480987906,-5.385626870661974,4.913240829336643
1789454222436298500,19.355298583984375,-6.485582500761747,-5.520961223781108,4.860720076243579
1789454222446238500,19.365238525390627,-6.415627505525946,-5.655391906058788,4.798609364767373
1789454222456178400,19.375178466796875,-6.348249667301774,-5.786653310650586,4.731251984809338
1789454222466118700,19.38511865234375,-6.276828106644749,-5.919508121913671,4.661674298453331
1789454222476058400,19.395058349609375,-6.198274209889769,-6.056787179359794,4.589887119354308
1789454222485998600,19.40499853515625,-6.11776099576056,-6.1969812474697825,4.510075916014611
1789454222495938600,19.4149384765625,-6.041431204795837,-6.340279126814007,4.412750683294236
1789454222505879300,19.42487939453125,-5.96488455621004,-6.481739269337058,4.310172352351248
1789454222515819500,19.434819580078123,-5.887209780377149,-6.619293052071333,4.206679536911845
1789454222525759500,19.444759521484375,-5.809385951462388,-6.751933928322791,4.102776387105882
1789454222535699700,19.45469970703125,-5.7352194760113955,-6.877156052750348,3.9977936253696678
1789454222545639400,19.464639404296875,-5.655483091473579,-6.999350353789329,3.898080328468978
1789454222555579400,19.474579345703123,-5.565506467950343,-7.125821601495146,3.7971269683793185
1789454222565519600,19.48451953125,-5.478036858811974,-7.252175944823026,3.6833950829982753
1789454222575459600,19.49445947265625,-5.405621610942482,-7.369356801614165,3.5555917099058627
1789454222585400600,19.504400634765624,-5.340532760438323,-7.47764883402884,3.425471584303677
1789454222595340500,19.514340576171875,-5.270168015357852,-7.581654567426443,3.3036665748432275
1789454222605280500,19.524280517578124,-5.187192795029282,-7.682497452878952,3.2004148746833203
1789454222615220500,19.534220458984375,-5.0951604080200195,-7.779519903260469,3.1126807693898675
1789454222625160400,19.544160400390624,-5.0031706911087035,-7.8715441069632766,3.029433746382594
1789454222635100700,19.5541005859375,-4.914331547182798,-7.957415633255243,2.9494577078700064
1789454222645040600,19.56404052734375,-4.8276112951070065,-8.035000977239012,2.8815467856824397
1789454222654981000,19.573981201171875,-4.740794304658472,-8.105168738442659,2.828697531287372
1789454222664921000,19.583921142578124,-4.653467611122131,-8.171265304684638,2.783169413560629
1789454222674861000,19.593861083984375,-4.566528455598652,-8.234594159778952,2.7401944874480364
1789454222684801000,19.603801025390624,-4.485548208479583,-8.2938120724231,2.69497996571511
1789454222694741000,19.613740966796875,-4.413557908023893,-8.346949788370727,2.6493936880603433
1789454222704681200,19.62368115234375,-4.348512604400515,-8.393771160778403,2.608729084716737
1789454222714621200,19.63362109375,-4.284892072883248,-8.437820145863293,2.5716356178581714
1789454222724561000,19.643560791015624,-4.222110038016736,-8.48092629714012,2.533392104181647
1789454222734502100,19.653502197265624,-4.16418538005352,-8.521060739129782,2.4942931427195667
1789454222744442000,19.663442138671876,-4.118370554339886,-8.553799225649238,2.458040510599315
1789454222754382000,19.673382080078124,-4.086958055727184,-8.578389477026462,2.4245418533623218
1789454222764322000,19.683322021484376,-4.067508674369752,-8.595852653002739,2.395223404419422
1789454222774262000,19.693261962890624,-4.059733364193141,-8.605608907863497,2.373285713377595
1789454222784202000,19.703201904296876,-4.058702852101624,-8.607892634886502,2.3667495896071196
1789454222794142000,19.713141845703124,-4.058435725598037,-8.604513513842225,2.37945855679363
1789454222804082200,19.723082275390624,-4.060030301313102,-8.597262519800662,2.402830226161331
1789454222814023000,19.73302294921875,-4.066317126497626,-8.588624455314875,2.4230001768782734
1789454222823963100,19.742963134765624,-4.079530243813991,-8.577527891761065,2.44004761166051
1789454222833903000,19.752903076171876,-4.101219805313646,-8.560389709955453,2.4637550888538358
1789454222843843000,19.762843017578124,-4.126938768459857,-8.537292912006377,2.5006796288862825
1789454222853783000,19.772782958984376,-4.154660303600132,-8.50996534461975,2.547488141812384
1789454222863723000,19.782722900390624,-4.182143646070361,-8.480095691534876,2.6015555398255583
1789454222873663000,19.7926630859375,-4.217228111194074,-8.448090779986977,2.6486057525530455
1789454222883603200,19.802603271484376,-4.259583736364543,-8.41343272358179,2.6908167085558174
1789454222893544000,19.8125439453125,-4.299754126450419,-8.376490940153598,2.74169904679209
1789454222903484200,19.822484130859376,-4.329505413852631,-8.33868406432867,2.809293742637336
1789454222913424100,19.832424072265624,-4.353709003999829,-8.300783665001392,2.8831530518352984
1789454222923364000,19.842364013671876,-4.383254247435927,-8.260992337360978,2.9518592160537835
1789454222933304000,19.852303955078124,-4.419842979642748,-8.218058620041608,3.016431056946516
1789454222943244000,19.862244140625,-4.460660143199563,-8.174730350446701,3.0735499514847993
1789454222953184000,19.87218408203125,-4.500825272588432,-8.133842459741235,3.1230741531103847
1789454222963124000,19.8821240234375,-4.537826677249372,-8.094661957475543,3.1709529256165028
1789454222973065200,19.892065185546876,-4.5712548995986575,-8.055482039731741,3.2222984974503515
1789454222983005000,19.9020048828125,-4.60717084711045,-8.015201467269659,3.2712288248360153
1789454222992945000,19.91194482421875,-4.646125723926723,-7.970394941815734,3.3251685048162933
1789454223002885000,19.921885009765624,-4.688146125793457,-7.923827836430072,3.377071126011014
1789454223012825000,19.9318251953125,-4.734925704886019,-7.874797555801272,3.4261382315188644
1789454223022765000,19.94176513671875,-4.788746726922691,-7.821534752169251,3.473018056115508
1789454223032705000,19.951705078125,-4.844643678450584,-7.766285743156075,3.519176288439333
1789454223042645000,19.96164501953125,-4.892697807523608,-7.712264814633131,3.5711142732083796
1789454223052586000,19.9715859375,-4.93437538730204,-7.659739677625894,3.626390170228481
1789454223062526000,19.98152587890625,-4.978443661609291,-7.605735115715861,3.67944283824116
1789454223072466200,19.991466064453125,-5.030641466358304,-7.5498413790583605,3.7232910400569437
1789454223082406100,20.00140625,-5.091707637217641,-7.492859262642264,3.7552562041163444
1789454223092345900,20.011345947265625,-5.158695014819503,-7.432876210844516,3.782931562027335
1789454223102286000,20.0212861328125,-5.222649308335781,-7.368707982316613,3.8205344397127625
1789454223112226000,20.03122607421875,-5.275194319087267,-7.304971130943298,3.8704122770816087
1789454223122166300,20.041166259765625,-5.3178901359975335,-7.242942837053537,3.928127383947372
1789454223132107000,20.05110693359375,-5.36631309838295,-7.1762477203965185,3.984283570933342
1789454223142047200,20.061047119140625,-5.43263119842112,-7.098145074540376,4.034006217740476
1789454223151987200,20.0709873046875,-5.511210814139247,-7.011845093703269,4.078106933012604
1789454223161927000,20.080927001953125,-5.586349349492788,-6.927208077642321,4.120295384922623
1789454223171867100,20.0908671875,-5.649613322657347,-6.848435569700598,4.165477173429728
1789454223181807000,20.10080712890625,-5.710571356967091,-6.772804282394051,4.205816782602668
1789454223191747000,20.1107470703125,-5.782058384075761,-6.692471101006865,4.23663131532222
1789454223201687000,20.12068701171875,-5.865861871922016,-6.603962211948633,4.260252429406345
1789454223211628000,20.1306279296875,-5.954830195185542,-6.513024049916863,4.276785631056129
1789454223221568000,20.140568115234377,-6.047261810645461,-6.422280533674359,4.284311934907734
1789454223231508000,20.150508056640625,-6.1379848686218255,-6.329864115783572,4.292827834318578
1789454223241448200,20.1604482421875,-6.224125274983048,-6.235223592102527,4.307277215431631
1789454223251388200,20.17038818359375,-6.308543095335364,-6.137632401922345,4.324598352588713
1789454223261328000,20.180327880859377,-6.393928299415111,-6.0368111437797545,4.341077193702757
1789454223271268000,20.19026806640625,-6.4857444133251905,-5.932998302605748,4.347992379918694
1789454223281208000,20.2002080078125,-6.581337123164534,-5.82413460778296,4.35153370578736
1789454223291149000,20.210149169921873,-6.682958007252216,-5.70898905621171,4.349245594850182
1789454223301089000,20.220089111328125,-6.7927978536307805,-5.584762957084179,4.340355893690884
1789454223311029000,20.230029052734373,-6.898627295324206,-5.457711863663793,4.335061002153158
1789454223320969200,20.23996923828125,-6.999415235719084,-5.335815668788552,4.325233727882802
1789454223330909000,20.249908935546873,-7.100049446856975,-5.2178422003149985,4.305091395825148
1789454223340849200,20.25984912109375,-7.203457798883319,-5.099297653955221,4.27524746170342
1789454223350789000,20.2697890625,-7.3142755503833286,-4.975125330841541,4.233191988523304
1789454223360729000,20.27972900390625,-7.424945417845248,-4.84088461817801,4.196000906509161
1789454223370670000,20.289670166015625,-7.528672918823361,-4.702586739078164,4.16835272886604
1789454223380610000,20.299610107421874,-7.6257438845217225,-4.564849708731472,4.144941165879368
1789454223390550000,20.309550048828125,-7.721532409194111,-4.4260614157661795,4.118049067300558
1789454223400490000,20.319489990234374,-7.817444267985224,-4.28783455607593,4.083191981191933
1789454223410430000,20.329429931640625,-7.912609692323207,-4.1519019448027015,4.040139021407067
1789454223420370200,20.3393701171875,-8.006528915992378,-4.016945192824304,3.991242596291005
1789454223430310000,20.349309814453125,-8.087941709309815,-3.88822996558398,3.9543966744527217
1789454223440250000,20.35925,-8.157304583871364,-3.766315650530159,3.92983740273565
1789454223450191000,20.369191162109374,-8.215562711572646,-3.6452886397048827,3.922605113394558
1789454223460131000,20.379131103515626,-8.25874952687025,-3.531172723442316,3.936279126220941
1789454223470071000,20.389071044921874,-8.291951539248227,-3.431243445703387,3.9548055475145576
1789454223480011000,20.399010986328125,-8.319841416692734,-3.3428444467604157,3.971902520526945
1789454223489951200,20.408951171875,-8.346868539828062,-3.2612764628812667,3.9829900239914653
1789454223499891000,20.418890869140625,-8.367659398922324,-3.1884193164631722,3.99833080098629
1789454223509831000,20.428830810546874,-8.382073708721995,-3.126025988653302,4.0173587420612575
1789454223519771100,20.438771240234374,-8.38872030712962,-3.0701866125315425,4.046447181640565
1789454223529711900,20.4487119140625,-8.387719021132588,-3.0175694133266804,4.08788832231462
1789454223539652000,20.458652099609374,-8.378319909146427,-2.973785801179707,4.138931988592446
1789454223549592000,20.468592041015626,-8.36623199646771,-2.935010080322623,4.190733195239305
1789454223559532300,20.4785322265625,-8.341592645251751,-2.914967116986215,4.253370853199065
1789454223569472000,20.488471923828126,-8.304679503396153,-2.917370963257551,4.323384885145724
1789454223579412000,20.498411865234374,-8.268009522646665,-2.927430877240002,4.38640072876811
1789454223589352200,20.508352294921874,-8.235739822682739,-2.940770835806429,4.4378903852477665
1789454223599292200,20.518292236328126,-8.20339471939504,-2.9607319660782814,4.484280965022743
1789454223609233200,20.528233154296874,-8.17126413564086,-2.9903660568416117,4.523112215459347
1789454223619173000,20.538173095703126,-8.142888520506023,-3.0239851255878802,4.5518440966859455
1789454223629112800,20.54811279296875,-8.11410257100463,-3.0565994012057778,4.581370635421574
1789454223639053000,20.558052978515626,-8.085868410167098,-3.0893487013801932,4.6092327480763196
1789454223648993000,20.567992919921874,-8.063235138076543,-3.1222245505437254,4.626700015705824
1789454223658933200,20.577933349609374,-8.042544816747307,-3.1561993008598686,4.639642207126319
1789454223668873200,20.587873291015626,-8.017469996723532,-3.194966546149552,4.656478483375906
1789454223678813200,20.597813232421874,-7.99507637860775,-3.2337089492589235,4.668214513877034
1789454223688754400,20.60775439453125,-7.972530200278759,-3.2770643991217017,4.676537521064281
1789454223698694100,20.617694091796874,-7.944333448842167,-3.3269498352751135,4.689283020868897
1789454223708634400,20.62763427734375,-7.908940648421645,-3.3879128380209207,4.7054330684199925
1789454223718574300,20.63757421875,-7.869300711950659,-3.4625878475159406,4.717518350750208
1789454223728514300,20.647514404296874,-7.83106655062437,-3.5426296447411176,4.721712295308709
1789454223738454300,20.657454345703126,-7.7924746619015925,-3.626998072993755,4.721504497776925
1789454223748394200,20.667394287109374,-7.750351091921329,-3.716276777380705,4.721411266535521
1789454223758334200,20.677334228515626,-7.696607811295986,-3.8127451010107993,4.7323953096255655
1789454223768274400,20.6872744140625,-7.627946363002061,-3.9219200537398455,4.754299975180626
1789454223778215200,20.697215087890626,-7.5544129247575995,-4.041472900359333,4.771552138754725
1789454223788155400,20.7071552734375,-7.475655614385008,-4.166595656065643,4.7879447628900405
1789454223798095000,20.71709521484375,-7.390565593859553,-4.296697369228303,4.805032091291248
1789454223808035300,20.727035400390626,-7.30388450475037,-4.429913415019214,4.816591303920745
1789454223817975300,20.736975341796875,-7.212091187193989,-4.564028163215518,4.8296746573776
1789454223827915300,20.746915283203126,-7.111999412369728,-4.698427865833044,4.849189212925732
1789454223837855200,20.756855224609374,-7.005515890681743,-4.837777884334326,4.867137249809503
1789454223847795200,20.766795166015626,-6.896368702742457,-4.9837750857651235,4.875697280623019
1789454223857736400,20.776736328125,-6.786763834163546,-5.132969037410617,4.874718498718738
1789454223867676200,20.78667626953125,-6.681742201721668,-5.28180876879096,4.8607820355638856
1789454223877616000,20.7966162109375,-6.578023468571901,-5.430401831933856,4.838460313640534
1789454223887556400,20.806556396484375,-6.478095944398641,-5.576847946175932,4.806601824826002
1789454223897496300,20.816496337890626,-6.380181513613462,-5.719290669995546,4.770049332976341
1789454223907436300,20.826436279296875,-6.2760711507976055,-5.862454693827033,4.734234507751465
1789454223917376300,20.836376220703126,-6.171922209537029,-6.007448271173239,4.68917517658025
1789454223927316200,20.846316162109375,-6.086117318740487,-6.147685593903065,4.619038395036757
1789454223937257200,20.85625732421875,-6.017349487462639,-6.278136266633868,4.532866132232547
1789454223947197200,20.866197265625,-5.947443592065572,-6.405459747254848,4.446161954508722
1789454223957137400,20.876137451171875,-5.87191634965539,-6.536047782629728,4.3555742133498185
1789454223967077400,20.886077392578127,-5.791058852133155,-6.66708005464077,4.264280954270064
1789454223977017000,20.89601708984375,-5.713796164232492,-6.793990278285741,4.167089869323372
1789454223986957300,20.905957275390627,-5.64850623819828,-6.9119088017016646,4.060824666561186
1789454223996897300,20.915897216796875,-5.592784935498237,-7.020878879508376,3.9494817221432923
1789454224006837200,20.925837158203127,-5.544429193130135,-7.12242026861906,3.8341654901802538
1789454224016777200,20.935777099609375,-5.495039431539178,-7.219952422088384,3.7211820850789543
1789454224026718500,20.945718505859375,-5.442369333103299,-7.3151108321636915,3.6111171977728604
1789454224036658200,20.955658203125,-5.385365589377284,-7.407521989357471,3.506688855049014
1789454224046598100,20.96559814453125,-5.316077533617616,-7.501317294386029,3.4117312282428145
1789454224056538400,20.975538330078123,-5.235455598416924,-7.5994029900848865,3.318050489504635
1789454224066478300,20.985478271484375,-5.152178764793277,-7.6957058940201994,3.225136058963835
1789454224076418000,20.99541796875,-5.068123348012566,-7.785482611057162,3.1417803148850796
1789454224086358300,21.005358154296875,-4.978503867363929,-7.870563279232383,3.0723151489928364
1789454224096298200,21.01529833984375,-4.884759708000719,-7.951288090285658,3.0143934136390684
1789454224106239200,21.0252392578125,-4.789630816280842,-8.026935159683227,2.966162758955359
1789454224116179200,21.03517919921875,-4.697273727361858,-8.101855083850026,2.909635108308494
1789454224126119400,21.045119384765623,-4.611825394918024,-8.176478070896863,2.8366671949923035
1789454224136059400,21.055059326171875,-4.5361707267358895,-8.245418336132168,2.7580124682113527
1789454224145999000,21.0649990234375,-4.464098300954699,-8.3062127043128,2.6924095307052136
1789454224155939300,21.074939208984375,-4.387280434212088,-8.363510462549328,2.6408099841102954
1789454224165879300,21.08487939453125,-4.302078477744758,-8.417995501452683,2.6076556102663275
1789454224175819300,21.0948193359375,-4.217874592404067,-8.466783790019154,2.587183023341
1789454224185760300,21.10476025390625,-4.146371783204376,-8.509794079706072,2.5615213433399795
1789454224195700200,21.1147001953125,-4.094051521119475,-8.545639884591102,2.5261007781296967
1789454224205640200,21.12464013671875,-4.06010862724632,-8.570644561988114,2.4959815341979263
1789454224215580200,21.134580078125,-4.043179119755328,-8.583667125168443,2.4786624428674577
1789454224225520400,21.144520263671875,-4.037235993441939,-8.588362589508295,2.4720719585612416
1789454224235460400,21.15446044921875,-4.03675025575161,-8.586759830486773,2.4784257115021346
1789454224245400000,21.164400146484375,-4.043217990460992,-8.5806317029953,2.489085637204349
1789454224255340300,21.17434033203125,-4.059512999440729,-8.57113556037545,2.4952678329706193
1789454224265281300,21.18428125,-4.084104712122678,-8.558900932702421,2.4971397643223403
1789454224275221200,21.19422119140625,-4.109724891069531,-8.542946407723427,2.5097116611257193
1789454224285161200,21.2041611328125,-4.1368487525776025,-8.521506144809722,2.537868665073812
1789454224295101200,21.21410107421875,-4.1649736078217625,-8.493689332601427,2.584698805309832
1789454224305041400,21.22404150390625,-4.195392419221997,-8.460402564549446,2.6439874451026317
1789454224314981000,21.233981201171876,-4.230605771422386,-8.424040626835822,2.7033196317762136
1789454224324921300,21.24392138671875,-4.2716815859153865,-8.386088205060362,2.756196943221986
1789454224334861300,21.253861328125,-4.3141918171256775,-8.348360239690543,2.8041116638243198
1789454224344802300,21.26380224609375,-4.353351568864285,-8.310674359896778,2.8550641446873546
1789454224354742300,21.2737421875,-4.389615891422331,-8.271072417348623,2.913938066199422
1789454224364682200,21.28368212890625,-4.42499583236128,-8.228305288767814,2.9807322593167425
1789454224374622500,21.29362255859375,-4.465239872205257,-8.182565281856059,3.045925739239156
1789454224384562200,21.303562255859376,-4.512647520068287,-8.134466729119419,3.1043346735879775
1789454224394502100,21.313502197265624,-4.562812942206859,-8.085987068110704,3.1572023404225704
1789454224404442400,21.3234423828125,-4.605254492095113,-8.039995716786384,3.2125533485054967
1789454224414382300,21.33338232421875,-4.6392678208559746,-8.000124309647083,3.2627623175248504
1789454224424323300,21.3433232421875,-4.671125432887673,-7.963143363252282,3.307465382604301
1789454224434263300,21.35326318359375,-4.706325925606489,-7.925266929322481,3.348281084856391
1789454224444203300,21.363203369140624,-4.749293252934515,-7.883766459676623,3.3853824427604673
1789454224454143200,21.373143310546876,-4.801250526925921,-7.837052054774761,3.420376014730334
1789454224464083200,21.383083251953124,-4.857325173108279,-7.784847235763072,3.4601898464635013
1789454224474023400,21.3930234375,-4.906433487409353,-7.728816136461496,3.5160651706814763
1789454224483963100,21.402963134765624,-4.943924136891961,-7.673519196653365,3.5840123332262035
1789454224493903000,21.412903076171876,-4.976024325507879,-7.620365114092826,3.6523490796104072
1789454224503844400,21.42284423828125,-5.012876677086949,-7.567458284291624,3.711478729449212
1789454224513784000,21.4327841796875,-5.0637476171463724,-7.512460035169124,3.7539036204636096
1789454224523724300,21.442724365234376,-5.125901583242416,-7.453985049846768,3.7859754597678776
1789454224533664300,21.452664306640624,-5.191247038856148,-7.393563022109865,3.8153020920172334
1789454224543604500,21.4626044921875,-5.250515804904699,-7.3324758084625,3.8519194657966493
1789454224553544200,21.472544189453124,-5.299766450285912,-7.272341950017213,3.898196356064081
1789454224563484200,21.482484130859376,-5.345082094305753,-7.212192309480905,3.947754752220213
1789454224573424400,21.49242431640625,-5.405058131840825,-7.146323706775903,3.985696944862604
1789454224583365000,21.502365234375,-5.48720274656415,-7.0699231886625284,4.009637792420387
1789454224593305300,21.512305419921876,-5.5837634246528145,-6.986765012982487,4.022075249189138
1789454224603245300,21.522245361328125,-5.680621039861441,-6.903387057071924,4.030402348029614
1789454224613185300,21.532185302734376,-5.7657321031749245,-6.820298439496756,4.0509561834976076
1789454224623125200,21.542125244140625,-5.8400452936202285,-6.734921418723464,4.087189818656444
1789454224633065200,21.552065185546876,-5.917107490512729,-6.64188306954205,4.128388675007224
1789454224643005400,21.56200537109375,-6.002983108457922,-6.538835367521643,4.168715716959536
1789454224652945400,21.5719453125,-6.087786128735542,-6.432769778984785,4.21054965634346
1789454224662887200,21.58188720703125,-6.165231771987676,-6.329938934585452,4.253486588533223
1789454224672827100,21.5918271484375,-6.237044377788901,-6.22800007058978,4.2990316573947664
1789454224682767000,21.60176708984375,-6.304013050690293,-6.124957044744491,4.349107939945161
1789454224692707000,21.61170703125,-6.376620021739602,-6.02350333391726,4.384803522704542
1789454224702647300,21.621647216796877,-6.463764052185416,-5.9222588819265365,4.395115073360502
1789454224712587000,21.6315869140625,-6.55823681808412,-5.820985788363218,4.390451173202694
1789454224722527200,21.64152734375,-6.651030837115645,-5.721791839161515,4.381243492135405
1789454224732468200,21.65146826171875,-6.7439797544479365,-5.61941283018291,4.371655871839821
1789454224742408200,21.661408203125,-6.834568956911563,-5.508251964333653,4.37244030021578
1789454224752348200,21.67134814453125,-6.919757761636376,-5.3925879418462515,4.382613903705775
1789454224762288000,21.6812880859375,-7.009455568218231,-5.276536381345987,4.381340522769094
1789454224772228400,21.691228271484373,-7.108145659551024,-5.15909248970449,4.3621532994791865
1789454224782168000,21.70116796875,-7.213162031295895,-5.038815420463681,4.330241911433637
1789454224792108300,21.7111083984375,-7.3241165609180925,-4.913478145223856,4.287821696594357
1789454224802048300,21.72104833984375,-7.430066998642682,-4.784345569354295,4.251419426870346
1789454224811989000,21.730989013671874,-7.5199121047407385,-4.65709719979614,4.2347108686536545
1789454224821929200,21.74092919921875,-7.603944725167751,-4.531992856529355,4.22035851817429
1789454224831869200,21.750869140625,-7.691541760078072,-4.402927792938053,4.198193155856431
1789454224841809200,21.76080908203125,-7.778688128611445,-4.269423285594582,4.175452623999119
1789454224851749000,21.7707490234375,-7.867300478044152,-4.132174623286724,4.1474201232135295
1789454224861689000,21.780689208984374,-7.954152247545123,-3.993992187260091,4.117015340338647
1789454224871629300,21.79062939453125,-8.02769679170549,-3.861403041195869,4.100739328320325
1789454224881569000,21.800569091796874,-8.087425576481223,-3.740879011456668,4.095096646258234
1789454224891510300,21.81051025390625,-8.144259808859228,-3.6283491953417655,4.083689117059111
1789454224901450200,21.8204501953125,-8.198149804478883,-3.5184593723416326,4.071999263787269
1789454224911390000,21.830389892578125,-8.246859182590246,-3.4059926845908164,4.069265162648261
1789454224921330200,21.840330078125,-8.293335102561116,-3.290130216921866,4.0701422377437355
1789454224931270100,21.850270263671874,-8.338035245031119,-3.1743940059810876,4.070725882850587
1789454224941210400,21.86021044921875,-8.373681727951764,-3.068606357602775,4.078667489504814
1789454224951150000,21.870150146484374,-8.400433541277051,-2.9789804472133516,4.090081740705669
1789454224961090000,21.880090087890625,-8.42171189162731,-2.9021126038491722,4.101571395230293
1789454224971031300,21.89003125,-8.42984843633175,-2.8327994136482477,4.133199874681234
1789454224980971000,21.899970947265626,-8.418603988739848,-2.7677345285415647,4.199655337363481
1789454224990911200,21.9099111328125,-8.395359306752681,-2.7119156106859443,4.2818002443477505
1789454225000851200,21.919851318359374,-8.370266951072216,-2.6705098335862156,4.356304573450982
1789454225010791200,21.929791259765626,-8.338159748193622,-2.656633576186001,4.425805979700386
1789454225020731100,21.939731201171874,-8.310200897166132,-2.6617344064563513,4.475058378647268
1789454225030671000,21.949671142578126,-8.277073703590036,-2.6753011595159766,4.528046749252081
1789454225040612000,21.959612060546874,-8.234532784980535,-2.695744812607765,4.593019279900193
1789454225050552000,21.969552001953126,-8.191342462551594,-2.7245082580164075,4.652888934451341
1789454225060492300,21.9794921875,-8.147251391890645,-2.7585160338193178,4.709916059052944
1789454225070432300,21.989432373046874,-8.098315219286084,-2.791875282585621,4.77421054430902
1789454225080372000,21.9993720703125,-8.056721810659766,-2.827691861376166,4.823248715983331
1789454225090312200,22.009312255859374,-8.027780962857603,-2.8636057630613445,4.85024573624134
1789454225100252200,22.019252197265626,-8.004988116291164,-2.895724364116788,4.8688110282406205
1789454225110192400,22.0291923828125,-7.981590874090791,-2.9313726006031033,4.885864162111282
1789454225120133000,22.039133056640626,-7.957180070933699,-2.972776331876218,4.9006470129624
1789454225130073000,22.049072998046874,-7.922187083485722,-3.0233997269153594,4.9262990483522415
1789454225140013300,22.059013427734374,-7.885331224775314,-3.083193685881793,4.948320910546183
1789454225149953000,22.068953125,-7.854152242657542,-3.150055099016428,4.955789346730708
1789454225159893200,22.078893310546874,-7.823523880159854,-3.221307148325443,4.958428463062644
1789454225169833200,22.088833251953126,-7.792954554373026,-3.2981673929050563,4.9560424447089435
1789454225179773200,22.098773193359374,-7.758198298290371,-3.383022727891803,4.953374102282524
1789454225189714200,22.108714111328126,-7.717838815373182,-3.4761779814511535,4.95192565703988
1789454225199654100,22.118654052734374,-7.6655907417416564,-3.5809576218307018,4.958412680971622
1789454225209594400,22.128594482421875,-7.603442036342621,-3.7023806462362407,4.964924254822731
1789454225219534000,22.1385341796875,-7.536965530872345,-3.8358293317392467,4.964975692749023
1789454225229474000,22.14847412109375,-7.4694970917552705,-3.9661934952303763,4.964505737149715
1789454225239414300,22.158414306640626,-7.392237326464056,-4.093756922087073,4.976577867737412
1789454225249354200,22.168354248046874,-7.29787971137762,-4.225852439415455,5.005350373235345
1789454225259294200,22.178294189453126,-7.187241408097743,-4.369744192999601,5.041756734612584
1789454225269235200,22.188235107421875,-7.067252508148551,-4.52588401826024,5.073528421926498
1789454225279175200,22.198175048828126,-6.949750164318084,-4.687782845439017,5.088816007429361
1789454225289115100,22.208115234375,-6.837987240922451,-4.850231123194098,5.087983063736558
1789454225299055000,22.21805517578125,-6.741056560477614,-5.006190331190824,5.066224236392975
1789454225308995300,22.227995361328126,-6.654885758978128,-5.153452437990904,5.032371651151776
1789454225318935000,22.23793505859375,-6.566105067241192,-5.297203906321525,4.9996267348915335
1789454225328875000,22.247875,-6.465322387543321,-5.446293813070654,4.970697577527165
1789454225338815200,22.257815185546875,-6.361377444422245,-5.600132960173488,4.933733582267165
1789454225348756000,22.267755859375,-6.264965819415449,-5.75507334651649,4.878493048821389
1789454225358696200,22.2776962890625,-6.18081687913239,-5.906573237016797,4.8041930101186034
1789454225368636200,22.28763623046875,-6.105566115576028,-6.051499594345689,4.719302019296586
1789454225378576400,22.297576416015627,-6.022931671509147,-6.1925482334584,4.641879172398149
1789454225388516000,22.30751611328125,-5.929760051336884,-6.335848450890183,4.567861750029027
1789454225398456000,22.3174560546875,-5.8326353096246715,-6.48423400876224,4.483907747796177
1789454225408396300,22.327396240234375,-5.7623243405580515,-6.629416971200704,4.360829065138101
1789454225418336300,22.337336181640627,-5.711238880965113,-6.7643380673438305,4.218510259959102
1789454225428277200,22.34727734375,-5.65932398481071,-6.889626242744923,4.083561983548105
1789454225438217200,22.35721728515625,-5.599873432454467,-7.004713926649093,3.9680978675469754
1789454225448157200,22.3671572265625,-5.523505647566914,-7.11339349707663,3.880838978549838
1789454225458097200,22.37709716796875,-5.436251727005839,-7.220717561241984,3.805098385649919
1789454225468037000,22.387037109375,-5.35292170189023,-7.32706722741723,3.71896236320287
1789454225477977300,22.396977294921875,-5.281816952097415,-7.4306678871452805,3.6135862182348966
1789454225487917300,22.406917236328123,-5.218829457786679,-7.531548181998729,3.494276532721519
1789454225497858300,22.4168583984375,-5.158260130533575,-7.62681180601418,3.3755741654515266
1789454225507798300,22.42679833984375,-5.092711261302233,-7.713577066275477,3.2764953670620915
1789454225517738000,22.436738037109375,-5.012770294103026,-7.797285861575603,3.200756819988787
1789454225527678200,22.44667822265625,-4.915063953110575,-7.885654465380311,3.13512144151777
1789454225537618200,22.4566181640625,-4.8148260478138925,-7.976174109739064,3.06080123680979
1789454225547558100,22.46655810546875,-4.729524722625315,-8.059367356732487,2.974661999492347
1789454225557498000,22.476498046875,-4.6617049858525395,-8.131058381980656,2.885268436554074
1789454225567438000,22.48643798828125,-4.595148400883376,-8.192921256175637,2.8162156508550047
1789454225577379300,22.49637939453125,-4.51947005956471,-8.249364443409442,2.7735823777869344
1789454225587319000,22.506319091796875,-4.4354313016578555,-8.302888528326154,2.749431394609809
1789454225597259300,22.51625927734375,-4.352150960902869,-8.354489536225795,2.726114816430211
1789454225607199200,22.52619921875,-4.279456603831052,-8.403183132246136,2.6913144289448856
1789454225617139200,22.53613916015625,-4.223278789535165,-8.446477499571442,2.644106979829073
1789454225627079200,22.5460791015625,-4.183109568493068,-8.482721948385239,2.5914061939939854
1789454225637019100,22.55601904296875,-4.153560817925632,-8.511026836371421,2.545730776751041
1789454225646959000,22.565958984375,-4.128172694168985,-8.529871237573028,2.523864105118811
1789454225656900000,22.575900146484376,-4.109054152201116,-8.537649470359087,2.528750415855646
1789454225666839000,22.585839111328124,-4.09938674466759,-8.537517368412017,2.5448463951319455
1789454225676779000,22.595779052734375,-4.099958407075703,-8.533163849377631,2.558488259254396
1789454225686719000,22.605718994140624,-4.107371898202598,-8.526690269449352,2.5681571280926465
1789454225696659200,22.6156591796875,-4.119750025999545,-8.519536306041479,2.5720675795346497
1789454225706599000,22.625598876953124,-4.131712850993871,-8.510062375253439,2.5842092682272195
1789454225716539100,22.6355390625,-4.1474093095585705,-8.494218909433483,2.611049052096903
1789454225726480100,22.645480224609376,-4.171307779279351,-8.471115097221732,2.64779502069205
1789454225736420000,22.655420166015624,-4.199639847533405,-8.44353326281309,2.6907509498432276
1789454225746360000,22.665360107421876,-4.229260202032328,-8.414591830489039,2.7346587728917595
1789454225756300000,22.675300048828124,-4.262075260919333,-8.385002747911214,2.774319752150774
1789454225766240000,22.685239990234376,-4.2962981407776475,-8.35498521078825,2.8118343670308588
1789454225776180000,22.695179931640624,-4.330177029503882,-8.323244503134488,2.853688180159032
1789454225786120000,22.705119873046876,-4.365764767974615,-8.288598137167096,2.899940228246152
1789454225796060200,22.71506005859375,-4.402437963594496,-8.250202647799252,2.9534821410804986
1789454225806001000,22.7250009765625,-4.44036466640681,-8.20949654340148,3.0096079329282044
1789454225815941000,22.734941162109376,-4.4827702681988475,-8.167328549757599,3.0610294926077124
1789454225825881000,22.744881103515624,-4.529644832098484,-8.125018517294526,3.1043183069750664
1789454225835821000,22.754821044921876,-4.573632442384958,-8.08248987364471,3.150493198172748
1789454225845761000,22.764760986328124,-4.611745607680082,-8.040648627737164,3.201585087506473
1789454225855701000,22.774700927734376,-4.646026647466421,-8.000192698708176,3.2529633925661443
1789454225865641200,22.78464111328125,-4.682032903610169,-7.960277452427149,3.2989351624071594
1789454225875581000,22.794580810546876,-4.720125026117265,-7.9198986802875995,3.341557329559326
1789454225885522200,22.804522216796876,-4.759162028259039,-7.881673871311545,3.3763875276610253
1789454225895462100,22.814462158203124,-4.8047246327772735,-7.844000850999355,3.3995135517045854
1789454225905401900,22.82440185546875,-4.858967387357354,-7.801892478588223,3.4192525636583566
1789454225915342000,22.834342041015624,-4.918744102928042,-7.754260958841442,3.442061192315817
1789454225925282000,22.844281982421876,-4.981069333937764,-7.703211155083775,3.466967377774417
1789454225935222300,22.85422216796875,-5.043561738207936,-7.648608042758703,3.4973829743042586
1789454225945162000,22.864161865234376,-5.10101439474523,-7.591084074550866,3.539139756798744
1789454225955102000,22.87410205078125,-5.157485054507851,-7.531767377707362,3.583737900198996
1789454225965043000,22.88404296875,-5.219605118334293,-7.468596928045153,3.625769115720689
1789454225974983000,22.89398291015625,-5.286600094720721,-7.401693721595406,3.6656755941733716
1789454225984923100,22.903923095703124,-5.358313916322588,-7.331427176192403,3.7025726616770025
1789454225994863000,22.913863037109376,-5.431172231784463,-7.259071549555659,3.7388039587482806
1789454226004802800,22.923802734375,-5.497816495037078,-7.1868719902634615,3.7806437433511015
1789454226014743000,22.933742919921876,-5.556203217554092,-7.115410097596049,3.830129366531968
1789454226024683000,22.94368310546875,-5.61111203482747,-7.040195574396848,3.8886262714251876
1789454226034623200,22.953623291015624,-5.666128404128552,-6.959972283124923,3.9527436465486883
1789454226044564000,22.96356396484375,-5.732936333510279,-6.873718479517102,4.0069752952128646
1789454226054504200,22.973504150390625,-5.814861752524972,-6.779495888987183,4.0492251219213005
1789454226064444200,22.983444091796876,-5.90136222437024,-6.681995299699902,4.085984826780855
1789454226074384000,22.9933837890625,-5.984014788615704,-6.585343436196446,4.122527674019336
1789454226084324000,23.003323974609376,-6.0629392722487445,-6.490375580257177,4.157661823503672
1789454226094264000,23.01326416015625,-6.137670395845174,-6.394038189530372,4.197099223139882
1789454226104204000,23.0232041015625,-6.212684428036212,-6.2937845021426675,4.238071577258408
1789454226114144000,23.03314404296875,-6.293356047597527,-6.189083772218227,4.273085607494414
1789454226124085000,23.0430849609375,-6.387249552303552,-6.082789635622501,4.286383772745729
1789454226134025200,23.053025146484377,-6.490534570211172,-5.974608077844977,4.283391020670533
1789454226143965000,23.06296484375,-6.586787205263972,-5.865547983667254,4.28718281416893
1789454226153905200,23.0729052734375,-6.67226534832418,-5.758040964150428,4.30072151017785
1789454226163845000,23.08284521484375,-6.7530503651320934,-5.652163007140159,4.315056032739579
1789454226173785000,23.09278515625,-6.847189369031787,-5.545425218430161,4.3051828735008835
1789454226183725000,23.10272509765625,-6.954148107016086,-5.430615766945481,4.280023882324993
1789454226193665000,23.1126650390625,-7.063637824782729,-5.306167549499869,4.256760495637357
1789454226203606000,23.12260595703125,-7.16180886067748,-5.1798915321052075,4.248246349792182
1789454226213546000,23.1325458984375,-7.245293199571966,-5.0548780819922685,4.257266691593825
1789454226223486000,23.14248583984375,-7.3169853938639156,-4.937275784918666,4.272634064334631
1789454226233426200,23.15242626953125,-7.3975231579124925,-4.8256654217362405,4.261449530236423
1789454226243366000,23.162365966796877,-7.493205299600959,-4.706412142585218,4.227518326801062
1789454226253306000,23.17230615234375,-7.594405327928066,-4.577352924212813,4.188465834829211
1789454226263246000,23.18224609375,-7.690120202842355,-4.443530144700408,4.157822274762392
1789454226273186000,23.19218603515625,-7.773301759397983,-4.305845136801898,4.147990324316918
1789454226283127000,23.202126953125,-7.847738283962011,-4.166746754974127,4.149896742460132
1789454226293067000,23.21206689453125,-7.912669898077845,-4.036943732497096,4.154890605224669
1789454226303007200,23.22200732421875,-7.979415283617377,-3.912551629152894,4.146230913428962
1789454226312947000,23.231947021484373,-8.048072055736183,-3.794338214443624,4.123341036228835
1789454226322887000,23.241886962890625,-8.107595088806749,-3.687133685004711,4.10393607853502
1789454226332827100,23.2518271484375,-8.154857190719246,-3.5861002454161643,4.099828350955248
1789454226342767000,23.26176708984375,-8.190728714567422,-3.4887986858323212,4.112254701808094
1789454226352707000,23.27170703125,-8.224479592999815,-3.3965032639726993,4.122153287748993
1789454226362648000,23.28164794921875,-8.260855559238792,-3.31378026483953,4.1167312627002595
1789454226372588000,23.291588134765625,-8.298824932149053,-3.2447835932418703,4.095277555783093
1789454226382528000,23.301528076171873,-8.32575970082581,-3.1904540371611714,4.083270599386096
1789454226392468000,23.311468017578125,-8.337618480923771,-3.138051942011714,4.099644811081886
1789454226402408200,23.321408203125,-8.331488015344739,-3.075618866713345,4.158999209587276
1789454226412348000,23.331347900390625,-8.304622220250964,-3.0103251412868497,4.259289721854031
1789454226422288000,23.341287841796873,-8.26891611609757,-2.9601535816684366,4.362671185873449
1789454226432228000,23.35122802734375,-8.232645363798737,-2.942772238756716,4.442294173164665
1789454226442168000,23.36116796875,-8.188395303183794,-2.948748390556872,4.519454569734632
1789454226452109000,23.371109130859374,-8.134562590709328,-2.959486642192304,4.608763376998901
1789454226462049000,23.381049072265625,-8.08357007009685,-2.972858457201719,4.689173423014581
1789454226471989200,23.3909892578125,-8.04246415272653,-2.989127162696421,4.749132509414851
1789454226481929000,23.400928955078125,-8.00251558869779,-3.0043428520068525,4.806669629365206
1789454226491869000,23.410868896484374,-7.968449652966856,-3.0185245220944283,4.854140990114212
1789454226501809200,23.42080908203125,-7.942316848322749,-3.030705958275497,4.8892514664620155
1789454226511749000,23.4307490234375,-7.920200293582678,-3.040652182750404,4.918866268002986
1789454226521688800,23.440688720703125,-7.903406979691982,-3.0496243014961477,4.940274382212758
1789454226531630000,23.450630126953126,-7.889058136343955,-3.0582436612814665,4.957850955435633
1789454226541570000,23.460570068359374,-7.873310532113909,-3.070193334533274,4.975469614234567
1789454226551510000,23.470510009765626,-7.857050302186608,-3.0937516125142572,4.986566762310266
1789454226561450000,23.480449951171874,-7.844033584225177,-3.1320678991660476,4.9831408795148135
1789454226571390200,23.49039013671875,-7.819061640053987,-3.187151780745387,4.987456989148259
1789454226581330200,23.500330078125,-7.786924042037129,-3.2494422327026724,4.997528885829448
1789454226591270000,23.510269775390626,-7.751032059922814,-3.3246690308615565,5.003845229369402
1789454226601210000,23.520210205078126,-7.704882887688279,-3.4182825495824214,5.012037888175249
1789454226611150000,23.530150146484374,-7.6465937803268424,-3.529324172966182,5.02432687638402
1789454226621091000,23.540091064453126,-7.588332145494222,-3.641571957269311,5.032545838674903
1789454226631031000,23.550031005859374,-7.52968063456118,-3.7451942443072794,5.044584651514888
1789454226640971000,23.559970947265626,-7.465328281638026,-3.848033272013068,5.062796015509963
1789454226650911000,23.569910888671874,-7.3965885074108835,-3.9550609835803505,5.0811757218092675
1789454226660851000,23.579850830078126,-7.325784201869368,-4.066958931532502,5.095398892951011
1789454226670791000,23.589791015625,-7.245674307844042,-4.1898710254520175,5.11034044149518
1789454226680731000,23.59973095703125,-7.159762449541687,-4.326684803473949,5.117419586101174
1789454226690670800,23.6096708984375,-7.077561720716953,-4.467992970305681,5.11034044149518
1789454226700610800,23.61961083984375,-6.994280795440077,-4.606024015162885,5.102447057896852
1789454226710552000,23.629552001953126,-6.903858766236901,-4.746252862325311,5.0970793933838605
1789454226720491800,23.63949169921875,-6.8097776300042865,-4.894913437746465,5.083022810980677
1789454226730431700,23.649431640625,-6.714336311334371,-5.0491860078305,5.059032863584161
1789454226740372000,23.6593720703125,-6.618911359277368,-5.202590855169296,5.029256149479746
1789454226750312000,23.66931201171875,-6.524360267445445,-5.353057310968637,4.9947915698200465
1789454226760252000,23.679251953125,-6.433274805897474,-5.500767746058106,4.952265848779678
1789454226770192000,23.68919189453125,-6.340712257534265,-5.644210002309084,4.910055185037851
1789454226780131800,23.6991318359375,-6.238440800583362,-5.784976901870966,4.877117961075902
1789454226790072000,23.709072021484374,-6.131619425243139,-5.927128533789515,4.841773968233168
1789454226800012800,23.7190126953125,-6.027030923521519,-6.072945117956399,4.792141337797045
1789454226809953000,23.728953125,-5.93014057508707,-6.2197004442781205,4.72431078736931
1789454226819893000,23.73889306640625,-5.852457615947723,-6.361551631945371,4.631397233611345
1789454226829832700,23.748832763671874,-5.788840007039904,-6.494927836734056,4.525001974728704
1789454226839773000,23.75877294921875,-5.724780499583482,-6.618173108130693,4.426856073275208
1789454226849713000,23.768712890625,-5.65904341430366,-6.732493314793706,4.338102269545197
1789454226859653000,23.778653076171874,-5.593932351967692,-6.8440493174403905,4.247036389480531
1789454226869592800,23.7885927734375,-5.528501556158066,-6.960615841725469,4.1419615655466915
1789454226879534000,23.7985341796875,-5.464798022532463,-7.079960014030337,4.0225048727780575
1789454226889473800,23.808473876953126,-5.408353081732988,-7.189562544521689,3.9026030665904283
1789454226899413800,23.818413818359375,-5.350909193024039,-7.28251263089776,3.808299519778788
1789454226909354000,23.82835400390625,-5.2802095169007774,-7.365508894014358,3.746872991174459
1789454226919294000,23.8382939453125,-5.199536143773794,-7.450211961048841,3.691825642213225
1789454226929233700,23.848233642578126,-5.116316593295336,-7.5456491880655285,3.613429274107516
1789454226939174000,23.858173828125,-5.037912334144115,-7.648160298991203,3.5064912866503
1789454226949113900,23.86811376953125,-4.974829562765359,-7.744898087212443,3.3820112127617
1789454226959054000,23.87805419921875,-4.922364046990871,-7.827576370421052,3.2664620488256215
1789454226968994800,23.887994873046875,-4.859308455879986,-7.902854606506228,3.1784274992808697
1789454226978935000,23.89793505859375,-4.772795124553143,-7.976642896294593,3.124738579191267
1789454226988875000,23.907875,-4.668590653713047,-8.052281197863817,3.0879476024106145
1789454226998814700,23.917814697265626,-4.563311539378762,-8.13390441906154,3.0308672863170503
1789454227008755000,23.9277548828125,-4.4701557012975215,-8.219903955647348,2.9361916913226245
1789454227018695000,23.93769482421875,-4.391043586137891,-8.30116185066402,2.824853715340793
1789454227028635000,23.947634765625,-4.314011199861764,-8.372276537328958,2.7321584805086254
1789454227038574800,23.957574951171875,-4.2282475178584455,-8.433851242232322,2.6762697122871875
1789454227048514800,23.967514892578127,-4.134201160678267,-8.489476683342456,2.6471719203576445
1789454227058456000,23.9774560546875,-4.047020597614348,-8.541301563125849,2.614990775460005
1789454227068395800,23.987395751953127,-3.9752980081841347,-8.590021462631226,2.564936704741418
1789454227078336000,23.9973359375,-3.9210105376794933,-8.631173557230829,2.5097619300082323
1789454227088276000,24.00727587890625,-3.886623699431121,-8.65797096326351,2.4706413412362336
1789454227098216000,24.0172158203125,-3.8724581036955117,-8.66917975502014,2.453519818304479
1789454227108156000,24.027156005859375,-3.8687615872651335,-8.667847629633545,2.464035074838996
1789454227118096000,24.037095947265627,-3.873774446991086,-8.65728356552124,2.493137835204601
1789454227128035800,24.047035888671875,-3.8917531712740656,-8.63928321392834,2.5273431794062255
1789454227137975800,24.056975830078127,-3.9223222047999498,-8.61759686729908,2.5539851026162506
1789454227147916800,24.066916748046875,-3.962094535478949,-8.592757025074958,2.5761805678114293
1789454227157857000,24.07685693359375,-4.010308823549747,-8.563672969409822,2.5983307325601577
1789454227167796700,24.086796630859375,-4.058137619434297,-8.530202661484479,2.633923731727898
1789454227177737000,24.096737060546875,-4.102625288197398,-8.490051268360018,2.6940502836495637
1789454227187677000,24.106677001953123,-4.150994474568963,-8.441224985870718,2.7722505446612833
1789454227197617000,24.116616943359375,-4.2062446526259185,-8.386002280342579,2.8553265950158235
1789454227207556900,24.126556884765623,-4.264887395730614,-8.328663021051883,2.9350486587673426
1789454227217496800,24.136496826171875,-4.321968296346068,-8.275308447483182,3.00170811958909
1789454227227436800,24.146436767578123,-4.372362851065397,-8.228808562114834,3.056061641067266
1789454227237377800,24.156377685546875,-4.412632317611575,-8.185456911644339,3.114064332702756
1789454227247317800,24.16631787109375,-4.449665870976448,-8.140482628408074,3.1785809362769126
1789454227257258000,24.176258056640624,-4.492409034159779,-8.090555106678604,3.24524039709866
1789454227267198000,24.186197998046875,-4.542277226917445,-8.034490689629315,3.3143776462107897
1789454227277138000,24.196137939453124,-4.59428447753042,-7.977678084561228,3.379291140148043
1789454227287078000,24.206077880859375,-4.646859883420169,-7.926836370596289,3.426716908189654
1789454227297017900,24.216017822265623,-4.695276123803854,-7.882022830879688,3.463879348631203
1789454227306958000,24.2259580078125,-4.741621695393324,-7.841269964730739,3.4931215174674985
1789454227316898800,24.23589892578125,-4.796360124535858,-7.799909195816516,3.5109435898840426
1789454227326839000,24.245839111328124,-4.867620649412274,-7.750205545970797,3.5229245350569482
1789454227336778800,24.25577880859375,-4.9438838048815725,-7.686926959758996,3.5552091403290627
1789454227346718700,24.26571875,-4.999039290392399,-7.61478293004632,3.632499593019485
1789454227356659000,24.275658935546875,-5.027637608367204,-7.540376216098665,3.7464673329830167
1789454227366599000,24.285598876953124,-5.051002701863646,-7.4611255692511795,3.871611131477356
1789454227376539000,24.295538818359375,-5.096712898159026,-7.3764721865773195,3.972598393836617
1789454227386478800,24.305478759765624,-5.170388959744573,-7.292679804646968,4.03165907009244
1789454227396418800,24.315418701171875,-5.248638905116915,-7.216977205669879,4.066621077880263
1789454227406359800,24.32535986328125,-5.313095887458324,-7.1517241045147175,4.098074200764298
1789454227416299800,24.3352998046875,-5.372814735361933,-7.087568150946497,4.13153778668791
1789454227426240000,24.345239990234376,-5.441018503016233,-7.014409975755214,4.166989331558346
1789454227436180000,24.355179931640624,-5.526035458305477,-6.930825683617591,4.1948800857856865
1789454227446119700,24.36511962890625,-5.6300663261443376,-6.850712282460927,4.188134118656814
1789454227456060000,24.375059814453124,-5.731877764368057,-6.786353499796986,4.154680469605326
1789454227466000000,24.384999755859376,-5.808640686053037,-6.735587773677707,4.130607520100474
1789454227475940000,24.394940185546876,-5.857086444792151,-6.690920364433526,4.134792989091575
1789454227485880800,24.404880859375,-5.8808624571770425,-6.6460507106155156,4.1732273491650815
1789454227495821000,24.414821044921876,-5.896231875744462,-6.592921762496233,4.235350335600972
1789454227505761000,24.424760986328124,-5.9202124707907435,-6.525546262359619,4.305664519537985
1789454227515700700,24.43470068359375,-5.97380143763721,-6.443699169278145,4.354629333715141
1789454227525641000,24.444640869140624,-6.055078621876239,-6.356445248717069,4.370583566433191
1789454227535581000,24.454580810546876,-6.137059570470452,-6.274229322323203,4.375030608969927
1789454227545521000,24.46452099609375,-6.202627144402265,-6.201674958243966,4.3860026693612335
1789454227555460900,24.4744609375,-6.250132991942763,-6.1368584949404,4.409673175545037
1789454227565400800,24.48440087890625,-6.294318170627951,-6.073494568532705,4.4344729780197145
1789454227575341800,24.494341796875,-6.355887030312418,-6.001171675121784,4.445114491282403
1789454227585281800,24.50428173828125,-6.437429587489366,-5.9143508852809665,4.444136878421903
1789454227595222000,24.514221923828124,-6.516497278985381,-5.816246484881639,4.458354788866639
1789454227605162000,24.524161865234376,-6.5801955519139765,-5.70731030934453,4.50533164409697
1789454227615101700,24.534101806640624,-6.631403176581859,-5.589709181314706,4.57712642198056
1789454227625042000,24.5440419921875,-6.679027682065963,-5.467873776715994,4.654391740229726
1789454227634982000,24.55398193359375,-6.73408847503066,-5.344649548107386,4.717749529157579
1789454227644921900,24.563921875,-6.803258457368612,-5.220998033997416,4.756811081218719
1789454227654862800,24.57386279296875,-6.878194163626432,-5.100089096593856,4.780160100363195
1789454227664803000,24.583802978515624,-6.945926222115754,-4.985778242281079,4.802760931488871
1789454227674743300,24.593743408203125,-7.007827674755454,-4.878068101407587,4.823397184543311
1789454227684683000,24.60368310546875,-7.0715364690780635,-4.77552601082176,4.833028643980622
1789454227694623200,24.613623291015625,-7.141445871606469,-4.674760866780579,4.828741760441661
1789454227704563200,24.623563232421876,-7.218174306499957,-4.572756536333262,4.812303835859894
1789454227714503200,24.633503173828124,-7.30408967193365,-4.4638715064615,4.7848222469553345
1789454227724443100,24.643443115234376,-7.389871766376495,-4.347381554543972,4.760303307248652
1789454227734384000,24.653384033203125,-7.463712663134932,-4.227564796291292,4.753007305021584
1789454227744324000,24.663323974609376,-7.521908246994018,-4.106499207021296,4.767382451854646
1789454227754264000,24.67326416015625,-7.574213603770732,-3.9855554905652997,4.787169394603372
1789454227764204000,24.6832041015625,-7.62932934179306,-3.8704534858748314,4.79409130282104
1789454227774144300,24.693144287109376,-7.683145103132724,-3.768501470136642,4.789371580822766
1789454227784084000,24.703083984375,-7.723105357599258,-3.6826588776782154,4.791872165466844
1789454227794024200,24.713024169921876,-7.74212569988966,-3.6073496619328855,4.818391339080035
1789454227803964200,24.722964111328125,-7.7438272431105375,-3.528855678671598,4.8734722980499265
1789454227813905200,24.7329052734375,-7.726046087226271,-3.449843809016049,4.957541743355989
1789454227823845000,24.74284521484375,-7.708333320403098,-3.3724265150755643,5.037730547836422
1789454227833785000,24.75278515625,-7.695934442079067,-3.2978052815943952,5.105635040283203
1789454227843725300,24.762725341796877,-7.6727739312440155,-3.2365503101646897,5.179154450002312
1789454227853665000,24.7726650390625,-7.637836473375558,-3.1947321528717874,5.256190927931666
1789454227863605000,24.78260498046875,-7.597326768332719,-3.167434688362479,5.330892240911722
1789454227873545200,24.792545166015625,-7.566938059809804,-3.159191468413174,5.378787380030751
1789454227883485200,24.802485107421877,-7.554141122078895,-3.1639319409385323,5.393961568287015
1789454227893426200,24.81242626953125,-7.5417551032364365,-3.1754876464366912,5.404499328914285
1789454227903366100,24.8223662109375,-7.526234293499589,-3.195784584534168,5.414161475750803
1789454227913306000,24.83230615234375,-7.516441213759779,-3.226145528267324,5.409758856877684
1789454227923246000,24.84224609375,-7.510731019419431,-3.2535221954926845,5.401288550174236
1789454227933186000,24.85218603515625,-7.509676541930436,-3.272449891063571,5.391313099604845
1789454227943126300,24.862126220703125,-7.519167423853277,-3.285526522518694,5.3700902788341045
1789454227953066000,24.87206591796875,-7.530158188945054,-3.296450652115047,5.34794274443388
1789454227963006000,24.882005859375,-7.536356459063291,-3.3103117119461296,5.330621022754907
1789454227972946200,24.8919462890625,-7.537506213620305,-3.3302094215929507,5.31659015931487
1789454227982887000,24.901886962890625,-7.532606751140952,-3.355211176380515,5.307804210790992
1789454227992827100,24.9118271484375,-7.511324309137463,-3.3915202148631214,5.314881601831317
1789454228002767000,24.92176708984375,-7.46787562803328,-3.4500434232413766,5.338391072234511
1789454228012707300,24.931707275390625,-7.402400993081927,-3.534060846099257,5.37449932744801
1789454228022647000,24.94164697265625,-7.316174077481031,-3.637303778430819,5.4234711558878415
1789454228032587000,24.9515869140625,-7.221846857532858,-3.7481139311462637,5.474207071390747
1789454228042527200,24.96152734375,-7.135044187870621,-3.850933085107803,5.516505413416028
1789454228052467200,24.97146728515625,-7.063272498601675,-3.942590793585777,5.5440568526864045
1789454228062408200,24.981408203125,-7.015715797656774,-4.028009607674181,5.543039200076461
1789454228072348200,24.99134814453125,-6.980189726245403,-4.1109205305948855,5.526991736117005
1789454228082288000,25.0012880859375,-6.942627765092253,-4.2014699855700135,5.5061722354501486
1789454228092228000,25.01122802734375,-6.907780908116698,-4.3053190671011805,5.4696606601327655
1789454228102168000,25.02116796875,-6.8801955665767185,-4.424276870436966,5.40917024333477
1789454228112108300,25.0311083984375,-6.851524767887592,-4.561181249351799,5.331289715796709
1789454228122048300,25.04104833984375,-6.810204330983757,-4.716658519050479,5.2482998824208975
1789454228131988000,25.050988037109374,-6.754411716613173,-4.886178927148879,5.164648370265961
1789454228141929200,25.06092919921875,-6.693539607021212,-5.059394098111987,5.076363937613368
1789454228151869200,25.070869140625,-6.628952860820293,-5.225148723936081,4.992516026103496
1789454228161809200,25.08080908203125,-6.558692745158076,-5.380191401609778,4.920105454409122
1789454228171749000,25.0907490234375,-6.4759729608953,-5.532257109299302,4.860692311453819
1789454228181689000,25.100689208984374,-6.391959045168757,-5.680978182736038,4.79997539242357
1789454228191629000,25.110629150390626,-6.310348098930716,-5.827824694472551,4.731428802680969
1789454228201569000,25.120569091796874,-6.227830559241771,-5.976435877794027,4.654757943193614
1789454228211509200,25.13050927734375,-6.149416947740316,-6.122345985463261,4.5685818809971215
1789454228221450000,25.140449951171874,-6.06527911337316,-6.267545314514637,4.483373787049949
1789454228231390200,25.15039013671875,-5.974706862044334,-6.414022992938756,4.396995188018679
1789454228241330200,25.160330078125,-5.8871899066329,-6.55691462956965,4.303281131532788
1789454228251270100,25.170270263671874,-5.80156855570972,-6.694300654521584,4.206961568723619
1789454228261210000,25.180210205078126,-5.715448607614636,-6.827928203722834,4.108948353739082
1789454228271150000,25.190150146484374,-5.630503548517823,-6.958497534397244,4.005892176151275
1789454228281090000,25.200090087890626,-5.550801066249608,-7.084092583790421,3.895468100143969
1789454228291030300,25.2100302734375,-5.474332743597031,-7.202962708842754,3.784099436762929
1789454228300970000,25.219969970703126,-5.397062456911802,-7.316628250989318,3.675471888783574
1789454228310911200,25.2299111328125,-5.314412815275788,-7.429004337847233,3.568935175603628
1789454228320851200,25.239851318359374,-5.227199811246991,-7.543681687384844,3.455382446181774
1789454228330791200,25.249791259765626,-5.141459802380204,-7.657805494692921,3.3307337377279995
1789454228340731100,25.259731201171874,-5.0525312266051765,-7.769586538267135,3.20559052375555
1789454228350671000,25.269671142578126,-4.959332133904099,-7.87830702522695,3.0834494142085314
1789454228360611300,25.279611328125,-4.861899641416967,-7.984943107128143,2.96192731334269
1789454228370551000,25.289551025390626,-4.764460134667158,-8.089527517196535,2.833692563095689
1789454228380491300,25.2994912109375,-4.672622393447161,-8.19000332290232,2.6945915509194136
1789454228390432000,25.309431884765626,-4.588689434002339,-8.28286456195116,2.5511665380641815
1789454228400372000,25.3193720703125,-4.511886180306971,-8.364638005274534,2.4178619372069834
1789454228410312200,25.329312255859374,-4.4405257021874185,-8.433143386223911,2.309593870189786
1789454228420252200,25.339252197265626,-4.365231099489331,-8.49213625794053,2.235786729570478
1789454228430192000,25.349192138671874,-4.282574151329696,-8.54778975610137,2.1829367445230483
1789454228440132000,25.359132080078126,-4.207477117030322,-8.599577226483822,2.1248108648993074
1789454228450072000,25.369072021484374,-4.150202155147492,-8.643169115450977,2.05957252292186
1789454228460012300,25.37901220703125,-4.10449546598345,-8.678409940180181,2.0021694046147167
1789454228469952000,25.388951904296874,-4.064009141816198,-8.706403277999161,1.9628549007058143
1789454228479893200,25.398893310546875,-4.031000606183707,-8.725480318912863,1.946123400004953
1789454228489833200,25.408833251953126,-4.011565253351629,-8.736416138947009,1.9371990659236906
1789454228499773000,25.41877294921875,-4.007658601301908,-8.738581792548299,1.935515496750921
1789454228509713200,25.428713134765626,-4.01642905999571,-8.733063905909656,1.9422380830042063
1789454228519653000,25.438653076171875,-4.0287145410731435,-8.725762058463692,1.9496002823352812
1789454228529593300,25.44859326171875,-4.039253763005137,-8.717827173811196,1.9632501836337148
1789454228539533000,25.458532958984375,-4.048875870092213,-8.707720790338517,1.9881160370819269
1789454228549473000,25.46847314453125,-4.063618973454833,-8.692817235717177,2.022952664924413
1789454228559413200,25.478413330078126,-4.087238333973288,-8.669988733315467,2.0727105291754007
1789454228569354000,25.48835400390625,-4.1237186373695724,-8.637913094618916,2.1334848774813113
1789454228579294200,25.498294189453127,-4.172741611474752,-8.59728531615436,2.201197208356857
1789454228589234200,25.508234130859375,-4.228263007688522,-8.55123726620674,2.273434030919522
1789454228599174100,25.518174072265627,-4.284698303876817,-8.503871119397878,2.344334636442363
1789454228609114000,25.528114013671875,-4.33640131084621,-8.45701876733005,2.4176103005334735
1789454228619054000,25.53805419921875,-4.379991153986752,-8.40994838859737,2.5017685931667684
1789454228628994300,25.547994384765627,-4.414655640132725,-8.362524958643316,2.5979627760306
1789454228638934000,25.55793408203125,-4.4483635562062265,-8.313287172743678,2.6966078591778873
1789454228648875300,25.567875244140627,-4.4907636050403115,-8.259895774295925,2.788831092584133
1789454228658815200,25.577815185546875,-4.5413203645840285,-8.203978072240949,2.870807657264173
1789454228668755500,25.58775537109375,-4.590528047606349,-8.149428735929726,2.9469062698215245
1789454228678695400,25.5976953125,-4.630803943893313,-8.101170024195312,3.01613382756561
1789454228688635600,25.6076357421875,-4.662053068637848,-8.058803293108939,3.080806790745258
1789454228698575600,25.61757568359375,-4.691206097885966,-8.017776286193728,3.142970985974371
1789454228708515300,25.627515380859375,-4.726835629671812,-7.973512197053432,3.201637109954655
1789454228718455600,25.63745556640625,-4.7735377596139905,-7.923685213088989,3.2556057237684723
1789454228728395500,25.6473955078125,-4.824787469857931,-7.869117756599187,3.311916809055209
1789454228738336500,25.65733642578125,-4.872987729403376,-7.8137027433693405,3.372012381316721
1789454228748276500,25.6672763671875,-4.9189592069834465,-7.756854482465982,3.435896824467182
1789454228758216700,25.677216796875,-4.959679339906573,-7.698198879879713,3.5085169472590088
1789454228768156400,25.687156494140623,-5.0006888111650944,-7.63912008344531,3.5787361463889478
1789454228778096400,25.697096435546875,-5.056303146359324,-7.57364135684073,3.6392481904968617
1789454228788036600,25.70703662109375,-5.121500717934966,-7.499964126211404,3.700158586272597
1789454228797976600,25.7169765625,-5.186103830748796,-7.425165198075771,3.7605367748677727
1789454228807916300,25.726916259765623,-5.248059059402347,-7.350510062325,3.8207700020343065
1789454228817856500,25.7368564453125,-5.305221208560466,-7.276464582905173,3.8830516861632463
1789454228827797500,25.746797607421875,-5.362110385996103,-7.204610476049781,3.938497094531357
1789454228837737500,25.756737548828124,-5.429029959058761,-7.132899577057361,3.977151234835386
1789454228847677400,25.766677490234375,-5.502151893892884,-7.0610817105591295,4.004730438895523
1789454228857617700,25.77661767578125,-5.575647338214516,-6.9904194438368075,4.0269858175843956
1789454228867557600,25.7865576171875,-5.652798966956138,-6.914961175009608,4.049638671158254
1789454228877497300,25.796497314453124,-5.734459597554802,-6.828651257300376,4.0811651515394445
1789454228887437600,25.8064375,-5.82049712806344,-6.731734020859003,4.120193093591928
1789454228897377500,25.81637744140625,-5.916293836042285,-6.623619098576903,4.158793457882106
1789454228907317500,25.8263173828125,-6.017755145654082,-6.504135810062289,4.201575491771102
1789454228917258500,25.836258544921876,-6.120977619719505,-6.378350206533074,4.245073564974963
1789454228927198500,25.846198486328124,-6.221798877862096,-6.249368437311053,4.290102208746969
1789454228937138400,25.856138427734376,-6.317298648720979,-6.129212364101409,4.323761609503626
1789454228947078400,25.866078369140624,-6.403335010185837,-6.024186640006303,4.34475529769361
1789454228957018600,25.8760185546875,-6.485940812680125,-5.923675178465246,4.360390381459892
1789454228966958600,25.88595849609375,-6.567811286637187,-5.821838605800271,4.374982678174972
1789454228976898300,25.895898193359375,-6.650191463682055,-5.718751156291365,4.386478470179438
1789454228986838500,25.905838623046876,-6.733176620882749,-5.610653769665956,4.399459824566543
1789454228996778500,25.915778564453124,-6.8049857195526355,-5.500704033172131,4.427731687065958
1789454229006719500,25.925719482421876,-6.870299610984325,-5.3916825174391265,4.460846021160483
1789454229016659500,25.935659423828124,-6.941082873737812,-5.2815720374256365,4.482935980154574
1789454229026599400,25.945599365234376,-7.019875255423784,-5.170276731541753,4.489982683795691
1789454229036539600,25.95553955078125,-7.105275657072663,-5.060008430618048,4.48126541659385
1789454229046479400,25.965479248046876,-7.194473697438836,-4.94931576680243,4.462533535856008
1789454229056419600,25.975419677734376,-7.283609778484702,-4.83651940870583,4.4415673201948405
1789454229066359600,25.985359619140624,-7.367475810173153,-4.720412903147936,4.428136176213622
1789454229076299500,25.995299560546876,-7.445934429860115,-4.6003889318853615,4.423220931643248
1789454229086239500,26.005239501953124,-7.518514512902498,-4.47806545150876,4.425972276178002
1789454229096180500,26.015180419921876,-7.584775914317369,-4.3559307717025275,4.434799141234159
1789454229106120700,26.02512060546875,-7.648760018450021,-4.2363738334298136,4.440717425367236
1789454229116060400,26.035060302734376,-7.711186956268548,-4.118126516450942,4.44398344142586
1789454229126000400,26.04500048828125,-7.772467646661401,-4.001256040783226,4.4439907479494805
1789454229135940600,26.054940673828124,-7.836067719912529,-3.8864553571268914,4.434169026637077
1789454229145880600,26.064880615234376,-7.905656804445385,-3.775458449667692,4.406463273587823
1789454229155820500,26.074820556640624,-7.971238991424441,-3.671646193015575,4.37592872685343
1789454229165760500,26.084760498046876,-8.027651198998093,-3.578065992042422,4.350249803456664
1789454229175700500,26.094700439453124,-8.06997233737707,-3.4939228969782588,4.340319653333723
1789454229185640400,26.104640380859376,-8.1038798676759,-3.416295759679377,4.338939012630283
1789454229195581400,26.11458154296875,-8.138621510711312,-3.3467034602761268,4.328142601066827
1789454229205521700,26.124521728515624,-8.166687329244613,-3.285625891239941,4.3220697108939286
1789454229215461400,26.13446142578125,-8.178270215010642,-3.2263866435468196,4.344740100124478
1789454229225401300,26.1444013671875,-8.179238183259963,-3.162739224022627,4.389479405561089
1789454229235341600,26.154341552734376,-8.169464977264404,-3.100488227292895,4.451650907313823
1789454229245281500,26.164281494140624,-8.152311013367772,-3.051968526534736,4.516159912103414
1789454229255221500,26.174221435546876,-8.131865606710313,-3.023650486806035,4.571722809371352
1789454229265161500,26.184161376953124,-8.104638577088712,-3.013046090683341,4.626746777456998
1789454229275101400,26.194101318359376,-8.073175517332553,-3.0125746737793087,4.681729829010367
1789454229285042400,26.20404248046875,-8.04738874964714,-3.0155460908055303,4.72402232581675
1789454229294982400,26.213982421875,-8.025019096928835,-3.0246643400236963,4.756140634611248
1789454229304922600,26.223922607421876,-8.001708363968133,-3.039674569889903,4.785756020674109
1789454229314862600,26.233862548828125,-7.970687202760577,-3.0645155811578033,4.82154454241395
1789454229324802300,26.24380224609375,-7.9353440867006775,-3.0976211474239825,4.858538348290324
1789454229334742500,26.253742431640624,-7.899626876631379,-3.128090519967675,4.8970752919554705
1789454229344682500,26.2636826171875,-7.862408029827475,-3.1626518380001185,4.934628485280275
1789454229354622700,26.273622802734376,-7.82179895606339,-3.205269328977167,4.971531690263748
1789454229364562400,26.2835625,-7.778905570754408,-3.2538679401904345,5.0071360876083375
1789454229374503700,26.293503662109377,-7.735665563964844,-3.3120945037096736,5.0358583242237565
1789454229384443600,26.303443603515625,-7.68960699262321,-3.3792858794510363,5.061695360791683
1789454229394383400,26.31338330078125,-7.643208229541778,-3.4538089132547376,5.08163690958023
1789454229404323600,26.323323486328125,-7.5964143296629185,-3.5362139324799178,5.095098448699712
1789454229414263600,26.333263671875,-7.553811451733112,-3.6281641941636797,5.093793211320042
1789454229424203500,26.34320361328125,-7.51356711962819,-3.7323429460406303,5.07801930360496
1789454229434143500,26.3531435546875,-7.469455590701103,-3.852110312193632,5.053601486185193
1789454229444083500,26.36308349609375,-7.418631996914744,-3.9840623293980952,5.026083949184417
1789454229454023700,26.373023681640625,-7.357438400283455,-4.120237224994599,5.006206697803735
1789454229463964400,26.38296435546875,-7.2867428158134215,-4.260210928352177,4.992435946604609
1789454229473904600,26.392904541015625,-7.203198271164298,-4.409187145593762,4.984319275644421
1789454229483844600,26.4028447265625,-7.112724804034829,-4.567470704884827,4.971688342130184
1789454229493784300,26.412784423828125,-7.020003850239515,-4.7311689827010035,4.950349201503395
1789454229503724500,26.422724609375,-6.928364261940121,-4.896037765601277,4.91904630074501
1789454229513664500,26.43266455078125,-6.8335384448200465,-5.05964894965589,4.886012338410318
1789454229523604700,26.442604736328125,-6.73375295946598,-5.219337407308816,4.856487845501303
1789454229533544400,26.45254443359375,-6.625268034827709,-5.377147211608291,4.833475218704343
1789454229543484400,26.462484375,-6.513880374485254,-5.53438652254343,4.80732283257693
1789454229553425700,26.47242578125,-6.411402581307292,-5.687959127664565,4.765654897409677
1789454229563365400,26.482365478515625,-6.313834187480807,-5.837629464650154,4.714657700622081
1789454229573305600,26.4923056640625,-6.216207925987243,-5.985807517251372,4.658244908526539
1789454229583245600,26.50224560546875,-6.124529174721241,-6.1275032220959655,4.595024482242763
1789454229593185500,26.512185546875,-6.031003334283828,-6.263531402698159,4.534927448676526
1789454229603125500,26.52212548828125,-5.93258446110785,-6.398911933046579,4.475350055070221
1789454229613065500,26.5320654296875,-5.840218896621465,-6.532142591884732,4.403784994289278
1789454229623005700,26.542005615234373,-5.7568193134009835,-6.661884824085235,4.318414110995829
1789454229632945700,26.551945556640625,-5.674813814887404,-6.791967248025536,4.223279081796109
1789454229642886400,26.561886474609373,-5.592607825365662,-6.922587432104349,4.119579345607757
1789454229652826600,26.57182666015625,-5.506328302794695,-7.054601700890064,4.010399132181703
1789454229662765800,26.581765869140625,-5.416399025544524,-7.187288169848919,3.8956288436636326
1789454229672705800,26.591705810546873,-5.335692919191718,-7.3136694011837236,3.7697500088930127
1789454229682645800,26.601645751953125,-5.2673249008864165,-7.429532161113619,3.636995150873065
1789454229692585700,26.611585693359373,-5.203023985889554,-7.535249959126115,3.509832998293638
1789454229702526000,26.62152587890625,-5.129644861423969,-7.636443557712435,3.3973400070577857
1789454229712465700,26.631465576171873,-5.049724352490902,-7.735322449615597,3.2917303455948828
1789454229722406000,26.641406005859373,-4.970920280367135,-7.829459115427732,3.187470345175266
1789454229732347000,26.651346923828125,-4.897901221385598,-7.917464731138944,3.081353903234005
1789454229742286800,26.661286865234374,-4.825143735949695,-8.002322696474193,2.975102436736226
1789454229752226800,26.671226806640625,-4.750899226826429,-8.086938669747113,2.8637004556074737
1789454229762166800,26.681166748046873,-4.6780958564221855,-8.169796985697745,2.745946767364442
1789454229772107000,26.69110693359375,-4.60773929464817,-8.245867248943448,2.6353040801703926
1789454229782046700,26.701046630859373,-4.53046345500499,-8.314481350964307,2.552391111423075
1789454229791986700,26.710986572265625,-4.442932763329148,-8.378041092205047,2.4978306691959498
1789454229801927000,26.720927001953125,-4.355526867076755,-8.436967328426242,2.4530393413111566
1789454229811867600,26.73086767578125,-4.27837932998836,-8.490297936597466,2.404313888847828
1789454229821807900,26.740807861328125,-4.209954320798814,-8.539622231736779,2.349793047978729
1789454229831747800,26.750747802734374,-4.145103662964702,-8.585874864345788,2.2959178115367886
1789454229841687800,26.760687744140625,-4.083859797450899,-8.627569395259021,2.248901647209376
1789454229851627800,26.770627685546874,-4.030078230641782,-8.662550107747316,2.2111223900437356
1789454229861567700,26.780567626953125,-3.9915743124634027,-8.687991422995925,2.1809467397496105
1789454229871508000,26.790508056640626,-3.9727176363021135,-8.702836525428294,2.1560535599030555
1789454229881447700,26.80044775390625,-3.966427596247196,-8.709638606658578,2.140102834316343
1789454229891387600,26.8103876953125,-3.9627658588692545,-8.711542394453287,2.1391361812412737
1789454229901328000,26.820327880859374,-3.9594162561804054,-8.710385041111707,2.150023485958576
1789454229911268600,26.8302685546875,-3.9593171797201037,-8.706282281967997,2.1667536714851856
1789454229921208800,26.840208740234374,-3.9668522514000535,-8.696613705390691,2.1916662866845726
1789454229931148800,26.850148681640626,-3.986111078621447,-8.679294906321168,2.225112336951494
1789454229941089000,26.860089111328126,-4.016590972559154,-8.654905145952105,2.2649515953868624
1789454229951028700,26.87002880859375,-4.052606288792193,-8.62539146669805,2.3128793216012418
1789454229960968700,26.87996875,-4.09558033812195,-8.591775612822175,2.3617807151533663
1789454229970909000,26.889908935546874,-4.146394871819019,-8.55302824127674,2.4131876617856323
1789454229980849000,26.899848876953126,-4.205598171415925,-8.50744956240654,2.4711633192837237
1789454229990790000,26.909789794921874,-4.271605305808782,-8.454861297035217,2.53753665664047
1789454230000729900,26.919729736328126,-4.3398295317292215,-8.395708266320824,2.616936941091716
1789454230010669800,26.929669921875,-4.406744136355817,-8.331348899134992,2.7091736185014246
1789454230020609800,26.93960986328125,-4.472421600402892,-8.26438256432116,2.804963312217593
1789454230030549800,26.9495498046875,-4.539345557379722,-8.196351230624318,2.895612135913968
1789454230040490000,26.959489990234374,-4.605162722158432,-8.12732562519312,2.984865998120606
1789454230050429700,26.9694296875,-4.668458551765978,-8.059713978213072,3.068699881105125
1789454230060369700,26.97936962890625,-4.727198910026252,-7.994545632731914,3.1482036259308455
1789454230070310000,26.989309814453126,-4.7780336097285145,-7.93259624929726,3.2271874385356902
1789454230080250600,26.999250732421874,-4.823421149940788,-7.872565266704559,3.305707725282013
1789454230090190800,27.00919091796875,-4.867613050627708,-7.812215719681978,3.383199545763433
1789454230100130800,27.019130859375,-4.9076650750309225,-7.750724601408839,3.4657623858988282
1789454230110070800,27.02907080078125,-4.9431058062463995,-7.690697710469364,3.548140809378028
1789454230120010800,27.0390107421875,-4.981296128430962,-7.630909304460883,3.623023908665776
1789454230129950700,27.04895068359375,-5.026701204299926,-7.568700977829098,3.6901843047469853
1789454230139891000,27.058890869140626,-5.073645326304435,-7.504696415430307,3.756068981803953
1789454230149831000,27.068830810546874,-5.1163639395684,-7.443849440279602,3.818676536886394
1789454230159770600,27.0787705078125,-5.1517158234566445,-7.386402628961205,3.8821751955896615
1789454230169711900,27.0887119140625,-5.181737452232837,-7.3306070919811726,3.9474312193542715
1789454230179651800,27.09865185546875,-5.214511010065674,-7.273259064862132,4.0098546500414605
1789454230189591800,27.108591796875,-5.2529760575383895,-7.215501872420311,4.063640600764751
1789454230199531800,27.11853173828125,-5.299555437883734,-7.15716483426392,4.10610962318182
1789454230209471700,27.1284716796875,-5.356929768487811,-7.097394548434019,4.135297723743319
1789454230219412000,27.138411865234374,-5.419238632884621,-7.034323467493057,4.161798777177929
1789454230229351700,27.1483515625,-5.479937723997235,-6.968917221602797,4.192244184324145
1789454230239292000,27.1582919921875,-5.541015585294366,-6.9006836433321235,4.2246980086833235
1789454230249232000,27.16823193359375,-5.613765179684758,-6.824842512667178,4.251775400701165
1789454230259172900,27.1781728515625,-5.7052253197640175,-6.73891837940514,4.2670571409851314
1789454230269112800,27.18811279296875,-5.805356842076778,-6.6437956251651045,4.281148210179805
1789454230279052800,27.198052734375,-5.90216594196856,-6.538488746041059,4.310796913990378
1789454230288992800,27.20799267578125,-5.990916238567233,-6.427924092519283,4.354435272447764
1789454230298932700,27.2179326171875,-6.082628307580947,-6.325855464664102,4.376710817141831
1789454230308872700,27.227872802734375,-6.179634391349554,-6.231663269272446,4.375941878595948
1789454230318813000,27.23781298828125,-6.272589153900742,-6.135931443223357,4.378966779375076
1789454230328752600,27.247752685546875,-6.358391122087836,-6.0390586304455995,4.389875419141352
1789454230338692900,27.25769287109375,-6.439366693031787,-5.939923133432865,4.407067376960813
1789454230348633900,27.2676337890625,-6.514715071743726,-5.840911555060744,4.428610515727103
1789454230358573800,27.27757373046875,-6.59040890289247,-5.744632032001018,4.442533534878492
1789454230368513800,27.287513671875,-6.671512484130263,-5.648067262259126,4.4452895555883645
1789454230378453800,27.297453857421875,-6.756696612679958,-5.548046799105405,4.442595494198799
1789454230388394000,27.30739404296875,-6.839342162662744,-5.44619035269618,4.442161486695706
1789454230398333700,27.317333740234375,-6.914128231316805,-5.343903113654256,4.450611042872071
1789454230408273700,27.327273681640627,-6.972832349219918,-5.244111198559403,4.477642549921572
1789454230418214000,27.3372138671875,-7.028388816747069,-5.144253232491016,4.506530206231773
1789454230428153900,27.34715380859375,-7.090016713142394,-5.0405380064725875,4.527142493888736
1789454230438094800,27.3570947265625,-7.153795650091767,-4.935016023293137,4.543037397634983
1789454230448034800,27.367034912109375,-7.219005496627092,-4.828653205375373,4.554172247372567
1789454230457974800,27.376974853515627,-7.285333533537387,-4.7205683859705925,4.561852280481159
1789454230467914800,27.386914794921875,-7.347960377842187,-4.61139606359005,4.573061949020624
1789454230477854700,27.396854736328127,-7.409636789554357,-4.499583163572847,4.584913422594965
1789454230487795000,27.406794921875,-7.472703194320202,-4.381742673829198,4.59667955597341
1789454230497735000,27.41673486328125,-7.5360717969030135,-4.258880264270306,4.608683882021904
1789454230507674600,27.426674560546875,-7.599539183685183,-4.134019958892464,4.618149044981599
1789454230517614800,27.43661474609375,-7.666775567612052,-4.010013932256401,4.616357193128764
1789454230527555600,27.4465556640625,-7.734165680795908,-3.8893142536893484,4.607200657726824
1789454230537495800,27.456495849609375,-7.798898557469248,-3.7760619685187935,4.592268169271946
1789454230547435800,27.466435791015623,-7.854594725728035,-3.673137016095221,4.580813293799758
1789454230557376000,27.4763759765625,-7.896468120339512,-3.579326513497531,4.583080654209852
1789454230567315700,27.486315673828123,-7.92084794383645,-3.491492162699997,4.6086903117626905
1789454230577255700,27.496255615234375,-7.924248107668757,-3.406141153150797,4.666358072355389
1789454230587196000,27.50619580078125,-7.913950001016259,-3.3205905293762683,4.744834227699041
1789454230597136000,27.516135986328123,-7.897071931451559,-3.239925631816685,4.827989188508689
1789454230607075600,27.52607568359375,-7.8809063940703865,-3.1771465195596216,4.895653150197863
1789454230617016800,27.536016845703124,-7.862307492062449,-3.1357290520220995,4.951939685565233
1789454230626956800,27.545956787109375,-7.8375781244754785,-3.1109897475630044,5.006444013690948
1789454230636896800,27.555896728515624,-7.812433746346831,-3.0949694638714194,5.055437469440698
1789454230646836700,27.565836669921875,-7.780508914297819,-3.0926392673581837,5.1058431300759315
1789454230656777000,27.57577685546875,-7.746747514471411,-3.1031773202463984,5.150594125950336
1789454230666717200,27.58571728515625,-7.715932104969024,-3.1182354809075594,5.187616573399305
1789454230676657200,27.5956572265625,-7.686953847765922,-3.1369860663458704,5.219242130240798
1789454230686597400,27.605597412109375,-7.66459705452919,-3.155214965997636,5.241084544214606
1789454230696537300,27.615537353515624,-7.642912461465596,-3.1744629795640704,5.26108805232346
1789454230706477300,27.625477294921875,-7.622478160724043,-3.200203277759254,5.275118915763497
1789454230716418300,27.635418212890624,-7.604645566913485,-3.232609171323478,5.28110032826066
1789454230726358500,27.645358642578124,-7.588599856519699,-3.272935044232011,5.279338579285144
1789454230736298200,27.65529833984375,-7.5728966759532685,-3.321767756462097,5.271389081585407
1789454230746238200,27.66523828125,-7.555913976970315,-3.3791011705338954,5.25929941534102
1789454230756178400,27.675178466796876,-7.538370136973262,-3.4450270563840864,5.241672573235631
1789454230766118400,27.685118408203124,-7.523035205197334,-3.5186049182921644,5.214759431868791
1789454230776058000,27.69505810546875,-7.505305487239361,-3.6005218617394563,5.184304087850451
1789454230785998300,27.704998291015624,-7.47623019940257,-3.697612701182067,5.157912924531102
1789454230795938300,27.714938232421876,-7.435832138040661,-3.8135581709593533,5.131813437634706
1789454230805879300,27.72487939453125,-7.379525144407153,-3.9483918810799716,5.111087460470199
1789454230815819300,27.7348193359375,-7.308944126227497,-4.097555437587201,5.095070976170897
1789454230825759500,27.744759521484376,-7.225059974360466,-4.256749681982398,5.084190685716271
1789454230835699200,27.75469921875,-7.123718491736054,-4.422672942371666,5.085563727635145
1789454230845639200,27.76463916015625,-7.006615376356244,-4.592926633180678,5.097331906840205
1789454230855579400,27.774579345703124,-6.881372793662548,-4.767156826405227,5.1079684516668316
1789454230865519400,27.784519287109376,-6.758140966269374,-4.940443893560767,5.107832842588424
1789454230875459000,27.794458984375,-6.643014703920483,-5.105203663128614,5.096824541839957
1789454230885399300,27.8043994140625,-6.536422461161017,-5.2601797053068875,5.077015094998479
1789454230895340300,27.81434033203125,-6.435104943934083,-5.408856355080008,5.050162743908166
1789454230905280300,27.8242802734375,-6.3392813479483126,-5.550871793398261,5.017140179750323
1789454230915220200,27.83422021484375,-6.247859201791882,-5.688918912607431,4.977035548377037
1789454230925160400,27.844160400390624,-6.16225889365673,-5.824703932103514,4.926438749083876
1789454230935100400,27.854100341796876,-6.077732936754822,-5.960721591311692,4.8684015706568955
1789454230945040100,27.8640400390625,-5.9904164723515505,-6.100470253741741,4.803075988787413
1789454230954980400,27.87398046875,-5.903636599043011,-6.242775614917278,4.727072945559025
1789454230964920300,27.88392041015625,-5.818490464416146,-6.384523342210054,4.6425665701404215
1789454230974860300,27.8938603515625,-5.733868645924329,-6.5253428487420075,4.551154945378006
1789454230984800300,27.90380029296875,-5.648575796303152,-6.665040657767653,4.454351106183231
1789454230994741200,27.9137412109375,-5.5597962736099955,-6.805004424253106,4.35326798223406
1789454231004681500,27.923681396484376,-5.465470807227492,-6.9478194885164495,4.245799248901009
1789454231014621200,27.93362109375,-5.375108399257064,-7.088959313043952,4.126169829913974
1789454231024561400,27.9435615234375,-5.289694553604722,-7.223700960966944,4.000957642358541
1789454231034501400,27.95350146484375,-5.204018842145801,-7.349931385654211,3.881635097363591
1789454231044441300,27.96344140625,-5.115350963133573,-7.465586055791378,3.7773750969439743
1789454231054381300,27.97338134765625,-5.020142868697643,-7.574398312687873,3.6874154245555397
1789454231064321300,27.9833212890625,-4.919948802542686,-7.681206828546523,3.600489420774579
1789454231074261200,27.99326123046875,-4.8264141942769285,-7.785095657566189,3.502624382089078
1789454231084202200,28.0032021484375,-4.744415125504136,-7.8838301725625985,3.392065866047144
1789454231094142200,28.01314208984375,-4.666660562433302,-7.977405112838745,3.2792730150818823
1789454231104082400,28.02308251953125,-4.5911400420248505,-8.064004953405261,3.1723174919679757
1789454231114022100,28.033022216796876,-4.523251039408147,-8.140437620222569,3.073085841104388
1789454231123962400,28.04296240234375,-4.457836025689542,-8.210109122341871,2.981976121897995
1789454231133902300,28.05290234375,-4.381097069402038,-8.28101922634542,2.8984587575167415
1789454231143842300,28.06284228515625,-4.296115185426175,-8.354192014583944,2.8144746524065734
1789454231153782300,28.0727822265625,-4.220279899980127,-8.420040743544698,2.731763928233087
1789454231163722200,28.08272216796875,-4.159366873855888,-8.473101302602887,2.660179578229785
1789454231173662500,28.092662353515625,-4.10599797950089,-8.515648066431284,2.6067031318470835
1789454231183603200,28.102603271484377,-4.044084836423397,-8.554121297210454,2.577360425245762
1789454231193543200,28.112543212890625,-3.9763133227065204,-8.590847976583241,2.560589907708764
1789454231203483400,28.1224833984375,-3.9250107132315635,-8.62140035123527,2.5369547650992867
1789454231213423400,28.13242333984375,-3.9043013949409127,-8.638217046001554,2.5115751169100404
1789454231223363300,28.14236328125,-3.9126264479547737,-8.643768250387906,2.479327336516976
1789454231233303300,28.15230322265625,-3.9339255488321183,-8.644003228187561,2.44455164508149
1789454231243243300,28.1622431640625,-3.9527243573263284,-8.640455764839052,2.426699762048572
1789454231253183500,28.17218359375,-3.970360844042897,-8.630089269125461,2.4347907140456138
1789454231263123200,28.182123291015625,-3.9916672514438627,-8.613105401098728,2.459955988831818
1789454231273063400,28.1920634765625,-4.024457468150556,-8.58898510532081,2.4906720296129583
1789454231283004200,28.202004150390625,-4.076182979212701,-8.555703013443946,2.520921621926129
1789454231292944100,28.211944091796877,-4.141019023999571,-8.512720196285843,2.5604531295865773
1789454231302884400,28.22188427734375,-4.211324440108239,-8.4617539791584,2.6141598775938153
1789454231312824300,28.23182421875,-4.276190003250539,-8.406117432132362,2.6873361729636787
1789454231322764300,28.241764404296877,-4.331543641681969,-8.349826220589875,2.772823376113176
1789454231332704300,28.251704345703125,-4.382915517000853,-8.297369472643732,2.8485326970919966
1789454231342644200,28.261644287109377,-4.43532901032716,-8.24886526171565,2.907654455885291
1789454231352584400,28.27158447265625,-4.487944163705408,-8.19923993780315,2.9666785995230076
1789454231362524200,28.281524169921877,-4.531885012240708,-8.146202175098658,3.0449665388181804
1789454231372464400,28.29146435546875,-4.564076386271417,-8.090087489166855,3.1448508083716034
1789454231382405400,28.3014052734375,-4.5900282813906665,-8.033152134501934,3.2512267780318855
1789454231392345000,28.311344970703125,-4.624741282853484,-7.975239459237456,3.3433076803579924
1789454231402285300,28.321285400390625,-4.6785529525399205,-7.915580817088484,3.4095655746415257
1789454231412225300,28.331225341796873,-4.741830369707942,-7.858774641761183,3.4532781673789024
1789454231422165500,28.34116552734375,-4.790515490160883,-7.813865240454673,3.4878149354919787
1789454231432105200,28.351105224609373,-4.808370880325138,-7.785102671828866,3.527337967585027
1789454231442045200,28.361045166015625,-4.810787293817103,-7.764946018984913,3.568234041596949
1789454231451985400,28.3709853515625,-4.820015433150529,-7.742783287015556,3.6037700498804446
1789454231461925400,28.38092529296875,-4.8452328765153885,-7.71347886659801,3.632679333500564
1789454231471866400,28.390866455078125,-4.8820717840909955,-7.678787492445111,3.6567736180543897
1789454231481806300,28.400806396484374,-4.917838678520917,-7.641894224333763,3.686012572020292
1789454231491746300,28.410746337890625,-4.950339264631271,-7.604399483197927,3.719900228574872
1789454231501686300,28.420686279296874,-4.985980486854911,-7.563567122071981,3.755374569799006
1789454231511626200,28.430626220703125,-5.0315170801490545,-7.516051337659358,3.7898791892081496
1789454231521566500,28.44056640625,-5.094906140998005,-7.459149885264039,3.8175101234555244
1789454231531506200,28.450506103515625,-5.179546664190292,-7.388882170817255,3.840198632864654
1789454231541446100,28.460446044921873,-5.275278490239382,-7.304914432319999,3.870402340209484
1789454231551386400,28.470386474609374,-5.361711742067337,-7.2144275211870665,3.9210315804675218
1789454231561326300,28.480326416015625,-5.42036033039093,-7.126002803280949,4.001275914527476
1789454231571267300,28.490267333984374,-5.464265523090958,-7.036436514124274,4.098876164796948
1789454231581207300,28.500207275390625,-5.5078112348288295,-6.944808616262674,4.195719751480222
1789454231591147500,28.5101474609375,-5.577585028278827,-6.847160142937303,4.2634839586734765
1789454231601087200,28.520087158203125,-5.680798734515905,-6.7414698174536225,4.295518973098695
1789454231611027200,28.530027099609374,-5.8011675736933945,-6.636192748945951,4.298577776147425
1789454231620967400,28.539967529296874,-5.920543310180306,-6.53899026582241,4.284760555458068
1789454231630907400,28.549907470703126,-6.0297092028200625,-6.4530491814255715,4.262763243183493
1789454231640847000,28.55984716796875,-6.130273855853081,-6.3779293507725,4.232276919505
1789454231650787300,28.569787353515625,-6.230625742918253,-6.302354177567363,4.1988098264500495
1789454231660727300,28.579727294921874,-6.338602133512497,-6.210525204175711,4.17394952595979
1789454231670667800,28.589667724609374,-6.445196714359522,-6.1017035949289795,4.171214548037946
1789454231680608000,28.59960791015625,-6.537047315061092,-5.983990823218226,4.19871454938203
1789454231690548000,28.6095478515625,-6.613010610800981,-5.863465332174301,4.249496349853277
1789454231700488000,28.619488037109374,-6.6800716381609435,-5.742589712518453,4.309253483940661
1789454231710428000,28.629427978515626,-6.751848588126897,-5.621581406393647,4.356693280507624
1789454231720367900,28.639367919921874,-6.833279501622915,-5.501401952308416,4.383069830779731
1789454231730307800,28.649307861328126,-6.918951121428608,-5.385232902908325,4.392922531752288
1789454231740248000,28.659248046875,-6.999476610517501,-5.274021183654666,4.400273771297932
1789454231750187800,28.669187744140626,-7.067581009450555,-5.16632711713314,4.419130155198276
1789454231760128000,28.6791279296875,-7.124908578303456,-5.062476282036304,4.4471825297281145
1789454231770069000,28.689069091796874,-7.18148562105,-4.961361593905091,4.47007416049391
1789454231780009000,28.699009033203126,-7.240388476395607,-4.861521163493395,4.484728708790242
1789454231789949000,28.708948974609374,-7.301457569864392,-4.764439384140074,4.489906403689086
1789454231799889000,28.718888916015626,-7.362192901334166,-4.6698128889843815,4.49014196601063
1789454231809829000,28.7288291015625,-7.426383341693878,-4.571852865491807,4.4852369505733245
1789454231819768800,28.738768798828126,-7.494089096698165,-4.465794583478569,4.479470349870622
1789454231829708800,28.748708740234374,-7.563561861374974,-4.35243883793354,4.474285640709102
1789454231839649000,28.75864892578125,-7.6319059142827985,-4.236761371442675,4.469254953065514
1789454231849589000,28.768589111328126,-7.695698879757523,-4.123498564878106,4.465804228089749
1789454231859529000,28.778529052734374,-7.7494024128943675,-4.017862892191112,4.469222804361581
1789454231869470000,28.788469970703126,-7.793655396118759,-3.917551629397273,4.481308671213686
1789454231879410000,28.798409912109374,-7.832914224317669,-3.817325999060273,4.499319544200599
1789454231889350000,28.808349853515626,-7.865335899972915,-3.72208517139852,4.522493791300058
1789454231899289900,28.818289794921874,-7.887362438341975,-3.6341610964909195,4.555517816762626
1789454231909230000,28.82822998046875,-7.892912473684549,-3.5555247821494933,4.60766622941196
1789454231919169800,28.838169677734374,-7.879639150613546,-3.488407932949066,4.681098837630451
1789454231929109800,28.84810986328125,-7.858119977244734,-3.431909508396685,4.758395720061659
1789454231939050000,28.858050048828126,-7.835544572821259,-3.3822982130095363,4.830599371007085
1789454231948990000,28.867989990234374,-7.810227176213264,-3.3388597610384223,4.901304015566408
1789454231958930000,28.877929931640626,-7.781698416343331,-3.3039687726601956,4.969844760090113
1789454231968871000,28.887870849609374,-7.756705429384112,-3.284501563385129,5.021545136711001
1789454231978811100,28.89781103515625,-7.738772297808527,-3.2810932162463664,5.051358091172576
1789454231988750800,28.907750732421874,-7.722975593739748,-3.2855203850388524,5.072608968994021
1789454231998690800,28.91769091796875,-7.705501896369457,-3.2969793521642683,5.091712897914648
1789454232008631000,28.927631103515626,-7.702592730924486,-3.309915113843977,5.087725289583206
1789454232018571000,28.937571044921874,-7.702398669657111,-3.322599531111121,5.079741889613866
1789454232028511000,28.947510986328126,-7.699498856562376,-3.335380394490063,5.075758372935653
1789454232038451000,28.957450927734374,-7.6950588282883166,-3.3493782324433323,5.073277662035823
1789454232048391000,28.967390869140626,-7.691960277751088,-3.365305869415402,5.067430105051398
1789454232058332000,28.977331787109375,-7.69732618869841,-3.3817546076521277,5.048298703601956
1789454232068271900,28.98727197265625,-7.703930117008089,-3.402384430965781,5.024304664552211
1789454232078212000,28.997212158203126,-7.706244823691248,-3.4317668850556013,5.000719790825247
1789454232088151800,29.00715185546875,-7.698719688883424,-3.473261801743507,4.9836312933802605
1789454232098091800,29.017091796875,-7.679563737514615,-3.5273248158425092,4.9752013186872
1789454232108032000,29.027031982421875,-7.650204372039437,-3.5924893619313836,4.973812494677305
1789454232117972000,29.036971923828126,-7.611961442884803,-3.668277885626256,4.977169403889775
1789454232127912000,29.046911865234375,-7.566410821065306,-3.7570463024035092,4.980402394461631
1789454232137852000,29.056851806640626,-7.515124285942315,-3.8550805601760745,4.983139125949144
1789454232147792000,29.0667919921875,-7.45502549881041,-3.9590757721796628,4.991859023499488
1789454232157732000,29.076732177734375,-7.394008427789807,-4.06949078809768,4.993817171829939
1789454232167672800,29.0866728515625,-7.331486797425151,-4.186040945769846,4.989668235456943
1789454232177613000,29.096613037109375,-7.262237904632091,-4.310534755922854,4.984933023628592
1789454232187553000,29.106552978515627,-7.18603553943932,-4.445412597446143,4.976906953561306
1789454232197492700,29.11649267578125,-7.104893379756808,-4.58534100035727,4.966443427214026
1789454232207433000,29.126432861328126,-7.017899571436643,-4.726514142632484,4.957777305677533
1789454232217373000,29.136373046875,-6.931135480219125,-4.867327511684596,4.943569332104921
1789454232227313200,29.146313232421875,-6.849613381308317,-5.00483657849431,4.919840081471205
1789454232237252900,29.1562529296875,-6.760489575222135,-5.145978741109371,4.8974566924884915
1789454232247192800,29.16619287109375,-6.6622092337340115,-5.30023523684144,4.8675370627820485
1789454232257133000,29.176133056640627,-6.571378039208054,-5.460936086407304,4.8130648833602665
1789454232267073800,29.18607373046875,-6.475258090624213,-5.623598006913066,4.755690260495245
1789454232277014000,29.196013916015627,-6.373539591380953,-5.7848296023547645,4.69937683712095
1789454232286954000,29.2059541015625,-6.269699277678131,-5.9415767458587885,4.643163366989791
1789454232296894000,29.21589404296875,-6.157109255808591,-6.099132283136249,4.589220764400065
1789454232306834000,29.225833984375,-6.049968731516599,-6.257203368720412,4.518375542326272
1789454232316774000,29.23577392578125,-5.95953325830996,-6.411137792891264,4.421727185954153
1789454232326714000,29.245714111328127,-5.866091589024663,-6.563022298794984,4.322737819413841
1789454232336653800,29.25565380859375,-5.767168857979774,-6.713021137082577,4.224391426952183
1789454232346593800,29.26559375,-5.672149564114212,-6.855988761559129,4.122195665585995
1789454232356534000,29.275533935546875,-5.580832631897926,-6.989982805985212,4.020550816100836
1789454232366474800,29.285474853515623,-5.495380792322755,-7.11645171560347,3.91501100500375
1789454232376415000,29.2954150390625,-5.420535102435946,-7.236792497730255,3.7969723623394964
1789454232386355000,29.30535498046875,-5.341275103238225,-7.355223646843433,3.679918054537475
1789454232396295000,29.315294921875,-5.247616576331853,-7.474937821504473,3.5718604154005646
1789454232406235000,29.32523486328125,-5.14508559166193,-7.591719449844956,3.4733678924664853
1789454232416174800,29.3351748046875,-5.042905320125818,-7.70057203875184,3.3824110257342457
1789454232426115000,29.345114990234375,-4.951669051930308,-7.8035419993609185,3.2796529543101784
1789454232436055000,29.355054931640623,-4.879659462252259,-7.899635644459724,3.1551673274636265
1789454232445994800,29.364994873046875,-4.813763094757497,-7.987066090631484,3.0339477166756987
1789454232455935000,29.37493505859375,-4.7336388799458735,-8.071908858397602,2.93383197645396
1789454232465876000,29.3848759765625,-4.634513904327154,-8.156311481180786,2.8576655593574047
1789454232475816000,29.39481591796875,-4.528117476400733,-8.235439378431439,2.8007290356487036
1789454232485756000,29.404755859375,-4.433878811518848,-8.305943239721655,2.7427088083565234
1789454232495696000,29.41469580078125,-4.361312464740872,-8.36662187256813,2.6737501306816935
1789454232505636000,29.424635986328123,-4.300540600652992,-8.419902211856842,2.6040318668112157
1789454232515575800,29.434575927734375,-4.236928544703126,-8.472431440517306,2.5370640706926584
1789454232525516000,29.44451611328125,-4.166183860394359,-8.524986972662806,2.477474109865725
1789454232535456000,29.4544560546875,-4.0960336348474025,-8.572103528624773,2.43144564140141
1789454232545396000,29.46439599609375,-4.038282872146368,-8.609718096747994,2.394868599632382
1789454232555336000,29.4743359375,-4.001288189487159,-8.63662013219893,2.3598424405671654
1789454232565276000,29.48427587890625,-3.986224183607101,-8.651833483421802,2.3294163226433096
1789454232575217000,29.494216796875,-3.9918192271351813,-8.656755157732963,2.301383237335831
1789454232585156900,29.504156982421875,-4.008856286653876,-8.654199628031254,2.2812904435083268
1789454232595096800,29.514096923828124,-4.025932216878235,-8.647096518027782,2.278152876134962
1789454232605037000,29.524037109375,-4.0392783129245045,-8.638846576076746,2.2858092361070215
1789454232614976800,29.533976806640624,-4.050113595193625,-8.63039205146432,2.298535885080695
1789454232624917000,29.5439169921875,-4.060982779732346,-8.618664788791536,2.3232300352238116
1789454232634857000,29.55385693359375,-4.07970939977318,-8.600631119450926,2.3570140852734447
1789454232644797000,29.563796875,-4.109675206708908,-8.575119077053666,2.397553308671713
1789454232654737000,29.57373681640625,-4.144999325807392,-8.544494806209206,2.4456029077000916
1789454232664676900,29.5836767578125,-4.181575198532641,-8.51213099822104,2.495689273253083
1789454232674618400,29.593618408203124,-4.222534400908649,-8.47846662902832,2.5409125628143547
1789454232684558000,29.60355810546875,-4.269645111651719,-8.441435413751005,2.5850875123664734
1789454232694498000,29.613498046875,-4.324427087675034,-8.398052199098467,2.6348461072698233
1789454232704438300,29.623438232421876,-4.383170953066647,-8.347962180283664,2.6962442865625023
1789454232714378200,29.633378173828124,-4.4405020290508865,-8.293739591708778,2.768799527424574
1789454232724318200,29.643318115234376,-4.497824044945836,-8.237385836324096,2.8434891499668358
1789454232734258200,29.653258056640624,-4.559344681574404,-8.178127007147669,2.9156504230752587
1789454232744198100,29.6631982421875,-4.624047747631371,-8.116068902641535,2.986301291620731
1789454232754138000,29.67313818359375,-4.6881043324783445,-8.053887464016675,3.0540152299314736
1789454232764078000,29.683078125,-4.747424536453187,-7.994132375755906,3.1186890698939562
1789454232774018300,29.693018310546876,-4.800940145802498,-7.937132139161228,3.181718942041695
1789454232783959000,29.702958984375,-4.855329615376889,-7.881208007365465,3.237710001593828
1789454232793899300,29.712899169921876,-4.915817401826382,-7.823221682342886,3.286696443080902
1789454232803839200,29.722839111328124,-4.978991943141818,-7.7642223808854816,3.331193756455183
1789454232813779200,29.732779296875,-5.039426830360293,-7.708522120973467,3.369457143875956
1789454232823719200,29.74271923828125,-5.101208456012606,-7.657482254087925,3.3927915499731895
1789454232833659100,29.7526591796875,-5.173197002902627,-7.604342784574627,3.403296869635582
1789454232843599000,29.76259912109375,-5.257095767816901,-7.540210796403884,3.417392322744429
1789454232853539300,29.772539306640624,-5.3449172591328615,-7.463930689799785,3.448474858750403
1789454232863479000,29.78247900390625,-5.42522764416635,-7.381382170450687,3.5003567294180393
1789454232873419300,29.792419189453124,-5.4922553537786,-7.296714174729585,3.5725974975034593
1789454232883360300,29.8023603515625,-5.557820005100965,-7.203198271164298,3.6599060708612203
1789454232893300200,29.81230029296875,-5.63311986849606,-7.09575028835833,3.7534897789657116
1789454232903240200,29.822240234375,-5.713852862855791,-6.981915819385647,3.8438489720657465
1789454232913180200,29.83218017578125,-5.787775592678785,-6.873027574643492,3.9285561307534573
1789454232923120400,29.842120361328124,-5.8508040035218,-6.776166452303529,4.002755923952162
1789454232933060000,29.85206005859375,-5.907193999263644,-6.69285337832272,4.059696247053146
1789454232943000000,29.862,-5.970765430942177,-6.616580285981297,4.09160792735964
1789454232952940300,29.871940185546876,-6.0543245886385435,-6.537355942618847,4.096161937402188
1789454232962880300,29.88188037109375,-6.15621727540493,-6.447476349729299,4.0867426594108345
1789454232972820200,29.8918203125,-6.259645501175522,-6.349191916587948,4.083502654576301
1789454232982760200,29.90176025390625,-6.348789181005954,-6.248467689079046,4.101208699397742
1789454232992701200,29.911701171875,-6.418876862710714,-6.148781572446227,4.142572975443303
1789454233002641200,29.92164111328125,-6.487493887341022,-6.048977382391691,4.1824297695353625
1789454233012581000,29.9315810546875,-6.57291650082171,-5.943524372795224,4.200201865330338
1789454233022521300,29.941521240234376,-6.671327190691232,-5.832615435880422,4.200521306543052
1789454233032461000,29.9514609375,-6.7719853672266,-5.72092440867722,4.193040595398843
1789454233042401000,29.961401123046876,-6.86299834806025,-5.608211052688956,4.197336831288039
1789454233052341200,29.97134130859375,-6.9382713234484195,-5.492594376474619,4.226368279983103
1789454233062281200,29.98128125,-7.002149044597148,-5.37895689137876,4.266973554354906
1789454233072221200,29.99122119140625,-7.063067915940285,-5.267805377879738,4.305075613734126
1789454233082161200,30.0011611328125,-7.126107432699203,-5.155366162657738,4.337185446961223
1789454233092101000,30.01110107421875,-7.192461773094535,-5.042319629192352,4.360488873398304
1789454233102042000,30.0210419921875,-7.256897712647914,-4.927192782321572,4.38527347830385
1789454233111982000,30.030982177734376,-7.315549808102846,-4.811460663034022,4.416220989753306
1789454233121922300,30.04092236328125,-7.372460612848401,-4.6963419994696975,4.4454073367491365
1789454233131862300,30.0508623046875,-7.433128724300861,-4.581476726144552,4.46419065541327
1789454233141802000,30.060802001953125,-7.502483415555954,-4.460782016013562,4.470406168927252
1789454233151742200,30.0707421875,-7.581130251291394,-4.331461808617413,4.464892081680894
1789454233161682200,30.08068212890625,-7.666445897266268,-4.19743883035779,4.447189251729846
1789454233171622400,30.090622314453125,-7.752613776156306,-4.067915209344029,4.418078892579675
1789454233181562000,30.10056201171875,-7.835295566496253,-3.9460938332706688,4.382564219345152
1789454233191502000,30.110502197265625,-7.907436673599481,-3.829878898902237,4.356016111898422
1789454233201443000,30.120443115234377,-7.969410606953502,-3.717504857870936,4.340396225701272
1789454233211383000,30.130383056640625,-8.016566910403967,-3.6110204594001174,4.343451229357719
1789454233221323300,30.1403232421875,-8.051913533595204,-3.5139947941482066,4.357628515531123
1789454233231263200,30.15026318359375,-8.07903710284233,-3.4251153182119127,4.378137342813611
1789454233241203000,30.160202880859377,-8.100166400110721,-3.342856721720099,4.4026139046832915
1789454233251143200,30.17014306640625,-8.111771497708558,-3.2712776324138044,4.434896171867847
1789454233261083100,30.180083251953125,-8.110318960812688,-3.2088594624236224,4.4828880493596195
1789454233271023400,30.1900234375,-8.095800606116653,-3.155062405784428,4.546862216620147
1789454233280963000,30.199963134765625,-8.077325038227439,-3.1081136076048015,4.611598015902937
1789454233290903000,30.209903076171877,-8.059015474554895,-3.0663936499893665,4.6711754095092415
1789454233300843300,30.21984326171875,-8.035519448155164,-3.036156917157769,4.731017299270629
1789454233310784000,30.229783935546877,-8.013429781422019,-3.0210104936912656,4.77795002309829
1789454233320724200,30.23972412109375,-8.001037917360662,-3.0182506735891104,4.800413199318945
1789454233330664200,30.249664306640625,-7.994480166280269,-3.0209847747281193,4.809601883424818
1789454233340604200,30.259604248046877,-7.991267049452662,-3.0237089389950036,4.813236148273945
1789454233350544100,30.269544189453125,-7.989977009642124,-3.0301041929900645,4.8113522342234845
1789454233360484000,30.279484130859377,-7.990680189475417,-3.040636985181272,4.803535422992706
1789454233370424300,30.28942431640625,-7.987150846305489,-3.054779492302239,4.800428981409967
1789454233380364300,30.2993642578125,-7.978300015851855,-3.0728488174781203,4.803615794752538
1789454233390304000,30.309303955078125,-7.96519795769453,-3.0949203640326854,4.811183015136421
1789454233400244200,30.319244140625,-7.948734898671507,-3.121312988656759,4.821347558537125
1789454233410185200,30.329185302734373,-7.9251617153823375,-3.1554177950933573,4.8379278141990305
1789454233420125200,30.339125244140625,-7.895639852821827,-3.1974177386939524,4.858578095778823
1789454233430065200,30.349065185546873,-7.859308894768357,-3.2505513629883525,4.882166476637125
1789454233440005000,30.359005126953125,-7.818782823112606,-3.3158696383342146,4.903263625201583
1789454233449945000,30.368945068359373,-7.776117985862493,-3.389568204012513,4.920690560820699
1789454233459885000,30.378885009765625,-7.726631778159737,-3.473745201346278,4.939906717944145
1789454233469825300,30.3888251953125,-7.679372598856687,-3.567586975865066,4.946712890827656
1789454233479765200,30.39876513671875,-7.631502009657025,-3.672163202627003,4.9442684202849865
1789454233489705000,30.408705078125,-7.58249744799137,-3.785305013160407,4.9343280410289765
1789454233499645200,30.418645263671873,-7.530232423225045,-3.904145912118256,4.921748545441031
1789454233509585200,30.428585205078125,-7.470712897285819,-4.026255749744177,4.914072019463777
1789454233519526100,30.438526123046874,-7.40142542604804,-4.151675150309503,4.914556588110328
1789454233529466000,30.448466064453125,-7.315375620579719,-4.285966424116492,4.928101129338145
1789454233539406000,30.458406005859374,-7.219357963326573,-4.432775818713009,4.9398178706169125
1789454233549346300,30.46834619140625,-7.120815171509981,-4.587864381355047,4.9412452730715275
1789454233559286000,30.4782861328125,-7.025667282828688,-4.741391686029732,4.932506086298823
1789454233569226200,30.488226318359374,-6.935847311171889,-4.886791213828325,4.917687287351489
1789454233579166200,30.498166259765625,-6.8499997502774,-5.02559353531897,4.898088560651242
1789454233589106200,30.508106201171874,-6.755751440784334,-5.1725312324702735,4.8759714213892815
1789454233599046100,30.518046142578125,-6.663894410341977,-5.329897969177365,4.8327144634649155
1789454233608986000,30.527986083984374,-6.581154752334952,-5.488903705263137,4.767670328885316
1789454233618926300,30.53792626953125,-6.494699873197078,-5.647400907304883,4.700645541882515
1789454233628867000,30.5478671875,-6.402251306602358,-5.804782841581106,4.635308561836183
1789454233638807300,30.557807373046874,-6.300154621696472,-5.965205458727478,4.571080127553642
1789454233648747300,30.567747314453126,-6.197085876888036,-6.12676906260252,4.497691358476877
1789454233658687200,30.577687255859374,-6.107758072662353,-6.280607040661573,4.406771024362743
1789454233668627500,30.58762744140625,-6.02014642470479,-6.432537139272689,4.3070477905899285
1789454233678567400,30.5975673828125,-5.925473752319812,-6.59016749535203,4.198673925110698
1789454233688507600,30.607507568359374,-5.840766593632102,-6.742988989844918,4.072826946783065
1789454233698447400,30.617447265625,-5.759318144479393,-6.885227131003141,3.9489603286176918
1789454233708387600,30.6273876953125,-5.667442993858456,-7.022551196634769,3.838523685389757
1789454233718327600,30.63732763671875,-5.571403124773502,-7.155670211791992,3.7317844353750345
1789454233728267500,30.647267578125,-5.481231270939111,-7.280898181438445,3.6214620661765333
1789454233738208500,30.65720849609375,-5.4038353120476,-7.3939002912402145,3.50702290930897
1789454233748148500,30.6671484375,-5.3278521425634615,-7.497425547644496,3.401910383713245
1789454233758088700,30.677088623046874,-5.244665325310826,-7.596334834685921,3.3105247701749203
1789454233768028400,30.6870283203125,-5.156249959754944,-7.691048423603177,3.2297432604983447
1789454233777968400,30.696968505859374,-5.0719548889994615,-7.781895400220155,3.1444881125390527
1789454233787908600,30.70690869140625,-4.997926945236325,-7.867533117756247,3.0484499970197674
1789454233797848600,30.7168486328125,-4.931919226321578,-7.946170016619563,2.950413108898699
1789454233807788500,30.72678857421875,-4.860489774619043,-8.018729641395806,2.871590916596353
1789454233817728500,30.736728515625,-4.7713086853876705,-8.089400675946473,2.822521765261888
1789454233827668500,30.74666845703125,-4.665996253305673,-8.162024598130584,2.7893060166195034
1789454233837608400,30.7566083984375,-4.5611222126409405,-8.23784527052939,2.7394243798583746
1789454233847549400,30.766549560546874,-4.46784508626759,-8.312606204742194,2.6663287485092875
1789454233857489700,30.77648974609375,-4.385137869225442,-8.380936813646555,2.588602827011049
1789454233867429400,30.786429443359374,-4.311346364566684,-8.43891027918756,2.5233871352568267
1789454233877369300,30.796369384765626,-4.245191346135735,-8.484498894929885,2.4823478533819316
1789454233887309600,30.8063095703125,-4.1871147124812005,-8.521243694481253,2.4549717706784606
1789454233897249500,30.81624951171875,-4.140497338213026,-8.551166539058089,2.4298516502082346
1789454233907189500,30.826189453125,-4.109137154309451,-8.571520760300755,2.411309446823597
1789454233917129500,30.83612939453125,-4.093205717945098,-8.581471660950779,2.4030051443368197
1789454233927069400,30.8460693359375,-4.090929589706659,-8.583539699396491,2.399491437127441
1789454233937009700,30.856009765625,-4.094513585673273,-8.578573601421713,2.4111066177278757
1789454233946950400,30.865950439453126,-4.1008331440836185,-8.567326815742254,2.440180298129469
1789454233956890600,30.875890625,-4.112510137873888,-8.55198428518176,2.474114862565696
1789454233966830600,30.88583056640625,-4.133482491014898,-8.533396489089727,2.5031702766582367
1789454233976770300,30.895770263671874,-4.165485064475238,-8.510111475092172,2.5292493052884937
1789454233986710500,30.90571044921875,-4.202244769334793,-8.480770814317465,2.566723880419135
1789454233996650500,30.915650390625,-4.2397447711676355,-8.445973641702532,2.6192542781233787
1789454234006590700,30.9255908203125,-4.268639734001457,-8.408273148861527,2.692585471794009
1789454234016530400,30.935530517578126,-4.2933387064501645,-8.368003682315349,2.777431746691465
1789454234026470400,30.945470458984374,-4.324498399345576,-8.324903376257419,2.8574638993054626
1789454234036410600,30.95541064453125,-4.367368111518025,-8.280014433217048,2.92196121365726
1789454234046350600,30.9653505859375,-4.415498228436708,-8.234350414150953,2.9781226613402363
1789454234056290600,30.97529052734375,-4.456100580199062,-8.187363622048498,3.046414107277989
1789454234066231600,30.9852314453125,-4.488825622715056,-8.138421604225039,3.1284087921366095
1789454234076171500,30.995171630859375,-4.524292365154624,-8.08485718729794,3.2150030797451734
1789454234086111500,31.005111572265626,-4.573075685285032,-8.023174345844984,3.299392843046784
1789454234096051500,31.015051513671875,-4.63314086240828,-7.955073454043268,3.3795310863837598
1789454234105991700,31.02499169921875,-4.692641683647036,-7.885418318536877,3.4597193063423037
1789454234115931400,31.034931396484374,-4.734975681507587,-7.81810477772057,3.5535382845073937
1789454234125871400,31.044871337890626,-4.754413372427225,-7.754524578213691,3.665140756644308
1789454234135811600,31.0548115234375,-4.767858837194741,-7.689422283706069,3.782946175074577
1789454234145751600,31.06475146484375,-4.789748889702558,-7.618032871752977,3.8979774526163933
1789454234155691500,31.07469140625,-4.818407997953892,-7.542834715166688,4.007367217139899
1789454234165631500,31.084631591796875,-4.841796764586865,-7.46927497343719,4.115495875686407
1789454234175572500,31.094572509765626,-4.853014908693731,-7.404077401861548,4.218799890555441
1789454234185512400,31.104512451171875,-4.856069327828288,-7.348774616834521,4.3109667175993325
1789454234195452400,31.114452392578126,-4.856050038605928,-7.302843471264839,4.3883527396187185
1789454234205392600,31.124392578125,-4.863361822924017,-7.263289459511637,4.445527163736522
1789454234215332600,31.13433251953125,-4.8825773955255745,-7.224850131002068,4.486909559960663
1789454234225272300,31.144272216796875,-4.918827105036377,-7.182253682813048,4.515611922831833
1789454234235212500,31.154212646484375,-4.972006906560063,-7.127467030614614,4.544088367992639
1789454234245152500,31.164152587890626,-5.024404033273458,-7.063162608486413,4.58666611148119
1789454234255092700,31.1740927734375,-5.060618086948991,-6.995681894409656,4.649835684360563
1789454234265032400,31.184032470703126,-5.082079392650723,-6.925939080619812,4.730137886087596
1789454234274972400,31.193972412109375,-5.102479791122675,-6.8513944195061915,4.815960897062719
1789454234284913700,31.20391357421875,-5.144473597243428,-6.768837716850638,4.887494393661618
1789454234294853400,31.213853271484375,-5.2328328486979006,-6.670054102015495,4.92932278008759
1789454234304793600,31.223793701171875,-5.333819526535272,-6.554028845000267,4.97648960493207
1789454234314733600,31.233733642578127,-5.412126170530915,-6.434552570748329,5.047357038837671
1789454234324673500,31.243673583984375,-5.463096479311585,-6.320470849016308,5.135813905447721
1789454234334613500,31.253613525390627,-5.505789958134293,-6.214584124177694,5.218772174641489
1789454234344553500,31.263553466796875,-5.572207426893711,-6.116896487885713,5.263506803902984
1789454234354493700,31.27349365234375,-5.676004485976696,-6.022350656750798,5.261620551764965
1789454234364433400,31.283433349609375,-5.805350996857881,-5.925473752319812,5.230395976939797
1789454234374373400,31.293373291015627,-5.9315369978815315,-5.822428388386965,5.204477107307315
1789454234384313600,31.303313720703127,-6.0320116345435375,-5.715090295696259,5.207974886295199
1789454234394254300,31.31325439453125,-6.1059974927306175,-5.611491974055767,5.234340330651402
1789454234404194600,31.323194580078123,-6.177923495778441,-5.5118391751706595,5.2557864387840025
1789454234414134500,31.333134521484375,-6.259470144608616,-5.409555443260073,5.265556722170114
1789454234424074500,31.343074462890623,-6.349833721622824,-5.305676551112533,5.263055553004145
1789454234434014500,31.353014404296875,-6.432413805153965,-5.199798594102263,5.2684506900459525
1789454234443954400,31.362954345703123,-6.496409599724411,-5.089164382475614,5.297870261275768
1789454234453894700,31.372894775390623,-6.5507859175562855,-4.971965990027785,5.342016861516237
1789454234463834600,31.382834716796875,-6.609528029382228,-4.856059390956163,5.376171644574404
1789454234473774300,31.3927744140625,-6.683877460184693,-4.74831417876929,5.3804941839486355
1789454234483714600,31.402714599609375,-6.771061238119006,-4.647052191121876,5.359852377936244
1789454234493654500,31.412654541015623,-6.861609524050355,-4.547343278135359,5.330139376717805
1789454234503595500,31.422595458984375,-6.9427066755473605,-4.448217425733804,5.308721910157799
1789454234513535500,31.432535400390623,-7.0028569006055585,-4.353679777905345,5.308096471735834
1789454234523475500,31.442475341796875,-7.044050496259331,-4.2649362033084035,5.325603486853837
1789454234533415700,31.452415771484375,-7.079912083235382,-4.182333031162619,5.343528435122966
1789454234543355400,31.46235546875,-7.128661793357133,-4.104714661692083,5.338907205063104
1789454234553295600,31.472295654296875,-7.187940496277808,-4.035038775658607,5.312471033558249
1789454234563235600,31.482235595703123,-7.24707716037929,-3.9733068343669173,5.278552397343516
1789454234573175600,31.492175537109375,-7.293747141617536,-3.9139582810804248,5.25857110106647
1789454234583115500,31.502115478515623,-7.331980133900046,-3.8561213014006612,5.248118096113204
1789454234593055500,31.512055419921875,-7.3735408093005415,-3.79869962452352,5.231742130851745
1789454234602995500,31.521995361328123,-7.417808405572176,-3.7434243120253083,5.2089574675917625
1789454234612936400,31.5319365234375,-7.459758957073092,-3.6905212816163897,5.1867514810025686
1789454234622876400,31.54187646484375,-7.49586896585226,-3.637932723984122,5.171826299071312
1789454234632816600,31.551816650390624,-7.5282567392379045,-3.5845720129355785,5.162034972897172
1789454234642756400,31.56175634765625,-7.561801865965127,-3.5317382483705875,5.149404039382934
1789454234652696600,31.571696533203124,-7.588152697274088,-3.4871856976777313,5.140996276521682
1789454234662636500,31.581636474609375,-7.597533104559779,-3.456094686104357,5.148137964969873
1789454234672576300,31.591576171875,-7.586297424796223,-3.437455452086031,5.1770951793849465
1789454234682516200,31.60151611328125,-7.562734178379178,-3.427254083806276,5.21817537779212
1789454234692456200,31.611456298828124,-7.52861738924384,-3.424572589637339,5.269026444107293
1789454234702396400,31.621396484375,-7.4954165459096425,-3.4278558490917086,5.314035214135051
1789454234712336400,31.63133642578125,-7.473450213295221,-3.4259517690360544,5.346101500481367
1789454234722276000,31.641276123046875,-7.45288030347526,-3.4153903352722526,5.381458060544729
1789454234732217300,31.65121728515625,-7.418702139541506,-3.4039693620696663,5.435641486153006
1789454234742157300,31.6611572265625,-7.375282100009918,-3.4008860091015696,5.496320703521371
1789454234752097300,31.67109716796875,-7.331082308277487,-3.4044983543798324,5.552926972362399
1789454234762037200,31.681037353515624,-7.283032855379581,-3.41463045681566,5.609644884884357
1789454234771977200,31.690977294921876,-7.249296005472541,-3.429503616298735,5.644167916733026
1789454234781917400,31.70091748046875,-7.236324295696615,-3.4469831588879227,5.650155758970976
1789454234791857200,31.710857177734376,-7.238427405455708,-3.4662677050724624,5.6356479256689544
1789454234801797400,31.72079736328125,-7.241662149593234,-3.4930303320527076,5.614934807986021
1789454234811737300,31.7307373046875,-7.2384022710144516,-3.5323294922620057,5.594515120291709
1789454234821677300,31.74067724609375,-7.213415713796019,-3.5887317629635334,5.590891084575652
1789454234831617300,31.7506171875,-7.173486438989639,-3.6655601511001583,5.592415517663955
1789454234841558300,31.760558349609376,-7.133974512812495,-3.75508698502928,5.583554750338196
1789454234851498200,31.770498291015624,-7.092197564312816,-3.847793033516407,5.573652365005016
1789454234861438200,31.780438232421876,-7.0355609003335235,-3.9421225915521383,5.579507520774007
1789454234871378400,31.79037841796875,-6.959732629150152,-4.042216996724903,5.602946848550438
1789454234881318400,31.800318359375,-6.863966316309571,-4.15085185122788,5.6415247087478635
1789454234891258000,31.810258056640624,-6.7583847118973726,-4.262331281507015,5.685698196995258
1789454234901198300,31.8201982421875,-6.657304510557651,-4.371376470376551,5.722039676442742
1789454234911138300,31.83013818359375,-6.577625409165025,-4.480058086630701,5.730124198698997
1789454234921078300,31.840078369140624,-6.521351148757338,-4.588629520508647,5.708493966171145
1789454234931018200,31.850018310546876,-6.46472617521584,-4.702954695607722,5.67978225094974
1789454234940958200,31.859958251953124,-6.409737862965464,-4.823106092642248,5.641211989536881
1789454234950898400,31.8698984375,-6.362521938282251,-4.947223762959242,5.586920427379011
1789454234960839200,31.879839111328124,-6.3063990690439935,-5.073630713257193,5.536967186686396
1789454234970779400,31.889779296875,-6.239647253763676,-5.195767731150984,5.499199473828077
1789454234980719400,31.89971923828125,-6.167491533613204,-5.311813446432351,5.469646631607413
1789454234990659300,31.909659423828124,-6.085581896689534,-5.4314604010760785,5.443831222349405
1789454235000599300,31.919599365234376,-6.003219839823245,-5.562196905010938,5.403119857254624
1789454235010539300,31.929539306640624,-5.921967205503583,-5.705547975847125,5.342980153590441
1789454235020479200,31.939479248046876,-5.847071831256151,-5.862737017899751,5.2545677106440065
1789454235030419500,31.94941943359375,-5.814764721891284,-6.018339667543769,5.112582082942128
1789454235040359200,31.959359130859376,-5.809357894411683,-6.1615329174697395,4.945426358148455
1789454235050299400,31.96929931640625,-5.765343980640172,-6.303242650839686,4.816669629853964
1789454235060239400,31.9792392578125,-5.655791134509444,-6.447185257828235,4.755650220745801
1789454235070180400,31.989180419921876,-5.494938893774152,-6.58828241225779,4.75085158829242
1789454235080120300,31.999120361328124,-5.322627101391554,-6.724197780135274,4.756593054553866
1789454235090060300,32.009060302734376,-5.187416666913032,-6.871559255656599,4.69497480276972
1789454235100000300,32.01900024414063,-5.07395395386219,-7.040313647818565,4.567209715861082
1789454235109940200,32.02894018554687,-4.956142397952079,-7.231575639864802,4.394468592150509
1789454235119880200,32.038880126953124,-4.83472112711221,-7.425584884792566,4.201970336307585
1789454235129820400,32.0488203125,-4.709943239320815,-7.606043158751726,4.016829457490146
1789454235139760000,32.05876000976563,-4.570203344719111,-7.774705196455121,3.8519562906756994
1789454235149700400,32.068700439453124,-4.425720639504492,-7.932464147350192,3.69586351942718
1789454235159640300,32.078640380859376,-4.29626511529088,-8.072955737102031,3.541164540624618
1789454235169580300,32.08858032226563,-4.1830543311744925,-8.196451183867454,3.389782431285083
1789454235179520300,32.09852026367187,-4.087174621087312,-8.305651563298701,3.2375212010234593
1789454235189461200,32.10846118164063,-4.011420876444876,-8.39869926483035,3.088811525763571
1789454235199401500,32.1184013671875,-3.955679115478694,-8.473378950500488,2.9537828775927424
1789454235209341200,32.128341064453124,-3.909624343529343,-8.534183255553245,2.837767265188694
1789454235219281200,32.13828125,-3.857775790609419,-8.591215056329965,2.7347654481366277
1789454235229221400,32.14822143554687,-3.792393217855692,-8.652107624188066,2.6323350012317297
1789454235239161300,32.158161376953124,-3.71806629114598,-8.716849268689751,2.5224796650230883
1789454235249101300,32.168101318359376,-3.6473534632802007,-8.78050370247662,2.402071224487573
1789454235259041300,32.17804125976563,-3.591398644085228,-8.835788951846956,2.2805815645866097
1789454235268981200,32.18798120117187,-3.551071894393861,-8.87794934670627,2.177682915648073
1789454235278921500,32.19792138671875,-3.5230768030092117,-8.90600055219233,2.1074708769112824
1789454235288861200,32.207861083984376,-3.5051398720413443,-8.922598051249981,2.0667858153015373
1789454235298802400,32.21780249023438,-3.4937574772834776,-8.932110560482739,2.044850754608214
1789454235308742400,32.22774243164063,-3.4820793144494293,-8.93843391828537,2.037133312098682
1789454235318682000,32.23768212890625,-3.4668536882668732,-8.94286927038431,2.0436158059857785
1789454235328622300,32.247622314453125,-3.448925232866406,-8.945403172776102,2.0627704421803355
1789454235338562300,32.257562255859376,-3.4323072755426165,-8.94548149870932,2.089977598057687
1789454235348502300,32.26750219726563,-3.4198008451908826,-8.943219398996233,2.1199499808646736
1789454235358442200,32.27744213867187,-3.4108892244607207,-8.940051290354132,2.1474898758277297
1789454235368382200,32.28738232421875,-3.405515422467887,-8.937882714143395,2.164963865458965
1789454235378322400,32.29732250976563,-3.4087884527891874,-8.937094194114207,2.1630723526239395
1789454235388262100,32.30726220703125,-3.4256589235693213,-8.935089868554472,2.1446208962626754
1789454235398202400,32.317202392578125,-3.4586727198988196,-8.92327083594501,2.140842400637269
1789454235408142300,32.327142333984376,-3.5172993886515496,-8.892737165993452,2.1721473472222685
1789454235418083000,32.3370830078125,-3.599465046162903,-8.848592319318652,2.2173544163011014
1789454235428023300,32.34702319335938,-3.6854721815332767,-8.79963685749173,2.2702634380593896
1789454235437963300,32.35696337890625,-3.7495711442172523,-8.756644103461504,2.3307274052418765
1789454235447903500,32.366903564453125,-3.778265908303857,-8.731293389105796,2.3789967845007776
1789454235457843200,32.37684326171875,-3.7896693458497523,-8.720883638772367,2.398950754379481
1789454235467783200,32.386783203125,-3.8163235440194603,-8.71015766209662,2.3956657413594424
1789454235477723400,32.39672338867187,-3.874079275156557,-8.686712489101291,2.3880786472313105
1789454235487663400,32.406663330078125,-3.955419880020618,-8.649607039543985,2.3894215862728654
1789454235497603300,32.41660327148438,-4.044854944013059,-8.60581115243733,2.3978273033075035
1789454235507543300,32.42654321289063,-4.132402002301812,-8.559228264960646,2.4152092307411133
1789454235517483300,32.43648315429687,-4.2194457872435445,-8.508363754642009,2.444268590356409
1789454235527423500,32.44642358398438,-4.311801414857804,-8.450973057425022,2.4818930953517553
1789454235537364200,32.4563642578125,-4.411092102432251,-8.384899872058629,2.53102742087692
1789454235547304400,32.46630444335938,-4.513446853752434,-8.309941953969002,2.5969337252438067
1789454235557244400,32.47624438476562,-4.610168859882653,-8.229756656619905,2.6810142764657736
1789454235567184100,32.48618408203125,-4.693732401493191,-8.149391911050676,2.7796882934466
1789454235577124400,32.496124267578125,-4.760419919365644,-8.070660904163121,2.893649603669345
1789454235587064300,32.50606420898438,-4.81749731284976,-7.989174461087584,3.022452801454067
1789454235597004300,32.51600439453125,-4.885326401972771,-7.896760965806245,3.153592917753756
1789454235606944300,32.5259443359375,-4.977891872945428,-7.789193740534782,3.2740564494773743
1789454235616884200,32.53588427734375,-5.098742942681908,-7.667665794450044,3.373442121858895
1789454235626824400,32.54582446289062,-5.248869791263342,-7.533596931222081,3.4445115080773827
1789454235636764200,32.55576416015625,-5.418244361150265,-7.389191382896899,3.4946962194383144
1789454235646705400,32.56570532226562,-5.586106188386679,-7.239643210986256,3.543069789724052
1789454235656645400,32.57564526367187,-5.75440114634335,-7.08370329221189,3.5886470072895285
1789454235666585000,32.585585205078125,-5.939124676531553,-6.914848362284898,3.6169188697889445
1789454235676526000,32.595526123046874,-6.156684308394789,-6.731191584545374,3.5995325584411617
1789454235686466000,32.605466064453125,-6.391830450353026,-6.602851620358228,3.4230461107224226
1789454235696406000,32.61540600585938,-6.558577009823918,-6.518315726584196,3.266041485325992
1789454235706346000,32.62534594726562,-6.619609862935543,-6.404312915307283,3.366889339214563
1789454235716286000,32.63528588867187,-6.5903001818209885,-6.313713191449642,3.5882270283117887
1789454235726226200,32.64522607421875,-6.589461392909288,-6.210325882211327,3.765801271267235
1789454235736166000,32.65516577148438,-6.652178838106989,-6.06117635422945,3.8962855540066954
1789454235746105900,32.66510595703125,-6.752042649394274,-5.8933203722119325,3.9810912046328184
1789454235756046000,32.675046142578125,-6.850134774833918,-5.745436918643117,4.029392294204235
1789454235765986800,32.68498681640625,-6.9212202354043715,-5.659224616089463,4.029924501384794
1789454235775927000,32.694927001953126,-6.998152083915472,-5.620463800540566,3.9505253859773277
1789454235785867000,32.70486694335938,-7.09515407603085,-5.599127582523226,3.8051165058284995
1789454235795807200,32.71480712890625,-7.178280687528848,-5.599879277673363,3.644729252256453
1789454235805747000,32.724746826171874,-7.218530864852666,-5.636449305179715,3.5062305898874997
1789454235815687000,32.73468701171875,-7.225304889032245,-5.693536051014066,3.3983810405433177
1789454235825627100,32.74462719726562,-7.229288990232348,-5.732863852795958,3.3229607656389475
1789454235835567000,32.754567138671874,-7.2443977120369665,-5.732746363896132,3.290090469433367
1789454235845506800,32.7645068359375,-7.280119013759493,-5.69028260217607,3.2849586595028635
1789454235855447000,32.77444702148438,-7.341413148155808,-5.611977711746096,3.2832480561926958
1789454235865387000,32.78438696289062,-7.4236559625566,-5.506438777431845,3.2770106231078504
1789454235875327200,32.7943271484375,-7.5150845384538165,-5.378379383751749,3.281296922124922
1789454235885268000,32.80426806640625,-7.6032526512503615,-5.238636566540599,3.304190598717332
1789454235895208200,32.814208251953126,-7.674841385167837,-5.101688933005929,3.3526050855353473
1789454235905148000,32.82414794921875,-7.721205076935887,-4.9930508636325595,3.409225382901728
1789454235915088000,32.834087890625,-7.7498811363220215,-4.919996733337641,3.450124964044988
1789454235925028000,32.844028076171874,-7.7796105041533705,-4.835802784869075,3.501868303024769
1789454235934968000,32.853968017578126,-7.81909378875792,-4.7177904456898565,3.57415320251286
1789454235944907800,32.86390771484375,-7.857956311115622,-4.579043069256842,3.6681431533306834
1789454235954848000,32.87384790039062,-7.885162882471084,-4.439324509704113,3.779810799658298
1789454235964788000,32.8837880859375,-7.906634125044941,-4.309543991319835,3.8837265166848898
1789454235974728200,32.89372827148438,-7.929933167567849,-4.189982961393892,3.966183266097307
1789454235984668000,32.90366796875,-7.9511039658904075,-4.078761305268109,4.039062916608154
1789454235994607900,32.91360791015625,-7.967666393634676,-3.9792484993755814,4.105154806675016
1789454236004549000,32.92354907226562,-7.986597304075956,-3.8834631895735856,4.159728108383715
1789454236014488800,32.93348876953125,-8.009550894162059,-3.7871246298030017,4.204182751660048
1789454236024429000,32.943428955078126,-8.02166920197904,-3.69250602569282,4.2648152072772385
1789454236034369000,32.953369140625,-8.023511030453443,-3.5978880061045286,4.341527860079705
1789454236044309000,32.96330908203125,-8.021030319553613,-3.5042560749441383,4.42194667392373
1789454236054249000,32.9732490234375,-8.015126063945889,-3.4221213970929383,4.496359525351226
1789454236064189000,32.98318896484375,-8.01217890457809,-3.3564521163523193,4.5507799745857715
1789454236074129200,32.99312915039062,-8.004935509321093,-3.3059266287297007,4.600245431761444
1789454236084069000,33.003069091796874,-7.980209648865461,-3.272697143822908,4.666481114213168
1789454236094008800,33.0130087890625,-7.940412476006149,-3.259646231330931,4.742886016240716
1789454236103949000,33.02294897460938,-7.883484720125794,-3.265771143952012,4.83277992991656
1789454236113890000,33.03289013671875,-7.816292175340652,-3.285140445810556,4.927864982494712
1789454236123830000,33.042830078125,-7.745358690461516,-3.307966610124707,5.023658183342218
1789454236133770000,33.05277001953125,-7.677701450774073,-3.3283255075424907,5.113264219987392
1789454236143710000,33.0627099609375,-7.621436542716622,-3.345844797620177,5.185497681549191
1789454236153650000,33.07264990234375,-7.571976638498902,-3.360155062523484,5.2483279394716025
1789454236163590000,33.08258984375,-7.529954190805554,-3.374398107409477,5.299398786017298
1789454236173530000,33.092530029296874,-7.501710093095898,-3.3911113418012855,5.3287014528691765
1789454236183470000,33.102469970703126,-7.486008081573248,-3.408877884638309,5.339443796157837
1789454236193409800,33.11240991210938,-7.476645794466138,-3.4310657510489224,5.338343141439557
1789454236203350000,33.12235009765625,-7.467818344888091,-3.465259112551808,5.328605591279268
1789454236213290000,33.1322900390625,-7.457734173247218,-3.5110035033777356,5.312762709981203
1789454236223230200,33.14223022460938,-7.447215117320418,-3.561616377022862,5.293792636573315
1789454236233171000,33.1521708984375,-7.427408593088388,-3.6226506914392114,5.280191396722198
1789454236243111000,33.16211083984375,-7.406510766488314,-3.6926787519112225,5.261001543083787
1789454236253051100,33.17205102539062,-7.385454534456134,-3.766950149041414,5.237893054696917
1789454236262990800,33.181990966796874,-7.353947051036357,-3.8476626851350066,5.223535443520546
1789454236272931000,33.19193115234375,-7.309895727863907,-3.9387119063258167,5.217506684750318
1789454236282871000,33.20187109375,-7.251771455675363,-4.040451448357105,5.220819754821062
1789454236292811000,33.21181103515625,-7.183209376102686,-4.148088523994386,5.231181574359536
1789454236302751000,33.2217509765625,-7.100828614535927,-4.262609513926506,5.251552162215114
1789454236312691000,33.23169091796875,-7.013162021520733,-4.385648449096084,5.268019897413254
1789454236322631200,33.24163110351562,-6.9287360178619615,-4.515261501958966,5.270239327028394
1789454236332571100,33.251571044921874,-6.847286984187364,-4.645599654226005,5.263408019703626
1789454236342510800,33.2615107421875,-6.760787096863985,-4.774305529116094,5.260056371188163
1789454236352451000,33.271451171875,-6.673215780916809,-4.899448743088543,5.256801753306388
1789454236362392000,33.28139208984375,-6.590040069580078,-5.0233939794480795,5.244740144112706
1789454236372332000,33.29133203125,-6.512299827295541,-5.150295435264706,5.218692679664493
1789454236382272000,33.30127197265625,-6.444664799439907,-5.277661001461744,5.175228800991177
1789454236392212000,33.3112119140625,-6.3832362250089645,-5.404285393902659,5.120384865647554
1789454236402152000,33.32115185546875,-6.329593482148647,-5.527991268548369,5.054494051110744
1789454236412092000,33.331091796875,-6.272005216532945,-5.652564573678374,4.9880678145229815
1789454236422032100,33.3410322265625,-6.209086695805191,-5.781062943297624,4.919037532916665
1789454236431972000,33.35097216796875,-6.1431193089008325,-5.915161032620072,4.841837388858199
1789454236441911800,33.36091186523438,-6.071081077650189,-6.063375910100341,4.74845475628376
1789454236451852000,33.37085205078125,-6.012615444678068,-6.2118777878284455,4.6294083978816865
1789454236461792000,33.3807919921875,-5.9595893724113695,-6.347662222802638,4.512304697979986
1789454236471733000,33.39073291015625,-5.890559090805054,-6.4801031925678245,4.413616652473807
1789454236481673000,33.4006728515625,-5.805983449542522,-6.616818770912289,4.32188091032356
1789454236491613000,33.41061303710938,-5.72681638932526,-6.750771314284205,4.219132191249728
1789454236501553200,33.42055322265625,-5.655958892291784,-6.879884016409516,4.10459863409698
1789454236511492900,33.430492919921875,-5.572742264422774,-7.015060548618435,3.9879657665774224
1789454236521433000,33.44043310546875,-5.496486123216152,-7.14720691935122,3.8570010068446394
1789454236531373000,33.450373046875,-5.439899728119373,-7.26423580045104,3.716016957400739
1789454236541313000,33.46031298828125,-5.374938887909054,-7.376375740465521,3.5874031447082757
1789454236551253000,33.4702529296875,-5.3080923800826065,-7.486088745594024,3.4573151678100227
1789454236561193000,33.48019287109375,-5.247496749344468,-7.588617392176389,3.3237112917453047
1789454236571133000,33.4901328125,-5.177854473319649,-7.688256747058033,3.2017014073625205
1789454236581073200,33.5000732421875,-5.1029333801090715,-7.787307488396763,3.080312577487528
1789454236591012900,33.51001293945313,-5.035388953146338,-7.882834731784462,2.9455373195558785
1789454236600954000,33.5199541015625,-4.97370961882472,-7.972478762352466,2.80574335667938
1789454236610894000,33.52989404296875,-4.906114338457584,-8.058166164249181,2.677010593782365
1789454236620834000,33.539833984375,-4.8210842314258215,-8.144317092004417,2.568584998115897
1789454236630774000,33.54977392578125,-4.722618011976778,-8.230633439454436,2.474662851837277
1789454236640714000,33.5597138671875,-4.619352575552464,-8.314519929409027,2.387627542462945
1789454236650654000,33.56965405273438,-4.529288273745775,-8.390223112908005,2.293487077258527
1789454236660594000,33.57959399414062,-4.4644928532302375,-8.45183639625609,2.1920644922219217
1789454236670533000,33.589533203125,-4.417942114457488,-8.501434832161664,2.0923121784850953
1789454236680473300,33.599473388671875,-4.370993900799751,-8.547197635427116,2.0025486131906507
1789454236690413300,33.60941333007813,-4.3092011692315335,-8.595297357207537,1.9292640351407229
1789454236700353000,33.61935302734375,-4.2353170178532595,-8.6447888256073,1.8708632840983568
1789454236710293200,33.62929321289062,-4.159965716531873,-8.690502529034019,1.8276270767010747
1789454236720234200,33.63923413085938,-4.097340333531797,-8.727264279720186,1.7936112637221813
1789454236730174200,33.64917431640625,-4.0587496138527985,-8.751605524772405,1.762485619226843
1789454236740114200,33.6591142578125,-4.040718282599747,-8.765557477757334,1.734342936065048
1789454236750054400,33.66905444335937,-4.030479504919052,-8.775434728649259,1.708029221896082
1789454236759994400,33.67899438476562,-4.020591148111224,-8.782102369844912,1.697033488368243
1789454236769934000,33.68893408203125,-4.014694491288066,-8.783957642322779,1.7013713714420795
1789454236779874300,33.69887426757813,-4.01421079942435,-8.78033536017239,1.7210992774799465
1789454236789814300,33.70881420898438,-4.0217745126768945,-8.770734588134289,1.7521254071235657
1789454236799754500,33.71875439453125,-4.042236285947263,-8.753819109168647,1.7892285185933112
1789454236809694200,33.728694091796875,-4.080909423212707,-8.727361310353874,1.830229222023487
1789454236819634200,33.73863427734375,-4.134578761819005,-8.691228505221009,1.881013068321347
1789454236829574400,33.74857446289062,-4.197819938629865,-8.646626562428473,1.9454009309493003
1789454236839514400,33.758514404296875,-4.265953563657403,-8.595688986873625,2.0214304237931966
1789454236849455400,33.76845532226562,-4.339813165116309,-8.5387425262928,2.1038705143317578
1789454236859395300,33.778395263671875,-4.424062058642506,-8.474612291687727,2.186088048160821
1789454236869335300,33.78833520507813,-4.517500513057411,-8.401075930833816,2.2769487610422074
1789454236879275300,33.79827514648437,-4.616629580329358,-8.318637886121868,2.378515869116038
1789454236889215200,33.80821533203125,-4.712225212778151,-8.2313892262578,2.4918928035795687
1789454236899155500,33.81815551757813,-4.790321721154451,-8.145989993652702,2.620315769875049
1789454236909095200,33.82809521484375,-4.84893085425049,-8.068478883948922,2.7491578383654356
1789454236919035100,33.83803515625,-4.89483832668364,-8.000827489480375,2.863158896076679
1789454236928975400,33.847975341796875,-4.93504817199707,-7.942550657078623,2.954922403016686
1789454236938915300,33.85791528320313,-4.971339382562041,-7.890135994708538,3.0334695777699348
1789454236948855000,33.86785498046875,-5.006647427308559,-7.839663698577881,3.10541194743067
1789454236958795300,33.87779516601562,-5.047499077656865,-7.789807488518953,3.1641867924824356
1789454236968735200,33.8877353515625,-5.0942257575184104,-7.7404387697160235,3.2101249523147937
1789454236978676200,33.89767626953125,-5.14877743191719,-7.68984840016365,3.2444846102952956
1789454236988616200,33.9076162109375,-5.209903224009275,-7.631860321575402,3.2835938008904457
1789454236998556400,33.91755639648437,-5.269764110732078,-7.566876100489496,3.338015711429715
1789454237008496400,33.927496337890624,-5.317133180150389,-7.501021526309847,3.4107401713788508
1789454237018436000,33.93743603515625,-5.352760958370566,-7.433656547567248,3.5013042394012213
1789454237028376300,33.94737622070313,-5.3878825406342745,-7.362364750769734,3.5967654318153857
1789454237038316300,33.95731640625,-5.425460868400335,-7.2925623157471415,3.681484573201835
1789454237048256300,33.96725634765625,-5.461830989420414,-7.2309998858034605,3.7485251422956583
1789454237058196200,33.9771962890625,-5.489699824076891,-7.179668342494964,3.8060435575455425
1789454237068136200,33.98713623046875,-5.510722738361358,-7.1410209241926665,3.8481317639514803
1789454237078076400,33.997076416015624,-5.537527158656716,-7.106924008801579,3.872696588626504
1789454237088016400,34.007016357421875,-5.576449886769056,-7.0707432728737585,3.883062207557261
1789454237097957400,34.016957275390624,-5.625116010260582,-7.032361812031269,3.8825703323870897
1789454237107897300,34.0268974609375,-5.679617415776849,-6.990062885484099,3.8796047605797646
1789454237117837300,34.03683740234375,-5.7323874674558635,-6.9418521045446395,3.888545022882521
1789454237127777300,34.04677734375,-5.778956910929083,-6.88951752167344,3.91261534203887
1789454237137717200,34.05671728515625,-5.82786327291727,-6.831772019669413,3.941234995062649
1789454237147657200,34.0666572265625,-5.879744851323962,-6.768145642933249,3.9738197523251175
1789454237157597200,34.07659716796875,-5.935426406535506,-6.701098644098639,4.004540177020431
1789454237167537200,34.086537109375,-6.0078381472736595,-6.6250418248564005,4.023070105445385
1789454237177477400,34.096477294921876,-6.089825525608658,-6.538709110793471,4.04100031441152
1789454237187417300,34.10641723632813,-6.169910869714617,-6.447551168531179,4.065910299262404
1789454237197357000,34.11635717773437,-6.24982085725367,-6.351475059089064,4.094982079967856
1789454237207297300,34.12629736328125,-6.336423620429635,-6.252250130227208,4.114548365703225
1789454237217238300,34.13623828125,-6.425602956095338,-6.159614516627788,4.115963200937212
1789454237227178200,34.14617822265625,-6.5153884409606455,-6.075777711033821,4.099392005364597
1789454237237118200,34.1561181640625,-6.604589988458156,-5.99468874284327,4.075958815068006
1789454237247058200,34.16605810546875,-6.684526864004135,-5.913506251150369,4.064221323262155
1789454237256998400,34.175998291015624,-6.756628223618865,-5.832530095684528,4.062009784692526
1789454237266938000,34.185938232421876,-6.827963275036216,-5.748100000372529,4.063088519839942
1789454237276878300,34.19587841796875,-6.900565569910406,-5.658412715184689,4.066320049107074
1789454237286818300,34.205818359375,-6.968069080340862,-5.567190475514531,4.07710856962502
1789454237296758300,34.21575830078125,-7.037558796152472,-5.473857527300715,4.084116110299528
1789454237306698200,34.2256982421875,-7.11220048789978,-5.374307019746303,4.087025568005442
1789454237316638200,34.23563818359375,-7.183453706252575,-5.271263409379125,4.096609973430633
1789454237326578400,34.245578369140624,-7.246378656721115,-5.167863240659236,4.1174692215859885
1789454237336518400,34.255518310546876,-7.3031369012534615,-5.065229380136728,4.144643644237518
1789454237346459100,34.265459228515624,-7.353380649325251,-4.96496224874556,4.177004529616236
1789454237356399400,34.2753994140625,-7.400301974976062,-4.869740125784277,4.206130963118374
1789454237366339300,34.28533935546875,-7.446660990568995,-4.781046820069849,4.2260140597179525
1789454237376279300,34.295279296875,-7.493833660632371,-4.695156296816468,4.238912996518612
1789454237386219300,34.30521923828125,-7.541437707850337,-4.605815925370156,4.252479457317293
1789454237396159200,34.3151591796875,-7.587569344428181,-4.507739582021534,4.275452336625754
1789454237406099200,34.32509912109375,-7.631265862813591,-4.399769328907132,4.310007809439301
1789454237416039200,34.3350390625,-7.674374352177977,-4.288141137807071,4.3458273108392955
1789454237425979400,34.3449794921875,-7.725791235682368,-4.18099769090563,4.35910501782447
1789454237435919400,34.35491943359375,-7.785775456523895,-4.076939058277011,4.350944507722557
1789454237445859000,34.36485913085937,-7.846995941162109,-3.973732366302609,4.336416508415341
1789454237455799300,34.37479931640625,-7.899577776792645,-3.876182092654705,4.329233026652038
1789454237465739300,34.3847392578125,-7.9358163803875446,-3.7909728296637533,4.338398622143268
1789454237475680300,34.39468017578125,-7.957872144851088,-3.7227585406154393,4.3570328877255315
1789454237485620200,34.4046201171875,-7.968941235876083,-3.6691850635990497,4.38217551228851
1789454237495560200,34.41456030273437,-7.974833801046014,-3.6183573781594633,4.413609053689241
1789454237505500400,34.42450048828125,-7.975793001466989,-3.5664050726041197,4.453971751476824
1789454237515440000,34.434440185546876,-7.969400085559487,-3.5173940811976787,4.504107070738077
1789454237525380400,34.44438037109375,-7.960942053815722,-3.473834925456345,4.552611866188049
1789454237535320300,34.4543203125,-7.951641726028919,-3.4403885829284784,4.59406966573596
1789454237545260300,34.46426025390625,-7.940123722192644,-3.419089189790189,4.629760864581168
1789454237555200300,34.4742001953125,-7.92899793254435,-3.4014991725638506,4.6616693300172685
1789454237565140200,34.48414013671875,-7.913041653999686,-3.3868913860186933,4.699272207702696
1789454237575080200,34.494080078125,-7.894561994457244,-3.3808170345410704,4.734592527408898
1789454237585020400,34.5040205078125,-7.874290775322914,-3.3808854236021637,4.768180031973123
1789454237594961200,34.513961181640624,-7.853917849379777,-3.3828698754176494,4.800266484324633
1789454237604901400,34.5239013671875,-7.834583618834614,-3.3870760949358343,4.828805473327637
1789454237614841300,34.53384130859375,-7.81877522432804,-3.394709950815141,4.849028177145123
1789454237624781300,34.54378125,-7.809327597025036,-3.4022862312883135,4.858930270217359
1789454237634721300,34.55372119140625,-7.79052235879004,-3.4161680416464804,4.879336221647263
1789454237644661200,34.5636611328125,-7.761327243965864,-3.4413056977733967,4.9081210021048784
1789454237654601200,34.57360131835937,-7.725885343706607,-3.475501689624786,4.939830730098485
1789454237664541200,34.583541259765624,-7.68975546118319,-3.5158860147222875,4.967557525935769
1789454237674482000,34.59348193359375,-7.650112602102756,-3.563253038313985,4.994935946726799
1789454237684422000,34.603421875,-7.609944842365383,-3.6192838453546163,5.015964121708274
1789454237694361600,34.613361572265624,-7.566929876503348,-3.6833223100230095,5.0343911742806435
1789454237704301800,34.6233017578125,-7.516063028097152,-3.7575282407015558,5.055709272119403
1789454237714241800,34.63324169921875,-7.457625452175736,-3.843249544867873,5.077756853276491
1789454237724182800,34.64318286132813,-7.395190331050753,-3.9380394138917323,5.096411284863948
1789454237734122800,34.65312280273437,-7.331488550990819,-4.03923096665144,5.109233357036113
1789454237744063000,34.66306298828125,-7.269217095994949,-4.147119094440341,5.111774273690581
1789454237754002700,34.67300268554688,-7.207048516851663,-4.263551470951736,5.104019421780109
1789454237763942700,34.68294262695313,-7.14122024615705,-4.387702751277387,5.091305486157537
1789454237773883000,34.6928828125,-7.070002683639526,-4.514562413778901,5.0797798835366965
1789454237783822800,34.70282275390625,-6.991673243290186,-4.641479943947494,5.073814253130555
1789454237793762800,34.7127626953125,-6.913886823776364,-4.769094516469538,5.062039059662818
1789454237803702800,34.72270288085937,-6.838682821971178,-4.8973076394066215,5.041749720349908
1789454237813642800,34.732642822265625,-6.760539844104647,-5.0274230888336895,5.019017664059996
1789454237823583000,34.7425830078125,-6.679737291640043,-5.159025854209065,4.99359096185863
1789454237833522700,34.75252270507813,-6.594121201413869,-5.291259318703412,4.968958040383458
1789454237843462700,34.76246264648437,-6.505120729446411,-5.422874943560362,4.9443105058610435
1789454237853404000,34.77240380859375,-6.417363535538315,-5.5513610382199285,4.9163230132609606
1789454237863343600,34.78234350585937,-6.332194604557753,-5.676526464024186,4.883723350690305
1789454237873283800,34.79228393554688,-6.246329508006572,-5.804331006160378,4.843908934435248
1789454237883223800,34.80222387695313,-6.167691440099477,-5.9334612439423795,4.787903846357763
1789454237893164000,34.8121640625,-6.092819446727633,-6.06141834629178,4.723048512348532
1789454237903103700,34.822103759765625,-6.011608897984027,-6.190573133993149,4.659163776937127
1789454237913043700,34.83204370117188,-5.9229351737529035,-6.3229574051350355,4.594505426804721
1789454237922984000,34.84198388671875,-5.840441599461436,-6.453781002831459,4.517555165854096
1789454237932924000,34.851923828125,-5.768529624938965,-6.580018441781402,4.426939952166379
1789454237942863600,34.861863525390625,-5.699885712301731,-6.703813748276233,4.329039549906551
1789454237952803800,34.87180395507813,-5.636202052420377,-6.825263368427753,4.221298429372906
1789454237962743800,34.88174389648437,-5.574951757165789,-6.9439557988256215,4.107520951284468
1789454237972684000,34.89168408203125,-5.516546329948306,-7.0585004618942735,3.9894504521772265
1789454237982624800,34.90162475585937,-5.459383596268296,-7.167621346348524,3.871782104130089
1789454237992565000,34.91156494140625,-5.393053221270442,-7.27175099838674,3.76921400232017
1789454238002504700,34.92150463867188,-5.319549593642353,-7.37016636443138,3.6815003552928567
1789454238012444700,34.93144458007812,-5.252985994410515,-7.458035202020406,3.5991993809640404
1789454238022385000,34.941385009765625,-5.191998149484395,-7.5356515256643295,3.525266129747033
1789454238032324900,34.95132495117188,-5.130580096447468,-7.609625108891725,3.455599011541903
1789454238042264600,34.9612646484375,-5.0716415852665895,-7.6844398191183805,3.3761297535076737
1789454238052204800,34.97120483398437,-5.01947768278718,-7.763159720090031,3.2723926079183814
1789454238062144800,34.981144775390625,-4.968444245642424,-7.845582567232847,3.151466719380021
1789454238072085000,34.9910849609375,-4.90888321864903,-7.929320004105567,3.0330066364333033
1789454238082024700,35.00102465820312,-4.83666057074219,-8.010080470994115,2.9352614247351885
1789454238091964700,35.01096459960937,-4.750797520017624,-8.087580474781989,2.862059410402179
1789454238101905000,35.02090478515625,-4.650862104798853,-8.163284827324748,2.810809992419183
1789454238111844900,35.03084497070312,-4.547430956418812,-8.237832411047815,2.7621339320555327
1789454238121785900,35.04078588867188,-4.451778040824831,-8.31102858016193,2.6979391077816484
1789454238131725800,35.05072583007812,-4.36833812559396,-8.380188041105866,2.619249601948261
1789454238141665800,35.06066577148437,-4.297148912388086,-8.441639411890506,2.53843155965358
1789454238151605800,35.070605712890625,-4.232283933767676,-8.495480307671427,2.46677852832824
1789454238161545700,35.08054565429688,-4.171107872793078,-8.54299433851838,2.406142127188295
1789454238171486000,35.09048583984375,-4.1130815080210565,-8.58415578546822,2.3590664877586067
1789454238181426000,35.100426025390625,-4.062152700294554,-8.61748288553059,2.3255657846949993
1789454238191365600,35.11036572265625,-4.02453433277905,-8.641696704810856,2.3009949686706066
1789454238201305900,35.12030590820312,-4.007876627966762,-8.654749078607558,2.280918249195069
1789454238211245800,35.13024584960937,-4.016238505859673,-8.657168999230862,2.25690886644572
1789454238221186000,35.14018603515625,-4.039578757175803,-8.65180075019598,2.2357401139497757
1789454238231125800,35.15012573242188,-4.062895627616346,-8.641782045006751,2.232241604309529
1789454238241065700,35.16006567382812,-4.081396622207761,-8.627882698991895,2.252158457048237
1789454238251006700,35.1700068359375,-4.1063986692562695,-8.608118844857811,2.2821415073797104
1789454238260946700,35.17994677734375,-4.143482491503656,-8.582447227984666,2.311617192710936
1789454238270887000,35.189886962890625,-4.195008096079528,-8.550043087986111,2.338593608572334
1789454238280827000,35.19982690429688,-4.256348407705128,-8.51184750510454,2.3669312297843397
1789454238290766600,35.2097666015625,-4.319957541045547,-8.469284374663234,2.404075550047308
1789454238300706800,35.219706787109374,-4.3841950354173775,-8.422835342699289,2.450526481707394
1789454238310646800,35.229646728515625,-4.447660376372933,-8.372077799886464,2.5093834520846605
1789454238320587000,35.2395869140625,-4.513232041957974,-8.318395894059538,2.5700916032865644
1789454238330526700,35.24952661132812,-4.587031729923188,-8.261404425293208,2.62273919762969
1789454238340466700,35.259466796875,-4.671723398780823,-8.198792194035649,2.6693068875372408
1789454238350407000,35.26940698242188,-4.76389724008739,-8.127926513695716,2.722581089346111
1789454238360347000,35.27934692382812,-4.856780690968036,-8.052232098025083,2.7827374518841506
1789454238370286600,35.28928662109375,-4.941209032714367,-7.974712805014848,2.8563594451949
1789454238380227800,35.29922778320312,-5.012995335030555,-7.898053928226232,2.942954901847243
1789454238390167800,35.309167724609374,-5.0764907788634295,-7.825307840967178,3.027238282164931
1789454238400107800,35.319107666015626,-5.134225174951553,-7.757367108163237,3.103772655791044
1789454238410047700,35.3290478515625,-5.18413866815567,-7.694123593264818,3.1773513944819567
1789454238419988000,35.338988037109374,-5.223271824148297,-7.635906382095813,3.2528026490464805
1789454238429928000,35.348927978515626,-5.2515089075952766,-7.582205187046528,3.332004780577123
1789454238439867600,35.35886767578125,-5.266508908328413,-7.533762350916862,3.417110290932655
1789454238449808000,35.36880786132812,-5.269734300115704,-7.493008315724134,3.500733453775942
1789454238459747800,35.378747802734374,-5.277205658909678,-7.455807589098811,3.568256253428757
1789454238469687800,35.388687744140626,-5.300879964485764,-7.416089326694608,3.615620062150061
1789454238479627800,35.39862768554688,-5.337353545880317,-7.371706579610705,3.6525329117447134
1789454238489567700,35.40856762695312,-5.375513472926617,-7.324294255572557,3.691738548451662
1789454238499508000,35.418508056640626,-5.407662176859379,-7.276113285249472,3.7397520532533526
1789454238509448000,35.42844799804688,-5.433280017718673,-7.226883098134398,3.797634917901456
1789454238519389000,35.438388916015626,-5.458326780691743,-7.175243511790037,3.8591424027875063
1789454238529329000,35.44832885742188,-5.492260029953718,-7.12096480911374,3.911177125929296
1789454238539268600,35.4582685546875,-5.541756759050489,-7.064347434356808,3.9438919393122194
1789454238549208800,35.468208740234374,-5.598080119296908,-7.005441071879863,3.9693417301282286
1789454238559148800,35.478148681640626,-5.644381851744652,-6.944863561320305,4.0100156858220695
1789454238569088800,35.4880888671875,-5.674930719265341,-6.8879048257797955,4.064766389924287
1789454238579028700,35.49802880859375,-5.699284239277243,-6.835383195903897,4.118992777891457
1789454238588968700,35.50796875,-5.73618042999804,-6.780465610802173,4.1583480522021645
1789454238598909000,35.51790893554688,-5.789739586228132,-6.721456956994533,4.179867517831921
1789454238608849000,35.52784887695312,-5.852260632070899,-6.65788494079411,4.194519143518805
1789454238618788600,35.53778857421875,-5.915222991940379,-6.586297375920415,4.219145635253191
1789454238628728800,35.547728759765626,-5.980343991148471,-6.506144811797141,4.251583677521348
1789454238638668800,35.55766870117188,-6.049955872035026,-6.417553505152464,4.287592271752655
1789454238648609800,35.56760986328125,-6.1281526259154075,-6.328887964227795,4.308285807952284
1789454238658549800,35.5775498046875,-6.212828804942965,-6.245479028657078,4.3087312136322256
1789454238668489700,35.58748974609375,-6.299520999968052,-6.164511641019582,4.299443160805106
1789454238678431000,35.59743090820312,-6.383800288632512,-6.082782036837935,4.291536040942371
1789454238688371000,35.607370849609374,-6.465109621575475,-5.997926994112134,4.289244715134799
1789454238698311200,35.61731127929688,-6.545216592991352,-5.904257361289859,4.297707423053682
1789454238708251000,35.6272509765625,-6.622696723034977,-5.805079194179177,4.314091863882542
1789454238718190800,35.63719091796875,-6.698464788463712,-5.706953166469932,4.328009037815034
1789454238728131000,35.647131103515626,-6.779227593439817,-5.611248228427767,4.327399381484091
1789454238738071000,35.65707104492188,-6.867469940516353,-5.514745418006181,4.312286860287189
1789454238748011000,35.66701098632812,-6.957170085185766,-5.41521244610846,4.294609164777398
1789454238757951000,35.676950927734374,-7.043654774940014,-5.314828994861245,4.279000676757097
1789454238767891000,35.686890869140626,-7.114420502036809,-5.216805843004584,4.282561584109068
1789454238777831200,35.6968310546875,-7.170206102144718,-5.123333778581023,4.302317839458585
1789454238787772000,35.70677197265625,-7.2191989733725785,-5.029831319019198,4.330633833360672
1789454238797712100,35.71671215820312,-7.274256259205937,-4.931897599011659,4.351091222716867
1789454238807652000,35.726652099609375,-7.34131611752212,-4.827343584081531,4.355710114689171
1789454238817591800,35.736591796875,-7.4103645193070165,-4.717530917970836,4.359104725563526
1789454238827532000,35.74653198242188,-7.475937353935837,-4.604460711368918,4.368031836123764
1789454238837472000,35.75647192382812,-7.536217927375436,-4.489408975560963,4.38417282358557
1789454238847412200,35.766412109375,-7.594691743654012,-4.3742049718007445,4.399706492803991
1789454238857352000,35.77635205078125,-7.652202267858385,-4.26130515332967,4.410835497322679
1789454238867292000,35.7862919921875,-7.711970215600728,-4.151454493296146,4.4115030213207005
1789454238877232000,35.796232177734375,-7.770484363889694,-4.0433939315497875,4.409185684289038
1789454238887172000,35.806172119140626,-7.827041532891989,-3.9334228600069876,4.4086289271891115
1789454238897112000,35.81611206054688,-7.881290424951911,-3.821041220191121,4.410810070620477
1789454238907052000,35.82605200195312,-7.932439012908935,-3.7149081193760036,4.409786280530691
1789454238916992000,35.835991943359375,-7.9791013953626155,-3.62279243799746,4.402236595803499
1789454238926933000,35.84593310546875,-8.016911193796991,-3.54075069912672,4.400295983129739
1789454238936873000,35.855873046875,-8.041373434880375,-3.4613545063287017,4.41879551641643
1789454238946813200,35.86581323242188,-8.050818724095821,-3.378115374366939,4.465764188340306
1789454238956753000,35.8757529296875,-8.04794989066124,-3.294908098848164,4.532598713468015
1789454238966692900,35.88569287109375,-8.04000273104906,-3.228983382041752,4.593736780519783
1789454238976633000,35.89563305664063,-8.037025761064887,-3.1850974785640833,4.6294452227607366
1789454238986573000,35.90557299804688,-8.030462164765597,-3.152898505748808,4.662759171080589
1789454238996513000,35.91551293945312,-8.006306213152408,-3.130237176607549,4.719219893971085
1789454239006453000,35.925452880859375,-7.971048437288403,-3.122892659063637,4.7833355155289174
1789454239016393000,35.93539306640625,-7.946959705692529,-3.1224609896481037,4.823530163273215
1789454239026333200,35.94533325195312,-7.918140438443422,-3.127928022882342,4.867190441301465
1789454239036273000,35.95527294921875,-7.883255587545037,-3.1414959449857474,4.914837158617377
1789454239046212900,35.965212890625,-7.85337190593481,-3.156792882838845,4.952731712725758
1789454239056153000,35.97515307617188,-7.819698184391855,-3.1722827129155395,4.995929633939266
1789454239066093800,35.98509375,-7.785847352716326,-3.191055217924714,5.036674316781759
1789454239076034000,35.99503393554688,-7.760980622485279,-3.2080314871668816,5.06420003708899
1789454239085974000,36.00497412109375,-7.7369088420242065,-3.22646935339421,5.089260828587412
1789454239095914200,36.01491430664063,-7.719523407459259,-3.2510791862547395,5.099987389785051
1789454239105854000,36.02485400390625,-7.707778024607896,-3.281586552721262,5.098206351587176
1789454239115794000,36.0347939453125,-7.692436663091183,-3.3194168094217775,5.096887670204043
1789454239125734100,36.044734130859375,-7.668539070153236,-3.3700317288935184,5.099681684836745
1789454239135674000,36.05467407226563,-7.641766798561811,-3.433168860808015,5.097759192341566
1789454239145613800,36.06461376953125,-7.612995462107658,-3.5046228624299167,5.092180515426397
1789454239155554000,36.07455395507812,-7.580371541878581,-3.5848069907352325,5.085025967496633
1789454239165494000,36.084493896484375,-7.546123235318064,-3.6748426509693264,5.071680748233199
1789454239175434200,36.09443432617188,-7.502070743101835,-3.777853235849738,5.061339971482753
1789454239185374000,36.1043740234375,-7.445940859600901,-3.891900470790267,5.057817058053613
1789454239195315200,36.11431518554687,-7.3724214498817915,-4.014434379047155,5.069722599902748
1789454239205255000,36.1242548828125,-7.284522217154502,-4.143436606535316,5.092937471273541
1789454239215195000,36.13419482421875,-7.188072013702988,-4.2807057271093125,5.116406025144458
1789454239225135000,36.14413500976563,-7.088671143752336,-4.425287508784234,5.132056014218926
1789454239235075000,36.15407495117187,-6.991430666705965,-4.572180490010976,5.13667373714745
1789454239245014800,36.16401489257812,-6.899362623861432,-4.714954053220152,5.132094008141756
1789454239254955000,36.173955078125,-6.818270733061432,-4.846977382095158,5.117456995502114
1789454239264895000,36.18389501953125,-6.741581461134553,-4.97104302996397,5.100021292054653
1789454239274835200,36.19383520507812,-6.658441990154981,-5.098411518770456,5.083473477357626
1789454239284775000,36.20377490234375,-6.5729346210002895,-5.234195953744649,5.056686008197069
1789454239294715000,36.21371484375,-6.49098523658812,-5.373510316410661,5.016258720740676
1789454239304655000,36.22365502929687,-6.406148898562789,-5.5156900053799145,4.970792270073295
1789454239314595000,36.23359497070312,-6.320940220093727,-5.660048207432031,4.917316700473427
1789454239324535000,36.24353515625,-6.242844588500261,-5.801856725001334,4.851363342094421
1789454239334475000,36.25347509765625,-6.1674722443908445,-5.939688155633211,4.780457037483155
1789454239344416000,36.263416015625,-6.087052553763986,-6.076560385844111,4.711007945942878
1789454239354356000,36.27335595703125,-6.0045998960047955,-6.215168061545491,4.63539770142436
1789454239364296000,36.2832958984375,-5.926758531433344,-6.35446722664237,4.5458454407930375
1789454239374236200,36.293236083984375,-5.855272088846564,-6.4901376798480745,4.445706027434766
1789454239384176000,36.30317602539063,-5.792489177197218,-6.618236821016669,4.3377895503342145
1789454239394115800,36.31311572265625,-5.732889571759104,-6.740289667758345,4.227635231178999
1789454239404056000,36.32305615234375,-5.670940772846341,-6.8594158133983605,4.1181542812407015
1789454239413996000,36.33299609375,-5.606368055170774,-6.974229356536269,4.012379492343962
1789454239423936300,36.34293627929687,-5.539563632920384,-7.082524311560392,3.914269538986683
1789454239433876000,36.3528759765625,-5.470754885110258,-7.185766074848175,3.821783855251968
1789454239443816000,36.36281591796875,-5.403002952876687,-7.2847180319875475,3.729723411192
1789454239453756200,36.37275610351563,-5.335171525666118,-7.380303143042325,3.6383386744365094
1789454239463696100,36.38269604492187,-5.263476993286609,-7.473304667344689,3.551888763734698
1789454239473635800,36.3926357421875,-5.185049353259801,-7.565245868939161,3.471700543776154
1789454239483577000,36.4025771484375,-5.104550752177834,-7.655127799916267,3.393072412741184
1789454239493516800,36.412516845703124,-5.020380184584856,-7.746146041446924,3.311106953977048
1789454239503457000,36.42245703125,-4.940805712610483,-7.838762950345873,3.211330820973217
1789454239513397000,36.43239697265625,-4.868899291045963,-7.929464965534209,3.0964144019827247
1789454239523337200,36.442337158203124,-4.799682254695892,-8.014885825449229,2.982452214977145
1789454239533277000,36.45227685546875,-4.7266979747667905,-8.09212922412753,2.8889772279441357
1789454239543217000,36.462216796875,-4.646560900473594,-8.161485084426403,2.8231176853284237
1789454239553157000,36.4721572265625,-4.558100818993151,-8.227251980322599,2.776039123289287
1789454239563097000,36.48209716796875,-4.468785581988096,-8.29414758798778,2.721672450068593
1789454239573036800,36.492036865234375,-4.389657100215554,-8.360017359736561,2.647909294721484
1789454239582977000,36.50197705078125,-4.321999276006221,-8.420761459034681,2.565447869133949
1789454239592917000,36.5119169921875,-4.259022010828555,-8.474217739412188,2.493736093358695
1789454239602857200,36.521857177734375,-4.197176380029321,-8.518400580009818,2.4476409893989564
1789454239612797000,36.531796875,-4.1433261318981645,-8.551507315319776,2.423834289614856
1789454239622738200,36.54173828125,-4.1053786785587665,-8.574672502329944,2.4064960551925
1789454239632678100,36.55167822265625,-4.087878969964385,-8.590635210615396,2.3792054588153957
1789454239642617900,36.56161791992187,-4.089340274688602,-8.598370188781619,2.348560729704797
1789454239652558000,36.57155810546875,-4.104213726432621,-8.598802150458097,2.3208646212667223
1789454239662498000,36.581498046875,-4.117993829981982,-8.594943721464276,2.310730326873809
1789454239672435700,36.59143579101563,-4.126774517808855,-8.588401167953014,2.3193781821012496
1789454239682375700,36.60137573242187,-4.135929884167015,-8.577869837066531,2.341931813084334
1789454239692316000,36.61131591796875,-4.153996871255338,-8.561183490681648,2.3708336440503595
1789454239702255600,36.621255615234375,-4.186023702374101,-8.538124102133512,2.397509031138569
1789454239712195800,36.63119580078125,-4.2298239733949305,-8.509863053289056,2.420995851318538
1789454239722135800,36.6411357421875,-4.28291171272099,-8.478247433319687,2.438513972352445
1789454239732075800,36.65107568359375,-4.338637399335205,-8.443502867674827,2.4604575086131693
1789454239742015700,36.661015625,-4.39162284733057,-8.406535949805379,2.492830961212516
1789454239751955700,36.67095581054687,-4.437630857528746,-8.370304944995045,2.5329402687609193
1789454239761895700,36.68089575195312,-4.477892725290358,-8.336217381954192,2.574163090509176
1789454239771836700,36.69083666992187,-4.521892026014625,-8.30011614100337,2.613615687714517
1789454239781776600,36.70077661132812,-4.5764173969283695,-8.257841764375566,2.6523268189027904
1789454239791716900,36.710716796875,-4.6368063991785045,-8.209574284812808,2.6969100569948554
1789454239801656800,36.72065673828125,-4.6900730022028085,-8.159729765191674,2.755434726677835
1789454239811596800,36.7305966796875,-4.7307475424185395,-8.114895767208933,2.8175997986897823
1789454239821536800,36.740536865234375,-4.770827039350569,-8.072693286773562,2.8707454056829214
1789454239831476700,36.75047680664063,-4.824645723299682,-8.024230576899647,2.916319408378005
1789454239841417000,36.7604169921875,-4.88911293477416,-7.968359052073955,2.961787904872
1789454239851356700,36.77035668945312,-4.955484810826182,-7.910512427783012,3.0062209208384156
1789454239861296600,36.780296630859375,-5.0152223634302615,-7.855068188458681,3.0521815847635265
1789454239871236900,36.79023681640625,-5.063928234410286,-7.80396753129661,3.1024329316198824
1789454239881176800,36.8001767578125,-5.111000951230526,-7.7561209074944255,3.144942286047339
1789454239891116800,36.81011669921875,-5.174038129901886,-7.704422284439206,3.1688495235964655
1789454239901056800,36.82005688476563,-5.252631774145365,-7.64307437402904,3.188056328369677
1789454239910996700,36.82999682617187,-5.334228691858053,-7.574937826392054,3.215076144981384
1789454239920937700,36.83993774414063,-5.407368746870755,-7.504777663972973,3.25715762938559
1789454239930877700,36.84987768554687,-5.466290306916832,-7.43678432419896,3.3142619108766316
1789454239940818000,36.85981787109375,-5.516892366907,-7.370687173435091,3.3774554491534827
1789454239950757600,36.869757568359375,-5.581031953862309,-7.296906482431292,3.431850179424882
1789454239960697600,36.87969750976563,-5.667527165010571,-7.208426234945654,3.4767990359589453
1789454239970637800,36.889637939453124,-5.761657985603809,-7.112590364000201,3.5191926550522443
1789454239980577800,36.899577880859376,-5.854126425942778,-7.015541610133647,3.561142914292216
1789454239990517800,36.90951782226563,-5.925398933517933,-6.9230106259524815,3.6238059989541767
1789454240000457700,36.91945776367187,-5.974239244532585,-6.839157453745603,3.7019963230937716
1789454240010397700,36.929397705078124,-6.023640696561336,-6.760955439168215,3.7650446076810358
1789454240020338000,36.939337890625,-6.094479488894343,-6.67851213375926,3.798045252268016
1789454240030277600,36.94927758789063,-6.189679400023818,-6.589361439666152,3.799819276203215
1789454240040217900,36.9592177734375,-6.300151699087023,-6.492540064814686,3.7848870800092813
1789454240050157800,36.96915771484375,-6.40486002779603,-6.387675084239244,3.787573834875226
1789454240060097800,36.97909790039063,-6.487551170486212,-6.282575710386038,3.8224735910817977
1789454240070038800,36.989038818359376,-6.550504178005457,-6.184330440211296,3.874967748428881
1789454240079978800,36.99897875976563,-6.6171607162177555,-6.090702892965078,3.9098502612397072
1789454240089919000,37.0089189453125,-6.703129273143411,-5.990910393348336,3.917582609057426
1789454240099858700,37.018858642578124,-6.799418148553371,-5.884197739079594,3.913371421103179
1789454240109798700,37.028798583984376,-6.89563688133657,-5.774668273824453,3.9081729756772514
1789454240119739000,37.03873876953125,-6.9778557303398845,-5.664405818119644,3.923571620339155
1789454240129678800,37.048678955078124,-7.040201419615745,-5.556024938377738,3.966933207681775
1789454240139618800,37.058618896484376,-7.0921572323024265,-5.45346472761333,4.016400418423116
1789454240149558800,37.06855883789063,-7.152749940431118,-5.346078119605779,4.053153109019995
1789454240159498800,37.07849877929687,-7.223506315177679,-5.229307597181201,4.079913105651736
1789454240169438700,37.088438720703124,-7.2973454583704465,-5.109526202502846,4.100228456188738
1789454240179378700,37.098378662109376,-7.3698758570522065,-4.98945196235776,4.118343958593905
1789454240189318700,37.10831860351563,-7.439646143370866,-4.8675911310568445,4.138677429309487
1789454240199259000,37.1182587890625,-7.505589564877748,-4.747562191358209,4.158989564976096
1789454240209198600,37.128198486328124,-7.569543858394026,-4.634370111942291,4.170729979391396
1789454240219139800,37.138139892578124,-7.637728336825966,-4.525668329682946,4.165796030120552
1789454240229079800,37.148079833984376,-7.7084782818317406,-4.414687788836658,4.154546906353533
1789454240239019800,37.15801977539063,-7.777808423167467,-4.300651075290143,4.144938535530865
1789454240248959700,37.16795971679687,-7.845155866253376,-4.182478869374096,4.138938126072287
1789454240258899700,37.177899658203124,-7.913420424184203,-4.059111432902514,4.1317990679726
1789454240268840000,37.18783984375,-7.982282948008179,-3.93672862355411,4.117731379653513
1789454240278779600,37.19777954101563,-8.048746593996881,-3.8223151856496926,4.096095594167709
1789454240288719600,37.2077197265625,-8.109781785196066,-3.717193599964678,4.072382710146904
1789454240298659800,37.217659912109376,-8.156506711491941,-3.6232933732569217,4.063682978601753
1789454240308599800,37.22759985351563,-8.186482747560738,-3.5415579238563772,4.075444728066027
1789454240318539800,37.23753979492187,-8.215362220564485,-3.4631264844372867,4.084716122019291
1789454240328479700,37.247479736328124,-8.249346323230862,-3.3887060342252253,4.07864615445584
1789454240338419700,37.257419677734376,-8.281757477492093,-3.329479353752732,4.06170291070044
1789454240348360000,37.26735986328125,-8.306220887619256,-3.2817943502530453,4.050545264609158
1789454240358299600,37.27729956054687,-8.314764259558915,-3.239761381165683,4.066823614715039
1789454240368241000,37.28724096679687,-8.317439616248011,-3.193937787623703,4.097477403914928
1789454240378180900,37.297180908203124,-8.32193692766726,-3.1378453135237097,4.131538955731689
1789454240388120600,37.30712060546875,-8.332146186992526,-3.0801673237979412,4.154311344031989
1789454240398060800,37.31706079101563,-8.346942774108053,-3.030265228770673,4.161296965135634
1789454240408000800,37.32700073242187,-8.35524532302916,-2.9933246143862604,4.171358924944698
1789454240417940700,37.336940673828124,-8.360119066545368,-2.961010198497772,4.184637216451764
1789454240427880700,37.346880615234376,-8.355967792084813,-2.9333514994606373,4.212318127320707
1789454240437820700,37.35682055664063,-8.346524840956926,-2.9130373179674147,4.245011605654657
1789454240447761000,37.366760986328124,-8.33140968941152,-2.9034134573146697,4.281150548267364
1789454240457700600,37.37670068359375,-8.306264142239094,-2.905677895115316,4.328210697866976
1789454240467640800,37.38664086914063,-8.277955747121572,-2.916645279331505,4.374821642394363
1789454240477580800,37.39658081054687,-8.252453057074547,-2.9342186376839874,4.411098824433982
1789454240487520800,37.406520751953124,-8.227672836083173,-2.9517814746424555,4.445530963128805
1789454240497460700,37.416460693359376,-8.19606773750782,-2.9720991632670164,4.490152779665589
1789454240507401700,37.426401611328124,-8.162316859075426,-2.9971684303328394,4.534745954629779
1789454240517342000,37.43634204101563,-8.125763782703876,-3.0264956471040843,4.580686744810641
1789454240527281700,37.44628173828125,-8.088899156165123,-3.05998056807667,4.62349011374861
1789454240537221600,37.4562216796875,-8.05906574343741,-3.0984269108489153,4.64990787281394
1789454240547161900,37.466161865234376,-8.030643951073289,-3.144226831254363,4.668294008854032
1789454240557101800,37.47610180664063,-8.004001443341373,-3.200072929377854,4.676093576689064
1789454240567041800,37.48604174804687,-7.984316499662399,-3.2646266500920054,4.665109241338074
1789454240576981800,37.495981689453124,-7.969695853635669,-3.3365111520856616,4.639178681267798
1789454240586921700,37.505921630859376,-7.952157858857512,-3.4208193745836613,4.607765890394151
1789454240596862000,37.51586206054687,-7.927120448234676,-3.519433478070795,4.576539269742369
1789454240606801700,37.5258017578125,-7.89483204357028,-3.6278406612977383,4.547614788553118
1789454240616741600,37.53574169921875,-7.85374483090043,-3.7399870310530066,4.527868762336671
1789454240626681900,37.54568188476563,-7.806497342035174,-3.8567648600012063,4.5115813521415
1789454240636621800,37.55562182617187,-7.75913353331387,-3.976704367850721,4.4891050241783255
1789454240646561800,37.565561767578124,-7.707594484734535,-4.102969571590424,4.464193578022718
1789454240656501800,37.575501708984376,-7.645603600245714,-4.240972559396923,4.441763719549775
1789454240666442800,37.58544287109375,-7.576807711917161,-4.385984841443598,4.418770966497063
1789454240676383500,37.59538354492187,-7.499197818014025,-4.533149040827155,4.40261741181463
1789454240686323500,37.605323486328125,-7.412443663668632,-4.68127624002397,4.394509800943732
1789454240696263400,37.61526342773438,-7.325030753153563,-4.830846916027367,4.379179837603867
1789454240706203400,37.62520336914063,-7.242554714518785,-4.981501880136132,4.347459003694356
1789454240716143600,37.6351435546875,-7.163076104134321,-5.133208691385388,4.30242860635668
1789454240726083600,37.64508349609375,-7.0826038065373895,-5.287129087030888,4.248929363620281
1789454240736023600,37.6550234375,-7.004129404759406,-5.441664984226226,4.183401244916022
1789454240745963500,37.66496362304687,-6.928077261692285,-5.5910091579973695,4.112508676569163
1789454240755903500,37.674903564453125,-6.850658506447076,-5.728613209614157,4.052392646041512
1789454240765843700,37.68484375,-6.759689364755153,-5.861554530116916,4.01487277046442
1789454240775783400,37.69478344726563,-6.653462448176741,-6.001459844413399,3.9855128204673527
1789454240785723400,37.70472338867187,-6.563289425298572,-6.139044606807827,3.925011590014398
1789454240795663600,37.71466357421875,-6.499269665330648,-6.263461260071397,3.8339191142037508
1789454240805603600,37.724603515625,-6.4366679554671045,-6.381627620768547,3.7435944078952073
1789454240815543300,37.73454321289063,-6.362212141680717,-6.501856174692511,3.6631244483858345
1789454240825484500,37.74448461914063,-6.276442322197556,-6.623453678882122,3.592562719428539
1789454240835424500,37.75442456054687,-6.194847158050536,-6.74171765473485,3.513333992151916
1789454240845364500,37.764364501953125,-6.127330203616618,-6.854016000181436,3.4130162996172904
1789454240855304400,37.77430444335938,-6.059564827379584,-6.9671589797586195,3.303147519405186
1789454240865244700,37.78424462890625,-5.987998305293917,-7.0813622820436954,3.1888153300434348
1789454240875184600,37.7941845703125,-5.916011511969566,-7.188958148887753,3.0805975319087504
1789454240885124400,37.804124267578125,-5.837659275266528,-7.2912214225322005,2.9883427343204616
1789454240895064600,37.81406469726563,-5.755384312161803,-7.3895070247173305,2.9053625455558296
1789454240905004500,37.82400463867187,-5.67170708104372,-7.485588394856452,2.822785676895082
1789454240914944500,37.833944580078125,-5.586819305092096,-7.582340211603045,2.732382936914265
1789454240924884500,37.84388452148438,-5.509682289397716,-7.674188474217057,2.630698632201552
1789454240934824400,37.85382446289063,-5.442102206599712,-7.754487753334641,2.5341376618519424
1789454240944764700,37.8637646484375,-5.365003184828162,-7.830148266735672,2.4649402069851756
1789454240954704600,37.87370458984375,-5.268021066457033,-7.910334148606657,2.4176298820167776
1789454240964644400,37.88364428710938,-5.167562796407938,-7.992723678001761,2.362853312820941
1789454240974584600,37.89358447265625,-5.083018719327449,-8.069311827641725,2.2846355161525307
1789454240984525600,37.90352563476562,-5.018413268426061,-8.135129576942324,2.1921635686822234
1789454240994465500,37.91346557617187,-4.963390469384193,-8.190563294872641,2.1094480222031473
1789454241004405500,37.923405517578125,-4.90522586518526,-8.241609591498971,2.045735720749199
1789454241014345500,37.93334545898438,-4.838632163076102,-8.293595214802027,1.9935623197890817
1789454241024285400,37.94328540039062,-4.767267301042378,-8.343992692130804,1.9548207934625446
1789454241034225400,37.95322534179687,-4.705110120075941,-8.386697861391305,1.9224014558948574
1789454241044165600,37.96316552734375,-4.663673071055114,-8.417455403226613,1.8886482393749058
1789454241054105600,37.97310571289062,-4.644400507569313,-8.435882455798984,1.8536065904796122
1789454241064045300,37.98304541015625,-4.642047514702379,-8.444832070451975,1.8183967454105614
1789454241073985500,37.992985595703125,-4.64770714789927,-8.447869830712676,1.789598228688538
1789454241083925500,38.00292553710938,-4.655152787730097,-8.446492697140574,1.7767177043274045
1789454241093865500,38.01286547851562,-4.6634208498597145,-8.440875441780685,1.7817194581374525
1789454241103805400,38.02280541992187,-4.674451946961879,-8.431419631171226,1.7975035949856042
1789454241113745400,38.032745361328125,-4.692847435352206,-8.418168519932031,1.8116252054490147
1789454241123685600,38.042685546875,-4.721243801014125,-8.400500761294364,1.8198526433072983
1789454241133626400,38.05262646484375,-4.759774899460375,-8.37633954898417,1.830808044824749
1789454241143566600,38.06256665039062,-4.8082405319437385,-8.344078616848588,1.8513554505519567
1789454241153506600,38.07250659179687,-4.860222063593566,-8.303580602243542,1.897148356694728
1789454241163446500,38.082446533203125,-4.908326169288158,-8.259691776156425,1.9637252537995575
1789454241173386500,38.09238647460938,-4.953890819633007,-8.216260630708932,2.0303721474006773
1789454241183326500,38.10232641601562,-5.003380534467101,-8.172647114431857,2.084317672599852
1789454241193266700,38.1122666015625,-5.062370483574271,-8.124591816315055,2.1292799731373786
1789454241203206700,38.12220654296875,-5.127191038531064,-8.069073927232623,2.1845791049025953
1789454241213146400,38.132146484375,-5.187344186198711,-8.010040723505616,2.258565401481092
1789454241223086600,38.14208666992187,-5.237069463354349,-7.953321641939878,2.3426754710584876
1789454241233026600,38.152026611328125,-5.277242483788728,-7.902097650659083,2.4244494989037513
1789454241242966500,38.16196655273438,-5.313975008380413,-7.857068422365188,2.4896827263146637
1789454241252906500,38.17190649414062,-5.352658082517981,-7.817312166038155,2.531611065983772
1789454241262846500,38.18184643554687,-5.3934232236266135,-7.7814365505367515,2.555503982746601
1789454241272786700,38.19178662109375,-5.431846185523272,-7.749088524639606,2.5723648089155553
1789454241282726400,38.20172631835938,-5.466083386167884,-7.71942754586935,2.58896376927793
1789454241292666400,38.21166625976562,-5.496920422980189,-7.689670705509186,2.6121342169851065
1789454241302607600,38.22160766601562,-5.524749510148167,-7.660372714832425,2.6393624156504867
1789454241312547300,38.23154736328125,-5.559987996789813,-7.629970562306046,2.6533950326561926
1789454241322487600,38.241487548828125,-5.608675163069367,-7.592897845974564,2.6572651520878074
1789454241332427500,38.25142749023438,-5.666399622285366,-7.548494640624523,2.6613091667816042
1789454241342367500,38.26136743164062,-5.723112858632207,-7.500016148659586,2.6769571100294587
1789454241352307500,38.271307373046874,-5.771322470527887,-7.44943162432611,2.714433438725769
1789454241362247400,38.281247314453125,-5.807607251352072,-7.398655376812815,2.7752488496944308
1789454241372187600,38.29118774414062,-5.838388758584856,-7.3468790123462675,2.847271006593108
1789454241382127600,38.301127685546874,-5.878095915073156,-7.293733697614074,2.9016891177400943
1789454241392067300,38.3110673828125,-5.938755843219161,-7.234676528489589,2.9259207649379966
1789454241402007600,38.32100756835938,-6.011169922044873,-7.169150455611944,2.9393115769088265
1789454241411947500,38.33094750976562,-6.080509415730834,-7.101934529951214,2.9597897167921063
1789454241421887500,38.340887451171874,-6.135332308286428,-7.036804178392886,3.0019033499002457
1789454241431827500,38.350827392578125,-6.171279819980263,-6.978111166405677,3.0645792940437793
1789454241441767400,38.36076733398438,-6.206839793661237,-6.92015991269648,3.1236010995939374
1789454241451707600,38.370707763671874,-6.260170986354351,-6.85195731408596,3.167225137265026
1789454241461648400,38.3806484375,-6.334426309132575,-6.772622496086359,3.1901474554300306
1789454241471588600,38.390588623046874,-6.422642352724075,-6.684975776815414,3.198620977003872
1789454241481528600,38.400528564453126,-6.5073214543610804,-6.594308248418569,3.215625303296745
1789454241491468500,38.41046850585938,-6.578366582921147,-6.506275744700432,3.2502059105515477
1789454241501408500,38.42040844726562,-6.643985010257363,-6.417156030267477,3.293620981647074
1789454241511348500,38.430348388671874,-6.715716952037811,-6.319760070398449,3.336183819827437
1789454241521288400,38.440288330078126,-6.802648216515779,-6.210551507660746,3.3650220840379594
1789454241531228400,38.450228515625,-6.903812004485726,-6.09758096204102,3.3656068981885907
1789454241541168400,38.46016845703125,-6.998797396081685,-5.991880115163326,3.359251099421084
1789454241551108600,38.470108642578126,-7.070408926352858,-5.896242981660365,3.3784640416741367
1789454241561048600,38.48004858398438,-7.120739768186211,-5.807874377855658,3.4254973032668232
1789454241570988500,38.48998852539062,-7.165151741364598,-5.720620457294583,3.4792996206030247
1789454241580928500,38.499928466796874,-7.220073418119549,-5.626377408498525,3.5192087294042107
1789454241590868500,38.509868408203126,-7.2920432603091,-5.520750211378932,3.538057514519989
1789454241600808700,38.51980859375,-7.373059747785329,-5.406216654226183,3.5469974845618006
1789454241610748400,38.52974853515625,-7.450716403439641,-5.286521768787503,3.565102465572953
1789454241620688400,38.5396884765625,-7.513589331459999,-5.1691065187186,3.60509369969964
1789454241630629600,38.549629638671874,-7.564541520062089,-5.058329683750867,3.655320204375684
1789454241640569300,38.5595693359375,-7.618238038936257,-4.947414317095279,3.695395609654486
1789454241650509600,38.56950952148438,-7.684808652430772,-4.827512218646705,3.7160800857648253
1789454241660449500,38.57944946289062,-7.7563208139806985,-4.702719425547123,3.727499889923632
1789454241670389500,38.589389404296874,-7.822022827947139,-4.582699545937777,3.739685125496983
1789454241680329200,38.5993291015625,-7.881107469600439,-4.466016994057595,3.7567519956320523
1789454241690269400,38.60926953125,-7.93151605284512,-4.354827486635744,3.7811291887804863
1789454241700209400,38.61920947265625,-7.9804703456282615,-4.248272361016273,3.799298759460449
1789454241710149600,38.629149658203126,-8.031081173446774,-4.143828820723295,3.807993522569537
1789454241720089300,38.63908935546875,-8.079338131615518,-4.042935958649218,3.8143554588168858
1789454241730029300,38.649029296875,-8.12060946868062,-3.949176601716876,3.8249253681480884
1789454241739969500,38.658969482421874,-8.15442055286765,-3.860759774856269,3.8432273330360647
1789454241749909500,38.668909423828126,-8.180691889199615,-3.7763475074619053,3.8711601728394625
1789454241759849500,38.67884936523438,-8.2076874481529,-3.692170802389085,3.895143982756138
1789454241769789400,38.68878955078125,-8.241141389465332,-3.606999825581908,3.904291165807843
1789454241779729400,38.6987294921875,-8.28133662173152,-3.5256171351417898,3.8935757105261084
1789454241789669600,38.70866967773438,-8.318343871611356,-3.4531025185510513,3.8796407086759803
1789454241799610400,38.7186103515625,-8.345396129187941,-3.393652258455753,3.8740032873108983
1789454241809550600,38.72855053710938,-8.362624911886453,-3.346585094593465,3.877796834374964
1789454241819490600,38.73849047851562,-8.373203589046001,-3.304392843291163,3.8911169191971418
1789454241829430300,38.74843017578125,-8.380763210645318,-3.2636683264538644,3.90918302950263
1789454241839370500,38.75837060546875,-8.385700082525611,-3.228594090463221,3.9276755485266444
1789454241849310500,38.768310546875,-8.385893559271096,-3.2034502968564627,3.9477907003164288
1789454241859250400,38.77825048828125,-8.374441021886467,-3.188432760466635,3.9840947703629728
1789454241869190400,38.7881904296875,-8.353759468385578,-3.17694427498579,4.036352780866623
1789454241879130400,38.79813037109375,-8.329502394485473,-3.16796455745548,4.093145219929516
1789454241889070600,38.80807055664062,-8.305546933880448,-3.1652479919731613,4.143606994666159
1789454241899010300,38.81801025390625,-8.281122102198005,-3.1693969283461567,4.189077244725823
1789454241908950300,38.8279501953125,-8.254822124293446,-3.183177324156463,4.230325493176281
1789454241918890500,38.83789038085938,-8.228640219810604,-3.2021970819249748,4.266826839360594
1789454241928830500,38.84783056640625,-8.194252797040344,-3.2231936927244065,4.316895815387368
1789454241938770400,38.8577705078125,-8.156946271952986,-3.2457100604370233,4.370350342199206
1789454241948710400,38.86771044921875,-8.123083165317773,-3.2666461732208725,4.4175709430575365
1789454241958651600,38.877651611328126,-8.094080942717195,-3.2890397913366556,4.454036341145635
1789454241968591400,38.88759130859375,-8.074138224884868,-3.3120275759533047,4.473162774159014
1789454241978531300,38.89753125,-8.054780028942227,-3.336882031224668,4.489561828035116
1789454241988471600,38.907471435546874,-8.036251269561053,-3.3655054836407303,4.501375892208516
1789454241998411500,38.91741162109375,-8.016166512909532,-3.399063177588582,4.511967721110582
1789454242008351200,38.92735131835938,-7.996618931874632,-3.436159567056596,4.518547976283728
1789454242018291500,38.93729150390625,-7.979653184026479,-3.4748227674499153,4.518980522482097
1789454242028231400,38.9472314453125,-7.955526458507776,-3.5251027558788657,4.522566564275324
1789454242038171600,38.95717163085938,-7.923652479863167,-3.591522270464897,4.52626717235893
1789454242048111400,38.967111328125,-7.883581750759482,-3.6726582926675677,4.531130979003012
1789454242058051300,38.97705126953125,-7.8353534341633315,-3.7665856996431946,4.537664180164039
1789454242067991600,38.986991455078126,-7.78138394356668,-3.867771991705894,4.545416986247897
1789454242077931500,38.996931640625,-7.715777791190147,-3.9751156373545524,4.564601286928355
1789454242087871200,39.00687133789062,-7.639831446585059,-4.0911984697759145,4.589709424699842
1789454242097811500,39.0168115234375,-7.561755688735842,-4.215461393782496,4.606532256945967
1789454242107751400,39.02675146484375,-7.4855194212734695,-4.345747523601353,4.609975383137166
1789454242117691400,39.03669140625,-7.40401719610691,-4.477042245940864,4.6159565033733845
1789454242127632400,39.04663232421875,-7.31145698583126,-4.609234501641988,4.633347783157229
1789454242137572600,39.05657250976562,-7.220304888787865,-4.738920035219192,4.645448847578466
1789454242147512300,39.06651220703125,-7.131445286595821,-4.866887366701662,4.650408223551511
1789454242157452300,39.076452392578126,-7.0482239825516935,-4.9962522900223725,4.640082936631143
1789454242167392500,39.086392578125,-6.972813644519448,-5.125521644014119,4.6129505995556705
1789454242177332500,39.09633251953125,-6.892992504307627,-5.260168014869094,4.581232688255608
1789454242187272400,39.1062724609375,-6.811344733190536,-5.399080226475,4.54157813873738
1789454242197212400,39.11621240234375,-6.734391841891408,-5.535105484467745,4.492320771354437
1789454242207152400,39.12615234375,-6.650266867005825,-5.671757349926233,4.446959826888143
1789454242217092600,39.136092529296874,-6.555919773313403,-5.812785530772805,4.404754423843324
1789454242227032300,39.1460322265625,-6.466728747209906,-5.9540498584628105,4.34754317484647
1789454242236972300,39.15597216796875,-6.386289182838797,-6.093182434821128,4.273029201132059
1789454242246912500,39.16591259765625,-6.309317002317309,-6.230594763258099,4.188391600549221
1789454242256852500,39.1758525390625,-6.2307040688514705,-6.365054087108374,4.103025977952778
1789454242266792400,39.18579248046875,-6.160657303678989,-6.489411119139194,4.013001131373644
1789454242276732400,39.195732421875,-6.086631113481522,-6.603474720692634,3.939214887411892
1789454242286672400,39.20567236328125,-5.994235153856873,-6.719639678439497,3.8840710923388597
1789454242296612600,39.215612548828126,-5.9049301459848875,-6.838719062328338,3.8123587320417163
1789454242306553300,39.22555322265625,-5.8337686975687735,-6.950252853143215,3.719081021146476
1789454242316493600,39.23549365234375,-5.775441011762618,-7.051758586418628,3.617649229890108
1789454242326433500,39.24543359375,-5.71609333525896,-7.149733222958445,3.5182325778484342
1789454242336373200,39.25537329101562,-5.653022254317999,-7.2441124653547995,3.4258617526650426
1789454242346313500,39.2653134765625,-5.575525173139572,-7.3339347750991575,3.3611531336501237
1789454242356253400,39.27525341796875,-5.494008334925771,-7.422368260833621,3.3007088940814135
1789454242366193400,39.285193359375,-5.4169484761208295,-7.513449046206474,3.221049666433036
1789454242376133400,39.29513330078125,-5.3455310071170326,-7.606560460624098,3.1202438981205223
1789454242386073300,39.3050732421875,-5.282357634845376,-7.695004467752575,3.0089851248547435
1789454242396013600,39.315013671875,-5.219332731133699,-7.7742060147613286,2.913880198532343
1789454242405953300,39.32495336914062,-5.146843833506107,-7.844922642019391,2.8526465621516106
1789454242415893200,39.334893310546875,-5.0595478273689745,-7.90921186657846,2.8312016230627894
1789454242425833500,39.34483349609375,-4.962485044977068,-7.971893071419,2.8271926796823736
1789454242435773400,39.3547734375,-4.870770637875795,-8.035687790459393,2.806015159358084
1789454242445713400,39.36471337890625,-4.797590543113649,-8.097987887027859,2.7524752923503515
1789454242455653400,39.3746533203125,-4.738995146282017,-8.155632266744972,2.6829046202570197
1789454242465593300,39.38459326171875,-4.678424942246079,-8.209602926385402,2.6239634787276387
1789454242475533600,39.39453344726562,-4.6093893999427555,-8.261927572384476,2.5815721977218984
1789454242485474300,39.40447436523438,-4.533671018874645,-8.31059837205112,2.5593326011240483
1789454242495414500,39.41441455078125,-4.467028509187698,-8.351896012601255,2.5420275383189317
1789454242505354500,39.4243544921875,-4.417960819157957,-8.383495850479603,2.523682903333008
1789454242515294200,39.43429418945313,-4.386036279369891,-8.407975042697787,2.4978037811890244
1789454242525234400,39.444234375,-4.365870858697593,-8.426909460270405,2.469163377638161
1789454242535174400,39.45417431640625,-4.34885805683732,-8.441080608963967,2.4507044686228037
1789454242545114600,39.46411450195313,-4.33216528071165,-8.451439505892992,2.4445604129098353
1789454242555054300,39.47405444335938,-4.313866238433122,-8.458177874237299,2.4536083733707663
1789454242564994300,39.48399438476562,-4.306048258158564,-8.459802260568738,2.461732935376465
1789454242574934500,39.4939345703125,-4.310087888938188,-8.456237261563539,2.4668980630546806
1789454242584874500,39.50387451171875,-4.327264356927573,-8.449024845966695,2.4615344901949165
1789454242594814500,39.513814453125,-4.349412183588743,-8.440432374188303,2.451962067468464
1789454242604754400,39.52375439453125,-4.368944859315454,-8.431967328181862,2.446357525459677
1789454242614694400,39.5336943359375,-4.387620625951886,-8.420406069725752,2.4527418196693063
1789454242624634600,39.54363452148438,-4.411328249275684,-8.40123784339726,2.4758374485746026
1789454242634574300,39.55357421875,-4.444015882390738,-8.374041208913923,2.5092829143196345
1789454242644514300,39.563514404296875,-4.478584214685857,-8.343826103392242,2.548181677034497
1789454242654454500,39.57345458984375,-4.518934345252812,-8.312341416326165,2.579649705226719
1789454242664395300,39.583395263671875,-4.5607752988994115,-8.278146885779499,2.6157281498238443
1789454242674335500,39.59333544921875,-4.602197150351107,-8.242991985768079,2.6539123345285653
1789454242684275500,39.603275390625,-4.642664185295999,-8.207192358112335,2.694072203220427
1789454242694215400,39.61321533203125,-4.678661381350457,-8.173867596137523,2.732833895552158
1789454242704155400,39.6231552734375,-4.7120077706351875,-8.142826561185718,2.7679937639996406
1789454242714095400,39.63309545898438,-4.749695696255564,-8.108580592712759,2.803870840805769
1789454242724035600,39.64303564453125,-4.801573475269973,-8.066440071597695,2.8368641788691282
1789454242733975300,39.652975341796875,-4.857554013428092,-8.017406868359446,2.880242717346549
1789454242743915300,39.66291528320313,-4.903726566538214,-7.969791130703687,2.933639084230363
1789454242753855500,39.67285546875,-4.936244688305258,-7.926516052600741,2.9957059565648434
1789454242763795500,39.68279541015625,-4.969480018430948,-7.884482498991489,3.0511577946737405
1789454242773735200,39.692735107421875,-5.017345346933603,-7.838111792960762,3.0920313645929096
1789454242783675400,39.70267529296875,-5.078151990073919,-7.787437252256273,3.1206688455343246
1789454242793615400,39.71261547851562,-5.145881125953793,-7.734145222529769,3.1421833427280186
1789454242803555600,39.7225556640625,-5.209330977079272,-7.677453028970956,3.176466720601916
1789454242813495300,39.73249536132813,-5.260684732219577,-7.620034274703264,3.22965002925694
1789454242823435300,39.74243530273438,-5.300854830044508,-7.564077994203567,3.2948584144875404
1789454242833375500,39.75237548828125,-5.3395116006970404,-7.510040114545822,3.35549087010473
1789454242843316200,39.76231616210937,-5.3910839670240875,-7.452102304840087,3.401882618923485
1789454242853256400,39.77225634765625,-5.455364423754811,-7.387260122573375,3.440609824463725
1789454242863196400,39.78219653320313,-5.525431062671542,-7.318222826704383,3.4761429101377725
1789454242873136400,39.79213647460937,-5.591482036206126,-7.246967854785919,3.5195372307062147
1789454242883076400,39.80207641601562,-5.643146756991744,-7.179584755864739,3.574746199969947
1789454242893016300,39.812016357421875,-5.683010565346479,-7.118871051704883,3.632552784511447
1789454242902956500,39.82195654296875,-5.72693037109375,-7.0583081541925665,3.681434596580267
1789454242912896500,39.831896484375,-5.788327965864539,-6.990568496918677,3.714515320666134
1789454242922836200,39.84183618164062,-5.863385252675414,-6.916406113120913,3.735558400955796
1789454242932776400,39.8517763671875,-5.941143615138531,-6.843232155838608,3.7474466994091866
1789454242942716400,39.86171630859375,-6.01570756547451,-6.768923057046532,3.7634149606525895
1789454242952656400,39.87165649414062,-6.078310444381833,-6.692420832124352,3.799475577332079
1789454242962596400,39.881596435546875,-6.136608904093504,-6.615947248774766,3.8394887310296295
1789454242972536300,39.89153637695313,-6.198987911117077,-6.5350120098412035,3.8776983424365516
1789454242982476500,39.9014765625,-6.2647606522321695,-6.451507797202468,3.9116687088385222
1789454242992416300,39.91141625976562,-6.335323550233245,-6.367240198975801,3.9360301198959347
1789454243002356200,39.921356201171875,-6.4112248866528265,-6.2818041414916514,3.9503865620285272
1789454243012296400,39.93129638671875,-6.4949091320335866,-6.19249211935699,3.9546921502679586
1789454243022237200,39.9412373046875,-6.57511664121449,-6.100065764594078,3.965788421560824
1789454243032177400,39.95117749023437,-6.645956018069386,-6.0143684258252375,3.9785716230273245
1789454243042117400,39.96111743164062,-6.707794342344999,-5.935967089283466,3.992522406968474
1789454243052057600,39.9710576171875,-6.76396514237821,-5.860933767870068,4.008567240579426
1789454243061997300,39.98099731445313,-6.83075144445002,-5.780736195561289,4.011773927666247
1789454243071937300,39.99093725585937,-6.907986075299978,-5.690908040598035,4.007947939637303
1789454243081877500,40.00087744140625,-6.9830679120302195,-5.595289611795544,4.012466001583635
1789454243091817500,40.0108173828125,-7.048249701514839,-5.496620563250779,4.034815196035802
1789454243101757200,40.02075708007813,-7.102871518540382,-5.394640198200941,4.076454197369515
1789454243111697400,40.03069750976562,-7.1562295992404215,-5.290598224446177,4.119261365699768
1789454243121637400,40.040637451171875,-7.216167642852664,-5.185892233824729,4.14774482512325
1789454243131577600,40.05057763671875,-7.284167412367463,-5.081034852033853,4.1586549261942505
1789454243141517300,40.06051733398437,-7.357291685289144,-4.975591779309511,4.157411940395832
1789454243151457300,40.07045727539062,-7.424623346284031,-4.874784257431328,4.157146567457914
1789454243161397500,40.0803974609375,-7.483477686312794,-4.778496843326091,4.163401828460395
1789454243171337500,40.09033740234375,-7.53268507707417,-4.68588344155848,4.17989703618735
1789454243181277200,40.10027709960937,-7.580266327938437,-4.5948158079281445,4.194956950414181
1789454243191217400,40.110217529296875,-7.6351365667670965,-4.500862974250317,4.197303513540327
1789454243201157400,40.12015747070313,-7.6939014749467365,-4.406256060577928,4.190368453580141
1789454243211098400,40.130098388671875,-7.754163928207754,-4.313467302243411,4.175810351395607
1789454243221038300,40.14003833007813,-7.812067251121998,-4.2191365751639,4.164235064414143
1789454243230978600,40.149978515625,-7.8620438726902,-4.122833671228587,4.1666462172091006
1789454243240918300,40.159918212890624,-7.905307260355353,-4.0313410901844495,4.174297316484153
1789454243250858200,40.169858154296875,-7.951002843603491,-3.9456563186362383,4.169379441565275
1789454243260798500,40.17979858398437,-8.003625011244416,-3.862680806046724,4.146332912498712
1789454243270738400,40.189738525390624,-8.056762142670154,-3.786157538336515,4.113878503617644
1789454243280678400,40.199678466796875,-8.105908158633113,-3.7138077569186687,4.083171815186739
1789454243290618400,40.20961840820313,-8.14847128907442,-3.6422026563882826,4.062897381182014
1789454243300558300,40.21955834960937,-8.185401966586708,-3.5735964454129334,4.049569989836216
1789454243310498600,40.22949853515625,-8.223226962590218,-3.508301258681714,4.029980030964315
1789454243320438300,40.239438232421875,-8.257993155544996,-3.4482740754812955,4.010658075378835
1789454243330378200,40.24937817382813,-8.286393320599197,-3.3931337875396013,3.999089218138158
1789454243340318500,40.259318359375,-8.305480298385024,-3.3399931489825248,4.004227165548503
1789454243350258400,40.269258544921875,-8.313186634978651,-3.29017814771682,4.029404569163918
1789454243360198400,40.27919848632813,-8.313986260923743,-3.2452851130232214,4.064007680511474
1789454243370138400,40.28913842773437,-8.310113803404569,-3.2070766706600784,4.102085774493217
1789454243380078300,40.299078369140624,-8.30642137862742,-3.17647782651782,4.133246636432409
1789454243390019300,40.30901928710937,-8.305633443120122,-3.1534462027594445,4.152422461545467
1789454243399959300,40.318959228515624,-8.309562014740704,-3.1338994985073803,4.159355767939984
1789454243409899500,40.3288994140625,-8.311264727005362,-3.1143983869627117,4.1705812185704705
1789454243419839500,40.33883959960937,-8.302999587485195,-3.1014284307524562,4.1966316056281325
1789454243429779200,40.348779296875,-8.29075443841815,-3.096481914260983,4.22440633226037
1789454243439719400,40.358719482421876,-8.275393787679075,-3.0936577967509624,4.256468819214404
1789454243449659400,40.36865942382813,-8.26279851000011,-3.0896319022357464,4.283782358075678
1789454243459599600,40.378599609375,-8.258194231075048,-3.0861884837836024,4.295119452387095
1789454243469539300,40.388539306640624,-8.256442418971657,-3.08847776376456,4.296841453874111
1789454243479479300,40.398479248046876,-8.25598824546337,-3.095332451964915,4.292778442218899
1789454243489419500,40.40841943359375,-8.25034059496522,-3.111978466339409,4.291604137742519
1789454243499359500,40.418359375,-8.243674122813344,-3.139328830079734,4.284485537908971
1789454243509299200,40.42829931640625,-8.235383848851919,-3.1747257221534846,4.274344375383854
1789454243519239400,40.43823950195313,-8.225206738230586,-3.216458539250493,4.262715604649484
1789454243529179400,40.44817944335937,-8.21497818968296,-3.264951644262671,4.245542351530492
1789454243539119400,40.458119384765624,-8.196464043349026,-3.3258120634168384,4.234066433270275
1789454243549059300,40.468059326171876,-8.166009283852576,-3.400077615328133,4.233932577757537
1789454243558999300,40.47799926757813,-8.123645475375652,-3.485048685649037,4.246317719817161
1789454243568939500,40.487939453125,-8.068988587036728,-3.5793615848109126,4.272000150345265
1789454243578880300,40.49788037109375,-8.015250567108392,-3.679457159027457,4.288094960577785
1789454243588820500,40.507820556640624,-7.9720403709352015,-3.7803248866602774,4.280904464551806
1789454243598760400,40.517760498046876,-7.934235833197832,-3.881637143190205,4.260423694320023
1789454243608700200,40.5277001953125,-7.894465548345446,-3.9878196361050007,4.236167497202754
1789454243618640400,40.53764038085937,-7.851615417656302,-4.097962557083368,4.210609569837152
1789454243628580400,40.547580322265624,-7.805884763094783,-4.207135171724856,4.1879035247713325
1789454243638520600,40.5575205078125,-7.751338349393009,-4.3152518475726245,4.179205254530906
1789454243648460300,40.56746020507813,-7.687986113423109,-4.433795224888622,4.172138384884596
1789454243658400300,40.57740014648437,-7.628002477103471,-4.562603683370352,4.143262126751244
1789454243668340500,40.587340576171876,-7.574900416991114,-4.692945927290618,4.094816075751186
1789454243678280400,40.59728051757813,-7.52981273650825,-4.8148833309590815,4.035991838599741
1789454243688220400,40.60722045898437,-7.480816942670941,-4.934755326530337,3.9819530821591615
1789454243698160400,40.617160400390624,-7.418222247070074,-5.0583928121149535,3.943726811878383
1789454243708100400,40.627100341796876,-7.3508788956373925,-5.183668128034472,3.90698288910985
1789454243718040600,40.63704052734375,-7.282189974814653,-5.314011833259463,3.8602269831538196
1789454243727980300,40.64698022460937,-7.204961773705482,-5.456252312505245,3.8063419559702276
1789454243737920300,40.656920166015624,-7.129885197672247,-5.6010909915506835,3.736701433511078
1789454243747860500,40.66686059570313,-7.062263029298186,-5.73903406586349,3.654899056354165
1789454243757800400,40.67680053710937,-7.005844976505637,-5.86354190454185,3.5647412310451267
1789454243767741400,40.68674145507813,-6.956245956078171,-5.973154956427217,3.4788638595342634
1789454243777681400,40.69668139648437,-6.896331293341517,-6.07967647203803,3.413001394309103
1789454243787621400,40.706621337890624,-6.827934048941731,-6.1948775531888005,3.3426346034020185
1789454243797561300,40.716561279296876,-6.764538558351993,-6.315876506963372,3.2436309160754084
1789454243807501300,40.72650122070313,-6.7096086982905865,-6.434526851785183,3.1222488082021473
1789454243817441500,40.736441650390624,-6.66782473552823,-6.53990562710166,2.990005991357565
1789454243827381200,40.74638134765625,-6.630277387422323,-6.628886225324869,2.875356406609714
1789454243837321200,40.7563212890625,-6.583318652370572,-6.710325906649231,2.7931775973558426
1789454243847261400,40.76626147460937,-6.52431350569427,-6.794726191344857,2.726797537997365
1789454243857201400,40.776201416015624,-6.457793745604157,-6.890698255890608,2.6430203536361456
1789454243867141400,40.786141357421876,-6.397217404088377,-6.993658279627561,2.516894558367133
1789454243877081300,40.79608129882813,-6.345294909149408,-7.09060298859775,2.3729712406009433
1789454243887021300,40.80602124023437,-6.287079451546073,-7.1815808981180185,2.251204371193796
1789454243896961500,40.81596142578125,-6.222473416122794,-7.266972531938553,2.1546064298346637
1789454243906901200,40.8259013671875,-6.15640256884396,-7.344558460444212,2.0800351729750632
1789454243916841500,40.83584155273437,-6.081882457649708,-7.421779062768817,2.024427998173982
1789454243926781400,40.845781494140624,-5.999305296728014,-7.504591201490164,1.964642076383531
1789454243936721400,40.855721435546876,-5.91602261788547,-7.589637382873892,1.889045860390365
1789454243946661400,40.86566137695313,-5.837966733780503,-7.67103088696897,1.8010713704697787
1789454243956601300,40.87560131835937,-5.770573697987198,-7.7430632730007165,1.7075754867792128
1789454243966541300,40.885541259765624,-5.7135191008567805,-7.803401129585504,1.6226600921683012
1789454243976482300,40.895482421875,-5.653101164773107,-7.860133655154705,1.5592036651715635
1789454243986422300,40.90542236328125,-5.578582807144523,-7.921040836060047,1.518849442951381
1789454243996362500,40.91536254882813,-5.494373076584935,-7.984273829564452,1.4945349397756158
1789454244006302500,40.92530249023437,-5.41558478655219,-8.044021903562545,1.4613513398371636
1789454244016242400,40.935242431640624,-5.352061285668611,-8.097359525996445,1.3994916805125772
1789454244026182400,40.945182373046876,-5.304705660253763,-8.141948609307407,1.3187791444189845
1789454244036122400,40.95512231445313,-5.270159247529507,-8.177485202112793,1.2347323493361473
1789454244046062600,40.9650625,-5.243899601635337,-8.206237249344587,1.1530587861906736
1789454244056002300,40.975002197265624,-5.219340329918265,-8.227873327091336,1.1094809257488698
1789454244065942300,40.9849423828125,-5.189078462645411,-8.245352285158633,1.1216066862199454
1789454244075882500,40.99488256835937,-5.160660761934518,-8.260186866196989,1.1433644175849855
1789454244085822500,41.004822509765624,-5.147102776703238,-8.26986713321209,1.134469821054861
1789454244095762400,41.014762451171876,-5.157345938298106,-8.268231056442856,1.0993300455473363
1789454244105702400,41.02470239257813,-5.183148488074541,-8.257101175141335,1.0609483655091374
1789454244115642400,41.03464233398437,-5.215680638366937,-8.239921492281555,1.0347577662631868
1789454244125582300,41.044582275390624,-5.251590740659832,-8.216663950812816,1.0380874952077865
1789454244135522300,41.054522216796876,-5.2895460850447416,-8.18806797092557,1.070808884461969
1789454244145462300,41.06446215820313,-5.3297430708765985,-8.1559140062958,1.115923087625578
1789454244155402500,41.074402587890624,-5.376266337120533,-8.119319428870082,1.1587854202091694
1789454244165342200,41.08434228515625,-5.43244590498209,-8.077214563590287,1.190601604251936
1789454244175282400,41.09428247070313,-5.495933165508508,-8.030189193043112,1.2170487355422228
1789454244185223400,41.104223388671876,-5.560125359433889,-7.981268218007683,1.246909109342098
1789454244195163400,41.11416333007813,-5.610715144464374,-7.940408384352922,1.2806944745659827
1789454244205103400,41.12410327148437,-5.642402660626173,-7.912116940370201,1.3160877133779227
1789454244215043300,41.134043212890624,-5.6675674970209595,-7.887990214851498,1.3522937298774718
1789454244224983600,41.14398364257813,-5.702530089330673,-7.856312635561824,1.3891985422961413
1789454244234923300,41.15392333984375,-5.7515779056161636,-7.8128686306327575,1.4313767650730906
1789454244244863200,41.16386328125,-5.80960514717102,-7.763825490522384,1.4635221080049872
1789454244254803500,41.173803466796876,-5.867070663189888,-7.715677253425121,1.4886758384838699
1789454244264743400,41.18374340820313,-5.918138002604246,-7.6706193835586305,1.5190896814480424
1789454244274683400,41.19368334960937,-5.962056054785847,-7.627516739413141,1.5637392627745865
1789454244284623400,41.203623291015624,-6.0013487852543586,-7.584286669495701,1.622587173062563
1789454244294563300,41.213563232421876,-6.04123889709413,-7.539425783506036,1.6825256550662218
1789454244304503600,41.22350366210937,-6.084930154782533,-7.4929931181550025,1.7317836069710553
1789454244314443300,41.233443359375,-6.133866327387094,-7.445245863074064,1.76475736355111
1789454244324383500,41.243383544921876,-6.185881761306524,-7.397536601915955,1.7837299211770294
1789454244334323500,41.25332348632813,-6.237509072691202,-7.350157011103629,1.7997392450831828
1789454244344263400,41.26326342773437,-6.2902048900902265,-7.29832745514512,1.8270595059461892
1789454244354203400,41.273203369140624,-6.344574193659424,-7.237804889643192,1.8790837076939642
1789454244364143400,41.283143310546876,-6.398916609221697,-7.169153962743282,1.956397833520919
1789454244374083300,41.29308325195313,-6.4565639115482565,-7.094117718720436,2.038786193872243
1789454244384023600,41.3030234375,-6.519311751884222,-7.0161273010671135,2.107832257569581
1789454244393964300,41.31296435546875,-6.585382599163055,-6.939450888621806,2.1557132220327855
1789454244403904500,41.322904541015625,-6.652340750670433,-6.863288855439424,2.1936389019317923
1789454244413844200,41.33284423828125,-6.714895698782801,-6.7882415055006735,2.2361390501394864
1789454244423784400,41.34278442382813,-6.773288266518712,-6.7133665895193815,2.285538164080679
1789454244433724400,41.35272436523437,-6.834508751156926,-6.632627749940752,2.3384147448740897
1789454244443664400,41.362664306640625,-6.904504078403115,-6.541050120961666,2.390161444854736
1789454244453604400,41.372604248046876,-6.984468426477909,-6.4368269454211,2.4402589163236317
1789454244463544300,41.38254443359375,-7.068926578840613,-6.325819808828831,2.486901571163535
1789454244473484300,41.392484375,-7.148699788257479,-6.219404091680049,2.526950965218246
1789454244483424500,41.402424560546876,-7.219782910740375,-6.12320640168488,2.5595783925786613
1789454244493364200,41.4123642578125,-7.281762104791403,-6.037524845007062,2.5873931589603423
1789454244503304400,41.42230444335937,-7.339902743592858,-5.960770106628537,2.6010379456922412
1789454244513244400,41.432244384765625,-7.409248082497715,-5.883487544983625,2.5803151833981275
1789454244523184400,41.442184326171876,-7.4956240511804815,-5.795146413707733,2.5302713418126106
1789454244533124400,41.45212426757813,-7.584280824276805,-5.695891674229502,2.491157767303288
1789454244543064300,41.46206420898437,-7.662472317460179,-5.5914154007107015,2.4885633668959137
1789454244553004500,41.472004638671876,-7.7265762485802165,-5.489815559411048,2.516405898067355
1789454244562944500,41.48194458007813,-7.781053104177117,-5.388744125899672,2.5665157906264064
1789454244572884200,41.49188427734375,-7.833630848154425,-5.28635927170217,2.6189731230944395
1789454244582824400,41.501824462890625,-7.888300595974922,-5.1848962085247035,2.6574387550890446
1789454244592764400,41.511764404296876,-7.9418042226254935,-5.088270063984393,2.684709331591427
1789454244602704400,41.52170434570313,-7.992045048087835,-4.997434193283319,2.706153393897414
1789454244612644400,41.53164428710937,-8.040995249217747,-4.906262222495675,2.7278876713216302
1789454244622584300,41.541584228515624,-8.088661255756021,-4.813564357315004,2.7520059212729335
1789454244632525600,41.551525634765625,-8.13722391887307,-4.718844338656962,2.7728137315019965
1789454244642465300,41.56146533203125,-8.18933521438241,-4.621238827690481,2.7837685484975574
1789454244652405500,41.57140551757813,-8.247680435845256,-4.521698257008195,2.774961264924705
1789454244662345500,41.58134545898437,-8.309618128842114,-4.420447959798574,2.753232540458441
1789454244672285400,41.591285400390625,-8.366979015442729,-4.323812755168974,2.7328967316552997
1789454244682225400,41.60122534179688,-8.420324821183085,-4.236126580670476,2.70623581148386
1789454244692165400,41.61116528320313,-8.47283476062119,-4.154472379812598,2.6686785265058277
1789454244702105300,41.62110522460937,-8.525692490583658,-4.072563911932707,2.626250712881982
1789454244712045300,41.63104541015625,-8.576269416132568,-3.9889518550053236,2.5896459063231942
1789454244721985300,41.6409853515625,-8.622917185539007,-3.9070392954722046,2.5594416144564747
1789454244731925500,41.65092553710937,-8.667322144454717,-3.8265342646494505,2.530913146847486
1789454244741865500,41.660865478515625,-8.708422801128028,-3.7502205480366944,2.5039146652847526
1789454244751805200,41.67080517578125,-8.748242770341038,-3.6786917276129123,2.47101163585335
1789454244761745400,41.68074536132813,-8.783197179344295,-3.6124034381911154,2.4446619735881683
1789454244771685400,41.69068530273437,-8.809714599391818,-3.549111992497742,2.4419607518054542
1789454244781625300,41.700625244140625,-8.828819112834333,-3.488752508603036,2.459879124203324
1789454244791565300,41.7105654296875,-8.844104944771528,-3.4318373199433085,2.4848922771677375
1789454244801505300,41.72050537109375,-8.859030711224674,-3.375869641266763,2.508290688411891
1789454244811445500,41.730445556640625,-8.871132067906856,-3.318757176469266,2.541503222183883
1789454244821385500,41.74038549804688,-8.878295383664964,-3.2562752935931085,2.5967165753617882
1789454244831325200,41.7503251953125,-8.88095262017548,-3.1866452925279733,2.6729014048978685
1789454244841266400,41.76026635742188,-8.880718811419605,-3.118790192180872,2.752521177318692
1789454244851206400,41.77020629882813,-8.879864240416884,-3.064546560817957,2.8154925972774625
1789454244861146400,41.780146484375,-8.880577357122302,-3.024049715256691,2.8567168803304432
1789454244871086300,41.79008642578125,-8.879278549483418,-2.9874329259991645,2.8989672915607687
1789454244881026600,41.80002661132813,-8.87714738267362,-2.952036326186359,2.9414547264173625
1789454244890966500,41.80996655273437,-8.8731586052984,-2.920638440620899,2.984514992725849
1789454244900906200,41.81990625,-8.86060775128305,-2.8960554957672953,3.0451506632134318
1789454244910846500,41.82984643554688,-8.838981610408425,-2.8797178166896105,3.1225057055726646
1789454244920786400,41.83978637695313,-8.813723835033178,-2.8749671150311826,3.1973867590337988
1789454244930726400,41.84972631835937,-8.791535384100674,-2.8785008421152827,3.254770734249055
1789454244940666400,41.859666259765625,-8.767228625839948,-2.8913974408283827,3.308461992426216
1789454244950606300,41.8696064453125,-8.74426802149117,-2.9103052626550197,3.3523566637322304
1789454244960546600,41.87954663085937,-8.718779944491386,-2.933639084230363,3.398093163512647
1789454244970486500,41.889486572265625,-8.692210501995682,-2.96435191014111,3.4392619169861076
1789454244980426200,41.89942626953125,-8.670949687302112,-2.9975486618220804,3.464063765287399
1789454244990366500,41.90936645507813,-8.65491332925856,-3.030481501869857,3.4754937985792753
1789454245000306400,41.91930639648437,-8.64210060943663,-3.0691403183490036,3.4734476797044276
1789454245010246400,41.929246337890625,-8.627820739671588,-3.1205721071615815,3.463110702346265
1789454245020186400,41.93918627929688,-8.605947930559516,-3.1871582104861735,3.456894312049448
1789454245030126300,41.94912622070313,-8.575251763522624,-3.2693934261023996,3.4563808095693584
1789454245040066600,41.959066650390625,-8.544402451750635,-3.3594758480876683,3.4463775942102073
1789454245050006300,41.96900634765625,-8.514540397450327,-3.452987952260673,3.4278058724701403
1789454245059946200,41.9789462890625,-8.479751408141851,-3.5547362621203065,3.4099870149239897
1789454245069887500,41.98888745117188,-8.443647829103469,-3.663934303463995,3.383902725596726
1789454245079827200,41.9988271484375,-8.40273071230352,-3.7789825321406125,3.359131272433698
1789454245089767400,42.00876733398437,-8.353527413195371,-3.897413096731901,3.3465143674448132
1789454245099707400,42.018707275390625,-8.292556519404053,-4.023215066874027,3.3492850012019275
1789454245109647400,42.0286474609375,-8.221773841172457,-4.160921117560565,3.35551921941638
1789454245119587300,42.03858740234375,-8.144856021186708,-4.308431353902817,3.356958020047843
1789454245129527300,42.04852734375,-8.064611687126755,-4.457419846104085,3.356168915496766
1789454245139467500,42.05846752929688,-7.988070883759856,-4.597840708707273,3.3497809680253265
1789454245149407500,42.06840747070312,-7.910601275110245,-4.732351470483839,3.3462823122546075
1789454245159347200,42.07834716796875,-7.827589229902625,-4.870405603955686,3.3434102639496324
1789454245169287400,42.088287353515625,-7.750217236408591,-5.00543395986557,3.3241759866476057
1789454245179227400,42.09822729492188,-7.681941572561859,-5.131656201246381,3.2900220803722737
1789454245189167600,42.10816772460937,-7.617981433826684,-5.250237572485208,3.2514240541696546
1789454245199107300,42.118107421875,-7.553326298564672,-5.368379967784882,3.2090722283914683
1789454245209047300,42.12804736328125,-7.4879861036479465,-5.489098351052403,3.157574096344411
1789454245218987500,42.13798754882812,-7.423857038086652,-5.61027266139388,3.0954125314638015
1789454245228927500,42.14792749023437,-7.35552759822607,-5.735440425285697,3.028425446122885
1789454245238867200,42.1578671875,-7.285006201279163,-5.862025070238113,2.9556328893736
1789454245248807400,42.16780737304688,-7.220119595348835,-5.983953413817286,2.869250198689103
1789454245258747400,42.17774731445313,-7.158232171234488,-6.1003042495250694,2.77784237331897
1789454245268687400,42.18768725585937,-7.094265018236637,-6.210925017148256,2.695585238131881
1789454245278627300,42.19762744140625,-7.027207498008012,-6.318609731319547,2.619908358117938
1789454245288567300,42.2075673828125,-6.963541373783349,-6.424511069205403,2.5308403738722203
1789454245298507500,42.21750756835937,-6.906105083858966,-6.527344836214184,2.42277791242972
1789454245308447500,42.227447509765625,-6.847384599342941,-6.627991322311758,2.3137558121748265
1789454245318388500,42.23738842773437,-6.78205726390779,-6.7274938990712165,2.216966439896822
1789454245328328400,42.247328369140625,-6.713091279709339,-6.821926332959532,2.136857130393386
1789454245338268200,42.25726806640625,-6.640554451286793,-6.913318668499588,2.0686885801829398
1789454245348208400,42.26720849609375,-6.565711099487543,-7.006108595877885,1.9940527336545288
1789454245358148400,42.2771484375,-6.501334196645021,-7.093957559722662,1.8917868296615779
1789454245368088600,42.28708862304688,-6.446135456514358,-7.172984919208288,1.779340746307373
1789454245378028300,42.2970283203125,-6.387280531963706,-7.249387775409221,1.6791107320562004
1789454245387968300,42.30696826171875,-6.317426074492931,-7.327021050187945,1.6047626164279878
1789454245397908500,42.316908447265625,-6.235192612442374,-7.409123579335212,1.5484402790948748
1789454245407848400,42.32684838867188,-6.154419286072254,-7.491326061725616,1.4742840327769517
1789454245417788400,42.33678833007812,-6.088420919507741,-7.563373645326495,1.377294754012674
1789454245427728400,42.34672827148437,-6.026331835341453,-7.628830160099268,1.286336718236655
1789454245437668400,42.35666845703125,-5.946892387923598,-7.701087587058543,1.2239694016508758
1789454245447608600,42.36660864257812,-5.854457849854231,-7.777082446980476,1.1885687101848423
1789454245457548300,42.37654833984375,-5.761699486657977,-7.851072981342673,1.1549210729312152
1789454245467488300,42.38648828125,-5.667058962976932,-7.926289258107542,1.10849191471152
1789454245477428500,42.39642846679688,-5.572925219774246,-7.999864197406172,1.0559587405283004
1789454245487368400,42.40636840820312,-5.494356125450134,-8.060829245978594,1.0027443791478872
1789454245497308400,42.41630834960937,-5.435791123756766,-8.105397871023417,0.9618103112131356
1789454245507248400,42.426248291015625,-5.385847235414386,-8.141126187008618,0.940782209296897
1789454245517188400,42.43618823242188,-5.337261775943636,-8.174716906443237,0.9262966608919203
1789454245527128600,42.44612866210937,-5.29391187903881,-8.20544931383729,0.9030627925597131
1789454245537068300,42.456068359375,-5.26302924951911,-8.230414243745804,0.8550988990534096
1789454245547008300,42.46600830078125,-5.2415673592954874,-8.247818967533112,0.8184551487237215
1789454245556948500,42.47594848632812,-5.223953961193561,-8.258671200937032,0.8216224536482244
1789454245566889200,42.48588916015625,-5.209843602776527,-8.263734914067387,0.8594149356216192
1789454245576829400,42.49582934570312,-5.204689288753271,-8.263074988853932,0.8962272474512457
1789454245586769400,42.50576928710937,-5.210082087707519,-8.25934690824151,0.8992566052097827
1789454245596709400,42.51570947265625,-5.2262493786543605,-8.250998766613007,0.8818909713238477
1789454245606649300,42.5256494140625,-5.246330043652653,-8.238591704982518,0.8786526469897479
1789454245616589300,42.53558935546875,-5.271786556470394,-8.2199010330379,0.901057882478088
1789454245626529500,42.545529541015625,-5.309423920947313,-8.188100119629501,0.9671967534918338
1789454245636469200,42.55546923828125,-5.362863250190019,-8.14079067144394,1.0665870289832353
1789454245646409200,42.5654091796875,-5.426061756902933,-8.084656696289777,1.168990441750735
1789454245656349400,42.57534936523437,-5.490232323518395,-8.02765996682644,1.2587418782159685
1789454245666289400,42.585289306640625,-5.55150658417046,-7.97364663708806,1.331206664315611
1789454245676229400,42.5952294921875,-5.611967774873972,-7.918467186179757,1.405033970940113
1789454245686171100,42.60517114257812,-5.674119402882456,-7.8578078425556415,1.493194777213037
1789454245696110800,42.61511083984375,-5.733975613430142,-7.794089695882797,1.5950181981354952
1789454245706051000,42.625051025390626,-5.784547862803936,-7.732619035875797,1.7076343773595988
1789454245715991000,42.63499096679688,-5.824826097178459,-7.676591443705559,1.8198093886874616
1789454245725931000,42.64493090820312,-5.86018441080749,-7.6254942936748265,1.9184581250965593
1789454245735871000,42.65487109375,-5.892955630552768,-7.576786669129133,2.0089253086157144
1789454245745811000,42.66481103515625,-5.918433186158538,-7.534061626124382,2.0929607055217025
1789454245755751000,42.6747509765625,-5.940505901756882,-7.500635741862654,2.1496979072660207
1789454245765691100,42.684691162109374,-5.969513969576359,-7.470719327026605,2.1733977856747804
1789454245775630800,42.694630859375,-6.005448621788621,-7.439791104799508,2.180481168064475
1789454245785571000,42.70457104492188,-6.039416357842088,-7.409837865084409,2.188643285601586
1789454245795511000,42.71451098632812,-6.067977850937843,-7.382443662202358,2.202177889957279
1789454245805451000,42.724450927734374,-6.099191319847106,-7.351885442331433,2.2181156099319455
1789454245815391000,42.734390869140626,-6.132258307668566,-7.313691613015532,2.2529404012061653
1789454245825332000,42.74433203125,-6.169035255923867,-7.266922847577929,2.3033147899203
1789454245835272200,42.75427221679688,-6.213330909246206,-7.210624621772766,2.3604649563796816
1789454245845212000,42.7642119140625,-6.2618865581005805,-7.146970772507786,2.4248643633149563
1789454245855152000,42.774152099609374,-6.308620252224802,-7.079513439306616,2.5004312070831656
1789454245865092000,42.784092041015626,-6.3540060388714075,-7.0087973965704435,2.583358204355836
1789454245875032000,42.79403198242188,-6.399397086215019,-6.938037514692544,2.6611525149151682
1789454245884972000,42.80397192382812,-6.445358626922965,-6.872571647569536,2.719465879935026
1789454245894912000,42.813912109375,-6.493349043110013,-6.811366360500455,2.758998264378309
1789454245904852000,42.82385205078125,-6.54520139542222,-6.7481082325547925,2.791729444374144
1789454245914792000,42.8337919921875,-6.602645284131169,-6.675238226655125,2.831370549888909
1789454245924732000,42.84373193359375,-6.663398151257634,-6.589972849562764,2.8882141346171495
1789454245934672100,42.853672119140626,-6.72377633985281,-6.4939733124881975,2.964713729190826
1789454245944612000,42.86361206054688,-6.784689950498938,-6.389106578347087,3.0524899200603364
1789454245954551800,42.8735517578125,-6.848101807701587,-6.278540171259642,3.1390763166233895
1789454245964492000,42.883491943359374,-6.91160017414391,-6.169036424967646,3.2160786000221964
1789454245974432000,42.893431884765626,-6.970317736050486,-6.0633390852212905,3.2895264058098195
1789454245984372000,42.9033720703125,-7.015792370024323,-5.967526010629534,3.36714740562886
1789454245994312000,42.91331201171875,-7.060491343450546,-5.884443822795152,3.4195340109482406
1789454246004252000,42.923251953125,-7.117027469664811,-5.8087330405116075,3.4317522720083593
1789454246014192000,42.93319213867188,-7.171391512537002,-5.736819896945357,3.4395413184493777
1789454246024132000,42.94313208007812,-7.221127895608544,-5.661634015318751,3.460002507197857
1789454246034071800,42.95307177734375,-7.26278034094572,-5.579293001240491,3.5062706296369432
1789454246044012000,42.963011962890626,-7.286005149188638,-5.49826073167324,3.5852012507498263
1789454246053952000,42.97295190429688,-7.298862292674183,-5.42403405046761,3.6710932353079317
1789454246063892200,42.982892333984374,-7.317707278397679,-5.353090628716349,3.7371141059651967
1789454246073832000,42.99283203125,-7.34907330752015,-5.285491841217875,3.7716137569382786
1789454246083772000,43.00277197265625,-7.39139093876779,-5.221101494371891,3.778600547085702
1789454246093713200,43.012713134765626,-7.440918063002824,-5.152804787737131,3.775150114370882
1789454246103652900,43.02265283203125,-7.486255334332585,-5.0778176435530185,3.787101541188359
1789454246113593000,43.03259301757812,-7.51705554626584,-5.002350022375583,3.8263314355537292
1789454246123533000,43.042532958984374,-7.5438435999482865,-4.927035545933246,3.8710684029027815
1789454246133473000,43.05247314453125,-7.580090971371531,-4.847478025093674,3.9005826666787264
1789454246143413000,43.0624130859375,-7.621691978782415,-4.765832884325087,3.9200849472671746
1789454246153353000,43.07235302734375,-7.665544564512372,-4.687542022420466,3.9289661728590723
1789454246163293200,43.082293212890626,-7.7073308653622865,-4.612274015468358,3.936285263700783
1789454246173233200,43.09223315429688,-7.740921584796905,-4.539358416861296,3.9550928400233385
1789454246183172900,43.1021728515625,-7.769283755928278,-4.465982507266104,3.9829181277990338
1789454246193113000,43.112113037109374,-7.799046441507339,-4.391064921186864,4.007970735991001
1789454246203053000,43.122052978515626,-7.838349108847975,-4.311306617078185,4.01787487488985
1789454246212993000,43.13199291992188,-7.888568307000398,-4.225632366923987,4.010594654753804
1789454246222933000,43.14193310546875,-7.950836254864931,-4.132834256239235,3.984245284749567
1789454246232873000,43.151873046875,-8.02254656933546,-4.035978394596278,3.939550695237517
1789454246242813200,43.16181323242188,-8.095606544849277,-3.937672918666899,3.889249664020538
1789454246252753000,43.1717529296875,-8.159098481550812,-3.841481658412516,3.8525989724934098
1789454246262692900,43.18169287109375,-8.209280854824184,-3.7528088109642264,3.833344236925244
1789454246272633000,43.191633056640626,-8.243789858147501,-3.674233286899328,3.8354002926722166
1789454246282573000,43.20157299804688,-8.263211766976118,-3.599607084982097,3.8642631068021056
1789454246292513000,43.21151293945312,-8.27650437926948,-3.5272301232963796,3.902368381051719
1789454246302453000,43.221452880859374,-8.289382565543056,-3.4540421374887225,3.940315542130172
1789454246312393000,43.23139306640625,-8.296122687453032,-3.3811841142877936,3.989027842850983
1789454246322333200,43.24133325195312,-8.289434587991238,-3.31834041236192,4.0551483744904395
1789454246332273000,43.25127294921875,-8.26900671699047,-3.2705499026611444,4.134906970860063
1789454246342212900,43.261212890625,-8.239452121204137,-3.2371111589178443,4.219351094697416
1789454246352154000,43.271154052734374,-8.204796987408399,-3.2166797807857392,4.301704675996303
1789454246362093800,43.28109375,-8.16368873195052,-3.211118347266316,4.383296625272929
1789454246372034000,43.29103393554688,-8.120435865679383,-3.2197847610637544,4.456669612258673
1789454246381974000,43.30097412109375,-8.074011383634804,-3.238894242942333,4.526622853928804
1789454246391914200,43.310914306640626,-8.026516057488323,-3.264112855350971,4.592490287590026
1789454246401854000,43.32085400390625,-7.988169083437323,-3.291457373872399,4.639596614418924
1789454246411794000,43.3307939453125,-7.960911658677459,-3.315282486096024,4.669387649309635
1789454246421734100,43.340734130859374,-7.931740509250759,-3.3369781850755214,4.703455338606238
1789454246431674000,43.350674072265626,-7.9026272274911395,-3.3640900638848543,4.733054650317132
1789454246441613800,43.36061376953125,-7.871563980707526,-3.3929131305262445,4.764136601801217
1789454246451554000,43.37055395507812,-7.844069240060448,-3.4137887452945113,4.794477671790123
1789454246461494000,43.380493896484374,-7.8244643758803605,-3.430718252785504,4.814390286745131
1789454246471434200,43.39043432617188,-7.813464842960238,-3.4506361284375187,4.818014906983077
1789454246481374000,43.4003740234375,-7.806217356050014,-3.478497656570375,4.809720541368424
1789454246491314000,43.41031396484375,-7.795007395249605,-3.5212998564645646,4.7967345108062025
1789454246501254100,43.420254150390626,-7.77962862433195,-3.5827252160251137,4.776178337250649
1789454246511194000,43.43019409179688,-7.7591861402839415,-3.6600565852478146,4.750726500608026
1789454246521133800,43.4401337890625,-7.721807719004154,-3.7534284041672943,4.738760460743308
1789454246531074000,43.450073974609374,-7.669232897636294,-3.864628140722215,4.734754439972341
1789454246541014000,43.460013916015626,-7.602731842246651,-3.9912151237621902,4.736987021329998
1789454246550954000,43.4699541015625,-7.520605932223797,-4.128288721764087,4.750591476051509
1789454246560894000,43.47989404296875,-7.421390355712175,-4.272437080457807,4.779080780693889
1789454246570834000,43.489833984375,-7.311489134535193,-4.418966196808219,4.815111879017949
1789454246580774100,43.49977416992188,-7.193566519466042,-4.56463898859024,4.856649758064747
1789454246590713900,43.5097138671875,-7.0687260878324505,-4.709182776342332,4.901743868288397
1789454246600654000,43.519654052734374,-6.941190425765514,-4.852891866835951,4.943651165169477
1789454246610594000,43.529593994140626,-6.815408913889527,-4.99786264782846,4.974131059107184
1789454246620534000,43.53953393554688,-6.704838999670743,-5.137855640408397,4.9817631614208215
1789454246630474000,43.54947387695312,-6.596256459876894,-5.264577063482999,4.994395263978839
1789454246640414000,43.5594140625,-6.47696138741076,-5.380269143021106,5.0271302433669565
1789454246650355200,43.569355224609374,-6.368015275001525,-5.483661128434538,5.054523861727118
1789454246660295000,43.579294921875,-6.275326469910144,-5.580161600768566,5.064824306467175
1789454246670235000,43.58923486328125,-6.194242762416601,-5.686059431523084,5.046830384615063
1789454246680172800,43.5991728515625,-6.1325447233945125,-5.81128272499442,4.979084297600388
1789454246690113000,43.609113037109374,-6.086739834553003,-5.952382217511534,4.8673535229086875
1789454246700053000,43.619052978515626,-6.040700552433729,-6.100856038188934,4.73918540815711
1789454246709993200,43.6289931640625,-5.978523205462098,-6.254630887883901,4.6159781306833025
1789454246719933000,43.63893286132812,-5.903838259094953,-6.406504287871718,4.502416341172158
1789454246729873000,43.648872802734374,-5.819329837849736,-6.55284869530499,4.4006712461829185
1789454246739813000,43.65881323242188,-5.707255948808789,-6.701497872549295,4.322910253371298
1789454246749753000,43.66875317382812,-5.5679538611024615,-6.860128345581889,4.255222034023702
1789454246759692800,43.67869287109375,-5.4303819581896065,-7.020947268569469,4.169848812642694
1789454246769633000,43.688633056640626,-5.299641362601518,-7.175985854589939,4.073013117004931
1789454246779573000,43.69857299804688,-5.166408950197696,-7.324880531027913,3.9780338628888128
1789454246789513200,43.70851318359375,-5.034272516337037,-7.466395618608593,3.8832211975112556
1789454246799453000,43.718452880859374,-4.9133407825797795,-7.596818818810582,3.783887839838862
1789454246809393000,43.728392822265626,-4.811758184675872,-7.712220390969514,3.6795381153091786
1789454246819333000,43.7383330078125,-4.731178627312183,-7.8110425842493765,3.574062309359014
1789454246829273000,43.748273193359374,-4.66350268292427,-7.899785866585374,3.4663404780477283
1789454246839212800,43.758212890625,-4.601402200581133,-7.987481101173162,3.346288449734449
1789454246849153000,43.76815307617188,-4.541698257985711,-8.078850640359521,3.2055434697434304
1789454246859093000,43.77809301757812,-4.485187850734591,-8.168300025138258,3.0548847062423823
1789454246869033200,43.788033203125,-4.430432178196311,-8.247699140545725,2.9184090741336344
1789454246878973000,43.797972900390626,-4.376939949722588,-8.313179036194086,2.8113799012616276
1789454246888913000,43.80791284179688,-4.308528384536505,-8.370287409338355,2.7468583292514084
1789454246898853000,43.81785302734375,-4.216956016254425,-8.425793607982992,2.7191303643703457
1789454246908793000,43.82779296875,-4.1169063270062205,-8.480292090889812,2.7029782709926367
1789454246918733000,43.83773315429688,-4.0292850344374775,-8.531529526174069,2.6736156906470656
1789454246928673000,43.84767309570312,-3.964504519230127,-8.57537042146623,2.629851952244341
1789454246938614000,43.85761401367188,-3.907159999242425,-8.614316530454158,2.5880603906974193
1789454246948554000,43.86755395507812,-3.8382539285376667,-8.65396055857837,2.558748956017196
1789454246958494000,43.877493896484374,-3.7564848691284656,-8.696139658138156,2.5370021113723515
1789454246968434200,43.88743408203125,-3.6738892957672475,-8.738561918804049,2.512067868863046
1789454246978374000,43.89737377929688,-3.604629881580174,-8.77524475903511,2.484370591381192
1789454246988313900,43.90731396484375,-3.5539950883641835,-8.802422688817977,2.4610695030316707
1789454246998254000,43.917254150390626,-3.5206627276048064,-8.819701155877112,2.447078094819188
1789454247008194000,43.92719409179688,-3.504863393187523,-8.827571158599852,2.4413668775655326
1789454247018134000,43.93713403320312,-3.4977632057934995,-8.827948175218701,2.4501849747933444
1789454247028074000,43.947073974609374,-3.4919109726339577,-8.822271883147954,2.478802143599093
1789454247038014000,43.957013916015626,-3.4957588802337645,-8.807802043768763,2.5244147247388957
1789454247047954200,43.9669541015625,-3.5177898025169965,-8.784854883423447,2.573290399327874
1789454247057894000,43.97689379882812,-3.5618382030799984,-8.752610902422665,2.622119896687567
1789454247067833900,43.986833740234374,-3.627081951884925,-8.71011849913001,2.6736659595295786
1789454247077774000,43.99677416992188,-3.708163613551855,-8.658885740020871,2.7283000515148044
1789454247087714000,44.00671411132812,-3.792424197515845,-8.602909001255036,2.7888728858992455
1789454247097654000,44.016654052734374,-3.8683033221036194,-8.547613815012573,2.8539266650900244
1789454247107594000,44.026593994140626,-3.9331586561128495,-8.49601748328805,2.91862242462337
1789454247117534000,44.03653393554688,-3.9981078058853745,-8.441384560346602,2.9880671322494745
1789454247127474200,44.04647412109375,-4.069687771974504,-8.378191898852586,3.068218235068023
1789454247137414000,44.056413818359374,-4.146198764725029,-8.305106788897513,3.1630116112232205
1789454247147354000,44.06635400390625,-4.221031595130264,-8.224966499733924,3.271573108229041
1789454247157294000,44.07629418945312,-4.288319416983425,-8.144056979763507,3.384524949148297
1789454247167234000,44.086234130859374,-4.341932349227369,-8.068512786218523,3.4952968156799673
1789454247177174000,44.096174072265626,-4.384516230195761,-8.003611567240952,3.590076163309812
1789454247187114000,44.10611401367188,-4.420590583139658,-7.951528913304209,3.660868778413534
1789454247197054000,44.11605395507812,-4.445276111584902,-7.912655285030603,3.7148093351766467
1789454247206994200,44.125994140625,-4.459400790788233,-7.885621732154488,3.7551401765212415
1789454247216934000,44.135933837890626,-4.473825621981918,-7.864758976867795,3.781640937694907
1789454247226875100,44.145875244140626,-4.495560483928024,-7.840849693492054,3.8054409154772757
1789454247236814800,44.15581494140625,-4.524472982418537,-7.809221798563003,3.836086229109764
1789454247246755000,44.16575512695312,-4.561965969988703,-7.769843143376708,3.871487505097687
1789454247256695000,44.175695068359374,-4.608599710869789,-7.722105825167894,3.9115623258545993
1789454247266635000,44.185635009765626,-4.654008293870091,-7.669651999831199,3.9606875912904735
1789454247276575000,44.19557495117188,-4.689213755024969,-7.617760484552383,4.018884051932394
1789454247286515000,44.20551489257812,-4.72683796775937,-7.563452555781603,4.076961562369764
1789454247296455000,44.215454833984374,-4.770544423016905,-7.505414208310842,4.1329233958274125
1789454247306395100,44.22539501953125,-4.82104126906693,-7.446493817308545,4.180630903419852
1789454247316334800,44.2353349609375,-4.891237964104116,-7.383536133614182,4.210644933411479
1789454247326275000,44.245275146484374,-4.9809635354757305,-7.312948101171851,4.228617812475562
1789454247336215000,44.255215087890626,-5.080128843104839,-7.235659109786153,4.243571635979413
1789454247346155000,44.26515502929688,-5.178053210762143,-7.152731235730648,4.265742843516171
1789454247356095000,44.27509497070312,-5.267402057775855,-7.063817857524752,4.304342331023514
1789454247366035000,44.285034912109374,-5.336489622527361,-6.975045933616161,4.363596191763878
1789454247375975200,44.29497509765625,-5.3936435883790255,-6.898988529852033,4.41394690734148
1789454247385915100,44.3049150390625,-5.4666503724008795,-6.831071762445569,4.429734843581914
1789454247395854800,44.31485473632812,-5.555582455307245,-6.765036571002006,4.420431593185663
1789454247405795000,44.324795166015626,-5.648536633336544,-6.70544281078279,4.393341926208138
1789454247415735000,44.33473510742188,-5.739348538640141,-6.648349050685763,4.362307320997119
1789454247425675000,44.34467504882812,-5.8221104084789745,-6.587936959820985,4.3442540701732035
1789454247435615000,44.354614990234374,-5.903016421318054,-6.519133472707868,4.3388530879125
1789454247445555000,44.364554931640626,-5.989382453128695,-6.43266748765409,4.34953931709975
1789454247455495200,44.3744951171875,-6.069764734354615,-6.327594417285919,4.392028797782958
1789454247465435100,44.38443505859375,-6.132976100549102,-6.215938461396098,4.463083570954203
1789454247475374800,44.394374755859374,-6.182941616201401,-6.105136491987109,4.546309258912504
1789454247485315000,44.40431518554688,-6.22938129581511,-5.998236206191778,4.624545175759494
1789454247495255000,44.41425512695312,-6.275183846569061,-5.897939264184236,4.691137416563928
1789454247505195000,44.424195068359374,-6.332695539817213,-5.800929088762402,4.73461620054543
1789454247515135000,44.434135009765626,-6.404529772928357,-5.700571356478333,4.759813770166039
1789454247525075000,44.44407495117188,-6.475477286332845,-5.599811473134159,4.783379646931588
1789454247535016000,44.454015869140626,-6.543527909252047,-5.499498164513707,4.807092530952394
1789454247544956000,44.46395581054688,-6.613192981630563,-5.394842442774772,4.830295127363502
1789454247554896100,44.473896240234374,-6.678408673384785,-5.285647324040532,4.861191785408556
1789454247564836000,44.483836181640626,-6.739169723817706,-5.177129666176438,4.894007428817451
1789454247574775800,44.49377587890625,-6.803593972933292,-5.070814486792683,4.916131290081143
1789454247584716000,44.50371606445312,-6.868395823189616,-4.965949506217241,4.933039754784107
1789454247594656000,44.513656005859374,-6.931709480714797,-4.862270228295028,4.947741649353504
1789454247604596000,44.523595947265626,-7.000158163040876,-4.7572895123854275,4.953414434292912
1789454247614536000,44.53353588867188,-7.074999176752567,-4.647515424719453,4.951303141227364
1789454247624476000,44.54347583007812,-7.150438740879297,-4.536052068792284,4.946296126720309
1789454247634416000,44.553416015625,-7.223856443789601,-4.425066851770878,4.940148125484585
1789454247644356000,44.56335620117188,-7.293649526461959,-4.3136549337700005,4.936133044624328
1789454247654295800,44.5732958984375,-7.358949389368295,-4.204235358630121,4.933627199283242
1789454247664236000,44.583236083984374,-7.420193254882097,-4.098498855917155,4.930865917876362
1789454247674176000,44.593176025390626,-7.477343129080533,-3.9924224537253377,4.931556238228082
1789454247684116500,44.60311645507812,-7.53121149739027,-3.887347045269608,4.933533675780892
1789454247694056200,44.61305615234375,-7.582171284776925,-3.785461665026843,4.934710318344831
1789454247703996200,44.62299609375,-7.629767733210325,-3.690458737774193,4.933315064594149
1789454247713936400,44.63293627929688,-7.665690694984793,-3.609621990779042,4.937431267741323
1789454247723876400,44.64287646484375,-7.683844191312789,-3.5442893946468828,4.956504801523685
1789454247733816000,44.652816162109374,-7.687671640646458,-3.4850311499923468,4.992458158436417
1789454247743756300,44.66275634765625,-7.680643933966755,-3.424389634285867,5.044959914568066
1789454247753696300,44.6726962890625,-7.670701216623186,-3.3629330028042195,5.101121362251043
1789454247763636200,44.68263623046875,-7.654127098441124,-3.309255773152411,5.160768313962221
1789454247773576200,44.692576171875,-7.625583725523948,-3.2762589279577132,5.223697940605878
1789454247783516200,44.70251611328125,-7.5944544277668,-3.2584137669265267,5.279902642908692
1789454247793456400,44.71245629882812,-7.563124639001488,-3.2419740887790915,5.334710922417044
1789454247803396400,44.722396240234374,-7.534311216971278,-3.2303128770798444,5.382343611207604
1789454247813336300,44.73233642578125,-7.516710093829035,-3.225552238549292,5.409736060523986
1789454247823276300,44.7422763671875,-7.509254517126083,-3.218420486973226,5.424319881671667
1789454247833216300,44.75221630859375,-7.501454072508215,-3.2051065396308895,5.442966129952669
1789454247843156200,44.76215625,-7.489414675146341,-3.1947637170538306,5.465578943777084
1789454247853097200,44.77209716796875,-7.46987118576467,-3.19399068685472,5.492710696330666
1789454247863037400,44.782037353515626,-7.439418179833889,-3.2033950595378875,5.528443103969097
1789454247872977200,44.79197705078125,-7.411164145252108,-3.217488174559176,5.558126294571161
1789454247882917000,44.80191723632812,-7.386817639502882,-3.2360563891679046,5.5797126879572865
1789454247892857300,44.811857421875,-7.352507958143949,-3.265142198398709,5.608021667596698
1789454247902797300,44.82179736328125,-7.30394061885178,-3.30938729057759,5.645426976883411
1789454247912737300,44.8317373046875,-7.242866849207878,-3.3652608612298964,5.690895765638351
1789454247922677200,44.84167724609375,-7.173425648713112,-3.430312886855006,5.739803881192207
1789454247932617200,44.8516171875,-7.096602521273494,-3.5067198347091675,5.788913072276115
1789454247942557400,44.86155737304688,-7.026135484862327,-3.5971541388720274,5.819305287930369
1789454247952497200,44.8714970703125,-6.9694906375765795,-3.695323128940165,5.82590570910871
1789454247962437000,44.88143701171875,-6.918364845973253,-3.7963025002539155,5.821915762689709
1789454247972377300,44.89137744140625,-6.872492737114429,-3.9027369221031663,5.805850763073563
1789454247982317300,44.9013173828125,-6.82963383859694,-4.019018199706077,5.777019220864773
1789454247992257300,44.91125732421875,-6.7747571700274944,-4.147941809000074,5.750449193847179
1789454248002197200,44.921197265625,-6.708748866590857,-4.281870971496403,5.729630862224102
1789454248012137200,44.93113720703125,-6.644417556455731,-4.413782072168589,5.70443796877861
1789454248022077400,44.94107739257812,-6.580278554022311,-4.5464352233797305,5.674524476552009
1789454248032017200,44.95101708984375,-6.5196507745802394,-4.680537696616351,5.635346896895766
1789454248041957400,44.960957275390626,-6.460788251245021,-4.816519699989259,5.58835952027142
1789454248051897300,44.9708974609375,-6.393457174772024,-4.958595636323094,5.5413353187680245
1789454248061837300,44.98083740234375,-6.308762291043997,-5.113927067810296,5.497057785624265
1789454248071777300,44.99077734375,-6.205762519818544,-5.284198294275999,5.453084788385033
1789454248081717200,45.00071728515625,-6.1001551964431995,-5.461067603832483,5.3977083535999055
1789454248091657200,45.0106572265625,-5.993448971915245,-5.636321879407763,5.336741551461816
1789454248101597200,45.02059716796875,-5.8884495513051744,-5.804785764190554,5.272663923826814
1789454248111537200,45.030537109375,-5.790383144828676,-5.962055470263958,5.205359150838851
1789454248121477400,45.04047729492188,-5.696284472939372,-6.110811615014076,5.136213718420267
1789454248131417300,45.05041723632812,-5.610339881411194,-6.253319220763444,5.058702608716487
1789454248141357000,45.060357177734375,-5.540619279453158,-6.388101785218716,4.966291451522707
1789454248151297300,45.07029736328125,-5.486764939668774,-6.514429825061559,4.860867083498835
1789454248161237200,45.0802373046875,-5.432905339187383,-6.636995297500491,4.754387945725023
1789454248171177200,45.09017724609375,-5.372141950666904,-6.7586623597949735,4.650909158810973
1789454248181117200,45.1001171875,-5.306703556072712,-6.881023834094405,4.545416693986952
1789454248191058200,45.11005810546875,-5.242204488155245,-7.001690194913745,4.434644827455282
1789454248200998400,45.11999829101563,-5.174997330322862,-7.117748185154795,4.32752300786376
1789454248210938000,45.12993823242188,-5.102043153271079,-7.229228199955821,4.22821215428412
1789454248220878300,45.13987841796875,-5.028719558385014,-7.340442257297038,4.123141422003507
1789454248230818300,45.149818359375,-4.954047471499443,-7.4568521297156805,4.0028897794649
1789454248240758300,45.15975830078125,-4.884279231007397,-7.575605934911966,3.863208921574056
1789454248250698200,45.1696982421875,-4.821836511097848,-7.690932688269019,3.710768243092298
1789454248260638200,45.17963818359375,-4.762336274380981,-7.801696663755178,3.5530405641183256
1789454248270578200,45.189578125,-4.6950712488815185,-7.906403823420405,3.4081519084513183
1789454248280518400,45.19951831054688,-4.602893900443613,-8.004654938814044,3.3029192636072633
1789454248290458000,45.2094580078125,-4.491157280533016,-8.094494784215092,3.2371400927513836
1789454248300398300,45.2193984375,-4.384119047571718,-8.171050785151124,3.191204563267529
1789454248310338300,45.22933837890625,-4.297066494801641,-8.235378588154912,3.1439050519540905
1789454248320278300,45.2392783203125,-4.230184331139922,-8.295875434693693,3.0748005360677837
1789454248330218200,45.24921826171875,-4.176473783740401,-8.358034661486744,2.9783725444480775
1789454248340158200,45.259158203125,-4.1220764231204985,-8.421430736598372,2.873737280975282
1789454248350098400,45.26909838867188,-4.058577472156286,-8.483058048471808,2.781379023012519
1789454248360038400,45.27903833007812,-3.9902693673446774,-8.537797354397178,2.711854820409417
1789454248369978000,45.28897802734375,-3.921652634975314,-8.58380214972496,2.666334009206295
1789454248379918300,45.29891845703125,-3.8573195712745187,-8.620992939478159,2.640063257396221
1789454248389858300,45.3088583984375,-3.804283854396641,-8.648298295032978,2.62769097481817
1789454248399798300,45.31879833984375,-3.7676694032266735,-8.667538417553901,2.6170260806798935
1789454248409738200,45.32873828125,-3.7452366221442817,-8.681814780187606,2.601859198947251
1789454248419678200,45.33867822265625,-3.7304546480759977,-8.69301480411589,2.5856556676432487
1789454248429618400,45.34861840820312,-3.7178921036228534,-8.70129631024897,2.5758631724253296
1789454248439558100,45.35855810546875,-3.7098850305169817,-8.704716347825526,2.575856742684543
1789454248449498000,45.368498046875,-3.7137493047296997,-8.701672742345929,2.58057120398581
1789454248459438300,45.37843823242188,-3.734300217588246,-8.69163474793434,2.584743521234393
1789454248469378300,45.38837841796875,-3.7732343438774345,-8.67375188524127,2.5882620507493614
1789454248479318300,45.398318359375,-3.828467278538644,-8.646733529934286,2.5975384131386874
1789454248489258200,45.40825830078125,-3.8897190350979565,-8.611232592964171,2.6243340656056997
1789454248499198200,45.4181982421875,-3.9446506487250326,-8.570457514983415,2.6753219100430607
1789454248509138400,45.428138427734375,-3.9989463025361296,-8.524887019419669,2.7395477139770983
1789454248519079200,45.4380791015625,-4.06621541968882,-8.469593586742878,2.8110987462326884
1789454248529019400,45.448019287109375,-4.150765926510095,-8.401901860263942,2.8895623343557117
1789454248538959400,45.45795947265625,-4.2476171119779345,-8.324557339298725,2.971517856247723
1789454248548899000,45.46789916992188,-4.350147512125969,-8.242355441430211,3.051263300874829
1789454248558839300,45.47783935546875,-4.441998989610374,-8.161824691644311,3.1342759306043386
1789454248568779300,45.487779296875,-4.509667627474665,-8.085877177995442,3.2329417642787095
1789454248578719500,45.49771948242188,-4.559461878213286,-8.013843622919916,3.3406627188071605
1789454248588659200,45.5076591796875,-4.604201768171787,-7.947755824506283,3.435823759230971
1789454248598599200,45.51759912109375,-4.653130634252727,-7.889239922651648,3.504090655249357
1789454248608539400,45.52753930664063,-4.706496605998278,-7.834207186737656,3.555904429116845
1789454248618479400,45.53747924804688,-4.752877248901129,-7.784575433084369,3.6029113872244953
1789454248628419000,45.54741918945312,-4.780480710619687,-7.749865354231,3.6410166614741084
1789454248638359300,45.557359375,-4.794811433789134,-7.727276505804062,3.6700679839134214
1789454248648299300,45.56729931640625,-4.81024222715497,-7.707273582217097,3.691874449791014
1789454248658239500,45.57723950195312,-4.829477088978886,-7.684675381439924,3.7137984045684336
1789454248668179200,45.58717919921875,-4.8483413639247415,-7.660328875690698,3.739427059082687
1789454248678119200,45.597119140625,-4.8609819420501585,-7.633927190977334,3.7768206779316067
1789454248688060000,45.60705981445312,-4.862255322986841,-7.607552394270896,3.828051391214132
1789454248698000000,45.616999755859375,-4.860138769224286,-7.582510307472944,3.8800753007009625
1789454248707939800,45.62693994140625,-4.870002868373692,-7.553679934307932,3.923696415762603
1789454248717879800,45.6368798828125,-4.900524263365567,-7.513737800019979,3.9621953655049205
1789454248727820000,45.646820068359375,-4.952072372034192,-7.4597835069924585,3.999872769731283
1789454248737759700,45.656759765625,-5.013427881228924,-7.394274385249615,4.0448265947014095
1789454248747700000,45.66669995117188,-5.062745746627449,-7.326649878787994,4.105994472369551
1789454248757640000,45.67663989257812,-5.092451149061322,-7.265255791148543,4.177726706410944
1789454248767580000,45.686579833984375,-5.1131081526428455,-7.209418168592452,4.248626873542368
1789454248777519900,45.69651977539063,-5.142910585710406,-7.153736028859019,4.306379389809072
1789454248787459800,45.7064599609375,-5.194893870925903,-7.0926435545146465,4.344865772330761
1789454248797400000,45.716400146484375,-5.27321103631556,-7.022506188449263,4.364404293276369
1789454248807340000,45.72634008789063,-5.375466126653552,-6.939516355073452,4.372402306292951
1789454248817279700,45.73627978515625,-5.487117406368255,-6.841971926644444,4.387404352852702
1789454248827220000,45.74621997070312,-5.587059543588757,-6.732810710179805,4.429944979201257
1789454248837160000,45.756159912109375,-5.672268806579709,-6.6132894277423615,4.5011286394491785
1789454248847100000,45.76609985351563,-5.767442414224147,-6.476018553602695,4.579100936923921
1789454248857040000,45.77603979492188,-5.900960657832026,-6.309591727605461,4.640915295802056
1789454248866980900,45.78598095703125,-6.054702189779281,-6.1351271411031485,4.676661439704895
1789454248876920800,45.7959208984375,-6.201262870311736,-5.989632628497481,4.673226496820152
1789454248886860800,45.80586083984375,-6.301922800412774,-5.866621165856719,4.694563299359381
1789454248896801000,45.81580102539063,-6.351566829025745,-5.7633431622117755,4.755192247845232
1789454248906741000,45.82574096679687,-6.36920010087192,-5.678437266081572,4.833121290700137
1789454248916680700,45.8356806640625,-6.382875575003028,-5.600548555237054,4.905420510974526
1789454248926621000,45.845620849609375,-6.432214483189583,-5.510777098897099,4.9425072558313605
1789454248936561000,45.85556079101563,-6.5245864774167535,-5.402204495975375,4.941288527691364
1789454248946500900,45.8655009765625,-6.625233548036217,-5.2819923086643215,4.937333068063855
1789454248956440800,45.87544091796875,-6.704497638887166,-5.156438760325313,4.962989487367868
1789454248966380800,45.885380859375,-6.7537418545275925,-5.031944950172305,5.023630710813403
1789454248976321000,45.89532104492187,-6.7748845957994455,-4.921989368459582,5.1034682176381345
1789454248986261000,45.90526098632812,-6.7963137527972455,-4.823618426078558,5.168482833862305
1789454248996200700,45.91520068359375,-6.831119108718633,-4.726113745138049,5.2124873952835795
1789454249006141000,45.92514086914063,-6.867412657371163,-4.631657053591311,5.249454313153028
1789454249016081000,45.93508081054687,-6.903321590620279,-4.543654652750492,5.279182511940598
1789454249026021000,45.945021240234375,-6.934901554754376,-4.4635497271612286,5.306061751037836
1789454249035960800,45.9549609375,-6.9614540461152785,-4.39044737381041,5.33221910560131
1789454249045900800,45.96490087890625,-6.996466322785616,-4.31559671548754,5.34747454240024
1789454249055841000,45.97484106445312,-7.044461999669671,-4.232233664885163,5.351086303156614
1789454249065781000,45.984781005859375,-7.103573529329895,-4.141893761007488,5.3436272193223235
1789454249075720700,45.994720703125,-7.173688099041581,-4.0467379812806845,5.3228322685748335
1789454249085661000,46.00466088867187,-7.260272157517075,-3.9486347499251364,5.278931752049923
1789454249095601000,46.01460083007812,-7.362971484491228,-3.8512233002260325,5.2081742082595825
1789454249105540900,46.024540771484375,-7.471925780206918,-3.7607089165642855,5.118377032956481
1789454249115480800,46.03448071289063,-7.562042688983678,-3.683530692076683,5.041573779261112
1789454249125420800,46.0444208984375,-7.6193258341729635,-3.619197043853998,5.0017660850077865
1789454249135361000,46.054361083984375,-7.639695252984762,-3.5603871274888514,5.012886613959074
1789454249145301000,46.06430102539063,-7.625060578432679,-3.503547926674783,5.074838335481286
1789454249155240700,46.07424072265625,-7.597966819801926,-3.445706563080847,5.1544484632909295
1789454249165181000,46.08418090820312,-7.575201445764303,-3.3917376570060846,5.2232963740676635
1789454249175121000,46.094120849609375,-7.556131419113278,-3.342144774058461,5.282547604459523
1789454249185060900,46.10406079101563,-7.529014279606938,-3.297099179151654,5.349157380920648
1789454249195001900,46.114001953125,-7.496064780685305,-3.262593682959676,5.416173400095105
1789454249204942000,46.12394213867187,-7.456884862941503,-3.246467016284168,5.479570644250511
1789454249214881800,46.1338818359375,-7.397610251674056,-3.248910902304947,5.557909436950087
1789454249224821800,46.14382177734375,-7.31028326587677,-3.2719416492804885,5.659022371515631
1789454249234762000,46.15376196289063,-7.199193127176165,-3.312839476858079,5.77642710019052
1789454249244702000,46.16370190429687,-7.076921084725856,-3.364062591356039,5.8966644219428295
1789454249254641700,46.1736416015625,-6.976169384688139,-3.4109514760419724,5.989063888698816
1789454249264582000,46.183581787109375,-6.898427973359823,-3.4515690253734586,6.055472005107998
1789454249274521900,46.19352197265625,-6.835251093956828,-3.4912197754994034,6.104185474872589
1789454249284462000,46.20346215820312,-6.797234959295392,-3.530387126022577,6.124081430953741
1789454249294401800,46.21340185546875,-6.770946087306737,-3.572956393943727,6.128515614008903
1789454249304341800,46.223341796875,-6.74800184957087,-3.620129940789938,6.1261354408741
1789454249314282000,46.23328198242187,-6.728588124048709,-3.6703272193714973,6.117609604591131
1789454249324222000,46.24322192382812,-6.710955436724424,-3.7222041216030717,6.105629243940115
1789454249334162000,46.253161865234375,-6.698709118613601,-3.7751463149785995,6.086536420935392
1789454249344102000,46.26310180664063,-6.6964949496954675,-3.8280975684434173,6.05582447180748
1789454249354041900,46.27304174804687,-6.696100397419929,-3.8867821048632263,6.018769291132688
1789454249363982000,46.282982177734375,-6.6823524425745005,-3.956371481657028,5.988625497281551
1789454249373921800,46.292921875,-6.6460138857364655,-4.0425153951495885,5.971511865395307
1789454249383861800,46.30286181640625,-6.583509206506609,-4.148864476802945,5.967806581136584
1789454249393802000,46.31280200195312,-6.498873359489441,-4.277173169068992,5.96999620013535
1789454249403742000,46.322741943359375,-6.405239382502436,-4.419348181863129,5.967635900744796
1789454249413682000,46.33268188476563,-6.315694136133789,-4.567873732727766,5.951213173732161
1789454249423622000,46.34262182617187,-6.228750596696138,-4.716313943396508,5.92700812228024
1789454249433561900,46.35256176757812,-6.137687931501865,-4.85540326513499,5.9096712030321354
1789454249443501800,46.362501708984375,-6.041029638257623,-4.983535431790352,5.902599657210708
1789454249453441800,46.37244189453125,-5.938213406905532,-5.103929405409097,5.904057454803586
1789454249463382000,46.38238208007812,-5.829682305037975,-5.223581036227941,5.907572184926271
1789454249473322000,46.392322021484375,-5.730386064505577,-5.349394696807861,5.8921156725972885
1789454249483261700,46.40226171875,-5.650989871707559,-5.483454792207479,5.845380224907398
1789454249493202000,46.41220190429687,-5.598693867281079,-5.611270440259576,5.773964509469271
1789454249503142000,46.42214184570312,-5.545611096391082,-5.733676922744512,5.704521555408835
1789454249513083000,46.43208276367187,-5.460000851383805,-5.874249176517129,5.643758166888356
1789454249523022800,46.44202294921875,-5.37662581808269,-6.030038288643956,5.558863376674056
1789454249532962800,46.451962890625,-5.318038604557514,-6.189397075951099,5.438772769916057
1789454249542903000,46.46190307617187,-5.274925439018011,-6.342050228139758,5.303203438997269
1789454249552842800,46.4718427734375,-5.234142762252688,-6.4848530174434185,5.169222254052758
1789454249562783000,46.481782958984375,-5.187162399891019,-6.624914983606338,5.037285142156481
1789454249572723000,46.49172290039063,-5.1224727778375145,-6.774326961916684,4.902976624953746
1789454249582663000,46.50166284179687,-5.013652337634563,-6.945138871130347,4.7748061721146104
1789454249592603000,46.511602783203124,-4.863007894919813,-7.134656649857759,4.649538454979658
1789454249602542800,46.52154296875,-4.7303877691954375,-7.317806647118926,4.499281550277769
1789454249612482800,46.53148291015625,-4.656771036581695,-7.46921885933578,4.323843442568183
1789454249622423000,46.541423095703124,-4.6291307499840855,-7.582863943216204,4.152316370822489
1789454249632362800,46.55136279296875,-4.622825220099092,-7.67705496956408,3.9828073609009382
1789454249642303000,46.56130297851563,-4.593580128653347,-7.768706832823157,3.8362195001006123
1789454249652243000,46.57124291992187,-4.499563874350488,-7.863881609511375,3.752818747836351
1789454249662183000,46.581182861328124,-4.36701418351382,-7.943729637730121,3.741218326413631
1789454249672123000,46.591122802734375,-4.269292352691292,-7.99136408008635,3.752548114201426
1789454249682062800,46.60106274414063,-4.2309903868258,-8.022869225418567,3.728625971344113
1789454249692001800,46.611001708984375,-4.207642828986049,-8.058564223656058,3.6777293123215435
1789454249701942000,46.62094189453125,-4.165617166422307,-8.102379984506964,3.6289778486341238
1789454249711882000,46.63088208007812,-4.098956828817725,-8.152900795954466,3.5915360067293047
1789454249721821700,46.64082177734375,-4.016856053236126,-8.20792768664956,3.5588223623901603
1789454249731762000,46.65076196289063,-3.939420054595172,-8.266259464108943,3.5100299821704626
1789454249741702000,46.66070190429687,-3.87698376442641,-8.322485793721675,3.4460987772688267
1789454249751642000,46.67064208984375,-3.825651636596024,-8.373140460681915,3.3801302213206887
1789454249761581800,46.680581787109375,-3.7754821228042243,-8.419668403100967,3.320441476294398
1789454249771521800,46.69052172851563,-3.7178368663042782,-8.466519586125015,3.265899154245853
1789454249781462000,46.7004619140625,-3.656771572227776,-8.515756787502765,3.2062893196746707
1789454249791402000,46.710402099609375,-3.6002220020100473,-8.563575354254246,3.1422856340587138
1789454249801341700,46.720341796875,-3.5519966080233454,-8.603276081001757,3.08826353649199
1789454249811282000,46.73028198242187,-3.5166488157883284,-8.63025994951725,3.0532194033786655
1789454249821222000,46.74022192382812,-3.4941400468602772,-8.645653333482146,3.0354657200232147
1789454249831161900,46.750161865234375,-3.4802973994687196,-8.651001124250888,3.0361396737620234
1789454249841102800,46.76010278320312,-3.479358365052938,-8.647475288212298,3.0472315611407157
1789454249851043000,46.77004296875,-3.498174709203839,-8.636397429358958,3.057093322202563
1789454249860982800,46.77998266601563,-3.530864388145506,-8.617511527103185,3.0727637695431707
1789454249870922800,46.7899228515625,-3.5677252152919765,-8.592853471186757,3.09912716807276
1789454249880863000,46.799863037109375,-3.605470131796598,-8.56696090503931,3.127004770557582
1789454249890803000,46.80980297851563,-3.650271981075406,-8.540011523315309,3.148672704747319
1789454249900743000,46.81974291992187,-3.702316933350265,-8.51015063805878,3.1686881955549118
1789454249910683000,46.82968286132812,-3.7569615467295048,-8.476105160593987,3.19551073602885
1789454249920622800,46.839622802734375,-3.813694656820595,-8.436533028662204,3.232799725459516
1789454249930563000,46.84956298828125,-3.874269829292595,-8.390912264215945,3.279180660623312
1789454249940502800,46.85950268554687,-3.939203489235043,-8.337524372899532,3.337472982855141
1789454249950442800,46.86944287109375,-4.012827236111462,-8.276564000502228,3.400900037626922
1789454249960383000,46.87938305664063,-4.093869150289893,-8.209829136356712,3.4654505434706806
1789454249970323000,46.88932299804687,-4.1707033836454155,-8.140711176466942,3.536167170728743
1789454249980263000,46.89926293945312,-4.238643531927466,-8.074331701630353,3.606859832589328
1789454249990203000,46.909202880859375,-4.300640261635184,-8.011013367930055,3.674040686936676
1789454250000142800,46.91914282226563,-4.35930170944035,-7.949384302490949,3.7381998553752895
1789454250010083000,46.9290830078125,-4.4165380928784606,-7.8902125670760865,3.795934251463413
1789454250020022800,46.93902270507812,-4.46737922232151,-7.833117053413391,3.854245570656657
1789454250029962800,46.948962646484375,-4.509667042952776,-7.779452098721265,3.913233181676268
1789454250039903000,46.95890307617187,-4.552403191873431,-7.726499676212668,3.968281115159392
1789454250049843000,46.96884301757812,-4.599198553057015,-7.6690148709714405,4.025411700135469
1789454250059783000,46.978782958984375,-4.644296462672949,-7.608736635619401,4.087543454399705
1789454250069723000,46.98872290039063,-4.686547166164219,-7.5494491648703805,4.1487905347839
1789454250079662800,46.99866284179687,-4.730943357251585,-7.490192673781514,4.205425445197522
1789454250089603000,47.00860302734375,-4.781993453270196,-7.4290709733426565,4.2558050946086645
1789454250099542800,47.018542724609375,-4.847061260986328,-7.3632947250962255,4.296312461563945
1789454250109483000,47.02848291015625,-4.9258483819752925,-7.29114718825221,4.329612089097499
1789454250119423000,47.03842309570312,-5.004771112042665,-7.21436556186676,4.367555743044615
1789454250129363000,47.048363037109375,-5.07621137740016,-7.135265721666812,4.414795633125305
1789454250139303000,47.05830297851563,-5.147371072250604,-7.050493681049346,4.468277340205013
1789454250149243000,47.06824291992187,-5.229470678788423,-6.957227368330955,4.518850758622587
1789454250159182800,47.07818286132812,-5.320045268204808,-6.8579626919806,4.564628467196226
1789454250169122800,47.088122802734375,-5.405110154289007,-6.761275757163762,4.60871807655245
1789454250179062800,47.09806274414063,-5.4853059730321165,-6.6680784180283545,4.649570311422646
1789454250189003000,47.1080029296875,-5.5659635640680785,-6.571524169680476,4.691000930702686
1789454250198943000,47.11794287109375,-5.648952228400111,-6.471849743485451,4.730213289411366
1789454250208884000,47.127884033203124,-5.734017699006199,-6.371290351149439,4.764248245482147
1789454250218824000,47.137823974609375,-5.823615552344918,-6.269992707666755,4.789894727914035
1789454250228764000,47.14776391601563,-5.913828322711587,-6.175228849866986,4.80245551880151
1789454250238703900,47.15770385742187,-6.00035743612945,-6.087362934887409,4.807295360048115
1789454250248643800,47.167643798828124,-6.083215752080083,-6.001124328848719,4.811587212023139
1789454250258583800,47.177583740234375,-6.162534203466772,-5.917167111745476,4.814636662721633
1789454250268524000,47.18752392578125,-6.243562965902686,-5.831984152239561,4.81417781303823
1789454250278463700,47.19746362304687,-6.324922567728161,-5.745868880319595,4.811518822962046
1789454250288404000,47.207404052734375,-6.412206298905611,-5.656252322280406,4.80216588820517
1789454250298344000,47.21734399414063,-6.503584605920315,-5.55665446845293,4.795557575981318
1789454250308284000,47.22728393554687,-6.5839177873075005,-5.453293462699651,4.804585808828473
1789454250318224000,47.237223876953124,-6.654537383931875,-5.354318709206581,4.818586861652135
1789454250328163800,47.247163818359375,-6.7242328514486545,-5.258548304712772,4.827292438416182
1789454250338103800,47.25710375976563,-6.797085321691632,-5.163938176169991,4.827397652356327
1789454250348044000,47.2670439453125,-6.878337371489406,-5.067874926209449,4.81409334962517
1789454250357983700,47.276983642578124,-6.965930899268388,-4.968025727969407,4.792171148413419
1789454250367924000,47.28692407226563,-7.0528300150424235,-4.86827151453644,4.767375145331025
1789454250377864000,47.29686401367187,-7.137159572589397,-4.770392155064642,4.740746958385408
1789454250387804000,47.306803955078124,-7.219013095411658,-4.672885720558464,4.713851937197148
1789454250397743900,47.316743896484375,-7.304766548281908,-4.570921722121536,4.681605910369753
1789454250407683800,47.32668383789063,-7.391779645824432,-4.463001737889647,4.6490407345905895
1789454250417624000,47.3366240234375,-7.47606244162023,-4.351323570168018,4.620047572079301
1789454250427564000,47.34656396484375,-7.555352251434326,-4.2363717876032,4.597848892013729
1789454250437503700,47.356503662109375,-7.63367526204288,-4.115607811628282,4.578118355627358
1789454250447444000,47.36644384765625,-7.7117574496328825,-3.9937721147686243,4.55510894370079
1789454250457384000,47.376384033203124,-7.791797785553336,-3.8761344541206952,4.520385128583014
1789454250467324000,47.386323974609375,-7.8662810718685385,-3.7659605534821745,4.484366012957691
1789454250477264000,47.39626391601563,-7.925037796741724,-3.665164137519896,4.464390854160487
1789454250487203800,47.40620385742187,-7.968457251751422,-3.5676994963288307,4.46605469571948
1789454250497144000,47.41614404296875,-8.002727770143746,-3.4702982757627963,4.481491918826103
1789454250507083800,47.426083740234375,-8.034785288661718,-3.376774481151998,4.495557269057631
1789454250517023700,47.43602368164063,-8.061585617303848,-3.2945670303255317,4.50855762040615
1789454250526964000,47.4459638671875,-8.077307502570747,-3.2286005202040076,4.528090588393807
1789454250536904700,47.45590478515625,-8.083526815477013,-3.175124658343196,4.55472695864588
1789454250546845000,47.465844970703124,-8.076291603526473,-3.1281960261687636,4.59981259330213
1789454250556785000,47.475784912109376,-8.055084564846753,-3.0878952877014876,4.663784130214155
1789454250566724900,47.48572485351563,-8.02418966036737,-3.054836775447428,4.738218901212513
1789454250576664800,47.49566479492187,-7.986752786898612,-3.032990562081337,4.814887130351364
1789454250586604800,47.505604736328124,-7.953998518288135,-3.025324849759042,4.873573128075898
1789454250596545000,47.515544921875,-7.9316358798325055,-3.0248963952139016,4.9101457859307525
1789454250606485000,47.52548510742187,-7.907075439071654,-3.031089696896076,4.945806881898641
1789454250616424700,47.5354248046875,-7.8831082880288355,-3.041955082042515,4.977299167749285
1789454250626365000,47.545364990234376,-7.862395170345902,-3.0553301119223235,5.001808755105734
1789454250636305000,47.55530493164063,-7.836352966594696,-3.0707480458065866,5.033142635524273
1789454250646245000,47.5652451171875,-7.8056532924264665,-3.088176442730427,5.070042917898297
1789454250656184800,47.575184814453124,-7.7799658934622995,-3.11021467153728,5.095985752928256
1789454250666124800,47.585124755859376,-7.760054155290127,-3.136467595429718,5.1102340585112564
1789454250676065000,47.59506494140625,-7.74150902929604,-3.1653017679870126,5.12057892691493
1789454250686005000,47.6050048828125,-7.7160525164783,-3.200477126264572,5.137109205955267
1789454250695944700,47.61494482421875,-7.682625463172793,-3.2472152043029663,5.157836352163553
1789454250705885000,47.62488500976563,-7.647502127343416,-3.304465908527374,5.173648838323355
1789454250715825000,47.63482495117187,-7.609543275827169,-3.3715283971920607,5.186335301417112
1789454250725764900,47.644764892578124,-7.567116338986158,-3.4475936920017003,5.19838697373867
1789454250735704800,47.654704833984376,-7.524491833746433,-3.5296982669755814,5.205154568177461
1789454250745644800,47.66464477539063,-7.477470554852485,-3.6182822670966384,5.212092258486152
1789454250755585000,47.6745849609375,-7.4155293547242875,-3.7224671564534306,5.2271916279405355
1789454250765525000,47.68452490234375,-7.343601013588905,-3.8437563253462312,5.240936075654625
1789454250775464700,47.694464599609375,-7.260899349504709,-3.9788887261524795,5.2553024546593425
1789454250785405000,47.70440502929687,-7.163193008512258,-4.122983893354236,5.278258967354893
1789454250795345000,47.714344970703124,-7.054744324231147,-4.2699689367786045,5.307388031205535
1789454250805284900,47.724284912109376,-6.935902840751409,-4.417765881107747,5.342937483492493
1789454250815224800,47.73422485351563,-6.812315039527416,-4.566443699924648,5.376830400744081
1789454250825164800,47.74416479492187,-6.700275637277961,-4.7128214251056315,5.391294979426265
1789454250835105000,47.75410498046875,-6.599250380995869,-4.859660922579467,5.385529840028286
1789454250845044700,47.764044677734375,-6.506691339763998,-5.007420749768614,5.362755113640428
1789454250854985000,47.77398486328125,-6.425487805283069,-5.151024918583035,5.324511599963903
1789454250864925000,47.783925048828124,-6.344645505329966,-5.291593080702424,5.283454782432317
1789454250874865700,47.79386572265625,-6.258579917770624,-5.435176206728816,5.240173859110474
1789454250884806000,47.803805908203124,-6.174281339883804,-5.584211752942204,5.183171284428239
1789454250894745900,47.813745849609376,-6.093599198928475,-5.737195744520426,5.111072262901067
1789454250904686000,47.82368603515625,-6.012120939159393,-5.8920940452873705,5.030709270897507
1789454250914625800,47.83362573242187,-5.936213172999024,-6.043901978823542,4.939945880910754
1789454250924565800,47.843565673828124,-5.865911556282639,-6.191849729800224,4.839672027517855
1789454250934506000,47.85350610351563,-5.798579310765862,-6.339902110195159,4.7278410073220725
1789454250944446000,47.86344604492187,-5.732854500445723,-6.487625404766201,4.606032490730286
1789454250954386000,47.873385986328124,-5.6618830216437575,-6.633760553362965,4.484050371137261
1789454250964326000,47.883325927734376,-5.597679721802472,-6.771206199547648,4.357421010260284
1789454250974265900,47.89326586914063,-5.539038147741556,-6.898671134465933,4.23057888341546
1789454250984206000,47.9032060546875,-5.47289715783596,-7.023216967067122,4.11000779966414
1789454250994145800,47.913145751953124,-5.399859394153952,-7.144190201878547,3.9965559002682562
1789454251004085800,47.923085693359376,-5.32584021821916,-7.257760466957092,3.8898216186895964
1789454251014026000,47.93302587890625,-5.247975472772121,-7.3679644704729315,3.78711849232316
1789454251023966000,47.942966064453124,-5.16837937348783,-7.4785039895534515,3.678347736480832
1789454251033906000,47.952906005859376,-5.0970793933838605,-7.58574388256669,3.556217148327827
1789454251043846000,47.96284594726563,-5.032836346054077,-7.687673978734016,3.42645416560024
1789454251053785900,47.97278588867187,-4.962068865391612,-7.787846417579054,3.3011683282867073
1789454251063725800,47.982725830078124,-4.8798967781394715,-7.88694275162518,3.1863971629858017
1789454251073665800,47.992665771484376,-4.791248188349605,-7.980794755277037,3.085646631991863
1789454251083606000,48.00260595703125,-4.703079198770225,-8.066783770468831,2.996409136398136
1789454251093546000,48.0125458984375,-4.621526120199263,-8.144422890466451,2.91208483954817
1789454251103485700,48.022485595703124,-4.549280383677781,-8.21419609939456,2.828671520063281
1789454251113426000,48.03242602539063,-4.483272664763033,-8.277893203279376,2.7472023203834888
1789454251123366000,48.04236596679687,-4.4209301903575655,-8.337315114063024,2.667383810520172
1789454251133305900,48.052305908203124,-4.3587431987747545,-8.392865736371279,2.594523449231684
1789454251143245800,48.062245849609376,-4.29643287307322,-8.444144088187814,2.531303607469797
1789454251153185800,48.07218579101563,-4.23886828059405,-8.488575935110449,2.4792072172686455
1789454251163126000,48.0821259765625,-4.193623071461916,-8.52305863494873,2.4375028956137594
1789454251173066000,48.09206591796875,-4.1622129109367725,-8.547287067276239,2.4062923493139445
1789454251183005700,48.102005615234376,-4.1407805390685795,-8.56429373165667,2.3826916934959588
1789454251192946000,48.11194580078125,-4.125925792025029,-8.576962074571847,2.362810788853466
1789454251202887000,48.12188696289063,-4.117192742732167,-8.585085759794712,2.3484838650763034
1789454251212827000,48.13182690429687,-4.111785330730676,-8.588534438943862,2.345353750357032
1789454251222766800,48.141766845703124,-4.1110695836767555,-8.587267195487023,2.351235648002475
1789454251232706800,48.151706787109376,-4.120432747566699,-8.580413676330446,2.3598649446599183
1789454251242647000,48.16164697265625,-4.138091446115077,-8.567269532597065,2.3766562127240003
1789454251252586800,48.17158666992187,-4.167039892701804,-8.546789639148116,2.399701718877256
1789454251262527000,48.18152685546875,-4.20522495418936,-8.519037708869575,2.43156210738793
1789454251272467000,48.19146704101563,-4.248464376457036,-8.485678460103273,2.4726892136767504
1789454251282407000,48.20140698242187,-4.295684685054421,-8.44735954310298,2.52182383146286
1789454251292347000,48.211346923828124,-4.345651662011444,-8.404365620028972,2.5792168667674065
1789454251302286800,48.221286865234376,-4.395955615837872,-8.357402793323994,2.6457135382428763
1789454251312226800,48.23122680664063,-4.446069892311096,-8.307778638455272,2.7172850287646053
1789454251322167000,48.2411669921875,-4.4956949239626525,-8.255459253153205,2.7940210624426602
1789454251332106800,48.251106689453124,-4.5474519992068405,-8.198895654410123,2.875620318242907
1789454251342047000,48.261046875,-4.606367714034021,-8.136496773642302,2.957905510480702
1789454251351987000,48.27098706054687,-4.670927572228014,-8.068101867330073,3.042788610257208
1789454251361927000,48.280927001953124,-4.733868304787576,-7.997510327756404,3.130602795049548
1789454251371867000,48.290866943359376,-4.788027180476487,-7.9299600555747745,3.218834036210179
1789454251381806800,48.30080688476563,-4.832276072047651,-7.867966832998395,3.303719766335189
1789454251391747000,48.3107470703125,-4.875208035801351,-7.809617519882321,3.378249229879677
1789454251401686800,48.320686767578124,-4.927500240835547,-7.749805148476362,3.4395676219344136
1789454251411626800,48.330626708984376,-4.9890217542469495,-7.686686721262335,3.492122569558024
1789454251421567000,48.34056689453125,-5.050646143510938,-7.6225564866572615,3.5437285458937287
1789454251431507000,48.3505068359375,-5.107461086666584,-7.558601608619093,3.5988548053100704
1789454251441446700,48.36044677734375,-5.161780705875158,-7.494086174088716,3.6558228932008143
1789454251451387000,48.37038696289063,-5.215473717617988,-7.4300845342993735,3.7098569734662767
1789454251461326800,48.38032690429687,-5.26821162059307,-7.368853528267144,3.757169928783178
1789454251471267000,48.39026708984375,-5.323441340383887,-7.311268769782781,3.7916678261905905
1789454251481206800,48.400206787109376,-5.3830754326134915,-7.256641107538342,3.812357562997937
1789454251491146800,48.41014672851563,-5.444819648864865,-7.205535774201154,3.8215903785064813
1789454251501087000,48.4200869140625,-5.51049477482438,-7.154626840218901,3.823102536635101
1789454251511027700,48.43002783203125,-5.576693047875166,-7.098975680145621,3.830852127848565
1789454251520968000,48.439968017578124,-5.638357184627652,-7.037686221924424,3.8536087340578433
1789454251530908000,48.449907958984376,-5.6952709119826554,-6.969684698843955,3.8933009852379556
1789454251540847900,48.45984790039063,-5.750508815079927,-6.893129866951703,3.9480134031563994
1789454251550787800,48.46978784179687,-5.802801896896958,-6.812803699827194,4.010434788016974
1789454251560727800,48.479727783203124,-5.855949549716711,-6.734227591240406,4.065518961857259
1789454251570668000,48.48966796875,-5.913884436812997,-6.658286507332325,4.106532232508063
1789454251580608000,48.49960791015625,-5.972801905205846,-6.587855711278319,4.134760548126697
1789454251590547700,48.50954760742187,-6.0308349919795985,-6.525094426938891,4.15001072422862
1789454251600488000,48.519488037109376,-6.092590898668766,-6.464619207710028,4.154445784066617
1789454251610428000,48.52942797851563,-6.160766024750471,-6.400042398381233,4.153892826358974
1789454251620368100,48.5393681640625,-6.237061328923702,-6.329571854838728,4.14800610640794
1789454251630307800,48.549307861328124,-6.322806598487496,-6.2547577291339636,4.131648845846951
1789454251640247800,48.559247802734376,-6.410687126514315,-6.177043790334463,4.113102258548141
1789454251650188000,48.56918798828125,-6.497361785882711,-6.095730365738272,4.098385166409612
1789454251660128000,48.5791279296875,-6.582318535417318,-6.0082648482531305,4.091968285104632
1789454251670067700,48.589067626953124,-6.665417674386501,-5.910556169173121,4.09975002502203
1789454251680008000,48.59900805664063,-6.746394998896122,-5.80419656612575,4.119202913510799
1789454251689948700,48.60894873046875,-6.826392664718628,-5.69095363330543,4.145336010415852
1789454251699888600,48.618888671875,-6.906454627948999,-5.571165808886289,4.175327244053781
1789454251709828600,48.62882861328125,-6.979045232385396,-5.4467696138888595,4.218527211093902
1789454251719768600,48.6387685546875,-7.044778226011991,-5.321839165884256,4.268429013860225
1789454251729708500,48.64870849609375,-7.1091522062450645,-5.194743064278364,4.317980395753682
1789454251739648500,48.6586484375,-7.161423076230287,-5.065962955108285,4.384108818438649
1789454251749588700,48.66858862304687,-7.197757541415095,-4.937254157608747,4.470593800453841
1789454251759528700,48.67852880859375,-7.223591655373573,-4.809305238565802,4.567354677289724
1789454251769468700,48.68846875,-7.244107204657793,-4.681664654819667,4.666398988887668
1789454251779408600,48.69840869140625,-7.265121935635805,-4.556381155593693,4.756869533407688
1789454251789348600,48.7083486328125,-7.292466454157233,-4.4328176120281215,4.831199967248738
1789454251799289600,48.71828955078125,-7.319561381831765,-4.3130692428365345,4.898147889623045
1789454251809229600,48.7282294921875,-7.342987265604734,-4.200111264437437,4.960844292032719
1789454251819169500,48.73816943359375,-7.365740949204564,-4.095366403110325,5.014405786350369
1789454251829109800,48.74810986328125,-7.388786893749237,-4.001201680247485,5.056344647413492
1789454251839049500,48.75804956054687,-7.420279179599881,-3.9156884658738966,5.077129076766967
1789454251848989700,48.76798974609375,-7.463310512074828,-3.832859960539639,5.077258256104588
1789454251858929700,48.7779296875,-7.510518837973475,-3.7566754232645034,5.064575884664058
1789454251868869600,48.78786962890625,-7.559346289506554,-3.6869168273836372,5.043142636013031
1789454251878809600,48.7978095703125,-7.5959075491845605,-3.6182039411634204,5.037967863723636
1789454251888749600,48.80774951171875,-7.6144778096199035,-3.553958848007023,5.055637375926971
1789454251898689800,48.81768969726563,-7.621506100821494,-3.491298685954511,5.088599149808287
1789454251908629800,48.82762963867187,-7.623730206611752,-3.4237826083034273,5.1309652963727705
1789454251918569500,48.837569580078124,-7.623869907343387,-3.3566482234463093,5.174934786480665
1789454251928509700,48.847509765625,-7.626562799689173,-3.2995828126609323,5.207555199578404
1789454251938449700,48.85744970703125,-7.639044095599651,-3.2490225459858775,5.221041873139143
1789454251948389600,48.8673896484375,-7.660025508829951,-3.2006969064950943,5.220148139169812
1789454251958329600,48.87732958984375,-7.677574025002121,-3.154676621337235,5.222383935397863
1789454251968269600,48.88726953125,-7.685235937932133,-3.113662473903596,5.23570518926382
1789454251978209800,48.89720971679687,-7.6802184020310635,-3.0847689723744987,5.260120668596029
1789454251988149800,48.907149658203124,-7.670631658518314,-3.0658585201993582,5.285101380595565
1789454251998089500,48.91708935546875,-7.659946013852953,-3.0536361674860117,5.307629438745975
1789454252008029700,48.92702978515625,-7.640843253976106,-3.0471804154753683,5.338780948334932
1789454252017969700,48.9369697265625,-7.609082672578096,-3.0495263940796256,5.382623597192764
1789454252027909600,48.94690966796875,-7.567752883324027,-3.0619211807504296,5.433614364239573
1789454252037849600,48.956849609375,-7.503798005285859,-3.0904762441053983,5.505663701406121
1789454252047789600,48.96678955078125,-7.429895733729005,-3.1368086639523503,5.579201815825701
1789454252057729800,48.976729736328124,-7.358966925024986,-3.193363494867086,5.640777689772844
1789454252067670500,48.98667041015625,-7.283744803041219,-3.25572204362452,5.702430720609426
1789454252077610800,48.99661083984375,-7.217306291493773,-3.3182655935600396,5.75065260746479
1789454252087550700,49.00655078125,-7.167922959643602,-3.3783848389580844,5.777350060254335
1789454252097490400,49.01649047851563,-7.1260302758097644,-3.449306048877537,5.787260628893971
1789454252107430700,49.0264306640625,-7.094144022205471,-3.5390260672912,5.772246599635482
1789454252117370600,49.03637060546875,-7.071747481480241,-3.6427640896633267,5.735072761017084
1789454252127310800,49.04631079101563,-7.0430410269558426,-3.757205876879394,5.6964335260212415
1789454252137250600,49.05625048828125,-7.007037401160598,-3.8803076481521126,5.658177152863145
1789454252147190500,49.0661904296875,-6.97027272786498,-4.006371776361763,5.615577197542787
1789454252157130800,49.076130859375,-6.918553062021732,-4.135993597052991,5.585480749964714
1789454252167070700,49.08607080078125,-6.846822873806953,-4.278137045665085,5.566771373319625
1789454252177010400,49.09601049804687,-6.776490861952304,-4.4330487904354925,5.531518858152627
1789454252186950700,49.10595068359375,-6.712429016408324,-4.5903146971166136,5.481117289170623
1789454252196890600,49.115890625,-6.643700932618975,-4.746655890168249,5.43147559864521
1789454252206830800,49.12583081054687,-6.569599339097738,-4.901985275828838,5.383423807659745
1789454252216770600,49.1357705078125,-6.490006746944784,-5.058254280427098,5.335189061322808
1789454252226710500,49.14571044921875,-6.4049699179112904,-5.215659011057019,5.286178069916367
1789454252236650800,49.15565063476563,-6.316012700563669,-5.375448590996861,5.232867920011282
1789454252246590700,49.1655908203125,-6.227915899437666,-5.536159961956739,5.1705292449980975
1789454252256530400,49.175530517578125,-6.137664550626278,-5.696364552438259,5.104003639689088
1789454252266470700,49.185470703125,-6.04340279712975,-5.854391214358806,5.037241303014755
1789454252276410600,49.19541064453125,-5.949156241202354,-6.008344343230128,4.9676650779634715
1789454252286350800,49.205350830078125,-5.85617459064424,-6.156573833757639,4.896142395019531
1789454252296290600,49.21529052734375,-5.761386182925105,-6.302120953333377,4.822869361276925
1789454252306230500,49.22523046875,-5.671792421239614,-6.4451183884263035,4.739370993857086
1789454252316170800,49.23517065429687,-5.596458655574917,-6.583429127007722,4.637724390806257
1789454252326110700,49.24511083984375,-5.531194448503852,-6.715617583316564,4.525127354674041
1789454252336051700,49.2550517578125,-5.470636811688542,-6.841262901592255,4.40904043059945
1789454252345991700,49.26499169921875,-5.404919600152969,-6.9620461667895315,4.299667324949801
1789454252355931600,49.274931640625,-5.328467644113302,-7.082731816831231,4.196752017137408
1789454252365871600,49.28487158203125,-5.251566775262355,-7.2013839152187105,4.090419594357908
1789454252375811600,49.2948115234375,-5.1846337581962345,-7.311392688423394,3.9791380247384307
1789454252385751800,49.30475170898438,-5.121794732445478,-7.414851309332251,3.867507495550811
1789454252395691500,49.31469140625,-5.048713714143633,-7.517972076588869,3.763109840226173
1789454252405631500,49.32463159179687,-4.960148710983991,-7.620641008424759,3.6732965905711055
1789454252415571700,49.33457177734375,-4.861583707335591,-7.720990557402372,3.5946745970159766
1789454252425511700,49.34451171875,-4.762207387304306,-7.820105596148967,3.5125042633295056
1789454252435451600,49.35445166015625,-4.6726609718918795,-7.914798142278194,3.4194480862304566
1789454252445391600,49.3643916015625,-4.590820893073082,-8.00153008479178,3.3272032255142925
1789454252455331600,49.37433154296875,-4.5105698370113965,-8.081170023217798,3.243428379240632
1789454252465271800,49.38427172851563,-4.427292711126804,-8.15520498124361,3.1720792992979288
1789454252475211500,49.39421142578125,-4.336876234881579,-8.226640570425987,3.111962684248388
1789454252485151500,49.4041513671875,-4.241276803040504,-8.299154017972945,3.0505761953935027
1789454252495091700,49.414091796875,-4.146867750027775,-8.373098375105858,2.977423865421116
1789454252505031700,49.42403173828125,-4.063252185969055,-8.442792089056969,2.894754057779908
1789454252514971600,49.4339716796875,-3.9958378151267766,-8.501358844316005,2.816119789265096
1789454252524911600,49.44391162109375,-3.942278951157629,-8.547552440214156,2.7510288929343223
1789454252534851600,49.4538515625,-3.89485026050657,-8.583829622253775,2.7052538147091862
1789454252544791800,49.46379174804687,-3.853402690091729,-8.613033504906296,2.671581846731901
1789454252554731500,49.4737314453125,-3.8233342995643613,-8.634649124386906,2.6448651047199965
1789454252564671700,49.48367163085938,-3.8111595853850244,-8.645359318971634,2.6273966680467127
1789454252574611700,49.49361181640625,-3.815429517789185,-8.645629368084668,2.6202950193479655
1789454252584551700,49.5035517578125,-3.830465174357593,-8.638852421295642,2.6207123679772018
1789454252594492700,49.51349267578125,-3.8500370130509136,-8.628335118934512,2.626670691859722
1789454252604432600,49.5234326171875,-3.872212604501843,-8.615978910708426,2.6346330490410326
1789454252614372600,49.53337255859375,-3.89517671598196,-8.600366331034898,2.6517387898817657
1789454252624312600,49.5433125,-3.9209816038459535,-8.580058287021517,2.679340498034656
1789454252634252500,49.55325244140625,-3.9523859191522,-8.555295017164944,2.712182737189531
1789454252644192800,49.56319287109375,-3.9894562973961234,-8.525923376730084,2.7501336976602673
1789454252654132500,49.57313256835938,-4.031183269274234,-8.49099760929942,2.796951562936604
1789454252664072700,49.58307275390625,-4.081906033034622,-8.448966393777727,2.850163513164222
1789454252674012700,49.5930126953125,-4.141558245442807,-8.39899737099409,2.9111387908697126
1789454252683952600,49.60295263671875,-4.204699761271477,-8.343464868864416,2.9795082704797387
1789454252693892900,49.61289282226563,-4.265146046666801,-8.28700414597392,3.050319882544875
1789454252703832800,49.62283276367187,-4.320581225901842,-8.233121749138832,3.1174741411462423
1789454252713773000,49.63277294921875,-4.370147513103485,-8.181532431676983,3.183514885547757
1789454252723713000,49.64271313476563,-4.4186470478564495,-8.130559784808755,3.246524007168412
1789454252733652700,49.65265283203125,-4.470164469125867,-8.076700768849253,3.309823928429186
1789454252743593000,49.662593017578125,-4.526918037483096,-8.017576379707455,3.375776702286303
1789454252753533000,49.67253295898438,-4.593377007296681,-7.953222857740521,3.4376559430941938
1789454252763473200,49.68247314453125,-4.669525304214656,-7.884564332056045,3.492786878685653
1789454252773412900,49.69241284179687,-4.745121520207822,-7.813362551629543,3.5504312584027646
1789454252783352800,49.702352783203125,-4.804611820052564,-7.74607823690772,3.6172310044780374
1789454252793293000,49.71229296875,-4.844440557093918,-7.688457238066196,3.6863770214185116
1789454252803233000,49.72223291015625,-4.881340839467942,-7.637272994273901,3.743656367215514
1789454252813172700,49.7321728515625,-4.937328976410627,-7.579795203295349,3.7867999278932807
1789454252823113000,49.74211303710938,-5.017188695067167,-7.506225524693727,3.8281586509808894
1789454252833053000,49.75205297851563,-5.111855522233247,-7.415806418099999,3.8788109798535704
1789454252842994000,49.76199389648438,-5.211511828249693,-7.3090125152885905,3.94827351539731
1789454252852934000,49.77193383789062,-5.308845244276523,-7.181328384661674,4.051552395825087
1789454252862874000,49.7818740234375,-5.394395283529162,-7.032935812526941,4.196269202056527
1789454252872813800,49.791813720703125,-5.467903002810478,-6.868104731288552,4.370533589811623
1789454252882753800,49.80175390625,-5.536669080522656,-6.696855599701404,4.546183878967166
1789454252892694000,49.81169409179687,-5.605694685953855,-6.528741259008646,4.703410330420732
1789454252902634000,49.821634033203125,-5.6783279604881995,-6.367441274505853,4.835563130894303
1789454252912573700,49.83157373046875,-5.759245663765072,-6.2116574230760335,4.9413382120519875
1789454252922514000,49.84151391601562,-5.852506131264567,-6.060245210859179,5.0191591183573
1789454252932454000,49.85145385742187,-5.955459725260734,-5.915711067718267,5.070228211337327
1789454252942394000,49.86139404296875,-6.074236911332607,-5.781502503758668,5.084115282392501
1789454252952333800,49.87133374023438,-6.204695767369866,-5.668911312845349,5.0532799991458655
1789454252962273800,49.88127368164062,-6.333796194535494,-5.578003545951843,4.99392647742331
1789454252972214000,49.891214111328125,-6.446785444855689,-5.497772655895352,4.93799533136487
1789454252982154000,49.90115405273438,-6.532552341729402,-5.430913873109221,4.899111766219139
1789454252992094000,49.91109399414062,-6.588222206503152,-5.390561988976597,4.869040160821378
1789454253002034000,49.92103393554687,-6.629636751431226,-5.364070287892222,4.842014498990774
1789454253011974000,49.930973876953125,-6.683695673877001,-5.312340685176849,4.824689562441408
1789454253021914000,49.9409140625,-6.736123195728659,-5.22352726021409,4.8486882776662705
1789454253031853800,49.95085375976562,-6.737049078401923,-5.139429173335433,4.936482588714361
1789454253041793800,49.96079370117187,-6.692156628230213,-5.089083133932948,5.048434312680364
1789454253051734000,49.97073413085938,-6.64630380859375,-5.065621594324708,5.1319128063559525
1789454253061674000,49.98067407226562,-6.636546384689211,-5.056361598548293,5.153622533860802
1789454253071614000,49.99061401367187,-6.667204557803273,-5.058089445254207,5.112190453276038
1789454253081554000,50.000553955078125,-6.71554977877736,-5.07378502703607,5.0327369773328305
1789454253091494000,50.01049389648438,-6.761781368598341,-5.100291925689578,4.943249598631263
1789454253101435000,50.020434814453125,-6.804532715088128,-5.131424730578065,4.8515115183934565
1789454253111374800,50.03037475585938,-6.853439077076316,-5.158085943010449,4.753414132256806
1789454253121315000,50.04031518554687,-6.9137985609710215,-5.173550638645887,4.648028634938598
1789454253131254800,50.0502548828125,-6.988014136260747,-5.175998031798005,4.5328871750205755
1789454253141194800,50.06019482421875,-7.074432190519571,-5.164882763543725,4.409846778546274
1789454253151135000,50.07013500976562,-7.160832709121704,-5.146413625395298,4.290369335250556
1789454253161075000,50.08007495117187,-7.24068015281856,-5.127570977759361,4.1774315228566525
1789454253171015000,50.090014892578125,-7.307165426117181,-5.1126814516633745,4.07874932256937
1789454253180955000,50.09995483398438,-7.351058928379416,-5.103067235621809,4.011360378429293
1789454253190894800,50.10989477539062,-7.367397484239936,-5.101216639319062,3.9836420581594107
1789454253200835000,50.1198349609375,-7.352030988281965,-5.113153745350242,3.996713721178472
1789454253210774800,50.12977490234375,-7.313774030601978,-5.13287025321126,4.041378500074148
1789454253220715000,50.13971508789062,-7.272983755052089,-5.134478857451677,4.112328936088085
1789454253230655000,50.14965502929687,-7.2567001442492005,-5.094604527702927,4.189956073386967
1789454253240595000,50.159594970703125,-7.280764325925707,-5.008857504573464,4.251142948016524
1789454253250535000,50.16953491210938,-7.35123837659955,-4.888565237763523,4.269851447878778
1789454253260475000,50.17947485351562,-7.45437317238152,-4.741952242521942,4.256360098142921
1789454253270414800,50.18941479492187,-7.573908483344316,-4.577351755169034,4.225414340259134
1789454253280355000,50.19935498046875,-7.689548540434241,-4.404871328221261,4.199802636879682
1789454253290294800,50.20929467773438,-7.775132481956481,-4.241011722363531,4.210881080254912
1789454253300235000,50.21923510742187,-7.816722967973351,-4.099439059376716,4.273622490850091
1789454253310175000,50.229175048828125,-7.81310594651997,-3.9890047542363405,4.383330235281586
1789454253320115000,50.23911499023438,-7.773561287117004,-3.9184775120705364,4.515271146570146
1789454253330055000,50.24905493164062,-7.7160870032697915,-3.8895486469671128,4.637214395457506
1789454253339995000,50.25899487304687,-7.654863596022128,-3.8831595304518935,4.742836331880092
1789454253349936000,50.26893603515625,-7.590228919026255,-3.894251710091531,4.83668775101006
1789454253359875800,50.278875732421874,-7.531207405737042,-3.924144159530103,4.904323947909474
1789454253369815800,50.28881591796875,-7.477077171620726,-3.9714118144005535,4.948899002695083
1789454253379756000,50.29875610351562,-7.418460732001066,-4.030839278142154,4.988904265347123
1789454253389696000,50.308696044921874,-7.350184483632445,-4.09876042946279,5.034415139678121
1789454253399636000,50.318635986328125,-7.2787430492311715,-4.167068242013454,5.081914557477831
1789454253409576000,50.32857592773438,-7.22288906006217,-4.227247400905192,5.1118105140477414
1789454253419516000,50.33851586914062,-7.199456746548414,-4.26725617068857,5.111628727740049
1789454253429456000,50.348455810546874,-7.199782325240969,-4.288144352677464,5.093658771285415
1789454253439395800,50.358395751953125,-7.211347675350308,-4.292411070211231,5.073663446483016
1789454253449335800,50.36833569335938,-7.2238482604831455,-4.292537619200349,5.055743174389004
1789454253459276000,50.378276123046874,-7.229891047778725,-4.297209994925558,5.043118670615554
1789454253469215700,50.3882158203125,-7.23383481696844,-4.306462684178352,5.029555424687266
1789454253479156000,50.39815600585938,-7.234796355476975,-4.318559656946361,5.017781400263309
1789454253489096000,50.40809594726562,-7.236222004365921,-4.336317139694095,5.000387197870015
1789454253499036000,50.418035888671874,-7.234334583184123,-4.364941761153936,4.978164260146022
1789454253508975900,50.427975830078125,-7.218185996937751,-4.411673409451544,4.960371413823962
1789454253518915800,50.43791577148438,-7.180486673140526,-4.477480345097184,4.9561266158610575
1789454253528856000,50.44785595703125,-7.123265487271547,-4.560315864694118,4.963166597500443
1789454253538796000,50.457796142578125,-7.049380751371383,-4.65456943488419,4.9811277861267325
1789454253548735700,50.46773583984375,-6.961236603972315,-4.752873741769791,5.012159468728304
1789454253558676000,50.47767602539062,-6.862034471464157,-4.8512110741421575,5.054564193737507
1789454253568616000,50.487615966796874,-6.7431596702367065,-4.954288879039884,5.11421932875514
1789454253578556000,50.497555908203125,-6.601870208105445,-5.068193490639328,5.186442268922924
1789454253588496000,50.50749584960938,-6.444978687694668,-5.192067707589269,5.2607145428359505
1789454253598435800,50.51743579101562,-6.278277136409282,-5.320435144305229,5.333532526287436
1789454253608377000,50.52737719726562,-6.102053139019012,-5.45312862752676,5.403583383113146
1789454253618316800,50.53731689453125,-5.956757363855838,-5.576876587748528,5.4392894872665405
1789454253628257000,50.547257080078126,-5.86896919028759,-5.671727539309859,5.436642772150039
1789454253638197000,50.55719702148438,-5.806395537474751,-5.730958895957469,5.441717591196299
1789454253648137000,50.56713696289062,-5.751669091030955,-5.775347488260269,5.452894234248996
1789454253658077000,50.577076904296874,-5.723126302635669,-5.814356141090393,5.441458063477278
1789454253668017000,50.587016845703126,-5.713052652388811,-5.862555816113948,5.400172113364935
1789454253677956900,50.59695678710938,-5.694841288393736,-5.928328557229042,5.347345947584509
1789454253687896000,50.60689599609375,-5.646540491083264,-6.0162593541383735,5.3001487276017665
1789454253697836300,50.61683618164062,-5.57321572715342,-6.146865509691834,5.227396210601926
1789454253707776000,50.62677587890625,-5.509067956891656,-6.299843071529269,5.1119975610524415
1789454253717716000,50.636716064453125,-5.448947542449831,-6.470273872470855,4.961346396335959
1789454253727656200,50.64665625,-5.360041763028502,-6.658027564135193,4.807392682942748
1789454253737596200,50.65659619140625,-5.258016974315047,-6.836297388139367,4.667832821083069
1789454253747536000,50.66653588867187,-5.16142297847867,-6.992882034558058,4.541991687974334
1789454253757476000,50.67647607421875,-5.057525966152548,-7.145561490231752,4.41958842035979
1789454253767416000,50.686416015625,-4.952602533388138,-7.30131143939197,4.281700291104615
1789454253777356000,50.69635595703125,-4.85577619010061,-7.451585002967715,4.131068415610492
1789454253787296000,50.7062958984375,-4.759035479269921,-7.595317182075977,3.9790860022902486
1789454253797236000,50.71623608398438,-4.6590772676974535,-7.734044684764743,3.827258779531717
1789454253807176200,50.72617626953125,-4.563692355389893,-7.866347707363962,3.6692914465829727
1789454253817116000,50.73611596679687,-4.4684830919101834,-7.992271842581033,3.510936575621366
1789454253827056000,50.74605615234375,-4.368631263321638,-8.11098473124504,3.361158686608076
1789454253836996000,50.75599609375,-4.275453797930479,-8.217844100508094,3.218373725222051
1789454253846936800,50.765936767578125,-4.194773995062708,-8.307900803530215,3.090801530537009
1789454253856877000,50.775876953125,-4.114228339968622,-8.383188391965627,2.9942721243694423
1789454253866817000,50.785817138671874,-4.0193835258871315,-8.450886548185348,2.9321406623661517
1789454253876757200,50.79575732421875,-3.9151872383534907,-8.514277947121858,2.8894264330163595
1789454253886697000,50.80569702148438,-3.824830675601959,-8.572118141672014,2.838992130808532
1789454253896637000,50.81563696289062,-3.763637955753505,-8.62067262148261,2.772978566674888
1789454253906577200,50.8255771484375,-3.7236382460594175,-8.660220203495026,2.70286019757092
1789454253916517000,50.83551708984375,-3.687687811756134,-8.694336408108473,2.641949217273295
1789454253926457000,50.84545703125,-3.647752107208967,-8.722768137344717,2.603385677862167
1789454253936397000,50.85539697265625,-3.615573592659831,-8.741946300545335,2.5838775520548225
1789454253946337000,50.8653369140625,-3.600347381955385,-8.752429700636863,2.5696082036837935
1789454253956277200,50.87527734375,-3.6026679338574406,-8.756372300782798,2.5528642818927763
1789454253966217000,50.88521704101562,-3.6240786784157155,-8.752693904531002,2.53511264436394
1789454253976157000,50.895156982421874,-3.654081894752383,-8.743981021243334,2.5220722532659767
1789454253986097200,50.90509716796875,-3.678910923321545,-8.734619318658114,2.518412561714649
1789454253996037000,50.915037109375,-3.697557171602547,-8.726981371125579,2.517588970372081
1789454254005977000,50.92497705078125,-3.714226274591684,-8.71923645608723,2.5198779580920934
1789454254015917000,50.9349169921875,-3.7382092077255247,-8.705821094197034,2.5307860133364795
1789454254025857000,50.94485693359375,-3.778663090927899,-8.684735051548481,2.5431211787745354
1789454254035797000,50.954796875,-3.83281962852925,-8.653824364978075,2.567335874837637
1789454254045737000,50.964737060546874,-3.8952839757487174,-8.611489782595633,2.6152242919549344
1789454254055677000,50.974677001953125,-3.961971785882115,-8.559715171694755,2.6841061050012707
1789454254065617200,50.9846171875,-4.032045439061522,-8.50099819431007,2.7651427584826944
1789454254075557000,50.99455712890625,-4.108981086964905,-8.435937400856613,2.849843195168674
1789454254085497000,51.0044970703125,-4.196433744968473,-8.36432528606355,2.9323031594514846
1789454254095437000,51.01443701171875,-4.292705961504578,-8.287182425150275,3.0109225226581096
1789454254105378000,51.0243779296875,-4.3919419962823385,-8.205426517483591,3.0906644601538775
1789454254115318000,51.03431811523438,-4.491832111054658,-8.118705096364021,3.1749779433488845
1789454254125258000,51.04425805664062,-4.59461034848392,-8.026585615593195,3.260960821060836
1789454254135198200,51.0541982421875,-4.701190316283703,-7.929717478990554,3.344959246957302
1789454254145138000,51.064137939453126,-4.805767712089419,-7.830873658400773,3.4281729522168636
1789454254155078100,51.074078125,-4.899638712702691,-7.7353335555315015,3.5112048711687325
1789454254165018000,51.08401806640625,-4.980601716426015,-7.645374467664957,3.5933600072860714
1789454254174958000,51.0939580078125,-5.059587574857473,-7.5574284731864925,3.6682743784949183
1789454254184898000,51.10389794921875,-5.145380775216221,-7.46662592023313,3.7342952491521832
1789454254194838000,51.11383813476562,-5.232563968628645,-7.3717299604862925,3.8010844738334417
1789454254204778000,51.123778076171874,-5.3105526327162975,-7.277302202773094,3.874187411706149
1789454254214718200,51.13371826171875,-5.379747749495506,-7.187904255920648,3.944958691760897
1789454254224658000,51.14365795898438,-5.444975131687522,-7.102891976806521,4.008938996501267
1789454254234598100,51.15359814453125,-5.508392834109068,-7.023341470229625,4.062107399848103
1789454254244538000,51.1635380859375,-5.571109694784879,-6.948382967618107,4.105253006352484
1789454254254478000,51.17347802734375,-5.627250684201717,-6.879184928229451,4.145027090597153
1789454254264418000,51.18341796875,-5.679131678086519,-6.817857476085424,4.175489156617224
1789454254274358000,51.19335791015625,-5.738881505650282,-6.757263598912954,4.192255582500994
1789454254284298000,51.203298095703126,-5.810497712096572,-6.690670189064741,4.20041375451535
1789454254294238200,51.21323828125,-5.88495235683918,-6.619433337324858,4.209615005841851
1789454254304178000,51.22317797851562,-5.953871579286456,-6.546635227617621,4.226506227149069
1789454254314118100,51.2331181640625,-6.00957067015469,-6.476352315601706,4.255854194447398
1789454254324058000,51.24305810546875,-6.049096624857187,-6.419459046512841,4.285951518808305
1789454254333998000,51.252998046875,-6.089121761253476,-6.377576299551129,4.291798199009895
1789454254343938000,51.26293798828125,-6.142487440738082,-6.338070218592882,4.274233900746703
1789454254353878000,51.2728779296875,-6.208337923264503,-6.289007204738259,4.251511489067972
1789454254363819000,51.282819091796874,-6.2792152940422294,-6.224012462258338,4.243050826975703
1789454254373759000,51.292759033203126,-6.347517845895886,-6.1465919534474605,4.254271309170127
1789454254383699000,51.30269897460938,-6.413448407921194,-6.064303546339273,4.27343602836728
1789454254393639200,51.31263916015625,-6.481524749803543,-5.981327156966924,4.28764867811501
1789454254403579000,51.322578857421874,-6.556067072829603,-5.89616114859581,4.292279552786052
1789454254413519000,51.33251904296875,-6.632365884134173,-5.804057449916005,4.300581809446215
1789454254423459000,51.342458984375,-6.692731213247775,-5.707398572149873,4.336281483858824
1789454254433399000,51.35239892578125,-6.7283765271246425,-5.614601045987009,4.4017689782917495
1789454254443339000,51.362339111328126,-6.752620741543174,-5.526643361070752,4.475346840199828
1789454254453279000,51.37227905273438,-6.7831859756767745,-5.438647097709775,4.536507703605294
1789454254463219200,51.38221923828125,-6.83470515051186,-5.345827359715104,4.569394950945675
1789454254473159200,51.3921591796875,-6.907090587764978,-5.2411242917031045,4.581820717276632
1789454254483099000,51.402098876953126,-6.981963165658712,-5.12677018277049,4.597698669888079
1789454254493039000,51.4120390625,-7.040254026585817,-5.012375741827488,4.6347880450934165
1789454254502979000,51.42197900390625,-7.0861746507614845,-4.90161731929928,4.683015192645788
1789454254512919000,51.4319189453125,-7.126311430838704,-4.7957533908143635,4.73147410312742
1789454254522859000,51.44185888671875,-7.169073883244395,-4.6970463483467695,4.765763326220214
1789454254532799000,51.45179907226562,-7.22109866951406,-4.602907636708021,4.779053308165073
1789454254542739200,51.4617392578125,-7.277026308441162,-4.507520094051957,4.785132043556869
1789454254552679200,51.47167919921875,-7.3231959389418355,-4.410990980145335,4.8046188343152405
1789454254562619000,51.48161889648438,-7.361543497514725,-4.311615829157829,4.836114042775333
1789454254572559000,51.49155908203125,-7.39497347342968,-4.206217472358047,4.877753628630936
1789454254582499000,51.5014990234375,-7.429048761510849,-4.098572505675256,4.917451725029945
1789454254592439000,51.51143896484375,-7.467952200400829,-3.991296956826746,4.946681911167502
1789454254602379000,51.52137890625,-7.509580680340528,-3.8780473020046946,4.973666364204883
1789454254612319000,51.531319091796874,-7.549243413165211,-3.7592084488734603,5.004767020389437
1789454254622259200,51.54125927734375,-7.584638551673293,-3.650795712688565,5.031433493518829
1789454254632200000,51.551199951171874,-7.6112535868763915,-3.5676772844970226,5.050832021471858
1789454254642140200,51.56114013671875,-7.627980265271663,-3.506918572151661,5.068122178968787
1789454254652080000,51.571080078125,-7.6325541490584605,-3.453902144496143,5.097558116811514
1789454254662020000,51.58102001953125,-7.625475588974356,-3.399107016730308,5.144764689144492
1789454254671960000,51.5909599609375,-7.605012062138319,-3.3471929973587393,5.208693263697624
1789454254681900000,51.60090014648438,-7.580781291723251,-3.298427797406912,5.274708581396937
1789454254691840500,51.610840576171874,-7.555704133611917,-3.2511610193192957,5.339630258640646
1789454254701780500,51.620780517578126,-7.525207873061299,-3.2138916113719342,5.404859978920221
1789454254711720400,51.63072045898438,-7.494129428708553,-3.194467948977649,5.45928305850327
1789454254721660700,51.64066064453125,-7.470640416571498,-3.1864556151747703,5.496038963970542
1789454254731600600,51.6506005859375,-7.4497501887559885,-3.183121502315998,5.526242379054427
1789454254741540400,51.660540283203126,-7.431950912693143,-3.180907917919755,5.551422413018345
1789454254751480600,51.67048046875,-7.418838333141803,-3.181098179794848,5.568830643936991
1789454254761420500,51.680420654296874,-7.406811795261502,-3.1865365714564917,5.581712921863794
1789454254771360500,51.690360595703126,-7.394061619281769,-3.195355253206193,5.59356293413341
1789454254781300500,51.70030053710938,-7.377718387246132,-3.2071456442430613,5.608377641427516
1789454254791240400,51.71024047851562,-7.353372466018795,-3.2251226149603722,5.629996183517575
1789454254801180700,51.7201806640625,-7.3202873580187555,-3.2502959269225595,5.658566444441676
1789454254811120400,51.730120361328126,-7.284803956705331,-3.2801720097482203,5.687046104472875
1789454254821060400,51.74006030273438,-7.242890814605355,-3.3216996596619484,5.7164007937729355
1789454254831000600,51.75000048828125,-7.1855883801937095,-3.3837907896548507,5.752185808381438
1789454254840940500,51.7599404296875,-7.116949143731594,-3.461540676550567,5.791124318584799
1789454254850880500,51.76988061523438,-7.040372100007533,-3.544923308636248,5.834132270184159
1789454254860820500,51.77982055664062,-6.9680644041657445,-3.629317163591087,5.868946393933892
1789454254870761500,51.78976147460938,-6.91540541164577,-3.715066232547164,5.877568676328659
1789454254880701400,51.79970141601562,-6.873136295714974,-3.804673438236117,5.869823761290311
1789454254890641400,51.809641357421874,-6.833285931363702,-3.899951383037865,5.853796171075105
1789454254900581600,51.81958154296875,-6.792573981747031,-4.002958168525994,5.831609473708272
1789454254910521600,51.829521484375,-6.745104959085583,-4.114439352370798,5.809068556076288
1789454254920461300,51.83946142578125,-6.692139677095413,-4.2351527672022575,5.7835243649750945
1789454254930401500,51.849401611328126,-6.642803106996417,-4.359913996119797,5.747587959197163
1789454254940341500,51.85934155273438,-6.593802052462101,-4.488108122095466,5.705177973490953
1789454254950281700,51.86928173828125,-6.5380848414152855,-4.621581649778783,5.66258620147705
1789454254960221400,51.879221435546874,-6.472821803387999,-4.760993919861316,5.621915168392658
1789454254970161400,51.889161376953126,-6.399093134832381,-4.906452192109823,5.58110501909852
1789454254980101600,51.8991015625,-6.31558073888719,-5.05694436687231,5.541763188791275
1789454254990041600,51.90904150390625,-6.219506967532634,-5.211898781740665,5.506745066902041
1789454254999981300,51.918981201171874,-6.119082599753141,-5.370914454698562,5.466309596139192
1789454255009921500,51.92892163085938,-6.017397418257594,-5.530303052622079,5.4200569635301825
1789454255019861500,51.93886157226562,-5.914170268017053,-5.687978416886925,5.3702738187074655
1789454255029801700,51.9488017578125,-5.815660793948173,-5.841473865118623,5.312781414681672
1789454255039741400,51.958741455078126,-5.718193522408605,-5.988669920945167,5.25437306485474
1789454255049681400,51.96868139648438,-5.616328308171034,-6.132246617230773,5.198345472684502
1789454255059621600,51.97862158203125,-5.521918670636415,-6.273716696625947,5.130233474966883
1789454255069561600,51.9885615234375,-5.450600570353865,-6.4095362029135226,5.037775556021929
1789454255079501600,51.99850146484375,-5.395591215315461,-6.53940060018897,4.928915368330478
1789454255089441500,52.00844165039062,-5.344985063672065,-6.666788378217816,4.812011574915052
1789454255099381500,52.018381591796874,-5.289811457982659,-6.792004072904587,4.696484038288891
1789454255109321500,52.028321533203126,-5.223308064505457,-6.916994726663828,4.587229006060958
1789454255119261400,52.03826147460938,-5.155034154224396,-7.039700484356284,4.476458600834012
1789454255129201400,52.04820141601562,-5.092542918998003,-7.15688601732254,4.360661599616706
1789454255139141600,52.0581416015625,-5.027284557145833,-7.273677582535147,4.241515872493386
1789454255149082400,52.06808227539062,-4.955146957173943,-7.3929311539471145,4.118430760094523
1789454255159022600,52.078022705078126,-4.883254856395721,-7.508377149769664,3.993549996450543
1789454255168962600,52.08796264648438,-4.805132921317219,-7.617003528705239,3.8810169654652475
1789454255178902500,52.09790258789062,-4.721235325446725,-7.719106643351912,3.7809742904797194
1789454255188842500,52.107842529296875,-4.64419037194997,-7.8143942327648395,3.67928355602622
1789454255198782500,52.117782470703126,-4.568014310242235,-7.9091306180357925,3.570617429602146
1789454255208722700,52.12772265625,-4.482515416654945,-8.00926798556745,3.453855090484023
1789454255218662400,52.13766235351562,-4.393939015318453,-8.108267288979887,3.334625192208588
1789454255228602400,52.147602294921874,-4.30688558576554,-8.196392731678486,3.2311385142490265
1789454255238542600,52.15754248046875,-4.211017273855209,-8.273042840638757,3.1614094367235896
1789454255248482600,52.16748266601562,-4.1106104417324065,-8.33971282285452,3.1180861355647442
1789454255258422500,52.177422607421875,-4.018732660762965,-8.400480887550115,3.074428780145943
1789454255268362500,52.187362548828126,-3.941095294331014,-8.462326810610294,3.0045258073583243
1789454255278302500,52.19730249023438,-3.8792370963111518,-8.52380565392375,2.909748505555093
1789454255288242700,52.20724267578125,-3.8309918285802005,-8.576091721478104,2.8186104370370506
1789454255298182400,52.217182373046874,-3.786465289111435,-8.616164204147458,2.7558684419199824
1789454255308122400,52.227122314453126,-3.744503047172725,-8.64639392271638,2.718259426754713
1789454255318062600,52.2370625,-3.7140687459424138,-8.669054082813858,2.6876722730502483
1789454255328002600,52.24700244140625,-3.7018028463482855,-8.684311857700347,2.655141876323521
1789454255337942500,52.256942626953126,-3.706943424107134,-8.69197084802091,2.622703834055364
1789454255347882500,52.26688256835938,-3.7228675539478657,-8.694711086639762,2.5908798320323227
1789454255357822500,52.27682250976562,-3.7419846346110104,-8.693671806719898,2.5667118977203964
1789454255367762700,52.2867626953125,-3.7625109975501894,-8.686069515022634,2.5624428420990704
1789454255377702400,52.296702392578126,-3.791594468693435,-8.669808116051554,2.5746134646251795
1789454255387642600,52.306642578125,-3.832790694695711,-8.645023803406954,2.5968624135732647
1789454255397582600,52.31658251953125,-3.88173037443161,-8.612732476133107,2.631240191732347
1789454255407522600,52.3265224609375,-3.9387504847705364,-8.57458774665594,2.6707822207868097
1789454255417462500,52.33646264648438,-4.001711967857182,-8.534411219090222,2.705646028897166
1789454255427403500,52.34640356445313,-4.064479681937397,-8.493488257071375,2.7406308330386877
1789454255437343500,52.35634350585938,-4.127110910156369,-8.449882924100756,2.7815196005269884
1789454255447283500,52.36628344726562,-4.192091331849992,-8.399451544502377,2.836545322178304
1789454255457223400,52.376223388671875,-4.253517275932431,-8.340758532515167,2.917137739023566
1789454255467163600,52.38616357421875,-4.305820879143476,-8.279882915791868,3.012288842575252
1789454255477103400,52.39610327148438,-4.35833198762536,-8.220880691725014,3.097170188786089
1789454255487043600,52.406043701171875,-4.416688899526,-8.1640242475152,3.164161365780234
1789454255496983600,52.41598364257813,-4.482123202466965,-8.105891207498312,3.221094674618542
1789454255506923500,52.42592358398438,-4.551308674634993,-8.042217484489083,3.28309198884815
1789454255516863500,52.43586352539062,-4.607983332537114,-7.975147104778886,3.366585972353816
1789454255526803500,52.445803466796875,-4.648841412626207,-7.907471160390973,3.4685096387803553
1789454255536743400,52.455743408203126,-4.687300614880025,-7.836249506220221,3.5767023024737834
1789454255546683600,52.46568359375,-4.731073413372039,-7.761378681892156,3.680812957550585
1789454255556623400,52.47562329101562,-4.77611257853806,-7.6877774391084905,3.7758699530780313
1789454255566563600,52.4855634765625,-4.817897125822306,-7.621378675049543,3.856534266115725
1789454255576503600,52.49550366210938,-4.851843526826799,-7.566283395293355,3.9219104091286656
1789454255586443500,52.50544360351562,-4.878953067548573,-7.520278599965572,3.976377327853441
1789454255596383500,52.515383544921875,-4.909898533171415,-7.476897138878702,4.019865756446123
1789454255606323500,52.525323486328126,-4.955931385549903,-7.4301979315459725,4.049847053211927
1789454255616263700,52.535263671875,-5.019886263588071,-7.378745976728201,4.065127332191169
1789454255626203600,52.54520361328125,-5.094594590830803,-7.325621120262146,4.068264461173117
1789454255636143400,52.555143310546875,-5.177286902564764,-7.270843235892057,4.0621325342893595
1789454255646083600,52.56508349609375,-5.271336474615335,-7.206606033781171,4.0556463871404524
1789454255656023600,52.5750234375,-5.372433627089857,-7.127130346006155,4.063418482446671
1789454255665963500,52.584963623046875,-5.470240505847334,-7.034979301053285,4.09339831790775
1789454255675903500,52.594903564453126,-5.565960641458631,-6.937416167923808,4.1307080578655
1789454255685843500,52.60484350585938,-5.660788212144374,-6.843313988903165,4.1587154242098325
1789454255695783000,52.61478295898438,-5.758022843971848,-6.754701054948568,4.170085836268961
1789454255705723000,52.62472290039062,-5.860698205548524,-6.653560063332319,4.189599515034258
1789454255715664000,52.63466381835938,-5.955099659776687,-6.529122951802611,4.2517932286188005
1789454255725603800,52.64460375976562,-6.0248272759974,-6.3968210982471705,4.353448599497973
1789454255735543800,52.654543701171875,-6.070472590363026,-6.27551994665563,4.46515131713897
1789454255745483800,52.66448388671875,-6.119542033958434,-6.17320757317245,4.540161842198669
1789454255755423700,52.674423828125,-6.19864596581161,-6.089380119928717,4.546060837109387
1789454255765363700,52.68436376953125,-6.299702786275744,-6.0108256386518475,4.511548911176622
1789454255775304000,52.69430395507813,-6.3993094079315656,-5.930989885392785,4.476890854771435
1789454255785243600,52.70424365234375,-6.4880187879979605,-5.84854716450572,4.457629397201538
1789454255795183900,52.71418383789062,-6.565674859130382,-5.76074379336834,4.45825951179862
1789454255805123800,52.724123779296875,-6.633167848166823,-5.666407805591821,4.479209068585932
1789454255815063800,52.734063720703126,-6.704815618795156,-5.565568427270651,4.498923822881281
1789454255825003800,52.74400366210938,-6.789601687937974,-5.457225541451573,4.504479703442752
1789454255834943700,52.75394384765625,-6.8802820758163925,-5.3422202751338475,4.504752382904291
1789454255844884000,52.76388403320313,-6.961892437532544,-5.226576126390695,4.515011034329235
1789454255854824000,52.77382397460938,-7.0326359527975315,-5.113758725506067,4.534524420833588
1789454255864763600,52.783763671875,-7.0949968396425245,-5.004643101748824,4.559048913498223
1789454255874704000,52.793703857421875,-7.154068037292361,-4.899418055689335,4.580981928364932
1789454255884643800,52.803643798828126,-7.219279052871466,-4.794719371591508,4.5894501892417665
1789454255894583800,52.81358374023438,-7.291888362008333,-4.684324229417741,4.588666637648641
1789454255904523800,52.82352368164062,-7.360286775451899,-4.567248586566746,4.597481520006061
1789454255914463700,52.833463623046875,-7.421108031639457,-4.4454546830222,4.619028458164632
1789454255924404000,52.84340405273438,-7.473291223341226,-4.320254185904562,4.653565518538653
1789454255934344000,52.85334399414062,-7.522232656642794,-4.194094488365948,4.689988246528804
1789454255944283600,52.86328369140625,-7.575410120078921,-4.06835213945657,4.715091708125174
1789454255954223900,52.873223876953126,-7.631009842225909,-3.944227747137844,4.730874675929546
1789454255964163800,52.88316381835938,-7.67837891164422,-3.8261280219361185,4.751174244375527
1789454255974103800,52.89310375976562,-7.713270776805281,-3.7160114044427868,4.781955459347367
1789454255984043800,52.903043701171875,-7.737245526632666,-3.6129637024223804,4.822024434885383
1789454255993983700,52.912983642578126,-7.755929768836498,-3.519269811941683,4.861136548089981
1789454256003924700,52.9229248046875,-7.7798372986465685,-3.434182129503786,4.883736210171878
1789454256013864700,52.93286474609375,-7.806836949253082,-3.356195803503692,4.8948634611248965
1789454256023805000,52.94280493164062,-7.826326662620902,-3.2872154985189437,4.910524556115269
1789454256033745000,52.952744873046875,-7.835771951836347,-3.2222479363068937,4.938440737044811
1789454256043684600,52.9626845703125,-7.834934916490316,-3.156340170635283,4.9821337482988834
1789454256053624800,52.97262475585938,-7.824058717688918,-3.0921783718481657,5.039137492024898
1789454256063564800,52.98256469726562,-7.8101663859367365,-3.0407077123299238,5.091736278790235
1789454256073504800,52.9925048828125,-7.794505290946364,-3.0117487443491813,5.132786082059145
1789454256083444700,53.00244482421875,-7.775083382117748,-3.0018697398915886,5.167907664322853
1789454256093384700,53.012384765625,-7.749262712162732,-2.996629501150548,5.209556602528691
1789454256103325000,53.022324951171875,-7.708771127298474,-2.9944544951990246,5.270526911798119
1789454256113265000,53.03226489257813,-7.661533575305342,-3.0006796533241866,5.335464371132851
1789454256123204600,53.04220458984375,-7.624868270730972,-3.00986833743006,5.382605477014184
1789454256133144800,53.05214477539062,-7.589115404826402,-3.022290304368734,5.426000966626406
1789454256143084800,53.062084716796875,-7.550605349168181,-3.0387463491290805,5.470356825703382
1789454256153025000,53.07202490234375,-7.515128377595543,-3.05760244076848,5.508568190675973
1789454256162964700,53.08196484375,-7.478899710872769,-3.081254242251813,5.544575323602557
1789454256172904700,53.09190478515625,-7.44512135991156,-3.110423053590953,5.573671654227375
1789454256182845000,53.10184497070313,-7.420130126518011,-3.1413948226988313,5.5896045518964526
1789454256192785000,53.11178491210938,-7.395292037859559,-3.1783827833563087,5.601601863682269
1789454256202724600,53.121724609375,-7.3688915221899745,-3.2264138238146898,5.608925922960043
1789454256212664800,53.131664794921875,-7.346054836481809,-3.282807618948817,5.606159965378046
1789454256222604800,53.14160473632813,-7.31998106854856,-3.3457091885417696,5.603079535019398
1789454256232545000,53.151544921875,-7.290134796339273,-3.4206489864528176,5.5967345499068495
1789454256242484700,53.16148461914062,-7.2663897636145345,-3.5096515042468903,5.572458186784386
1789454256252424700,53.1714248046875,-7.240382631176709,-3.6102515208542343,5.5419619262337685
1789454256262365000,53.18136499023438,-7.20268973712027,-3.721832073420286,5.517208593249321
1789454256272305000,53.19130493164062,-7.15763069821,-3.8455724348574876,5.490929658132791
1789454256282244900,53.201244873046875,-7.103870466449856,-3.9795539120629426,5.46521361759603
1789454256292185900,53.21118579101562,-7.033693937417865,-4.124396975022554,5.448569356787204
1789454256302125600,53.22112548828125,-6.954078548911213,-4.281477003742754,5.429561873978376
1789454256312065800,53.23106567382813,-6.871352334907651,-4.44778634084016,5.401118454304338
1789454256322005800,53.241005859375,-6.7800202051222325,-4.617747186182439,5.373835895103216
1789454256331946000,53.250946044921875,-6.680780078691244,-4.785566051059961,5.351255229982733
1789454256341885700,53.2608857421875,-6.574657207009196,-4.949904964867234,5.333173629847169
1789454256351825700,53.27082568359375,-6.460738566884398,-5.114673502263426,5.316898202350735
1789454256361766000,53.28076586914062,-6.347802508056163,-5.2809875155359505,5.290266216012835
1789454256371705900,53.290705810546875,-6.246952608340978,-5.4445232962667935,5.244345007315277
1789454256381645800,53.30064575195313,-6.149142806974053,-5.603847012260556,5.191853188055753
1789454256391585800,53.31058569335938,-6.049136956867575,-5.7602422735869885,5.137894218853115
1789454256401525800,53.32052587890625,-5.9523868936866515,-5.91180879958272,5.078386967873573
1789454256411466000,53.33046606445313,-5.859759463393688,-6.059549629810452,5.01153110769689
1789454256421405700,53.34040576171875,-5.7719145912021395,-6.2083975444972515,4.930636785295605
1789454256431345700,53.350345703125,-5.69722029248476,-6.355069284188747,4.829611236752569
1789454256441286000,53.360285888671875,-5.638133312743902,-6.492638849014043,4.714603340086341
1789454256451225900,53.37022583007813,-5.5815463331252335,-6.6208981491804115,4.6022225770533085
1789454256461165800,53.38016577148438,-5.518859867587685,-6.743875125029683,4.498085326230526
1789454256471105800,53.39010571289062,-5.448019906210899,-6.866360517969727,4.398018101325631
1789454256481045800,53.400045654296875,-5.375798135086893,-6.9911910127311945,4.288872374691069
1789454256490986000,53.40998608398438,-5.310759553465247,-7.114857724410295,4.164739506804943
1789454256500925700,53.41992578125,-5.248590389800071,-7.231888943597674,4.0401092107906935
1789454256510865700,53.42986572265625,-5.175066303905845,-7.342368256923556,3.9343022731900215
1789454256520806000,53.43980590820313,-5.088761062371731,-7.448226924711466,3.846918004247546
1789454256530745900,53.44974584960938,-5.001231832000613,-7.550703548845648,3.760973120458424
1789454256540685800,53.45968579101562,-4.917521867656707,-7.655683680233359,3.6577173286452886
1789454256550625800,53.469625732421875,-4.8391000728487965,-7.761400893723964,3.53753436742872
1789454256560565800,53.47956567382813,-4.763863630078733,-7.858679364693164,3.4230306208923458
1789454256570506000,53.48950610351562,-4.683147294592857,-7.946052527719735,3.3314830947905776
1789454256580445700,53.49944580078125,-4.599147407391667,-8.024441589301825,3.2598341551184653
1789454256590387000,53.50938696289062,-4.519156171309947,-8.096283421197533,3.1933985661804676
1789454256600326700,53.51932666015625,-4.440701058754325,-8.168914357644319,3.1175957216992973
1789454256610267000,53.52926684570313,-4.363057262581586,-8.245262853309512,3.024855186420679
1789454256620206800,53.53920678710937,-4.296261023637652,-8.316727668586372,2.92310775334388
1789454256630146800,53.54914672851562,-4.24195601747632,-8.37637462029755,2.830643404658139
1789454256640086800,53.559086669921875,-4.189307254089415,-8.425077568668126,2.7637252929002045
1789454256650026800,53.56902685546875,-4.13480351048559,-8.465770229062437,2.721129429233074
1789454256659966700,53.578966796875,-4.087440286286175,-8.500593705162405,2.683862943895161
1789454256669907000,53.588906982421875,-4.061418833062053,-8.528310564127564,2.634990191915631
1789454256679846700,53.5988466796875,-4.060097813591361,-8.546196349430083,2.5784678019657727
1789454256689787100,53.608787109375,-4.070727636416256,-8.555349377700686,2.530919576588273
1789454256699727400,53.618727294921875,-4.080120026400685,-8.557963944113254,2.506839612820744
1789454256709667300,53.62866723632813,-4.092731378431618,-8.553200675234198,2.5025293484061955
1789454256719607300,53.63860717773437,-4.117265515707433,-8.538973412439226,2.5108660918578503
1789454256729547300,53.64854736328125,-4.157055382043123,-8.515977736777067,2.523376906123757
1789454256739487200,53.6584873046875,-4.209519144251942,-8.487349023663997,2.5328394387349484
1789454256749427200,53.66842724609375,-4.266913056339323,-8.455597794616223,2.5429826470866796
1789454256759367200,53.6783671875,-4.322613316251338,-8.420175183579325,2.566326405534148
1789454256769307400,53.688307373046875,-4.380643188154697,-8.378772329089045,2.6031764190256594
1789454256779247400,53.69824731445313,-4.4437443719729774,-8.32984609335661,2.652765794841945
1789454256789187000,53.70818701171875,-4.510713337135314,-8.27531137009263,2.7098165925800797
1789454256799127300,53.71812719726562,-4.576045933267474,-8.22051595006585,2.7664623166486617
1789454256809067300,53.7280673828125,-4.636769574299454,-8.169108418911694,2.817163745360076
1789454256819007200,53.73800732421875,-4.692211475536227,-8.120351694527267,2.865909948350489
1789454256828947200,53.747947265625,-4.7460947491541505,-8.071425458794831,2.9149729622051117
1789454256838887200,53.75788720703125,-4.800017185738683,-8.020675514766573,2.966306843601167
1789454256848827400,53.76782739257813,-4.850956807120144,-7.969241095605492,3.0215611133113502
1789454256858767400,53.77776733398437,-4.902996790958941,-7.918743080511689,3.069937606206536
1789454256868707000,53.78770703125,-4.958021051305532,-7.86790078202486,3.1120044775635
1789454256878647300,53.797647216796875,-5.009375975489616,-7.818975130814313,3.152801767376065
1789454256888587300,53.80758715820313,-5.0527819864958525,-7.772458294311165,3.198229347337782
1789454256898527200,53.81752734375,-5.0910027038186785,-7.724718053492904,3.252816969832778
1789454256908468200,53.82746826171875,-5.124814372527599,-7.674832617339491,3.3171751679748294
1789454256918408200,53.837408203125,-5.161245868346095,-7.62324856057465,3.379055285565555
1789454256928348400,53.847348388671875,-5.207812973731756,-7.568352602782845,3.430612746584415
1789454256938288000,53.8572880859375,-5.25493362134695,-7.512492183873057,3.481163076387346
1789454256948228400,53.86722827148437,-5.289224598005414,-7.4620590507090085,3.5372555504873393
1789454256958168300,53.87716821289062,-5.315853077211976,-7.415526432114839,3.5947310033783313
1789454256968108300,53.8871083984375,-5.344775804835558,-7.3681632079154245,3.648825581659376
1789454256978048300,53.89704833984375,-5.386673164844512,-7.317936995500326,3.6880814872488377
1789454256987988200,53.90698828125,-5.448562342524528,-7.2605077198386185,3.7106060382679105
1789454256997928400,53.916928466796875,-5.520516987144947,-7.196403788718581,3.7290859900712965
1789454257007868400,53.92686840820313,-5.587051944804191,-7.131646946647763,3.7543078173503277
1789454257017808100,53.93680810546875,-5.651587837600708,-7.063067915940285,3.7872187378272413
1789454257027748400,53.94674829101562,-5.719890973976254,-6.983988534006476,3.8310757074713706
1789454257037688300,53.956688232421875,-5.795142906576395,-6.894278452464937,3.8801577182874083
1789454257047628300,53.96662817382813,-5.880305992338061,-6.7951727660685775,3.9265772318959233
1789454257057568300,53.976568359375,-5.965450373399257,-6.687910661223531,3.981910996583104
1789454257067508200,53.98650830078125,-6.036833940133452,-6.5802160101801155,4.053117160923779
1789454257077448400,53.99644848632813,-6.096560971343517,-6.47895694514215,4.126196425659955
1789454257087388200,54.00638818359375,-6.165477855703235,-6.387364118593931,4.166399548971652
1789454257097328000,54.016328125,-6.247150176739693,-6.30280659750998,4.173502366714179
1789454257107268400,54.026268310546875,-6.333551864385605,-6.221834533697367,4.164765810289979
1789454257117208300,54.03620825195313,-6.413657666757702,-6.14291823337078,4.159320112104714
1789454257127148000,54.04614794921875,-6.485412989413738,-6.063683953136206,4.1643166052177545
1789454257137088300,54.05608813476562,-6.548202915325761,-5.980866553717851,4.185766805003583
1789454257147028200,54.0660283203125,-6.604099574592709,-5.894682308214903,4.22007005662173
1789454257156968400,54.07596850585937,-6.66551236693263,-5.802128527680039,4.251666971890628
1789454257166908200,54.085908203125,-6.733239749246835,-5.702527751243114,4.27961033308804
1789454257176848100,54.09584814453125,-6.800012022793292,-5.60007275441885,4.309227180455625
1789454257186788400,54.10578833007813,-6.864184342974424,-5.494347942143678,4.343447137704492
1789454257196728300,54.11572827148437,-6.928988531318306,-5.382028553909063,4.381013775032758
1789454257206668300,54.12566821289062,-6.989817970812321,-5.267455833789706,4.423426391087472
1789454257216609300,54.135609375,-7.047059614947438,-5.155908598971367,4.4638510481953615
1789454257226549200,54.14554931640625,-7.103900277066231,-5.046316005352139,4.498856602863967
1789454257236489200,54.1554892578125,-7.160300794202089,-4.936248779958486,4.531438437516987
1789454257246429200,54.16542919921875,-7.212930560627579,-4.826621991808712,4.5659293206617235
1789454257256369400,54.175369384765624,-7.255915131351351,-4.718359477749466,4.61077150195092
1789454257266309400,54.185309326171875,-7.2909209782809015,-4.611627534258365,4.663230003462732
1789454257276249000,54.1952490234375,-7.325477327877283,-4.500864727815985,4.716987020352483
1789454257286189300,54.20518920898437,-7.364325821709633,-4.382128166015446,4.768022503323853
1789454257296129300,54.21512939453125,-7.40746821334362,-4.259819006425142,4.811833880260586
1789454257306069200,54.2250693359375,-7.453688697248697,-4.139439938114584,4.845404141429066
1789454257316009200,54.23500927734375,-7.496395620074868,-4.024090388403833,4.876595106245577
1789454257325949200,54.24494921875,-7.537239087116718,-3.912079627726972,4.904698626440763
1789454257335889400,54.254889404296875,-7.581326066124439,-3.7979046747535463,4.926437580040097
1789454257345829400,54.26482934570313,-7.623601611796021,-3.685445585787296,4.946573190096021
1789454257355769000,54.27476904296875,-7.661983072638511,-3.579694762288034,4.964895613250136
1789454257365709300,54.284709228515624,-7.692131542664766,-3.4833676006942986,4.986749133139848
1789454257375649300,54.294649169921875,-7.704807484364509,-3.40403658208698,5.021838566699624
1789454257385589200,54.30458935546875,-7.706182279849052,-3.3362790968954563,5.0650107689499855
1789454257395529200,54.314529296875,-7.6937740491747855,-3.2736464073717593,5.124395854854583
1789454257405469200,54.32446923828125,-7.664553799909353,-3.2148201243937016,5.2047997633904215
1789454257415409400,54.33440942382813,-7.627603833174705,-3.1604563737824556,5.291650363847613
1789454257425349000,54.34434912109375,-7.5895251546710725,-3.1211925771474838,5.369139846241474
1789454257435289000,54.3542890625,-7.557623703497648,-3.1024647880628704,5.424708588728309
1789454257445229300,54.364229248046875,-7.528390010228753,-3.0943101231798527,5.469827248871326
1789454257455169300,54.37416918945313,-7.493859379595517,-3.093650197966397,5.517406746169924
1789454257465109200,54.38410913085937,-7.464780584627389,-3.0951109181687233,5.555876469817758
1789454257475049200,54.39404931640625,-7.440905788043141,-3.0971734036564826,5.586669667488336
1789454257484989200,54.4039892578125,-7.42977298413217,-3.095749216072261,5.602249513936043
1789454257494929400,54.41392944335937,-7.430414789167046,-3.088923753966391,5.605161017468571
1789454257504869000,54.423869140625,-7.43124714833796,-3.0825492504984138,5.607573339307308
1789454257514809300,54.433809326171875,-7.426563374435902,-3.0853976256668565,5.612210351458192
1789454257524750300,54.443750244140624,-7.415522924983501,-3.0998911381825804,5.618812526202202
1789454257534690300,54.453690185546876,-7.397484579467773,-3.1261148359805344,5.628055570843816
1789454257544630300,54.46363037109375,-7.375158765891194,-3.167755006358027,5.634073223698139
1789454257554570200,54.4735703125,-7.354037651929259,-3.2201193998456,5.631997001945972
1789454257564510500,54.483510498046876,-7.325024907934665,-3.2830162932634352,5.633486948242783
1789454257574450200,54.4934501953125,-7.286293903002142,-3.3586773911863563,5.639115894040465
1789454257584390100,54.50339013671875,-7.232716042071581,-3.4476620810627936,5.65436314753294
1789454257594330400,54.513330322265624,-7.16542822021842,-3.551558508867025,5.675687675112486
1789454257604270300,54.523270263671876,-7.102636540740728,-3.6649478644207116,5.682529503831267
1789454257614210300,54.53321020507813,-7.046541144031286,-3.778944245956838,5.677693169716
1789454257624150300,54.543150390625,-6.99673695642054,-3.8899309242829676,5.664316970792412
1789454257634090200,54.55309033203125,-6.942212754550575,-4.005485641176999,5.650853093585372
1789454257644030200,54.5630302734375,-6.874837254413962,-4.136787377779186,5.638612620693445
1789454257653970200,54.57297021484375,-6.791959649240971,-4.289492844676971,5.624935392996669
1789454257663910100,54.58291015625,-6.702821230107546,-4.457366654612124,5.601292651602625
1789454257673850400,54.592850341796876,-6.6166919296622275,-4.628075687973201,5.565135881072282
1789454257683790000,54.6027900390625,-6.52893824288547,-4.797890695104003,5.52481906825304
1789454257693730000,54.61272998046875,-6.43745939810574,-4.963631292402744,5.485603494673967
1789454257703670000,54.622669921875,-6.344802157196402,-5.121011473113298,5.448770432317256
1789454257713610000,54.63260986328125,-6.245085645425319,-5.275329343643784,5.416656215175986
1789454257723550200,54.64255029296875,-6.144403503492474,-5.432397389665246,5.376410129505396
1789454257733490000,54.65248999023437,-6.057981357580423,-5.587406165069341,5.315276738628745
1789454257743430000,54.662429931640624,-5.980263327127695,-5.734265536287427,5.2464305814176795
1789454257753370000,54.6723701171875,-5.896647470808029,-5.876567974853515,5.183233243748545
1789454257763310000,54.68231005859375,-5.800573699453473,-6.020532793673873,5.126106165903806
1789454257773250000,54.69225,-5.690931421473622,-6.168708508187532,5.072549347761273
1789454257783190000,54.70218994140625,-5.582493258586526,-6.3162681366294615,5.011082779407501
1789454257793130000,54.7121298828125,-5.484487057864666,-6.462353016343712,4.932425422278047
1789454257803070000,54.72207006835937,-5.402622429126501,-6.603214023929834,4.835245735508203
1789454257813010000,54.732010009765624,-5.327064207056164,-6.736732852059602,4.733834110257029
1789454257822950100,54.7419501953125,-5.247224362143874,-6.870776580846309,4.629194462870061
1789454257832890000,54.75189013671875,-5.163929992863536,-7.007631859922409,4.516334391887486
1789454257842830800,54.761830810546876,-5.0856835546225305,-7.142738249504566,4.391752318929136
1789454257852771000,54.77177099609375,-5.0186441545724865,-7.274435707426071,4.250429831311107
1789454257862711000,54.7817109375,-4.962065358260274,-7.4016376074939965,4.09438674442321
1789454257872651000,54.791651123046876,-4.9026256195589895,-7.522332025364041,3.943239905144274
1789454257882591000,54.80159106445313,-4.832644320838153,-7.635419475361704,3.810029996833205
1789454257892531000,54.81153100585937,-4.746466797336936,-7.742205194866656,3.7013068795248865
1789454257902471200,54.82147119140625,-4.6484746251404285,-7.84328188907504,3.611785890814662
1789454257912411000,54.831410888671876,-4.55151851799339,-7.936908267277479,3.529808741612732
1789454257922351000,54.84135107421875,-4.4726580395072695,-8.021135533493757,3.4390599646732207
1789454257932291000,54.851291015625,-4.410969645096362,-8.097081293576956,3.3393124732419848
1789454257942231000,54.86123095703125,-4.353990743550658,-8.16963974930942,3.2357527300462126
1789454257952171000,54.8711708984375,-4.290226711909472,-8.24308434022665,3.133040251329541
1789454257962111000,54.88111108398437,-4.2060251646563405,-8.315250581771135,3.055543462412059
1789454257972051000,54.891051025390624,-4.100108629201352,-8.383717968797683,3.012110271137953
1789454257981991200,54.9009912109375,-3.9966839105620977,-8.445528236022591,2.9782509638950225
1789454257991931000,54.91093090820313,-3.907954656751454,-8.499715753284097,2.941620438373089
1789454258001871000,54.92087109375,-3.831813374096155,-8.547530812904238,2.902978865289688
1789454258011811000,54.93081103515625,-3.773589440925419,-8.588048701253532,2.859338168744743
1789454258021751000,54.9407509765625,-3.724161393150687,-8.622750596800445,2.8194334438577293
1789454258031691000,54.95069091796875,-3.6869399159982796,-8.649106688806414,2.787432331702113
1789454258041631000,54.960630859375,-3.6740269506722685,-8.663012464562058,2.7611808691143986
1789454258051571200,54.9705712890625,-3.679962478201091,-8.66612270553708,2.743460795767605
1789454258061511000,54.98051098632813,-3.6992081536799666,-8.659609962642193,2.7381331710040566
1789454258071451000,54.99045092773437,-3.7319185831487176,-8.644649709397553,2.7410230472266672
1789454258081391000,55.00039111328125,-3.774272162492573,-8.623743114969134,2.7488705458566547
1789454258091331000,55.0103310546875,-3.8202585453808307,-8.599589501443505,2.760986223325133
1789454258101271000,55.02027099609375,-3.8653114468112584,-8.573623285537957,2.7789754690021273
1789454258111211000,55.0302109375,-3.90538802113384,-8.546051388001441,2.8077336537137625
1789454258121151000,55.04015087890625,-3.9418250699102875,-8.515064129063486,2.8506337610244747
1789454258131091200,55.05009130859375,-3.981038305401802,-8.477882691660524,2.9064097165212033
1789454258141031000,55.06003100585937,-4.0307393248990175,-8.433951779997349,2.9651310778200624
1789454258150971000,55.069970947265624,-4.094473545923829,-8.383456687512993,3.0204844239905473
1789454258160911000,55.0799111328125,-4.165864711442589,-8.326248945647478,3.080510438147187
1789454258170851000,55.08985107421875,-4.234956367847323,-8.262991402223706,3.155710932821035
1789454258180792000,55.0997919921875,-4.2998409279510375,-8.195058268204331,3.2438807991832492
1789454258190732000,55.10973193359375,-4.362430655115842,-8.122711993917822,3.3408272617191073
1789454258200672000,55.119672119140624,-4.425333393752575,-8.04841283199787,3.4365471050694585
1789454258210612000,55.129612060546876,-4.493142316870391,-7.973724963021278,3.5216099453270435
1789454258220552000,55.13955200195313,-4.569766414606571,-7.898396458053589,3.5920690906926986
1789454258230492200,55.1494921875,-4.645935754312575,-7.823592853742838,3.657464522927999
1789454258240432000,55.15943212890625,-4.707609535676241,-7.756676787811517,3.7205890876218675
1789454258250371800,55.169371826171876,-4.76262882758677,-7.698633764165639,3.770784612637758
1789454258260312000,55.17931201171875,-4.819724048988521,-7.644810404041409,3.8075630221977828
1789454258270252000,55.189251953125,-4.884437051917613,-7.590868970495462,3.8329295186445114
1789454258280192000,55.19919189453125,-4.960815650460123,-7.5307871344983575,3.8533030291095374
1789454258290132000,55.20913208007813,-5.031815770834684,-7.464034734696149,3.8909371787160634
1789454258300072000,55.21907202148437,-5.084254983124136,-7.396904733753204,3.9505125264957544
1789454258310012200,55.22901220703125,-5.129497561907768,-7.324812141966819,4.025637910106778
1789454258319952100,55.2389521484375,-5.173071915218234,-7.244937225741148,4.113462616293132
1789454258329891800,55.24889184570313,-5.2212090463995935,-7.160349309518933,4.199847937326133
1789454258339832000,55.25883203125,-5.2797945063591,-7.068030506783724,4.282180768097937
1789454258349772000,55.26877197265625,-5.327724132269621,-6.9801020479619496,4.366228878355026
1789454258359712000,55.2787119140625,-5.3485898101657625,-6.914032369726896,4.445130273373425
1789454258369652000,55.28865185546875,-5.357337764766812,-6.865177445665002,4.509845029868186
1789454258379592000,55.298592041015624,-5.367876109915971,-6.825367997846007,4.557480933529138
1789454258389532200,55.3085322265625,-5.390410013285279,-6.790306036815047,4.58318616041094
1789454258399471900,55.31847192382813,-5.439208823245764,-6.7513213493824,4.583124493351578
1789454258409411800,55.32841186523437,-5.515015467119216,-6.700700000169872,4.566797627928853
1789454258419352000,55.33835205078125,-5.602016874223947,-6.6403878625482315,4.548965326379239
1789454258429292000,55.3482919921875,-5.690041194635629,-6.57347413470447,4.536876536917686
1789454258439232000,55.35823193359375,-5.768476433447003,-6.498385283711552,4.545992740309238
1789454258449172000,55.368171875,-5.831621748667955,-6.415196128371358,4.583428152473271
1789454258459112000,55.37811181640625,-5.892493273738026,-6.324044031327962,4.631998122113943
1789454258469052200,55.38805224609375,-5.969760637813806,-6.219725578719377,4.67411467783153
1789454258478992000,55.39799194335937,-6.068102354100346,-6.104658937603235,4.699113510009646
1789454258488931800,55.407931884765624,-6.174692258772254,-5.988114625149965,4.710205981910229
1789454258498872000,55.4178720703125,-6.2653387443810695,-5.882163602903485,4.7239849164158105
1789454258508812800,55.427812744140624,-6.339689928749204,-5.7860927541583775,4.7433977651551364
1789454258518753000,55.4377529296875,-6.40372137915492,-5.693514423704147,4.7693411847069855
1789454258528693000,55.44769287109375,-6.466096879047155,-5.589836607086658,4.807673837971687
1789454258538633200,55.45763330078125,-6.530397794044017,-5.47500494377017,4.852691375827789
1789454258548573000,55.467572998046876,-6.60516223538816,-5.353360677829384,4.88709808782041
1789454258558513000,55.47751293945313,-6.687112788844108,-5.226857281419634,4.91251894480288
1789454258568453000,55.487453125,-6.764472507378459,-5.099228095850348,4.940666596400738
1789454258578393000,55.49739306640625,-6.83681293644607,-4.974498723375797,4.96817010487616
1789454258588333000,55.5073330078125,-6.915204336115718,-4.849436757946014,4.983305714687705
1789454258598273000,55.51727294921875,-6.998616194295883,-4.7233863660007716,4.987926944747567
1789454258608213000,55.527212890625,-7.0821315128505224,-4.595638814748823,4.989377143555879
1789454258618153200,55.5371533203125,-7.1552248061120505,-4.4643049294427035,5.004307001662254
1789454258628093000,55.54709301757813,-7.210048867711424,-4.336789141120017,5.03764345407486
1789454258638033000,55.55703295898437,-7.256126143753528,-4.2190752003654834,5.071331204143166
1789454258647973000,55.56697314453125,-7.305636316853761,-4.1078433151066305,5.091533449694514
1789454258657913000,55.5769130859375,-7.359554369524121,-4.002356110979616,5.097892463332414
1789454258667853000,55.58685302734375,-7.4180620880723,-3.901624284686148,5.091176306819915
1789454258677793000,55.59679296875,-7.4760004822999235,-3.8014799028918147,5.08217876137197
1789454258687733000,55.60673291015625,-7.524610491690039,-3.703866500879824,5.082521875721216
1789454258697673500,55.61667358398437,-7.567797306987643,-3.6144232535809278,5.0827942629218095
1789454258707613700,55.62661376953125,-7.613432099959254,-3.534408636623621,5.070898657944798
1789454258717553700,55.6365537109375,-7.661856815910339,-3.466097024680674,5.04504700832963
1789454258727493600,55.64649365234375,-7.707548892027139,-3.4093694675475357,5.014007142421603
1789454258737433600,55.65643359375,-7.739498858517408,-3.3589921562239526,4.998770410323143
1789454258747373600,55.66637353515625,-7.747796731263398,-3.3110485017880795,5.017870832112431
1789454258757313800,55.67631372070313,-7.736124413648247,-3.2626144334867595,5.0673564552932975
1789454258767253800,55.68625366210937,-7.718115878748893,-3.2184824462935326,5.122735812687874
1789454258777193500,55.696193359375,-7.705164042717218,-3.189792066121101,5.1600452603846785
1789454258787133700,55.7061337890625,-7.701942742583155,-3.173014242060482,5.175172686889767
1789454258797073700,55.71607373046875,-7.698198295357823,-3.1595787141650913,5.188947529742121
1789454258807013600,55.726013671875,-7.688725533613562,-3.147771956515312,5.210124173283576
1789454258816953600,55.73595361328125,-7.672406851497292,-3.1400606514856215,5.238762238746881
1789454258826893600,55.7458935546875,-7.650320691895485,-3.1379905672132966,5.2721881230086085
1789454258836834600,55.75583447265625,-7.626210332989692,-3.138922002844512,5.306456887835264
1789454258846774500,55.7657744140625,-7.5965353256940835,-3.145436791566014,5.345022473073005
1789454258856714800,55.77571484375,-7.562325013056397,-3.162841223092377,5.383123947930335
1789454258866654700,55.78565478515625,-7.536382178026438,-3.184546274422109,5.406663813471794
1789454258876594400,55.795594482421876,-7.512349560531973,-3.2083257939383385,5.426017333239317
1789454258886534700,55.80553466796875,-7.488551920837163,-3.2382559450387953,5.441110857474803
1789454258896474600,55.815474609375,-7.461728211319446,-3.275442643138766,5.455679481053352
1789454258906414800,55.825414794921876,-7.42815093588829,-3.32221023953259,5.47319643304348
1789454258916354600,55.8353544921875,-7.395702956748008,-3.379703812602162,5.481934450772404
1789454258926294500,55.84529443359375,-7.37246295093596,-3.442902319315076,5.473901366442441
1789454258936234800,55.85523486328125,-7.3503224307984105,-3.513152790366113,5.459017101043463
1789454258946174700,55.8651748046875,-7.323611534005403,-3.5938863692477345,5.442339522486924
1789454258956114400,55.87511450195313,-7.289702834662795,-3.685923432432115,5.426287966874241
1789454258966054700,55.8850546875,-7.240770753711462,-3.7900095375895497,5.420097295540571
1789454258975994600,55.89499462890625,-7.174614566236734,-3.906890534651279,5.425076252996921
1789454258985934800,55.90493481445313,-7.099976381620764,-4.0350250393942,5.429487055176496
1789454258995874600,55.91487451171875,-7.018789798274636,-4.17040381617695,5.432741673058271
1789454259005814500,55.924814453125,-6.931300899913906,-4.308180009490251,5.4375563798636195
1789454259015754800,55.934754638671876,-6.839105431297421,-4.449071412214637,5.440842561927438
1789454259025694700,55.94469482421875,-6.743683986371755,-4.595302422401309,5.43841270443201
1789454259035634700,55.954634765625,-6.646468643766641,-4.744231001108885,5.430201340925693
1789454259045574700,55.96457470703125,-6.545155218192934,-4.89686281824857,5.417749855631589
1789454259055514600,55.9745146484375,-6.447200455397367,-5.051196763131022,5.3934577104181045
1789454259065454800,55.98445483398437,-6.352568115022778,-5.200433384874462,5.363839986267686
1789454259075394600,55.99439453125,-6.251998201292753,-5.344476529628038,5.340366171699762
1789454259085334500,56.00433447265625,-6.15192688473463,-5.488155517244339,5.3107805962532755
1789454259095274800,56.01427465820313,-6.058013506284356,-5.635566092604399,5.264152700591087
1789454259105214700,56.02421459960937,-5.96626636595726,-5.787336616739631,5.203921226990222
1789454259115154700,56.03415478515625,-5.88275163192451,-5.940068679383397,5.126325946134329
1789454259125094700,56.0440947265625,-5.811719947367906,-6.090067517670989,5.030445651525259
1789454259135034600,56.05403466796875,-5.74235298115313,-6.237649942466616,4.928232062241435
1789454259144974600,56.063974609375,-5.664549025982618,-6.387517847850918,4.825234629103541
1789454259154914600,56.07391455078125,-5.580642662283778,-6.541313740333915,4.715724745331705
1789454259164854500,56.0838544921875,-5.501834498506784,-6.694152185961603,4.592225791434943
1789454259174795500,56.09379541015625,-5.4311318997740745,-6.844128227895498,4.453216256934404
1789454259184735500,56.10373559570313,-5.3651621747821565,-6.989919677621126,4.304236532561481
1789454259194675700,56.11367578125,-5.2905649066984655,-7.131736378496885,4.161572567206621
1789454259204615700,56.12361572265625,-5.203433151212335,-7.271216745379567,4.027915207388997
1789454259214555600,56.1335556640625,-5.113133871605992,-7.405221311199664,3.8972994072243567
1789454259224495600,56.14349560546875,-5.0209120995044705,-7.531798357367515,3.772643976768851
1789454259234435600,56.153435546875,-4.921792969104647,-7.653880430203675,3.6557431059628724
1789454259244375800,56.163375732421876,-4.825118016986549,-7.770580225479602,3.5364831048101184
1789454259254315500,56.1733154296875,-4.7404351159572595,-7.878071462905407,3.410958198043704
1789454259264255500,56.18325537109375,-4.660289273835718,-7.977775699716806,3.2874285567477344
1789454259274195700,56.19319580078125,-4.571844389924407,-8.073450242620707,3.176170368003845
1789454259284135700,56.2031357421875,-4.475187265723943,-8.165061773869395,3.078122958488762
1789454259294075600,56.21307568359375,-4.3780610627070065,-8.252159042564035,2.984100858967006
1789454259304015600,56.223015625,-4.2903792721226806,-8.333197741872072,2.8845830846384164
1789454259313955600,56.23295556640625,-4.217360213141143,-8.403331600806117,2.7871549760654566
1789454259323895800,56.24289575195313,-4.148560525420308,-8.461690266272425,2.7128645819738506
1789454259333835500,56.25283544921875,-4.07367625708878,-8.513278414690493,2.6645219913482663
1789454259343775700,56.262775634765624,-4.003668654882907,-8.559971776804327,2.620676419880986
1789454259353715700,56.2727158203125,-3.9505335692837833,-8.60060598500967,2.5677298425912856
1789454259363655700,56.28265576171875,-3.9142733383789654,-8.635278654462098,2.506157183514535
1789454259373595600,56.292595703125,-3.8907355186641213,-8.664863060864805,2.4398219862110913
1789454259383535600,56.30253564453125,-3.8721985759764905,-8.690221374005079,2.378344750332832
1789454259393475600,56.3124755859375,-3.8565240369826554,-8.710300285437702,2.3298658199764786
1789454259403415600,56.32241552734375,-3.842219617298245,-8.72488936728239,2.2986961902089416
1789454259413355500,56.33235546875,-3.824925660409033,-8.737021119102835,2.281403256233036
1789454259423295700,56.342295654296876,-3.80208488304764,-8.749081559252739,2.2733497136369345
1789454259433235700,56.35223559570313,-3.787190973037481,-8.75575387662351,2.272524660989642
1789454259443175700,56.36217578125,-3.7913212047100067,-8.750525912842154,2.2857328098699448
1789454259453115600,56.37211572265625,-3.8219112810239193,-8.730380950435995,2.3116690690286457
1789454259463055600,56.3820556640625,-3.880831087504327,-8.6946976426363,2.347715364921838
1789454259472995600,56.39199560546875,-3.9622660926535724,-8.640641058278083,2.4104287184663113
1789454259482935600,56.401935546875,-4.057451390735805,-8.568667124435304,2.5070740060985086
1789454259492875500,56.41187548828125,-4.1490635065063834,-8.486011053058505,2.6350059740066527
1789454259502815700,56.42181567382813,-4.226913346645236,-8.401706629952788,2.7775764158591625
1789454259512756500,56.431756591796876,-4.294696550799906,-8.320858484780787,2.91364229812324
1789454259522696700,56.44169677734375,-4.356406572520733,-8.244317096891999,3.036994244764745
1789454259532636700,56.45163671875,-4.416591284370422,-8.171137294390798,3.145889796030521
1789454259542576600,56.46157666015625,-4.4712382358372205,-8.101126769575476,3.2481042620971796
1789454259552516600,56.4715166015625,-4.5191801367074245,-8.033933055746555,3.3471377600401637
1789454259562456600,56.48145654296875,-4.567033190250396,-7.967908970218897,3.438757766856253
1789454259572396800,56.491396728515625,-4.62713489999175,-7.900514180859923,3.5131019369617102
1789454259582336800,56.501336669921876,-4.71088431956321,-7.8307871491611,3.557631399039924
1789454259592276500,56.5112763671875,-4.814134266157448,-7.763247982895374,3.5674236019968983
1789454259602216700,56.521216796875,-4.920161568510532,-7.704737341737747,3.549566750527918
1789454259612156700,56.53115673828125,-5.008913034152984,-7.663087819010019,3.515429210865497
1789454259622096600,56.5410966796875,-5.071714065980911,-7.638110614141821,3.479565870323777
1789454259632036600,56.55103662109375,-5.11235528844893,-7.612666376283764,3.475850649192929
1789454259641976600,56.5609765625,-5.14251194178164,-7.559581267306208,3.546505901652574
1789454259651916800,56.570916748046876,-5.193334366524219,-7.466820566022395,3.6669141960576175
1789454259661856800,56.58085668945313,-5.260650829949975,-7.354191965708136,3.796288179467618
1789454259671796500,56.59079638671875,-5.302670355033874,-7.260533438801765,3.9162142433136697
1789454259681736700,56.60073681640625,-5.320490673884749,-7.19911012506783,4.004444315430522
1789454259691676700,56.6106767578125,-5.339386513012648,-7.163844750419258,4.0423555284127595
1789454259701615900,56.620615966796876,-5.35982198279798,-7.145381457489728,4.047991488473117
1789454259711555800,56.63055590820313,-5.3825557926535605,-7.133646011510491,4.038508205334842
1789454259721495800,56.64049584960937,-5.413737697380781,-7.120607666239142,4.019799120950698
1789454259731435800,56.650435791015624,-5.458365943658351,-7.100994034230709,3.994062622147798
1789454259741376000,56.6603759765625,-5.523750562238693,-7.070120172539353,3.958782634451985
1789454259751315700,56.67031567382813,-5.607222626173496,-7.024981638652086,3.9216155178353187
1789454259761256000,56.680255859375,-5.699219941869377,-6.964557857349514,3.896695596112311
1789454259771196000,56.69019580078125,-5.795449780568481,-6.8906567548364395,3.8861265635639426
1789454259781136000,56.70013598632813,-5.896731641960144,-6.805886467784643,3.8831536852329966
1789454259791075800,56.71007592773437,-6.006442309001088,-6.708620271775126,3.8842522941246624
1789454259801015800,56.720015869140624,-6.111218442249298,-6.606606588977575,3.8956598233237862
1789454259810956000,56.7299560546875,-6.209463712424039,-6.501783109456301,3.9165973974123593
1789454259820896000,56.73989599609375,-6.306767902356386,-6.390030707454681,3.9449399870604274
1789454259830835700,56.74983569335937,-6.403109384736418,-6.274515153527259,3.9750490018591282
1789454259840776000,56.75977587890625,-6.515300178155303,-6.16287614877224,3.967392349626124
1789454259850716000,56.7697158203125,-6.643897916495799,-6.060182667016982,3.911926190730929
1789454259860655900,56.77965576171875,-6.771259391039609,-5.962803658282756,3.842575883390009
1789454259870595800,56.789595947265624,-6.883347893127799,-5.8578223578512665,3.804707048244774
1789454259880535800,56.799535888671876,-6.968564170381426,-5.7406888473331925,3.8280490531265734
1789454259890476000,56.80947607421875,-7.0345397405922405,-5.6009214802026746,3.9134769273042678
1789454259900416800,56.819416748046876,-7.095950779366492,-5.439098348608613,4.029154978317022
1789454259910357000,56.82935693359375,-7.166924011734127,-5.265287257578969,4.1330771250844
1789454259920297000,56.839296875,-7.243630234795808,-5.091585472142696,4.216156682570278
1789454259930237000,56.84923681640625,-7.30970283564031,-4.928182962402701,4.295534755189717
1789454259940177000,56.85917700195313,-7.358879246741533,-4.781109071651101,4.377018860177696
1789454259950116900,56.86911694335937,-7.385286192151904,-4.658505605289339,4.463880566550791
1789454259960056800,56.879056884765625,-7.390330031538009,-4.561119290031493,4.555173825630545
1789454259969997000,56.8889970703125,-7.39193395960331,-4.4738574784249066,4.638348367923498
1789454259979936800,56.89893676757813,-7.398345580211282,-4.385004013712704,4.712388294385374
1789454259989877000,56.908876953125,-7.409829097256064,-4.289456312058865,4.781778349214792
1789454259999817000,56.91881689453125,-7.423314601773023,-4.186045621944964,4.85198965729922
1789454260009757000,56.9287568359375,-7.441233704823255,-4.07984997728765,4.914590490379929
1789454260019697000,56.93869677734375,-7.471663914400339,-3.976559406422078,4.952939217996597
1789454260029636900,56.948636962890625,-7.518506329596042,-3.8740778138518333,4.963262459090352
1789454260039577000,56.9585771484375,-7.5739219273477785,-3.772630825026333,4.95714836012423
1789454260049516800,56.96851684570313,-7.628437361389398,-3.6753906402409076,4.946598909059166
1789454260059456800,56.97845678710937,-7.67796857727766,-3.583530394928157,4.937354110851883
1789454260069397000,56.98839697265625,-7.72013598639965,-3.493231115321815,4.936315415453911
1789454260079337000,56.9983369140625,-7.753592265799641,-3.403406175228953,4.9466217054128645
1789454260089276700,57.00827661132813,-7.774877045890689,-3.3216435455605384,4.9687423518061635
1789454260099217000,57.018216796875,-7.780237696141004,-3.2534766027852893,5.005313548356295
1789454260109156900,57.028156982421876,-7.77116299380362,-3.1979733267500996,5.0549341960936784
1789454260119097000,57.03809716796875,-7.755047140783071,-3.1524072151005265,5.1080321645528075
1789454260129036800,57.04803686523437,-7.730494298806786,-3.1189673023134468,5.16545150334239
1789454260138976800,57.057976806640625,-7.694600563126802,-3.099134766857326,5.230573087072372
1789454260148917000,57.0679169921875,-7.654875286459922,-3.089126875323057,5.2943952786415815
1789454260158857000,57.07785693359375,-7.613707994291186,-3.0803558321073647,5.358474659842252
1789454260168796700,57.08779663085937,-7.560878905901312,-3.0720205499604343,5.437482730105519
1789454260178737000,57.09773681640625,-7.49195325371325,-3.073291008287668,5.531361621764302
1789454260188676900,57.1076767578125,-7.431580325815081,-3.085021778091788,5.605768335711955
1789454260198617000,57.1176171875,-7.381529469966888,-3.0988945283606646,5.66394755295813
1789454260208556800,57.127556884765625,-7.329126498034596,-3.118161246627569,5.721133667513728
1789454260218496800,57.137496826171876,-7.275366850796342,-3.1493712084054946,5.772424878811836
1789454260228437000,57.14743701171875,-7.217441316050291,-3.190499922129512,5.822337787494063
1789454260238377000,57.157376953125,-7.158574701061845,-3.241641788084805,5.866596615937352
1789454260248317000,57.16731689453125,-7.117885547798871,-3.2975667966634035,5.884907348653674
1789454260258258000,57.1772578125,-7.091527117705345,-3.3512802666723727,5.886389696165919
1789454260268198000,57.18719799804688,-7.0706222768425935,-3.4047678189709782,5.880835569170117
1789454260278137900,57.19713793945313,-7.052578670629859,-3.462083112864196,5.869031149607896
1789454260288077800,57.20707788085937,-7.0292089009583,-3.5286835369750857,5.8573880580872295
1789454260298018000,57.21701806640625,-6.997977896392345,-3.6124016846254468,5.843733626744151
1789454260307957800,57.22695776367188,-6.9726283510804175,-3.711516431111097,5.811841527920961
1789454260317897700,57.23689770507813,-6.948115841114521,-3.8169504437461494,5.772775591945648
1789454260327838000,57.246837890625,-6.909059842011332,-3.9279794999092816,5.7451037411659955
1789454260337778000,57.25677783203125,-6.85626582493484,-4.0459520916,5.7264545702755445
1789454260347718000,57.2667177734375,-6.7897682766765355,-4.171029839120805,5.715933760783076
1789454260357657900,57.27665795898437,-6.70359572161138,-4.307062695898115,5.7167655354321
1789454260367597800,57.286597900390625,-6.6126055371314285,-4.45527494302988,5.709149215209484
1789454260377538000,57.2965380859375,-6.534858865106106,-4.606997536370158,5.678167216968536
1789454260387477800,57.30647778320313,-6.464173217508196,-4.756057340241968,5.636026695853471
1789454260397417700,57.31641772460937,-6.38824323951602,-4.903894324320555,5.595759567394852
1789454260407358000,57.32635791015625,-6.298282982605695,-5.054250305482745,5.5638674685716625
1789454260417298000,57.3362978515625,-6.193877436235547,-5.20692859211266,5.540234664049744
1789454260427238000,57.34623779296875,-6.08571925933361,-5.36081040931344,5.513264824059605
1789454260437177900,57.356177734375,-5.990535130295157,-5.513060241398215,5.467175857579708
1789454260447117800,57.36611791992188,-5.9034401996880765,-5.664384190809726,5.406899375793338
1789454260457058000,57.37605810546875,-5.813794415554404,-5.817391563263535,5.34117105834186
1789454260466997800,57.38599780273437,-5.717105727171898,-5.9737663663238285,5.272497919610142
1789454260476937700,57.395937744140625,-5.615741448193789,-6.132607851758599,5.198556485086679
1789454260486878000,57.4058779296875,-5.521764941379428,-6.291227218875289,5.1089095319092275
1789454260496818000,57.41581787109375,-5.447163581642508,-6.444831388178468,4.996293206554651
1789454260506758000,57.4257578125,-5.376833323353528,-6.594757161229849,4.875374916800856
1789454260516697900,57.43569775390625,-5.300130022901296,-6.744770028042793,4.752589664131403
1789454260526637800,57.44563793945313,-5.2146980570703745,-6.892319719612598,4.633922075913846
1789454260536578000,57.455578125,-5.107409064218402,-7.038954049903154,4.5318747831076385
1789454260546517800,57.465517822265625,-4.988903096303344,-7.1868795890480275,4.4305712944060565
1789454260556458000,57.4754580078125,-4.89611638379544,-7.326593180164695,4.303425800700485
1789454260566398000,57.48539794921875,-4.824864626747369,-7.455701790636778,4.159757334478199
1789454260576338000,57.495337890625,-4.750744913047551,-7.577541286888718,4.022650710989534
1789454260586278000,57.50527783203125,-4.6625651098132135,-7.695521769624948,3.899979147827625
1789454260596217900,57.5152177734375,-4.560280501119792,-7.817165451043844,3.7770609164282676
1789454260606157800,57.52515771484375,-4.45649747056216,-7.945534641325473,3.6302263873904943
1789454260616098000,57.53509814453125,-4.359008279451728,-8.06896520616114,3.4729277474835514
1789454260626037800,57.545037841796876,-4.25150418254435,-8.17898216267228,3.346545931626856
1789454260635978000,57.55497802734375,-4.1387741676822305,-8.274436340823769,3.2518641991525885
1789454260645918700,57.56491870117188,-4.039093019485473,-8.356438332206011,3.1663913167893885
1789454260655859000,57.57485888671875,-3.9589217506617307,-8.431029170548916,3.0684006058976054
1789454260665798000,57.5847978515625,-3.8941225307539105,-8.501533031839132,2.9546812877371904
1789454260675739000,57.59473876953125,-3.837906722535193,-8.567472361692786,2.8353675105705856
1789454260685678800,57.60467895507813,-3.7795144470602273,-8.631330793619155,2.717681626866758
1789454260695619300,57.614619384765625,-3.7140965107321735,-8.693548472601174,2.6073122036561367
1789454260705559600,57.6245595703125,-3.6509921120435,-8.750043682283163,2.5054709548160434
1789454260715499500,57.63449951171875,-3.602814356590807,-8.796158952248096,2.411994068086892
1789454260725439500,57.644439453125,-3.5721515073016286,-8.83044817534089,2.3309404634706676
1789454260735379500,57.65437939453125,-3.5494705966770645,-8.85374371073246,2.276586795862019
1789454260745319400,57.6643193359375,-3.535055702355504,-8.86573342373371,2.25223225293681
1789454260755259400,57.67425927734375,-3.5327360272362824,-8.867661761447787,2.2482756242655215
1789454260765199400,57.684199462890625,-3.541930264300108,-8.862456009498239,2.254335654956847
1789454260775139300,57.69413940429688,-3.5585812471106646,-8.853279015830159,2.2641401328735054
1789454260785079600,57.70407958984375,-3.5757957090228794,-8.842025215888023,2.280938999722153
1789454260795019300,57.71401928710937,-3.5904265841826795,-8.82713042909503,2.3153918889440597
1789454260804959500,57.72395947265625,-3.6072806883499022,-8.804296081474423,2.3753531673014163
1789454260814899500,57.7338994140625,-3.6393218402549623,-8.768582963058352,2.457165189069509
1789454260824839400,57.74383935546875,-3.696905721956491,-8.716984877768159,2.5529253644302488
1789454260834779400,57.753779296875,-3.7896313519269227,-8.65219237986207,2.636031517662108
1789454260844719400,57.76371923828125,-3.893820917458832,-8.588596398264169,2.6915777560561893
1789454260854659300,57.77365942382813,-3.973012235334515,-8.532990246376395,2.7520260872781277
1789454260864599600,57.783599609375,-4.034529072570801,-8.474098496946691,2.842994059926271
1789454260874539300,57.793539306640625,-4.101725416748225,-8.393858839061856,2.981508212125301
1789454260884479500,57.8034794921875,-4.178006984657049,-8.297382332125306,3.1413585823416708
1789454260894419500,57.81341943359375,-4.271548314924538,-8.196758642381429,3.27680604044646
1789454260904359400,57.823359375,-4.369543994252384,-8.098874606734514,3.3890541170105335
1789454260914299400,57.83329931640625,-4.449359581506252,-8.011919376859069,3.4903766026735306
1789454260924239400,57.8432392578125,-4.5123137580692765,-7.9354153983712195,3.583104862992465
1789454260934179600,57.8531796875,-4.568093220697343,-7.865106767392158,3.6664714207261797
1789454260944119600,57.86311962890625,-4.619309905454516,-7.799631547918915,3.741409172810614
1789454260954059300,57.87305932617188,-4.663391916026175,-7.739031241005659,3.8118984210535882
1789454260963999500,57.88299951171875,-4.7019732833549375,-7.680956068655848,3.881330853720009
1789454260973939500,57.892939453125,-4.740565756599604,-7.623260835534333,3.9475691665202377
1789454260983879400,57.90287939453125,-4.781763443906605,-7.565596582072973,4.008350675219297
1789454260993819400,57.9128193359375,-4.825018648265302,-7.509056364205479,4.062466588549316
1789454261003759400,57.92275927734375,-4.870795187795162,-7.453745395871996,4.109430292037129
1789454261013699600,57.932699462890625,-4.921987030372024,-7.396309105947613,4.151997514131665
1789454261023639600,57.9426396484375,-4.9827258689731355,-7.330632226422429,4.195787556019425
1789454261033579300,57.95257934570313,-5.059390590980649,-7.257392218166589,4.231215720014274
1789454261043519500,57.96251953125,-5.151686012840271,-7.191897124949097,4.231684798830748
1789454261053459500,57.97245947265625,-5.246733363756537,-7.142399811330438,4.198608458659052
1789454261063399400,57.9823994140625,-5.331834490197896,-7.102851060274243,4.1582951529711485
1789454261073339400,57.99233935546875,-5.400464958831668,-7.062249000772834,4.13883934187293
1789454261083279400,58.002279296875,-5.455753130811453,-7.010320076093077,4.154580224101245
1789454261093220400,58.01222045898437,-5.5083957567185164,-6.944608709776401,4.195277852931619
1789454261103160300,58.022160400390625,-5.554855310076475,-6.870521144780517,4.25557187037468
1789454261113100500,58.0321005859375,-5.592860338822007,-6.79427260235846,4.327606009972095
1789454261123040500,58.04204052734375,-5.639702169495821,-6.714874655994772,4.390281661854684
1789454261132980200,58.05198022460937,-5.712224969393015,-6.62901423561871,4.426859288145602
1789454261142920400,58.06192041015625,-5.785626305690408,-6.550541587406396,4.448289906448125
1789454261152860400,58.0718603515625,-5.85576542532146,-6.485443969073891,4.451904589813948
1789454261162800400,58.08180029296875,-5.93691050761342,-6.420122478857636,4.4390942080795766
1789454261172740400,58.091740234375,-6.030370297077297,-6.345069283699989,4.420981628283858
1789454261182680300,58.10168041992188,-6.1396834892332555,-6.259022985363006,4.393097888319194
1789454261192620500,58.11162060546875,-6.245184429624676,-6.163983233231305,4.378745830100774
1789454261202560500,58.121560546875,-6.321482656407356,-6.072617785698175,4.396881206250191
1789454261212500200,58.131500244140625,-6.381188644829392,-5.983977379214763,4.432025292606651
1789454261222440400,58.1414404296875,-6.438966880059242,-5.886823411408066,4.478324979227781
1789454261232380400,58.15138037109375,-6.497672167006135,-5.781710593551397,4.530171486321091
1789454261242320600,58.161320556640625,-6.562717178368568,-5.671808203330635,4.575118589289486
1789454261252260400,58.17126025390625,-6.633085430580377,-5.556271022093296,4.615233157534897
1789454261262200300,58.18120043945312,-6.694651952177286,-5.442374593800306,4.661823643796145
1789454261272140500,58.191140625,-6.7482724832057945,-5.335213611242175,4.708151095207035
1789454261282080500,58.20108056640625,-6.79596888488233,-5.229060928943753,4.75837584631741
1789454261292020200,58.21102026367188,-6.83285864586234,-5.123687998846173,4.8197789940461515
1789454261301960400,58.22096044921875,-6.861974850231409,-5.019969265696406,4.887089319992065
1789454261311900400,58.230900390625,-6.893580533328652,-4.913745271727443,4.950156893801688
1789454261321840600,58.24084057617188,-6.9272893261849875,-4.803633622670174,5.01080396246612
1789454261331780400,58.2507802734375,-6.966307915887236,-4.691584868070483,5.062608968505263
1789454261341720300,58.26072021484375,-7.018817270803451,-4.575067735885083,5.096599500912427
1789454261351660500,58.27066064453125,-7.079870582181215,-4.455390093842149,5.11813445637226
1789454261361600500,58.2806005859375,-7.140441078478098,-4.336747347804904,5.135866512417793
1789454261371540500,58.29054052734375,-7.198334464520215,-4.219742432102561,5.15248973043859
1789454261381480400,58.30048046875,-7.250654434344172,-4.108603193563223,5.168927070498466
1789454261391420400,58.31042041015625,-7.298983873227238,-4.004959863737225,5.182226112532615
1789454261401360400,58.3203603515625,-7.348976861408352,-3.9039322693675755,5.188664036625624
1789454261411300400,58.33030029296875,-7.3988359940767285,-3.807940915599465,5.189144513618945
1789454261421240300,58.340240234375,-7.443614462479949,-3.722474755237996,5.187116807183623
1789454261431180500,58.3501806640625,-7.487956293031573,-3.645911447778344,5.177671517968178
1789454261441120500,58.36012060546875,-7.529152811294794,-3.5785102286785837,5.16492894077301
1789454261451060500,58.370060546875,-7.563118793782591,-3.518620700383186,5.156445774587988
1789454261461000400,58.38000048828125,-7.589795203784107,-3.459419738873839,5.157310282462835
1789454261470940400,58.3899404296875,-7.605834484437108,-3.403661903555691,5.170756624013185
1789454261480880400,58.39988037109375,-7.614622771048546,-3.355925169868767,5.188992537927628
1789454261490820400,58.4098203125,-7.614360905241965,-3.3158000802293417,5.2151118985682725
1789454261500760300,58.41976025390625,-7.605205538883805,-3.286497997899353,5.246918657195568
1789454261510700500,58.42970043945313,-7.5953370558202264,-3.268771202550828,5.272229039540886
1789454261520640300,58.43964013671875,-7.590255222511291,-3.259491333030164,5.28527673716247
1789454261530580500,58.44958056640625,-7.589081502556801,-3.2537764625146983,5.290482489112019
1789454261540520400,58.4595205078125,-7.587330859497189,-3.247382377563417,5.296917490595579
1789454261550460400,58.46946044921875,-7.582689171171188,-3.2449072196215387,5.3050692328691476
1789454261560401400,58.4794013671875,-7.5753376393646,-3.2521964998468755,5.311104421380162
1789454261570341400,58.48934130859375,-7.575611195608973,-3.2638448520645498,5.303568180656433
1789454261580281600,58.499281494140625,-7.573484704974293,-3.2799422926455732,5.296664977139234
1789454261590221300,58.50922119140625,-7.56369922401905,-3.307399331630766,5.293578701561689
1789454261600161300,58.51916137695312,-7.547762819218635,-3.3470378067970272,5.291407202741503
1789454261610101500,58.5291015625,-7.521746334430575,-3.3968142296180126,5.296731612634659
1789454261620041500,58.53904150390625,-7.484704013237357,-3.459443704271316,5.308658781793714
1789454261629981400,58.5489814453125,-7.451076468923688,-3.5274396743938325,5.311213726973533
1789454261639921400,58.55892138671875,-7.415047124165296,-3.5947201897233723,5.316524108341336
1789454261649861400,58.568861328125,-7.3767153476834295,-3.667115856109559,5.3204076717764135
1789454261659801600,58.57880151367188,-7.342745273542404,-3.750937464134395,5.308951042738556
1789454261669741300,58.5887412109375,-7.298660048100352,-3.8566409413605927,5.293983190709352
1789454261679681500,58.598681640625,-7.243693947681784,-3.9812309053644537,5.2772214410007
1789454261689621500,58.60862158203125,-7.1795128596723075,-4.115265281800926,5.262093429973721
1789454261699561200,58.61856127929688,-7.1060934031963345,-4.248697308430075,5.25569934502244
1789454261709501000,58.6285009765625,-7.034750752994418,-4.3750250560119746,5.24803275591731
1789454261719441200,58.63844116210937,-6.966828724890947,-4.497338014994561,5.2352346491426225
1789454261729381000,58.648381103515625,-6.892802534693479,-4.6278827957496045,5.2194186558514835
1789454261739321300,58.6583212890625,-6.8160530570119615,-4.7675259519785635,5.194464831858873
1789454261749261000,58.66826098632812,-6.74266808732748,-4.909157359415293,5.158199924778938
1789454261759201000,58.67820092773437,-6.666406100901961,-5.051417127883434,5.119827816286683
1789454261769141200,58.68814135742188,-6.583777502053976,-5.19655917378962,5.081342310547829
1789454261779081200,58.69808129882812,-6.5003416784763335,-5.343659368026256,5.035996855911613
1789454261789021200,58.70802124023437,-6.419015978920459,-5.4920805817335845,4.980324068528414
1789454261798961200,58.717961181640625,-6.3386091477751725,-5.641935043114423,4.915386024671792
1789454261808901000,58.72790112304688,-6.259598739424347,-5.7910044915974135,4.842735799002647
1789454261818841300,58.73784130859375,-6.175323542413115,-5.939554300120473,4.770476910738647
1789454261828781000,58.74778100585937,-6.085473760139942,-6.089173783701658,4.696740058876574
1789454261838721000,58.757720947265625,-6.0027674198806285,-6.2370075529098505,4.608349243240058
1789454261848661200,58.7676611328125,-5.93627747040689,-6.378780999165773,4.499128405542671
1789454261858601200,58.77760131835937,-5.877917635896802,-6.514085541668534,4.380316732679307
1789454261868541200,58.787541259765625,-5.817743445441127,-6.64451341804564,4.263184098944068
1789454261878481200,58.79748120117188,-5.750369698870181,-6.771503136667609,4.153354773959517
1789454261888421000,58.80742114257812,-5.678562353765964,-6.8974249337971205,4.043492715749144
1789454261898361000,58.81736108398437,-5.610188490241765,-7.02144937287271,3.9236993383720513
1789454261908301000,58.827301025390625,-5.5441591440171,-7.143414541330933,3.7953044291272757
1789454261918241000,58.83724096679688,-5.471250559672713,-7.265066406056285,3.668046707218885
1789454261928181200,58.84718115234375,-5.39419420799911,-7.382279996073246,3.546126839207113
1789454261938121000,58.85712084960937,-5.319339750283956,-7.490734525573253,3.4298546216934915
1789454261948061200,58.86706127929688,-5.249741313400865,-7.5906585426151745,3.31549525206387
1789454261958001200,58.87700122070312,-5.175887557160854,-7.685755577892064,3.210880154596269
1789454261967941000,58.88694116210937,-5.089438523241877,-7.780957242587208,3.118442109395563
1789454261977881000,58.896881103515625,-4.99691163071394,-7.876037911251187,3.028080285947025
1789454261987821000,58.90682104492188,-4.9115731883853675,-7.964747291317582,2.934221560293436
1789454261997761300,58.91676123046875,-4.837394730235636,-8.043991508424282,2.8397575622230766
1789454262007701200,58.926701171875,-4.772366670008004,-8.116027401587367,2.743177302651107
1789454262017641000,58.936640869140625,-4.704722582063079,-8.18569773466289,2.651473709204793
1789454262027581200,58.94658129882812,-4.6242038149759175,-8.257906646305322,2.5679028610706327
1789454262037521200,58.95652124023437,-4.537216144135594,-8.331275249376892,2.4847370866060254
1789454262047461000,58.966461181640625,-4.45516271482706,-8.398906770101188,2.4042267950862644
1789454262057401000,58.97640112304688,-4.379889739438891,-8.45821528363824,2.333567012581974
1789454262067341000,58.98634106445313,-4.310661012651026,-8.510511872586607,2.2715166529908775
1789454262077281300,58.99628125,-4.248317953723669,-8.554193777924775,2.224401558333635
1789454262087221200,59.00622119140625,-4.190358516708016,-8.589199624854325,2.199304234217107
1789454262097161000,59.01616088867188,-4.136601499818266,-8.617417419078945,2.190666461992264
1789454262107102200,59.02610229492188,-4.090211504565179,-8.64027280948758,2.187744583196193
1789454262117042200,59.03604223632812,-4.0509333871439095,-8.659014334836602,2.186723277324438
1789454262126982100,59.04598217773437,-4.019846467223763,-8.67378695655465,2.185559932633489
1789454262136922000,59.055922119140625,-3.9919364237740633,-8.684224763938785,2.1952339160382746
1789454262146862000,59.06586206054688,-3.9677681972011922,-8.689632175940275,2.2175362026087937
1789454262156802300,59.07580224609375,-3.957117623849213,-8.688143983209132,2.242272438327968
1789454262166742000,59.08574194335937,-3.954523807963729,-8.680717632600665,2.275357254067063
1789454262176682200,59.09568212890625,-3.956192325697839,-8.669001475843787,2.316755140121281
1789454262186622200,59.10562231445312,-3.9671106100752946,-8.653308232149481,2.3564121738575396
1789454262196562200,59.11556225585937,-3.9861958342954513,-8.633265561074017,2.3973719607554376
1789454262206502100,59.125502197265625,-4.009322735121846,-8.60750568139553,2.450825318523496
1789454262216442000,59.13544213867188,-4.037249729706347,-8.574264506050945,2.520514210169017
1789454262226382300,59.14538232421875,-4.07208138911277,-8.532941146537661,2.6033555749848483
1789454262236322000,59.15532202148437,-4.112074084544181,-8.486991880789398,2.6892785392031073
1789454262246262000,59.165261962890625,-4.157339751942455,-8.44064338659048,2.7644954004898667
1789454262256202200,59.1752021484375,-4.200854776281118,-8.395321312829852,2.835808532336354
1789454262266142200,59.18514208984375,-4.234284752196073,-8.352064354905485,2.912770191463828
1789454262276082000,59.19508203125,-4.2610204911693925,-8.31067202180922,2.9911212591230867
1789454262286022100,59.20502221679688,-4.293324385663866,-8.266425468325615,3.066584788647294
1789454262295962000,59.21496215820312,-4.338413235190511,-8.215476202332972,3.139191175174713
1789454262305902300,59.22490234375,-4.395308550105988,-8.160192706528305,3.203578307150304
1789454262315842000,59.234842041015625,-4.448075386914611,-8.105584918028116,3.268713334883749
1789454262325782000,59.24478198242188,-4.483784413677454,-8.05347069990933,3.347786287076771
1789454262335722200,59.25472216796875,-4.5116146698892114,-7.999685918229818,3.438125606432557
1789454262345662200,59.264662109375,-4.547904419149458,-7.936448248550295,3.535493801511824
1789454262355602000,59.274601806640625,-4.594437037743628,-7.862880908036232,3.6382188474491235
1789454262365542100,59.28454223632812,-4.646760222437978,-7.785167553758621,3.7375396379008885
1789454262375482000,59.29448217773437,-4.695124148112535,-7.709100797644257,3.833528945842385
1789454262385422300,59.30442236328125,-4.728144081921875,-7.638731376388669,3.932534971256554
1789454262395362000,59.31436206054688,-4.755314120659232,-7.572637732756138,4.026479621627926
1789454262405302000,59.32430200195312,-4.801345511732995,-7.502123934593796,4.1031259311959145
1789454262415242200,59.3342421875,-4.87536731801629,-7.421777893725037,4.161540126241744
1789454262425182200,59.34418212890625,-4.970578335061669,-7.332339614862203,4.20720122269839
1789454262435122200,59.3541220703125,-5.0667655036628245,-7.2385168373048305,4.254659431704878
1789454262445062100,59.36406225585937,-5.142938642761111,-7.146421321931481,4.318474609011411
1789454262455002000,59.374002197265625,-5.2086429948151105,-7.056395014047622,4.387222858805954
1789454262464942300,59.3839423828125,-5.294686955064535,-6.960726316362619,4.436777163308858
1789454262474882000,59.39388208007812,-5.409792174625396,-6.857210412308573,4.45906264487505
1789454262484822000,59.40382202148437,-5.536378573143482,-6.7499354479819536,4.467355841445922
1789454262494762200,59.41376220703125,-5.646172826814651,-6.640729807853698,4.493533069753647
1789454262504702200,59.4237021484375,-5.7288651385486125,-6.531410185956955,4.548756359803677
1789454262514642200,59.43364208984375,-5.8020297434806825,-6.4190475431025025,4.615485963252186
1789454262524582100,59.44358203125,-5.885827386108041,-6.295030118289589,4.679747423021495
1789454262534522000,59.45352221679688,-5.98769610747695,-6.16095248723328,4.728691194410622
1789454262544462000,59.46346215820312,-6.100927349859476,-6.022716567453742,4.761930323928595
1789454262554402000,59.47340209960937,-6.20466946388483,-5.886590771695971,4.797965513905883
1789454262564342000,59.483342041015625,-6.2913751029133795,-5.7637441442281006,4.834072892336547
1789454262574282200,59.4932822265625,-6.377143168830871,-5.654354964226484,4.850845455700159
1789454262584222000,59.50322192382812,-6.467787316352129,-5.551392602401972,4.849758829507231
1789454262594162200,59.513162109375,-6.566487929078936,-5.449798021799325,4.8323234183207155
1789454262604102100,59.52310205078125,-6.675908088740706,-5.340414687016606,4.8044329563543196
1789454262614042000,59.5330419921875,-6.782737647387385,-5.220604650765657,4.786459785029292
1789454262623982000,59.54298217773437,-6.877578077554702,-5.096562676033377,4.784808802951872
1789454262633922000,59.552922119140625,-6.962479297509789,-4.973242585834861,4.79177776518166
1789454262643862300,59.5628623046875,-7.047135018271208,-4.850996554608643,4.793336685061455
1789454262653802200,59.57280224609375,-7.141288635218143,-4.727819672273099,4.777033492775261
1789454262663742000,59.58274194335937,-7.241417234921455,-4.598613446645438,4.752367253552377
1789454262673682200,59.59268212890625,-7.335915719783306,-4.46583988392502,4.734020865000784
1789454262683622100,59.6026220703125,-7.417469967398047,-4.334744191288948,4.728796408350766
1789454262693562000,59.61256201171875,-7.483752411600947,-4.208753712837398,4.738166001981496
1789454262703502000,59.622502197265625,-7.5461980541199445,-4.086308944168687,4.746304007990658
1789454262713442300,59.6324423828125,-7.614318235144019,-3.961911872388422,4.742971940958499
1789454262723382300,59.64238232421875,-7.68320940054059,-3.8380066757783293,4.733750815887749
1789454262733322500,59.652322509765625,-7.742627219671011,-3.71903601296097,4.73190138862878
1789454262743262200,59.66226220703125,-7.788349106404185,-3.610363749057054,4.741019930107892
1789454262753202200,59.6722021484375,-7.823025867509841,-3.5156036906495687,4.755116552260517
1789454262763142400,59.68214233398437,-7.853339757230877,-3.434179206894338,4.764643382279575
1789454262773083100,59.69208325195312,-7.8791937449336045,-3.3628459090426563,4.77283837917298
1789454262783023400,59.7020234375,-7.897544225138425,-3.3013556675523517,4.785417874760926
1789454262792963300,59.71196337890625,-7.911023884436488,-3.2487165487766263,4.799161153431236
1789454262802903300,59.7219033203125,-7.9218305251330134,-3.202927734287083,4.812096915110946
1789454262812843300,59.73184326171875,-7.9341890714466565,-3.163652247214317,4.81771212464422
1789454262822783200,59.741783203125,-7.950175160607695,-3.129315385587513,4.8137844298064705
1789454262832723500,59.75172338867188,-7.96376295645535,-3.0996348253339527,4.810523674444854
1789454262842663200,59.7616630859375,-7.967232093870639,-3.0732252495750783,4.821703824628889
1789454262852603100,59.77160302734375,-7.956493842235207,-3.0536046033039685,4.851814592993259
1789454262862543400,59.78154345703125,-7.938320472162961,-3.0456711799561975,4.886447514957189
1789454262872483300,59.7914833984375,-7.917098235914111,-3.0535753772094845,4.915852473139762
1789454262882423000,59.80142309570312,-7.900528793907165,-3.070092504507303,4.93219453613162
1789454262892363300,59.81136328125,-7.881088180378079,-3.0901255309715867,4.950756613260507
1789454262902303200,59.82130322265625,-7.859056965833902,-3.108489162918925,4.974220490956307
1789454262912243500,59.83124340820312,-7.838164984452724,-3.1246637603893874,4.9970022316068405
1789454262922183200,59.84118310546875,-7.816825843825936,-3.1434055779993533,5.018627203437686
1789454262932123100,59.851123046875,-7.794600568014383,-3.1655297315239905,5.039249720227718
1789454262942063400,59.8610634765625,-7.769844312420487,-3.189227125714719,5.0624868034303185
1789454262952003300,59.87100341796875,-7.739899840533733,-3.2154239355057475,5.091702376520633
1789454262961943000,59.88094311523437,-7.704490088978409,-3.2486732941567897,5.124193025758863
1789454262971883300,59.89088330078125,-7.667973837485909,-3.291349237322807,5.151659124833345
1789454262981823200,59.9008232421875,-7.6278271205365655,-3.34568142375201,5.176206706112623
1789454262991763500,59.91076342773437,-7.578366047275066,-3.4152558952376246,5.203340212231875
1789454263001703200,59.920703125,-7.520701793813705,-3.500315812885761,5.230416435205936
1789454263011643100,59.93064306640625,-7.453806186148523,-3.6010903092771764,5.257690226578712
1789454263021583400,59.94058325195312,-7.374890470343828,-3.717041332012415,5.288196424001455
1789454263031523300,59.9505234375,-7.2917919158965345,-3.844553028681874,5.3122068296641105
1789454263041463300,59.96046337890625,-7.208475919306278,-3.9769726633980866,5.328412114533782
1789454263051403300,59.9704033203125,-7.117912435805797,-4.112828994564712,5.346996403494477
1789454263061343200,59.98034326171875,-7.023416873553395,-4.2491763241186735,5.365301875513792
1789454263071283500,59.990283447265625,-6.925567324697971,-4.386970053088665,5.381579056575894
1789454263081223200,60.00022314453125,-6.820976484888791,-4.5286312711417676,5.397789017620682
1789454263091163100,60.0101630859375,-6.717915923386812,-4.674772557218373,5.402453502300381
1789454263101103400,60.02010327148437,-6.623750031480193,-4.82391302511096,5.387599047517776
1789454263111043300,60.030043212890625,-6.53173459560573,-4.973037418651581,5.364301174038649
1789454263120983300,60.0399833984375,-6.438927717092633,-5.119036958169937,5.339110034158826
1789454263130923300,60.04992333984375,-6.345573141568899,-5.262761538493633,5.311062335804104
1789454263140863200,60.05986328125,-6.25034400434494,-5.408391075655818,5.277584429094195
1789454263150803200,60.06980322265625,-6.156480310255288,-5.560092041686177,5.230061045897006
1789454263160743200,60.0797431640625,-6.071121994182467,-5.715757235172391,5.161587813651561
1789454263170683100,60.08968310546875,-5.998263678720593,-5.86855768687725,5.074568870890141
1789454263180623400,60.099623291015625,-5.926417755171657,-6.014008944863081,4.987949156579375
1789454263190563300,60.10956323242188,-5.842944522193074,-6.155988727346062,4.912652800315618
1789454263200503300,60.11950341796875,-5.7532332716077565,-6.298324483659863,4.8375440755784505
1789454263210443300,60.129443359375,-5.670899271792173,-6.440942564046383,4.746108485418558
1789454263220383200,60.13938330078125,-5.6044736197263,-6.581501373815536,4.630778809452057
1789454263230323200,60.1493232421875,-5.557407917168736,-6.7156064774006605,4.492912307506799
1789454263240263200,60.15926318359375,-5.512032067394256,-6.840566151499748,4.3582732431754465
1789454263250203400,60.169203369140625,-5.4494438015341755,-6.961870225700736,4.243383712191879
1789454263260143400,60.17914331054688,-5.370667786461115,-7.08502664977014,4.138683274528384
1789454263270083000,60.1890830078125,-5.289332734555006,-7.208595746293663,4.028582731387019
1789454263280023300,60.19902319335937,-5.210996864464879,-7.330734517753124,3.9084842335835095
1789454263289963300,60.20896337890625,-5.1418683831810945,-7.449074481451511,3.773974348589778
1789454263299903200,60.2189033203125,-5.07412112712264,-7.5573033855021,3.648403264594078
1789454263309843200,60.22884326171875,-4.9886090817928315,-7.657551812192797,3.5561285932615396
1789454263319783200,60.238783203125,-4.88201713129431,-7.7588944638609885,3.4836598616391417
1789454263329723400,60.24872338867188,-4.770752512809634,-7.860464494544267,3.4093121844023466
1789454263339663400,60.25866333007812,-4.663814525352418,-7.958867001107334,3.3280142496362326
1789454263349603000,60.26860302734375,-4.56883585575819,-8.05285169122815,3.232292360459268
1789454263359543300,60.278543212890625,-4.486182999251783,-8.136604325670003,3.136910370761156
1789454263369483300,60.28848315429688,-4.4004508814305066,-8.210821654525398,3.064117229489982
1789454263379423500,60.29842358398437,-4.30482485384345,-8.280491403079033,3.0120360368579626
1789454263389363200,60.30836328125,-4.205722382317483,-8.348591125836968,2.963670357617736
1789454263399303200,60.31830322265625,-4.113525160135328,-8.41376882366836,2.908228456380963
1789454263409243400,60.32824340820312,-4.03937943521142,-8.471516663759946,2.843796608480811
1789454263419183400,60.33818334960937,-3.9887510717362162,-8.516554659882187,2.7800252703160044
1789454263429123000,60.348123046875,-3.9515833705976604,-8.549937874045968,2.7301947792202235
1789454263439063300,60.35806323242188,-3.916483415643871,-8.576336636149883,2.6977751493915916
1789454263449003300,60.36800317382812,-3.8832843258753416,-8.597364811131358,2.6787659130170938
1789454263458943500,60.377943603515625,-3.858794612263143,-8.61190596218109,2.667430280010402
1789454263468883200,60.38788330078125,-3.8514921802952884,-8.61942349820435,2.65366040559411
1789454263478823200,60.3978232421875,-3.85996570186913,-8.620589619374275,2.637511819347739
1789454263488763400,60.40776342773437,-3.870974002617597,-8.616183493369817,2.635774328030646
1789454263498703400,60.417703369140625,-3.877955824328959,-8.60705852214992,2.6552567348748446
1789454263508643000,60.42764306640625,-3.884729263986647,-8.594868902662396,2.684679813235998
1789454263518583300,60.43758325195312,-3.8989638333052397,-8.578414611467718,2.7164751736864448
1789454263528523300,60.44752319335937,-3.9288866778820752,-8.554118959122896,2.749777431568503
1789454263538463200,60.457463134765625,-3.972335651247203,-8.521009885725379,2.7898618969365954
1789454263548403200,60.4674033203125,-4.01700890571028,-8.481304482802749,2.846312390694022
1789454263558343200,60.47734326171875,-4.058933445987105,-8.439122460633516,2.911475767739117
1789454263568283400,60.487283447265625,-4.10166053481847,-8.396664544132351,2.973680587239563
1789454263578223000,60.49722314453125,-4.146363015376031,-8.354400104376673,3.03018777962029
1789454263588163300,60.50716333007812,-4.195033230520784,-8.311203352206945,3.0815584858953953
1789454263598103300,60.51710327148437,-4.249223378130793,-8.264211299407481,3.133256524428725
1789454263608043300,60.527043212890625,-4.303199006207287,-8.213527990874647,3.1923058025076982
1789454263617983200,60.53698315429688,-4.353647921462357,-8.162053824225067,3.2553093711704015
1789454263627923200,60.54692309570312,-4.406818662896752,-8.110068785443902,3.3131723620742557
1789454263637863200,60.55686328125,-4.463385184249281,-8.056888399398327,3.366772142575681
1789454263647803400,60.56680346679688,-4.524173414950073,-8.001262958288192,3.417895303830504
1789454263657743000,60.5767431640625,-4.587606607201695,-7.941171185418963,3.473045820905268
1789454263667683300,60.58668334960937,-4.644743037396669,-7.878783995088934,3.5385768622189757
1789454263677623300,60.596623291015625,-4.690721236978471,-7.81778679781258,3.612447277332842
1789454263687563300,60.60656323242188,-4.733538634441793,-7.759848988106846,3.680862057389319
1789454263697503000,60.6165029296875,-4.7811280686125155,-7.703868157687783,3.7365243233785033
1789454263707443000,60.62644287109375,-4.8420723666578525,-7.647927659279108,3.772783677500486
1789454263717383000,60.6363828125,-4.912576812469959,-7.5867288019508115,3.8050638988584278
1789454263727323600,60.64632373046875,-4.9783478000193835,-7.518344417032599,3.854983821803331
1789454263737262800,60.65626293945313,-5.03111551361084,-7.446325475004315,3.9256209540843963
1789454263747203800,60.66620385742188,-5.075001417088508,-7.3728200938105575,4.007032286097109
1789454263757144000,60.67614404296875,-5.119764687922596,-7.295753220742941,4.090283693018556
1789454263767083800,60.68608374023437,-5.174371891900897,-7.213353754475713,4.166989623819291
1789454263777023700,60.696023681640625,-5.24333261540234,-7.123761746355891,4.234369215609133
1789454263786964000,60.7059638671875,-5.317642298716306,-7.027094685283303,4.302677904942631
1789454263796904000,60.71590405273437,-5.383499795505404,-6.931977191740274,4.374471513782441
1789454263806844000,60.725843994140625,-5.441716422152519,-6.842516701045632,4.442759744849801
1789454263816784000,60.73578393554688,-5.500255704882741,-6.756886582294106,4.501340820895135
1789454263826723800,60.74572387695312,-5.571554515942931,-6.671939185109734,4.540199543860554
1789454263836664000,60.7556640625,-5.666438785251975,-6.577458820426464,4.560578315022587
1789454263846603800,60.765603759765625,-5.7631087689340115,-6.468106465303897,4.595716263899207
1789454263856543700,60.77554370117188,-5.842096380931139,-6.353055021756887,4.656072825184464
1789454263866484000,60.78548388671875,-5.90971913382709,-6.237517255997657,4.726414773911237
1789454263876424000,60.795423828125,-5.964981002321839,-6.1221484170645475,4.807153321228921
1789454263886364000,60.80536401367188,-6.0197547950387,-6.012464638030528,4.876799688906967
1789454263896303900,60.81530395507812,-6.095898708042502,-5.901795355090498,4.91723837454021
1789454263906243800,60.82524389648437,-6.181844468614458,-5.793975031840801,4.93812451070249
1789454263916184000,60.83518408203125,-6.255431682872772,-5.701519450983405,4.953040924805403
1789454263926123800,60.84512377929688,-6.31261662838459,-5.621822813934087,4.971555655661225
1789454263936064000,60.85506396484375,-6.35806612791717,-5.544631437703967,5.000243405485153
1789454263946004000,60.86500390625,-6.404851844489574,-5.465615184134244,5.027458160147071
1789454263955944000,60.87494384765625,-6.463640133544803,-5.376517097011209,5.048246681153774
1789454263965884000,60.8848837890625,-6.52819239295423,-5.279139257320761,5.067916427263617
1789454263975824000,60.89482397460937,-6.588408668985963,-5.184328053247929,5.087826996392011
1789454263985763800,60.904763916015625,-6.651102148786187,-5.092170578554272,5.099320450308919
1789454263995703800,60.91470385742188,-6.7228446119606495,-4.997383924400806,5.099010653707385
1789454264005643800,60.92464379882812,-6.800498929527402,-4.899971305657923,5.090565481445193
1789454264015584000,60.934583984375,-6.878731339243054,-4.803063421566784,5.077798354330659
1789454264025524000,60.94452392578125,-6.953979180189966,-4.708858951215445,5.063518484565615
1789454264035464000,60.9544638671875,-7.020767820349335,-4.620157169933617,5.053056711784005
1789454264045404000,60.96440380859375,-7.0786167827278375,-4.53990903648138,5.045075065380335
1789454264055343900,60.97434375,-7.135124851891398,-4.462145997843146,5.0348406716138125
1789454264065283800,60.98428393554688,-7.197404490193724,-4.375484490217268,5.022235457062721
1789454264075223800,60.99422387695312,-7.256375150078535,-4.280444153563678,5.019288297694922
1789454264085163800,61.00416381835937,-7.304774731588363,-4.184143295454978,5.030267956870794
1789454264095104000,61.01410400390625,-7.33909668790698,-4.0872731130257245,5.059868145364523
1789454264105044000,61.0240439453125,-7.36554338080585,-3.988752240779996,5.099906725764274
1789454264114983700,61.03398364257812,-7.3953481519609685,-3.8932273354798554,5.130494756251573
1789454264124924000,61.043923828125,-7.427375275340676,-3.80879928599447,5.1475744858682155
1789454264134864000,61.05386376953125,-7.45435388315916,-3.7391511647507545,5.1596249891459935
1789454264144804000,61.06380419921875,-7.475527604091167,-3.6792636822819706,5.172029128167033
1789454264154743800,61.07374389648437,-7.486641118779778,-3.6255543039262292,5.193835301783681
1789454264164683800,61.083683837890625,-7.484898659026622,-3.581083586297929,5.227094597306848
1789454264174624000,61.0936240234375,-7.482056713598966,-3.5397879915744066,5.259196539488435
1789454264184564000,61.10356396484375,-7.486286313992738,-3.49614904859513,5.28231204213798
1789454264194503700,61.11350366210937,-7.489578925797343,-3.45729266371727,5.30318122716546
1789454264204444000,61.12344384765625,-7.4975506353288885,-3.424246426422894,5.313344893783331
1789454264214383900,61.1333837890625,-7.51367934783101,-3.3936104651406405,5.310220039761066
1789454264224324000,61.14332397460937,-7.532267728444934,-3.370169968320429,5.298796728470921
1789454264234263800,61.153263916015625,-7.5487933313101525,-3.3592753570795058,5.282175848537683
1789454264244203800,61.16320385742188,-7.565964830863475,-3.3522993805870414,5.26200107551515
1789454264254144000,61.17314404296875,-7.5756766620606175,-3.3469346386834977,5.25142765905261
1789454264264084000,61.183083984375,-7.579227632540464,-3.346932300595939,5.246304324689508
1789454264274023700,61.193023681640625,-7.574269717872142,-3.3546187634453175,5.2485547339648
1789454264283964000,61.2029638671875,-7.564301866087317,-3.3681855165049432,5.254238624820113
1789454264293904000,61.21290380859375,-7.550848510274291,-3.3858646733194586,5.262222609311342
1789454264303844000,61.222843994140625,-7.540492535954713,-3.4057018849506973,5.264267851403355
1789454264313783800,61.23278369140625,-7.534632119488716,-3.4261575207412243,5.25939060075581
1789454264323723800,61.24272387695312,-7.534878787726163,-3.4495684992060065,5.24370729393363
1789454264333664000,61.2526640625,-7.535711146897077,-3.479584282763302,5.2226352798104285
1789454264343604000,61.26260400390625,-7.532308060455322,-3.520726732751727,5.199923681786656
1789454264353544000,61.2725439453125,-7.523752998077869,-3.573410859712958,5.176314842662215
1789454264363484000,61.28248388671875,-7.509412922558188,-3.6355464133694766,5.153824193912744
1789454264373423900,61.292423828125,-7.488809694990516,-3.7048411911308765,5.13441748265326
1789454264383363800,61.30236376953125,-7.465206116563081,-3.7781823216736314,5.115308877557516
1789454264393303800,61.3123037109375,-7.43971394791007,-3.851251941798627,5.097933964386582
1789454264403243800,61.32224389648437,-7.41095605545938,-3.924483474487066,5.083953369829058
1789454264413184000,61.33218408203125,-7.380781866469979,-4.000572150172293,5.068516146722436
1789454264423123700,61.34212377929688,-7.3453738684803245,-4.083142296831309,5.054088392919302
1789454264433064000,61.35206396484375,-7.303036363488435,-4.178185263833403,5.037739900186658
1789454264443004000,61.36200390625,-7.25666215032637,-4.289403412827849,5.011213127788901
1789454264452944000,61.37194384765625,-7.207798458436131,-4.413008457447588,4.974276020535826
1789454264462883800,61.3818837890625,-7.151989477452635,-4.5461976152315735,4.934727854001522
1789454264472823800,61.39182373046875,-7.091491461870074,-4.68550087198168,4.8915486374884845
1789454264482764000,61.401763916015625,-7.026620053508878,-4.824396132452786,4.849972764518856
1789454264492704000,61.4117041015625,-6.949128817549347,-4.960179106122255,4.824587855632603
1789454264502643700,61.42164379882813,-6.86577541155815,-5.098457111477852,4.799709434963763
1789454264512584000,61.431583984375,-6.784934865170717,-5.239238039565086,4.762923718880117
1789454264522524000,61.44152392578125,-6.710711106574535,-5.378992547214031,4.712023844987153
1789454264532463900,61.4514638671875,-6.652600278389453,-5.515529846382141,4.635968487049639
1789454264542403800,61.46140380859375,-6.60764119272232,-5.646215496912598,4.5419890576258295
1789454264552343800,61.47134375,-6.540492487078905,-5.777592052316665,4.473454742842913
1789454264562284000,61.48128393554688,-6.446298538121581,-5.9188002659052605,4.425320534271002
1789454264572224000,61.49122412109375,-6.351175783881545,-6.066139529594778,4.362904410107434
1789454264582163700,61.50116381835937,-6.256172856628894,-6.210102594849467,4.297128454121947
1789454264592104000,61.51110400390625,-6.1661313511759035,-6.344577116268873,4.230310880129039
1789454264602044000,61.5210439453125,-6.083716687339544,-6.46675855782628,4.164109684468806
1789454264611984000,61.53098388671875,-6.0017550279676914,-6.571731090429425,4.118455602274834
1789454264621923800,61.540923828125,-5.922319087681174,-6.661255878531932,4.089521768735349
1789454264631863800,61.55086376953125,-5.853762268805504,-6.7394006099641315,4.060085538631677
1789454264641804000,61.56080395507813,-5.80220100839436,-6.806390910175442,4.022170526257157
1789454264651744000,61.57074389648437,-5.764072061008215,-6.861290375098585,3.9835383055239912
1789454264661683700,61.58068359375,-5.731241804552078,-6.908351401481032,3.94942122412771
1789454264671624000,61.5906240234375,-5.696502499604224,-6.956226082333922,3.9155043414786457
1789454264681564000,61.60056396484375,-5.660141730934381,-7.008885074853897,3.874113761948049
1789454264691504000,61.610504150390625,-5.6269350423812865,-7.066845680913329,3.81676339674145
1789454264701444400,61.6204443359375,-5.596446965137123,-7.132661676648259,3.738351831066608
1789454264711384600,61.63038452148437,-5.563897279188037,-7.205027824679017,3.6470518499851226
1789454264721324500,61.640324462890625,-5.522154232957959,-7.276463413861394,3.5678090941831466
1789454264731264300,61.65026416015625,-5.4695384950578205,-7.341400288674235,3.515453468523919
1789454264741204500,61.66020458984375,-5.405883476749062,-7.4067515895068645,3.47661345025897
1789454264751144400,61.67014453125,-5.331057076084614,-7.48259155112803,3.429434642715752
1789454264761084400,61.68008447265625,-5.247238390669226,-7.571497915071249,3.3629318337604404
1789454264771024400,61.6900244140625,-5.149861135500669,-7.667955717307329,3.294210179711878
1789454264780964400,61.69996435546875,-5.044501649406552,-7.75191527249813,3.2605504866942763
1789454264790904600,61.709904541015625,-4.945052264139056,-7.80894707327485,3.276761616782844
1789454264800844500,61.71984448242188,-4.862528879231214,-7.8476903531670565,3.3075665048912164
1789454264810784300,61.7297841796875,-4.8007355631411075,-7.879973497134447,3.3210470409721133
1789454264820724500,61.73972436523437,-4.751888822385668,-7.917289959093928,3.3024975310638545
1789454264830664400,61.74966455078125,-4.7056361897766585,-7.96609344522953,3.250960820572078
1789454264840604400,61.7596044921875,-4.6497322239860885,-8.023731395205855,3.189059660193324
1789454264850544400,61.76954443359375,-4.58536876514703,-8.083224617660045,3.1314985748454927
1789454264860484400,61.779484375,-4.527934521049261,-8.136782604846358,3.0758690420821306
1789454264870424600,61.78942456054688,-4.489144771666824,-8.179373792338371,3.019236177495122
1789454264880364500,61.79936450195312,-4.4708331621676685,-8.209858362451195,2.9631472105264662
1789454264890304300,61.80930419921875,-4.470340410214662,-8.230091003140807,2.9072485054329036
1789454264900244500,61.819244384765625,-4.4823704552263015,-8.242688034385441,2.852522935771942
1789454264910184400,61.82918432617188,-4.49616546408385,-8.252571130496262,2.8017785447016355
1789454264920124400,61.83912451171875,-4.502147753363848,-8.264258645680547,2.7573715399593115
1789454264930064400,61.849064453125,-4.497831351469457,-8.279201947790384,2.719314488765597
1789454264940004400,61.85900439453125,-4.480867941708863,-8.30032072366476,2.682702960205078
1789454264949944600,61.86894458007812,-4.453079478812217,-8.327097086909413,2.645738380423188
1789454264959884300,61.87888427734375,-4.4229409456580875,-8.357099426463245,2.601321731069684
1789454264969824300,61.88882421875,-4.3965351692914965,-8.388700433385372,2.543732296410203
1789454264979764500,61.89876440429688,-4.376510326133668,-8.41885884028375,2.477772800551355
1789454264989704400,61.90870434570313,-4.371131555704772,-8.440525897690653,2.412704554443806
1789454264999644400,61.91864453125,-4.38590768455416,-8.446895432722568,2.3630751388780773
1789454265009584400,61.92858447265625,-4.40988097307682,-8.440898238134384,2.3397876406624913
1789454265019524400,61.9385244140625,-4.421735076999664,-8.432646542617679,2.3471602152571083
1789454265029464600,61.94846459960937,-4.407454330451786,-8.429244040697812,2.3859072945415973
1789454265039404300,61.958404296875,-4.370550833207369,-8.42913648867011,2.4532331103175875
1789454265049344500,61.96834448242188,-4.330359400333464,-8.42648743546605,2.5323221368625757
1789454265059284500,61.97828442382813,-4.307991793441772,-8.417835342454909,2.598388307966292
1789454265069224400,61.98822436523437,-4.296986123041808,-8.413027065390349,2.6319743512257934
1789454265079164400,61.998164306640625,-4.2717052590519184,-8.425739247447252,2.632454535958171
1789454265089104400,62.0081044921875,-4.223801644365489,-8.456339552894233,2.6115458957031366
1789454265099044400,62.01804443359375,-4.1617429553374645,-8.499490712356566,2.570789230161905
1789454265108984600,62.027984619140625,-4.088872949437797,-8.552697986409068,2.510544312557578
1789454265118924300,62.03792431640625,-4.009562096835673,-8.61226018244624,2.433673838844895
1789454265128864500,62.04786450195313,-3.931162806120515,-8.670895326766372,2.3519968416333197
1789454265138804500,62.05780444335937,-3.849695360006392,-8.729106108194589,2.27000098773092
1789454265148744400,62.067744384765625,-3.764158180235326,-8.788060401466488,2.184377298720181
1789454265158684400,62.07768432617188,-3.678991002820432,-8.843631482040882,2.103707286594063
1789454265168624400,62.08762426757813,-3.597938859508931,-8.895320168223977,2.0244829432316123
1789454265178564600,62.097564697265625,-3.5193227111726997,-8.944587764739989,1.9439947174131869
1789454265188504600,62.10750463867188,-3.434445164354145,-8.99492211370468,1.8618232146829365
1789454265198444300,62.1174443359375,-3.349845265433192,-9.04302066644132,1.7812110702238977
1789454265208384500,62.12738452148437,-3.2751758088961243,-9.083850689479709,1.710920705553889
1789454265218324500,62.137324462890625,-3.2017800255566833,-9.120072341939807,1.6562779918707906
1789454265228264400,62.14726440429688,-3.1156875499904153,-9.1571047262609,1.615637061663717
1789454265238204400,62.15720434570313,-3.014465017570555,-9.195071761083602,1.5918576882779598
1789454265248144400,62.16714428710937,-2.912807308603823,-9.229231220316887,1.5834386733703314
1789454265258084600,62.17708471679688,-2.8288068368807435,-9.254449832725525,1.5885311742037533
1789454265268024300,62.1870244140625,-2.7741058171391484,-9.268568374449014,1.6026175672233103
1789454265277964300,62.19696435546875,-2.750978916312754,-9.272679316899179,1.6186195846058427
1789454265287904500,62.206904541015625,-2.7551702305227517,-9.26915581894815,1.631607807125151
1789454265297844500,62.21684448242188,-2.7769427941307425,-9.261261850827932,1.639503382680565
1789454265307784200,62.2267841796875,-2.803596407778561,-9.252914878243207,1.641277845007181
1789454265317724400,62.23672436523437,-2.8313708421498536,-9.244949598452449,1.6384857300706206
1789454265327664400,62.246664306640625,-2.865389139346778,-9.23530323370695,1.6337383894130586
1789454265337604600,62.2566044921875,-2.908507857844233,-9.222263719391822,1.631199518585205
1789454265347544300,62.26654443359375,-2.9591292070567605,-9.205862619689107,1.6327938020393251
1789454265357484300,62.276484375,-3.012224545167386,-9.187205265492201,1.6407722335726023
1789454265367424500,62.28642456054688,-3.058617170768976,-9.168287214532494,1.6606540149979292
1789454265377364500,62.29636450195313,-3.088750735487044,-9.150605427369475,1.7018937878809868
1789454265387304400,62.30630444335937,-3.1036992982938885,-9.133820296785235,1.763732258287072
1789454265397244400,62.316244384765625,-3.1115120178714393,-9.116917677301167,1.8359449693217873
1789454265407184400,62.32618432617188,-3.116244307090342,-9.098504653254151,1.9174498248368501
1789454265417124600,62.33612451171875,-3.1214240478157995,-9.077308720490336,2.0073728184767066
1789454265427064300,62.34606420898437,-3.1373402866110203,-9.05257350768447,2.0924650309592483
1789454265437004300,62.35600439453125,-3.16685484264791,-9.027249681335688,2.1564365678712725
1789454265446944500,62.36594458007813,-3.1823966951727867,-9.008881665474176,2.209706093505025
1789454265456884500,62.37588452148437,-3.1682951045840975,-8.997043343642353,2.277175263274461
1789454265466824400,62.385824462890625,-3.1780145345658064,-8.965144815078377,2.3867963523358107
1789454265476764400,62.39576440429688,-3.2355534080818296,-8.915373360693454,2.49353180295825
1789454265486704400,62.40570434570313,-3.298533303608,-8.872796201726795,2.561943660405278
1789454265496644600,62.41564453125,-3.338625367760658,-8.841411467903852,2.6179019867315887
1789454265506584300,62.425584228515625,-3.3595576811522245,-8.81991041471362,2.66326526928544
1789454265516524300,62.43552416992188,-3.377908161357045,-8.803451447343825,2.694320625023544
1789454265526464500,62.44546459960937,-3.3964491956979033,-8.789626920130848,2.7160668851464984
1789454265536404500,62.455404541015625,-3.4071152588799594,-8.780961967638135,2.730691622826457
1789454265546344400,62.46534448242188,-3.417031672738492,-8.774550347030162,2.738899479201436
1789454265556284400,62.47528442382813,-3.430857368995249,-8.76789614983797,2.7429171904101968
1789454265566224400,62.48522436523437,-3.435402318948507,-8.764322383004426,2.7486396597102285
1789454265576164600,62.49516455078125,-3.4286370625972746,-8.76547330660522,2.7534207565069195
1789454265586104300,62.50510424804688,-3.427884490664303,-8.7675997972399,2.747575245349109
1789454265596044500,62.51504443359375,-3.440473630863428,-8.76668268239498,2.7347417750000953
1789454265605984500,62.524984619140625,-3.460212350556254,-8.761541812375187,2.726300402130186
1789454265615924500,62.53492456054688,-3.4824668524622915,-8.754844945085049,2.7194647108912466
1789454265625864400,62.54486450195313,-3.5037674146443605,-8.750518898579477,2.7059961575090883
1789454265635804400,62.55480444335937,-3.5184856758266685,-8.748971669137477,2.691861833694577
1789454265645744400,62.564744384765625,-3.526729772558808,-8.750002181228995,2.677690392740071
1789454265655684400,62.57468432617188,-3.532403726541996,-8.75157863676548,2.665035786089301
1789454265665623600,62.58462353515625,-3.5332945379018783,-8.751680343574286,2.6635148601323366
1789454265675563300,62.594563232421876,-3.528512856583297,-8.750153572398423,2.674844063398242
1789454265685503500,62.60450341796875,-3.518872629317641,-8.74808904108405,2.6942224253460765
1789454265695443500,62.614443359375,-3.5044834539592262,-8.746073025086522,2.7194123961821197
1789454265705383400,62.624383544921876,-3.482241811534762,-8.74465965115726,2.752325362485647
1789454265715323100,62.6343232421875,-3.455589074669778,-8.74475025205016,2.785429175186157
1789454265725263400,62.64426342773437,-3.4434181598827243,-8.742904331922531,2.806216819410026
1789454265735203300,62.654203369140625,-3.451524893970787,-8.736451210260391,2.8163445379316805
1789454265745143300,62.664143310546876,-3.4666204640328884,-8.727404564973712,2.8258333740279076
1789454265755083300,62.67408325195313,-3.481889929357171,-8.718245106962323,2.8353242559507486
1789454265765023200,62.68402319335937,-3.4963512931689618,-8.709862478542327,2.8432795988693833
1789454265774963500,62.69396337890625,-3.5029870779216288,-8.7035730230093,2.854341383370757
1789454265784903200,62.703903076171876,-3.5028742651969194,-8.700395562016963,2.8641578439861535
1789454265794843100,62.71384301757813,-3.506432542200386,-8.6969533126086,2.8702511924251914
1789454265804783400,62.723783447265625,-3.509144431507587,-8.691945713579655,2.882075777992606
1789454265814723300,62.733723388671876,-3.506680964003503,-8.686539470621943,2.901310055294633
1789454265824663300,62.74366333007813,-3.501039743246138,-8.680250599610805,2.9268334958687423
1789454265834603300,62.75360327148437,-3.4904771404385566,-8.674183846917748,2.957278318493068
1789454265844543200,62.763543212890625,-3.480181664134562,-8.66768688611388,2.9883000642225146
1789454265854483500,62.7734833984375,-3.4797675303757187,-8.658096050947904,3.016456775909662
1789454265864423200,62.78342309570313,-3.4896862823218107,-8.645639889478684,3.0406185727417467
1789454265874363400,62.79336328125,-3.505497014915943,-8.630252350732684,3.066040014246106
1789454265884303400,62.803303466796876,-3.523067450658977,-8.61220640643239,3.096491851133108
1789454265894243300,62.81324340820313,-3.5461040428534147,-8.592309865829348,3.12533975995481
1789454265904183300,62.82318334960937,-3.579541325291991,-8.571275261107086,3.144913059952855
1789454265914123300,62.833123291015625,-3.6124633516848084,-8.550555129161477,3.163624774685502
1789454265924063200,62.843063232421876,-3.633782910828292,-8.529721015447377,3.195289202232659
1789454265934003500,62.85300341796875,-3.660480948139727,-8.509431676134467,3.218824976120889
1789454265943943200,62.86294311523437,-3.692145375686884,-8.49040315053761,3.232878051392734
1789454265953883400,62.87288330078125,-3.7290465348437425,-8.472461835655569,3.2375919281721113
1789454265963823400,62.8828232421875,-3.760089615622163,-8.456356504029035,3.243791659595072
1789454265973763300,62.89276342773437,-3.7871103090167044,-8.442353113117814,3.248823808543384
1789454265983703300,62.902703369140625,-3.8115456620931623,-8.431435413262248,3.248601397964358
1789454265993643300,62.912643310546876,-3.8267932078465816,-8.422980888649821,3.2526036193430423
1789454266003583200,62.92258325195313,-3.8288846271678803,-8.41845201304853,3.2618574776396154
1789454266013523500,62.9325234375,-3.8176910329803824,-8.420721127024292,3.269104964549839
1789454266023463200,62.942463134765624,-3.7991707491666076,-8.42867296281159,3.2701936365693807
1789454266033403400,62.9524033203125,-3.780494398008287,-8.436087622982264,3.2727181866109367
1789454266043343400,62.96234326171875,-3.7689042057186364,-8.437164896824955,3.283287219159305
1789454266053283300,62.972283447265625,-3.772274851195514,-8.426404433357716,3.3069697080418465
1789454266063223300,62.982223388671876,-3.868490369108319,-8.35767108887136,3.3696433140978215
1789454266073163300,62.99216333007813,-3.9467861994490026,-8.322631339672208,3.365567150700092
1789454266083103500,63.002103515625,-3.9853158365905283,-8.260812889140844,3.470828437116742
1789454266093043200,63.012043212890624,-4.122117924174666,-8.13782246928811,3.5992145785331724
1789454266102983200,63.021983154296876,-4.263306556279957,-8.04701582468152,3.638703416095674
1789454266112923400,63.03192333984375,-4.33873179962039,-8.008772311004996,3.633919981211424
1789454266122863400,63.04186328125,-4.356930011872947,-7.996615424743294,3.6389164743244646
1789454266132803300,63.05180322265625,-4.334402538244426,-8.001618347597121,3.6547803984105585
1789454266142743300,63.06174340820313,-4.291921240867674,-8.017533125087619,3.670015084682405
1789454266152683300,63.07168334960937,-4.239431175173819,-8.040311358606814,3.6811738998174666
1789454266162623500,63.08162353515625,-4.186956014788151,-8.068525061178207,3.679496321994066
1789454266172563200,63.091563232421876,-4.148468463222682,-8.095421835932136,3.6639801884323355
1789454266182503200,63.10150317382813,-4.126954842811823,-8.104280849692225,3.668690558080375
1789454266192443400,63.111443359375,-4.147243597602844,-8.08147981981933,3.6960023433759805
1789454266202383400,63.12138330078125,-4.1741716442778705,-8.071661021116375,3.687142452833056
1789454266212323000,63.131322998046876,-4.175283404912054,-8.073859992465376,3.6810564109176394
1789454266222263300,63.14126318359375,-4.169562981438636,-8.072351925989985,3.6908313704788682
1789454266232203300,63.151203369140624,-4.15821741155982,-8.07510210148096,3.697610655355453
1789454266242143500,63.1611435546875,-4.13186482668519,-8.088947671481966,3.6968922779530287
1789454266252083200,63.17108325195313,-4.1098529013633724,-8.101866774287819,3.6931387706384062
1789454266262023200,63.18102319335937,-4.08992070492506,-8.121550548923015,3.671972648490965
1789454266271963400,63.19096337890625,-4.071448936428129,-8.138152139633894,3.655700435864925
1789454266281903400,63.2009033203125,-4.058474304042757,-8.142054992291332,3.661439271777868
1789454266291843300,63.21084326171875,-4.045063033805787,-8.140661492106318,3.679327979689836
1789454266301783300,63.220783203125,-4.024729563090205,-8.141910615384578,3.6988106787949797
1789454266311723300,63.23072314453125,-3.999070513437688,-8.1499629889369,3.708900403393805
1789454266321663500,63.24066357421875,-3.9747333600386976,-8.161877298614382,3.708860655905306
1789454266331603200,63.25060327148437,-3.9597032564282415,-8.172833576914668,3.700807697831094
1789454266341543200,63.260543212890624,-3.9526474926978348,-8.179238767781854,3.694189156474173
1789454266351483400,63.2704833984375,-3.9472736907050012,-8.181304468140006,3.6953564466878768
1789454266361423400,63.28042333984375,-3.9415097203508016,-8.181569841077923,3.7009208028167486
1789454266371363300,63.29036328125,-3.935841027064621,-8.18317961436212,3.7033921613663434
1789454266381303300,63.30030322265625,-3.9344153781756757,-8.188767643627523,3.6925352517873047
1789454266391243300,63.3102431640625,-3.936723655118048,-8.19720521710515,3.6712913882285356
1789454266401183500,63.32018359375,-3.9437709432810544,-8.203591703271865,3.6494001666769385
1789454266411123200,63.330123291015624,-3.9494659400522707,-8.205069959130883,3.6399054853618145
1789454266421063400,63.3400634765625,-3.947279535923898,-8.203818497765063,3.6450913635671136
1789454266431003400,63.35000341796875,-3.9427801786780354,-8.201345970171689,3.6555171882525084
1789454266440943400,63.359943359375,-3.937649830052256,-8.200656818863749,3.6625878572911024
1789454266450883300,63.36988330078125,-3.9276588896527884,-8.209172133752704,3.654225687137246
1789454266460823300,63.3798232421875,-3.914266616377234,-8.224231171196699,3.6346848281040787
1789454266470763300,63.38976318359375,-3.906685659728944,-8.239978190904855,3.607074352122843
1789454266480703200,63.399703125,-3.9018063632547855,-8.251779103335737,3.5853114331260323
1789454266490643200,63.409643310546876,-3.8926004357531663,-8.257018757554889,3.5832533315524455
1789454266500583400,63.41958349609375,-3.888699336661398,-8.25602799295187,3.5897684125348923
1789454266510523400,63.4295234375,-3.8886312398612497,-8.256123270019888,3.5896155600607393
1789454266520463000,63.439463134765624,-3.8875671177610753,-8.260935638737678,3.579686286720633
1789454266530403300,63.4494033203125,-3.88895769533664,-8.267749994927645,3.562401682181656
1789454266540343300,63.45934326171875,-3.890536488960683,-8.271291613057254,3.5524481511831283
1789454266550282200,63.4692822265625,-3.8802836827546354,-8.27764068982303,3.5488664933040734
1789454266560222500,63.47922241210937,-3.849121944032609,-8.294644431594014,3.5430887866854666
1789454266570162200,63.489162109375,-3.8103418392613526,-8.328204755890368,3.506091181416809
1789454266580102100,63.49910205078125,-3.7764942224562166,-8.370444061204791,3.4415330767884846
1789454266590042400,63.50904248046875,-3.737962539488077,-8.397727789449691,3.4170515464827416
1789454266599982300,63.518982421875,-3.7201550801187753,-8.403541444164514,3.4221772189334034
1789454266609922300,63.52892236328125,-3.7299957983925935,-8.396893676713109,3.4277874600306153
1789454266619862300,63.5388623046875,-3.7350218098610637,-8.389722177648544,3.4398554989650845
1789454266629802200,63.54880224609375,-3.7204905956834553,-8.382261924770473,3.473614560703933
1789454266639742500,63.558742431640624,-3.6937042955666777,-8.374031856563686,3.521722465790808
1789454266649682200,63.56868212890625,-3.669261343705654,-8.361372281476855,3.576921498182416
1789454266659622100,63.5786220703125,-3.6587729751780627,-8.34618114208579,3.6228535205349326
1789454266669562400,63.58856225585937,-3.677513331483304,-8.335088085663319,3.6294068877011534
1789454266679502300,63.59850244140625,-3.7302325297579166,-8.317232695499062,3.616541268648207
1789454266689442300,63.6084423828125,-3.8126273198500273,-8.265976555514335,3.6479973141416906
1789454266699382300,63.61838232421875,-3.9195200068607923,-8.193100704395771,3.698761871217191
1789454266709321700,63.62832177734375,-3.9821670171707866,-8.145452818036079,3.7368887727767226
1789454266719261700,63.63826171875,-3.9974230384916063,-8.123492330640554,3.768265323293209
1789454266729202000,63.648201904296876,-4.00939053966105,-8.109896351486444,3.7848084618151185
1789454266739141600,63.6581416015625,-4.03163978087008,-8.099891674822569,3.782599845854938
1789454266749081900,63.66808178710937,-4.052315489152074,-8.096237828490137,3.76830039460659
1789454266759021800,63.678021728515624,-4.064762006010115,-8.097492212465404,3.752162329754233
1789454266768961800,63.6879619140625,-4.067498737497628,-8.106495018610358,3.7296886321395633
1789454266778901800,63.69790185546875,-4.057645452003181,-8.12368872999549,3.7029105153292416
1789454266788841700,63.707841796875,-4.039320690761507,-8.142119874221086,3.6824183469206093
1789454266798782000,63.717781982421876,-4.025940984706581,-8.154387819641828,3.6698940886512394
1789454266808721700,63.7277216796875,-4.0238641784325235,-8.163079075619578,3.652813482251763
1789454266818661600,63.73766162109375,-4.026730381518602,-8.168677041757107,3.6371059177711604
1789454266828601900,63.747601806640624,-4.030158310140669,-8.170213165283203,3.6298493707716464
1789454266838541800,63.757541748046876,-4.028280533570051,-8.175057682704924,3.621015491452813
1789454266848481500,63.7674814453125,-4.012687827640772,-8.185217257669567,3.615370471303165
1789454266858421800,63.777421875,-4.003268841910362,-8.195199137979746,3.6031878660783168
1789454266868361700,63.78736181640625,-4.014070514170825,-8.20520556820929,3.568220597593486
1789454266878302000,63.79730200195313,-4.035731141836941,-8.218827266326546,3.51200186676532
1789454266888241700,63.80724169921875,-4.044782755559683,-8.246018055590987,3.4370468712851405
1789454266898181600,63.817181640625,-4.044492540441453,-8.288555467069148,3.333513723835349
1789454266908121900,63.827121826171876,-4.04819256400317,-8.330190376749634,3.223418149130046
1789454266918061800,63.83706176757813,-4.046986403083801,-8.3609163544029,3.144420015738904
1789454266928001800,63.84700170898437,-4.044394925285876,-8.379037117505073,3.099190588697791
1789454266937941800,63.856941650390624,-4.0496120754122735,-8.38152250458002,3.0856296808570622
1789454266947881700,63.8668818359375,-4.055220270682871,-8.381508476054668,3.0782918853148815
1789454266957822000,63.87682202148437,-4.02942999586612,-8.394244038987159,3.077461864231527
1789454266967761700,63.88676171875,-3.977446126128733,-8.411264731892944,3.0985441074877977
1789454266977701600,63.89670166015625,-3.9209292891368266,-8.42926975966096,3.1215546884581444
1789454266987641900,63.90664184570313,-3.884496039752662,-8.446949208736418,3.1193124624893067
1789454266997581800,63.91658178710937,-3.8830163225889205,-8.45692465930581,3.094031306238472
1789454267007521800,63.926521728515624,-3.907446122707426,-8.454514091032744,3.069758450247347
1789454267017461800,63.936461669921876,-3.935652518755197,-8.44495014387369,3.0600451577454804
1789454267027401700,63.94640161132813,-3.961966232924163,-8.431825873884558,3.062270724840462
1789454267037342000,63.956342041015624,-3.987983302234113,-8.415484395414591,3.073440353630483
1789454267047281700,63.96628173828125,-4.001829456757009,-8.398996786472201,3.100421591797471
1789454267057221600,63.9762216796875,-4.001239089648426,-8.38463800625205,3.1397926481992005
1789454267067161900,63.98616186523437,-4.039216645865142,-8.391731763905286,3.071474606515467
1789454267077101800,63.996101806640624,-4.148270894823968,-8.419111938261985,2.8426711115822196
1789454267087041800,64.00604174804687,-4.225094899046421,-8.441301558238267,2.6577000363737344
1789454267096981800,64.01598168945313,-4.239319823753833,-8.476438922592997,2.5196371350735425
1789454267106921700,64.02592163085937,-4.22902200936228,-8.518965812677145,2.390183948947489
1789454267116861700,64.03586181640625,-4.211785043357312,-8.559376148998737,2.2734008593022823
1789454267126801700,64.0458017578125,-4.169458352020382,-8.595745685496926,2.213407578371465
1789454267136740600,64.05574072265625,-4.073698176659644,-8.637436124756931,2.229370871178806
1789454267146680800,64.06568090820312,-3.89544764187783,-8.696265914866327,2.3175125343598424
1789454267156620800,64.07562084960938,-3.652504270172119,-8.76133313806057,2.4634593207776545
1789454267166560800,64.08556079101562,-3.4097222265079616,-8.810468632629513,2.6305565933823583
1789454267176500700,64.09550073242187,-3.2144843165680763,-8.83561417980194,2.7873627735972404
1789454267186440700,64.10544067382813,-3.0701313752129673,-8.845119674772024,2.9169395861029623
1789454267196381000,64.115380859375,-2.964394872500002,-8.842912520116567,3.030786330035329
1789454267206320600,64.12532055664063,-2.8925045252874493,-8.829182100927829,3.138369921919703
1789454267216260600,64.13526049804688,-2.8401693578943608,-8.806107514810561,3.2490479726880785
1789454267226200800,64.14520092773438,-2.80022313195318,-8.777953433471918,3.358076210422814
1789454267236140800,64.15514086914062,-2.773331033374369,-8.750043097761273,3.45192090755105
1789454267246080800,64.16508081054687,-2.755292687858641,-8.727266033285856,3.5232883999332785
1789454267256020700,64.17502075195313,-2.731027722913027,-8.71560072993338,3.57074017919898
1789454267265960700,64.18496069335937,-2.6965380088120696,-8.70855256498754,3.6138884160518643
1789454267275901000,64.19490087890625,-2.6631179697692393,-8.696103417780995,3.6682387226596473
1789454267285840600,64.20484057617188,-2.6094524305552245,-8.675501359257101,3.754575820636749
1789454267295780600,64.21478051757812,-2.5190350775271653,-8.661306245166063,3.8479374104231594
1789454267305720800,64.22472094726562,-2.415532179085165,-8.666417889091372,3.9024031601041553
1789454267315660800,64.23466088867187,-2.3490775931857524,-8.669860138499736,3.9351919155061243
1789454267325600800,64.24460083007813,-2.337715510563552,-8.625076993921398,4.038995988851785
1789454267335540700,64.25454077148437,-2.4044496440567076,-8.546784962972998,4.164309883216023
1789454267345480700,64.26448071289063,-2.4831407573252915,-8.461160104918479,4.291055271688103
1789454267355421000,64.2744208984375,-2.5066905597388742,-8.368088437989353,4.456679256869852
1789454267365360600,64.28436059570312,-2.468169982686639,-8.280546932658552,4.638005253574252
1789454267375300600,64.29430053710938,-2.4025445410877464,-8.219296052882076,4.779264028306305
1789454267385240800,64.30424072265625,-2.3238632185608146,-8.197213400411606,4.855486267243325
1789454267395180800,64.31418090820313,-2.2293442754328248,-8.218457263970375,4.863884677754342
1789454267405120800,64.32412084960937,-2.129783977136761,-8.259101409047842,4.839591363497078
1789454267415060700,64.33406079101563,-2.0172379405394194,-8.28875946520865,4.837109191292524
1789454267425000700,64.34400073242188,-1.8585608518861234,-8.28873900694251,4.900301268264651
1789454267434941000,64.35394091796876,-1.6114616756752131,-8.273897411641478,5.011604757454991
1789454267444880600,64.36388061523438,-1.3231838091187178,-8.259542138552666,5.11854654430449
1789454267454820900,64.37382080078125,-1.0981910315800458,-8.223702763408422,5.228294036224484
1789454267464760800,64.3837607421875,-0.9043443568028509,-8.15471865903139,5.3715089134603735
1789454267474700800,64.39370068359375,-0.7235110389862209,-8.055193870440124,5.546236534813046
1789454267484640800,64.40364086914063,-0.5409383301563561,-7.919745535552501,5.758073112854361
1789454267494580700,64.41358081054688,-0.3846793720280751,-7.746590862604975,6.001061200484633
1789454267504520700,64.42352075195312,-0.267999834088888,-7.532327349677682,6.273964533907175
1789454267514461000,64.4334609375,-0.20178409844664855,-7.274904493981599,6.573081920516491
1789454267524400600,64.44340063476562,-0.13817900196053087,-6.98825086762607,6.878636062175035
1789454267534340900,64.4533408203125,-0.010401806772279087,-6.687164226770401,7.173014145302772
1789454267544280800,64.46328076171875,0.15220151769733056,-6.3913938125014305,7.436217337965965
1789454267554220800,64.473220703125,0.23561396039938554,-6.115245798069238,7.662810171112418
1789454267564160800,64.48316088867188,0.15308096741298213,-5.8303048208504915,7.883812052384019
1789454267574100700,64.49310083007812,0.017571847957052522,-5.552466369113326,8.08332690899074
1789454267584041000,64.503041015625,-0.06996642537869047,-5.278024574077129,8.264861872270703
1789454267593980000,64.51297998046876,-0.10463740976410918,-5.002530055117607,8.434106093776226
1789454267603920000,64.522919921875,-0.11772465394479222,-4.75648287217766,8.575105048528313
1789454267613859600,64.53285961914062,-0.14161265707048587,-4.606896414083242,8.656028597024083
1789454267623799800,64.5427998046875,-0.18936125472513957,-4.579711470037698,8.669531052675843
1789454267633739800,64.55273974609375,-0.27845347836297,-4.5630940972357985,8.675888312748073
1789454267643679700,64.5626796875,-0.31537264810055493,-4.523855435042083,8.695152985188365
1789454267653619700,64.57261962890625,-0.33482239478416737,-4.480815334738791,8.71668501803875
1789454267663559700,64.5825595703125,-0.33217575273290273,-4.4539711669549344,8.730531172561644
1789454267673500000,64.5925,-0.32059348802138116,-4.423626297573745,8.746378730034827
1789454267683439600,64.60243969726562,-0.30863596025668083,-4.389120216859877,8.764173329922556
1789454267693379800,64.6123798828125,-0.2882547779418528,-4.356105543747544,8.78132320216596
1789454267703319800,64.62231982421875,-0.24995354272872208,-4.350158033519983,8.78544525053203
1789454267713259800,64.632259765625,-0.18418169666277243,-4.403825910821557,8.760295611706375
1789454267723199700,64.64219970703125,-0.07117855938111897,-4.530688203671574,8.697021117147802
1789454267733139700,64.6521396484375,0.09926950778909958,-4.737897998695075,8.585620012801884
1789454267743080000,64.66207983398438,0.3023095337141305,-5.003841722238064,8.428556642955542
1789454267753020000,64.67202001953125,0.5417375177100301,-5.288635984462499,8.24058550914824
1789454267762959600,64.68195971679687,0.8371109685506671,-5.580421713009477,8.020506003418564
1789454267772899800,64.69189990234375,1.1513845693681388,-5.905904543974995,7.743708000645041
1789454267782839800,64.70183984375,1.617647524703294,-6.230900468206405,7.39793816845417
1789454267792780000,64.71178002929688,2.1091988697476682,-6.507723020899295,7.026464570686221
1789454267802719700,64.7217197265625,2.608408766721189,-6.71327598862648,6.655712272930145
1789454267812659700,64.73165966796876,3.0887840532347557,-6.876470408573747,6.272475756654143
1789454267822600000,64.74159985351562,3.5523438140258192,-6.999308268213272,5.87885228639841
1789454267832540000,64.75153979492187,3.9592669108375906,-7.06186380084753,5.533955145388841
1789454267842479600,64.76147973632813,4.238908320343494,-7.079425761023163,5.2994128145426505
1789454267852419800,64.771419921875,4.356190299421549,-7.081343577343225,5.200823845496774
1789454267862359800,64.78135986328125,4.323650842605531,-7.089323470181227,5.217080568292737
1789454267872300000,64.79130004882812,4.202237755072116,-7.122911851528286,5.270267968600988
1789454267882239700,64.80123974609376,4.066628676664829,-7.181202712455391,5.29747512447834
1789454267892179700,64.8111796875,3.9605592887356873,-7.225940264326334,5.316967760455608
1789454267902120000,64.82111987304687,3.9026971746146675,-7.236279872032999,5.345613424703479
1789454267912060000,64.83105981445313,3.89333021133244,-7.180139467138051,5.42752072353959
1789454267921999600,64.84099951171875,3.9514880935296413,-7.028726085877418,5.581500740417837
1789454267931939800,64.85093994140625,4.081031880548596,-6.755528153422475,5.820517586329579
1789454267941879800,64.8608798828125,4.249130731411278,-6.341814081296325,6.156027305790782
1789454267951819800,64.87081982421876,4.444305512987077,-5.787956209942698,6.551189237660169
1789454267961759700,64.880759765625,4.656693002909422,-5.114319866520166,6.9519286774009466
1789454267971699700,64.89069970703125,4.881060853482783,-4.352097477149963,7.3078650988191365
1789454267981640000,64.90063989257813,5.127469855472445,-3.535868772304058,7.574765392434597
1789454267991579600,64.91057958984375,5.423837066590786,-2.7010700992837546,7.71081052417159
1789454268001518800,64.92051879882813,5.797186395102739,-1.8850896701104938,7.681761539819836
1789454268011458800,64.93045874023437,6.244764742907881,-1.1184026294816285,7.478133987197279
1789454268021398800,64.94039868164063,6.738692753955721,-0.41623708779774604,7.112465276315808
1789454268031338800,64.9503388671875,7.247089435338974,0.2161715019730851,6.603283582034707
1789454268041278700,64.96027880859376,7.709301288652419,0.7775297024868428,6.0110319748789065
1789454268051218700,64.97021875,8.092326792526245,1.2732657858699559,5.391050064754486
1789454268061159000,64.98015893554688,8.39211696383059,1.7242600795984266,4.771758474981785
1789454268071099000,64.99009887695313,8.609989899426699,2.1482862869024277,4.174125467048585
1789454268081038600,65.00003857421875,8.743396499353647,2.547223061135411,3.6380011130452155
1789454268090978800,65.00997875976563,8.800909361645578,2.9132798945516347,3.197995246320963
1789454268100918800,65.01991870117187,8.810339453291892,3.2242993158787487,2.8552055989846585
1789454268110859000,65.02985888671876,8.802245578685403,3.4428894598335025,2.6148355848982927
1789454268120798700,65.039798828125,8.805873706054687,3.581693242628872,2.4079969612747427
1789454268130738700,65.04973876953125,8.82283886938095,3.665660104343295,2.2115217646248637
1789454268140679000,65.05967895507813,8.846649953079224,3.7151685238778587,2.0260043075799943
1789454268150619000,65.06961889648437,8.875514813035727,3.745372231222689,1.835157472205907
1789454268160558600,65.07955859375,8.911247220674156,3.760308811330795,1.6186821284480393
1789454268170498800,65.08949877929687,8.954702331519126,3.7614179416164752,1.3547797014743088
1789454268180438800,65.09943872070312,9.005409605449438,3.744924779716134,1.023971437702328
1789454268190379000,65.10937890625,9.057722561010717,3.7008760868921873,0.6569318768590688
1789454268200318000,65.11931787109376,9.10794234368503,3.62250339192301,0.30536048224996776
1789454268210257700,65.12925756835938,9.160957310035824,3.4996026961803435,0.0050251752140087775
1789454268220198000,65.13919799804688,9.220715320906043,3.3308588254123923,-0.23275603195130823
1789454268230137900,65.14913793945313,9.282071414622663,3.1343130477443335,-0.43545276999715715
1789454268240077800,65.15907788085937,9.340939198654889,2.924042696106434,-0.6059840721711516
1789454268250017800,65.16901782226563,9.40020738018155,2.702807882861793,-0.7080347990434617
1789454268259957800,65.17895776367187,9.462477666133642,2.472611764526367,-0.7197881460055708
1789454268269897700,65.18889770507812,9.526232053163648,2.23836169462502,-0.6411128878932446
1789454268279838000,65.198837890625,9.58639104605019,2.008511028726399,-0.4872086761975661
1789454268289777700,65.20877758789062,9.634914546200633,1.8040147304452954,-0.2903998454128392
1789454268299718000,65.2187177734375,9.666543610173463,1.6496726022563875,-0.08306982154315337
1789454268309657900,65.22865795898437,9.679920393618941,1.5683813894920051,0.09853110137879847
1789454268319597800,65.23859790039063,9.677997316601871,1.5693148709498346,0.20977429348295554
1789454268329537800,65.24853784179687,9.664481416946648,1.6459868994809685,0.24271604748954995
1789454268339477800,65.25847778320312,9.638708093264698,1.7918476150505245,0.23446460770117117
1789454268349417700,65.26841772460938,9.602432080268859,1.9793078767262398,0.21453195460513233
1789454268359358000,65.27835791015625,9.5603932659626,2.1744950793921944,0.20206813955241812
1789454268369297700,65.28829760742188,9.513178510323167,2.37285155974403,0.19846869028834624
1789454268379238000,65.29823779296875,9.458152204149961,2.5855349638730285,0.16956190915256739
1789454268389177900,65.308177734375,9.391132093322277,2.8232284522265196,0.08002722984370775
1789454268399117800,65.31811791992187,9.306278804162144,3.0915447501197457,-0.07688712345338426
1789454268409057800,65.32805786132812,9.198741389507054,3.387348774397373,-0.2817934547069482
1789454268418997800,65.33799780273438,9.068072690111398,3.6982051141172647,-0.5135406201429665
1789454268428938000,65.34793798828125,8.919321221536398,4.007319286344945,-0.7466520414032042
1789454268438877700,65.35787768554688,8.757138024458289,4.309591629853845,-0.9541194644495844
1789454268448817700,65.36781762695313,8.58288620392382,4.610980176265538,-1.1150398019850254
1789454268458758000,65.3777578125,8.40035872247517,4.916612936118245,-1.1963579027563334
1789454268468697900,65.38769775390625,8.214929674366116,5.229277202042937,-1.1575718066357075
1789454268478637600,65.39763745117187,8.02202342224419,5.549357297182083,-1.0110193824749438
1789454268488577800,65.40757788085938,7.815697132056951,5.867703700396418,-0.8095191972699016
1789454268498517800,65.41751782226562,7.600524687591195,6.166827516746521,-0.6104481754405424
1789454268508458000,65.4274580078125,7.400196176514029,6.418132181823253,-0.46375104557946323
1789454268518397700,65.43739770507813,7.233719081634282,6.610036563426256,-0.38872926847338674
1789454268528337700,65.44733764648437,7.101171144363284,6.75328008223474,-0.3700790016043931
1789454268538276900,65.45727685546875,6.997562301328778,6.859941298577189,-0.3817052150554955
1789454268548216800,65.467216796875,6.920894656711816,6.934545580923557,-0.42858306689076126
1789454268558156800,65.47715673828125,6.870331175166368,6.979303591060638,-0.508195642385818
1789454268568096800,65.4870966796875,6.8452908419340845,6.999093748679757,-0.5701483868213371
1789454268578036700,65.49703662109376,6.842070126321912,6.998162605309486,-0.6182065710149705
1789454268587976700,65.50697680664062,6.854373727577924,6.981180490848422,-0.6716165280327201
1789454268597917000,65.5169169921875,6.871499634423851,6.957492741268873,-0.739031921788305
1789454268607856600,65.52685668945313,6.882320888167619,6.938546633258461,-0.8127827291104942
1789454268617796900,65.536796875,6.881154182475805,6.931736953243613,-0.8781387791834772
1789454268627736800,65.54673681640625,6.8695560991406435,6.937454746368527,-0.9226621037818491
1789454268637676800,65.5566767578125,6.854052240538596,6.948608008545636,-0.9535144842937588
1789454268647616800,65.56661669921876,6.848409850737452,6.951312591329216,-0.97412757566832
1789454268657556700,65.576556640625,6.867263604289293,6.931494376659393,-0.9825784470189363
1789454268667497000,65.5864970703125,6.917184111756086,6.881935688242316,-0.9807697901617735
1789454268677437000,65.59643701171875,6.9752592841058965,6.822633019924163,-0.9837751825228332
1789454268687376600,65.60637670898437,7.039989822691679,6.75549951184988,-0.9859793415036052
1789454268697316900,65.61631689453125,7.101731116333603,6.68934683150649,-0.9942056833833456
1789454268707257600,65.62625756835938,7.154263852125406,6.630969461339712,-1.0085351644437759
1789454268717197300,65.636197265625,7.1997653741061685,6.579988631165027,-1.0185877719026057
1789454268727137500,65.64613745117188,7.242282327318191,6.534024752369523,-1.0130410244956611
1789454268737077500,65.65607739257813,7.284430447217821,6.491093373137712,-0.9864908712223172
1789454268747017700,65.66601782226563,7.3276312910407775,6.449163279902935,-0.940475116109103
1789454268756957400,65.67595751953125,7.366209735760092,6.41287849907875,-0.8856159101311117
1789454268766897400,65.6858974609375,7.390971252050996,6.391292690214514,-0.8338502131890505
1789454268776837600,65.69583764648438,7.396598444283008,6.390284974476694,-0.7905527040585875
1789454268786777600,65.70577758789062,7.382230311712622,6.411002768334746,-0.7563817735832185
1789454268796717300,65.71571728515624,7.350264563131332,6.4505813300073145,-0.7307482236981392
1789454268806657500,65.72565747070313,7.30355015822947,6.505995174193382,-0.7075116519521921
1789454268816597500,65.73559741210937,7.242202832341194,6.576822276088595,-0.6828569570366293
1789454268826537700,65.74553784179687,7.166155949971079,6.6625669611305,-0.6533018497936427
1789454268836477400,65.7554775390625,7.07618634071052,6.761445853033662,-0.6170991212297231
1789454268846417400,65.76541748046876,6.9726271820366374,6.8712892065435645,-0.581587334072031
1789454268856357600,65.77535766601562,6.856295635551214,6.989599944147467,-0.5541523242555558
1789454268866297600,65.78529760742188,6.733242671856284,7.109534483560919,-0.5369892637370154
1789454268876237600,65.79523754882813,6.61743310341835,7.21783411476016,-0.5318159162197261
1789454268886177500,65.80517749023437,6.520774810174107,7.304517541956901,-0.5421235578855499
1789454268896116500,65.81511645507813,6.45191287087202,7.364722712072729,-0.5514282330539078
1789454268906056400,65.82505639648437,6.4148629508942365,7.397084766495228,-0.5505071726862341
1789454268915996700,65.83499658203125,6.407464657336473,7.4039347785204646,-0.5445504927715287
1789454268925936400,65.84493627929687,6.4225698720097535,7.391152453836798,-0.5402195874277502
1789454268935876600,65.85487670898438,6.452072445347905,7.365494865489006,-0.5390983283128589
1789454268945816600,65.86481665039062,6.488562977877259,7.333181326383352,-0.5416584245918318
1789454268955756500,65.87475659179688,6.52535746178925,7.300059393504261,-0.5470175404721871
1789454268965696500,65.88469653320313,6.557022766119242,7.271222006076574,-0.5524290075942874
1789454268975636500,65.89463647460937,6.579158610081672,7.2512167444020506,-0.5521867232710123
1789454268985576700,65.90457666015625,6.588664689573645,7.2434870269328355,-0.5401587240859865
1789454268995516400,65.91451635742187,6.5840440440356724,7.249310033997893,-0.517945065646991
1789454269005456400,65.92445629882812,6.5651756774365895,7.268010642814636,-0.4948561587434262
1789454269015396600,65.93439672851562,6.534000202450156,7.297019879677891,-0.48033608701433983
1789454269025336600,65.94433666992188,6.495716941285133,7.33146867724657,-0.47499081699624657
1789454269035276300,65.9542763671875,6.456637561306357,7.365602417516708,-0.47970147890523074
1789454269045216500,65.96421655273437,6.423880370086431,7.393096573641896,-0.4962458960687741
1789454269055156500,65.97415649414063,6.402745227599143,7.4095175470888615,-0.5237140044372528
1789454269065096700,65.9840966796875,6.395976464116573,7.413158533939718,-0.5540347257578745
1789454269075036400,65.99403637695312,6.404931339466572,7.403837163364887,-0.5748319049950689
1789454269084976400,66.00397631835938,6.429114179086684,7.382511466741562,-0.5791315384177491
1789454269094916600,66.01391650390624,6.465369149294495,7.351460494917631,-0.5704479177571833
1789454269104856600,66.02385668945313,6.508840626752376,7.314024205970764,-0.5571636714333668
1789454269114796300,66.03379638671875,6.555696485951542,7.2729019219875335,-0.5460154507575556
1789454269124736500,66.04373657226563,6.603152064609527,7.230266310831904,-0.5403866510903462
1789454269134676500,66.05367651367187,6.649469579148292,7.1876640174239865,-0.5407596856538206
1789454269144616700,66.06361669921876,6.6949477202534675,7.145039512184262,-0.5444892275709659
1789454269154556400,66.07355639648438,6.73886226530373,7.10352852114439,-0.5458981445208192
1789454269164496400,66.08349633789062,6.781777862444519,7.0629001581579445,-0.54158711292129
1789454269174436600,66.0934365234375,6.824180249366163,7.0227096020668744,-0.5315000186709686
1789454269184376600,66.10337646484375,6.864990398660302,6.983759985947609,-0.5190301940025761
1789454269194316500,66.11331665039063,6.902436624479294,6.947528981137276,-0.5085149009354413
1789454269204256500,66.12325659179687,6.934652548429369,6.915805224618316,-0.5026125815564766
1789454269214196500,66.13319653320312,6.959839596655964,6.890330591621995,-0.5043505112649873
1789454269224136700,66.14313671875,6.977615491843223,6.871530614084005,-0.5151039604695513
1789454269234076400,66.15307641601562,6.98955785857141,6.858206437608599,-0.5305485631650313
1789454269244016400,66.16301635742188,6.997382853108644,6.84921532190144,-0.5433832025578246
1789454269253956600,66.17295654296875,7.001637587943673,6.844229934704304,-0.5513275856910274
1789454269263896600,66.182896484375,7.002605556192994,6.842869167745113,-0.5559245946250856
1789454269273836500,66.19283642578125,7.002242568099498,6.842826497647166,-0.560986408059299
1789454269283776500,66.20277661132812,7.002917690882087,6.841452286684513,-0.5692722615739331
1789454269293716500,66.21271655273438,7.005569666695594,6.837740572685003,-0.5811120081778616
1789454269303656700,66.22265673828124,7.01081867326498,6.8311354753315445,-0.5952991946907714
1789454269313596400,66.23259643554688,7.018764663833379,6.821765004917979,-0.6089732440497726
1789454269323536400,66.24253637695313,7.030479651546478,6.808660608673096,-0.6203923175562173
1789454269333476600,66.2524765625,7.047999526146054,6.789837834781408,-0.6278476750634611
1789454269343416600,66.26241650390625,7.073298218053579,6.762870332878828,-0.6343720353309065
1789454269353356500,66.2723564453125,7.106331303605437,6.727077719485759,-0.6456511889100074
1789454269363296500,66.28229663085938,7.145373858705162,6.683811993733048,-0.6638333998758346
1789454269373236500,66.29223657226562,7.188415128052235,6.6349325197517866,-0.6890189867977052
1789454269383176400,66.30217651367188,7.232794368004798,6.583486410152911,-0.7174783346932381
1789454269393116400,66.31211645507813,7.276840430480242,6.532063096907734,-0.7417104933477938
1789454269403056600,66.322056640625,7.319883453392982,6.482312100788951,-0.7545363649122416
1789454269412996600,66.33199658203125,7.360324769374728,6.4364131039232015,-0.7540466086339205
1789454269422936300,66.34193627929687,7.396168820694088,6.396845648166537,-0.739888977009058
1789454269432876500,66.35187646484376,7.424965876111388,6.366523575139046,-0.7124875406686216
1789454269442816500,66.36181640625,7.44394822447896,6.348266033914685,-0.6764139183770865
1789454269452756500,66.37175659179688,7.45370214125216,6.3405065058290955,-0.6408448846068233
1789454269462696400,66.38169653320313,7.455927416086197,6.34059067698121,-0.6135553111430258
1789454269472636400,66.39163647460937,7.4514616688489905,6.347299234709143,-0.5982505553096532
1789454269482576600,66.40157666015625,7.4418638194203375,6.358958692842721,-0.5938819848366081
1789454269492516600,66.4115166015625,7.429779413872957,6.372846932941675,-0.5963099791685119
1789454269502456300,66.42145629882812,7.417059048509597,6.387127971750497,-0.6018465705076232
1789454269512396500,66.431396484375,7.4024933475404975,6.403211091545224,-0.6102136725649238
1789454269522336500,66.44133642578124,7.383757667410373,6.423346701601147,-0.6254041543688624
1789454269532275500,66.451275390625,7.359346279731392,6.448767558583617,-0.6510043865062296
1789454269542216400,66.46121655273437,7.3293719972282645,6.4792831083565945,-0.6852584652204066
1789454269552155400,66.4711552734375,7.295019645771384,6.51411067610979,-0.7207183395277709
1789454269562095400,66.48109545898437,7.2595736538589,6.550424683028459,-0.748941759775579
1789454269572035600,66.49103564453125,7.22913643001914,6.582510258597135,-0.7619269135549664
1789454269581975600,66.5009755859375,7.209681787964701,6.604339228567481,-0.7573457232445479
1789454269591915500,66.51091552734376,7.202479893761873,6.613789193958044,-0.7432792039692402
1789454269601855500,66.52085546875,7.206238369512557,6.611017975679039,-0.7314028882145881
1789454269611795500,66.53079541015624,7.219073301166295,6.597232611432672,-0.7293008013688027
1789454269621735700,66.54073559570313,7.2382228227943175,6.5752727085590355,-0.7377610981348901
1789454269631675400,66.55067529296875,7.259575407424569,6.549872309842705,-0.7537360813800245
1789454269641615600,66.56061572265625,7.278798578810691,6.526397326231002,-0.771759667718038
1789454269651555600,66.5705556640625,7.292735334226489,6.509207706499099,-0.7852462682135403
1789454269661495600,66.58049560546876,7.300184481188654,6.500352784392237,-0.7893762076251208
1789454269671435500,66.590435546875,7.29991267850995,6.501195080435275,-0.7849337681982665
1789454269681375500,66.60037548828124,7.291289227071404,6.511851499006152,-0.7767090337537229
1789454269691315500,66.6103154296875,7.276010993918776,6.529577125310897,-0.7711496460609137
1789454269701255700,66.62025561523437,7.257440148961543,6.5498384075731035,-0.7743168048549443
1789454269711195000,66.63019482421875,7.240110243976115,6.567160713773966,-0.7896729986146092
1789454269721134800,66.640134765625,7.228656537547707,6.576461626082659,-0.8167378234118222
1789454269731075000,66.65007495117187,7.2249600211173295,6.576055967891216,-0.8519532214388251
1789454269741015000,66.66001513671876,7.228042789563537,6.5677224393099545,-0.8892708524420857
1789454269750955000,66.669955078125,7.2353563274472945,6.555304856285453,-0.9208614110354334
1789454269760895000,66.67989501953124,7.243680503678322,6.5432625363141295,-0.9408430726386606
1789454269770835000,66.6898349609375,7.249317632782459,6.535923279467225,-0.9484164305023849
1789454269780775200,66.69977514648437,7.249612231814861,6.5357338943749665,-0.9474640251483768
1789454269790715000,66.70971484375,7.2428797086894505,6.543581100744008,-0.9447867687631398
1789454269800655000,66.71965502929687,7.22894938301444,6.55838762473166,-0.9488016304276883
1789454269810595000,66.72959497070312,7.210847324612736,6.576076426157355,-0.9639964230805634
1789454269820535000,66.73953515625,7.192257774955034,6.592831161603331,-0.9881284092962741
1789454269830475000,66.74947509765624,7.176944470489024,6.605268033850193,-1.0160141220223158
1789454269840415000,66.7594150390625,7.168231002679467,6.610609394878149,-1.0424456173520535
1789454269850355000,66.76935498046875,7.166568037903309,6.609204788777232,-1.062586415039748
1789454269860295200,66.77929516601563,7.170864273792505,6.602286387690901,-1.0765251432169227
1789454269870235000,66.78923486328125,7.180407178163528,6.590098521769046,-1.0875370972272007
1789454269880175000,66.79917504882812,7.195292028084397,6.572268266046047,-1.0970208918221294
1789454269890115000,66.80911499023438,7.215200259125233,6.54921004654169,-1.104133061914891
1789454269900055000,66.81905493164062,7.238561260968447,6.522784980952739,-1.1076465499285608
1789454269909995000,66.8289951171875,7.263546649143099,6.495232957160472,-1.105996663829684
1789454269919935000,66.83893505859375,7.289577162456512,6.468249088644981,-1.092800205387175
1789454269929875000,66.848875,7.3131357326984405,6.446562742015719,-1.0631357194855808
1789454269939815200,66.85881518554687,7.326667998966574,6.437299239107966,-1.0254251436419783
1789454269949755000,66.8687548828125,7.335465637928247,6.434614530068636,-0.9782948514156043
1789454269959695000,66.87869506835938,7.344396547880768,6.4319397579014295,-0.9275602510869503
1789454269969635000,66.88863500976562,7.352812494048476,6.427194609200954,-0.8931396566994487
1789454269979575000,66.89857495117188,7.359698161908984,6.420142937123775,-0.8871268261507153
1789454269989515000,66.90851489257813,7.371030287784338,6.405093252030015,-0.9017099897112697
1789454269999455000,66.918455078125,7.391580908381939,6.378294676953554,-0.9231917536791413
1789454270009395200,66.92839526367187,7.419104290601611,6.342932271671295,-0.9457748299524188
1789454270019335000,66.9383349609375,7.450114930415153,6.30403701608777,-0.9619194706760347
1789454270029275000,66.94827490234375,7.481317877930402,6.2667866051018235,-0.9631430941868573
1789454270039215000,66.95821508789062,7.507796135011315,6.237403274229169,-0.9477244296502322
1789454270049155000,66.96815502929688,7.522558819857239,6.223474702119827,-0.9218765794273466
1789454270059094800,66.9780947265625,7.519210678473114,6.23059417873621,-0.9008627982974052
1789454270069035000,66.98803491210937,7.493955241185426,6.261258197069168,-0.8986999211750925
1789454270078975000,66.99797509765625,7.4477125454485416,6.313393457975983,-0.9181689570810645
1789454270088915200,67.00791528320312,7.3863628814727065,6.380028953400254,-0.9525039920769631
1789454270098855000,67.01785498046875,7.317983172729611,6.452347170636058,-0.9923313408788293
1789454270108795000,67.027794921875,7.251271104937792,6.521158841055631,-1.031472972438857
1789454270118735000,67.03773510742188,7.194555530503392,6.577543576100468,-1.069896664987877
1789454270128675000,67.04767504882813,7.152381691640615,6.616717648625373,-1.11034324166663
1789454270138615000,67.05761499023437,7.124824407151341,6.638371846550703,-1.1572765500161797
1789454270148555000,67.06755493164063,7.111373389425873,6.642471098563075,-1.2150442638520151
1789454270158495000,67.07749487304687,7.112008180198073,6.629727936846018,-1.2792283475361763
1789454270168435200,67.08743530273438,7.129065697982907,6.599755992430448,-1.3379187291748822
1789454270178375000,67.097375,7.165691839590668,6.551987694561481,-1.376483729890734
1789454270188315000,67.10731494140624,7.223657706347107,6.4862587925881146,-1.3847731270693242
1789454270198255000,67.11725512695313,7.300795306563377,6.404834893354773,-1.3589914739504456
1789454270208195000,67.12719506835937,7.39044109069705,6.312854528793692,-1.3037011100135742
1789454270218135000,67.13713500976563,7.483569456249475,6.217584475037455,-1.228091596147418
1789454270228075000,67.14707495117187,7.571443554535508,6.1265901989042755,-1.1439098495732993
1789454270238015000,67.15701489257812,7.646672106260061,6.047156012183428,-1.0633389869727194
1789454270247955200,67.166955078125,7.707023406848311,5.981935059732199,-0.9942959189500659
1789454270257895000,67.17689501953124,7.7534186627984045,5.9302598175525665,-0.9417548537213355
1789454270267835000,67.1868349609375,7.785838000366091,5.892815345299244,-0.9087601274184882
1789454270277775000,67.19677514648437,7.804955373290181,5.869524486082792,-0.8954002220425754
1789454270287715000,67.20671508789063,7.81101920337379,5.860937275001406,-0.8987657529529184
1789454270297656000,67.21665600585938,7.80411658437848,5.86771831344366,-0.9143488142710179
1789454270307596000,67.22659594726562,7.785273936742544,5.889306460395455,-0.9359300930906087
1789454270317536000,67.23653588867188,7.7557339540034524,5.924633209842443,-0.9579667144622653
1789454270327476000,67.24647607421875,7.715876575389504,5.973283551242948,-0.977505600734055
1789454270337416000,67.256416015625,7.666819406753778,6.033374739590287,-0.9943088514968752
1789454270347356200,67.26635620117187,7.61093911409974,6.101107967123389,-1.0101823471289126
1789454270357295900,67.2762958984375,7.551138433131575,6.172076523315906,-1.0277017833370714
1789454270367235800,67.28623583984376,7.489792276287078,6.242663386714458,-1.050021897825226
1789454270377176000,67.29617602539062,7.430591314777732,6.308388197034597,-1.0774687807425856
1789454270387116000,67.30611596679688,7.378077868208289,6.364664795529842,-1.1069743497554212
1789454270397056000,67.31605590820313,7.336250066304206,6.40767566973865,-1.1364463087596
1789454270406996000,67.32599584960937,7.3084788468033075,6.43397214051187,-1.1664110197167843
1789454270416936000,67.33593603515625,7.298762339431047,6.439625051707029,-1.1956945434767752
1789454270426876200,67.34587622070312,7.310124860444665,6.422192855390906,-1.2197976689241825
1789454270436816000,67.35581591796876,7.343007723870873,6.381783688113093,-1.234286943656206
1789454270446756000,67.36575610351562,7.393739547720551,6.322466406747698,-1.2366970735378562
1789454270456696000,67.37569604492188,7.457329099577665,6.249988030514121,-1.2232234055891633
1789454270466636000,67.38563598632813,7.528460152855515,6.170520526045561,-1.1905278814285993
1789454270476576000,67.39557592773437,7.599556719341874,6.092496790644526,-1.1395653175629674
1789454270486516000,67.40551586914063,7.660973018813133,6.0262441570580005,-1.0790076076824218
1789454270496456000,67.4154560546875,7.704485412803292,5.980576046338677,-1.0217590954151003
1789454270506396200,67.42539624023438,7.724919129022956,5.961690728604793,-0.9768604346983134
1789454270516335900,67.4353359375,7.721061869072914,5.9715124499171965,-0.9469066835265606
1789454270526276000,67.44527612304688,7.696293923041224,6.005833237192034,-0.931350948606804
1789454270536216000,67.45521606445313,7.657036848407984,6.056355802205204,-0.9277497823096811
1789454270546156000,67.46515600585937,7.610207877215743,6.114450263777375,-0.9319959685120731
1789454270556096000,67.47509594726563,7.563883932936191,6.170815709599852,-0.9375902083225548
1789454270566036000,67.48503588867187,7.52436557701826,6.218591021731496,-0.9399063763104378
1789454270575976000,67.49497583007812,7.494192557072639,6.255185599157214,-0.938140608746931
1789454270585916200,67.50491625976562,7.473242708024382,6.280577230045199,-0.9356200772933662
1789454270595856000,67.51485595703124,7.459852480575442,6.296344708019495,-0.9364970793236046
1789454270605796000,67.52479614257813,7.45138977265656,6.305296660760044,-0.9436127565477043
1789454270615736000,67.53473608398437,7.44512194443345,6.310555019679665,-0.9578292787529528
1789454270625676000,67.54467602539063,7.438630244326591,6.315014921697974,-0.9786514828335493
1789454270635616000,67.55461596679687,7.430251707559823,6.320659065064787,-1.0054904629856347
1789454270645556000,67.56455590820312,7.4196362055212255,6.32783465578258,-1.0382130943488328
1789454270655496200,67.57449609375,7.4072256367594,6.336255278125405,-1.0748349251076579
1789454270665436000,67.58443579101562,7.395470901557803,6.344026496648788,-1.1093790728095918
1789454270675375900,67.5943759765625,7.38881845793128,6.347283452618122,-1.134784513027221
1789454270685317000,67.60431713867187,7.394034731274843,6.339199514883756,-1.1459412092704324
1789454270695256800,67.6142568359375,7.416003401976823,6.314530937573314,-1.1401638679780066
1789454270705197000,67.62419702148438,7.454687645158171,6.272573956331611,-1.119302208669856
1789454270715137000,67.63413696289062,7.506184023639559,6.215951320877671,-1.0906586633138358
1789454270725077000,67.64407690429688,7.56444507395029,6.149879304555058,-1.0623222842108457
1789454270735017000,67.65401684570313,7.624616341796517,6.079513974952698,-1.036881991875544
1789454270744957000,67.66395703125,7.682708465281128,6.010160452741384,-1.012100382644683
1789454270754897200,67.67389721679687,7.733990324229001,5.948376489001512,-0.9862013136912137
1789454270764837000,67.68383715820312,7.774189063626527,5.900119530832767,-0.9596689152702689
1789454270774776800,67.69377685546876,7.799315906098484,5.870607605144381,-0.936491307169944
1789454270784717000,67.70371704101562,7.8067013401746745,5.862707791805267,-0.9243638661984354
1789454270794657000,67.71365698242188,7.795400193959474,5.877045529237389,-0.9286843597460538
1789454270804597000,67.72359692382813,7.7673741229146716,5.9106923627734185,-0.9497365001250058
1789454270814537000,67.73353686523437,7.726445900198817,5.958624326771497,-0.9834696237049996
1789454270824477000,67.74347680664063,7.678986229887604,6.012868542656302,-1.0241926792375742
1789454270834417200,67.75341723632812,7.633008322566747,6.064017130613327,-1.0654893699396402
1789454270844357000,67.76335717773438,7.597310401719808,6.102329033350944,-1.101290531965345
1789454270854296800,67.773296875,7.578499902787804,6.120853701078891,-1.1277707618076354
1789454270864237000,67.78323706054688,7.577694431623816,6.119071493837237,-1.1427589259725064
1789454270874177000,67.79317700195313,7.592702031141519,6.099824357053637,-1.1460392628174274
1789454270884117200,67.8031171875,7.618979797214269,6.0682876475393766,-1.1390407091669739
1789454270894057000,67.81305688476563,7.650503647246956,6.031511868327856,-1.1229624847430735
1789454270903997000,67.82299682617187,7.682168367055058,5.9955088270545005,-1.0993392517670988
1789454270913937200,67.83293725585938,7.710361026838421,5.9645174764633175,-1.0701602843601257
1789454270923878000,67.8428779296875,7.7335723910778755,5.940034777113795,-1.0383774180650711
1789454270933818000,67.85281811523437,7.751482141777872,5.921343520647287,-1.0112358747698367
1789454270943758000,67.86275805664063,7.764010783961415,5.907627714505791,-0.9952183675572276
1789454270953697800,67.87269775390625,7.771344195589423,5.898467087450623,-0.9923108826126903
1789454270963638000,67.88263793945312,7.775168722313642,5.8922150413185355,-0.999469595260918
1789454270973578000,67.89257788085938,7.777050298276543,5.887604332652688,-1.011921592011675
1789454270983518200,67.90251831054688,7.778171995782852,5.884185464119911,-1.023127241963148
1789454270993458000,67.9124580078125,7.779242839884757,5.882278753715753,-1.0259405458182096
1789454271003398000,67.92239794921875,7.779908025795221,5.882914713531732,-1.0172183101803063
1789454271013338000,67.93233813476563,7.777699702095985,5.888637767353654,-1.0008598075103015
1789454271023278000,67.94227807617187,7.768625584280491,5.90322860276401,-0.9852557034041732
1789454271033217800,67.9522177734375,7.7495590647608035,5.929342118185758,-0.9785805364891886
1789454271043158000,67.96215795898438,7.718664744803309,5.96800005788207,-0.9877103300146758
1789454271053098000,67.97209790039062,7.677887328734993,6.0159121481359,-1.0145098549392073
1789454271063038200,67.9820380859375,7.631839278787374,6.067315587636828,-1.0550330039855091
1789454271072978000,67.99197802734375,7.587248441910743,6.114668290442228,-1.1022185335304588
1789454271082918000,68.00191796875,7.552170698788761,6.149497027239203,-1.1483869949873535
1789454271092858000,68.01185815429687,7.532137380063533,6.167253633204102,-1.184179608380422
1789454271102798800,68.021798828125,7.529509369647503,6.166920455726981,-1.2024833998993039
1789454271112739000,68.03173901367188,7.543850614210963,6.150047062337398,-1.199009732439369
1789454271122679000,68.04167895507813,7.571243648049235,6.121122581148147,-1.174098943870887
1789454271132619000,68.05161889648437,7.605971262559295,6.086134269875288,-1.1307330456793308
1789454271142559000,68.06155908203125,7.639911526083946,6.053601535061001,-1.07519257943891
1789454271152499000,68.0714990234375,7.666095768654346,6.031245910868049,-1.0126371198698878
1789454271162439200,68.08143920898438,7.686687305784225,6.01718114515841,-0.9374171898432075
1789454271172379100,68.09137915039062,7.701167082035541,6.010638007125258,-0.8571117001805454
1789454271182318800,68.10131884765624,7.703128737497329,6.016168753245473,-0.798690344741568
1789454271192259000,68.11125903320313,7.689386627870798,6.03540186150372,-0.7859011519256979
